dataset,position,case_id,center_edge_id,subset_index,label,stratum_id,population_size,sample_size,weight
HI-Small,0,amlc_00000,e_4063050,374,1,illicit,1251,1251,1.0
HI-Small,1,amlc_00001,e_4063452,776,0,easy_t3,334638,713,469.33800841514727
HI-Small,2,amlc_00002,e_4064375,1699,0,easy_t2,344779,713,483.5610098176718
HI-Small,3,amlc_00003,e_4064714,2038,0,easy_t3,334638,713,469.33800841514727
HI-Small,4,amlc_00004,e_4064896,2220,0,easy_t1,334638,713,469.33800841514727
HI-Small,5,amlc_00005,e_4064922,2246,1,illicit,1251,1251,1.0
HI-Small,6,amlc_00006,e_4064967,2291,1,illicit,1251,1251,1.0
HI-Small,7,amlc_00007,e_4065031,2355,1,illicit,1251,1251,1.0
HI-Small,8,amlc_00008,e_4065262,2586,0,easy_t2,344779,713,483.5610098176718
HI-Small,9,amlc_00009,e_4065987,3311,1,illicit,1251,1251,1.0
HI-Small,10,amlc_00010,e_4066131,3455,0,easy_t2,344779,713,483.5610098176718
HI-Small,11,amlc_00011,e_4066449,3773,1,illicit,1251,1251,1.0
HI-Small,12,amlc_00012,e_4066786,4110,0,easy_t1,334638,713,469.33800841514727
HI-Small,13,amlc_00013,e_4066825,4149,0,easy_t2,344779,713,483.5610098176718
HI-Small,14,amlc_00014,e_4067535,4859,0,easy_t3,334638,713,469.33800841514727
HI-Small,15,amlc_00015,e_4068283,5607,0,easy_t1,334638,713,469.33800841514727
HI-Small,16,amlc_00016,e_4068367,5691,0,easy_t3,334638,713,469.33800841514727
HI-Small,17,amlc_00017,e_4069014,6338,0,easy_t3,334638,713,469.33800841514727
HI-Small,18,amlc_00018,e_4069088,6412,0,easy_t1,334638,713,469.33800841514727
HI-Small,19,amlc_00019,e_4069358,6682,0,easy_t1,334638,713,469.33800841514727
HI-Small,20,amlc_00020,e_4069594,6918,0,easy_t1,334638,713,469.33800841514727
HI-Small,21,amlc_00021,e_4069707,7031,0,easy_t3,334638,713,469.33800841514727
HI-Small,22,amlc_00022,e_4069897,7221,0,easy_t2,344779,713,483.5610098176718
HI-Small,23,amlc_00023,e_4070747,8071,0,easy_t1,334638,713,469.33800841514727
HI-Small,24,amlc_00024,e_4071549,8873,0,easy_t1,334638,713,469.33800841514727
HI-Small,25,amlc_00025,e_4072407,9731,0,easy_t2,344779,713,483.5610098176718
HI-Small,26,amlc_00026,e_4072497,9821,0,easy_t3,334638,713,469.33800841514727
HI-Small,27,amlc_00027,e_4072529,9853,0,easy_t2,344779,713,483.5610098176718
HI-Small,28,amlc_00028,e_4072742,10066,0,easy_t3,334638,713,469.33800841514727
HI-Small,29,amlc_00029,e_4072970,10294,0,easy_t3,334638,713,469.33800841514727
HI-Small,30,amlc_00030,e_4073161,10485,1,illicit,1251,1251,1.0
HI-Small,31,amlc_00031,e_4073208,10532,1,illicit,1251,1251,1.0
HI-Small,32,amlc_00032,e_4073485,10809,0,easy_t1,334638,713,469.33800841514727
HI-Small,33,amlc_00033,e_4073591,10915,0,easy_t2,344779,713,483.5610098176718
HI-Small,34,amlc_00034,e_4074034,11358,0,easy_t2,344779,713,483.5610098176718
HI-Small,35,amlc_00035,e_4074051,11375,0,hard_neg,363,363,1.0
HI-Small,36,amlc_00036,e_4074298,11622,1,illicit,1251,1251,1.0
HI-Small,37,amlc_00037,e_4074776,12100,0,easy_t1,334638,713,469.33800841514727
HI-Small,38,amlc_00038,e_4074875,12199,1,illicit,1251,1251,1.0
HI-Small,39,amlc_00039,e_4075508,12832,0,easy_t1,334638,713,469.33800841514727
HI-Small,40,amlc_00040,e_4075630,12954,0,easy_t2,344779,713,483.5610098176718
HI-Small,41,amlc_00041,e_4075709,13033,1,illicit,1251,1251,1.0
HI-Small,42,amlc_00042,e_4075722,13046,0,easy_t2,344779,713,483.5610098176718
HI-Small,43,amlc_00043,e_4076541,13865,0,easy_t3,334638,713,469.33800841514727
HI-Small,44,amlc_00044,e_4076951,14275,0,easy_t2,344779,713,483.5610098176718
HI-Small,45,amlc_00045,e_4077271,14595,0,easy_t2,344779,713,483.5610098176718
HI-Small,46,amlc_00046,e_4078148,15472,0,easy_t3,334638,713,469.33800841514727
HI-Small,47,amlc_00047,e_4079030,16354,0,hard_neg,363,363,1.0
HI-Small,48,amlc_00048,e_4079283,16607,0,easy_t3,334638,713,469.33800841514727
HI-Small,49,amlc_00049,e_4079412,16736,0,easy_t2,344779,713,483.5610098176718
HI-Small,50,amlc_00050,e_4079569,16893,0,easy_t1,334638,713,469.33800841514727
HI-Small,51,amlc_00051,e_4079722,17046,0,easy_t2,344779,713,483.5610098176718
HI-Small,52,amlc_00052,e_4080153,17477,1,illicit,1251,1251,1.0
HI-Small,53,amlc_00053,e_4080217,17541,0,easy_t2,344779,713,483.5610098176718
HI-Small,54,amlc_00054,e_4080912,18236,1,illicit,1251,1251,1.0
HI-Small,55,amlc_00055,e_4081828,19152,0,easy_t3,334638,713,469.33800841514727
HI-Small,56,amlc_00056,e_4082106,19430,1,illicit,1251,1251,1.0
HI-Small,57,amlc_00057,e_4082363,19687,1,illicit,1251,1251,1.0
HI-Small,58,amlc_00058,e_4082980,20304,0,easy_t2,344779,713,483.5610098176718
HI-Small,59,amlc_00059,e_4083046,20370,0,easy_t1,334638,713,469.33800841514727
HI-Small,60,amlc_00060,e_4083750,21074,1,illicit,1251,1251,1.0
HI-Small,61,amlc_00061,e_4083801,21125,1,illicit,1251,1251,1.0
HI-Small,62,amlc_00062,e_4084033,21357,0,easy_t3,334638,713,469.33800841514727
HI-Small,63,amlc_00063,e_4084141,21465,0,easy_t2,344779,713,483.5610098176718
HI-Small,64,amlc_00064,e_4084385,21709,1,illicit,1251,1251,1.0
HI-Small,65,amlc_00065,e_4084896,22220,0,easy_t3,334638,713,469.33800841514727
HI-Small,66,amlc_00066,e_4085127,22451,0,easy_t1,334638,713,469.33800841514727
HI-Small,67,amlc_00067,e_4085432,22756,1,illicit,1251,1251,1.0
HI-Small,68,amlc_00068,e_4086114,23438,0,easy_t3,334638,713,469.33800841514727
HI-Small,69,amlc_00069,e_4087046,24370,0,easy_t2,344779,713,483.5610098176718
HI-Small,70,amlc_00070,e_4087625,24949,0,easy_t3,334638,713,469.33800841514727
HI-Small,71,amlc_00071,e_4087629,24953,1,illicit,1251,1251,1.0
HI-Small,72,amlc_00072,e_4087745,25069,0,easy_t2,344779,713,483.5610098176718
HI-Small,73,amlc_00073,e_4087835,25159,0,easy_t1,334638,713,469.33800841514727
HI-Small,74,amlc_00074,e_4088026,25350,0,easy_t3,334638,713,469.33800841514727
HI-Small,75,amlc_00075,e_4088279,25603,0,easy_t3,334638,713,469.33800841514727
HI-Small,76,amlc_00076,e_4088334,25658,0,easy_t2,344779,713,483.5610098176718
HI-Small,77,amlc_00077,e_4088338,25662,0,easy_t3,334638,713,469.33800841514727
HI-Small,78,amlc_00078,e_4088406,25730,1,illicit,1251,1251,1.0
HI-Small,79,amlc_00079,e_4088408,25732,1,illicit,1251,1251,1.0
HI-Small,80,amlc_00080,e_4088410,25734,1,illicit,1251,1251,1.0
HI-Small,81,amlc_00081,e_4088412,25736,1,illicit,1251,1251,1.0
HI-Small,82,amlc_00082,e_4088414,25738,0,hard_neg,363,363,1.0
HI-Small,83,amlc_00083,e_4088415,25739,1,illicit,1251,1251,1.0
HI-Small,84,amlc_00084,e_4088416,25740,1,illicit,1251,1251,1.0
HI-Small,85,amlc_00085,e_4088417,25741,0,hard_neg,363,363,1.0
HI-Small,86,amlc_00086,e_4088418,25742,1,illicit,1251,1251,1.0
HI-Small,87,amlc_00087,e_4088420,25744,0,hard_neg,363,363,1.0
HI-Small,88,amlc_00088,e_4088421,25745,1,illicit,1251,1251,1.0
HI-Small,89,amlc_00089,e_4088766,26090,0,easy_t1,334638,713,469.33800841514727
HI-Small,90,amlc_00090,e_4088774,26098,0,easy_t1,334638,713,469.33800841514727
HI-Small,91,amlc_00091,e_4089177,26501,0,easy_t2,344779,713,483.5610098176718
HI-Small,92,amlc_00092,e_4089358,26682,1,illicit,1251,1251,1.0
HI-Small,93,amlc_00093,e_4089490,26814,0,easy_t3,334638,713,469.33800841514727
HI-Small,94,amlc_00094,e_4089521,26845,0,easy_t2,344779,713,483.5610098176718
HI-Small,95,amlc_00095,e_4089534,26858,0,easy_t3,334638,713,469.33800841514727
HI-Small,96,amlc_00096,e_4089847,27171,0,easy_t2,344779,713,483.5610098176718
HI-Small,97,amlc_00097,e_4090432,27756,0,easy_t2,344779,713,483.5610098176718
HI-Small,98,amlc_00098,e_4090921,28245,0,easy_t1,334638,713,469.33800841514727
HI-Small,99,amlc_00099,e_4091493,28817,0,easy_t2,344779,713,483.5610098176718
HI-Small,100,amlc_00100,e_4091661,28985,0,easy_t3,334638,713,469.33800841514727
HI-Small,101,amlc_00101,e_4093280,30604,0,easy_t2,344779,713,483.5610098176718
HI-Small,102,amlc_00102,e_4093951,31275,1,illicit,1251,1251,1.0
HI-Small,103,amlc_00103,e_4094041,31365,0,easy_t2,344779,713,483.5610098176718
HI-Small,104,amlc_00104,e_4094071,31395,1,illicit,1251,1251,1.0
HI-Small,105,amlc_00105,e_4095208,32532,0,easy_t2,344779,713,483.5610098176718
HI-Small,106,amlc_00106,e_4095407,32731,0,hard_neg,363,363,1.0
HI-Small,107,amlc_00107,e_4096522,33846,0,easy_t2,344779,713,483.5610098176718
HI-Small,108,amlc_00108,e_4097469,34793,0,easy_t3,334638,713,469.33800841514727
HI-Small,109,amlc_00109,e_4097499,34823,0,easy_t3,334638,713,469.33800841514727
HI-Small,110,amlc_00110,e_4097750,35074,0,easy_t3,334638,713,469.33800841514727
HI-Small,111,amlc_00111,e_4097754,35078,0,easy_t3,334638,713,469.33800841514727
HI-Small,112,amlc_00112,e_4097809,35133,1,illicit,1251,1251,1.0
HI-Small,113,amlc_00113,e_4097905,35229,0,easy_t3,334638,713,469.33800841514727
HI-Small,114,amlc_00114,e_4098162,35486,0,easy_t2,344779,713,483.5610098176718
HI-Small,115,amlc_00115,e_4098474,35798,0,easy_t2,344779,713,483.5610098176718
HI-Small,116,amlc_00116,e_4098601,35925,0,easy_t2,344779,713,483.5610098176718
HI-Small,117,amlc_00117,e_4098639,35963,0,easy_t2,344779,713,483.5610098176718
HI-Small,118,amlc_00118,e_4098776,36100,0,easy_t2,344779,713,483.5610098176718
HI-Small,119,amlc_00119,e_4098922,36246,0,easy_t2,344779,713,483.5610098176718
HI-Small,120,amlc_00120,e_4100429,37753,0,easy_t2,344779,713,483.5610098176718
HI-Small,121,amlc_00121,e_4100442,37766,0,easy_t1,334638,713,469.33800841514727
HI-Small,122,amlc_00122,e_4100500,37824,0,easy_t1,334638,713,469.33800841514727
HI-Small,123,amlc_00123,e_4100529,37853,1,illicit,1251,1251,1.0
HI-Small,124,amlc_00124,e_4101132,38456,0,easy_t3,334638,713,469.33800841514727
HI-Small,125,amlc_00125,e_4101469,38793,0,easy_t1,334638,713,469.33800841514727
HI-Small,126,amlc_00126,e_4101908,39232,0,easy_t1,334638,713,469.33800841514727
HI-Small,127,amlc_00127,e_4102122,39446,0,easy_t1,334638,713,469.33800841514727
HI-Small,128,amlc_00128,e_4102160,39484,0,easy_t3,334638,713,469.33800841514727
HI-Small,129,amlc_00129,e_4102735,40059,1,illicit,1251,1251,1.0
HI-Small,130,amlc_00130,e_4102736,40060,1,illicit,1251,1251,1.0
HI-Small,131,amlc_00131,e_4102738,40062,1,illicit,1251,1251,1.0
HI-Small,132,amlc_00132,e_4102740,40064,1,illicit,1251,1251,1.0
HI-Small,133,amlc_00133,e_4102741,40065,1,illicit,1251,1251,1.0
HI-Small,134,amlc_00134,e_4102742,40066,1,illicit,1251,1251,1.0
HI-Small,135,amlc_00135,e_4102743,40067,1,illicit,1251,1251,1.0
HI-Small,136,amlc_00136,e_4103266,40590,0,easy_t2,344779,713,483.5610098176718
HI-Small,137,amlc_00137,e_4103437,40761,0,easy_t2,344779,713,483.5610098176718
HI-Small,138,amlc_00138,e_4104529,41853,0,easy_t2,344779,713,483.5610098176718
HI-Small,139,amlc_00139,e_4104595,41919,0,easy_t3,334638,713,469.33800841514727
HI-Small,140,amlc_00140,e_4104732,42056,0,easy_t2,344779,713,483.5610098176718
HI-Small,141,amlc_00141,e_4106826,44150,0,easy_t2,344779,713,483.5610098176718
HI-Small,142,amlc_00142,e_4107074,44398,0,easy_t1,334638,713,469.33800841514727
HI-Small,143,amlc_00143,e_4107159,44483,0,easy_t1,334638,713,469.33800841514727
HI-Small,144,amlc_00144,e_4107339,44663,0,easy_t3,334638,713,469.33800841514727
HI-Small,145,amlc_00145,e_4107559,44883,0,easy_t3,334638,713,469.33800841514727
HI-Small,146,amlc_00146,e_4107993,45317,1,illicit,1251,1251,1.0
HI-Small,147,amlc_00147,e_4107994,45318,0,easy_t3,334638,713,469.33800841514727
HI-Small,148,amlc_00148,e_4108176,45500,0,easy_t3,334638,713,469.33800841514727
HI-Small,149,amlc_00149,e_4108904,46228,0,easy_t1,334638,713,469.33800841514727
HI-Small,150,amlc_00150,e_4109136,46460,0,easy_t3,334638,713,469.33800841514727
HI-Small,151,amlc_00151,e_4109497,46821,1,illicit,1251,1251,1.0
HI-Small,152,amlc_00152,e_4109631,46955,1,illicit,1251,1251,1.0
HI-Small,153,amlc_00153,e_4110401,47725,0,easy_t2,344779,713,483.5610098176718
HI-Small,154,amlc_00154,e_4111281,48605,0,easy_t1,334638,713,469.33800841514727
HI-Small,155,amlc_00155,e_4112004,49328,0,easy_t2,344779,713,483.5610098176718
HI-Small,156,amlc_00156,e_4112099,49423,0,easy_t2,344779,713,483.5610098176718
HI-Small,157,amlc_00157,e_4112799,50123,0,easy_t1,334638,713,469.33800841514727
HI-Small,158,amlc_00158,e_4112988,50312,0,easy_t1,334638,713,469.33800841514727
HI-Small,159,amlc_00159,e_4113086,50410,0,easy_t2,344779,713,483.5610098176718
HI-Small,160,amlc_00160,e_4114150,51474,0,easy_t2,344779,713,483.5610098176718
HI-Small,161,amlc_00161,e_4114280,51604,0,easy_t3,334638,713,469.33800841514727
HI-Small,162,amlc_00162,e_4114695,52019,0,easy_t2,344779,713,483.5610098176718
HI-Small,163,amlc_00163,e_4114706,52030,1,illicit,1251,1251,1.0
HI-Small,164,amlc_00164,e_4114885,52209,0,easy_t3,334638,713,469.33800841514727
HI-Small,165,amlc_00165,e_4115138,52462,0,easy_t1,334638,713,469.33800841514727
HI-Small,166,amlc_00166,e_4115294,52618,0,easy_t3,334638,713,469.33800841514727
HI-Small,167,amlc_00167,e_4115409,52733,0,easy_t2,344779,713,483.5610098176718
HI-Small,168,amlc_00168,e_4115899,53223,1,illicit,1251,1251,1.0
HI-Small,169,amlc_00169,e_4116589,53913,0,easy_t3,334638,713,469.33800841514727
HI-Small,170,amlc_00170,e_4117060,54384,0,easy_t3,334638,713,469.33800841514727
HI-Small,171,amlc_00171,e_4117553,54877,0,easy_t2,344779,713,483.5610098176718
HI-Small,172,amlc_00172,e_4117757,55081,1,illicit,1251,1251,1.0
HI-Small,173,amlc_00173,e_4117759,55083,1,illicit,1251,1251,1.0
HI-Small,174,amlc_00174,e_4117760,55084,1,illicit,1251,1251,1.0
HI-Small,175,amlc_00175,e_4117761,55085,1,illicit,1251,1251,1.0
HI-Small,176,amlc_00176,e_4117762,55086,1,illicit,1251,1251,1.0
HI-Small,177,amlc_00177,e_4117765,55089,1,illicit,1251,1251,1.0
HI-Small,178,amlc_00178,e_4117767,55091,1,illicit,1251,1251,1.0
HI-Small,179,amlc_00179,e_4117769,55093,1,illicit,1251,1251,1.0
HI-Small,180,amlc_00180,e_4117771,55095,1,illicit,1251,1251,1.0
HI-Small,181,amlc_00181,e_4117773,55097,1,illicit,1251,1251,1.0
HI-Small,182,amlc_00182,e_4117775,55099,1,illicit,1251,1251,1.0
HI-Small,183,amlc_00183,e_4117776,55100,1,illicit,1251,1251,1.0
HI-Small,184,amlc_00184,e_4117778,55102,1,illicit,1251,1251,1.0
HI-Small,185,amlc_00185,e_4117779,55103,1,illicit,1251,1251,1.0
HI-Small,186,amlc_00186,e_4118365,55689,0,easy_t1,334638,713,469.33800841514727
HI-Small,187,amlc_00187,e_4118602,55926,0,easy_t2,344779,713,483.5610098176718
HI-Small,188,amlc_00188,e_4118629,55953,1,illicit,1251,1251,1.0
HI-Small,189,amlc_00189,e_4119294,56618,0,easy_t2,344779,713,483.5610098176718
HI-Small,190,amlc_00190,e_4119680,57004,0,easy_t3,334638,713,469.33800841514727
HI-Small,191,amlc_00191,e_4119771,57095,0,hard_neg,363,363,1.0
HI-Small,192,amlc_00192,e_4119774,57098,1,illicit,1251,1251,1.0
HI-Small,193,amlc_00193,e_4119826,57150,0,easy_t2,344779,713,483.5610098176718
HI-Small,194,amlc_00194,e_4120433,57757,1,illicit,1251,1251,1.0
HI-Small,195,amlc_00195,e_4122348,59672,0,easy_t1,334638,713,469.33800841514727
HI-Small,196,amlc_00196,e_4122676,60000,1,illicit,1251,1251,1.0
HI-Small,197,amlc_00197,e_4122732,60056,0,easy_t3,334638,713,469.33800841514727
HI-Small,198,amlc_00198,e_4122920,60244,0,easy_t1,334638,713,469.33800841514727
HI-Small,199,amlc_00199,e_4123274,60598,1,illicit,1251,1251,1.0
HI-Small,200,amlc_00200,e_4123597,60921,0,easy_t1,334638,713,469.33800841514727
HI-Small,201,amlc_00201,e_4123758,61082,0,easy_t2,344779,713,483.5610098176718
HI-Small,202,amlc_00202,e_4124017,61341,0,easy_t1,334638,713,469.33800841514727
HI-Small,203,amlc_00203,e_4124071,61395,0,easy_t2,344779,713,483.5610098176718
HI-Small,204,amlc_00204,e_4124578,61902,0,easy_t2,344779,713,483.5610098176718
HI-Small,205,amlc_00205,e_4124734,62058,0,easy_t1,334638,713,469.33800841514727
HI-Small,206,amlc_00206,e_4125147,62471,0,easy_t3,334638,713,469.33800841514727
HI-Small,207,amlc_00207,e_4125239,62563,0,easy_t1,334638,713,469.33800841514727
HI-Small,208,amlc_00208,e_4125915,63239,0,easy_t3,334638,713,469.33800841514727
HI-Small,209,amlc_00209,e_4126008,63332,1,illicit,1251,1251,1.0
HI-Small,210,amlc_00210,e_4126971,64295,0,hard_neg,363,363,1.0
HI-Small,211,amlc_00211,e_4127430,64754,0,easy_t3,334638,713,469.33800841514727
HI-Small,212,amlc_00212,e_4127811,65135,0,easy_t3,334638,713,469.33800841514727
HI-Small,213,amlc_00213,e_4127854,65178,1,illicit,1251,1251,1.0
HI-Small,214,amlc_00214,e_4127855,65179,1,illicit,1251,1251,1.0
HI-Small,215,amlc_00215,e_4127857,65181,1,illicit,1251,1251,1.0
HI-Small,216,amlc_00216,e_4127859,65183,1,illicit,1251,1251,1.0
HI-Small,217,amlc_00217,e_4127860,65184,1,illicit,1251,1251,1.0
HI-Small,218,amlc_00218,e_4127862,65186,1,illicit,1251,1251,1.0
HI-Small,219,amlc_00219,e_4127864,65188,1,illicit,1251,1251,1.0
HI-Small,220,amlc_00220,e_4127866,65190,1,illicit,1251,1251,1.0
HI-Small,221,amlc_00221,e_4127867,65191,1,illicit,1251,1251,1.0
HI-Small,222,amlc_00222,e_4127869,65193,1,illicit,1251,1251,1.0
HI-Small,223,amlc_00223,e_4127870,65194,1,illicit,1251,1251,1.0
HI-Small,224,amlc_00224,e_4127871,65195,1,illicit,1251,1251,1.0
HI-Small,225,amlc_00225,e_4127872,65196,1,illicit,1251,1251,1.0
HI-Small,226,amlc_00226,e_4127874,65198,1,illicit,1251,1251,1.0
HI-Small,227,amlc_00227,e_4127875,65199,1,illicit,1251,1251,1.0
HI-Small,228,amlc_00228,e_4127877,65201,1,illicit,1251,1251,1.0
HI-Small,229,amlc_00229,e_4129619,66943,0,easy_t1,334638,713,469.33800841514727
HI-Small,230,amlc_00230,e_4129660,66984,1,illicit,1251,1251,1.0
HI-Small,231,amlc_00231,e_4130391,67715,0,easy_t1,334638,713,469.33800841514727
HI-Small,232,amlc_00232,e_4130447,67771,0,easy_t3,334638,713,469.33800841514727
HI-Small,233,amlc_00233,e_4130553,67877,1,illicit,1251,1251,1.0
HI-Small,234,amlc_00234,e_4130630,67954,0,easy_t2,344779,713,483.5610098176718
HI-Small,235,amlc_00235,e_4131097,68421,0,easy_t1,334638,713,469.33800841514727
HI-Small,236,amlc_00236,e_4131304,68628,0,easy_t3,334638,713,469.33800841514727
HI-Small,237,amlc_00237,e_4132377,69701,0,easy_t1,334638,713,469.33800841514727
HI-Small,238,amlc_00238,e_4132707,70031,0,easy_t2,344779,713,483.5610098176718
HI-Small,239,amlc_00239,e_4132804,70128,0,easy_t1,334638,713,469.33800841514727
HI-Small,240,amlc_00240,e_4133540,70864,0,easy_t1,334638,713,469.33800841514727
HI-Small,241,amlc_00241,e_4134082,71406,0,easy_t3,334638,713,469.33800841514727
HI-Small,242,amlc_00242,e_4134108,71432,0,easy_t2,344779,713,483.5610098176718
HI-Small,243,amlc_00243,e_4134295,71619,0,easy_t3,334638,713,469.33800841514727
HI-Small,244,amlc_00244,e_4134482,71806,0,easy_t3,334638,713,469.33800841514727
HI-Small,245,amlc_00245,e_4135282,72606,0,hard_neg,363,363,1.0
HI-Small,246,amlc_00246,e_4135358,72682,1,illicit,1251,1251,1.0
HI-Small,247,amlc_00247,e_4135650,72974,0,easy_t3,334638,713,469.33800841514727
HI-Small,248,amlc_00248,e_4137902,75226,0,easy_t2,344779,713,483.5610098176718
HI-Small,249,amlc_00249,e_4137927,75251,0,hard_neg,363,363,1.0
HI-Small,250,amlc_00250,e_4138232,75556,0,easy_t3,334638,713,469.33800841514727
HI-Small,251,amlc_00251,e_4138243,75567,0,hard_neg,363,363,1.0
HI-Small,252,amlc_00252,e_4138371,75695,0,easy_t3,334638,713,469.33800841514727
HI-Small,253,amlc_00253,e_4139031,76355,0,easy_t1,334638,713,469.33800841514727
HI-Small,254,amlc_00254,e_4139701,77025,0,easy_t1,334638,713,469.33800841514727
HI-Small,255,amlc_00255,e_4140098,77422,0,easy_t1,334638,713,469.33800841514727
HI-Small,256,amlc_00256,e_4140756,78080,0,easy_t1,334638,713,469.33800841514727
HI-Small,257,amlc_00257,e_4141389,78713,0,easy_t1,334638,713,469.33800841514727
HI-Small,258,amlc_00258,e_4141429,78753,0,easy_t2,344779,713,483.5610098176718
HI-Small,259,amlc_00259,e_4142230,79554,0,hard_neg,363,363,1.0
HI-Small,260,amlc_00260,e_4142394,79718,1,illicit,1251,1251,1.0
HI-Small,261,amlc_00261,e_4142602,79926,0,easy_t2,344779,713,483.5610098176718
HI-Small,262,amlc_00262,e_4142740,80064,1,illicit,1251,1251,1.0
HI-Small,263,amlc_00263,e_4143043,80367,0,easy_t1,334638,713,469.33800841514727
HI-Small,264,amlc_00264,e_4143245,80569,0,easy_t1,334638,713,469.33800841514727
HI-Small,265,amlc_00265,e_4143280,80604,0,easy_t2,344779,713,483.5610098176718
HI-Small,266,amlc_00266,e_4143424,80748,0,easy_t2,344779,713,483.5610098176718
HI-Small,267,amlc_00267,e_4143509,80833,0,easy_t1,334638,713,469.33800841514727
HI-Small,268,amlc_00268,e_4143532,80856,1,illicit,1251,1251,1.0
HI-Small,269,amlc_00269,e_4143693,81017,0,easy_t1,334638,713,469.33800841514727
HI-Small,270,amlc_00270,e_4143812,81136,0,easy_t2,344779,713,483.5610098176718
HI-Small,271,amlc_00271,e_4144055,81379,0,easy_t3,334638,713,469.33800841514727
HI-Small,272,amlc_00272,e_4144325,81649,1,illicit,1251,1251,1.0
HI-Small,273,amlc_00273,e_4144488,81812,0,easy_t2,344779,713,483.5610098176718
HI-Small,274,amlc_00274,e_4145045,82369,1,illicit,1251,1251,1.0
HI-Small,275,amlc_00275,e_4145270,82594,1,illicit,1251,1251,1.0
HI-Small,276,amlc_00276,e_4145475,82799,1,illicit,1251,1251,1.0
HI-Small,277,amlc_00277,e_4145895,83219,0,easy_t2,344779,713,483.5610098176718
HI-Small,278,amlc_00278,e_4146759,84083,0,easy_t3,334638,713,469.33800841514727
HI-Small,279,amlc_00279,e_4147414,84738,1,illicit,1251,1251,1.0
HI-Small,280,amlc_00280,e_4147481,84805,0,easy_t2,344779,713,483.5610098176718
HI-Small,281,amlc_00281,e_4148067,85391,0,easy_t3,334638,713,469.33800841514727
HI-Small,282,amlc_00282,e_4148477,85801,0,easy_t2,344779,713,483.5610098176718
HI-Small,283,amlc_00283,e_4148913,86237,0,easy_t1,334638,713,469.33800841514727
HI-Small,284,amlc_00284,e_4148961,86285,0,easy_t3,334638,713,469.33800841514727
HI-Small,285,amlc_00285,e_4148991,86315,1,illicit,1251,1251,1.0
HI-Small,286,amlc_00286,e_4149637,86961,0,easy_t3,334638,713,469.33800841514727
HI-Small,287,amlc_00287,e_4150358,87682,0,easy_t2,344779,713,483.5610098176718
HI-Small,288,amlc_00288,e_4150565,87889,0,easy_t2,344779,713,483.5610098176718
HI-Small,289,amlc_00289,e_4150683,88007,0,easy_t3,334638,713,469.33800841514727
HI-Small,290,amlc_00290,e_4150808,88132,0,easy_t2,344779,713,483.5610098176718
HI-Small,291,amlc_00291,e_4150907,88231,0,easy_t3,334638,713,469.33800841514727
HI-Small,292,amlc_00292,e_4150975,88299,0,easy_t1,334638,713,469.33800841514727
HI-Small,293,amlc_00293,e_4151467,88791,0,easy_t3,334638,713,469.33800841514727
HI-Small,294,amlc_00294,e_4151509,88833,1,illicit,1251,1251,1.0
HI-Small,295,amlc_00295,e_4152126,89450,1,illicit,1251,1251,1.0
HI-Small,296,amlc_00296,e_4152274,89598,0,easy_t1,334638,713,469.33800841514727
HI-Small,297,amlc_00297,e_4152360,89684,0,easy_t2,344779,713,483.5610098176718
HI-Small,298,amlc_00298,e_4152793,90117,1,illicit,1251,1251,1.0
HI-Small,299,amlc_00299,e_4152865,90189,0,hard_neg,363,363,1.0
HI-Small,300,amlc_00300,e_4152969,90293,0,easy_t2,344779,713,483.5610098176718
HI-Small,301,amlc_00301,e_4153014,90338,0,easy_t2,344779,713,483.5610098176718
HI-Small,302,amlc_00302,e_4153518,90842,1,illicit,1251,1251,1.0
HI-Small,303,amlc_00303,e_4153987,91311,0,easy_t3,334638,713,469.33800841514727
HI-Small,304,amlc_00304,e_4155047,92371,0,easy_t3,334638,713,469.33800841514727
HI-Small,305,amlc_00305,e_4155135,92459,0,easy_t3,334638,713,469.33800841514727
HI-Small,306,amlc_00306,e_4155348,92672,1,illicit,1251,1251,1.0
HI-Small,307,amlc_00307,e_4155397,92721,0,easy_t2,344779,713,483.5610098176718
HI-Small,308,amlc_00308,e_4155412,92736,0,easy_t3,334638,713,469.33800841514727
HI-Small,309,amlc_00309,e_4155992,93316,0,easy_t3,334638,713,469.33800841514727
HI-Small,310,amlc_00310,e_4156511,93835,0,easy_t3,334638,713,469.33800841514727
HI-Small,311,amlc_00311,e_4156886,94210,0,hard_neg,363,363,1.0
HI-Small,312,amlc_00312,e_4157033,94357,1,illicit,1251,1251,1.0
HI-Small,313,amlc_00313,e_4157035,94359,1,illicit,1251,1251,1.0
HI-Small,314,amlc_00314,e_4157496,94820,1,illicit,1251,1251,1.0
HI-Small,315,amlc_00315,e_4157633,94957,0,easy_t3,334638,713,469.33800841514727
HI-Small,316,amlc_00316,e_4158267,95591,0,easy_t2,344779,713,483.5610098176718
HI-Small,317,amlc_00317,e_4158319,95643,1,illicit,1251,1251,1.0
HI-Small,318,amlc_00318,e_4159414,96738,0,easy_t2,344779,713,483.5610098176718
HI-Small,319,amlc_00319,e_4159453,96777,0,easy_t1,334638,713,469.33800841514727
HI-Small,320,amlc_00320,e_4159549,96873,0,easy_t2,344779,713,483.5610098176718
HI-Small,321,amlc_00321,e_4159969,97293,1,illicit,1251,1251,1.0
HI-Small,322,amlc_00322,e_4160692,98016,1,illicit,1251,1251,1.0
HI-Small,323,amlc_00323,e_4161204,98528,1,illicit,1251,1251,1.0
HI-Small,324,amlc_00324,e_4161974,99298,1,illicit,1251,1251,1.0
HI-Small,325,amlc_00325,e_4162402,99726,1,illicit,1251,1251,1.0
HI-Small,326,amlc_00326,e_4162453,99777,0,hard_neg,363,363,1.0
HI-Small,327,amlc_00327,e_4162918,100242,0,easy_t2,344779,713,483.5610098176718
HI-Small,328,amlc_00328,e_4162985,100309,0,easy_t1,334638,713,469.33800841514727
HI-Small,329,amlc_00329,e_4163268,100592,0,easy_t3,334638,713,469.33800841514727
HI-Small,330,amlc_00330,e_4163434,100758,1,illicit,1251,1251,1.0
HI-Small,331,amlc_00331,e_4163528,100852,1,illicit,1251,1251,1.0
HI-Small,332,amlc_00332,e_4163714,101038,0,hard_neg,363,363,1.0
HI-Small,333,amlc_00333,e_4163800,101124,0,easy_t3,334638,713,469.33800841514727
HI-Small,334,amlc_00334,e_4164421,101745,0,hard_neg,363,363,1.0
HI-Small,335,amlc_00335,e_4164435,101759,0,easy_t3,334638,713,469.33800841514727
HI-Small,336,amlc_00336,e_4165512,102836,0,easy_t2,344779,713,483.5610098176718
HI-Small,337,amlc_00337,e_4166105,103429,0,easy_t3,334638,713,469.33800841514727
HI-Small,338,amlc_00338,e_4166286,103610,0,easy_t1,334638,713,469.33800841514727
HI-Small,339,amlc_00339,e_4166827,104151,1,illicit,1251,1251,1.0
HI-Small,340,amlc_00340,e_4167229,104553,0,hard_neg,363,363,1.0
HI-Small,341,amlc_00341,e_4167679,105003,0,easy_t3,334638,713,469.33800841514727
HI-Small,342,amlc_00342,e_4167940,105264,0,easy_t3,334638,713,469.33800841514727
HI-Small,343,amlc_00343,e_4168037,105361,0,easy_t2,344779,713,483.5610098176718
HI-Small,344,amlc_00344,e_4168085,105409,0,easy_t1,334638,713,469.33800841514727
HI-Small,345,amlc_00345,e_4168106,105430,0,easy_t2,344779,713,483.5610098176718
HI-Small,346,amlc_00346,e_4168294,105618,0,easy_t3,334638,713,469.33800841514727
HI-Small,347,amlc_00347,e_4168963,106287,0,easy_t2,344779,713,483.5610098176718
HI-Small,348,amlc_00348,e_4169219,106543,0,easy_t2,344779,713,483.5610098176718
HI-Small,349,amlc_00349,e_4169334,106658,0,easy_t2,344779,713,483.5610098176718
HI-Small,350,amlc_00350,e_4169883,107207,1,illicit,1251,1251,1.0
HI-Small,351,amlc_00351,e_4170669,107993,0,easy_t2,344779,713,483.5610098176718
HI-Small,352,amlc_00352,e_4170710,108034,0,easy_t1,334638,713,469.33800841514727
HI-Small,353,amlc_00353,e_4170808,108132,0,easy_t3,334638,713,469.33800841514727
HI-Small,354,amlc_00354,e_4170887,108211,0,easy_t1,334638,713,469.33800841514727
HI-Small,355,amlc_00355,e_4171287,108611,0,easy_t3,334638,713,469.33800841514727
HI-Small,356,amlc_00356,e_4171599,108923,0,easy_t3,334638,713,469.33800841514727
HI-Small,357,amlc_00357,e_4171656,108980,0,easy_t3,334638,713,469.33800841514727
HI-Small,358,amlc_00358,e_4171981,109305,1,illicit,1251,1251,1.0
HI-Small,359,amlc_00359,e_4172520,109844,0,easy_t1,334638,713,469.33800841514727
HI-Small,360,amlc_00360,e_4172851,110175,0,easy_t3,334638,713,469.33800841514727
HI-Small,361,amlc_00361,e_4172915,110239,1,illicit,1251,1251,1.0
HI-Small,362,amlc_00362,e_4172949,110273,0,easy_t1,334638,713,469.33800841514727
HI-Small,363,amlc_00363,e_4172991,110315,1,illicit,1251,1251,1.0
HI-Small,364,amlc_00364,e_4173382,110706,0,hard_neg,363,363,1.0
HI-Small,365,amlc_00365,e_4173662,110986,0,easy_t1,334638,713,469.33800841514727
HI-Small,366,amlc_00366,e_4173914,111238,0,easy_t3,334638,713,469.33800841514727
HI-Small,367,amlc_00367,e_4173925,111249,1,illicit,1251,1251,1.0
HI-Small,368,amlc_00368,e_4173934,111258,0,easy_t3,334638,713,469.33800841514727
HI-Small,369,amlc_00369,e_4174027,111351,0,easy_t3,334638,713,469.33800841514727
HI-Small,370,amlc_00370,e_4174078,111402,0,easy_t3,334638,713,469.33800841514727
HI-Small,371,amlc_00371,e_4174646,111970,0,easy_t1,334638,713,469.33800841514727
HI-Small,372,amlc_00372,e_4175168,112492,0,easy_t1,334638,713,469.33800841514727
HI-Small,373,amlc_00373,e_4175349,112673,1,illicit,1251,1251,1.0
HI-Small,374,amlc_00374,e_4175721,113045,0,easy_t2,344779,713,483.5610098176718
HI-Small,375,amlc_00375,e_4175990,113314,0,easy_t3,334638,713,469.33800841514727
HI-Small,376,amlc_00376,e_4176056,113380,1,illicit,1251,1251,1.0
HI-Small,377,amlc_00377,e_4176096,113420,0,easy_t3,334638,713,469.33800841514727
HI-Small,378,amlc_00378,e_4176192,113516,0,hard_neg,363,363,1.0
HI-Small,379,amlc_00379,e_4176251,113575,1,illicit,1251,1251,1.0
HI-Small,380,amlc_00380,e_4176314,113638,0,easy_t2,344779,713,483.5610098176718
HI-Small,381,amlc_00381,e_4176426,113750,1,illicit,1251,1251,1.0
HI-Small,382,amlc_00382,e_4177318,114642,0,easy_t2,344779,713,483.5610098176718
HI-Small,383,amlc_00383,e_4178020,115344,0,easy_t2,344779,713,483.5610098176718
HI-Small,384,amlc_00384,e_4178289,115613,0,easy_t1,334638,713,469.33800841514727
HI-Small,385,amlc_00385,e_4180640,117964,0,easy_t3,334638,713,469.33800841514727
HI-Small,386,amlc_00386,e_4181169,118493,0,easy_t2,344779,713,483.5610098176718
HI-Small,387,amlc_00387,e_4181313,118637,0,easy_t2,344779,713,483.5610098176718
HI-Small,388,amlc_00388,e_4181374,118698,0,easy_t1,334638,713,469.33800841514727
HI-Small,389,amlc_00389,e_4181580,118904,0,easy_t3,334638,713,469.33800841514727
HI-Small,390,amlc_00390,e_4181639,118963,0,easy_t1,334638,713,469.33800841514727
HI-Small,391,amlc_00391,e_4182001,119325,0,easy_t3,334638,713,469.33800841514727
HI-Small,392,amlc_00392,e_4182036,119360,0,easy_t1,334638,713,469.33800841514727
HI-Small,393,amlc_00393,e_4183374,120698,0,easy_t3,334638,713,469.33800841514727
HI-Small,394,amlc_00394,e_4183518,120842,0,easy_t2,344779,713,483.5610098176718
HI-Small,395,amlc_00395,e_4183812,121136,0,easy_t3,334638,713,469.33800841514727
HI-Small,396,amlc_00396,e_4184055,121379,0,easy_t3,334638,713,469.33800841514727
HI-Small,397,amlc_00397,e_4184386,121710,0,easy_t3,334638,713,469.33800841514727
HI-Small,398,amlc_00398,e_4184875,122199,1,illicit,1251,1251,1.0
HI-Small,399,amlc_00399,e_4185255,122579,0,easy_t3,334638,713,469.33800841514727
HI-Small,400,amlc_00400,e_4185387,122711,0,easy_t3,334638,713,469.33800841514727
HI-Small,401,amlc_00401,e_4186166,123490,1,illicit,1251,1251,1.0
HI-Small,402,amlc_00402,e_4186543,123867,0,hard_neg,363,363,1.0
HI-Small,403,amlc_00403,e_4186551,123875,0,easy_t1,334638,713,469.33800841514727
HI-Small,404,amlc_00404,e_4186564,123888,0,easy_t2,344779,713,483.5610098176718
HI-Small,405,amlc_00405,e_4186628,123952,0,easy_t1,334638,713,469.33800841514727
HI-Small,406,amlc_00406,e_4186851,124175,1,illicit,1251,1251,1.0
HI-Small,407,amlc_00407,e_4187094,124418,0,easy_t2,344779,713,483.5610098176718
HI-Small,408,amlc_00408,e_4187298,124622,0,easy_t1,334638,713,469.33800841514727
HI-Small,409,amlc_00409,e_4187460,124784,0,easy_t2,344779,713,483.5610098176718
HI-Small,410,amlc_00410,e_4187805,125129,1,illicit,1251,1251,1.0
HI-Small,411,amlc_00411,e_4188071,125395,0,easy_t1,334638,713,469.33800841514727
HI-Small,412,amlc_00412,e_4188875,126199,0,easy_t2,344779,713,483.5610098176718
HI-Small,413,amlc_00413,e_4189470,126794,0,easy_t3,334638,713,469.33800841514727
HI-Small,414,amlc_00414,e_4189594,126918,1,illicit,1251,1251,1.0
HI-Small,415,amlc_00415,e_4190353,127677,0,easy_t2,344779,713,483.5610098176718
HI-Small,416,amlc_00416,e_4190513,127837,0,easy_t2,344779,713,483.5610098176718
HI-Small,417,amlc_00417,e_4190738,128062,0,easy_t1,334638,713,469.33800841514727
HI-Small,418,amlc_00418,e_4191291,128615,0,easy_t3,334638,713,469.33800841514727
HI-Small,419,amlc_00419,e_4191364,128688,0,easy_t2,344779,713,483.5610098176718
HI-Small,420,amlc_00420,e_4192294,129618,0,easy_t1,334638,713,469.33800841514727
HI-Small,421,amlc_00421,e_4192940,130264,1,illicit,1251,1251,1.0
HI-Small,422,amlc_00422,e_4193042,130366,0,easy_t2,344779,713,483.5610098176718
HI-Small,423,amlc_00423,e_4193544,130868,0,easy_t3,334638,713,469.33800841514727
HI-Small,424,amlc_00424,e_4194047,131371,1,illicit,1251,1251,1.0
HI-Small,425,amlc_00425,e_4194219,131543,0,easy_t3,334638,713,469.33800841514727
HI-Small,426,amlc_00426,e_4194663,131987,0,hard_neg,363,363,1.0
HI-Small,427,amlc_00427,e_4194822,132146,1,illicit,1251,1251,1.0
HI-Small,428,amlc_00428,e_4195467,132791,0,easy_t3,334638,713,469.33800841514727
HI-Small,429,amlc_00429,e_4195588,132912,0,easy_t2,344779,713,483.5610098176718
HI-Small,430,amlc_00430,e_4196269,133593,0,easy_t1,334638,713,469.33800841514727
HI-Small,431,amlc_00431,e_4196483,133807,0,easy_t3,334638,713,469.33800841514727
HI-Small,432,amlc_00432,e_4196802,134126,0,easy_t3,334638,713,469.33800841514727
HI-Small,433,amlc_00433,e_4197522,134846,0,easy_t1,334638,713,469.33800841514727
HI-Small,434,amlc_00434,e_4198165,135489,1,illicit,1251,1251,1.0
HI-Small,435,amlc_00435,e_4198239,135563,0,easy_t2,344779,713,483.5610098176718
HI-Small,436,amlc_00436,e_4198242,135566,0,easy_t2,344779,713,483.5610098176718
HI-Small,437,amlc_00437,e_4198524,135848,1,illicit,1251,1251,1.0
HI-Small,438,amlc_00438,e_4198753,136077,0,easy_t1,334638,713,469.33800841514727
HI-Small,439,amlc_00439,e_4198951,136275,1,illicit,1251,1251,1.0
HI-Small,440,amlc_00440,e_4199359,136683,0,easy_t1,334638,713,469.33800841514727
HI-Small,441,amlc_00441,e_4200513,137837,0,easy_t2,344779,713,483.5610098176718
HI-Small,442,amlc_00442,e_4200800,138124,0,easy_t1,334638,713,469.33800841514727
HI-Small,443,amlc_00443,e_4200847,138171,0,easy_t2,344779,713,483.5610098176718
HI-Small,444,amlc_00444,e_4201520,138844,1,illicit,1251,1251,1.0
HI-Small,445,amlc_00445,e_4201757,139081,0,easy_t1,334638,713,469.33800841514727
HI-Small,446,amlc_00446,e_4202213,139537,0,easy_t2,344779,713,483.5610098176718
HI-Small,447,amlc_00447,e_4202398,139722,0,easy_t3,334638,713,469.33800841514727
HI-Small,448,amlc_00448,e_4202607,139931,0,easy_t1,334638,713,469.33800841514727
HI-Small,449,amlc_00449,e_4203083,140407,1,illicit,1251,1251,1.0
HI-Small,450,amlc_00450,e_4203098,140422,0,easy_t3,334638,713,469.33800841514727
HI-Small,451,amlc_00451,e_4203350,140674,0,easy_t1,334638,713,469.33800841514727
HI-Small,452,amlc_00452,e_4203366,140690,0,easy_t2,344779,713,483.5610098176718
HI-Small,453,amlc_00453,e_4203374,140698,0,easy_t2,344779,713,483.5610098176718
HI-Small,454,amlc_00454,e_4203387,140711,0,easy_t3,334638,713,469.33800841514727
HI-Small,455,amlc_00455,e_4203694,141018,0,easy_t2,344779,713,483.5610098176718
HI-Small,456,amlc_00456,e_4203766,141090,0,easy_t2,344779,713,483.5610098176718
HI-Small,457,amlc_00457,e_4204528,141852,0,easy_t3,334638,713,469.33800841514727
HI-Small,458,amlc_00458,e_4204853,142177,0,easy_t3,334638,713,469.33800841514727
HI-Small,459,amlc_00459,e_4204879,142203,0,easy_t3,334638,713,469.33800841514727
HI-Small,460,amlc_00460,e_4204936,142260,0,easy_t3,334638,713,469.33800841514727
HI-Small,461,amlc_00461,e_4205617,142941,0,easy_t1,334638,713,469.33800841514727
HI-Small,462,amlc_00462,e_4206083,143407,0,easy_t3,334638,713,469.33800841514727
HI-Small,463,amlc_00463,e_4206201,143525,0,easy_t1,334638,713,469.33800841514727
HI-Small,464,amlc_00464,e_4208098,145422,0,easy_t1,334638,713,469.33800841514727
HI-Small,465,amlc_00465,e_4208359,145683,0,easy_t2,344779,713,483.5610098176718
HI-Small,466,amlc_00466,e_4208795,146119,0,easy_t2,344779,713,483.5610098176718
HI-Small,467,amlc_00467,e_4209005,146329,0,easy_t1,334638,713,469.33800841514727
HI-Small,468,amlc_00468,e_4209488,146812,0,easy_t3,334638,713,469.33800841514727
HI-Small,469,amlc_00469,e_4209514,146838,0,easy_t2,344779,713,483.5610098176718
HI-Small,470,amlc_00470,e_4210082,147406,0,easy_t2,344779,713,483.5610098176718
HI-Small,471,amlc_00471,e_4210893,148217,0,easy_t3,334638,713,469.33800841514727
HI-Small,472,amlc_00472,e_4211228,148552,0,easy_t1,334638,713,469.33800841514727
HI-Small,473,amlc_00473,e_4211384,148708,0,easy_t3,334638,713,469.33800841514727
HI-Small,474,amlc_00474,e_4211778,149102,1,illicit,1251,1251,1.0
HI-Small,475,amlc_00475,e_4212101,149425,0,easy_t3,334638,713,469.33800841514727
HI-Small,476,amlc_00476,e_4212274,149598,0,easy_t2,344779,713,483.5610098176718
HI-Small,477,amlc_00477,e_4212371,149695,1,illicit,1251,1251,1.0
HI-Small,478,amlc_00478,e_4212821,150145,0,easy_t3,334638,713,469.33800841514727
HI-Small,479,amlc_00479,e_4212963,150287,0,easy_t3,334638,713,469.33800841514727
HI-Small,480,amlc_00480,e_4213104,150428,0,easy_t3,334638,713,469.33800841514727
HI-Small,481,amlc_00481,e_4213204,150528,1,illicit,1251,1251,1.0
HI-Small,482,amlc_00482,e_4213317,150641,0,easy_t2,344779,713,483.5610098176718
HI-Small,483,amlc_00483,e_4213467,150791,0,easy_t3,334638,713,469.33800841514727
HI-Small,484,amlc_00484,e_4213992,151316,0,hard_neg,363,363,1.0
HI-Small,485,amlc_00485,e_4214274,151598,1,illicit,1251,1251,1.0
HI-Small,486,amlc_00486,e_4214282,151606,0,easy_t1,334638,713,469.33800841514727
HI-Small,487,amlc_00487,e_4214455,151779,0,easy_t3,334638,713,469.33800841514727
HI-Small,488,amlc_00488,e_4214529,151853,0,hard_neg,363,363,1.0
HI-Small,489,amlc_00489,e_4214945,152269,1,illicit,1251,1251,1.0
HI-Small,490,amlc_00490,e_4214958,152282,1,illicit,1251,1251,1.0
HI-Small,491,amlc_00491,e_4214960,152284,1,illicit,1251,1251,1.0
HI-Small,492,amlc_00492,e_4214961,152285,1,illicit,1251,1251,1.0
HI-Small,493,amlc_00493,e_4214963,152287,1,illicit,1251,1251,1.0
HI-Small,494,amlc_00494,e_4214964,152288,1,illicit,1251,1251,1.0
HI-Small,495,amlc_00495,e_4214966,152290,1,illicit,1251,1251,1.0
HI-Small,496,amlc_00496,e_4214967,152291,1,illicit,1251,1251,1.0
HI-Small,497,amlc_00497,e_4214968,152292,0,easy_t2,344779,713,483.5610098176718
HI-Small,498,amlc_00498,e_4214969,152293,1,illicit,1251,1251,1.0
HI-Small,499,amlc_00499,e_4214971,152295,1,illicit,1251,1251,1.0
HI-Small,500,amlc_00500,e_4214973,152297,0,hard_neg,363,363,1.0
HI-Small,501,amlc_00501,e_4214974,152298,1,illicit,1251,1251,1.0
HI-Small,502,amlc_00502,e_4214976,152300,1,illicit,1251,1251,1.0
HI-Small,503,amlc_00503,e_4214977,152301,1,illicit,1251,1251,1.0
HI-Small,504,amlc_00504,e_4214979,152303,1,illicit,1251,1251,1.0
HI-Small,505,amlc_00505,e_4214981,152305,1,illicit,1251,1251,1.0
HI-Small,506,amlc_00506,e_4214983,152307,1,illicit,1251,1251,1.0
HI-Small,507,amlc_00507,e_4214984,152308,1,illicit,1251,1251,1.0
HI-Small,508,amlc_00508,e_4214986,152310,1,illicit,1251,1251,1.0
HI-Small,509,amlc_00509,e_4214987,152311,1,illicit,1251,1251,1.0
HI-Small,510,amlc_00510,e_4214989,152313,1,illicit,1251,1251,1.0
HI-Small,511,amlc_00511,e_4214991,152315,1,illicit,1251,1251,1.0
HI-Small,512,amlc_00512,e_4214993,152317,1,illicit,1251,1251,1.0
HI-Small,513,amlc_00513,e_4214994,152318,1,illicit,1251,1251,1.0
HI-Small,514,amlc_00514,e_4214996,152320,1,illicit,1251,1251,1.0
HI-Small,515,amlc_00515,e_4214997,152321,1,illicit,1251,1251,1.0
HI-Small,516,amlc_00516,e_4214998,152322,1,illicit,1251,1251,1.0
HI-Small,517,amlc_00517,e_4215000,152324,1,illicit,1251,1251,1.0
HI-Small,518,amlc_00518,e_4215001,152325,1,illicit,1251,1251,1.0
HI-Small,519,amlc_00519,e_4215002,152326,1,illicit,1251,1251,1.0
HI-Small,520,amlc_00520,e_4215263,152587,0,easy_t2,344779,713,483.5610098176718
HI-Small,521,amlc_00521,e_4215863,153187,0,easy_t3,334638,713,469.33800841514727
HI-Small,522,amlc_00522,e_4216367,153691,0,easy_t3,334638,713,469.33800841514727
HI-Small,523,amlc_00523,e_4216975,154299,0,easy_t3,334638,713,469.33800841514727
HI-Small,524,amlc_00524,e_4217192,154516,0,easy_t2,344779,713,483.5610098176718
HI-Small,525,amlc_00525,e_4221569,158893,0,easy_t2,344779,713,483.5610098176718
HI-Small,526,amlc_00526,e_4221916,159240,0,easy_t1,334638,713,469.33800841514727
HI-Small,527,amlc_00527,e_4222456,159780,0,easy_t2,344779,713,483.5610098176718
HI-Small,528,amlc_00528,e_4223055,160379,0,easy_t2,344779,713,483.5610098176718
HI-Small,529,amlc_00529,e_4224209,161533,0,easy_t1,334638,713,469.33800841514727
HI-Small,530,amlc_00530,e_4225092,162416,0,easy_t2,344779,713,483.5610098176718
HI-Small,531,amlc_00531,e_4225158,162482,0,easy_t1,334638,713,469.33800841514727
HI-Small,532,amlc_00532,e_4225377,162701,0,easy_t2,344779,713,483.5610098176718
HI-Small,533,amlc_00533,e_4225627,162951,0,hard_neg,363,363,1.0
HI-Small,534,amlc_00534,e_4226438,163762,0,easy_t3,334638,713,469.33800841514727
HI-Small,535,amlc_00535,e_4226554,163878,0,easy_t3,334638,713,469.33800841514727
HI-Small,536,amlc_00536,e_4226740,164064,0,easy_t3,334638,713,469.33800841514727
HI-Small,537,amlc_00537,e_4226856,164180,0,easy_t3,334638,713,469.33800841514727
HI-Small,538,amlc_00538,e_4226857,164181,0,easy_t3,334638,713,469.33800841514727
HI-Small,539,amlc_00539,e_4227071,164395,0,easy_t3,334638,713,469.33800841514727
HI-Small,540,amlc_00540,e_4227369,164693,0,easy_t1,334638,713,469.33800841514727
HI-Small,541,amlc_00541,e_4227793,165117,0,easy_t2,344779,713,483.5610098176718
HI-Small,542,amlc_00542,e_4228143,165467,0,easy_t1,334638,713,469.33800841514727
HI-Small,543,amlc_00543,e_4228975,166299,0,easy_t3,334638,713,469.33800841514727
HI-Small,544,amlc_00544,e_4229357,166681,0,easy_t3,334638,713,469.33800841514727
HI-Small,545,amlc_00545,e_4229685,167009,0,easy_t3,334638,713,469.33800841514727
HI-Small,546,amlc_00546,e_4229794,167118,0,easy_t2,344779,713,483.5610098176718
HI-Small,547,amlc_00547,e_4230016,167340,0,easy_t1,334638,713,469.33800841514727
HI-Small,548,amlc_00548,e_4230048,167372,0,easy_t3,334638,713,469.33800841514727
HI-Small,549,amlc_00549,e_4230674,167998,0,easy_t3,334638,713,469.33800841514727
HI-Small,550,amlc_00550,e_4230677,168001,0,easy_t2,344779,713,483.5610098176718
HI-Small,551,amlc_00551,e_4230902,168226,1,illicit,1251,1251,1.0
HI-Small,552,amlc_00552,e_4231221,168545,1,illicit,1251,1251,1.0
HI-Small,553,amlc_00553,e_4231665,168989,0,hard_neg,363,363,1.0
HI-Small,554,amlc_00554,e_4231815,169139,0,easy_t3,334638,713,469.33800841514727
HI-Small,555,amlc_00555,e_4232090,169414,0,easy_t3,334638,713,469.33800841514727
HI-Small,556,amlc_00556,e_4232588,169912,0,easy_t3,334638,713,469.33800841514727
HI-Small,557,amlc_00557,e_4232634,169958,0,easy_t3,334638,713,469.33800841514727
HI-Small,558,amlc_00558,e_4232782,170106,0,easy_t3,334638,713,469.33800841514727
HI-Small,559,amlc_00559,e_4233244,170568,0,easy_t2,344779,713,483.5610098176718
HI-Small,560,amlc_00560,e_4235111,172435,0,easy_t1,334638,713,469.33800841514727
HI-Small,561,amlc_00561,e_4235195,172519,0,easy_t1,334638,713,469.33800841514727
HI-Small,562,amlc_00562,e_4235277,172601,0,easy_t1,334638,713,469.33800841514727
HI-Small,563,amlc_00563,e_4236215,173539,0,easy_t3,334638,713,469.33800841514727
HI-Small,564,amlc_00564,e_4236728,174052,1,illicit,1251,1251,1.0
HI-Small,565,amlc_00565,e_4236794,174118,0,easy_t3,334638,713,469.33800841514727
HI-Small,566,amlc_00566,e_4237413,174737,0,easy_t3,334638,713,469.33800841514727
HI-Small,567,amlc_00567,e_4237470,174794,0,easy_t3,334638,713,469.33800841514727
HI-Small,568,amlc_00568,e_4237800,175124,0,easy_t3,334638,713,469.33800841514727
HI-Small,569,amlc_00569,e_4237884,175208,0,easy_t3,334638,713,469.33800841514727
HI-Small,570,amlc_00570,e_4238417,175741,0,easy_t1,334638,713,469.33800841514727
HI-Small,571,amlc_00571,e_4238801,176125,0,easy_t3,334638,713,469.33800841514727
HI-Small,572,amlc_00572,e_4238899,176223,0,easy_t3,334638,713,469.33800841514727
HI-Small,573,amlc_00573,e_4238975,176299,0,easy_t2,344779,713,483.5610098176718
HI-Small,574,amlc_00574,e_4239556,176880,0,easy_t3,334638,713,469.33800841514727
HI-Small,575,amlc_00575,e_4239719,177043,0,easy_t3,334638,713,469.33800841514727
HI-Small,576,amlc_00576,e_4239898,177222,0,hard_neg,363,363,1.0
HI-Small,577,amlc_00577,e_4239988,177312,0,easy_t3,334638,713,469.33800841514727
HI-Small,578,amlc_00578,e_4240153,177477,0,easy_t3,334638,713,469.33800841514727
HI-Small,579,amlc_00579,e_4240792,178116,0,easy_t3,334638,713,469.33800841514727
HI-Small,580,amlc_00580,e_4240855,178179,0,hard_neg,363,363,1.0
HI-Small,581,amlc_00581,e_4241305,178629,0,easy_t3,334638,713,469.33800841514727
HI-Small,582,amlc_00582,e_4241513,178837,0,easy_t3,334638,713,469.33800841514727
HI-Small,583,amlc_00583,e_4242262,179586,0,easy_t3,334638,713,469.33800841514727
HI-Small,584,amlc_00584,e_4242450,179774,1,illicit,1251,1251,1.0
HI-Small,585,amlc_00585,e_4242452,179776,0,hard_neg,363,363,1.0
HI-Small,586,amlc_00586,e_4242453,179777,1,illicit,1251,1251,1.0
HI-Small,587,amlc_00587,e_4242455,179779,1,illicit,1251,1251,1.0
HI-Small,588,amlc_00588,e_4242457,179781,0,hard_neg,363,363,1.0
HI-Small,589,amlc_00589,e_4242458,179782,1,illicit,1251,1251,1.0
HI-Small,590,amlc_00590,e_4242459,179783,0,hard_neg,363,363,1.0
HI-Small,591,amlc_00591,e_4242460,179784,1,illicit,1251,1251,1.0
HI-Small,592,amlc_00592,e_4242462,179786,0,hard_neg,363,363,1.0
HI-Small,593,amlc_00593,e_4242463,179787,1,illicit,1251,1251,1.0
HI-Small,594,amlc_00594,e_4242465,179789,1,illicit,1251,1251,1.0
HI-Small,595,amlc_00595,e_4242466,179790,1,illicit,1251,1251,1.0
HI-Small,596,amlc_00596,e_4242578,179902,0,easy_t3,334638,713,469.33800841514727
HI-Small,597,amlc_00597,e_4242725,180049,0,easy_t3,334638,713,469.33800841514727
HI-Small,598,amlc_00598,e_4242763,180087,0,easy_t3,334638,713,469.33800841514727
HI-Small,599,amlc_00599,e_4243114,180438,0,easy_t1,334638,713,469.33800841514727
HI-Small,600,amlc_00600,e_4243687,181011,0,easy_t1,334638,713,469.33800841514727
HI-Small,601,amlc_00601,e_4243696,181020,0,easy_t2,344779,713,483.5610098176718
HI-Small,602,amlc_00602,e_4244613,181937,0,easy_t1,334638,713,469.33800841514727
HI-Small,603,amlc_00603,e_4245062,182386,0,easy_t1,334638,713,469.33800841514727
HI-Small,604,amlc_00604,e_4245279,182603,0,easy_t1,334638,713,469.33800841514727
HI-Small,605,amlc_00605,e_4245443,182767,0,hard_neg,363,363,1.0
HI-Small,606,amlc_00606,e_4246140,183464,0,easy_t2,344779,713,483.5610098176718
HI-Small,607,amlc_00607,e_4246672,183996,0,easy_t3,334638,713,469.33800841514727
HI-Small,608,amlc_00608,e_4246767,184091,0,easy_t3,334638,713,469.33800841514727
HI-Small,609,amlc_00609,e_4246897,184221,0,easy_t2,344779,713,483.5610098176718
HI-Small,610,amlc_00610,e_4247346,184670,0,easy_t2,344779,713,483.5610098176718
HI-Small,611,amlc_00611,e_4247349,184673,0,easy_t3,334638,713,469.33800841514727
HI-Small,612,amlc_00612,e_4247612,184936,0,hard_neg,363,363,1.0
HI-Small,613,amlc_00613,e_4247750,185074,0,easy_t1,334638,713,469.33800841514727
HI-Small,614,amlc_00614,e_4247816,185140,1,illicit,1251,1251,1.0
HI-Small,615,amlc_00615,e_4248099,185423,0,easy_t3,334638,713,469.33800841514727
HI-Small,616,amlc_00616,e_4248342,185666,0,easy_t3,334638,713,469.33800841514727
HI-Small,617,amlc_00617,e_4248587,185911,1,illicit,1251,1251,1.0
HI-Small,618,amlc_00618,e_4248885,186209,0,easy_t1,334638,713,469.33800841514727
HI-Small,619,amlc_00619,e_4248956,186280,0,easy_t1,334638,713,469.33800841514727
HI-Small,620,amlc_00620,e_4249576,186900,0,easy_t3,334638,713,469.33800841514727
HI-Small,621,amlc_00621,e_4250006,187330,0,easy_t1,334638,713,469.33800841514727
HI-Small,622,amlc_00622,e_4250578,187902,0,easy_t2,344779,713,483.5610098176718
HI-Small,623,amlc_00623,e_4252487,189811,0,easy_t2,344779,713,483.5610098176718
HI-Small,624,amlc_00624,e_4252721,190045,0,easy_t3,334638,713,469.33800841514727
HI-Small,625,amlc_00625,e_4252950,190274,0,easy_t1,334638,713,469.33800841514727
HI-Small,626,amlc_00626,e_4253210,190534,0,easy_t1,334638,713,469.33800841514727
HI-Small,627,amlc_00627,e_4253678,191002,0,hard_neg,363,363,1.0
HI-Small,628,amlc_00628,e_4253838,191162,0,easy_t1,334638,713,469.33800841514727
HI-Small,629,amlc_00629,e_4254077,191401,0,easy_t3,334638,713,469.33800841514727
HI-Small,630,amlc_00630,e_4254683,192007,0,easy_t3,334638,713,469.33800841514727
HI-Small,631,amlc_00631,e_4254915,192239,0,easy_t3,334638,713,469.33800841514727
HI-Small,632,amlc_00632,e_4255114,192438,0,hard_neg,363,363,1.0
HI-Small,633,amlc_00633,e_4255115,192439,0,hard_neg,363,363,1.0
HI-Small,634,amlc_00634,e_4255140,192464,1,illicit,1251,1251,1.0
HI-Small,635,amlc_00635,e_4255367,192691,0,easy_t3,334638,713,469.33800841514727
HI-Small,636,amlc_00636,e_4256079,193403,0,easy_t3,334638,713,469.33800841514727
HI-Small,637,amlc_00637,e_4256556,193880,0,easy_t1,334638,713,469.33800841514727
HI-Small,638,amlc_00638,e_4256800,194124,0,easy_t1,334638,713,469.33800841514727
HI-Small,639,amlc_00639,e_4257994,195318,0,easy_t2,344779,713,483.5610098176718
HI-Small,640,amlc_00640,e_4258011,195335,1,illicit,1251,1251,1.0
HI-Small,641,amlc_00641,e_4258219,195543,0,easy_t3,334638,713,469.33800841514727
HI-Small,642,amlc_00642,e_4259153,196477,0,easy_t1,334638,713,469.33800841514727
HI-Small,643,amlc_00643,e_4259503,196827,1,illicit,1251,1251,1.0
HI-Small,644,amlc_00644,e_4259848,197172,0,easy_t1,334638,713,469.33800841514727
HI-Small,645,amlc_00645,e_4259959,197283,0,hard_neg,363,363,1.0
HI-Small,646,amlc_00646,e_4260144,197468,0,easy_t3,334638,713,469.33800841514727
HI-Small,647,amlc_00647,e_4260465,197789,0,easy_t1,334638,713,469.33800841514727
HI-Small,648,amlc_00648,e_4260571,197895,0,easy_t3,334638,713,469.33800841514727
HI-Small,649,amlc_00649,e_4261322,198646,0,easy_t2,344779,713,483.5610098176718
HI-Small,650,amlc_00650,e_4262133,199457,0,hard_neg,363,363,1.0
HI-Small,651,amlc_00651,e_4262343,199667,0,easy_t1,334638,713,469.33800841514727
HI-Small,652,amlc_00652,e_4262443,199767,0,easy_t1,334638,713,469.33800841514727
HI-Small,653,amlc_00653,e_4262732,200056,0,easy_t1,334638,713,469.33800841514727
HI-Small,654,amlc_00654,e_4262990,200314,0,easy_t2,344779,713,483.5610098176718
HI-Small,655,amlc_00655,e_4263081,200405,0,easy_t1,334638,713,469.33800841514727
HI-Small,656,amlc_00656,e_4263153,200477,0,easy_t3,334638,713,469.33800841514727
HI-Small,657,amlc_00657,e_4263301,200625,0,easy_t1,334638,713,469.33800841514727
HI-Small,658,amlc_00658,e_4264023,201347,0,easy_t2,344779,713,483.5610098176718
HI-Small,659,amlc_00659,e_4264525,201849,0,easy_t3,334638,713,469.33800841514727
HI-Small,660,amlc_00660,e_4265277,202601,0,easy_t1,334638,713,469.33800841514727
HI-Small,661,amlc_00661,e_4265478,202802,0,easy_t2,344779,713,483.5610098176718
HI-Small,662,amlc_00662,e_4265992,203316,0,easy_t1,334638,713,469.33800841514727
HI-Small,663,amlc_00663,e_4266129,203453,0,easy_t2,344779,713,483.5610098176718
HI-Small,664,amlc_00664,e_4266255,203579,0,easy_t3,334638,713,469.33800841514727
HI-Small,665,amlc_00665,e_4266985,204309,0,easy_t1,334638,713,469.33800841514727
HI-Small,666,amlc_00666,e_4267380,204704,0,easy_t3,334638,713,469.33800841514727
HI-Small,667,amlc_00667,e_4267385,204709,0,easy_t2,344779,713,483.5610098176718
HI-Small,668,amlc_00668,e_4267836,205160,0,easy_t1,334638,713,469.33800841514727
HI-Small,669,amlc_00669,e_4267921,205245,0,hard_neg,363,363,1.0
HI-Small,670,amlc_00670,e_4267978,205302,0,hard_neg,363,363,1.0
HI-Small,671,amlc_00671,e_4268101,205425,0,hard_neg,363,363,1.0
HI-Small,672,amlc_00672,e_4268234,205558,0,hard_neg,363,363,1.0
HI-Small,673,amlc_00673,e_4268731,206055,0,hard_neg,363,363,1.0
HI-Small,674,amlc_00674,e_4269076,206400,0,easy_t3,334638,713,469.33800841514727
HI-Small,675,amlc_00675,e_4269379,206703,0,easy_t2,344779,713,483.5610098176718
HI-Small,676,amlc_00676,e_4269443,206767,1,illicit,1251,1251,1.0
HI-Small,677,amlc_00677,e_4269444,206768,1,illicit,1251,1251,1.0
HI-Small,678,amlc_00678,e_4269446,206770,1,illicit,1251,1251,1.0
HI-Small,679,amlc_00679,e_4269448,206772,1,illicit,1251,1251,1.0
HI-Small,680,amlc_00680,e_4269449,206773,1,illicit,1251,1251,1.0
HI-Small,681,amlc_00681,e_4269451,206775,1,illicit,1251,1251,1.0
HI-Small,682,amlc_00682,e_4269457,206781,0,hard_neg,363,363,1.0
HI-Small,683,amlc_00683,e_4269458,206782,1,illicit,1251,1251,1.0
HI-Small,684,amlc_00684,e_4269459,206783,1,illicit,1251,1251,1.0
HI-Small,685,amlc_00685,e_4269460,206784,1,illicit,1251,1251,1.0
HI-Small,686,amlc_00686,e_4269461,206785,1,illicit,1251,1251,1.0
HI-Small,687,amlc_00687,e_4269462,206786,1,illicit,1251,1251,1.0
HI-Small,688,amlc_00688,e_4269463,206787,1,illicit,1251,1251,1.0
HI-Small,689,amlc_00689,e_4269464,206788,1,illicit,1251,1251,1.0
HI-Small,690,amlc_00690,e_4269465,206789,1,illicit,1251,1251,1.0
HI-Small,691,amlc_00691,e_4269466,206790,0,hard_neg,363,363,1.0
HI-Small,692,amlc_00692,e_4269467,206791,1,illicit,1251,1251,1.0
HI-Small,693,amlc_00693,e_4269468,206792,1,illicit,1251,1251,1.0
HI-Small,694,amlc_00694,e_4269469,206793,1,illicit,1251,1251,1.0
HI-Small,695,amlc_00695,e_4269830,207154,0,easy_t3,334638,713,469.33800841514727
HI-Small,696,amlc_00696,e_4270957,208281,0,easy_t2,344779,713,483.5610098176718
HI-Small,697,amlc_00697,e_4270991,208315,0,easy_t3,334638,713,469.33800841514727
HI-Small,698,amlc_00698,e_4271017,208341,0,easy_t1,334638,713,469.33800841514727
HI-Small,699,amlc_00699,e_4271134,208458,0,easy_t3,334638,713,469.33800841514727
HI-Small,700,amlc_00700,e_4271891,209215,0,easy_t1,334638,713,469.33800841514727
HI-Small,701,amlc_00701,e_4272040,209364,0,easy_t2,344779,713,483.5610098176718
HI-Small,702,amlc_00702,e_4272097,209421,0,easy_t1,334638,713,469.33800841514727
HI-Small,703,amlc_00703,e_4272564,209888,0,easy_t1,334638,713,469.33800841514727
HI-Small,704,amlc_00704,e_4272700,210024,0,easy_t1,334638,713,469.33800841514727
HI-Small,705,amlc_00705,e_4272837,210161,0,easy_t3,334638,713,469.33800841514727
HI-Small,706,amlc_00706,e_4273678,211002,0,hard_neg,363,363,1.0
HI-Small,707,amlc_00707,e_4273734,211058,0,hard_neg,363,363,1.0
HI-Small,708,amlc_00708,e_4273743,211067,0,hard_neg,363,363,1.0
HI-Small,709,amlc_00709,e_4274392,211716,0,easy_t1,334638,713,469.33800841514727
HI-Small,710,amlc_00710,e_4274441,211765,0,easy_t3,334638,713,469.33800841514727
HI-Small,711,amlc_00711,e_4274743,212067,0,easy_t3,334638,713,469.33800841514727
HI-Small,712,amlc_00712,e_4275042,212366,0,easy_t3,334638,713,469.33800841514727
HI-Small,713,amlc_00713,e_4275232,212556,1,illicit,1251,1251,1.0
HI-Small,714,amlc_00714,e_4275567,212891,0,easy_t1,334638,713,469.33800841514727
HI-Small,715,amlc_00715,e_4276236,213560,0,easy_t2,344779,713,483.5610098176718
HI-Small,716,amlc_00716,e_4276627,213951,0,hard_neg,363,363,1.0
HI-Small,717,amlc_00717,e_4276863,214187,0,easy_t2,344779,713,483.5610098176718
HI-Small,718,amlc_00718,e_4277574,214898,1,illicit,1251,1251,1.0
HI-Small,719,amlc_00719,e_4277640,214964,0,easy_t2,344779,713,483.5610098176718
HI-Small,720,amlc_00720,e_4277821,215145,0,hard_neg,363,363,1.0
HI-Small,721,amlc_00721,e_4277928,215252,0,easy_t3,334638,713,469.33800841514727
HI-Small,722,amlc_00722,e_4277942,215266,0,easy_t1,334638,713,469.33800841514727
HI-Small,723,amlc_00723,e_4278120,215444,0,easy_t1,334638,713,469.33800841514727
HI-Small,724,amlc_00724,e_4280043,217367,0,easy_t3,334638,713,469.33800841514727
HI-Small,725,amlc_00725,e_4280602,217926,0,easy_t3,334638,713,469.33800841514727
HI-Small,726,amlc_00726,e_4280776,218100,0,hard_neg,363,363,1.0
HI-Small,727,amlc_00727,e_4281201,218525,0,easy_t3,334638,713,469.33800841514727
HI-Small,728,amlc_00728,e_4281228,218552,0,easy_t3,334638,713,469.33800841514727
HI-Small,729,amlc_00729,e_4281336,218660,0,easy_t3,334638,713,469.33800841514727
HI-Small,730,amlc_00730,e_4282287,219611,0,easy_t3,334638,713,469.33800841514727
HI-Small,731,amlc_00731,e_4282702,220026,0,easy_t3,334638,713,469.33800841514727
HI-Small,732,amlc_00732,e_4283006,220330,1,illicit,1251,1251,1.0
HI-Small,733,amlc_00733,e_4283723,221047,0,easy_t1,334638,713,469.33800841514727
HI-Small,734,amlc_00734,e_4283985,221309,1,illicit,1251,1251,1.0
HI-Small,735,amlc_00735,e_4284832,222156,1,illicit,1251,1251,1.0
HI-Small,736,amlc_00736,e_4285015,222339,0,easy_t1,334638,713,469.33800841514727
HI-Small,737,amlc_00737,e_4286184,223508,0,easy_t3,334638,713,469.33800841514727
HI-Small,738,amlc_00738,e_4286255,223579,0,easy_t2,344779,713,483.5610098176718
HI-Small,739,amlc_00739,e_4286323,223647,0,easy_t2,344779,713,483.5610098176718
HI-Small,740,amlc_00740,e_4287099,224423,0,easy_t1,334638,713,469.33800841514727
HI-Small,741,amlc_00741,e_4287558,224882,0,easy_t1,334638,713,469.33800841514727
HI-Small,742,amlc_00742,e_4287991,225315,1,illicit,1251,1251,1.0
HI-Small,743,amlc_00743,e_4288844,226168,1,illicit,1251,1251,1.0
HI-Small,744,amlc_00744,e_4289075,226399,0,easy_t2,344779,713,483.5610098176718
HI-Small,745,amlc_00745,e_4289467,226791,0,easy_t1,334638,713,469.33800841514727
HI-Small,746,amlc_00746,e_4289966,227290,1,illicit,1251,1251,1.0
HI-Small,747,amlc_00747,e_4290141,227465,0,easy_t1,334638,713,469.33800841514727
HI-Small,748,amlc_00748,e_4290217,227541,0,hard_neg,363,363,1.0
HI-Small,749,amlc_00749,e_4290410,227734,0,easy_t1,334638,713,469.33800841514727
HI-Small,750,amlc_00750,e_4290506,227830,0,easy_t1,334638,713,469.33800841514727
HI-Small,751,amlc_00751,e_4290544,227868,0,easy_t3,334638,713,469.33800841514727
HI-Small,752,amlc_00752,e_4290831,228155,0,easy_t1,334638,713,469.33800841514727
HI-Small,753,amlc_00753,e_4291820,229144,0,easy_t3,334638,713,469.33800841514727
HI-Small,754,amlc_00754,e_4292479,229803,0,easy_t3,334638,713,469.33800841514727
HI-Small,755,amlc_00755,e_4292897,230221,0,hard_neg,363,363,1.0
HI-Small,756,amlc_00756,e_4293125,230449,0,easy_t2,344779,713,483.5610098176718
HI-Small,757,amlc_00757,e_4293206,230530,1,illicit,1251,1251,1.0
HI-Small,758,amlc_00758,e_4293432,230756,0,easy_t2,344779,713,483.5610098176718
HI-Small,759,amlc_00759,e_4293877,231201,0,easy_t2,344779,713,483.5610098176718
HI-Small,760,amlc_00760,e_4294059,231383,1,illicit,1251,1251,1.0
HI-Small,761,amlc_00761,e_4294283,231607,1,illicit,1251,1251,1.0
HI-Small,762,amlc_00762,e_4294336,231660,0,easy_t1,334638,713,469.33800841514727
HI-Small,763,amlc_00763,e_4294448,231772,0,easy_t3,334638,713,469.33800841514727
HI-Small,764,amlc_00764,e_4294491,231815,0,hard_neg,363,363,1.0
HI-Small,765,amlc_00765,e_4295073,232397,0,easy_t3,334638,713,469.33800841514727
HI-Small,766,amlc_00766,e_4295199,232523,0,hard_neg,363,363,1.0
HI-Small,767,amlc_00767,e_4295293,232617,0,easy_t3,334638,713,469.33800841514727
HI-Small,768,amlc_00768,e_4295367,232691,0,easy_t3,334638,713,469.33800841514727
HI-Small,769,amlc_00769,e_4296199,233523,0,hard_neg,363,363,1.0
HI-Small,770,amlc_00770,e_4296363,233687,0,easy_t3,334638,713,469.33800841514727
HI-Small,771,amlc_00771,e_4296409,233733,0,hard_neg,363,363,1.0
HI-Small,772,amlc_00772,e_4296462,233786,1,illicit,1251,1251,1.0
HI-Small,773,amlc_00773,e_4296463,233787,1,illicit,1251,1251,1.0
HI-Small,774,amlc_00774,e_4296464,233788,1,illicit,1251,1251,1.0
HI-Small,775,amlc_00775,e_4296465,233789,1,illicit,1251,1251,1.0
HI-Small,776,amlc_00776,e_4297267,234591,1,illicit,1251,1251,1.0
HI-Small,777,amlc_00777,e_4297534,234858,0,easy_t1,334638,713,469.33800841514727
HI-Small,778,amlc_00778,e_4297595,234919,0,easy_t3,334638,713,469.33800841514727
HI-Small,779,amlc_00779,e_4297720,235044,0,easy_t1,334638,713,469.33800841514727
HI-Small,780,amlc_00780,e_4297812,235136,0,easy_t2,344779,713,483.5610098176718
HI-Small,781,amlc_00781,e_4298096,235420,1,illicit,1251,1251,1.0
HI-Small,782,amlc_00782,e_4298422,235746,0,hard_neg,363,363,1.0
HI-Small,783,amlc_00783,e_4300205,237529,0,easy_t1,334638,713,469.33800841514727
HI-Small,784,amlc_00784,e_4300337,237661,0,easy_t1,334638,713,469.33800841514727
HI-Small,785,amlc_00785,e_4300703,238027,1,illicit,1251,1251,1.0
HI-Small,786,amlc_00786,e_4300729,238053,0,easy_t1,334638,713,469.33800841514727
HI-Small,787,amlc_00787,e_4300879,238203,0,easy_t2,344779,713,483.5610098176718
HI-Small,788,amlc_00788,e_4301012,238336,0,hard_neg,363,363,1.0
HI-Small,789,amlc_00789,e_4301559,238883,0,hard_neg,363,363,1.0
HI-Small,790,amlc_00790,e_4301645,238969,1,illicit,1251,1251,1.0
HI-Small,791,amlc_00791,e_4302571,239895,0,easy_t2,344779,713,483.5610098176718
HI-Small,792,amlc_00792,e_4302887,240211,0,easy_t2,344779,713,483.5610098176718
HI-Small,793,amlc_00793,e_4303219,240543,0,easy_t1,334638,713,469.33800841514727
HI-Small,794,amlc_00794,e_4304896,242220,0,easy_t1,334638,713,469.33800841514727
HI-Small,795,amlc_00795,e_4305150,242474,0,easy_t2,344779,713,483.5610098176718
HI-Small,796,amlc_00796,e_4305327,242651,0,easy_t1,334638,713,469.33800841514727
HI-Small,797,amlc_00797,e_4305991,243315,0,easy_t1,334638,713,469.33800841514727
HI-Small,798,amlc_00798,e_4306103,243427,0,easy_t2,344779,713,483.5610098176718
HI-Small,799,amlc_00799,e_4306525,243849,0,hard_neg,363,363,1.0
HI-Small,800,amlc_00800,e_4306889,244213,0,hard_neg,363,363,1.0
HI-Small,801,amlc_00801,e_4306937,244261,0,easy_t3,334638,713,469.33800841514727
HI-Small,802,amlc_00802,e_4307688,245012,1,illicit,1251,1251,1.0
HI-Small,803,amlc_00803,e_4307783,245107,1,illicit,1251,1251,1.0
HI-Small,804,amlc_00804,e_4307928,245252,0,easy_t2,344779,713,483.5610098176718
HI-Small,805,amlc_00805,e_4308710,246034,0,easy_t2,344779,713,483.5610098176718
HI-Small,806,amlc_00806,e_4308752,246076,0,easy_t3,334638,713,469.33800841514727
HI-Small,807,amlc_00807,e_4308888,246212,0,easy_t2,344779,713,483.5610098176718
HI-Small,808,amlc_00808,e_4309135,246459,0,hard_neg,363,363,1.0
HI-Small,809,amlc_00809,e_4309674,246998,0,easy_t3,334638,713,469.33800841514727
HI-Small,810,amlc_00810,e_4309709,247033,0,easy_t2,344779,713,483.5610098176718
HI-Small,811,amlc_00811,e_4310006,247330,0,easy_t3,334638,713,469.33800841514727
HI-Small,812,amlc_00812,e_4310026,247350,0,easy_t2,344779,713,483.5610098176718
HI-Small,813,amlc_00813,e_4310258,247582,0,easy_t2,344779,713,483.5610098176718
HI-Small,814,amlc_00814,e_4310688,248012,0,easy_t2,344779,713,483.5610098176718
HI-Small,815,amlc_00815,e_4310831,248155,1,illicit,1251,1251,1.0
HI-Small,816,amlc_00816,e_4311718,249042,0,hard_neg,363,363,1.0
HI-Small,817,amlc_00817,e_4312147,249471,0,easy_t3,334638,713,469.33800841514727
HI-Small,818,amlc_00818,e_4312151,249475,0,easy_t2,344779,713,483.5610098176718
HI-Small,819,amlc_00819,e_4312950,250274,0,easy_t1,334638,713,469.33800841514727
HI-Small,820,amlc_00820,e_4313267,250591,0,easy_t3,334638,713,469.33800841514727
HI-Small,821,amlc_00821,e_4313478,250802,0,easy_t3,334638,713,469.33800841514727
HI-Small,822,amlc_00822,e_4313527,250851,0,easy_t2,344779,713,483.5610098176718
HI-Small,823,amlc_00823,e_4313554,250878,1,illicit,1251,1251,1.0
HI-Small,824,amlc_00824,e_4313688,251012,0,easy_t3,334638,713,469.33800841514727
HI-Small,825,amlc_00825,e_4313809,251133,0,easy_t3,334638,713,469.33800841514727
HI-Small,826,amlc_00826,e_4313903,251227,0,easy_t2,344779,713,483.5610098176718
HI-Small,827,amlc_00827,e_4314052,251376,0,easy_t1,334638,713,469.33800841514727
HI-Small,828,amlc_00828,e_4314380,251704,1,illicit,1251,1251,1.0
HI-Small,829,amlc_00829,e_4314605,251929,0,hard_neg,363,363,1.0
HI-Small,830,amlc_00830,e_4315616,252940,1,illicit,1251,1251,1.0
HI-Small,831,amlc_00831,e_4315617,252941,1,illicit,1251,1251,1.0
HI-Small,832,amlc_00832,e_4315619,252943,1,illicit,1251,1251,1.0
HI-Small,833,amlc_00833,e_4315620,252944,1,illicit,1251,1251,1.0
HI-Small,834,amlc_00834,e_4315621,252945,1,illicit,1251,1251,1.0
HI-Small,835,amlc_00835,e_4315623,252947,1,illicit,1251,1251,1.0
HI-Small,836,amlc_00836,e_4315624,252948,1,illicit,1251,1251,1.0
HI-Small,837,amlc_00837,e_4315625,252949,1,illicit,1251,1251,1.0
HI-Small,838,amlc_00838,e_4315626,252950,1,illicit,1251,1251,1.0
HI-Small,839,amlc_00839,e_4315627,252951,1,illicit,1251,1251,1.0
HI-Small,840,amlc_00840,e_4315676,253000,0,easy_t3,334638,713,469.33800841514727
HI-Small,841,amlc_00841,e_4315732,253056,0,easy_t2,344779,713,483.5610098176718
HI-Small,842,amlc_00842,e_4315845,253169,1,illicit,1251,1251,1.0
HI-Small,843,amlc_00843,e_4316125,253449,0,hard_neg,363,363,1.0
HI-Small,844,amlc_00844,e_4316393,253717,0,easy_t3,334638,713,469.33800841514727
HI-Small,845,amlc_00845,e_4317094,254418,0,easy_t1,334638,713,469.33800841514727
HI-Small,846,amlc_00846,e_4317307,254631,0,easy_t2,344779,713,483.5610098176718
HI-Small,847,amlc_00847,e_4318083,255407,0,hard_neg,363,363,1.0
HI-Small,848,amlc_00848,e_4318269,255593,0,easy_t2,344779,713,483.5610098176718
HI-Small,849,amlc_00849,e_4318310,255634,0,easy_t1,334638,713,469.33800841514727
HI-Small,850,amlc_00850,e_4318438,255762,0,hard_neg,363,363,1.0
HI-Small,851,amlc_00851,e_4318643,255967,0,easy_t1,334638,713,469.33800841514727
HI-Small,852,amlc_00852,e_4318713,256037,0,easy_t2,344779,713,483.5610098176718
HI-Small,853,amlc_00853,e_4318841,256165,0,easy_t2,344779,713,483.5610098176718
HI-Small,854,amlc_00854,e_4318878,256202,0,easy_t1,334638,713,469.33800841514727
HI-Small,855,amlc_00855,e_4319191,256515,0,easy_t2,344779,713,483.5610098176718
HI-Small,856,amlc_00856,e_4319415,256739,0,easy_t3,334638,713,469.33800841514727
HI-Small,857,amlc_00857,e_4321292,258616,0,easy_t1,334638,713,469.33800841514727
HI-Small,858,amlc_00858,e_4321416,258740,0,easy_t3,334638,713,469.33800841514727
HI-Small,859,amlc_00859,e_4322566,259890,0,easy_t3,334638,713,469.33800841514727
HI-Small,860,amlc_00860,e_4322605,259929,0,easy_t2,344779,713,483.5610098176718
HI-Small,861,amlc_00861,e_4322739,260063,0,easy_t3,334638,713,469.33800841514727
HI-Small,862,amlc_00862,e_4322767,260091,1,illicit,1251,1251,1.0
HI-Small,863,amlc_00863,e_4322868,260192,0,hard_neg,363,363,1.0
HI-Small,864,amlc_00864,e_4323402,260726,1,illicit,1251,1251,1.0
HI-Small,865,amlc_00865,e_4323589,260913,0,hard_neg,363,363,1.0
HI-Small,866,amlc_00866,e_4323919,261243,0,easy_t3,334638,713,469.33800841514727
HI-Small,867,amlc_00867,e_4323975,261299,0,easy_t1,334638,713,469.33800841514727
HI-Small,868,amlc_00868,e_4324360,261684,0,easy_t2,344779,713,483.5610098176718
HI-Small,869,amlc_00869,e_4324660,261984,0,easy_t1,334638,713,469.33800841514727
HI-Small,870,amlc_00870,e_4324881,262205,0,hard_neg,363,363,1.0
HI-Small,871,amlc_00871,e_4324892,262216,0,easy_t1,334638,713,469.33800841514727
HI-Small,872,amlc_00872,e_4325509,262833,0,easy_t3,334638,713,469.33800841514727
HI-Small,873,amlc_00873,e_4326303,263627,0,hard_neg,363,363,1.0
HI-Small,874,amlc_00874,e_4326679,264003,0,easy_t3,334638,713,469.33800841514727
HI-Small,875,amlc_00875,e_4326891,264215,0,easy_t3,334638,713,469.33800841514727
HI-Small,876,amlc_00876,e_4327433,264757,0,hard_neg,363,363,1.0
HI-Small,877,amlc_00877,e_4327493,264817,0,easy_t1,334638,713,469.33800841514727
HI-Small,878,amlc_00878,e_4327510,264834,0,easy_t1,334638,713,469.33800841514727
HI-Small,879,amlc_00879,e_4328019,265343,0,easy_t3,334638,713,469.33800841514727
HI-Small,880,amlc_00880,e_4328248,265572,0,easy_t2,344779,713,483.5610098176718
HI-Small,881,amlc_00881,e_4328404,265728,1,illicit,1251,1251,1.0
HI-Small,882,amlc_00882,e_4328586,265910,0,easy_t3,334638,713,469.33800841514727
HI-Small,883,amlc_00883,e_4328830,266154,0,hard_neg,363,363,1.0
HI-Small,884,amlc_00884,e_4329125,266449,0,easy_t3,334638,713,469.33800841514727
HI-Small,885,amlc_00885,e_4329191,266515,1,illicit,1251,1251,1.0
HI-Small,886,amlc_00886,e_4329245,266569,0,easy_t3,334638,713,469.33800841514727
HI-Small,887,amlc_00887,e_4329458,266782,0,easy_t3,334638,713,469.33800841514727
HI-Small,888,amlc_00888,e_4329709,267033,0,easy_t3,334638,713,469.33800841514727
HI-Small,889,amlc_00889,e_4329804,267128,0,easy_t3,334638,713,469.33800841514727
HI-Small,890,amlc_00890,e_4330019,267343,0,easy_t3,334638,713,469.33800841514727
HI-Small,891,amlc_00891,e_4330534,267858,0,easy_t1,334638,713,469.33800841514727
HI-Small,892,amlc_00892,e_4330570,267894,0,easy_t1,334638,713,469.33800841514727
HI-Small,893,amlc_00893,e_4330801,268125,0,easy_t3,334638,713,469.33800841514727
HI-Small,894,amlc_00894,e_4330884,268208,0,easy_t2,344779,713,483.5610098176718
HI-Small,895,amlc_00895,e_4331166,268490,0,easy_t3,334638,713,469.33800841514727
HI-Small,896,amlc_00896,e_4331556,268880,1,illicit,1251,1251,1.0
HI-Small,897,amlc_00897,e_4331771,269095,0,easy_t2,344779,713,483.5610098176718
HI-Small,898,amlc_00898,e_4331897,269221,0,easy_t1,334638,713,469.33800841514727
HI-Small,899,amlc_00899,e_4332084,269408,0,easy_t3,334638,713,469.33800841514727
HI-Small,900,amlc_00900,e_4332865,270189,0,easy_t2,344779,713,483.5610098176718
HI-Small,901,amlc_00901,e_4333567,270891,0,easy_t2,344779,713,483.5610098176718
HI-Small,902,amlc_00902,e_4333902,271226,0,easy_t1,334638,713,469.33800841514727
HI-Small,903,amlc_00903,e_4334165,271489,1,illicit,1251,1251,1.0
HI-Small,904,amlc_00904,e_4334320,271644,1,illicit,1251,1251,1.0
HI-Small,905,amlc_00905,e_4334776,272100,0,easy_t1,334638,713,469.33800841514727
HI-Small,906,amlc_00906,e_4335676,273000,0,hard_neg,363,363,1.0
HI-Small,907,amlc_00907,e_4335869,273193,0,easy_t3,334638,713,469.33800841514727
HI-Small,908,amlc_00908,e_4336174,273498,0,easy_t3,334638,713,469.33800841514727
HI-Small,909,amlc_00909,e_4336473,273797,0,hard_neg,363,363,1.0
HI-Small,910,amlc_00910,e_4336690,274014,0,easy_t2,344779,713,483.5610098176718
HI-Small,911,amlc_00911,e_4336971,274295,0,easy_t1,334638,713,469.33800841514727
HI-Small,912,amlc_00912,e_4337093,274417,0,easy_t3,334638,713,469.33800841514727
HI-Small,913,amlc_00913,e_4337607,274931,1,illicit,1251,1251,1.0
HI-Small,914,amlc_00914,e_4337973,275297,0,easy_t3,334638,713,469.33800841514727
HI-Small,915,amlc_00915,e_4338107,275431,0,easy_t3,334638,713,469.33800841514727
HI-Small,916,amlc_00916,e_4338416,275740,0,easy_t2,344779,713,483.5610098176718
HI-Small,917,amlc_00917,e_4338443,275767,0,hard_neg,363,363,1.0
HI-Small,918,amlc_00918,e_4338995,276319,0,easy_t2,344779,713,483.5610098176718
HI-Small,919,amlc_00919,e_4339060,276384,0,hard_neg,363,363,1.0
HI-Small,920,amlc_00920,e_4339243,276567,0,easy_t1,334638,713,469.33800841514727
HI-Small,921,amlc_00921,e_4339758,277082,0,hard_neg,363,363,1.0
HI-Small,922,amlc_00922,e_4341012,278336,0,easy_t2,344779,713,483.5610098176718
HI-Small,923,amlc_00923,e_4341463,278787,0,easy_t1,334638,713,469.33800841514727
HI-Small,924,amlc_00924,e_4341524,278848,1,illicit,1251,1251,1.0
HI-Small,925,amlc_00925,e_4341783,279107,0,easy_t1,334638,713,469.33800841514727
HI-Small,926,amlc_00926,e_4341822,279146,0,easy_t2,344779,713,483.5610098176718
HI-Small,927,amlc_00927,e_4342277,279601,0,easy_t3,334638,713,469.33800841514727
HI-Small,928,amlc_00928,e_4342297,279621,0,easy_t2,344779,713,483.5610098176718
HI-Small,929,amlc_00929,e_4342509,279833,0,easy_t2,344779,713,483.5610098176718
HI-Small,930,amlc_00930,e_4342575,279899,0,easy_t3,334638,713,469.33800841514727
HI-Small,931,amlc_00931,e_4342629,279953,0,easy_t2,344779,713,483.5610098176718
HI-Small,932,amlc_00932,e_4342737,280061,0,hard_neg,363,363,1.0
HI-Small,933,amlc_00933,e_4342913,280237,0,easy_t2,344779,713,483.5610098176718
HI-Small,934,amlc_00934,e_4343086,280410,0,easy_t1,334638,713,469.33800841514727
HI-Small,935,amlc_00935,e_4343126,280450,0,easy_t2,344779,713,483.5610098176718
HI-Small,936,amlc_00936,e_4343735,281059,0,hard_neg,363,363,1.0
HI-Small,937,amlc_00937,e_4344518,281842,0,hard_neg,363,363,1.0
HI-Small,938,amlc_00938,e_4345241,282565,0,easy_t3,334638,713,469.33800841514727
HI-Small,939,amlc_00939,e_4345659,282983,0,easy_t3,334638,713,469.33800841514727
HI-Small,940,amlc_00940,e_4345866,283190,1,illicit,1251,1251,1.0
HI-Small,941,amlc_00941,e_4345876,283200,0,hard_neg,363,363,1.0
HI-Small,942,amlc_00942,e_4345929,283253,0,easy_t1,334638,713,469.33800841514727
HI-Small,943,amlc_00943,e_4346141,283465,0,easy_t3,334638,713,469.33800841514727
HI-Small,944,amlc_00944,e_4346240,283564,0,hard_neg,363,363,1.0
HI-Small,945,amlc_00945,e_4346434,283758,0,easy_t3,334638,713,469.33800841514727
HI-Small,946,amlc_00946,e_4347016,284340,0,easy_t3,334638,713,469.33800841514727
HI-Small,947,amlc_00947,e_4347349,284673,0,easy_t1,334638,713,469.33800841514727
HI-Small,948,amlc_00948,e_4347527,284851,0,easy_t1,334638,713,469.33800841514727
HI-Small,949,amlc_00949,e_4347654,284978,0,easy_t1,334638,713,469.33800841514727
HI-Small,950,amlc_00950,e_4347775,285099,0,hard_neg,363,363,1.0
HI-Small,951,amlc_00951,e_4348679,286003,0,easy_t1,334638,713,469.33800841514727
HI-Small,952,amlc_00952,e_4349099,286423,0,easy_t3,334638,713,469.33800841514727
HI-Small,953,amlc_00953,e_4349170,286494,1,illicit,1251,1251,1.0
HI-Small,954,amlc_00954,e_4349450,286774,0,easy_t1,334638,713,469.33800841514727
HI-Small,955,amlc_00955,e_4350155,287479,0,easy_t3,334638,713,469.33800841514727
HI-Small,956,amlc_00956,e_4350456,287780,0,easy_t3,334638,713,469.33800841514727
HI-Small,957,amlc_00957,e_4351919,289243,0,easy_t2,344779,713,483.5610098176718
HI-Small,958,amlc_00958,e_4352479,289803,0,easy_t1,334638,713,469.33800841514727
HI-Small,959,amlc_00959,e_4352501,289825,0,easy_t2,344779,713,483.5610098176718
HI-Small,960,amlc_00960,e_4352885,290209,0,easy_t2,344779,713,483.5610098176718
HI-Small,961,amlc_00961,e_4352937,290261,0,easy_t1,334638,713,469.33800841514727
HI-Small,962,amlc_00962,e_4353034,290358,0,easy_t3,334638,713,469.33800841514727
HI-Small,963,amlc_00963,e_4353274,290598,0,hard_neg,363,363,1.0
HI-Small,964,amlc_00964,e_4353321,290645,0,hard_neg,363,363,1.0
HI-Small,965,amlc_00965,e_4353409,290733,0,hard_neg,363,363,1.0
HI-Small,966,amlc_00966,e_4353610,290934,0,hard_neg,363,363,1.0
HI-Small,967,amlc_00967,e_4353745,291069,0,easy_t3,334638,713,469.33800841514727
HI-Small,968,amlc_00968,e_4354110,291434,1,illicit,1251,1251,1.0
HI-Small,969,amlc_00969,e_4354321,291645,0,easy_t3,334638,713,469.33800841514727
HI-Small,970,amlc_00970,e_4354966,292290,0,hard_neg,363,363,1.0
HI-Small,971,amlc_00971,e_4355378,292702,0,easy_t1,334638,713,469.33800841514727
HI-Small,972,amlc_00972,e_4355750,293074,0,easy_t3,334638,713,469.33800841514727
HI-Small,973,amlc_00973,e_4355811,293135,1,illicit,1251,1251,1.0
HI-Small,974,amlc_00974,e_4355903,293227,0,easy_t1,334638,713,469.33800841514727
HI-Small,975,amlc_00975,e_4356427,293751,0,easy_t3,334638,713,469.33800841514727
HI-Small,976,amlc_00976,e_4356459,293783,0,hard_neg,363,363,1.0
HI-Small,977,amlc_00977,e_4357014,294338,0,easy_t3,334638,713,469.33800841514727
HI-Small,978,amlc_00978,e_4358072,295396,0,easy_t2,344779,713,483.5610098176718
HI-Small,979,amlc_00979,e_4358718,296042,0,hard_neg,363,363,1.0
HI-Small,980,amlc_00980,e_4359015,296339,0,easy_t2,344779,713,483.5610098176718
HI-Small,981,amlc_00981,e_4359095,296419,0,easy_t1,334638,713,469.33800841514727
HI-Small,982,amlc_00982,e_4359700,297024,0,easy_t3,334638,713,469.33800841514727
HI-Small,983,amlc_00983,e_4360086,297410,0,easy_t3,334638,713,469.33800841514727
HI-Small,984,amlc_00984,e_4360212,297536,0,easy_t2,344779,713,483.5610098176718
HI-Small,985,amlc_00985,e_4360424,297748,0,easy_t3,334638,713,469.33800841514727
HI-Small,986,amlc_00986,e_4360495,297819,0,easy_t3,334638,713,469.33800841514727
HI-Small,987,amlc_00987,e_4360502,297826,0,easy_t1,334638,713,469.33800841514727
HI-Small,988,amlc_00988,e_4360623,297947,0,easy_t1,334638,713,469.33800841514727
HI-Small,989,amlc_00989,e_4361199,298523,0,easy_t1,334638,713,469.33800841514727
HI-Small,990,amlc_00990,e_4361875,299199,0,easy_t3,334638,713,469.33800841514727
HI-Small,991,amlc_00991,e_4361978,299302,0,hard_neg,363,363,1.0
HI-Small,992,amlc_00992,e_4362644,299968,0,hard_neg,363,363,1.0
HI-Small,993,amlc_00993,e_4363208,300532,0,hard_neg,363,363,1.0
HI-Small,994,amlc_00994,e_4363348,300672,0,easy_t1,334638,713,469.33800841514727
HI-Small,995,amlc_00995,e_4363356,300680,1,illicit,1251,1251,1.0
HI-Small,996,amlc_00996,e_4363915,301239,0,hard_neg,363,363,1.0
HI-Small,997,amlc_00997,e_4364130,301454,0,easy_t3,334638,713,469.33800841514727
HI-Small,998,amlc_00998,e_4364258,301582,0,hard_neg,363,363,1.0
HI-Small,999,amlc_00999,e_4366145,303469,0,easy_t1,334638,713,469.33800841514727
HI-Small,1000,amlc_01000,e_4366184,303508,0,easy_t2,344779,713,483.5610098176718
HI-Small,1001,amlc_01001,e_4366455,303779,1,illicit,1251,1251,1.0
HI-Small,1002,amlc_01002,e_4367130,304454,0,easy_t2,344779,713,483.5610098176718
HI-Small,1003,amlc_01003,e_4367331,304655,0,easy_t3,334638,713,469.33800841514727
HI-Small,1004,amlc_01004,e_4367340,304664,0,easy_t2,344779,713,483.5610098176718
HI-Small,1005,amlc_01005,e_4368403,305727,0,easy_t2,344779,713,483.5610098176718
HI-Small,1006,amlc_01006,e_4369227,306551,0,easy_t3,334638,713,469.33800841514727
HI-Small,1007,amlc_01007,e_4370323,307647,0,easy_t3,334638,713,469.33800841514727
HI-Small,1008,amlc_01008,e_4370372,307696,0,easy_t3,334638,713,469.33800841514727
HI-Small,1009,amlc_01009,e_4370519,307843,0,easy_t2,344779,713,483.5610098176718
HI-Small,1010,amlc_01010,e_4370700,308024,0,easy_t1,334638,713,469.33800841514727
HI-Small,1011,amlc_01011,e_4371108,308432,0,easy_t2,344779,713,483.5610098176718
HI-Small,1012,amlc_01012,e_4372067,309391,0,easy_t1,334638,713,469.33800841514727
HI-Small,1013,amlc_01013,e_4372195,309519,0,hard_neg,363,363,1.0
HI-Small,1014,amlc_01014,e_4372489,309813,0,easy_t1,334638,713,469.33800841514727
HI-Small,1015,amlc_01015,e_4372493,309817,0,easy_t3,334638,713,469.33800841514727
HI-Small,1016,amlc_01016,e_4373166,310490,0,easy_t1,334638,713,469.33800841514727
HI-Small,1017,amlc_01017,e_4373215,310539,0,easy_t1,334638,713,469.33800841514727
HI-Small,1018,amlc_01018,e_4373392,310716,0,easy_t3,334638,713,469.33800841514727
HI-Small,1019,amlc_01019,e_4373808,311132,0,easy_t2,344779,713,483.5610098176718
HI-Small,1020,amlc_01020,e_4373988,311312,0,hard_neg,363,363,1.0
HI-Small,1021,amlc_01021,e_4374289,311613,0,easy_t1,334638,713,469.33800841514727
HI-Small,1022,amlc_01022,e_4374303,311627,0,easy_t1,334638,713,469.33800841514727
HI-Small,1023,amlc_01023,e_4374556,311880,1,illicit,1251,1251,1.0
HI-Small,1024,amlc_01024,e_4374811,312135,0,hard_neg,363,363,1.0
HI-Small,1025,amlc_01025,e_4374896,312220,0,easy_t3,334638,713,469.33800841514727
HI-Small,1026,amlc_01026,e_4375007,312331,0,easy_t2,344779,713,483.5610098176718
HI-Small,1027,amlc_01027,e_4375305,312629,0,easy_t1,334638,713,469.33800841514727
HI-Small,1028,amlc_01028,e_4375532,312856,1,illicit,1251,1251,1.0
HI-Small,1029,amlc_01029,e_4376167,313491,0,easy_t3,334638,713,469.33800841514727
HI-Small,1030,amlc_01030,e_4376200,313524,1,illicit,1251,1251,1.0
HI-Small,1031,amlc_01031,e_4376201,313525,1,illicit,1251,1251,1.0
HI-Small,1032,amlc_01032,e_4376202,313526,1,illicit,1251,1251,1.0
HI-Small,1033,amlc_01033,e_4376203,313527,1,illicit,1251,1251,1.0
HI-Small,1034,amlc_01034,e_4376205,313529,1,illicit,1251,1251,1.0
HI-Small,1035,amlc_01035,e_4376207,313531,1,illicit,1251,1251,1.0
HI-Small,1036,amlc_01036,e_4376208,313532,1,illicit,1251,1251,1.0
HI-Small,1037,amlc_01037,e_4376258,313582,0,easy_t3,334638,713,469.33800841514727
HI-Small,1038,amlc_01038,e_4376260,313584,1,illicit,1251,1251,1.0
HI-Small,1039,amlc_01039,e_4376682,314006,0,easy_t1,334638,713,469.33800841514727
HI-Small,1040,amlc_01040,e_4376896,314220,1,illicit,1251,1251,1.0
HI-Small,1041,amlc_01041,e_4377305,314629,0,easy_t1,334638,713,469.33800841514727
HI-Small,1042,amlc_01042,e_4377655,314979,0,easy_t3,334638,713,469.33800841514727
HI-Small,1043,amlc_01043,e_4378142,315466,0,easy_t1,334638,713,469.33800841514727
HI-Small,1044,amlc_01044,e_4379112,316436,0,easy_t2,344779,713,483.5610098176718
HI-Small,1045,amlc_01045,e_4380560,317884,0,easy_t1,334638,713,469.33800841514727
HI-Small,1046,amlc_01046,e_4381561,318885,0,easy_t2,344779,713,483.5610098176718
HI-Small,1047,amlc_01047,e_4381689,319013,1,illicit,1251,1251,1.0
HI-Small,1048,amlc_01048,e_4381715,319039,0,easy_t2,344779,713,483.5610098176718
HI-Small,1049,amlc_01049,e_4382012,319336,0,easy_t3,334638,713,469.33800841514727
HI-Small,1050,amlc_01050,e_4382384,319708,0,easy_t3,334638,713,469.33800841514727
HI-Small,1051,amlc_01051,e_4382551,319875,0,easy_t2,344779,713,483.5610098176718
HI-Small,1052,amlc_01052,e_4382763,320087,0,easy_t3,334638,713,469.33800841514727
HI-Small,1053,amlc_01053,e_4383021,320345,0,hard_neg,363,363,1.0
HI-Small,1054,amlc_01054,e_4383205,320529,0,hard_neg,363,363,1.0
HI-Small,1055,amlc_01055,e_4383832,321156,0,easy_t1,334638,713,469.33800841514727
HI-Small,1056,amlc_01056,e_4383954,321278,0,easy_t1,334638,713,469.33800841514727
HI-Small,1057,amlc_01057,e_4384117,321441,0,easy_t1,334638,713,469.33800841514727
HI-Small,1058,amlc_01058,e_4384596,321920,0,easy_t2,344779,713,483.5610098176718
HI-Small,1059,amlc_01059,e_4384820,322144,0,easy_t3,334638,713,469.33800841514727
HI-Small,1060,amlc_01060,e_4385314,322638,0,hard_neg,363,363,1.0
HI-Small,1061,amlc_01061,e_4385449,322773,0,hard_neg,363,363,1.0
HI-Small,1062,amlc_01062,e_4385483,322807,0,hard_neg,363,363,1.0
HI-Small,1063,amlc_01063,e_4385807,323131,0,easy_t1,334638,713,469.33800841514727
HI-Small,1064,amlc_01064,e_4386046,323370,0,easy_t2,344779,713,483.5610098176718
HI-Small,1065,amlc_01065,e_4386426,323750,0,hard_neg,363,363,1.0
HI-Small,1066,amlc_01066,e_4386929,324253,0,easy_t3,334638,713,469.33800841514727
HI-Small,1067,amlc_01067,e_4387397,324721,0,easy_t3,334638,713,469.33800841514727
HI-Small,1068,amlc_01068,e_4387559,324883,0,hard_neg,363,363,1.0
HI-Small,1069,amlc_01069,e_4387595,324919,0,easy_t3,334638,713,469.33800841514727
HI-Small,1070,amlc_01070,e_4387749,325073,0,easy_t1,334638,713,469.33800841514727
HI-Small,1071,amlc_01071,e_4388547,325871,0,easy_t3,334638,713,469.33800841514727
HI-Small,1072,amlc_01072,e_4388639,325963,0,hard_neg,363,363,1.0
HI-Small,1073,amlc_01073,e_4388735,326059,0,easy_t3,334638,713,469.33800841514727
HI-Small,1074,amlc_01074,e_4388892,326216,0,easy_t1,334638,713,469.33800841514727
HI-Small,1075,amlc_01075,e_4389275,326599,0,easy_t3,334638,713,469.33800841514727
HI-Small,1076,amlc_01076,e_4389486,326810,1,illicit,1251,1251,1.0
HI-Small,1077,amlc_01077,e_4389487,326811,1,illicit,1251,1251,1.0
HI-Small,1078,amlc_01078,e_4389503,326827,1,illicit,1251,1251,1.0
HI-Small,1079,amlc_01079,e_4389505,326829,1,illicit,1251,1251,1.0
HI-Small,1080,amlc_01080,e_4389507,326831,1,illicit,1251,1251,1.0
HI-Small,1081,amlc_01081,e_4389509,326833,1,illicit,1251,1251,1.0
HI-Small,1082,amlc_01082,e_4389511,326835,1,illicit,1251,1251,1.0
HI-Small,1083,amlc_01083,e_4389513,326837,1,illicit,1251,1251,1.0
HI-Small,1084,amlc_01084,e_4389515,326839,1,illicit,1251,1251,1.0
HI-Small,1085,amlc_01085,e_4389517,326841,1,illicit,1251,1251,1.0
HI-Small,1086,amlc_01086,e_4389519,326843,1,illicit,1251,1251,1.0
HI-Small,1087,amlc_01087,e_4389521,326845,1,illicit,1251,1251,1.0
HI-Small,1088,amlc_01088,e_4389523,326847,1,illicit,1251,1251,1.0
HI-Small,1089,amlc_01089,e_4389813,327137,1,illicit,1251,1251,1.0
HI-Small,1090,amlc_01090,e_4391137,328461,0,easy_t2,344779,713,483.5610098176718
HI-Small,1091,amlc_01091,e_4391192,328516,1,illicit,1251,1251,1.0
HI-Small,1092,amlc_01092,e_4391617,328941,0,hard_neg,363,363,1.0
HI-Small,1093,amlc_01093,e_4391714,329038,0,easy_t3,334638,713,469.33800841514727
HI-Small,1094,amlc_01094,e_4391809,329133,0,easy_t2,344779,713,483.5610098176718
HI-Small,1095,amlc_01095,e_4391842,329166,0,easy_t2,344779,713,483.5610098176718
HI-Small,1096,amlc_01096,e_4392605,329929,1,illicit,1251,1251,1.0
HI-Small,1097,amlc_01097,e_4392996,330320,1,illicit,1251,1251,1.0
HI-Small,1098,amlc_01098,e_4393178,330502,0,easy_t3,334638,713,469.33800841514727
HI-Small,1099,amlc_01099,e_4393585,330909,0,easy_t2,344779,713,483.5610098176718
HI-Small,1100,amlc_01100,e_4393956,331280,0,easy_t1,334638,713,469.33800841514727
HI-Small,1101,amlc_01101,e_4394085,331409,0,hard_neg,363,363,1.0
HI-Small,1102,amlc_01102,e_4394105,331429,0,easy_t2,344779,713,483.5610098176718
HI-Small,1103,amlc_01103,e_4394525,331849,0,easy_t2,344779,713,483.5610098176718
HI-Small,1104,amlc_01104,e_4394791,332115,0,easy_t3,334638,713,469.33800841514727
HI-Small,1105,amlc_01105,e_4395229,332553,0,easy_t1,334638,713,469.33800841514727
HI-Small,1106,amlc_01106,e_4395269,332593,0,easy_t2,344779,713,483.5610098176718
HI-Small,1107,amlc_01107,e_4396310,333634,0,easy_t2,344779,713,483.5610098176718
HI-Small,1108,amlc_01108,e_4396651,333975,0,easy_t3,334638,713,469.33800841514727
HI-Small,1109,amlc_01109,e_4396815,334139,1,illicit,1251,1251,1.0
HI-Small,1110,amlc_01110,e_4396920,334244,0,easy_t2,344779,713,483.5610098176718
HI-Small,1111,amlc_01111,e_4396949,334273,0,easy_t2,344779,713,483.5610098176718
HI-Small,1112,amlc_01112,e_4397036,334360,0,easy_t3,334638,713,469.33800841514727
HI-Small,1113,amlc_01113,e_4397101,334425,1,illicit,1251,1251,1.0
HI-Small,1114,amlc_01114,e_4397649,334973,0,easy_t3,334638,713,469.33800841514727
HI-Small,1115,amlc_01115,e_4397899,335223,0,easy_t2,344779,713,483.5610098176718
HI-Small,1116,amlc_01116,e_4397904,335228,0,easy_t1,334638,713,469.33800841514727
HI-Small,1117,amlc_01117,e_4398038,335362,0,easy_t1,334638,713,469.33800841514727
HI-Small,1118,amlc_01118,e_4398386,335710,0,easy_t2,344779,713,483.5610098176718
HI-Small,1119,amlc_01119,e_4398512,335836,0,easy_t1,334638,713,469.33800841514727
HI-Small,1120,amlc_01120,e_4398888,336212,0,easy_t2,344779,713,483.5610098176718
HI-Small,1121,amlc_01121,e_4399074,336398,1,illicit,1251,1251,1.0
HI-Small,1122,amlc_01122,e_4399111,336435,0,hard_neg,363,363,1.0
HI-Small,1123,amlc_01123,e_4399514,336838,0,easy_t1,334638,713,469.33800841514727
HI-Small,1124,amlc_01124,e_4399523,336847,0,easy_t1,334638,713,469.33800841514727
HI-Small,1125,amlc_01125,e_4400490,337814,0,easy_t1,334638,713,469.33800841514727
HI-Small,1126,amlc_01126,e_4400795,338119,0,easy_t2,344779,713,483.5610098176718
HI-Small,1127,amlc_01127,e_4400801,338125,0,easy_t3,334638,713,469.33800841514727
HI-Small,1128,amlc_01128,e_4400913,338237,0,easy_t1,334638,713,469.33800841514727
HI-Small,1129,amlc_01129,e_4401414,338738,0,easy_t3,334638,713,469.33800841514727
HI-Small,1130,amlc_01130,e_4401874,339198,0,easy_t2,344779,713,483.5610098176718
HI-Small,1131,amlc_01131,e_4402167,339491,0,hard_neg,363,363,1.0
HI-Small,1132,amlc_01132,e_4402324,339648,0,hard_neg,363,363,1.0
HI-Small,1133,amlc_01133,e_4402592,339916,0,hard_neg,363,363,1.0
HI-Small,1134,amlc_01134,e_4403300,340624,0,easy_t3,334638,713,469.33800841514727
HI-Small,1135,amlc_01135,e_4404065,341389,0,easy_t3,334638,713,469.33800841514727
HI-Small,1136,amlc_01136,e_4404936,342260,0,easy_t3,334638,713,469.33800841514727
HI-Small,1137,amlc_01137,e_4405133,342457,0,hard_neg,363,363,1.0
HI-Small,1138,amlc_01138,e_4405215,342539,0,easy_t2,344779,713,483.5610098176718
HI-Small,1139,amlc_01139,e_4405335,342659,0,easy_t3,334638,713,469.33800841514727
HI-Small,1140,amlc_01140,e_4406292,343616,0,easy_t1,334638,713,469.33800841514727
HI-Small,1141,amlc_01141,e_4406670,343994,0,easy_t2,344779,713,483.5610098176718
HI-Small,1142,amlc_01142,e_4406734,344058,0,easy_t1,334638,713,469.33800841514727
HI-Small,1143,amlc_01143,e_4406735,344059,0,hard_neg,363,363,1.0
HI-Small,1144,amlc_01144,e_4407120,344444,1,illicit,1251,1251,1.0
HI-Small,1145,amlc_01145,e_4407650,344974,0,easy_t1,334638,713,469.33800841514727
HI-Small,1146,amlc_01146,e_4407763,345087,0,easy_t2,344779,713,483.5610098176718
HI-Small,1147,amlc_01147,e_4408155,345479,0,easy_t1,334638,713,469.33800841514727
HI-Small,1148,amlc_01148,e_4408701,346025,0,easy_t2,344779,713,483.5610098176718
HI-Small,1149,amlc_01149,e_4408885,346209,1,illicit,1251,1251,1.0
HI-Small,1150,amlc_01150,e_4408952,346276,0,easy_t2,344779,713,483.5610098176718
HI-Small,1151,amlc_01151,e_4409313,346637,0,easy_t2,344779,713,483.5610098176718
HI-Small,1152,amlc_01152,e_4409864,347188,0,easy_t1,334638,713,469.33800841514727
HI-Small,1153,amlc_01153,e_4410467,347791,1,illicit,1251,1251,1.0
HI-Small,1154,amlc_01154,e_4410494,347818,1,illicit,1251,1251,1.0
HI-Small,1155,amlc_01155,e_4410652,347976,0,easy_t2,344779,713,483.5610098176718
HI-Small,1156,amlc_01156,e_4410698,348022,0,hard_neg,363,363,1.0
HI-Small,1157,amlc_01157,e_4410766,348090,0,easy_t2,344779,713,483.5610098176718
HI-Small,1158,amlc_01158,e_4410936,348260,0,easy_t2,344779,713,483.5610098176718
HI-Small,1159,amlc_01159,e_4411018,348342,0,easy_t3,334638,713,469.33800841514727
HI-Small,1160,amlc_01160,e_4411436,348760,0,easy_t2,344779,713,483.5610098176718
HI-Small,1161,amlc_01161,e_4411891,349215,1,illicit,1251,1251,1.0
HI-Small,1162,amlc_01162,e_4412417,349741,0,easy_t2,344779,713,483.5610098176718
HI-Small,1163,amlc_01163,e_4412661,349985,0,easy_t2,344779,713,483.5610098176718
HI-Small,1164,amlc_01164,e_4412859,350183,0,easy_t3,334638,713,469.33800841514727
HI-Small,1165,amlc_01165,e_4414392,351716,0,easy_t2,344779,713,483.5610098176718
HI-Small,1166,amlc_01166,e_4414442,351766,0,easy_t2,344779,713,483.5610098176718
HI-Small,1167,amlc_01167,e_4415262,352586,0,easy_t2,344779,713,483.5610098176718
HI-Small,1168,amlc_01168,e_4415971,353295,0,hard_neg,363,363,1.0
HI-Small,1169,amlc_01169,e_4416441,353765,1,illicit,1251,1251,1.0
HI-Small,1170,amlc_01170,e_4416629,353953,0,easy_t2,344779,713,483.5610098176718
HI-Small,1171,amlc_01171,e_4416674,353998,0,easy_t3,334638,713,469.33800841514727
HI-Small,1172,amlc_01172,e_4416848,354172,0,hard_neg,363,363,1.0
HI-Small,1173,amlc_01173,e_4416849,354173,0,easy_t3,334638,713,469.33800841514727
HI-Small,1174,amlc_01174,e_4416861,354185,0,easy_t1,334638,713,469.33800841514727
HI-Small,1175,amlc_01175,e_4417396,354720,0,easy_t3,334638,713,469.33800841514727
HI-Small,1176,amlc_01176,e_4417927,355251,1,illicit,1251,1251,1.0
HI-Small,1177,amlc_01177,e_4418659,355983,0,easy_t2,344779,713,483.5610098176718
HI-Small,1178,amlc_01178,e_4419194,356518,0,easy_t2,344779,713,483.5610098176718
HI-Small,1179,amlc_01179,e_4419872,357196,0,easy_t2,344779,713,483.5610098176718
HI-Small,1180,amlc_01180,e_4420008,357332,0,hard_neg,363,363,1.0
HI-Small,1181,amlc_01181,e_4420029,357353,0,hard_neg,363,363,1.0
HI-Small,1182,amlc_01182,e_4420768,358092,0,easy_t3,334638,713,469.33800841514727
HI-Small,1183,amlc_01183,e_4421253,358577,0,easy_t1,334638,713,469.33800841514727
HI-Small,1184,amlc_01184,e_4421545,358869,0,easy_t3,334638,713,469.33800841514727
HI-Small,1185,amlc_01185,e_4421680,359004,1,illicit,1251,1251,1.0
HI-Small,1186,amlc_01186,e_4421682,359006,1,illicit,1251,1251,1.0
HI-Small,1187,amlc_01187,e_4421683,359007,1,illicit,1251,1251,1.0
HI-Small,1188,amlc_01188,e_4421685,359009,1,illicit,1251,1251,1.0
HI-Small,1189,amlc_01189,e_4421687,359011,1,illicit,1251,1251,1.0
HI-Small,1190,amlc_01190,e_4421689,359013,1,illicit,1251,1251,1.0
HI-Small,1191,amlc_01191,e_4421719,359043,0,easy_t2,344779,713,483.5610098176718
HI-Small,1192,amlc_01192,e_4421847,359171,0,easy_t2,344779,713,483.5610098176718
HI-Small,1193,amlc_01193,e_4422181,359505,0,easy_t2,344779,713,483.5610098176718
HI-Small,1194,amlc_01194,e_4422222,359546,1,illicit,1251,1251,1.0
HI-Small,1195,amlc_01195,e_4422622,359946,0,easy_t2,344779,713,483.5610098176718
HI-Small,1196,amlc_01196,e_4422723,360047,0,easy_t3,334638,713,469.33800841514727
HI-Small,1197,amlc_01197,e_4422775,360099,0,easy_t2,344779,713,483.5610098176718
HI-Small,1198,amlc_01198,e_4423130,360454,0,easy_t3,334638,713,469.33800841514727
HI-Small,1199,amlc_01199,e_4423407,360731,0,easy_t3,334638,713,469.33800841514727
HI-Small,1200,amlc_01200,e_4423607,360931,0,easy_t1,334638,713,469.33800841514727
HI-Small,1201,amlc_01201,e_4423860,361184,0,easy_t2,344779,713,483.5610098176718
HI-Small,1202,amlc_01202,e_4423899,361223,0,easy_t2,344779,713,483.5610098176718
HI-Small,1203,amlc_01203,e_4423978,361302,0,easy_t1,334638,713,469.33800841514727
HI-Small,1204,amlc_01204,e_4424492,361816,0,easy_t1,334638,713,469.33800841514727
HI-Small,1205,amlc_01205,e_4424991,362315,0,easy_t1,334638,713,469.33800841514727
HI-Small,1206,amlc_01206,e_4425255,362579,0,easy_t3,334638,713,469.33800841514727
HI-Small,1207,amlc_01207,e_4425442,362766,0,easy_t3,334638,713,469.33800841514727
HI-Small,1208,amlc_01208,e_4425871,363195,1,illicit,1251,1251,1.0
HI-Small,1209,amlc_01209,e_4426243,363567,0,hard_neg,363,363,1.0
HI-Small,1210,amlc_01210,e_4426292,363616,0,easy_t2,344779,713,483.5610098176718
HI-Small,1211,amlc_01211,e_4426628,363952,0,easy_t3,334638,713,469.33800841514727
HI-Small,1212,amlc_01212,e_4426683,364007,0,hard_neg,363,363,1.0
HI-Small,1213,amlc_01213,e_4427143,364467,0,hard_neg,363,363,1.0
HI-Small,1214,amlc_01214,e_4427352,364676,0,easy_t2,344779,713,483.5610098176718
HI-Small,1215,amlc_01215,e_4427558,364882,0,easy_t3,334638,713,469.33800841514727
HI-Small,1216,amlc_01216,e_4427777,365101,0,easy_t2,344779,713,483.5610098176718
HI-Small,1217,amlc_01217,e_4427988,365312,0,easy_t1,334638,713,469.33800841514727
HI-Small,1218,amlc_01218,e_4428266,365590,0,easy_t3,334638,713,469.33800841514727
HI-Small,1219,amlc_01219,e_4428913,366237,0,easy_t2,344779,713,483.5610098176718
HI-Small,1220,amlc_01220,e_4429356,366680,0,easy_t3,334638,713,469.33800841514727
HI-Small,1221,amlc_01221,e_4429456,366780,0,easy_t3,334638,713,469.33800841514727
HI-Small,1222,amlc_01222,e_4429997,367321,1,illicit,1251,1251,1.0
HI-Small,1223,amlc_01223,e_4430013,367337,0,easy_t3,334638,713,469.33800841514727
HI-Small,1224,amlc_01224,e_4430071,367395,0,easy_t3,334638,713,469.33800841514727
HI-Small,1225,amlc_01225,e_4430358,367682,0,easy_t2,344779,713,483.5610098176718
HI-Small,1226,amlc_01226,e_4431025,368349,1,illicit,1251,1251,1.0
HI-Small,1227,amlc_01227,e_4431613,368937,1,illicit,1251,1251,1.0
HI-Small,1228,amlc_01228,e_4431907,369231,0,easy_t2,344779,713,483.5610098176718
HI-Small,1229,amlc_01229,e_4432279,369603,0,easy_t2,344779,713,483.5610098176718
HI-Small,1230,amlc_01230,e_4432343,369667,0,hard_neg,363,363,1.0
HI-Small,1231,amlc_01231,e_4432532,369856,0,easy_t3,334638,713,469.33800841514727
HI-Small,1232,amlc_01232,e_4434473,371797,0,easy_t1,334638,713,469.33800841514727
HI-Small,1233,amlc_01233,e_4434612,371936,0,hard_neg,363,363,1.0
HI-Small,1234,amlc_01234,e_4435205,372529,0,hard_neg,363,363,1.0
HI-Small,1235,amlc_01235,e_4435591,372915,0,easy_t2,344779,713,483.5610098176718
HI-Small,1236,amlc_01236,e_4435679,373003,1,illicit,1251,1251,1.0
HI-Small,1237,amlc_01237,e_4436038,373362,0,easy_t1,334638,713,469.33800841514727
HI-Small,1238,amlc_01238,e_4436131,373455,0,easy_t3,334638,713,469.33800841514727
HI-Small,1239,amlc_01239,e_4436145,373469,0,hard_neg,363,363,1.0
HI-Small,1240,amlc_01240,e_4436623,373947,0,easy_t3,334638,713,469.33800841514727
HI-Small,1241,amlc_01241,e_4436634,373958,0,easy_t3,334638,713,469.33800841514727
HI-Small,1242,amlc_01242,e_4436912,374236,0,easy_t3,334638,713,469.33800841514727
HI-Small,1243,amlc_01243,e_4437045,374369,0,hard_neg,363,363,1.0
HI-Small,1244,amlc_01244,e_4437107,374431,0,hard_neg,363,363,1.0
HI-Small,1245,amlc_01245,e_4437392,374716,0,hard_neg,363,363,1.0
HI-Small,1246,amlc_01246,e_4437564,374888,0,easy_t2,344779,713,483.5610098176718
HI-Small,1247,amlc_01247,e_4437573,374897,1,illicit,1251,1251,1.0
HI-Small,1248,amlc_01248,e_4437996,375320,0,easy_t3,334638,713,469.33800841514727
HI-Small,1249,amlc_01249,e_4438502,375826,0,easy_t1,334638,713,469.33800841514727
HI-Small,1250,amlc_01250,e_4438522,375846,0,hard_neg,363,363,1.0
HI-Small,1251,amlc_01251,e_4438540,375864,0,easy_t3,334638,713,469.33800841514727
HI-Small,1252,amlc_01252,e_4438590,375914,0,easy_t3,334638,713,469.33800841514727
HI-Small,1253,amlc_01253,e_4438808,376132,0,easy_t2,344779,713,483.5610098176718
HI-Small,1254,amlc_01254,e_4439088,376412,0,easy_t3,334638,713,469.33800841514727
HI-Small,1255,amlc_01255,e_4439762,377086,0,easy_t2,344779,713,483.5610098176718
HI-Small,1256,amlc_01256,e_4440549,377873,0,hard_neg,363,363,1.0
HI-Small,1257,amlc_01257,e_4442223,379547,0,easy_t1,334638,713,469.33800841514727
HI-Small,1258,amlc_01258,e_4442427,379751,0,easy_t2,344779,713,483.5610098176718
HI-Small,1259,amlc_01259,e_4442775,380099,0,easy_t1,334638,713,469.33800841514727
HI-Small,1260,amlc_01260,e_4443298,380622,0,easy_t1,334638,713,469.33800841514727
HI-Small,1261,amlc_01261,e_4443339,380663,0,easy_t3,334638,713,469.33800841514727
HI-Small,1262,amlc_01262,e_4443440,380764,0,easy_t1,334638,713,469.33800841514727
HI-Small,1263,amlc_01263,e_4443471,380795,1,illicit,1251,1251,1.0
HI-Small,1264,amlc_01264,e_4443599,380923,0,easy_t2,344779,713,483.5610098176718
HI-Small,1265,amlc_01265,e_4443605,380929,0,easy_t2,344779,713,483.5610098176718
HI-Small,1266,amlc_01266,e_4443618,380942,0,easy_t1,334638,713,469.33800841514727
HI-Small,1267,amlc_01267,e_4443953,381277,0,easy_t2,344779,713,483.5610098176718
HI-Small,1268,amlc_01268,e_4444358,381682,0,easy_t2,344779,713,483.5610098176718
HI-Small,1269,amlc_01269,e_4444595,381919,0,hard_neg,363,363,1.0
HI-Small,1270,amlc_01270,e_4444851,382175,1,illicit,1251,1251,1.0
HI-Small,1271,amlc_01271,e_4444979,382303,0,easy_t3,334638,713,469.33800841514727
HI-Small,1272,amlc_01272,e_4445189,382513,0,easy_t3,334638,713,469.33800841514727
HI-Small,1273,amlc_01273,e_4445597,382921,0,easy_t2,344779,713,483.5610098176718
HI-Small,1274,amlc_01274,e_4445773,383097,0,hard_neg,363,363,1.0
HI-Small,1275,amlc_01275,e_4445779,383103,1,illicit,1251,1251,1.0
HI-Small,1276,amlc_01276,e_4447641,384965,0,easy_t2,344779,713,483.5610098176718
HI-Small,1277,amlc_01277,e_4447743,385067,0,easy_t3,334638,713,469.33800841514727
HI-Small,1278,amlc_01278,e_4447927,385251,0,easy_t1,334638,713,469.33800841514727
HI-Small,1279,amlc_01279,e_4447961,385285,0,hard_neg,363,363,1.0
HI-Small,1280,amlc_01280,e_4448074,385398,0,easy_t2,344779,713,483.5610098176718
HI-Small,1281,amlc_01281,e_4448642,385966,0,easy_t2,344779,713,483.5610098176718
HI-Small,1282,amlc_01282,e_4449016,386340,0,easy_t1,334638,713,469.33800841514727
HI-Small,1283,amlc_01283,e_4449051,386375,1,illicit,1251,1251,1.0
HI-Small,1284,amlc_01284,e_4449053,386377,1,illicit,1251,1251,1.0
HI-Small,1285,amlc_01285,e_4449055,386379,1,illicit,1251,1251,1.0
HI-Small,1286,amlc_01286,e_4449057,386381,1,illicit,1251,1251,1.0
HI-Small,1287,amlc_01287,e_4449059,386383,1,illicit,1251,1251,1.0
HI-Small,1288,amlc_01288,e_4449061,386385,1,illicit,1251,1251,1.0
HI-Small,1289,amlc_01289,e_4449063,386387,1,illicit,1251,1251,1.0
HI-Small,1290,amlc_01290,e_4449065,386389,1,illicit,1251,1251,1.0
HI-Small,1291,amlc_01291,e_4449067,386391,1,illicit,1251,1251,1.0
HI-Small,1292,amlc_01292,e_4449069,386393,1,illicit,1251,1251,1.0
HI-Small,1293,amlc_01293,e_4449071,386395,1,illicit,1251,1251,1.0
HI-Small,1294,amlc_01294,e_4449073,386397,1,illicit,1251,1251,1.0
HI-Small,1295,amlc_01295,e_4449075,386399,1,illicit,1251,1251,1.0
HI-Small,1296,amlc_01296,e_4449077,386401,1,illicit,1251,1251,1.0
HI-Small,1297,amlc_01297,e_4449079,386403,1,illicit,1251,1251,1.0
HI-Small,1298,amlc_01298,e_4449081,386405,1,illicit,1251,1251,1.0
HI-Small,1299,amlc_01299,e_4449083,386407,1,illicit,1251,1251,1.0
HI-Small,1300,amlc_01300,e_4449085,386409,1,illicit,1251,1251,1.0
HI-Small,1301,amlc_01301,e_4449087,386411,1,illicit,1251,1251,1.0
HI-Small,1302,amlc_01302,e_4449089,386413,1,illicit,1251,1251,1.0
HI-Small,1303,amlc_01303,e_4449091,386415,1,illicit,1251,1251,1.0
HI-Small,1304,amlc_01304,e_4449093,386417,1,illicit,1251,1251,1.0
HI-Small,1305,amlc_01305,e_4449144,386468,1,illicit,1251,1251,1.0
HI-Small,1306,amlc_01306,e_4449698,387022,0,easy_t1,334638,713,469.33800841514727
HI-Small,1307,amlc_01307,e_4449716,387040,0,hard_neg,363,363,1.0
HI-Small,1308,amlc_01308,e_4449754,387078,1,illicit,1251,1251,1.0
HI-Small,1309,amlc_01309,e_4450020,387344,0,easy_t2,344779,713,483.5610098176718
HI-Small,1310,amlc_01310,e_4451491,388815,0,easy_t3,334638,713,469.33800841514727
HI-Small,1311,amlc_01311,e_4451557,388881,0,hard_neg,363,363,1.0
HI-Small,1312,amlc_01312,e_4451769,389093,0,easy_t3,334638,713,469.33800841514727
HI-Small,1313,amlc_01313,e_4452476,389800,0,hard_neg,363,363,1.0
HI-Small,1314,amlc_01314,e_4452498,389822,0,easy_t1,334638,713,469.33800841514727
HI-Small,1315,amlc_01315,e_4453360,390684,0,easy_t1,334638,713,469.33800841514727
HI-Small,1316,amlc_01316,e_4453420,390744,0,easy_t3,334638,713,469.33800841514727
HI-Small,1317,amlc_01317,e_4453737,391061,1,illicit,1251,1251,1.0
HI-Small,1318,amlc_01318,e_4453783,391107,0,easy_t1,334638,713,469.33800841514727
HI-Small,1319,amlc_01319,e_4453849,391173,0,hard_neg,363,363,1.0
HI-Small,1320,amlc_01320,e_4454440,391764,0,easy_t1,334638,713,469.33800841514727
HI-Small,1321,amlc_01321,e_4454468,391792,0,easy_t1,334638,713,469.33800841514727
HI-Small,1322,amlc_01322,e_4454971,392295,0,hard_neg,363,363,1.0
HI-Small,1323,amlc_01323,e_4455284,392608,0,hard_neg,363,363,1.0
HI-Small,1324,amlc_01324,e_4456109,393433,0,easy_t3,334638,713,469.33800841514727
HI-Small,1325,amlc_01325,e_4456122,393446,0,hard_neg,363,363,1.0
HI-Small,1326,amlc_01326,e_4456273,393597,1,illicit,1251,1251,1.0
HI-Small,1327,amlc_01327,e_4456274,393598,1,illicit,1251,1251,1.0
HI-Small,1328,amlc_01328,e_4457189,394513,0,easy_t1,334638,713,469.33800841514727
HI-Small,1329,amlc_01329,e_4458541,395865,0,easy_t3,334638,713,469.33800841514727
HI-Small,1330,amlc_01330,e_4458555,395879,0,easy_t2,344779,713,483.5610098176718
HI-Small,1331,amlc_01331,e_4459066,396390,0,easy_t1,334638,713,469.33800841514727
HI-Small,1332,amlc_01332,e_4459396,396720,1,illicit,1251,1251,1.0
HI-Small,1333,amlc_01333,e_4459439,396763,1,illicit,1251,1251,1.0
HI-Small,1334,amlc_01334,e_4459506,396830,0,easy_t3,334638,713,469.33800841514727
HI-Small,1335,amlc_01335,e_4459902,397226,0,easy_t3,334638,713,469.33800841514727
HI-Small,1336,amlc_01336,e_4460112,397436,0,hard_neg,363,363,1.0
HI-Small,1337,amlc_01337,e_4460443,397767,0,hard_neg,363,363,1.0
HI-Small,1338,amlc_01338,e_4460621,397945,0,hard_neg,363,363,1.0
HI-Small,1339,amlc_01339,e_4460690,398014,0,easy_t2,344779,713,483.5610098176718
HI-Small,1340,amlc_01340,e_4461350,398674,0,easy_t1,334638,713,469.33800841514727
HI-Small,1341,amlc_01341,e_4461572,398896,0,hard_neg,363,363,1.0
HI-Small,1342,amlc_01342,e_4461822,399146,0,easy_t1,334638,713,469.33800841514727
HI-Small,1343,amlc_01343,e_4461970,399294,0,easy_t2,344779,713,483.5610098176718
HI-Small,1344,amlc_01344,e_4462417,399741,0,easy_t3,334638,713,469.33800841514727
HI-Small,1345,amlc_01345,e_4462855,400179,1,illicit,1251,1251,1.0
HI-Small,1346,amlc_01346,e_4463197,400521,0,easy_t1,334638,713,469.33800841514727
HI-Small,1347,amlc_01347,e_4463607,400931,0,easy_t2,344779,713,483.5610098176718
HI-Small,1348,amlc_01348,e_4463782,401106,0,hard_neg,363,363,1.0
HI-Small,1349,amlc_01349,e_4463802,401126,0,easy_t2,344779,713,483.5610098176718
HI-Small,1350,amlc_01350,e_4465583,402907,0,easy_t1,334638,713,469.33800841514727
HI-Small,1351,amlc_01351,e_4465800,403124,0,easy_t3,334638,713,469.33800841514727
HI-Small,1352,amlc_01352,e_4466220,403544,0,easy_t1,334638,713,469.33800841514727
HI-Small,1353,amlc_01353,e_4466280,403604,0,hard_neg,363,363,1.0
HI-Small,1354,amlc_01354,e_4466637,403961,1,illicit,1251,1251,1.0
HI-Small,1355,amlc_01355,e_4466970,404294,0,easy_t1,334638,713,469.33800841514727
HI-Small,1356,amlc_01356,e_4467127,404451,0,easy_t3,334638,713,469.33800841514727
HI-Small,1357,amlc_01357,e_4467204,404528,0,easy_t1,334638,713,469.33800841514727
HI-Small,1358,amlc_01358,e_4467575,404899,0,easy_t3,334638,713,469.33800841514727
HI-Small,1359,amlc_01359,e_4467804,405128,0,hard_neg,363,363,1.0
HI-Small,1360,amlc_01360,e_4468372,405696,0,easy_t3,334638,713,469.33800841514727
HI-Small,1361,amlc_01361,e_4468647,405971,0,easy_t2,344779,713,483.5610098176718
HI-Small,1362,amlc_01362,e_4468671,405995,0,easy_t3,334638,713,469.33800841514727
HI-Small,1363,amlc_01363,e_4468785,406109,0,easy_t3,334638,713,469.33800841514727
HI-Small,1364,amlc_01364,e_4469029,406353,0,easy_t3,334638,713,469.33800841514727
HI-Small,1365,amlc_01365,e_4469925,407249,0,easy_t3,334638,713,469.33800841514727
HI-Small,1366,amlc_01366,e_4469976,407300,0,easy_t1,334638,713,469.33800841514727
HI-Small,1367,amlc_01367,e_4470178,407502,0,easy_t1,334638,713,469.33800841514727
HI-Small,1368,amlc_01368,e_4470429,407753,0,easy_t3,334638,713,469.33800841514727
HI-Small,1369,amlc_01369,e_4471082,408406,0,easy_t1,334638,713,469.33800841514727
HI-Small,1370,amlc_01370,e_4471645,408969,0,easy_t2,344779,713,483.5610098176718
HI-Small,1371,amlc_01371,e_4471838,409162,0,easy_t1,334638,713,469.33800841514727
HI-Small,1372,amlc_01372,e_4471900,409224,0,easy_t2,344779,713,483.5610098176718
HI-Small,1373,amlc_01373,e_4472020,409344,0,easy_t3,334638,713,469.33800841514727
HI-Small,1374,amlc_01374,e_4472447,409771,0,easy_t3,334638,713,469.33800841514727
HI-Small,1375,amlc_01375,e_4472449,409773,0,easy_t3,334638,713,469.33800841514727
HI-Small,1376,amlc_01376,e_4472648,409972,0,hard_neg,363,363,1.0
HI-Small,1377,amlc_01377,e_4472685,410009,0,easy_t3,334638,713,469.33800841514727
HI-Small,1378,amlc_01378,e_4472701,410025,0,easy_t1,334638,713,469.33800841514727
HI-Small,1379,amlc_01379,e_4473178,410502,0,easy_t2,344779,713,483.5610098176718
HI-Small,1380,amlc_01380,e_4473349,410673,0,easy_t3,334638,713,469.33800841514727
HI-Small,1381,amlc_01381,e_4474005,411329,0,easy_t3,334638,713,469.33800841514727
HI-Small,1382,amlc_01382,e_4474724,412048,0,easy_t3,334638,713,469.33800841514727
HI-Small,1383,amlc_01383,e_4474747,412071,0,easy_t3,334638,713,469.33800841514727
HI-Small,1384,amlc_01384,e_4474803,412127,0,easy_t3,334638,713,469.33800841514727
HI-Small,1385,amlc_01385,e_4474841,412165,0,hard_neg,363,363,1.0
HI-Small,1386,amlc_01386,e_4475041,412365,0,hard_neg,363,363,1.0
HI-Small,1387,amlc_01387,e_4475440,412764,0,easy_t1,334638,713,469.33800841514727
HI-Small,1388,amlc_01388,e_4475549,412873,0,easy_t3,334638,713,469.33800841514727
HI-Small,1389,amlc_01389,e_4475701,413025,0,easy_t3,334638,713,469.33800841514727
HI-Small,1390,amlc_01390,e_4476541,413865,0,hard_neg,363,363,1.0
HI-Small,1391,amlc_01391,e_4476684,414008,0,hard_neg,363,363,1.0
HI-Small,1392,amlc_01392,e_4476730,414054,0,easy_t1,334638,713,469.33800841514727
HI-Small,1393,amlc_01393,e_4477023,414347,0,easy_t1,334638,713,469.33800841514727
HI-Small,1394,amlc_01394,e_4477370,414694,0,easy_t1,334638,713,469.33800841514727
HI-Small,1395,amlc_01395,e_4478294,415618,0,easy_t3,334638,713,469.33800841514727
HI-Small,1396,amlc_01396,e_4478423,415747,0,hard_neg,363,363,1.0
HI-Small,1397,amlc_01397,e_4478954,416278,0,hard_neg,363,363,1.0
HI-Small,1398,amlc_01398,e_4479017,416341,0,easy_t1,334638,713,469.33800841514727
HI-Small,1399,amlc_01399,e_4479419,416743,0,easy_t3,334638,713,469.33800841514727
HI-Small,1400,amlc_01400,e_4480636,417960,0,easy_t1,334638,713,469.33800841514727
HI-Small,1401,amlc_01401,e_4480991,418315,0,easy_t3,334638,713,469.33800841514727
HI-Small,1402,amlc_01402,e_4481449,418773,0,easy_t2,344779,713,483.5610098176718
HI-Small,1403,amlc_01403,e_4481469,418793,0,easy_t2,344779,713,483.5610098176718
HI-Small,1404,amlc_01404,e_4481727,419051,0,easy_t3,334638,713,469.33800841514727
HI-Small,1405,amlc_01405,e_4482192,419516,0,easy_t3,334638,713,469.33800841514727
HI-Small,1406,amlc_01406,e_4482657,419981,0,easy_t3,334638,713,469.33800841514727
HI-Small,1407,amlc_01407,e_4483258,420582,0,easy_t3,334638,713,469.33800841514727
HI-Small,1408,amlc_01408,e_4483537,420861,1,illicit,1251,1251,1.0
HI-Small,1409,amlc_01409,e_4483538,420862,1,illicit,1251,1251,1.0
HI-Small,1410,amlc_01410,e_4483540,420864,1,illicit,1251,1251,1.0
HI-Small,1411,amlc_01411,e_4483542,420866,1,illicit,1251,1251,1.0
HI-Small,1412,amlc_01412,e_4483544,420868,1,illicit,1251,1251,1.0
HI-Small,1413,amlc_01413,e_4483546,420870,1,illicit,1251,1251,1.0
HI-Small,1414,amlc_01414,e_4483548,420872,1,illicit,1251,1251,1.0
HI-Small,1415,amlc_01415,e_4483550,420874,1,illicit,1251,1251,1.0
HI-Small,1416,amlc_01416,e_4483551,420875,1,illicit,1251,1251,1.0
HI-Small,1417,amlc_01417,e_4483581,420905,1,illicit,1251,1251,1.0
HI-Small,1418,amlc_01418,e_4483715,421039,1,illicit,1251,1251,1.0
HI-Small,1419,amlc_01419,e_4483871,421195,0,easy_t3,334638,713,469.33800841514727
HI-Small,1420,amlc_01420,e_4484938,422262,1,illicit,1251,1251,1.0
HI-Small,1421,amlc_01421,e_4485073,422397,0,easy_t1,334638,713,469.33800841514727
HI-Small,1422,amlc_01422,e_4485228,422552,0,easy_t1,334638,713,469.33800841514727
HI-Small,1423,amlc_01423,e_4485279,422603,0,easy_t1,334638,713,469.33800841514727
HI-Small,1424,amlc_01424,e_4485427,422751,0,easy_t3,334638,713,469.33800841514727
HI-Small,1425,amlc_01425,e_4485783,423107,0,easy_t3,334638,713,469.33800841514727
HI-Small,1426,amlc_01426,e_4486015,423339,0,easy_t3,334638,713,469.33800841514727
HI-Small,1427,amlc_01427,e_4486296,423620,0,easy_t3,334638,713,469.33800841514727
HI-Small,1428,amlc_01428,e_4487012,424336,0,easy_t2,344779,713,483.5610098176718
HI-Small,1429,amlc_01429,e_4487181,424505,0,easy_t1,334638,713,469.33800841514727
HI-Small,1430,amlc_01430,e_4488606,425930,0,easy_t1,334638,713,469.33800841514727
HI-Small,1431,amlc_01431,e_4489217,426541,1,illicit,1251,1251,1.0
HI-Small,1432,amlc_01432,e_4489282,426606,0,easy_t1,334638,713,469.33800841514727
HI-Small,1433,amlc_01433,e_4489319,426643,0,easy_t3,334638,713,469.33800841514727
HI-Small,1434,amlc_01434,e_4489333,426657,0,easy_t3,334638,713,469.33800841514727
HI-Small,1435,amlc_01435,e_4489730,427054,0,easy_t3,334638,713,469.33800841514727
HI-Small,1436,amlc_01436,e_4489845,427169,0,easy_t3,334638,713,469.33800841514727
HI-Small,1437,amlc_01437,e_4490422,427746,1,illicit,1251,1251,1.0
HI-Small,1438,amlc_01438,e_4490990,428314,0,easy_t2,344779,713,483.5610098176718
HI-Small,1439,amlc_01439,e_4491444,428768,0,easy_t1,334638,713,469.33800841514727
HI-Small,1440,amlc_01440,e_4491623,428947,0,easy_t1,334638,713,469.33800841514727
HI-Small,1441,amlc_01441,e_4491673,428997,0,easy_t2,344779,713,483.5610098176718
HI-Small,1442,amlc_01442,e_4492104,429428,0,easy_t2,344779,713,483.5610098176718
HI-Small,1443,amlc_01443,e_4492127,429451,0,easy_t2,344779,713,483.5610098176718
HI-Small,1444,amlc_01444,e_4492919,430243,0,hard_neg,363,363,1.0
HI-Small,1445,amlc_01445,e_4493032,430356,0,hard_neg,363,363,1.0
HI-Small,1446,amlc_01446,e_4493861,431185,1,illicit,1251,1251,1.0
HI-Small,1447,amlc_01447,e_4494068,431392,0,hard_neg,363,363,1.0
HI-Small,1448,amlc_01448,e_4494495,431819,0,easy_t3,334638,713,469.33800841514727
HI-Small,1449,amlc_01449,e_4495213,432537,1,illicit,1251,1251,1.0
HI-Small,1450,amlc_01450,e_4495504,432828,1,illicit,1251,1251,1.0
HI-Small,1451,amlc_01451,e_4496502,433826,0,easy_t3,334638,713,469.33800841514727
HI-Small,1452,amlc_01452,e_4496532,433856,0,easy_t3,334638,713,469.33800841514727
HI-Small,1453,amlc_01453,e_4496707,434031,0,easy_t2,344779,713,483.5610098176718
HI-Small,1454,amlc_01454,e_4496919,434243,0,easy_t1,334638,713,469.33800841514727
HI-Small,1455,amlc_01455,e_4497711,435035,0,easy_t3,334638,713,469.33800841514727
HI-Small,1456,amlc_01456,e_4498739,436063,0,easy_t1,334638,713,469.33800841514727
HI-Small,1457,amlc_01457,e_4498757,436081,1,illicit,1251,1251,1.0
HI-Small,1458,amlc_01458,e_4499266,436590,0,hard_neg,363,363,1.0
HI-Small,1459,amlc_01459,e_4499346,436670,0,easy_t2,344779,713,483.5610098176718
HI-Small,1460,amlc_01460,e_4499353,436677,1,illicit,1251,1251,1.0
HI-Small,1461,amlc_01461,e_4499475,436799,1,illicit,1251,1251,1.0
HI-Small,1462,amlc_01462,e_4499735,437059,0,easy_t3,334638,713,469.33800841514727
HI-Small,1463,amlc_01463,e_4499763,437087,0,easy_t1,334638,713,469.33800841514727
HI-Small,1464,amlc_01464,e_4499785,437109,0,easy_t1,334638,713,469.33800841514727
HI-Small,1465,amlc_01465,e_4500295,437619,0,easy_t1,334638,713,469.33800841514727
HI-Small,1466,amlc_01466,e_4501448,438772,1,illicit,1251,1251,1.0
HI-Small,1467,amlc_01467,e_4501569,438893,0,hard_neg,363,363,1.0
HI-Small,1468,amlc_01468,e_4502261,439585,0,hard_neg,363,363,1.0
HI-Small,1469,amlc_01469,e_4504050,441374,0,easy_t2,344779,713,483.5610098176718
HI-Small,1470,amlc_01470,e_4504148,441472,0,easy_t1,334638,713,469.33800841514727
HI-Small,1471,amlc_01471,e_4504204,441528,0,easy_t2,344779,713,483.5610098176718
HI-Small,1472,amlc_01472,e_4504217,441541,0,easy_t3,334638,713,469.33800841514727
HI-Small,1473,amlc_01473,e_4505113,442437,0,hard_neg,363,363,1.0
HI-Small,1474,amlc_01474,e_4505190,442514,0,easy_t1,334638,713,469.33800841514727
HI-Small,1475,amlc_01475,e_4505562,442886,0,easy_t2,344779,713,483.5610098176718
HI-Small,1476,amlc_01476,e_4505654,442978,0,easy_t1,334638,713,469.33800841514727
HI-Small,1477,amlc_01477,e_4505942,443266,0,easy_t3,334638,713,469.33800841514727
HI-Small,1478,amlc_01478,e_4506016,443340,0,easy_t1,334638,713,469.33800841514727
HI-Small,1479,amlc_01479,e_4506498,443822,0,easy_t3,334638,713,469.33800841514727
HI-Small,1480,amlc_01480,e_4506724,444048,0,easy_t3,334638,713,469.33800841514727
HI-Small,1481,amlc_01481,e_4508437,445761,0,easy_t3,334638,713,469.33800841514727
HI-Small,1482,amlc_01482,e_4508742,446066,0,hard_neg,363,363,1.0
HI-Small,1483,amlc_01483,e_4509184,446508,1,illicit,1251,1251,1.0
HI-Small,1484,amlc_01484,e_4509326,446650,0,easy_t3,334638,713,469.33800841514727
HI-Small,1485,amlc_01485,e_4510077,447401,1,illicit,1251,1251,1.0
HI-Small,1486,amlc_01486,e_4510121,447445,0,easy_t3,334638,713,469.33800841514727
HI-Small,1487,amlc_01487,e_4510171,447495,1,illicit,1251,1251,1.0
HI-Small,1488,amlc_01488,e_4510172,447496,1,illicit,1251,1251,1.0
HI-Small,1489,amlc_01489,e_4510173,447497,1,illicit,1251,1251,1.0
HI-Small,1490,amlc_01490,e_4510175,447499,1,illicit,1251,1251,1.0
HI-Small,1491,amlc_01491,e_4510177,447501,1,illicit,1251,1251,1.0
HI-Small,1492,amlc_01492,e_4510178,447502,1,illicit,1251,1251,1.0
HI-Small,1493,amlc_01493,e_4510179,447503,1,illicit,1251,1251,1.0
HI-Small,1494,amlc_01494,e_4510181,447505,1,illicit,1251,1251,1.0
HI-Small,1495,amlc_01495,e_4510183,447507,1,illicit,1251,1251,1.0
HI-Small,1496,amlc_01496,e_4510185,447509,1,illicit,1251,1251,1.0
HI-Small,1497,amlc_01497,e_4510186,447510,1,illicit,1251,1251,1.0
HI-Small,1498,amlc_01498,e_4510188,447512,1,illicit,1251,1251,1.0
HI-Small,1499,amlc_01499,e_4510190,447514,1,illicit,1251,1251,1.0
HI-Small,1500,amlc_01500,e_4510192,447516,1,illicit,1251,1251,1.0
HI-Small,1501,amlc_01501,e_4510194,447518,1,illicit,1251,1251,1.0
HI-Small,1502,amlc_01502,e_4510195,447519,1,illicit,1251,1251,1.0
HI-Small,1503,amlc_01503,e_4510197,447521,1,illicit,1251,1251,1.0
HI-Small,1504,amlc_01504,e_4510199,447523,1,illicit,1251,1251,1.0
HI-Small,1505,amlc_01505,e_4510201,447525,1,illicit,1251,1251,1.0
HI-Small,1506,amlc_01506,e_4510203,447527,1,illicit,1251,1251,1.0
HI-Small,1507,amlc_01507,e_4510205,447529,1,illicit,1251,1251,1.0
HI-Small,1508,amlc_01508,e_4510207,447531,1,illicit,1251,1251,1.0
HI-Small,1509,amlc_01509,e_4510208,447532,0,hard_neg,363,363,1.0
HI-Small,1510,amlc_01510,e_4510209,447533,1,illicit,1251,1251,1.0
HI-Small,1511,amlc_01511,e_4510211,447535,1,illicit,1251,1251,1.0
HI-Small,1512,amlc_01512,e_4510212,447536,1,illicit,1251,1251,1.0
HI-Small,1513,amlc_01513,e_4510213,447537,1,illicit,1251,1251,1.0
HI-Small,1514,amlc_01514,e_4510215,447539,1,illicit,1251,1251,1.0
HI-Small,1515,amlc_01515,e_4510651,447975,0,easy_t1,334638,713,469.33800841514727
HI-Small,1516,amlc_01516,e_4510745,448069,1,illicit,1251,1251,1.0
HI-Small,1517,amlc_01517,e_4510855,448179,0,easy_t3,334638,713,469.33800841514727
HI-Small,1518,amlc_01518,e_4511035,448359,1,illicit,1251,1251,1.0
HI-Small,1519,amlc_01519,e_4511054,448378,0,easy_t1,334638,713,469.33800841514727
HI-Small,1520,amlc_01520,e_4511426,448750,0,easy_t3,334638,713,469.33800841514727
HI-Small,1521,amlc_01521,e_4511878,449202,1,illicit,1251,1251,1.0
HI-Small,1522,amlc_01522,e_4512280,449604,0,easy_t1,334638,713,469.33800841514727
HI-Small,1523,amlc_01523,e_4512914,450238,0,hard_neg,363,363,1.0
HI-Small,1524,amlc_01524,e_4513434,450758,0,easy_t2,344779,713,483.5610098176718
HI-Small,1525,amlc_01525,e_4513674,450998,0,hard_neg,363,363,1.0
HI-Small,1526,amlc_01526,e_4513675,450999,0,hard_neg,363,363,1.0
HI-Small,1527,amlc_01527,e_4513746,451070,0,hard_neg,363,363,1.0
HI-Small,1528,amlc_01528,e_4513933,451257,0,easy_t1,334638,713,469.33800841514727
HI-Small,1529,amlc_01529,e_4514228,451552,0,easy_t1,334638,713,469.33800841514727
HI-Small,1530,amlc_01530,e_4514576,451900,0,hard_neg,363,363,1.0
HI-Small,1531,amlc_01531,e_4514593,451917,0,easy_t1,334638,713,469.33800841514727
HI-Small,1532,amlc_01532,e_4515277,452601,0,easy_t3,334638,713,469.33800841514727
HI-Small,1533,amlc_01533,e_4515570,452894,1,illicit,1251,1251,1.0
HI-Small,1534,amlc_01534,e_4515842,453166,1,illicit,1251,1251,1.0
HI-Small,1535,amlc_01535,e_4516399,453723,1,illicit,1251,1251,1.0
HI-Small,1536,amlc_01536,e_4516576,453900,0,easy_t3,334638,713,469.33800841514727
HI-Small,1537,amlc_01537,e_4517035,454359,0,easy_t2,344779,713,483.5610098176718
HI-Small,1538,amlc_01538,e_4517130,454454,0,easy_t3,334638,713,469.33800841514727
HI-Small,1539,amlc_01539,e_4517465,454789,0,easy_t1,334638,713,469.33800841514727
HI-Small,1540,amlc_01540,e_4517626,454950,0,easy_t1,334638,713,469.33800841514727
HI-Small,1541,amlc_01541,e_4517644,454968,0,easy_t3,334638,713,469.33800841514727
HI-Small,1542,amlc_01542,e_4518895,456219,0,hard_neg,363,363,1.0
HI-Small,1543,amlc_01543,e_4519240,456564,0,easy_t1,334638,713,469.33800841514727
HI-Small,1544,amlc_01544,e_4519555,456879,0,easy_t3,334638,713,469.33800841514727
HI-Small,1545,amlc_01545,e_4519907,457231,0,easy_t1,334638,713,469.33800841514727
HI-Small,1546,amlc_01546,e_4519989,457313,0,easy_t1,334638,713,469.33800841514727
HI-Small,1547,amlc_01547,e_4520537,457861,0,easy_t3,334638,713,469.33800841514727
HI-Small,1548,amlc_01548,e_4520591,457915,0,easy_t1,334638,713,469.33800841514727
HI-Small,1549,amlc_01549,e_4520786,458110,0,easy_t2,344779,713,483.5610098176718
HI-Small,1550,amlc_01550,e_4521117,458441,0,easy_t1,334638,713,469.33800841514727
HI-Small,1551,amlc_01551,e_4521224,458548,0,hard_neg,363,363,1.0
HI-Small,1552,amlc_01552,e_4521240,458564,1,illicit,1251,1251,1.0
HI-Small,1553,amlc_01553,e_4521902,459226,0,easy_t3,334638,713,469.33800841514727
HI-Small,1554,amlc_01554,e_4521995,459319,1,illicit,1251,1251,1.0
HI-Small,1555,amlc_01555,e_4522077,459401,0,easy_t3,334638,713,469.33800841514727
HI-Small,1556,amlc_01556,e_4522230,459554,0,easy_t1,334638,713,469.33800841514727
HI-Small,1557,amlc_01557,e_4522278,459602,0,easy_t3,334638,713,469.33800841514727
HI-Small,1558,amlc_01558,e_4522358,459682,0,easy_t3,334638,713,469.33800841514727
HI-Small,1559,amlc_01559,e_4522429,459753,0,easy_t3,334638,713,469.33800841514727
HI-Small,1560,amlc_01560,e_4523136,460460,0,hard_neg,363,363,1.0
HI-Small,1561,amlc_01561,e_4523934,461258,0,easy_t2,344779,713,483.5610098176718
HI-Small,1562,amlc_01562,e_4524349,461673,0,easy_t1,334638,713,469.33800841514727
HI-Small,1563,amlc_01563,e_4524892,462216,0,easy_t1,334638,713,469.33800841514727
HI-Small,1564,amlc_01564,e_4524959,462283,0,easy_t3,334638,713,469.33800841514727
HI-Small,1565,amlc_01565,e_4525116,462440,1,illicit,1251,1251,1.0
HI-Small,1566,amlc_01566,e_4526781,464105,0,easy_t2,344779,713,483.5610098176718
HI-Small,1567,amlc_01567,e_4527509,464833,0,easy_t1,334638,713,469.33800841514727
HI-Small,1568,amlc_01568,e_4527573,464897,0,hard_neg,363,363,1.0
HI-Small,1569,amlc_01569,e_4527712,465036,0,easy_t2,344779,713,483.5610098176718
HI-Small,1570,amlc_01570,e_4527960,465284,0,easy_t3,334638,713,469.33800841514727
HI-Small,1571,amlc_01571,e_4528038,465362,0,easy_t3,334638,713,469.33800841514727
HI-Small,1572,amlc_01572,e_4528361,465685,0,easy_t3,334638,713,469.33800841514727
HI-Small,1573,amlc_01573,e_4528644,465968,0,easy_t3,334638,713,469.33800841514727
HI-Small,1574,amlc_01574,e_4529020,466344,0,easy_t1,334638,713,469.33800841514727
HI-Small,1575,amlc_01575,e_4529069,466393,0,easy_t2,344779,713,483.5610098176718
HI-Small,1576,amlc_01576,e_4529276,466600,0,easy_t2,344779,713,483.5610098176718
HI-Small,1577,amlc_01577,e_4529481,466805,1,illicit,1251,1251,1.0
HI-Small,1578,amlc_01578,e_4529482,466806,1,illicit,1251,1251,1.0
HI-Small,1579,amlc_01579,e_4529483,466807,0,hard_neg,363,363,1.0
HI-Small,1580,amlc_01580,e_4529484,466808,1,illicit,1251,1251,1.0
HI-Small,1581,amlc_01581,e_4529485,466809,1,illicit,1251,1251,1.0
HI-Small,1582,amlc_01582,e_4529486,466810,1,illicit,1251,1251,1.0
HI-Small,1583,amlc_01583,e_4529487,466811,1,illicit,1251,1251,1.0
HI-Small,1584,amlc_01584,e_4529488,466812,1,illicit,1251,1251,1.0
HI-Small,1585,amlc_01585,e_4529489,466813,1,illicit,1251,1251,1.0
HI-Small,1586,amlc_01586,e_4529490,466814,1,illicit,1251,1251,1.0
HI-Small,1587,amlc_01587,e_4529491,466815,1,illicit,1251,1251,1.0
HI-Small,1588,amlc_01588,e_4529492,466816,1,illicit,1251,1251,1.0
HI-Small,1589,amlc_01589,e_4529493,466817,1,illicit,1251,1251,1.0
HI-Small,1590,amlc_01590,e_4529494,466818,1,illicit,1251,1251,1.0
HI-Small,1591,amlc_01591,e_4529749,467073,0,easy_t2,344779,713,483.5610098176718
HI-Small,1592,amlc_01592,e_4530889,468213,0,easy_t2,344779,713,483.5610098176718
HI-Small,1593,amlc_01593,e_4531190,468514,0,easy_t1,334638,713,469.33800841514727
HI-Small,1594,amlc_01594,e_4531559,468883,0,easy_t2,344779,713,483.5610098176718
HI-Small,1595,amlc_01595,e_4531635,468959,0,easy_t1,334638,713,469.33800841514727
HI-Small,1596,amlc_01596,e_4532732,470056,0,easy_t3,334638,713,469.33800841514727
HI-Small,1597,amlc_01597,e_4533654,470978,0,easy_t1,334638,713,469.33800841514727
HI-Small,1598,amlc_01598,e_4533730,471054,0,hard_neg,363,363,1.0
HI-Small,1599,amlc_01599,e_4533753,471077,0,easy_t2,344779,713,483.5610098176718
HI-Small,1600,amlc_01600,e_4534074,471398,0,easy_t3,334638,713,469.33800841514727
HI-Small,1601,amlc_01601,e_4534379,471703,0,easy_t3,334638,713,469.33800841514727
HI-Small,1602,amlc_01602,e_4534395,471719,0,easy_t2,344779,713,483.5610098176718
HI-Small,1603,amlc_01603,e_4534561,471885,0,easy_t3,334638,713,469.33800841514727
HI-Small,1604,amlc_01604,e_4534876,472200,0,easy_t2,344779,713,483.5610098176718
HI-Small,1605,amlc_01605,e_4535906,473230,0,easy_t1,334638,713,469.33800841514727
HI-Small,1606,amlc_01606,e_4536652,473976,0,easy_t1,334638,713,469.33800841514727
HI-Small,1607,amlc_01607,e_4536962,474286,0,easy_t3,334638,713,469.33800841514727
HI-Small,1608,amlc_01608,e_4537244,474568,0,easy_t3,334638,713,469.33800841514727
HI-Small,1609,amlc_01609,e_4537415,474739,0,easy_t2,344779,713,483.5610098176718
HI-Small,1610,amlc_01610,e_4537832,475156,1,illicit,1251,1251,1.0
HI-Small,1611,amlc_01611,e_4539622,476946,0,easy_t1,334638,713,469.33800841514727
HI-Small,1612,amlc_01612,e_4539732,477056,0,easy_t2,344779,713,483.5610098176718
HI-Small,1613,amlc_01613,e_4540584,477908,0,easy_t2,344779,713,483.5610098176718
HI-Small,1614,amlc_01614,e_4541430,478754,0,easy_t3,334638,713,469.33800841514727
HI-Small,1615,amlc_01615,e_4541544,478868,0,easy_t3,334638,713,469.33800841514727
HI-Small,1616,amlc_01616,e_4542108,479432,0,easy_t3,334638,713,469.33800841514727
HI-Small,1617,amlc_01617,e_4543006,480330,0,easy_t2,344779,713,483.5610098176718
HI-Small,1618,amlc_01618,e_4543037,480361,0,easy_t2,344779,713,483.5610098176718
HI-Small,1619,amlc_01619,e_4543272,480596,1,illicit,1251,1251,1.0
HI-Small,1620,amlc_01620,e_4543416,480740,1,illicit,1251,1251,1.0
HI-Small,1621,amlc_01621,e_4543617,480941,0,easy_t1,334638,713,469.33800841514727
HI-Small,1622,amlc_01622,e_4543883,481207,0,easy_t2,344779,713,483.5610098176718
HI-Small,1623,amlc_01623,e_4543955,481279,0,easy_t2,344779,713,483.5610098176718
HI-Small,1624,amlc_01624,e_4544488,481812,0,easy_t1,334638,713,469.33800841514727
HI-Small,1625,amlc_01625,e_4545485,482809,0,easy_t2,344779,713,483.5610098176718
HI-Small,1626,amlc_01626,e_4545855,483179,0,easy_t1,334638,713,469.33800841514727
HI-Small,1627,amlc_01627,e_4545886,483210,0,easy_t2,344779,713,483.5610098176718
HI-Small,1628,amlc_01628,e_4546792,484116,0,easy_t1,334638,713,469.33800841514727
HI-Small,1629,amlc_01629,e_4547016,484340,0,easy_t1,334638,713,469.33800841514727
HI-Small,1630,amlc_01630,e_4547256,484580,1,illicit,1251,1251,1.0
HI-Small,1631,amlc_01631,e_4547525,484849,0,easy_t1,334638,713,469.33800841514727
HI-Small,1632,amlc_01632,e_4547934,485258,0,hard_neg,363,363,1.0
HI-Small,1633,amlc_01633,e_4547972,485296,0,easy_t3,334638,713,469.33800841514727
HI-Small,1634,amlc_01634,e_4548135,485459,0,easy_t1,334638,713,469.33800841514727
HI-Small,1635,amlc_01635,e_4548149,485473,0,easy_t1,334638,713,469.33800841514727
HI-Small,1636,amlc_01636,e_4548588,485912,0,easy_t1,334638,713,469.33800841514727
HI-Small,1637,amlc_01637,e_4548875,486199,0,easy_t3,334638,713,469.33800841514727
HI-Small,1638,amlc_01638,e_4549995,487319,1,illicit,1251,1251,1.0
HI-Small,1639,amlc_01639,e_4550039,487363,1,illicit,1251,1251,1.0
HI-Small,1640,amlc_01640,e_4550041,487365,1,illicit,1251,1251,1.0
HI-Small,1641,amlc_01641,e_4550042,487366,1,illicit,1251,1251,1.0
HI-Small,1642,amlc_01642,e_4550044,487368,1,illicit,1251,1251,1.0
HI-Small,1643,amlc_01643,e_4550046,487370,1,illicit,1251,1251,1.0
HI-Small,1644,amlc_01644,e_4550048,487372,1,illicit,1251,1251,1.0
HI-Small,1645,amlc_01645,e_4550049,487373,1,illicit,1251,1251,1.0
HI-Small,1646,amlc_01646,e_4550050,487374,1,illicit,1251,1251,1.0
HI-Small,1647,amlc_01647,e_4550051,487375,1,illicit,1251,1251,1.0
HI-Small,1648,amlc_01648,e_4550053,487377,1,illicit,1251,1251,1.0
HI-Small,1649,amlc_01649,e_4550054,487378,1,illicit,1251,1251,1.0
HI-Small,1650,amlc_01650,e_4550055,487379,1,illicit,1251,1251,1.0
HI-Small,1651,amlc_01651,e_4550057,487381,1,illicit,1251,1251,1.0
HI-Small,1652,amlc_01652,e_4550059,487383,1,illicit,1251,1251,1.0
HI-Small,1653,amlc_01653,e_4550060,487384,1,illicit,1251,1251,1.0
HI-Small,1654,amlc_01654,e_4550061,487385,1,illicit,1251,1251,1.0
HI-Small,1655,amlc_01655,e_4550063,487387,1,illicit,1251,1251,1.0
HI-Small,1656,amlc_01656,e_4550065,487389,1,illicit,1251,1251,1.0
HI-Small,1657,amlc_01657,e_4550067,487391,1,illicit,1251,1251,1.0
HI-Small,1658,amlc_01658,e_4550069,487393,1,illicit,1251,1251,1.0
HI-Small,1659,amlc_01659,e_4550071,487395,1,illicit,1251,1251,1.0
HI-Small,1660,amlc_01660,e_4550072,487396,1,illicit,1251,1251,1.0
HI-Small,1661,amlc_01661,e_4550074,487398,1,illicit,1251,1251,1.0
HI-Small,1662,amlc_01662,e_4550076,487400,1,illicit,1251,1251,1.0
HI-Small,1663,amlc_01663,e_4550078,487402,1,illicit,1251,1251,1.0
HI-Small,1664,amlc_01664,e_4550080,487404,1,illicit,1251,1251,1.0
HI-Small,1665,amlc_01665,e_4550617,487941,0,easy_t3,334638,713,469.33800841514727
HI-Small,1666,amlc_01666,e_4551164,488488,0,easy_t1,334638,713,469.33800841514727
HI-Small,1667,amlc_01667,e_4551670,488994,0,easy_t1,334638,713,469.33800841514727
HI-Small,1668,amlc_01668,e_4551719,489043,0,easy_t1,334638,713,469.33800841514727
HI-Small,1669,amlc_01669,e_4552207,489531,0,easy_t1,334638,713,469.33800841514727
HI-Small,1670,amlc_01670,e_4552694,490018,0,easy_t1,334638,713,469.33800841514727
HI-Small,1671,amlc_01671,e_4552774,490098,0,easy_t1,334638,713,469.33800841514727
HI-Small,1672,amlc_01672,e_4553197,490521,0,easy_t2,344779,713,483.5610098176718
HI-Small,1673,amlc_01673,e_4553399,490723,0,easy_t3,334638,713,469.33800841514727
HI-Small,1674,amlc_01674,e_4553764,491088,1,illicit,1251,1251,1.0
HI-Small,1675,amlc_01675,e_4554352,491676,1,illicit,1251,1251,1.0
HI-Small,1676,amlc_01676,e_4554586,491910,0,easy_t2,344779,713,483.5610098176718
HI-Small,1677,amlc_01677,e_4555699,493023,0,easy_t2,344779,713,483.5610098176718
HI-Small,1678,amlc_01678,e_4556520,493844,0,easy_t2,344779,713,483.5610098176718
HI-Small,1679,amlc_01679,e_4556669,493993,0,easy_t2,344779,713,483.5610098176718
HI-Small,1680,amlc_01680,e_4556843,494167,0,easy_t1,334638,713,469.33800841514727
HI-Small,1681,amlc_01681,e_4557023,494347,0,easy_t1,334638,713,469.33800841514727
HI-Small,1682,amlc_01682,e_4557117,494441,0,easy_t3,334638,713,469.33800841514727
HI-Small,1683,amlc_01683,e_4557281,494605,0,easy_t2,344779,713,483.5610098176718
HI-Small,1684,amlc_01684,e_4557514,494838,0,easy_t1,334638,713,469.33800841514727
HI-Small,1685,amlc_01685,e_4557738,495062,0,easy_t3,334638,713,469.33800841514727
HI-Small,1686,amlc_01686,e_4557978,495302,0,hard_neg,363,363,1.0
HI-Small,1687,amlc_01687,e_4558130,495454,0,easy_t1,334638,713,469.33800841514727
HI-Small,1688,amlc_01688,e_4558786,496110,0,easy_t2,344779,713,483.5610098176718
HI-Small,1689,amlc_01689,e_4559813,497137,0,easy_t2,344779,713,483.5610098176718
HI-Small,1690,amlc_01690,e_4560178,497502,0,easy_t1,334638,713,469.33800841514727
HI-Small,1691,amlc_01691,e_4561381,498705,0,easy_t2,344779,713,483.5610098176718
HI-Small,1692,amlc_01692,e_4561879,499203,0,easy_t2,344779,713,483.5610098176718
HI-Small,1693,amlc_01693,e_4562380,499704,0,hard_neg,363,363,1.0
HI-Small,1694,amlc_01694,e_4562580,499904,0,easy_t3,334638,713,469.33800841514727
HI-Small,1695,amlc_01695,e_4562605,499929,0,easy_t2,344779,713,483.5610098176718
HI-Small,1696,amlc_01696,e_4562985,500309,0,hard_neg,363,363,1.0
HI-Small,1697,amlc_01697,e_4563150,500474,0,easy_t1,334638,713,469.33800841514727
HI-Small,1698,amlc_01698,e_4563194,500518,1,illicit,1251,1251,1.0
HI-Small,1699,amlc_01699,e_4563196,500520,1,illicit,1251,1251,1.0
HI-Small,1700,amlc_01700,e_4563198,500522,1,illicit,1251,1251,1.0
HI-Small,1701,amlc_01701,e_4563200,500524,1,illicit,1251,1251,1.0
HI-Small,1702,amlc_01702,e_4563202,500526,1,illicit,1251,1251,1.0
HI-Small,1703,amlc_01703,e_4563204,500528,1,illicit,1251,1251,1.0
HI-Small,1704,amlc_01704,e_4563206,500530,1,illicit,1251,1251,1.0
HI-Small,1705,amlc_01705,e_4563208,500532,1,illicit,1251,1251,1.0
HI-Small,1706,amlc_01706,e_4563210,500534,1,illicit,1251,1251,1.0
HI-Small,1707,amlc_01707,e_4563212,500536,1,illicit,1251,1251,1.0
HI-Small,1708,amlc_01708,e_4563214,500538,1,illicit,1251,1251,1.0
HI-Small,1709,amlc_01709,e_4563216,500540,1,illicit,1251,1251,1.0
HI-Small,1710,amlc_01710,e_4563218,500542,1,illicit,1251,1251,1.0
HI-Small,1711,amlc_01711,e_4563220,500544,1,illicit,1251,1251,1.0
HI-Small,1712,amlc_01712,e_4563222,500546,1,illicit,1251,1251,1.0
HI-Small,1713,amlc_01713,e_4563224,500548,1,illicit,1251,1251,1.0
HI-Small,1714,amlc_01714,e_4563298,500622,0,easy_t3,334638,713,469.33800841514727
HI-Small,1715,amlc_01715,e_4563353,500677,0,easy_t3,334638,713,469.33800841514727
HI-Small,1716,amlc_01716,e_4563457,500781,1,illicit,1251,1251,1.0
HI-Small,1717,amlc_01717,e_4563459,500783,1,illicit,1251,1251,1.0
HI-Small,1718,amlc_01718,e_4563460,500784,1,illicit,1251,1251,1.0
HI-Small,1719,amlc_01719,e_4563462,500786,1,illicit,1251,1251,1.0
HI-Small,1720,amlc_01720,e_4563464,500788,1,illicit,1251,1251,1.0
HI-Small,1721,amlc_01721,e_4563466,500790,1,illicit,1251,1251,1.0
HI-Small,1722,amlc_01722,e_4563467,500791,0,hard_neg,363,363,1.0
HI-Small,1723,amlc_01723,e_4563468,500792,1,illicit,1251,1251,1.0
HI-Small,1724,amlc_01724,e_4563470,500794,1,illicit,1251,1251,1.0
HI-Small,1725,amlc_01725,e_4564179,501503,0,easy_t1,334638,713,469.33800841514727
HI-Small,1726,amlc_01726,e_4564230,501554,0,easy_t3,334638,713,469.33800841514727
HI-Small,1727,amlc_01727,e_4565346,502670,0,easy_t1,334638,713,469.33800841514727
HI-Small,1728,amlc_01728,e_4565836,503160,1,illicit,1251,1251,1.0
HI-Small,1729,amlc_01729,e_4566114,503438,0,easy_t1,334638,713,469.33800841514727
HI-Small,1730,amlc_01730,e_4566177,503501,0,easy_t2,344779,713,483.5610098176718
HI-Small,1731,amlc_01731,e_4566454,503778,1,illicit,1251,1251,1.0
HI-Small,1732,amlc_01732,e_4566631,503955,1,illicit,1251,1251,1.0
HI-Small,1733,amlc_01733,e_4566638,503962,0,easy_t2,344779,713,483.5610098176718
HI-Small,1734,amlc_01734,e_4566902,504226,1,illicit,1251,1251,1.0
HI-Small,1735,amlc_01735,e_4567874,505198,0,easy_t2,344779,713,483.5610098176718
HI-Small,1736,amlc_01736,e_4568472,505796,0,hard_neg,363,363,1.0
HI-Small,1737,amlc_01737,e_4568695,506019,0,hard_neg,363,363,1.0
HI-Small,1738,amlc_01738,e_4569289,506613,1,illicit,1251,1251,1.0
HI-Small,1739,amlc_01739,e_4569291,506615,1,illicit,1251,1251,1.0
HI-Small,1740,amlc_01740,e_4569293,506617,1,illicit,1251,1251,1.0
HI-Small,1741,amlc_01741,e_4569295,506619,1,illicit,1251,1251,1.0
HI-Small,1742,amlc_01742,e_4569297,506621,1,illicit,1251,1251,1.0
HI-Small,1743,amlc_01743,e_4569299,506623,1,illicit,1251,1251,1.0
HI-Small,1744,amlc_01744,e_4569301,506625,1,illicit,1251,1251,1.0
HI-Small,1745,amlc_01745,e_4569303,506627,1,illicit,1251,1251,1.0
HI-Small,1746,amlc_01746,e_4569305,506629,1,illicit,1251,1251,1.0
HI-Small,1747,amlc_01747,e_4569307,506631,1,illicit,1251,1251,1.0
HI-Small,1748,amlc_01748,e_4569309,506633,1,illicit,1251,1251,1.0
HI-Small,1749,amlc_01749,e_4569759,507083,0,easy_t2,344779,713,483.5610098176718
HI-Small,1750,amlc_01750,e_4570163,507487,0,easy_t3,334638,713,469.33800841514727
HI-Small,1751,amlc_01751,e_4570286,507610,0,hard_neg,363,363,1.0
HI-Small,1752,amlc_01752,e_4570604,507928,1,illicit,1251,1251,1.0
HI-Small,1753,amlc_01753,e_4571029,508353,0,hard_neg,363,363,1.0
HI-Small,1754,amlc_01754,e_4571408,508732,0,easy_t1,334638,713,469.33800841514727
HI-Small,1755,amlc_01755,e_4571427,508751,0,easy_t1,334638,713,469.33800841514727
HI-Small,1756,amlc_01756,e_4571822,509146,0,easy_t2,344779,713,483.5610098176718
HI-Small,1757,amlc_01757,e_4571987,509311,0,easy_t1,334638,713,469.33800841514727
HI-Small,1758,amlc_01758,e_4571995,509319,0,easy_t3,334638,713,469.33800841514727
HI-Small,1759,amlc_01759,e_4573334,510658,0,easy_t1,334638,713,469.33800841514727
HI-Small,1760,amlc_01760,e_4573341,510665,0,easy_t2,344779,713,483.5610098176718
HI-Small,1761,amlc_01761,e_4574639,511963,0,easy_t1,334638,713,469.33800841514727
HI-Small,1762,amlc_01762,e_4574748,512072,0,easy_t3,334638,713,469.33800841514727
HI-Small,1763,amlc_01763,e_4574755,512079,0,easy_t1,334638,713,469.33800841514727
HI-Small,1764,amlc_01764,e_4575175,512499,0,hard_neg,363,363,1.0
HI-Small,1765,amlc_01765,e_4575217,512541,0,easy_t1,334638,713,469.33800841514727
HI-Small,1766,amlc_01766,e_4575316,512640,0,easy_t3,334638,713,469.33800841514727
HI-Small,1767,amlc_01767,e_4575558,512882,0,easy_t1,334638,713,469.33800841514727
HI-Small,1768,amlc_01768,e_4575859,513183,0,easy_t3,334638,713,469.33800841514727
HI-Small,1769,amlc_01769,e_4576248,513572,0,easy_t3,334638,713,469.33800841514727
HI-Small,1770,amlc_01770,e_4576355,513679,0,easy_t3,334638,713,469.33800841514727
HI-Small,1771,amlc_01771,e_4576535,513859,1,illicit,1251,1251,1.0
HI-Small,1772,amlc_01772,e_4576987,514311,0,easy_t3,334638,713,469.33800841514727
HI-Small,1773,amlc_01773,e_4577334,514658,0,easy_t3,334638,713,469.33800841514727
HI-Small,1774,amlc_01774,e_4578143,515467,0,easy_t1,334638,713,469.33800841514727
HI-Small,1775,amlc_01775,e_4578371,515695,0,easy_t3,334638,713,469.33800841514727
HI-Small,1776,amlc_01776,e_4579403,516727,0,easy_t3,334638,713,469.33800841514727
HI-Small,1777,amlc_01777,e_4579837,517161,1,illicit,1251,1251,1.0
HI-Small,1778,amlc_01778,e_4580259,517583,0,easy_t2,344779,713,483.5610098176718
HI-Small,1779,amlc_01779,e_4580687,518011,0,hard_neg,363,363,1.0
HI-Small,1780,amlc_01780,e_4581639,518963,0,easy_t2,344779,713,483.5610098176718
HI-Small,1781,amlc_01781,e_4581734,519058,0,hard_neg,363,363,1.0
HI-Small,1782,amlc_01782,e_4582077,519401,0,easy_t1,334638,713,469.33800841514727
HI-Small,1783,amlc_01783,e_4582707,520031,0,hard_neg,363,363,1.0
HI-Small,1784,amlc_01784,e_4583200,520524,0,easy_t3,334638,713,469.33800841514727
HI-Small,1785,amlc_01785,e_4583933,521257,0,easy_t1,334638,713,469.33800841514727
HI-Small,1786,amlc_01786,e_4583956,521280,0,easy_t3,334638,713,469.33800841514727
HI-Small,1787,amlc_01787,e_4584455,521779,0,easy_t2,344779,713,483.5610098176718
HI-Small,1788,amlc_01788,e_4584585,521909,0,easy_t1,334638,713,469.33800841514727
HI-Small,1789,amlc_01789,e_4584586,521910,0,easy_t2,344779,713,483.5610098176718
HI-Small,1790,amlc_01790,e_4585100,522424,0,easy_t3,334638,713,469.33800841514727
HI-Small,1791,amlc_01791,e_4585253,522577,0,easy_t1,334638,713,469.33800841514727
HI-Small,1792,amlc_01792,e_4585527,522851,0,easy_t1,334638,713,469.33800841514727
HI-Small,1793,amlc_01793,e_4586626,523950,0,hard_neg,363,363,1.0
HI-Small,1794,amlc_01794,e_4586987,524311,0,hard_neg,363,363,1.0
HI-Small,1795,amlc_01795,e_4587310,524634,0,easy_t3,334638,713,469.33800841514727
HI-Small,1796,amlc_01796,e_4587872,525196,1,illicit,1251,1251,1.0
HI-Small,1797,amlc_01797,e_4589504,526828,0,hard_neg,363,363,1.0
HI-Small,1798,amlc_01798,e_4590614,527938,0,easy_t2,344779,713,483.5610098176718
HI-Small,1799,amlc_01799,e_4590885,528209,0,easy_t3,334638,713,469.33800841514727
HI-Small,1800,amlc_01800,e_4591464,528788,0,easy_t3,334638,713,469.33800841514727
HI-Small,1801,amlc_01801,e_4591523,528847,0,easy_t2,344779,713,483.5610098176718
HI-Small,1802,amlc_01802,e_4591722,529046,0,easy_t3,334638,713,469.33800841514727
HI-Small,1803,amlc_01803,e_4591755,529079,0,easy_t3,334638,713,469.33800841514727
HI-Small,1804,amlc_01804,e_4591993,529317,0,hard_neg,363,363,1.0
HI-Small,1805,amlc_01805,e_4592409,529733,0,easy_t2,344779,713,483.5610098176718
HI-Small,1806,amlc_01806,e_4592490,529814,1,illicit,1251,1251,1.0
HI-Small,1807,amlc_01807,e_4593064,530388,0,easy_t2,344779,713,483.5610098176718
HI-Small,1808,amlc_01808,e_4593119,530443,0,easy_t2,344779,713,483.5610098176718
HI-Small,1809,amlc_01809,e_4593586,530910,0,easy_t1,334638,713,469.33800841514727
HI-Small,1810,amlc_01810,e_4593773,531097,0,easy_t1,334638,713,469.33800841514727
HI-Small,1811,amlc_01811,e_4594318,531642,0,easy_t2,344779,713,483.5610098176718
HI-Small,1812,amlc_01812,e_4594490,531814,0,easy_t1,334638,713,469.33800841514727
HI-Small,1813,amlc_01813,e_4594555,531879,0,easy_t2,344779,713,483.5610098176718
HI-Small,1814,amlc_01814,e_4594591,531915,0,easy_t3,334638,713,469.33800841514727
HI-Small,1815,amlc_01815,e_4594758,532082,0,easy_t1,334638,713,469.33800841514727
HI-Small,1816,amlc_01816,e_4594840,532164,0,easy_t1,334638,713,469.33800841514727
HI-Small,1817,amlc_01817,e_4595056,532380,0,hard_neg,363,363,1.0
HI-Small,1818,amlc_01818,e_4595748,533072,1,illicit,1251,1251,1.0
HI-Small,1819,amlc_01819,e_4596197,533521,0,easy_t3,334638,713,469.33800841514727
HI-Small,1820,amlc_01820,e_4596247,533571,0,easy_t3,334638,713,469.33800841514727
HI-Small,1821,amlc_01821,e_4596874,534198,0,hard_neg,363,363,1.0
HI-Small,1822,amlc_01822,e_4596909,534233,0,easy_t2,344779,713,483.5610098176718
HI-Small,1823,amlc_01823,e_4597087,534411,1,illicit,1251,1251,1.0
HI-Small,1824,amlc_01824,e_4598563,535887,0,easy_t3,334638,713,469.33800841514727
HI-Small,1825,amlc_01825,e_4598875,536199,0,easy_t1,334638,713,469.33800841514727
HI-Small,1826,amlc_01826,e_4599691,537015,0,easy_t3,334638,713,469.33800841514727
HI-Small,1827,amlc_01827,e_4599953,537277,0,easy_t1,334638,713,469.33800841514727
HI-Small,1828,amlc_01828,e_4600107,537431,0,easy_t2,344779,713,483.5610098176718
HI-Small,1829,amlc_01829,e_4600207,537531,0,easy_t3,334638,713,469.33800841514727
HI-Small,1830,amlc_01830,e_4600923,538247,0,easy_t1,334638,713,469.33800841514727
HI-Small,1831,amlc_01831,e_4601208,538532,0,easy_t3,334638,713,469.33800841514727
HI-Small,1832,amlc_01832,e_4602005,539329,0,easy_t1,334638,713,469.33800841514727
HI-Small,1833,amlc_01833,e_4602011,539335,0,easy_t3,334638,713,469.33800841514727
HI-Small,1834,amlc_01834,e_4602453,539777,0,easy_t3,334638,713,469.33800841514727
HI-Small,1835,amlc_01835,e_4602632,539956,0,easy_t3,334638,713,469.33800841514727
HI-Small,1836,amlc_01836,e_4603051,540375,0,hard_neg,363,363,1.0
HI-Small,1837,amlc_01837,e_4603186,540510,0,easy_t3,334638,713,469.33800841514727
HI-Small,1838,amlc_01838,e_4603192,540516,0,easy_t3,334638,713,469.33800841514727
HI-Small,1839,amlc_01839,e_4603987,541311,0,easy_t3,334638,713,469.33800841514727
HI-Small,1840,amlc_01840,e_4604223,541547,0,easy_t1,334638,713,469.33800841514727
HI-Small,1841,amlc_01841,e_4604533,541857,1,illicit,1251,1251,1.0
HI-Small,1842,amlc_01842,e_4604704,542028,0,easy_t2,344779,713,483.5610098176718
HI-Small,1843,amlc_01843,e_4604887,542211,0,easy_t3,334638,713,469.33800841514727
HI-Small,1844,amlc_01844,e_4605055,542379,0,easy_t1,334638,713,469.33800841514727
HI-Small,1845,amlc_01845,e_4605266,542590,0,easy_t2,344779,713,483.5610098176718
HI-Small,1846,amlc_01846,e_4605272,542596,0,easy_t3,334638,713,469.33800841514727
HI-Small,1847,amlc_01847,e_4605533,542857,0,hard_neg,363,363,1.0
HI-Small,1848,amlc_01848,e_4605563,542887,0,easy_t2,344779,713,483.5610098176718
HI-Small,1849,amlc_01849,e_4605624,542948,0,easy_t3,334638,713,469.33800841514727
HI-Small,1850,amlc_01850,e_4605689,543013,0,easy_t1,334638,713,469.33800841514727
HI-Small,1851,amlc_01851,e_4606180,543504,0,hard_neg,363,363,1.0
HI-Small,1852,amlc_01852,e_4606834,544158,0,easy_t2,344779,713,483.5610098176718
HI-Small,1853,amlc_01853,e_4607230,544554,0,easy_t1,334638,713,469.33800841514727
HI-Small,1854,amlc_01854,e_4607498,544822,0,easy_t2,344779,713,483.5610098176718
HI-Small,1855,amlc_01855,e_4607680,545004,0,easy_t3,334638,713,469.33800841514727
HI-Small,1856,amlc_01856,e_4607975,545299,0,easy_t3,334638,713,469.33800841514727
HI-Small,1857,amlc_01857,e_4608186,545510,1,illicit,1251,1251,1.0
HI-Small,1858,amlc_01858,e_4608222,545546,0,easy_t3,334638,713,469.33800841514727
HI-Small,1859,amlc_01859,e_4608295,545619,0,easy_t1,334638,713,469.33800841514727
HI-Small,1860,amlc_01860,e_4608433,545757,0,easy_t3,334638,713,469.33800841514727
HI-Small,1861,amlc_01861,e_4608529,545853,0,easy_t3,334638,713,469.33800841514727
HI-Small,1862,amlc_01862,e_4608599,545923,0,easy_t1,334638,713,469.33800841514727
HI-Small,1863,amlc_01863,e_4609398,546722,0,easy_t3,334638,713,469.33800841514727
HI-Small,1864,amlc_01864,e_4609672,546996,0,easy_t1,334638,713,469.33800841514727
HI-Small,1865,amlc_01865,e_4609798,547122,0,easy_t3,334638,713,469.33800841514727
HI-Small,1866,amlc_01866,e_4611148,548472,1,illicit,1251,1251,1.0
HI-Small,1867,amlc_01867,e_4611199,548523,0,easy_t3,334638,713,469.33800841514727
HI-Small,1868,amlc_01868,e_4611336,548660,0,easy_t3,334638,713,469.33800841514727
HI-Small,1869,amlc_01869,e_4611970,549294,0,easy_t3,334638,713,469.33800841514727
HI-Small,1870,amlc_01870,e_4612049,549373,0,easy_t2,344779,713,483.5610098176718
HI-Small,1871,amlc_01871,e_4612088,549412,1,illicit,1251,1251,1.0
HI-Small,1872,amlc_01872,e_4612141,549465,0,easy_t1,334638,713,469.33800841514727
HI-Small,1873,amlc_01873,e_4612167,549491,0,easy_t2,344779,713,483.5610098176718
HI-Small,1874,amlc_01874,e_4612387,549711,0,easy_t3,334638,713,469.33800841514727
HI-Small,1875,amlc_01875,e_4612734,550058,0,easy_t2,344779,713,483.5610098176718
HI-Small,1876,amlc_01876,e_4613126,550450,1,illicit,1251,1251,1.0
HI-Small,1877,amlc_01877,e_4613241,550565,0,easy_t3,334638,713,469.33800841514727
HI-Small,1878,amlc_01878,e_4613935,551259,0,easy_t3,334638,713,469.33800841514727
HI-Small,1879,amlc_01879,e_4614011,551335,0,easy_t1,334638,713,469.33800841514727
HI-Small,1880,amlc_01880,e_4615030,552354,0,easy_t2,344779,713,483.5610098176718
HI-Small,1881,amlc_01881,e_4615804,553128,0,easy_t2,344779,713,483.5610098176718
HI-Small,1882,amlc_01882,e_4616156,553480,0,easy_t1,334638,713,469.33800841514727
HI-Small,1883,amlc_01883,e_4616250,553574,1,illicit,1251,1251,1.0
HI-Small,1884,amlc_01884,e_4616279,553603,1,illicit,1251,1251,1.0
HI-Small,1885,amlc_01885,e_4616298,553622,0,easy_t2,344779,713,483.5610098176718
HI-Small,1886,amlc_01886,e_4616507,553831,0,easy_t3,334638,713,469.33800841514727
HI-Small,1887,amlc_01887,e_4616683,554007,0,easy_t2,344779,713,483.5610098176718
HI-Small,1888,amlc_01888,e_4617225,554549,0,easy_t2,344779,713,483.5610098176718
HI-Small,1889,amlc_01889,e_4618051,555375,0,easy_t1,334638,713,469.33800841514727
HI-Small,1890,amlc_01890,e_4618189,555513,1,illicit,1251,1251,1.0
HI-Small,1891,amlc_01891,e_4618198,555522,0,easy_t2,344779,713,483.5610098176718
HI-Small,1892,amlc_01892,e_4618615,555939,1,illicit,1251,1251,1.0
HI-Small,1893,amlc_01893,e_4618688,556012,0,easy_t3,334638,713,469.33800841514727
HI-Small,1894,amlc_01894,e_4618705,556029,0,hard_neg,363,363,1.0
HI-Small,1895,amlc_01895,e_4618914,556238,0,hard_neg,363,363,1.0
HI-Small,1896,amlc_01896,e_4619090,556414,1,illicit,1251,1251,1.0
HI-Small,1897,amlc_01897,e_4619383,556707,1,illicit,1251,1251,1.0
HI-Small,1898,amlc_01898,e_4620054,557378,0,easy_t1,334638,713,469.33800841514727
HI-Small,1899,amlc_01899,e_4620218,557542,0,hard_neg,363,363,1.0
HI-Small,1900,amlc_01900,e_4620831,558155,0,easy_t2,344779,713,483.5610098176718
HI-Small,1901,amlc_01901,e_4621380,558704,0,easy_t2,344779,713,483.5610098176718
HI-Small,1902,amlc_01902,e_4622025,559349,0,easy_t2,344779,713,483.5610098176718
HI-Small,1903,amlc_01903,e_4622087,559411,0,easy_t1,334638,713,469.33800841514727
HI-Small,1904,amlc_01904,e_4622577,559901,0,easy_t1,334638,713,469.33800841514727
HI-Small,1905,amlc_01905,e_4622598,559922,0,easy_t2,344779,713,483.5610098176718
HI-Small,1906,amlc_01906,e_4622649,559973,0,easy_t3,334638,713,469.33800841514727
HI-Small,1907,amlc_01907,e_4622949,560273,1,illicit,1251,1251,1.0
HI-Small,1908,amlc_01908,e_4623245,560569,0,hard_neg,363,363,1.0
HI-Small,1909,amlc_01909,e_4623412,560736,0,easy_t2,344779,713,483.5610098176718
HI-Small,1910,amlc_01910,e_4624761,562085,0,hard_neg,363,363,1.0
HI-Small,1911,amlc_01911,e_4625039,562363,0,hard_neg,363,363,1.0
HI-Small,1912,amlc_01912,e_4625799,563123,1,illicit,1251,1251,1.0
HI-Small,1913,amlc_01913,e_4625848,563172,0,hard_neg,363,363,1.0
HI-Small,1914,amlc_01914,e_4626917,564241,1,illicit,1251,1251,1.0
HI-Small,1915,amlc_01915,e_4627237,564561,0,easy_t2,344779,713,483.5610098176718
HI-Small,1916,amlc_01916,e_4627802,565126,0,easy_t1,334638,713,469.33800841514727
HI-Small,1917,amlc_01917,e_4628026,565350,0,easy_t2,344779,713,483.5610098176718
HI-Small,1918,amlc_01918,e_4628614,565938,0,easy_t3,334638,713,469.33800841514727
HI-Small,1919,amlc_01919,e_4629762,567086,0,easy_t3,334638,713,469.33800841514727
HI-Small,1920,amlc_01920,e_4629917,567241,0,easy_t3,334638,713,469.33800841514727
HI-Small,1921,amlc_01921,e_4630203,567527,0,easy_t2,344779,713,483.5610098176718
HI-Small,1922,amlc_01922,e_4630270,567594,0,hard_neg,363,363,1.0
HI-Small,1923,amlc_01923,e_4630846,568170,0,easy_t2,344779,713,483.5610098176718
HI-Small,1924,amlc_01924,e_4630941,568265,0,easy_t1,334638,713,469.33800841514727
HI-Small,1925,amlc_01925,e_4631361,568685,0,easy_t2,344779,713,483.5610098176718
HI-Small,1926,amlc_01926,e_4631978,569302,0,easy_t1,334638,713,469.33800841514727
HI-Small,1927,amlc_01927,e_4632193,569517,0,easy_t1,334638,713,469.33800841514727
HI-Small,1928,amlc_01928,e_4632873,570197,0,easy_t3,334638,713,469.33800841514727
HI-Small,1929,amlc_01929,e_4633012,570336,0,easy_t2,344779,713,483.5610098176718
HI-Small,1930,amlc_01930,e_4633547,570871,0,hard_neg,363,363,1.0
HI-Small,1931,amlc_01931,e_4633727,571051,0,easy_t2,344779,713,483.5610098176718
HI-Small,1932,amlc_01932,e_4634325,571649,0,easy_t1,334638,713,469.33800841514727
HI-Small,1933,amlc_01933,e_4634808,572132,0,easy_t1,334638,713,469.33800841514727
HI-Small,1934,amlc_01934,e_4635108,572432,1,illicit,1251,1251,1.0
HI-Small,1935,amlc_01935,e_4635595,572919,0,easy_t2,344779,713,483.5610098176718
HI-Small,1936,amlc_01936,e_4635780,573104,1,illicit,1251,1251,1.0
HI-Small,1937,amlc_01937,e_4636771,574095,0,easy_t3,334638,713,469.33800841514727
HI-Small,1938,amlc_01938,e_4636846,574170,0,hard_neg,363,363,1.0
HI-Small,1939,amlc_01939,e_4637058,574382,0,hard_neg,363,363,1.0
HI-Small,1940,amlc_01940,e_4637090,574414,0,easy_t2,344779,713,483.5610098176718
HI-Small,1941,amlc_01941,e_4637551,574875,0,hard_neg,363,363,1.0
HI-Small,1942,amlc_01942,e_4638034,575358,0,easy_t2,344779,713,483.5610098176718
HI-Small,1943,amlc_01943,e_4638212,575536,0,easy_t1,334638,713,469.33800841514727
HI-Small,1944,amlc_01944,e_4638985,576309,0,easy_t2,344779,713,483.5610098176718
HI-Small,1945,amlc_01945,e_4639397,576721,0,easy_t1,334638,713,469.33800841514727
HI-Small,1946,amlc_01946,e_4639531,576855,0,hard_neg,363,363,1.0
HI-Small,1947,amlc_01947,e_4639735,577059,0,easy_t3,334638,713,469.33800841514727
HI-Small,1948,amlc_01948,e_4640449,577773,0,easy_t1,334638,713,469.33800841514727
HI-Small,1949,amlc_01949,e_4640578,577902,0,easy_t3,334638,713,469.33800841514727
HI-Small,1950,amlc_01950,e_4640724,578048,1,illicit,1251,1251,1.0
HI-Small,1951,amlc_01951,e_4641030,578354,0,hard_neg,363,363,1.0
HI-Small,1952,amlc_01952,e_4641211,578535,0,easy_t2,344779,713,483.5610098176718
HI-Small,1953,amlc_01953,e_4642174,579498,0,easy_t1,334638,713,469.33800841514727
HI-Small,1954,amlc_01954,e_4642357,579681,0,easy_t2,344779,713,483.5610098176718
HI-Small,1955,amlc_01955,e_4642438,579762,0,easy_t2,344779,713,483.5610098176718
HI-Small,1956,amlc_01956,e_4643316,580640,1,illicit,1251,1251,1.0
HI-Small,1957,amlc_01957,e_4643838,581162,0,easy_t3,334638,713,469.33800841514727
HI-Small,1958,amlc_01958,e_4644337,581661,0,easy_t2,344779,713,483.5610098176718
HI-Small,1959,amlc_01959,e_4644832,582156,0,easy_t1,334638,713,469.33800841514727
HI-Small,1960,amlc_01960,e_4645299,582623,0,easy_t2,344779,713,483.5610098176718
HI-Small,1961,amlc_01961,e_4645386,582710,1,illicit,1251,1251,1.0
HI-Small,1962,amlc_01962,e_4645452,582776,0,easy_t2,344779,713,483.5610098176718
HI-Small,1963,amlc_01963,e_4645616,582940,1,illicit,1251,1251,1.0
HI-Small,1964,amlc_01964,e_4646065,583389,1,illicit,1251,1251,1.0
HI-Small,1965,amlc_01965,e_4646837,584161,1,illicit,1251,1251,1.0
HI-Small,1966,amlc_01966,e_4647496,584820,1,illicit,1251,1251,1.0
HI-Small,1967,amlc_01967,e_4648943,586267,0,easy_t2,344779,713,483.5610098176718
HI-Small,1968,amlc_01968,e_4649619,586943,0,hard_neg,363,363,1.0
HI-Small,1969,amlc_01969,e_4649869,587193,1,illicit,1251,1251,1.0
HI-Small,1970,amlc_01970,e_4650706,588030,0,easy_t1,334638,713,469.33800841514727
HI-Small,1971,amlc_01971,e_4650971,588295,0,hard_neg,363,363,1.0
HI-Small,1972,amlc_01972,e_4651101,588425,0,easy_t3,334638,713,469.33800841514727
HI-Small,1973,amlc_01973,e_4651194,588518,0,easy_t3,334638,713,469.33800841514727
HI-Small,1974,amlc_01974,e_4651707,589031,0,hard_neg,363,363,1.0
HI-Small,1975,amlc_01975,e_4651774,589098,0,easy_t1,334638,713,469.33800841514727
HI-Small,1976,amlc_01976,e_4652033,589357,0,hard_neg,363,363,1.0
HI-Small,1977,amlc_01977,e_4652163,589487,0,easy_t1,334638,713,469.33800841514727
HI-Small,1978,amlc_01978,e_4653224,590548,0,easy_t3,334638,713,469.33800841514727
HI-Small,1979,amlc_01979,e_4653658,590982,0,hard_neg,363,363,1.0
HI-Small,1980,amlc_01980,e_4654648,591972,0,easy_t1,334638,713,469.33800841514727
HI-Small,1981,amlc_01981,e_4655385,592709,0,hard_neg,363,363,1.0
HI-Small,1982,amlc_01982,e_4655492,592816,0,easy_t3,334638,713,469.33800841514727
HI-Small,1983,amlc_01983,e_4655800,593124,0,easy_t3,334638,713,469.33800841514727
HI-Small,1984,amlc_01984,e_4656066,593390,0,easy_t3,334638,713,469.33800841514727
HI-Small,1985,amlc_01985,e_4656183,593507,1,illicit,1251,1251,1.0
HI-Small,1986,amlc_01986,e_4656364,593688,1,illicit,1251,1251,1.0
HI-Small,1987,amlc_01987,e_4656377,593701,1,illicit,1251,1251,1.0
HI-Small,1988,amlc_01988,e_4656378,593702,1,illicit,1251,1251,1.0
HI-Small,1989,amlc_01989,e_4656379,593703,1,illicit,1251,1251,1.0
HI-Small,1990,amlc_01990,e_4656965,594289,0,easy_t1,334638,713,469.33800841514727
HI-Small,1991,amlc_01991,e_4657287,594611,0,easy_t2,344779,713,483.5610098176718
HI-Small,1992,amlc_01992,e_4657391,594715,0,easy_t3,334638,713,469.33800841514727
HI-Small,1993,amlc_01993,e_4657460,594784,0,easy_t2,344779,713,483.5610098176718
HI-Small,1994,amlc_01994,e_4658684,596008,0,easy_t3,334638,713,469.33800841514727
HI-Small,1995,amlc_01995,e_4658798,596122,0,easy_t2,344779,713,483.5610098176718
HI-Small,1996,amlc_01996,e_4658807,596131,0,easy_t2,344779,713,483.5610098176718
HI-Small,1997,amlc_01997,e_4659414,596738,0,easy_t2,344779,713,483.5610098176718
HI-Small,1998,amlc_01998,e_4659501,596825,0,easy_t1,334638,713,469.33800841514727
HI-Small,1999,amlc_01999,e_4659834,597158,0,easy_t2,344779,713,483.5610098176718
HI-Small,2000,amlc_02000,e_4660054,597378,0,easy_t1,334638,713,469.33800841514727
HI-Small,2001,amlc_02001,e_4660263,597587,0,easy_t3,334638,713,469.33800841514727
HI-Small,2002,amlc_02002,e_4660449,597773,1,illicit,1251,1251,1.0
HI-Small,2003,amlc_02003,e_4660498,597822,0,easy_t1,334638,713,469.33800841514727
HI-Small,2004,amlc_02004,e_4660738,598062,0,hard_neg,363,363,1.0
HI-Small,2005,amlc_02005,e_4660954,598278,0,easy_t2,344779,713,483.5610098176718
HI-Small,2006,amlc_02006,e_4661223,598547,0,easy_t3,334638,713,469.33800841514727
HI-Small,2007,amlc_02007,e_4662199,599523,1,illicit,1251,1251,1.0
HI-Small,2008,amlc_02008,e_4662263,599587,0,easy_t1,334638,713,469.33800841514727
HI-Small,2009,amlc_02009,e_4662468,599792,0,easy_t1,334638,713,469.33800841514727
HI-Small,2010,amlc_02010,e_4662795,600119,1,illicit,1251,1251,1.0
HI-Small,2011,amlc_02011,e_4662844,600168,0,easy_t2,344779,713,483.5610098176718
HI-Small,2012,amlc_02012,e_4663900,601224,0,hard_neg,363,363,1.0
HI-Small,2013,amlc_02013,e_4664005,601329,0,easy_t1,334638,713,469.33800841514727
HI-Small,2014,amlc_02014,e_4664177,601501,0,easy_t1,334638,713,469.33800841514727
HI-Small,2015,amlc_02015,e_4664382,601706,0,easy_t2,344779,713,483.5610098176718
HI-Small,2016,amlc_02016,e_4664530,601854,0,easy_t1,334638,713,469.33800841514727
HI-Small,2017,amlc_02017,e_4664679,602003,0,easy_t3,334638,713,469.33800841514727
HI-Small,2018,amlc_02018,e_4665326,602650,0,easy_t2,344779,713,483.5610098176718
HI-Small,2019,amlc_02019,e_4665861,603185,0,easy_t2,344779,713,483.5610098176718
HI-Small,2020,amlc_02020,e_4666887,604211,0,easy_t3,334638,713,469.33800841514727
HI-Small,2021,amlc_02021,e_4667163,604487,0,easy_t3,334638,713,469.33800841514727
HI-Small,2022,amlc_02022,e_4667432,604756,0,easy_t3,334638,713,469.33800841514727
HI-Small,2023,amlc_02023,e_4667511,604835,0,easy_t2,344779,713,483.5610098176718
HI-Small,2024,amlc_02024,e_4667761,605085,0,easy_t2,344779,713,483.5610098176718
HI-Small,2025,amlc_02025,e_4667998,605322,0,easy_t2,344779,713,483.5610098176718
HI-Small,2026,amlc_02026,e_4668047,605371,0,easy_t3,334638,713,469.33800841514727
HI-Small,2027,amlc_02027,e_4668465,605789,0,easy_t2,344779,713,483.5610098176718
HI-Small,2028,amlc_02028,e_4668499,605823,0,easy_t1,334638,713,469.33800841514727
HI-Small,2029,amlc_02029,e_4668553,605877,0,easy_t1,334638,713,469.33800841514727
HI-Small,2030,amlc_02030,e_4669007,606331,0,easy_t3,334638,713,469.33800841514727
HI-Small,2031,amlc_02031,e_4669336,606660,0,hard_neg,363,363,1.0
HI-Small,2032,amlc_02032,e_4669419,606743,0,easy_t2,344779,713,483.5610098176718
HI-Small,2033,amlc_02033,e_4669851,607175,0,easy_t3,334638,713,469.33800841514727
HI-Small,2034,amlc_02034,e_4670231,607555,0,easy_t1,334638,713,469.33800841514727
HI-Small,2035,amlc_02035,e_4670260,607584,0,easy_t2,344779,713,483.5610098176718
HI-Small,2036,amlc_02036,e_4670722,608046,0,easy_t1,334638,713,469.33800841514727
HI-Small,2037,amlc_02037,e_4670780,608104,0,easy_t2,344779,713,483.5610098176718
HI-Small,2038,amlc_02038,e_4671383,608707,0,easy_t2,344779,713,483.5610098176718
HI-Small,2039,amlc_02039,e_4672067,609391,0,easy_t3,334638,713,469.33800841514727
HI-Small,2040,amlc_02040,e_4672747,610071,0,easy_t1,334638,713,469.33800841514727
HI-Small,2041,amlc_02041,e_4673704,611028,0,hard_neg,363,363,1.0
HI-Small,2042,amlc_02042,e_4674792,612116,0,hard_neg,363,363,1.0
HI-Small,2043,amlc_02043,e_4674793,612117,0,easy_t1,334638,713,469.33800841514727
HI-Small,2044,amlc_02044,e_4674814,612138,0,easy_t1,334638,713,469.33800841514727
HI-Small,2045,amlc_02045,e_4675207,612531,0,easy_t2,344779,713,483.5610098176718
HI-Small,2046,amlc_02046,e_4675654,612978,0,easy_t2,344779,713,483.5610098176718
HI-Small,2047,amlc_02047,e_4676043,613367,1,illicit,1251,1251,1.0
HI-Small,2048,amlc_02048,e_4676066,613390,0,easy_t3,334638,713,469.33800841514727
HI-Small,2049,amlc_02049,e_4676590,613914,0,easy_t1,334638,713,469.33800841514727
HI-Small,2050,amlc_02050,e_4676736,614060,0,easy_t2,344779,713,483.5610098176718
HI-Small,2051,amlc_02051,e_4677108,614432,0,easy_t2,344779,713,483.5610098176718
HI-Small,2052,amlc_02052,e_4677195,614519,0,easy_t2,344779,713,483.5610098176718
HI-Small,2053,amlc_02053,e_4677883,615207,0,hard_neg,363,363,1.0
HI-Small,2054,amlc_02054,e_4677961,615285,1,illicit,1251,1251,1.0
HI-Small,2055,amlc_02055,e_4677986,615310,0,easy_t1,334638,713,469.33800841514727
HI-Small,2056,amlc_02056,e_4678304,615628,0,easy_t3,334638,713,469.33800841514727
HI-Small,2057,amlc_02057,e_4678610,615934,0,hard_neg,363,363,1.0
HI-Small,2058,amlc_02058,e_4678696,616020,0,easy_t2,344779,713,483.5610098176718
HI-Small,2059,amlc_02059,e_4678760,616084,0,easy_t2,344779,713,483.5610098176718
HI-Small,2060,amlc_02060,e_4678980,616304,0,easy_t2,344779,713,483.5610098176718
HI-Small,2061,amlc_02061,e_4679304,616628,0,easy_t2,344779,713,483.5610098176718
HI-Small,2062,amlc_02062,e_4680040,617364,0,easy_t3,334638,713,469.33800841514727
HI-Small,2063,amlc_02063,e_4680725,618049,0,easy_t1,334638,713,469.33800841514727
HI-Small,2064,amlc_02064,e_4680783,618107,0,easy_t1,334638,713,469.33800841514727
HI-Small,2065,amlc_02065,e_4680850,618174,1,illicit,1251,1251,1.0
HI-Small,2066,amlc_02066,e_4680949,618273,0,easy_t2,344779,713,483.5610098176718
HI-Small,2067,amlc_02067,e_4681150,618474,0,easy_t1,334638,713,469.33800841514727
HI-Small,2068,amlc_02068,e_4681195,618519,0,easy_t3,334638,713,469.33800841514727
HI-Small,2069,amlc_02069,e_4681296,618620,0,easy_t2,344779,713,483.5610098176718
HI-Small,2070,amlc_02070,e_4681368,618692,0,hard_neg,363,363,1.0
HI-Small,2071,amlc_02071,e_4681532,618856,0,easy_t1,334638,713,469.33800841514727
HI-Small,2072,amlc_02072,e_4681544,618868,0,easy_t3,334638,713,469.33800841514727
HI-Small,2073,amlc_02073,e_4681551,618875,0,easy_t3,334638,713,469.33800841514727
HI-Small,2074,amlc_02074,e_4681656,618980,0,hard_neg,363,363,1.0
HI-Small,2075,amlc_02075,e_4682264,619588,0,hard_neg,363,363,1.0
HI-Small,2076,amlc_02076,e_4682690,620014,0,easy_t2,344779,713,483.5610098176718
HI-Small,2077,amlc_02077,e_4682769,620093,1,illicit,1251,1251,1.0
HI-Small,2078,amlc_02078,e_4683030,620354,1,illicit,1251,1251,1.0
HI-Small,2079,amlc_02079,e_4683032,620356,1,illicit,1251,1251,1.0
HI-Small,2080,amlc_02080,e_4683034,620358,1,illicit,1251,1251,1.0
HI-Small,2081,amlc_02081,e_4683036,620360,1,illicit,1251,1251,1.0
HI-Small,2082,amlc_02082,e_4683347,620671,0,easy_t1,334638,713,469.33800841514727
HI-Small,2083,amlc_02083,e_4684710,622034,1,illicit,1251,1251,1.0
HI-Small,2084,amlc_02084,e_4684834,622158,0,easy_t1,334638,713,469.33800841514727
HI-Small,2085,amlc_02085,e_4684881,622205,0,easy_t2,344779,713,483.5610098176718
HI-Small,2086,amlc_02086,e_4684950,622274,0,easy_t1,334638,713,469.33800841514727
HI-Small,2087,amlc_02087,e_4685035,622359,0,easy_t1,334638,713,469.33800841514727
HI-Small,2088,amlc_02088,e_4685276,622600,0,easy_t2,344779,713,483.5610098176718
HI-Small,2089,amlc_02089,e_4685671,622995,0,easy_t3,334638,713,469.33800841514727
HI-Small,2090,amlc_02090,e_4686320,623644,0,easy_t3,334638,713,469.33800841514727
HI-Small,2091,amlc_02091,e_4686507,623831,0,easy_t1,334638,713,469.33800841514727
HI-Small,2092,amlc_02092,e_4687147,624471,0,easy_t1,334638,713,469.33800841514727
HI-Small,2093,amlc_02093,e_4687192,624516,0,easy_t1,334638,713,469.33800841514727
HI-Small,2094,amlc_02094,e_4687255,624579,0,easy_t1,334638,713,469.33800841514727
HI-Small,2095,amlc_02095,e_4688481,625805,1,illicit,1251,1251,1.0
HI-Small,2096,amlc_02096,e_4688673,625997,0,easy_t1,334638,713,469.33800841514727
HI-Small,2097,amlc_02097,e_4688680,626004,0,easy_t3,334638,713,469.33800841514727
HI-Small,2098,amlc_02098,e_4689849,627173,0,easy_t1,334638,713,469.33800841514727
HI-Small,2099,amlc_02099,e_4690035,627359,0,easy_t3,334638,713,469.33800841514727
HI-Small,2100,amlc_02100,e_4690295,627619,0,easy_t2,344779,713,483.5610098176718
HI-Small,2101,amlc_02101,e_4690588,627912,0,hard_neg,363,363,1.0
HI-Small,2102,amlc_02102,e_4691060,628384,0,easy_t3,334638,713,469.33800841514727
HI-Small,2103,amlc_02103,e_4691541,628865,0,easy_t2,344779,713,483.5610098176718
HI-Small,2104,amlc_02104,e_4691783,629107,0,easy_t1,334638,713,469.33800841514727
HI-Small,2105,amlc_02105,e_4691896,629220,0,easy_t1,334638,713,469.33800841514727
HI-Small,2106,amlc_02106,e_4691983,629307,1,illicit,1251,1251,1.0
HI-Small,2107,amlc_02107,e_4692014,629338,0,easy_t2,344779,713,483.5610098176718
HI-Small,2108,amlc_02108,e_4692185,629509,0,easy_t3,334638,713,469.33800841514727
HI-Small,2109,amlc_02109,e_4692691,630015,1,illicit,1251,1251,1.0
HI-Small,2110,amlc_02110,e_4692784,630108,0,easy_t1,334638,713,469.33800841514727
HI-Small,2111,amlc_02111,e_4693839,631163,0,easy_t1,334638,713,469.33800841514727
HI-Small,2112,amlc_02112,e_4694467,631791,0,easy_t3,334638,713,469.33800841514727
HI-Small,2113,amlc_02113,e_4694588,631912,0,easy_t1,334638,713,469.33800841514727
HI-Small,2114,amlc_02114,e_4694835,632159,0,hard_neg,363,363,1.0
HI-Small,2115,amlc_02115,e_4695539,632863,0,easy_t3,334638,713,469.33800841514727
HI-Small,2116,amlc_02116,e_4695553,632877,0,hard_neg,363,363,1.0
HI-Small,2117,amlc_02117,e_4695904,633228,0,easy_t3,334638,713,469.33800841514727
HI-Small,2118,amlc_02118,e_4696412,633736,1,illicit,1251,1251,1.0
HI-Small,2119,amlc_02119,e_4696468,633792,1,illicit,1251,1251,1.0
HI-Small,2120,amlc_02120,e_4696711,634035,0,easy_t2,344779,713,483.5610098176718
HI-Small,2121,amlc_02121,e_4697029,634353,0,easy_t1,334638,713,469.33800841514727
HI-Small,2122,amlc_02122,e_4697211,634535,0,hard_neg,363,363,1.0
HI-Small,2123,amlc_02123,e_4697751,635075,0,easy_t2,344779,713,483.5610098176718
HI-Small,2124,amlc_02124,e_4697885,635209,0,easy_t1,334638,713,469.33800841514727
HI-Small,2125,amlc_02125,e_4698203,635527,0,easy_t2,344779,713,483.5610098176718
HI-Small,2126,amlc_02126,e_4698446,635770,0,easy_t2,344779,713,483.5610098176718
HI-Small,2127,amlc_02127,e_4699268,636592,0,easy_t2,344779,713,483.5610098176718
HI-Small,2128,amlc_02128,e_4699673,636997,0,easy_t1,334638,713,469.33800841514727
HI-Small,2129,amlc_02129,e_4700339,637663,0,hard_neg,363,363,1.0
HI-Small,2130,amlc_02130,e_4700690,638014,0,easy_t1,334638,713,469.33800841514727
HI-Small,2131,amlc_02131,e_4700913,638237,0,easy_t1,334638,713,469.33800841514727
HI-Small,2132,amlc_02132,e_4700924,638248,0,easy_t2,344779,713,483.5610098176718
HI-Small,2133,amlc_02133,e_4701407,638731,0,hard_neg,363,363,1.0
HI-Small,2134,amlc_02134,e_4701528,638852,0,easy_t2,344779,713,483.5610098176718
HI-Small,2135,amlc_02135,e_4703388,640712,0,easy_t1,334638,713,469.33800841514727
HI-Small,2136,amlc_02136,e_4703763,641087,0,hard_neg,363,363,1.0
HI-Small,2137,amlc_02137,e_4704153,641477,0,easy_t3,334638,713,469.33800841514727
HI-Small,2138,amlc_02138,e_4704510,641834,0,hard_neg,363,363,1.0
HI-Small,2139,amlc_02139,e_4705186,642510,0,easy_t3,334638,713,469.33800841514727
HI-Small,2140,amlc_02140,e_4706411,643735,0,hard_neg,363,363,1.0
HI-Small,2141,amlc_02141,e_4706485,643809,0,easy_t2,344779,713,483.5610098176718
HI-Small,2142,amlc_02142,e_4706775,644099,0,easy_t1,334638,713,469.33800841514727
HI-Small,2143,amlc_02143,e_4706865,644189,0,easy_t1,334638,713,469.33800841514727
HI-Small,2144,amlc_02144,e_4707807,645131,0,hard_neg,363,363,1.0
HI-Small,2145,amlc_02145,e_4708228,645552,0,easy_t3,334638,713,469.33800841514727
HI-Small,2146,amlc_02146,e_4708322,645646,0,easy_t2,344779,713,483.5610098176718
HI-Small,2147,amlc_02147,e_4708349,645673,0,easy_t3,334638,713,469.33800841514727
HI-Small,2148,amlc_02148,e_4708405,645729,0,easy_t3,334638,713,469.33800841514727
HI-Small,2149,amlc_02149,e_4709598,646922,0,hard_neg,363,363,1.0
HI-Small,2150,amlc_02150,e_4709608,646932,0,hard_neg,363,363,1.0
HI-Small,2151,amlc_02151,e_4709618,646942,0,hard_neg,363,363,1.0
HI-Small,2152,amlc_02152,e_4709783,647107,0,hard_neg,363,363,1.0
HI-Small,2153,amlc_02153,e_4710534,647858,0,easy_t3,334638,713,469.33800841514727
HI-Small,2154,amlc_02154,e_4710833,648157,0,easy_t2,344779,713,483.5610098176718
HI-Small,2155,amlc_02155,e_4711101,648425,0,easy_t2,344779,713,483.5610098176718
HI-Small,2156,amlc_02156,e_4712104,649428,0,easy_t1,334638,713,469.33800841514727
HI-Small,2157,amlc_02157,e_4712411,649735,0,easy_t2,344779,713,483.5610098176718
HI-Small,2158,amlc_02158,e_4712572,649896,0,easy_t3,334638,713,469.33800841514727
HI-Small,2159,amlc_02159,e_4713148,650472,0,hard_neg,363,363,1.0
HI-Small,2160,amlc_02160,e_4713503,650827,0,easy_t1,334638,713,469.33800841514727
HI-Small,2161,amlc_02161,e_4713954,651278,0,easy_t1,334638,713,469.33800841514727
HI-Small,2162,amlc_02162,e_4714533,651857,0,easy_t2,344779,713,483.5610098176718
HI-Small,2163,amlc_02163,e_4715552,652876,0,easy_t3,334638,713,469.33800841514727
HI-Small,2164,amlc_02164,e_4715689,653013,0,easy_t1,334638,713,469.33800841514727
HI-Small,2165,amlc_02165,e_4715854,653178,0,easy_t3,334638,713,469.33800841514727
HI-Small,2166,amlc_02166,e_4716927,654251,0,easy_t2,344779,713,483.5610098176718
HI-Small,2167,amlc_02167,e_4717672,654996,0,easy_t2,344779,713,483.5610098176718
HI-Small,2168,amlc_02168,e_4719761,657085,1,illicit,1251,1251,1.0
HI-Small,2169,amlc_02169,e_4720172,657496,0,easy_t1,334638,713,469.33800841514727
HI-Small,2170,amlc_02170,e_4720336,657660,0,easy_t2,344779,713,483.5610098176718
HI-Small,2171,amlc_02171,e_4720404,657728,0,easy_t1,334638,713,469.33800841514727
HI-Small,2172,amlc_02172,e_4720915,658239,0,easy_t1,334638,713,469.33800841514727
HI-Small,2173,amlc_02173,e_4721700,659024,0,easy_t3,334638,713,469.33800841514727
HI-Small,2174,amlc_02174,e_4721856,659180,0,easy_t3,334638,713,469.33800841514727
HI-Small,2175,amlc_02175,e_4721857,659181,0,hard_neg,363,363,1.0
HI-Small,2176,amlc_02176,e_4722113,659437,0,easy_t1,334638,713,469.33800841514727
HI-Small,2177,amlc_02177,e_4722146,659470,0,easy_t1,334638,713,469.33800841514727
HI-Small,2178,amlc_02178,e_4722269,659593,0,easy_t1,334638,713,469.33800841514727
HI-Small,2179,amlc_02179,e_4723148,660472,0,easy_t3,334638,713,469.33800841514727
HI-Small,2180,amlc_02180,e_4723749,661073,1,illicit,1251,1251,1.0
HI-Small,2181,amlc_02181,e_4723750,661074,1,illicit,1251,1251,1.0
HI-Small,2182,amlc_02182,e_4723752,661076,1,illicit,1251,1251,1.0
HI-Small,2183,amlc_02183,e_4723754,661078,1,illicit,1251,1251,1.0
HI-Small,2184,amlc_02184,e_4723756,661080,1,illicit,1251,1251,1.0
HI-Small,2185,amlc_02185,e_4723758,661082,1,illicit,1251,1251,1.0
HI-Small,2186,amlc_02186,e_4723760,661084,1,illicit,1251,1251,1.0
HI-Small,2187,amlc_02187,e_4723761,661085,1,illicit,1251,1251,1.0
HI-Small,2188,amlc_02188,e_4723763,661087,1,illicit,1251,1251,1.0
HI-Small,2189,amlc_02189,e_4723765,661089,1,illicit,1251,1251,1.0
HI-Small,2190,amlc_02190,e_4723766,661090,1,illicit,1251,1251,1.0
HI-Small,2191,amlc_02191,e_4723770,661094,1,illicit,1251,1251,1.0
HI-Small,2192,amlc_02192,e_4723771,661095,1,illicit,1251,1251,1.0
HI-Small,2193,amlc_02193,e_4723772,661096,1,illicit,1251,1251,1.0
HI-Small,2194,amlc_02194,e_4723773,661097,1,illicit,1251,1251,1.0
HI-Small,2195,amlc_02195,e_4723774,661098,1,illicit,1251,1251,1.0
HI-Small,2196,amlc_02196,e_4723775,661099,1,illicit,1251,1251,1.0
HI-Small,2197,amlc_02197,e_4723776,661100,1,illicit,1251,1251,1.0
HI-Small,2198,amlc_02198,e_4723777,661101,1,illicit,1251,1251,1.0
HI-Small,2199,amlc_02199,e_4723778,661102,1,illicit,1251,1251,1.0
HI-Small,2200,amlc_02200,e_4723779,661103,0,hard_neg,363,363,1.0
HI-Small,2201,amlc_02201,e_4723780,661104,1,illicit,1251,1251,1.0
HI-Small,2202,amlc_02202,e_4723781,661105,1,illicit,1251,1251,1.0
HI-Small,2203,amlc_02203,e_4723782,661106,1,illicit,1251,1251,1.0
HI-Small,2204,amlc_02204,e_4723783,661107,1,illicit,1251,1251,1.0
HI-Small,2205,amlc_02205,e_4723784,661108,1,illicit,1251,1251,1.0
HI-Small,2206,amlc_02206,e_4723785,661109,1,illicit,1251,1251,1.0
HI-Small,2207,amlc_02207,e_4723786,661110,1,illicit,1251,1251,1.0
HI-Small,2208,amlc_02208,e_4723787,661111,1,illicit,1251,1251,1.0
HI-Small,2209,amlc_02209,e_4723788,661112,1,illicit,1251,1251,1.0
HI-Small,2210,amlc_02210,e_4723789,661113,1,illicit,1251,1251,1.0
HI-Small,2211,amlc_02211,e_4723790,661114,1,illicit,1251,1251,1.0
HI-Small,2212,amlc_02212,e_4723791,661115,1,illicit,1251,1251,1.0
HI-Small,2213,amlc_02213,e_4723792,661116,0,hard_neg,363,363,1.0
HI-Small,2214,amlc_02214,e_4723793,661117,1,illicit,1251,1251,1.0
HI-Small,2215,amlc_02215,e_4723794,661118,1,illicit,1251,1251,1.0
HI-Small,2216,amlc_02216,e_4723795,661119,1,illicit,1251,1251,1.0
HI-Small,2217,amlc_02217,e_4724206,661530,0,easy_t2,344779,713,483.5610098176718
HI-Small,2218,amlc_02218,e_4724728,662052,0,easy_t1,334638,713,469.33800841514727
HI-Small,2219,amlc_02219,e_4724784,662108,0,easy_t2,344779,713,483.5610098176718
HI-Small,2220,amlc_02220,e_4725103,662427,0,easy_t1,334638,713,469.33800841514727
HI-Small,2221,amlc_02221,e_4725128,662452,0,easy_t2,344779,713,483.5610098176718
HI-Small,2222,amlc_02222,e_4725534,662858,0,easy_t2,344779,713,483.5610098176718
HI-Small,2223,amlc_02223,e_4726896,664220,0,easy_t2,344779,713,483.5610098176718
HI-Small,2224,amlc_02224,e_4727253,664577,0,easy_t2,344779,713,483.5610098176718
HI-Small,2225,amlc_02225,e_4727917,665241,0,easy_t1,334638,713,469.33800841514727
HI-Small,2226,amlc_02226,e_4728574,665898,0,easy_t2,344779,713,483.5610098176718
HI-Small,2227,amlc_02227,e_4729136,666460,0,easy_t2,344779,713,483.5610098176718
HI-Small,2228,amlc_02228,e_4731212,668536,0,easy_t2,344779,713,483.5610098176718
HI-Small,2229,amlc_02229,e_4731374,668698,0,easy_t2,344779,713,483.5610098176718
HI-Small,2230,amlc_02230,e_4731386,668710,0,easy_t2,344779,713,483.5610098176718
HI-Small,2231,amlc_02231,e_4731667,668991,0,easy_t1,334638,713,469.33800841514727
HI-Small,2232,amlc_02232,e_4732178,669502,1,illicit,1251,1251,1.0
HI-Small,2233,amlc_02233,e_4732281,669605,0,easy_t2,344779,713,483.5610098176718
HI-Small,2234,amlc_02234,e_4732574,669898,0,easy_t3,334638,713,469.33800841514727
HI-Small,2235,amlc_02235,e_4732702,670026,0,hard_neg,363,363,1.0
HI-Small,2236,amlc_02236,e_4732792,670116,0,easy_t1,334638,713,469.33800841514727
HI-Small,2237,amlc_02237,e_4732860,670184,1,illicit,1251,1251,1.0
HI-Small,2238,amlc_02238,e_4734399,671723,1,illicit,1251,1251,1.0
HI-Small,2239,amlc_02239,e_4734894,672218,1,illicit,1251,1251,1.0
HI-Small,2240,amlc_02240,e_4734958,672282,0,easy_t1,334638,713,469.33800841514727
HI-Small,2241,amlc_02241,e_4735003,672327,0,easy_t2,344779,713,483.5610098176718
HI-Small,2242,amlc_02242,e_4735199,672523,0,easy_t1,334638,713,469.33800841514727
HI-Small,2243,amlc_02243,e_4735514,672838,0,easy_t3,334638,713,469.33800841514727
HI-Small,2244,amlc_02244,e_4735527,672851,1,illicit,1251,1251,1.0
HI-Small,2245,amlc_02245,e_4735870,673194,0,easy_t3,334638,713,469.33800841514727
HI-Small,2246,amlc_02246,e_4736196,673520,0,easy_t1,334638,713,469.33800841514727
HI-Small,2247,amlc_02247,e_4736416,673740,0,easy_t3,334638,713,469.33800841514727
HI-Small,2248,amlc_02248,e_4736543,673867,0,hard_neg,363,363,1.0
HI-Small,2249,amlc_02249,e_4736703,674027,0,hard_neg,363,363,1.0
HI-Small,2250,amlc_02250,e_4736999,674323,0,easy_t2,344779,713,483.5610098176718
HI-Small,2251,amlc_02251,e_4737280,674604,1,illicit,1251,1251,1.0
HI-Small,2252,amlc_02252,e_4737282,674606,1,illicit,1251,1251,1.0
HI-Small,2253,amlc_02253,e_4737283,674607,1,illicit,1251,1251,1.0
HI-Small,2254,amlc_02254,e_4737285,674609,1,illicit,1251,1251,1.0
HI-Small,2255,amlc_02255,e_4737286,674610,1,illicit,1251,1251,1.0
HI-Small,2256,amlc_02256,e_4737287,674611,1,illicit,1251,1251,1.0
HI-Small,2257,amlc_02257,e_4737288,674612,1,illicit,1251,1251,1.0
HI-Small,2258,amlc_02258,e_4737290,674614,1,illicit,1251,1251,1.0
HI-Small,2259,amlc_02259,e_4737292,674616,1,illicit,1251,1251,1.0
HI-Small,2260,amlc_02260,e_4737301,674625,1,illicit,1251,1251,1.0
HI-Small,2261,amlc_02261,e_4737303,674627,1,illicit,1251,1251,1.0
HI-Small,2262,amlc_02262,e_4737305,674629,1,illicit,1251,1251,1.0
HI-Small,2263,amlc_02263,e_4737307,674631,1,illicit,1251,1251,1.0
HI-Small,2264,amlc_02264,e_4737309,674633,1,illicit,1251,1251,1.0
HI-Small,2265,amlc_02265,e_4737310,674634,1,illicit,1251,1251,1.0
HI-Small,2266,amlc_02266,e_4737312,674636,1,illicit,1251,1251,1.0
HI-Small,2267,amlc_02267,e_4737314,674638,1,illicit,1251,1251,1.0
HI-Small,2268,amlc_02268,e_4737316,674640,1,illicit,1251,1251,1.0
HI-Small,2269,amlc_02269,e_4737318,674642,1,illicit,1251,1251,1.0
HI-Small,2270,amlc_02270,e_4737320,674644,1,illicit,1251,1251,1.0
HI-Small,2271,amlc_02271,e_4737322,674646,1,illicit,1251,1251,1.0
HI-Small,2272,amlc_02272,e_4737324,674648,1,illicit,1251,1251,1.0
HI-Small,2273,amlc_02273,e_4737326,674650,1,illicit,1251,1251,1.0
HI-Small,2274,amlc_02274,e_4737328,674652,1,illicit,1251,1251,1.0
HI-Small,2275,amlc_02275,e_4737501,674825,0,easy_t3,334638,713,469.33800841514727
HI-Small,2276,amlc_02276,e_4737618,674942,0,easy_t2,344779,713,483.5610098176718
HI-Small,2277,amlc_02277,e_4738337,675661,0,easy_t2,344779,713,483.5610098176718
HI-Small,2278,amlc_02278,e_4738706,676030,0,easy_t2,344779,713,483.5610098176718
HI-Small,2279,amlc_02279,e_4738771,676095,0,easy_t1,334638,713,469.33800841514727
HI-Small,2280,amlc_02280,e_4739844,677168,0,easy_t3,334638,713,469.33800841514727
HI-Small,2281,amlc_02281,e_4740184,677508,0,hard_neg,363,363,1.0
HI-Small,2282,amlc_02282,e_4740740,678064,0,easy_t1,334638,713,469.33800841514727
HI-Small,2283,amlc_02283,e_4740767,678091,0,easy_t1,334638,713,469.33800841514727
HI-Small,2284,amlc_02284,e_4740846,678170,0,easy_t2,344779,713,483.5610098176718
HI-Small,2285,amlc_02285,e_4741356,678680,0,easy_t2,344779,713,483.5610098176718
HI-Small,2286,amlc_02286,e_4741668,678992,0,hard_neg,363,363,1.0
HI-Small,2287,amlc_02287,e_4741791,679115,0,easy_t3,334638,713,469.33800841514727
HI-Small,2288,amlc_02288,e_4742146,679470,0,easy_t1,334638,713,469.33800841514727
HI-Small,2289,amlc_02289,e_4742350,679674,0,easy_t2,344779,713,483.5610098176718
HI-Small,2290,amlc_02290,e_4742358,679682,0,easy_t2,344779,713,483.5610098176718
HI-Small,2291,amlc_02291,e_4742770,680094,0,easy_t1,334638,713,469.33800841514727
HI-Small,2292,amlc_02292,e_4742855,680179,0,hard_neg,363,363,1.0
HI-Small,2293,amlc_02293,e_4743064,680388,0,easy_t1,334638,713,469.33800841514727
HI-Small,2294,amlc_02294,e_4743301,680625,0,easy_t3,334638,713,469.33800841514727
HI-Small,2295,amlc_02295,e_4744035,681359,0,easy_t1,334638,713,469.33800841514727
HI-Small,2296,amlc_02296,e_4744110,681434,0,easy_t2,344779,713,483.5610098176718
HI-Small,2297,amlc_02297,e_4744402,681726,0,hard_neg,363,363,1.0
HI-Small,2298,amlc_02298,e_4745832,683156,0,easy_t3,334638,713,469.33800841514727
HI-Small,2299,amlc_02299,e_4745842,683166,0,easy_t3,334638,713,469.33800841514727
HI-Small,2300,amlc_02300,e_4746094,683418,0,hard_neg,363,363,1.0
HI-Small,2301,amlc_02301,e_4746426,683750,0,easy_t2,344779,713,483.5610098176718
HI-Small,2302,amlc_02302,e_4746471,683795,0,easy_t1,334638,713,469.33800841514727
HI-Small,2303,amlc_02303,e_4747248,684572,0,easy_t2,344779,713,483.5610098176718
HI-Small,2304,amlc_02304,e_4747597,684921,1,illicit,1251,1251,1.0
HI-Small,2305,amlc_02305,e_4748239,685563,0,easy_t3,334638,713,469.33800841514727
HI-Small,2306,amlc_02306,e_4748437,685761,0,easy_t1,334638,713,469.33800841514727
HI-Small,2307,amlc_02307,e_4748628,685952,0,easy_t3,334638,713,469.33800841514727
HI-Small,2308,amlc_02308,e_4748706,686030,0,easy_t3,334638,713,469.33800841514727
HI-Small,2309,amlc_02309,e_4749896,687220,0,hard_neg,363,363,1.0
HI-Small,2310,amlc_02310,e_4750095,687419,0,easy_t1,334638,713,469.33800841514727
HI-Small,2311,amlc_02311,e_4750530,687854,0,easy_t3,334638,713,469.33800841514727
HI-Small,2312,amlc_02312,e_4750574,687898,1,illicit,1251,1251,1.0
HI-Small,2313,amlc_02313,e_4750576,687900,1,illicit,1251,1251,1.0
HI-Small,2314,amlc_02314,e_4750577,687901,1,illicit,1251,1251,1.0
HI-Small,2315,amlc_02315,e_4750578,687902,1,illicit,1251,1251,1.0
HI-Small,2316,amlc_02316,e_4750579,687903,1,illicit,1251,1251,1.0
HI-Small,2317,amlc_02317,e_4750581,687905,1,illicit,1251,1251,1.0
HI-Small,2318,amlc_02318,e_4750583,687907,1,illicit,1251,1251,1.0
HI-Small,2319,amlc_02319,e_4750585,687909,1,illicit,1251,1251,1.0
HI-Small,2320,amlc_02320,e_4750587,687911,1,illicit,1251,1251,1.0
HI-Small,2321,amlc_02321,e_4750589,687913,1,illicit,1251,1251,1.0
HI-Small,2322,amlc_02322,e_4750590,687914,0,easy_t3,334638,713,469.33800841514727
HI-Small,2323,amlc_02323,e_4750591,687915,1,illicit,1251,1251,1.0
HI-Small,2324,amlc_02324,e_4750592,687916,1,illicit,1251,1251,1.0
HI-Small,2325,amlc_02325,e_4750594,687918,1,illicit,1251,1251,1.0
HI-Small,2326,amlc_02326,e_4750596,687920,1,illicit,1251,1251,1.0
HI-Small,2327,amlc_02327,e_4750598,687922,1,illicit,1251,1251,1.0
HI-Small,2328,amlc_02328,e_4750600,687924,1,illicit,1251,1251,1.0
HI-Small,2329,amlc_02329,e_4750602,687926,1,illicit,1251,1251,1.0
HI-Small,2330,amlc_02330,e_4750603,687927,1,illicit,1251,1251,1.0
HI-Small,2331,amlc_02331,e_4750605,687929,1,illicit,1251,1251,1.0
HI-Small,2332,amlc_02332,e_4750607,687931,1,illicit,1251,1251,1.0
HI-Small,2333,amlc_02333,e_4750609,687933,1,illicit,1251,1251,1.0
HI-Small,2334,amlc_02334,e_4750611,687935,1,illicit,1251,1251,1.0
HI-Small,2335,amlc_02335,e_4750613,687937,1,illicit,1251,1251,1.0
HI-Small,2336,amlc_02336,e_4750615,687939,1,illicit,1251,1251,1.0
HI-Small,2337,amlc_02337,e_4750617,687941,1,illicit,1251,1251,1.0
HI-Small,2338,amlc_02338,e_4751147,688471,0,easy_t2,344779,713,483.5610098176718
HI-Small,2339,amlc_02339,e_4751327,688651,0,easy_t2,344779,713,483.5610098176718
HI-Small,2340,amlc_02340,e_4752562,689886,1,illicit,1251,1251,1.0
HI-Small,2341,amlc_02341,e_4752771,690095,0,easy_t3,334638,713,469.33800841514727
HI-Small,2342,amlc_02342,e_4753113,690437,0,easy_t2,344779,713,483.5610098176718
HI-Small,2343,amlc_02343,e_4753232,690556,0,easy_t1,334638,713,469.33800841514727
HI-Small,2344,amlc_02344,e_4753543,690867,1,illicit,1251,1251,1.0
HI-Small,2345,amlc_02345,e_4753804,691128,0,easy_t1,334638,713,469.33800841514727
HI-Small,2346,amlc_02346,e_4755348,692672,0,easy_t3,334638,713,469.33800841514727
HI-Small,2347,amlc_02347,e_4755789,693113,0,easy_t2,344779,713,483.5610098176718
HI-Small,2348,amlc_02348,e_4756169,693493,0,easy_t1,334638,713,469.33800841514727
HI-Small,2349,amlc_02349,e_4756602,693926,1,illicit,1251,1251,1.0
HI-Small,2350,amlc_02350,e_4756603,693927,1,illicit,1251,1251,1.0
HI-Small,2351,amlc_02351,e_4757299,694623,0,easy_t1,334638,713,469.33800841514727
HI-Small,2352,amlc_02352,e_4757500,694824,1,illicit,1251,1251,1.0
HI-Small,2353,amlc_02353,e_4758212,695536,0,hard_neg,363,363,1.0
HI-Small,2354,amlc_02354,e_4758224,695548,0,easy_t2,344779,713,483.5610098176718
HI-Small,2355,amlc_02355,e_4758263,695587,0,easy_t3,334638,713,469.33800841514727
HI-Small,2356,amlc_02356,e_4759224,696548,0,hard_neg,363,363,1.0
HI-Small,2357,amlc_02357,e_4759444,696768,0,easy_t2,344779,713,483.5610098176718
HI-Small,2358,amlc_02358,e_4760766,698090,0,easy_t3,334638,713,469.33800841514727
HI-Small,2359,amlc_02359,e_4761442,698766,0,easy_t2,344779,713,483.5610098176718
HI-Small,2360,amlc_02360,e_4761627,698951,0,hard_neg,363,363,1.0
HI-Small,2361,amlc_02361,e_4762153,699477,0,easy_t3,334638,713,469.33800841514727
HI-Small,2362,amlc_02362,e_4763560,700884,0,easy_t2,344779,713,483.5610098176718
HI-Small,2363,amlc_02363,e_4763714,701038,0,easy_t3,334638,713,469.33800841514727
HI-Small,2364,amlc_02364,e_4763831,701155,1,illicit,1251,1251,1.0
HI-Small,2365,amlc_02365,e_4763833,701157,1,illicit,1251,1251,1.0
HI-Small,2366,amlc_02366,e_4763835,701159,0,hard_neg,363,363,1.0
HI-Small,2367,amlc_02367,e_4763836,701160,1,illicit,1251,1251,1.0
HI-Small,2368,amlc_02368,e_4763838,701162,1,illicit,1251,1251,1.0
HI-Small,2369,amlc_02369,e_4763839,701163,1,illicit,1251,1251,1.0
HI-Small,2370,amlc_02370,e_4763841,701165,0,hard_neg,363,363,1.0
HI-Small,2371,amlc_02371,e_4763842,701166,1,illicit,1251,1251,1.0
HI-Small,2372,amlc_02372,e_4763843,701167,1,illicit,1251,1251,1.0
HI-Small,2373,amlc_02373,e_4763844,701168,1,illicit,1251,1251,1.0
HI-Small,2374,amlc_02374,e_4763846,701170,1,illicit,1251,1251,1.0
HI-Small,2375,amlc_02375,e_4764092,701416,0,easy_t3,334638,713,469.33800841514727
HI-Small,2376,amlc_02376,e_4764493,701817,0,easy_t2,344779,713,483.5610098176718
HI-Small,2377,amlc_02377,e_4764527,701851,0,easy_t2,344779,713,483.5610098176718
HI-Small,2378,amlc_02378,e_4765130,702454,0,easy_t1,334638,713,469.33800841514727
HI-Small,2379,amlc_02379,e_4765167,702491,0,easy_t1,334638,713,469.33800841514727
HI-Small,2380,amlc_02380,e_4765544,702868,0,easy_t3,334638,713,469.33800841514727
HI-Small,2381,amlc_02381,e_4765559,702883,0,easy_t3,334638,713,469.33800841514727
HI-Small,2382,amlc_02382,e_4765607,702931,0,easy_t2,344779,713,483.5610098176718
HI-Small,2383,amlc_02383,e_4766694,704018,0,easy_t1,334638,713,469.33800841514727
HI-Small,2384,amlc_02384,e_4767674,704998,0,easy_t2,344779,713,483.5610098176718
HI-Small,2385,amlc_02385,e_4768078,705402,0,easy_t2,344779,713,483.5610098176718
HI-Small,2386,amlc_02386,e_4768092,705416,0,easy_t1,334638,713,469.33800841514727
HI-Small,2387,amlc_02387,e_4768161,705485,0,easy_t2,344779,713,483.5610098176718
HI-Small,2388,amlc_02388,e_4768308,705632,0,easy_t3,334638,713,469.33800841514727
HI-Small,2389,amlc_02389,e_4768492,705816,0,easy_t3,334638,713,469.33800841514727
HI-Small,2390,amlc_02390,e_4769476,706800,0,easy_t1,334638,713,469.33800841514727
HI-Small,2391,amlc_02391,e_4770323,707647,0,easy_t2,344779,713,483.5610098176718
HI-Small,2392,amlc_02392,e_4771317,708641,0,easy_t1,334638,713,469.33800841514727
HI-Small,2393,amlc_02393,e_4771471,708795,0,easy_t2,344779,713,483.5610098176718
HI-Small,2394,amlc_02394,e_4771673,708997,1,illicit,1251,1251,1.0
HI-Small,2395,amlc_02395,e_4773809,711133,0,easy_t2,344779,713,483.5610098176718
HI-Small,2396,amlc_02396,e_4773991,711315,0,easy_t3,334638,713,469.33800841514727
HI-Small,2397,amlc_02397,e_4774215,711539,0,easy_t3,334638,713,469.33800841514727
HI-Small,2398,amlc_02398,e_4774258,711582,0,easy_t3,334638,713,469.33800841514727
HI-Small,2399,amlc_02399,e_4774526,711850,0,easy_t2,344779,713,483.5610098176718
HI-Small,2400,amlc_02400,e_4774762,712086,0,hard_neg,363,363,1.0
HI-Small,2401,amlc_02401,e_4774884,712208,0,easy_t3,334638,713,469.33800841514727
HI-Small,2402,amlc_02402,e_4775020,712344,0,easy_t1,334638,713,469.33800841514727
HI-Small,2403,amlc_02403,e_4775079,712403,0,easy_t2,344779,713,483.5610098176718
HI-Small,2404,amlc_02404,e_4775156,712480,0,easy_t2,344779,713,483.5610098176718
HI-Small,2405,amlc_02405,e_4775439,712763,1,illicit,1251,1251,1.0
HI-Small,2406,amlc_02406,e_4775813,713137,0,easy_t3,334638,713,469.33800841514727
HI-Small,2407,amlc_02407,e_4776067,713391,0,easy_t3,334638,713,469.33800841514727
HI-Small,2408,amlc_02408,e_4776330,713654,0,easy_t3,334638,713,469.33800841514727
HI-Small,2409,amlc_02409,e_4777019,714343,1,illicit,1251,1251,1.0
HI-Small,2410,amlc_02410,e_4777021,714345,1,illicit,1251,1251,1.0
HI-Small,2411,amlc_02411,e_4777023,714347,1,illicit,1251,1251,1.0
HI-Small,2412,amlc_02412,e_4777024,714348,1,illicit,1251,1251,1.0
HI-Small,2413,amlc_02413,e_4777026,714350,0,hard_neg,363,363,1.0
HI-Small,2414,amlc_02414,e_4777027,714351,1,illicit,1251,1251,1.0
HI-Small,2415,amlc_02415,e_4777028,714352,0,hard_neg,363,363,1.0
HI-Small,2416,amlc_02416,e_4777029,714353,1,illicit,1251,1251,1.0
HI-Small,2417,amlc_02417,e_4777031,714355,0,hard_neg,363,363,1.0
HI-Small,2418,amlc_02418,e_4777032,714356,1,illicit,1251,1251,1.0
HI-Small,2419,amlc_02419,e_4777034,714358,1,illicit,1251,1251,1.0
HI-Small,2420,amlc_02420,e_4777036,714360,1,illicit,1251,1251,1.0
HI-Small,2421,amlc_02421,e_4777037,714361,1,illicit,1251,1251,1.0
HI-Small,2422,amlc_02422,e_4777963,715287,1,illicit,1251,1251,1.0
HI-Small,2423,amlc_02423,e_4778097,715421,0,easy_t3,334638,713,469.33800841514727
HI-Small,2424,amlc_02424,e_4778315,715639,0,easy_t2,344779,713,483.5610098176718
HI-Small,2425,amlc_02425,e_4778342,715666,0,easy_t2,344779,713,483.5610098176718
HI-Small,2426,amlc_02426,e_4778408,715732,0,easy_t2,344779,713,483.5610098176718
HI-Small,2427,amlc_02427,e_4778463,715787,0,easy_t3,334638,713,469.33800841514727
HI-Small,2428,amlc_02428,e_4778647,715971,0,easy_t1,334638,713,469.33800841514727
HI-Small,2429,amlc_02429,e_4778783,716107,0,easy_t2,344779,713,483.5610098176718
HI-Small,2430,amlc_02430,e_4779373,716697,0,easy_t1,334638,713,469.33800841514727
HI-Small,2431,amlc_02431,e_4779587,716911,0,easy_t1,334638,713,469.33800841514727
HI-Small,2432,amlc_02432,e_4779926,717250,0,easy_t3,334638,713,469.33800841514727
HI-Small,2433,amlc_02433,e_4780196,717520,0,easy_t1,334638,713,469.33800841514727
HI-Small,2434,amlc_02434,e_4780337,717661,1,illicit,1251,1251,1.0
HI-Small,2435,amlc_02435,e_4780435,717759,0,easy_t2,344779,713,483.5610098176718
HI-Small,2436,amlc_02436,e_4780731,718055,0,easy_t3,334638,713,469.33800841514727
HI-Small,2437,amlc_02437,e_4780888,718212,0,hard_neg,363,363,1.0
HI-Small,2438,amlc_02438,e_4780956,718280,0,easy_t2,344779,713,483.5610098176718
HI-Small,2439,amlc_02439,e_4781066,718390,0,hard_neg,363,363,1.0
HI-Small,2440,amlc_02440,e_4781478,718802,0,easy_t2,344779,713,483.5610098176718
HI-Small,2441,amlc_02441,e_4781488,718812,0,easy_t1,334638,713,469.33800841514727
HI-Small,2442,amlc_02442,e_4781772,719096,0,easy_t3,334638,713,469.33800841514727
HI-Small,2443,amlc_02443,e_4782162,719486,0,hard_neg,363,363,1.0
HI-Small,2444,amlc_02444,e_4782292,719616,1,illicit,1251,1251,1.0
HI-Small,2445,amlc_02445,e_4782483,719807,0,easy_t3,334638,713,469.33800841514727
HI-Small,2446,amlc_02446,e_4783185,720509,0,easy_t1,334638,713,469.33800841514727
HI-Small,2447,amlc_02447,e_4784100,721424,0,easy_t1,334638,713,469.33800841514727
HI-Small,2448,amlc_02448,e_4784249,721573,0,easy_t3,334638,713,469.33800841514727
HI-Small,2449,amlc_02449,e_4784518,721842,0,easy_t1,334638,713,469.33800841514727
HI-Small,2450,amlc_02450,e_4785296,722620,1,illicit,1251,1251,1.0
HI-Small,2451,amlc_02451,e_4785607,722931,0,easy_t2,344779,713,483.5610098176718
HI-Small,2452,amlc_02452,e_4785627,722951,0,easy_t2,344779,713,483.5610098176718
HI-Small,2453,amlc_02453,e_4785730,723054,0,hard_neg,363,363,1.0
HI-Small,2454,amlc_02454,e_4785850,723174,0,easy_t1,334638,713,469.33800841514727
HI-Small,2455,amlc_02455,e_4786064,723388,0,easy_t1,334638,713,469.33800841514727
HI-Small,2456,amlc_02456,e_4786357,723681,1,illicit,1251,1251,1.0
HI-Small,2457,amlc_02457,e_4786446,723770,0,easy_t1,334638,713,469.33800841514727
HI-Small,2458,amlc_02458,e_4786709,724033,0,easy_t1,334638,713,469.33800841514727
HI-Small,2459,amlc_02459,e_4786946,724270,0,easy_t2,344779,713,483.5610098176718
HI-Small,2460,amlc_02460,e_4787215,724539,1,illicit,1251,1251,1.0
HI-Small,2461,amlc_02461,e_4787290,724614,1,illicit,1251,1251,1.0
HI-Small,2462,amlc_02462,e_4787948,725272,0,easy_t2,344779,713,483.5610098176718
HI-Small,2463,amlc_02463,e_4788085,725409,0,hard_neg,363,363,1.0
HI-Small,2464,amlc_02464,e_4788176,725500,0,easy_t3,334638,713,469.33800841514727
HI-Small,2465,amlc_02465,e_4788190,725514,0,hard_neg,363,363,1.0
HI-Small,2466,amlc_02466,e_4788608,725932,0,hard_neg,363,363,1.0
HI-Small,2467,amlc_02467,e_4788666,725990,1,illicit,1251,1251,1.0
HI-Small,2468,amlc_02468,e_4788810,726134,0,easy_t1,334638,713,469.33800841514727
HI-Small,2469,amlc_02469,e_4788880,726204,0,easy_t3,334638,713,469.33800841514727
HI-Small,2470,amlc_02470,e_4789144,726468,0,hard_neg,363,363,1.0
HI-Small,2471,amlc_02471,e_4789369,726693,0,easy_t2,344779,713,483.5610098176718
HI-Small,2472,amlc_02472,e_4789912,727236,0,hard_neg,363,363,1.0
HI-Small,2473,amlc_02473,e_4790068,727392,1,illicit,1251,1251,1.0
HI-Small,2474,amlc_02474,e_4790070,727394,1,illicit,1251,1251,1.0
HI-Small,2475,amlc_02475,e_4790072,727396,1,illicit,1251,1251,1.0
HI-Small,2476,amlc_02476,e_4790074,727398,1,illicit,1251,1251,1.0
HI-Small,2477,amlc_02477,e_4790075,727399,1,illicit,1251,1251,1.0
HI-Small,2478,amlc_02478,e_4790076,727400,1,illicit,1251,1251,1.0
HI-Small,2479,amlc_02479,e_4790078,727402,1,illicit,1251,1251,1.0
HI-Small,2480,amlc_02480,e_4790079,727403,1,illicit,1251,1251,1.0
HI-Small,2481,amlc_02481,e_4790081,727405,1,illicit,1251,1251,1.0
HI-Small,2482,amlc_02482,e_4790082,727406,1,illicit,1251,1251,1.0
HI-Small,2483,amlc_02483,e_4790083,727407,1,illicit,1251,1251,1.0
HI-Small,2484,amlc_02484,e_4790085,727409,1,illicit,1251,1251,1.0
HI-Small,2485,amlc_02485,e_4790087,727411,1,illicit,1251,1251,1.0
HI-Small,2486,amlc_02486,e_4790088,727412,1,illicit,1251,1251,1.0
HI-Small,2487,amlc_02487,e_4790090,727414,1,illicit,1251,1251,1.0
HI-Small,2488,amlc_02488,e_4790092,727416,0,hard_neg,363,363,1.0
HI-Small,2489,amlc_02489,e_4790093,727417,1,illicit,1251,1251,1.0
HI-Small,2490,amlc_02490,e_4790094,727418,1,illicit,1251,1251,1.0
HI-Small,2491,amlc_02491,e_4790902,728226,0,easy_t2,344779,713,483.5610098176718
HI-Small,2492,amlc_02492,e_4791219,728543,1,illicit,1251,1251,1.0
HI-Small,2493,amlc_02493,e_4791801,729125,0,easy_t1,334638,713,469.33800841514727
HI-Small,2494,amlc_02494,e_4792078,729402,1,illicit,1251,1251,1.0
HI-Small,2495,amlc_02495,e_4792175,729499,0,easy_t2,344779,713,483.5610098176718
HI-Small,2496,amlc_02496,e_4792951,730275,0,easy_t1,334638,713,469.33800841514727
HI-Small,2497,amlc_02497,e_4793378,730702,0,easy_t1,334638,713,469.33800841514727
HI-Small,2498,amlc_02498,e_4793856,731180,0,hard_neg,363,363,1.0
HI-Small,2499,amlc_02499,e_4794099,731423,1,illicit,1251,1251,1.0
HI-Small,2500,amlc_02500,e_4794276,731600,0,easy_t2,344779,713,483.5610098176718
HI-Small,2501,amlc_02501,e_4794367,731691,0,easy_t3,334638,713,469.33800841514727
HI-Small,2502,amlc_02502,e_4795450,732774,0,easy_t2,344779,713,483.5610098176718
HI-Small,2503,amlc_02503,e_4795665,732989,0,easy_t1,334638,713,469.33800841514727
HI-Small,2504,amlc_02504,e_4795915,733239,1,illicit,1251,1251,1.0
HI-Small,2505,amlc_02505,e_4795916,733240,1,illicit,1251,1251,1.0
HI-Small,2506,amlc_02506,e_4796077,733401,0,easy_t2,344779,713,483.5610098176718
HI-Small,2507,amlc_02507,e_4796293,733617,1,illicit,1251,1251,1.0
HI-Small,2508,amlc_02508,e_4796793,734117,1,illicit,1251,1251,1.0
HI-Small,2509,amlc_02509,e_4797297,734621,1,illicit,1251,1251,1.0
HI-Small,2510,amlc_02510,e_4797918,735242,1,illicit,1251,1251,1.0
HI-Small,2511,amlc_02511,e_4798670,735994,1,illicit,1251,1251,1.0
HI-Small,2512,amlc_02512,e_4799793,737117,0,easy_t2,344779,713,483.5610098176718
HI-Small,2513,amlc_02513,e_4800415,737739,1,illicit,1251,1251,1.0
HI-Small,2514,amlc_02514,e_4800810,738134,0,easy_t2,344779,713,483.5610098176718
HI-Small,2515,amlc_02515,e_4802374,739698,1,illicit,1251,1251,1.0
HI-Small,2516,amlc_02516,e_4803016,740340,1,illicit,1251,1251,1.0
HI-Small,2517,amlc_02517,e_4803018,740342,1,illicit,1251,1251,1.0
HI-Small,2518,amlc_02518,e_4803021,740345,1,illicit,1251,1251,1.0
HI-Small,2519,amlc_02519,e_4803041,740365,1,illicit,1251,1251,1.0
HI-Small,2520,amlc_02520,e_4803043,740367,1,illicit,1251,1251,1.0
HI-Small,2521,amlc_02521,e_4803063,740387,1,illicit,1251,1251,1.0
HI-Small,2522,amlc_02522,e_4803065,740389,1,illicit,1251,1251,1.0
HI-Small,2523,amlc_02523,e_4803067,740391,1,illicit,1251,1251,1.0
HI-Small,2524,amlc_02524,e_4803070,740394,1,illicit,1251,1251,1.0
HI-Small,2525,amlc_02525,e_4803072,740396,1,illicit,1251,1251,1.0
HI-Small,2526,amlc_02526,e_4803074,740398,0,hard_neg,363,363,1.0
HI-Small,2527,amlc_02527,e_4803075,740399,1,illicit,1251,1251,1.0
HI-Small,2528,amlc_02528,e_4803077,740401,1,illicit,1251,1251,1.0
HI-Small,2529,amlc_02529,e_4803078,740402,1,illicit,1251,1251,1.0
HI-Small,2530,amlc_02530,e_4803079,740403,1,illicit,1251,1251,1.0
HI-Small,2531,amlc_02531,e_4803081,740405,1,illicit,1251,1251,1.0
HI-Small,2532,amlc_02532,e_4803084,740408,1,illicit,1251,1251,1.0
HI-Small,2533,amlc_02533,e_4804376,741700,0,easy_t1,334638,713,469.33800841514727
HI-Small,2534,amlc_02534,e_4804733,742057,0,easy_t2,344779,713,483.5610098176718
HI-Small,2535,amlc_02535,e_4805936,743260,0,easy_t2,344779,713,483.5610098176718
HI-Small,2536,amlc_02536,e_4806202,743526,0,easy_t1,334638,713,469.33800841514727
HI-Small,2537,amlc_02537,e_4806206,743530,0,easy_t1,334638,713,469.33800841514727
HI-Small,2538,amlc_02538,e_4806380,743704,0,easy_t2,344779,713,483.5610098176718
HI-Small,2539,amlc_02539,e_4806501,743825,1,illicit,1251,1251,1.0
HI-Small,2540,amlc_02540,e_4807070,744394,0,easy_t1,334638,713,469.33800841514727
HI-Small,2541,amlc_02541,e_4807589,744913,0,easy_t3,334638,713,469.33800841514727
HI-Small,2542,amlc_02542,e_4809097,746421,1,illicit,1251,1251,1.0
HI-Small,2543,amlc_02543,e_4809227,746551,0,easy_t3,334638,713,469.33800841514727
HI-Small,2544,amlc_02544,e_4809230,746554,0,easy_t3,334638,713,469.33800841514727
HI-Small,2545,amlc_02545,e_4809413,746737,0,easy_t2,344779,713,483.5610098176718
HI-Small,2546,amlc_02546,e_4809521,746845,0,easy_t1,334638,713,469.33800841514727
HI-Small,2547,amlc_02547,e_4809779,747103,0,easy_t1,334638,713,469.33800841514727
HI-Small,2548,amlc_02548,e_4809920,747244,1,illicit,1251,1251,1.0
HI-Small,2549,amlc_02549,e_4809969,747293,0,hard_neg,363,363,1.0
HI-Small,2550,amlc_02550,e_4811048,748372,0,easy_t1,334638,713,469.33800841514727
HI-Small,2551,amlc_02551,e_4811195,748519,0,easy_t3,334638,713,469.33800841514727
HI-Small,2552,amlc_02552,e_4811393,748717,0,easy_t1,334638,713,469.33800841514727
HI-Small,2553,amlc_02553,e_4811713,749037,0,easy_t3,334638,713,469.33800841514727
HI-Small,2554,amlc_02554,e_4811828,749152,0,easy_t2,344779,713,483.5610098176718
HI-Small,2555,amlc_02555,e_4812571,749895,0,easy_t2,344779,713,483.5610098176718
HI-Small,2556,amlc_02556,e_4812799,750123,0,hard_neg,363,363,1.0
HI-Small,2557,amlc_02557,e_4812850,750174,0,easy_t3,334638,713,469.33800841514727
HI-Small,2558,amlc_02558,e_4813303,750627,0,easy_t3,334638,713,469.33800841514727
HI-Small,2559,amlc_02559,e_4814133,751457,0,easy_t3,334638,713,469.33800841514727
HI-Small,2560,amlc_02560,e_4814165,751489,0,easy_t3,334638,713,469.33800841514727
HI-Small,2561,amlc_02561,e_4814537,751861,0,easy_t3,334638,713,469.33800841514727
HI-Small,2562,amlc_02562,e_4815187,752511,0,easy_t2,344779,713,483.5610098176718
HI-Small,2563,amlc_02563,e_4815444,752768,1,illicit,1251,1251,1.0
HI-Small,2564,amlc_02564,e_4815749,753073,0,hard_neg,363,363,1.0
HI-Small,2565,amlc_02565,e_4815800,753124,0,easy_t2,344779,713,483.5610098176718
HI-Small,2566,amlc_02566,e_4815847,753171,0,easy_t2,344779,713,483.5610098176718
HI-Small,2567,amlc_02567,e_4816595,753919,0,easy_t3,334638,713,469.33800841514727
HI-Small,2568,amlc_02568,e_4816731,754055,0,hard_neg,363,363,1.0
HI-Small,2569,amlc_02569,e_4817578,754902,1,illicit,1251,1251,1.0
HI-Small,2570,amlc_02570,e_4817728,755052,0,easy_t1,334638,713,469.33800841514727
HI-Small,2571,amlc_02571,e_4817835,755159,0,easy_t1,334638,713,469.33800841514727
HI-Small,2572,amlc_02572,e_4818737,756061,1,illicit,1251,1251,1.0
HI-Small,2573,amlc_02573,e_4818778,756102,0,easy_t3,334638,713,469.33800841514727
HI-Small,2574,amlc_02574,e_4820074,757398,0,easy_t2,344779,713,483.5610098176718
HI-Small,2575,amlc_02575,e_4820399,757723,0,easy_t3,334638,713,469.33800841514727
HI-Small,2576,amlc_02576,e_4821083,758407,0,hard_neg,363,363,1.0
HI-Small,2577,amlc_02577,e_4821983,759307,1,illicit,1251,1251,1.0
HI-Small,2578,amlc_02578,e_4823245,760569,1,illicit,1251,1251,1.0
HI-Small,2579,amlc_02579,e_4823558,760882,1,illicit,1251,1251,1.0
HI-Small,2580,amlc_02580,e_4824246,761570,0,hard_neg,363,363,1.0
HI-Small,2581,amlc_02581,e_4824443,761767,0,easy_t2,344779,713,483.5610098176718
HI-Small,2582,amlc_02582,e_4824875,762199,0,easy_t3,334638,713,469.33800841514727
HI-Small,2583,amlc_02583,e_4825363,762687,0,easy_t1,334638,713,469.33800841514727
HI-Small,2584,amlc_02584,e_4825465,762789,0,easy_t1,334638,713,469.33800841514727
HI-Small,2585,amlc_02585,e_4825493,762817,0,easy_t2,344779,713,483.5610098176718
HI-Small,2586,amlc_02586,e_4825752,763076,0,easy_t3,334638,713,469.33800841514727
HI-Small,2587,amlc_02587,e_4826011,763335,0,easy_t1,334638,713,469.33800841514727
HI-Small,2588,amlc_02588,e_4826095,763419,0,easy_t1,334638,713,469.33800841514727
HI-Small,2589,amlc_02589,e_4826187,763511,0,easy_t2,344779,713,483.5610098176718
HI-Small,2590,amlc_02590,e_4827112,764436,0,hard_neg,363,363,1.0
HI-Small,2591,amlc_02591,e_4827566,764890,0,easy_t2,344779,713,483.5610098176718
HI-Small,2592,amlc_02592,e_4827840,765164,0,easy_t2,344779,713,483.5610098176718
HI-Small,2593,amlc_02593,e_4828150,765474,0,hard_neg,363,363,1.0
HI-Small,2594,amlc_02594,e_4828201,765525,0,easy_t1,334638,713,469.33800841514727
HI-Small,2595,amlc_02595,e_4828292,765616,0,hard_neg,363,363,1.0
HI-Small,2596,amlc_02596,e_4828677,766001,0,easy_t2,344779,713,483.5610098176718
HI-Small,2597,amlc_02597,e_4829888,767212,0,easy_t2,344779,713,483.5610098176718
HI-Small,2598,amlc_02598,e_4830368,767692,1,illicit,1251,1251,1.0
HI-Small,2599,amlc_02599,e_4830996,768320,1,illicit,1251,1251,1.0
HI-Small,2600,amlc_02600,e_4831042,768366,0,easy_t1,334638,713,469.33800841514727
HI-Small,2601,amlc_02601,e_4831988,769312,0,easy_t2,344779,713,483.5610098176718
HI-Small,2602,amlc_02602,e_4832071,769395,0,easy_t2,344779,713,483.5610098176718
HI-Small,2603,amlc_02603,e_4832104,769428,0,easy_t2,344779,713,483.5610098176718
HI-Small,2604,amlc_02604,e_4832430,769754,0,easy_t3,334638,713,469.33800841514727
HI-Small,2605,amlc_02605,e_4832449,769773,0,hard_neg,363,363,1.0
HI-Small,2606,amlc_02606,e_4832736,770060,1,illicit,1251,1251,1.0
HI-Small,2607,amlc_02607,e_4833025,770349,0,easy_t1,334638,713,469.33800841514727
HI-Small,2608,amlc_02608,e_4833211,770535,0,easy_t1,334638,713,469.33800841514727
HI-Small,2609,amlc_02609,e_4834185,771509,0,easy_t1,334638,713,469.33800841514727
HI-Small,2610,amlc_02610,e_4834320,771644,0,easy_t1,334638,713,469.33800841514727
HI-Small,2611,amlc_02611,e_4834826,772150,0,easy_t2,344779,713,483.5610098176718
HI-Small,2612,amlc_02612,e_4834862,772186,0,hard_neg,363,363,1.0
HI-Small,2613,amlc_02613,e_4835127,772451,0,easy_t1,334638,713,469.33800841514727
HI-Small,2614,amlc_02614,e_4835741,773065,0,easy_t1,334638,713,469.33800841514727
HI-Small,2615,amlc_02615,e_4835790,773114,0,hard_neg,363,363,1.0
HI-Small,2616,amlc_02616,e_4835833,773157,1,illicit,1251,1251,1.0
HI-Small,2617,amlc_02617,e_4836049,773373,1,illicit,1251,1251,1.0
HI-Small,2618,amlc_02618,e_4836883,774207,0,easy_t2,344779,713,483.5610098176718
HI-Small,2619,amlc_02619,e_4837394,774718,0,easy_t3,334638,713,469.33800841514727
HI-Small,2620,amlc_02620,e_4838134,775458,0,easy_t3,334638,713,469.33800841514727
HI-Small,2621,amlc_02621,e_4838250,775574,0,easy_t1,334638,713,469.33800841514727
HI-Small,2622,amlc_02622,e_4838426,775750,0,easy_t3,334638,713,469.33800841514727
HI-Small,2623,amlc_02623,e_4838521,775845,1,illicit,1251,1251,1.0
HI-Small,2624,amlc_02624,e_4838645,775969,0,hard_neg,363,363,1.0
HI-Small,2625,amlc_02625,e_4838669,775993,0,easy_t2,344779,713,483.5610098176718
HI-Small,2626,amlc_02626,e_4839112,776436,0,easy_t1,334638,713,469.33800841514727
HI-Small,2627,amlc_02627,e_4839722,777046,0,easy_t1,334638,713,469.33800841514727
HI-Small,2628,amlc_02628,e_4839814,777138,0,easy_t3,334638,713,469.33800841514727
HI-Small,2629,amlc_02629,e_4840088,777412,0,easy_t3,334638,713,469.33800841514727
HI-Small,2630,amlc_02630,e_4840191,777515,1,illicit,1251,1251,1.0
HI-Small,2631,amlc_02631,e_4840194,777518,0,easy_t3,334638,713,469.33800841514727
HI-Small,2632,amlc_02632,e_4840448,777772,0,easy_t2,344779,713,483.5610098176718
HI-Small,2633,amlc_02633,e_4840678,778002,0,easy_t2,344779,713,483.5610098176718
HI-Small,2634,amlc_02634,e_4841009,778333,0,hard_neg,363,363,1.0
HI-Small,2635,amlc_02635,e_4842141,779465,0,hard_neg,363,363,1.0
HI-Small,2636,amlc_02636,e_4842394,779718,0,easy_t2,344779,713,483.5610098176718
HI-Small,2637,amlc_02637,e_4842515,779839,0,easy_t1,334638,713,469.33800841514727
HI-Small,2638,amlc_02638,e_4843123,780447,0,easy_t1,334638,713,469.33800841514727
HI-Small,2639,amlc_02639,e_4843411,780735,0,easy_t2,344779,713,483.5610098176718
HI-Small,2640,amlc_02640,e_4843858,781182,0,easy_t1,334638,713,469.33800841514727
HI-Small,2641,amlc_02641,e_4844328,781652,1,illicit,1251,1251,1.0
HI-Small,2642,amlc_02642,e_4844386,781710,0,hard_neg,363,363,1.0
HI-Small,2643,amlc_02643,e_4844405,781729,0,easy_t1,334638,713,469.33800841514727
HI-Small,2644,amlc_02644,e_4844844,782168,0,easy_t2,344779,713,483.5610098176718
HI-Small,2645,amlc_02645,e_4844933,782257,1,illicit,1251,1251,1.0
HI-Small,2646,amlc_02646,e_4845106,782430,1,illicit,1251,1251,1.0
HI-Small,2647,amlc_02647,e_4845244,782568,1,illicit,1251,1251,1.0
HI-Small,2648,amlc_02648,e_4845301,782625,0,easy_t3,334638,713,469.33800841514727
HI-Small,2649,amlc_02649,e_4845390,782714,0,easy_t1,334638,713,469.33800841514727
HI-Small,2650,amlc_02650,e_4845481,782805,0,easy_t2,344779,713,483.5610098176718
HI-Small,2651,amlc_02651,e_4845598,782922,1,illicit,1251,1251,1.0
HI-Small,2652,amlc_02652,e_4845960,783284,0,easy_t1,334638,713,469.33800841514727
HI-Small,2653,amlc_02653,e_4846115,783439,1,illicit,1251,1251,1.0
HI-Small,2654,amlc_02654,e_4847731,785055,0,easy_t1,334638,713,469.33800841514727
HI-Small,2655,amlc_02655,e_4847817,785141,0,easy_t3,334638,713,469.33800841514727
HI-Small,2656,amlc_02656,e_4848377,785701,1,illicit,1251,1251,1.0
HI-Small,2657,amlc_02657,e_4849590,786914,0,easy_t1,334638,713,469.33800841514727
HI-Small,2658,amlc_02658,e_4849665,786989,0,easy_t1,334638,713,469.33800841514727
HI-Small,2659,amlc_02659,e_4850042,787366,0,hard_neg,363,363,1.0
HI-Small,2660,amlc_02660,e_4850175,787499,0,easy_t3,334638,713,469.33800841514727
HI-Small,2661,amlc_02661,e_4850727,788051,0,easy_t2,344779,713,483.5610098176718
HI-Small,2662,amlc_02662,e_4850949,788273,1,illicit,1251,1251,1.0
HI-Small,2663,amlc_02663,e_4851092,788416,0,easy_t1,334638,713,469.33800841514727
HI-Small,2664,amlc_02664,e_4852180,789504,0,easy_t2,344779,713,483.5610098176718
HI-Small,2665,amlc_02665,e_4852793,790117,0,easy_t3,334638,713,469.33800841514727
HI-Small,2666,amlc_02666,e_4853003,790327,0,easy_t1,334638,713,469.33800841514727
HI-Small,2667,amlc_02667,e_4853483,790807,0,easy_t1,334638,713,469.33800841514727
HI-Small,2668,amlc_02668,e_4853602,790926,1,illicit,1251,1251,1.0
HI-Small,2669,amlc_02669,e_4853664,790988,0,easy_t3,334638,713,469.33800841514727
HI-Small,2670,amlc_02670,e_4853851,791175,0,hard_neg,363,363,1.0
HI-Small,2671,amlc_02671,e_4853982,791306,0,hard_neg,363,363,1.0
HI-Small,2672,amlc_02672,e_4854024,791348,0,easy_t2,344779,713,483.5610098176718
HI-Small,2673,amlc_02673,e_4854287,791611,0,easy_t3,334638,713,469.33800841514727
HI-Small,2674,amlc_02674,e_4854389,791713,0,easy_t3,334638,713,469.33800841514727
HI-Small,2675,amlc_02675,e_4854600,791924,1,illicit,1251,1251,1.0
HI-Small,2676,amlc_02676,e_4854644,791968,0,easy_t2,344779,713,483.5610098176718
HI-Small,2677,amlc_02677,e_4854750,792074,0,easy_t2,344779,713,483.5610098176718
HI-Small,2678,amlc_02678,e_4854914,792238,0,easy_t2,344779,713,483.5610098176718
HI-Small,2679,amlc_02679,e_4855233,792557,0,easy_t1,334638,713,469.33800841514727
HI-Small,2680,amlc_02680,e_4855264,792588,0,easy_t2,344779,713,483.5610098176718
HI-Small,2681,amlc_02681,e_4855414,792738,0,hard_neg,363,363,1.0
HI-Small,2682,amlc_02682,e_4855980,793304,0,easy_t3,334638,713,469.33800841514727
HI-Small,2683,amlc_02683,e_4856057,793381,1,illicit,1251,1251,1.0
HI-Small,2684,amlc_02684,e_4856059,793383,1,illicit,1251,1251,1.0
HI-Small,2685,amlc_02685,e_4856061,793385,1,illicit,1251,1251,1.0
HI-Small,2686,amlc_02686,e_4856063,793387,1,illicit,1251,1251,1.0
HI-Small,2687,amlc_02687,e_4856065,793389,1,illicit,1251,1251,1.0
HI-Small,2688,amlc_02688,e_4856067,793391,1,illicit,1251,1251,1.0
HI-Small,2689,amlc_02689,e_4856069,793393,1,illicit,1251,1251,1.0
HI-Small,2690,amlc_02690,e_4856071,793395,1,illicit,1251,1251,1.0
HI-Small,2691,amlc_02691,e_4856072,793396,1,illicit,1251,1251,1.0
HI-Small,2692,amlc_02692,e_4856074,793398,1,illicit,1251,1251,1.0
HI-Small,2693,amlc_02693,e_4856076,793400,1,illicit,1251,1251,1.0
HI-Small,2694,amlc_02694,e_4856077,793401,1,illicit,1251,1251,1.0
HI-Small,2695,amlc_02695,e_4856079,793403,1,illicit,1251,1251,1.0
HI-Small,2696,amlc_02696,e_4856081,793405,1,illicit,1251,1251,1.0
HI-Small,2697,amlc_02697,e_4856083,793407,1,illicit,1251,1251,1.0
HI-Small,2698,amlc_02698,e_4856085,793409,1,illicit,1251,1251,1.0
HI-Small,2699,amlc_02699,e_4856086,793410,1,illicit,1251,1251,1.0
HI-Small,2700,amlc_02700,e_4856088,793412,1,illicit,1251,1251,1.0
HI-Small,2701,amlc_02701,e_4856089,793413,1,illicit,1251,1251,1.0
HI-Small,2702,amlc_02702,e_4856091,793415,1,illicit,1251,1251,1.0
HI-Small,2703,amlc_02703,e_4856093,793417,1,illicit,1251,1251,1.0
HI-Small,2704,amlc_02704,e_4856095,793419,1,illicit,1251,1251,1.0
HI-Small,2705,amlc_02705,e_4856097,793421,1,illicit,1251,1251,1.0
HI-Small,2706,amlc_02706,e_4856099,793423,1,illicit,1251,1251,1.0
HI-Small,2707,amlc_02707,e_4856101,793425,1,illicit,1251,1251,1.0
HI-Small,2708,amlc_02708,e_4856103,793427,1,illicit,1251,1251,1.0
HI-Small,2709,amlc_02709,e_4856306,793630,1,illicit,1251,1251,1.0
HI-Small,2710,amlc_02710,e_4856370,793694,1,illicit,1251,1251,1.0
HI-Small,2711,amlc_02711,e_4856843,794167,0,easy_t3,334638,713,469.33800841514727
HI-Small,2712,amlc_02712,e_4856849,794173,0,easy_t2,344779,713,483.5610098176718
HI-Small,2713,amlc_02713,e_4857360,794684,0,easy_t1,334638,713,469.33800841514727
HI-Small,2714,amlc_02714,e_4858444,795768,0,easy_t2,344779,713,483.5610098176718
HI-Small,2715,amlc_02715,e_4858508,795832,0,easy_t3,334638,713,469.33800841514727
HI-Small,2716,amlc_02716,e_4859356,796680,0,easy_t1,334638,713,469.33800841514727
HI-Small,2717,amlc_02717,e_4859490,796814,0,easy_t1,334638,713,469.33800841514727
HI-Small,2718,amlc_02718,e_4859900,797224,0,easy_t1,334638,713,469.33800841514727
HI-Small,2719,amlc_02719,e_4860622,797946,0,easy_t2,344779,713,483.5610098176718
HI-Small,2720,amlc_02720,e_4860684,798008,0,easy_t1,334638,713,469.33800841514727
HI-Small,2721,amlc_02721,e_4860955,798279,0,easy_t1,334638,713,469.33800841514727
HI-Small,2722,amlc_02722,e_4861519,798843,0,easy_t3,334638,713,469.33800841514727
HI-Small,2723,amlc_02723,e_4861840,799164,0,easy_t2,344779,713,483.5610098176718
HI-Small,2724,amlc_02724,e_4861885,799209,0,easy_t2,344779,713,483.5610098176718
HI-Small,2725,amlc_02725,e_4862004,799328,0,easy_t2,344779,713,483.5610098176718
HI-Small,2726,amlc_02726,e_4862961,800285,0,easy_t3,334638,713,469.33800841514727
HI-Small,2727,amlc_02727,e_4862986,800310,0,easy_t2,344779,713,483.5610098176718
HI-Small,2728,amlc_02728,e_4863304,800628,1,illicit,1251,1251,1.0
HI-Small,2729,amlc_02729,e_4864502,801826,0,easy_t1,334638,713,469.33800841514727
HI-Small,2730,amlc_02730,e_4864707,802031,1,illicit,1251,1251,1.0
HI-Small,2731,amlc_02731,e_4864912,802236,0,easy_t1,334638,713,469.33800841514727
HI-Small,2732,amlc_02732,e_4865252,802576,0,easy_t2,344779,713,483.5610098176718
HI-Small,2733,amlc_02733,e_4865613,802937,0,easy_t2,344779,713,483.5610098176718
HI-Small,2734,amlc_02734,e_4866049,803373,0,easy_t1,334638,713,469.33800841514727
HI-Small,2735,amlc_02735,e_4867415,804739,0,easy_t2,344779,713,483.5610098176718
HI-Small,2736,amlc_02736,e_4867514,804838,0,easy_t2,344779,713,483.5610098176718
HI-Small,2737,amlc_02737,e_4867522,804846,0,easy_t2,344779,713,483.5610098176718
HI-Small,2738,amlc_02738,e_4867547,804871,0,easy_t3,334638,713,469.33800841514727
HI-Small,2739,amlc_02739,e_4867549,804873,0,easy_t1,334638,713,469.33800841514727
HI-Small,2740,amlc_02740,e_4867694,805018,1,illicit,1251,1251,1.0
HI-Small,2741,amlc_02741,e_4868763,806087,0,hard_neg,363,363,1.0
HI-Small,2742,amlc_02742,e_4869223,806547,1,illicit,1251,1251,1.0
HI-Small,2743,amlc_02743,e_4869518,806842,0,easy_t1,334638,713,469.33800841514727
HI-Small,2744,amlc_02744,e_4869674,806998,0,easy_t3,334638,713,469.33800841514727
HI-Small,2745,amlc_02745,e_4870356,807680,1,illicit,1251,1251,1.0
HI-Small,2746,amlc_02746,e_4870686,808010,0,easy_t1,334638,713,469.33800841514727
HI-Small,2747,amlc_02747,e_4871165,808489,0,easy_t3,334638,713,469.33800841514727
HI-Small,2748,amlc_02748,e_4871170,808494,0,easy_t2,344779,713,483.5610098176718
HI-Small,2749,amlc_02749,e_4871216,808540,0,easy_t3,334638,713,469.33800841514727
HI-Small,2750,amlc_02750,e_4871748,809072,0,easy_t3,334638,713,469.33800841514727
HI-Small,2751,amlc_02751,e_4871876,809200,0,easy_t3,334638,713,469.33800841514727
HI-Small,2752,amlc_02752,e_4872074,809398,0,easy_t3,334638,713,469.33800841514727
HI-Small,2753,amlc_02753,e_4872199,809523,0,easy_t3,334638,713,469.33800841514727
HI-Small,2754,amlc_02754,e_4872277,809601,0,easy_t2,344779,713,483.5610098176718
HI-Small,2755,amlc_02755,e_4872605,809929,0,easy_t3,334638,713,469.33800841514727
HI-Small,2756,amlc_02756,e_4873231,810555,0,easy_t3,334638,713,469.33800841514727
HI-Small,2757,amlc_02757,e_4873670,810994,0,easy_t2,344779,713,483.5610098176718
HI-Small,2758,amlc_02758,e_4874437,811761,0,easy_t2,344779,713,483.5610098176718
HI-Small,2759,amlc_02759,e_4874725,812049,0,easy_t3,334638,713,469.33800841514727
HI-Small,2760,amlc_02760,e_4874884,812208,0,easy_t2,344779,713,483.5610098176718
HI-Small,2761,amlc_02761,e_4875056,812380,0,easy_t3,334638,713,469.33800841514727
HI-Small,2762,amlc_02762,e_4875515,812839,0,easy_t3,334638,713,469.33800841514727
HI-Small,2763,amlc_02763,e_4876333,813657,0,easy_t3,334638,713,469.33800841514727
HI-Small,2764,amlc_02764,e_4876350,813674,0,easy_t3,334638,713,469.33800841514727
HI-Small,2765,amlc_02765,e_4876417,813741,0,easy_t2,344779,713,483.5610098176718
HI-Small,2766,amlc_02766,e_4876633,813957,0,easy_t1,334638,713,469.33800841514727
HI-Small,2767,amlc_02767,e_4877301,814625,0,easy_t2,344779,713,483.5610098176718
HI-Small,2768,amlc_02768,e_4878058,815382,0,easy_t3,334638,713,469.33800841514727
HI-Small,2769,amlc_02769,e_4878178,815502,0,easy_t3,334638,713,469.33800841514727
HI-Small,2770,amlc_02770,e_4878252,815576,1,illicit,1251,1251,1.0
HI-Small,2771,amlc_02771,e_4878785,816109,0,easy_t3,334638,713,469.33800841514727
HI-Small,2772,amlc_02772,e_4879139,816463,0,easy_t2,344779,713,483.5610098176718
HI-Small,2773,amlc_02773,e_4879140,816464,0,easy_t3,334638,713,469.33800841514727
HI-Small,2774,amlc_02774,e_4879275,816599,0,easy_t3,334638,713,469.33800841514727
HI-Small,2775,amlc_02775,e_4879608,816932,0,easy_t2,344779,713,483.5610098176718
HI-Small,2776,amlc_02776,e_4880118,817442,0,easy_t1,334638,713,469.33800841514727
HI-Small,2777,amlc_02777,e_4880327,817651,0,easy_t2,344779,713,483.5610098176718
HI-Small,2778,amlc_02778,e_4880448,817772,0,easy_t3,334638,713,469.33800841514727
HI-Small,2779,amlc_02779,e_4880573,817897,0,easy_t1,334638,713,469.33800841514727
HI-Small,2780,amlc_02780,e_4880583,817907,0,easy_t1,334638,713,469.33800841514727
HI-Small,2781,amlc_02781,e_4880610,817934,0,easy_t2,344779,713,483.5610098176718
HI-Small,2782,amlc_02782,e_4881608,818932,0,easy_t2,344779,713,483.5610098176718
HI-Small,2783,amlc_02783,e_4882163,819487,0,easy_t2,344779,713,483.5610098176718
HI-Small,2784,amlc_02784,e_4882638,819962,0,easy_t3,334638,713,469.33800841514727
HI-Small,2785,amlc_02785,e_4883285,820609,0,easy_t3,334638,713,469.33800841514727
HI-Small,2786,amlc_02786,e_4883428,820752,0,easy_t3,334638,713,469.33800841514727
HI-Small,2787,amlc_02787,e_4883561,820885,0,easy_t3,334638,713,469.33800841514727
HI-Small,2788,amlc_02788,e_4883703,821027,0,easy_t2,344779,713,483.5610098176718
HI-Small,2789,amlc_02789,e_4883854,821178,0,easy_t3,334638,713,469.33800841514727
HI-Small,2790,amlc_02790,e_4884801,822125,0,easy_t3,334638,713,469.33800841514727
HI-Small,2791,amlc_02791,e_4885045,822369,1,illicit,1251,1251,1.0
HI-Small,2792,amlc_02792,e_4886193,823517,0,easy_t3,334638,713,469.33800841514727
HI-Small,2793,amlc_02793,e_4886350,823674,0,easy_t3,334638,713,469.33800841514727
HI-Small,2794,amlc_02794,e_4886400,823724,0,easy_t3,334638,713,469.33800841514727
HI-Small,2795,amlc_02795,e_4886474,823798,0,easy_t3,334638,713,469.33800841514727
HI-Small,2796,amlc_02796,e_4886678,824002,0,easy_t1,334638,713,469.33800841514727
HI-Small,2797,amlc_02797,e_4887280,824604,0,easy_t3,334638,713,469.33800841514727
HI-Small,2798,amlc_02798,e_4887395,824719,0,easy_t3,334638,713,469.33800841514727
HI-Small,2799,amlc_02799,e_4887491,824815,0,easy_t3,334638,713,469.33800841514727
HI-Small,2800,amlc_02800,e_4887962,825286,0,easy_t3,334638,713,469.33800841514727
HI-Small,2801,amlc_02801,e_4887995,825319,1,illicit,1251,1251,1.0
HI-Small,2802,amlc_02802,e_4887997,825321,1,illicit,1251,1251,1.0
HI-Small,2803,amlc_02803,e_4887999,825323,1,illicit,1251,1251,1.0
HI-Small,2804,amlc_02804,e_4888001,825325,1,illicit,1251,1251,1.0
HI-Small,2805,amlc_02805,e_4888002,825326,1,illicit,1251,1251,1.0
HI-Small,2806,amlc_02806,e_4888003,825327,1,illicit,1251,1251,1.0
HI-Small,2807,amlc_02807,e_4888005,825329,0,hard_neg,363,363,1.0
HI-Small,2808,amlc_02808,e_4888006,825330,1,illicit,1251,1251,1.0
HI-Small,2809,amlc_02809,e_4888008,825332,1,illicit,1251,1251,1.0
HI-Small,2810,amlc_02810,e_4888009,825333,1,illicit,1251,1251,1.0
HI-Small,2811,amlc_02811,e_4888011,825335,1,illicit,1251,1251,1.0
HI-Small,2812,amlc_02812,e_4888013,825337,1,illicit,1251,1251,1.0
HI-Small,2813,amlc_02813,e_4888015,825339,1,illicit,1251,1251,1.0
HI-Small,2814,amlc_02814,e_4888016,825340,1,illicit,1251,1251,1.0
HI-Small,2815,amlc_02815,e_4888018,825342,1,illicit,1251,1251,1.0
HI-Small,2816,amlc_02816,e_4888019,825343,1,illicit,1251,1251,1.0
HI-Small,2817,amlc_02817,e_4888020,825344,1,illicit,1251,1251,1.0
HI-Small,2818,amlc_02818,e_4888021,825345,1,illicit,1251,1251,1.0
HI-Small,2819,amlc_02819,e_4889084,826408,1,illicit,1251,1251,1.0
HI-Small,2820,amlc_02820,e_4889123,826447,0,easy_t1,334638,713,469.33800841514727
HI-Small,2821,amlc_02821,e_4889585,826909,0,easy_t3,334638,713,469.33800841514727
HI-Small,2822,amlc_02822,e_4889735,827059,1,illicit,1251,1251,1.0
HI-Small,2823,amlc_02823,e_4890536,827860,0,easy_t2,344779,713,483.5610098176718
HI-Small,2824,amlc_02824,e_4890549,827873,0,easy_t2,344779,713,483.5610098176718
HI-Small,2825,amlc_02825,e_4890601,827925,0,easy_t1,334638,713,469.33800841514727
HI-Small,2826,amlc_02826,e_4891342,828666,0,easy_t3,334638,713,469.33800841514727
HI-Small,2827,amlc_02827,e_4891541,828865,0,easy_t3,334638,713,469.33800841514727
HI-Small,2828,amlc_02828,e_4891551,828875,1,illicit,1251,1251,1.0
HI-Small,2829,amlc_02829,e_4891780,829104,0,hard_neg,363,363,1.0
HI-Small,2830,amlc_02830,e_4892025,829349,0,hard_neg,363,363,1.0
HI-Small,2831,amlc_02831,e_4892352,829676,0,easy_t2,344779,713,483.5610098176718
HI-Small,2832,amlc_02832,e_4892480,829804,0,easy_t2,344779,713,483.5610098176718
HI-Small,2833,amlc_02833,e_4893034,830358,0,hard_neg,363,363,1.0
HI-Small,2834,amlc_02834,e_4894341,831665,0,easy_t3,334638,713,469.33800841514727
HI-Small,2835,amlc_02835,e_4894585,831909,0,easy_t2,344779,713,483.5610098176718
HI-Small,2836,amlc_02836,e_4894730,832054,1,illicit,1251,1251,1.0
HI-Small,2837,amlc_02837,e_4894731,832055,0,easy_t2,344779,713,483.5610098176718
HI-Small,2838,amlc_02838,e_4895716,833040,1,illicit,1251,1251,1.0
HI-Small,2839,amlc_02839,e_4896114,833438,0,easy_t2,344779,713,483.5610098176718
HI-Small,2840,amlc_02840,e_4896326,833650,1,illicit,1251,1251,1.0
HI-Small,2841,amlc_02841,e_4896548,833872,1,illicit,1251,1251,1.0
HI-Small,2842,amlc_02842,e_4896682,834006,0,easy_t2,344779,713,483.5610098176718
HI-Small,2843,amlc_02843,e_4896785,834109,0,hard_neg,363,363,1.0
HI-Small,2844,amlc_02844,e_4898801,836125,0,easy_t1,334638,713,469.33800841514727
HI-Small,2845,amlc_02845,e_4898863,836187,0,easy_t2,344779,713,483.5610098176718
HI-Small,2846,amlc_02846,e_4899223,836547,0,hard_neg,363,363,1.0
HI-Small,2847,amlc_02847,e_4899441,836765,0,easy_t2,344779,713,483.5610098176718
HI-Small,2848,amlc_02848,e_4899509,836833,1,illicit,1251,1251,1.0
HI-Small,2849,amlc_02849,e_4899635,836959,0,easy_t1,334638,713,469.33800841514727
HI-Small,2850,amlc_02850,e_4899920,837244,0,easy_t1,334638,713,469.33800841514727
HI-Small,2851,amlc_02851,e_4900139,837463,0,easy_t1,334638,713,469.33800841514727
HI-Small,2852,amlc_02852,e_4900176,837500,0,easy_t1,334638,713,469.33800841514727
HI-Small,2853,amlc_02853,e_4900823,838147,1,illicit,1251,1251,1.0
HI-Small,2854,amlc_02854,e_4900865,838189,0,easy_t2,344779,713,483.5610098176718
HI-Small,2855,amlc_02855,e_4900905,838229,0,easy_t2,344779,713,483.5610098176718
HI-Small,2856,amlc_02856,e_4901397,838721,1,illicit,1251,1251,1.0
HI-Small,2857,amlc_02857,e_4901601,838925,0,easy_t2,344779,713,483.5610098176718
HI-Small,2858,amlc_02858,e_4902272,839596,0,easy_t1,334638,713,469.33800841514727
HI-Small,2859,amlc_02859,e_4902281,839605,0,easy_t1,334638,713,469.33800841514727
HI-Small,2860,amlc_02860,e_4902467,839791,0,hard_neg,363,363,1.0
HI-Small,2861,amlc_02861,e_4903103,840427,0,easy_t1,334638,713,469.33800841514727
HI-Small,2862,amlc_02862,e_4903253,840577,0,easy_t3,334638,713,469.33800841514727
HI-Small,2863,amlc_02863,e_4903346,840670,1,illicit,1251,1251,1.0
HI-Small,2864,amlc_02864,e_4903505,840829,0,easy_t3,334638,713,469.33800841514727
HI-Small,2865,amlc_02865,e_4903697,841021,0,easy_t1,334638,713,469.33800841514727
HI-Small,2866,amlc_02866,e_4904088,841412,1,illicit,1251,1251,1.0
HI-Small,2867,amlc_02867,e_4904669,841993,0,easy_t2,344779,713,483.5610098176718
HI-Small,2868,amlc_02868,e_4904685,842009,0,easy_t3,334638,713,469.33800841514727
HI-Small,2869,amlc_02869,e_4904719,842043,1,illicit,1251,1251,1.0
HI-Small,2870,amlc_02870,e_4904721,842045,0,hard_neg,363,363,1.0
HI-Small,2871,amlc_02871,e_4904722,842046,1,illicit,1251,1251,1.0
HI-Small,2872,amlc_02872,e_4904724,842048,1,illicit,1251,1251,1.0
HI-Small,2873,amlc_02873,e_4904726,842050,1,illicit,1251,1251,1.0
HI-Small,2874,amlc_02874,e_4904727,842051,1,illicit,1251,1251,1.0
HI-Small,2875,amlc_02875,e_4904729,842053,0,hard_neg,363,363,1.0
HI-Small,2876,amlc_02876,e_4904730,842054,1,illicit,1251,1251,1.0
HI-Small,2877,amlc_02877,e_4904732,842056,0,hard_neg,363,363,1.0
HI-Small,2878,amlc_02878,e_4904733,842057,1,illicit,1251,1251,1.0
HI-Small,2879,amlc_02879,e_4904735,842059,1,illicit,1251,1251,1.0
HI-Small,2880,amlc_02880,e_4904932,842256,0,easy_t1,334638,713,469.33800841514727
HI-Small,2881,amlc_02881,e_4905458,842782,0,easy_t1,334638,713,469.33800841514727
HI-Small,2882,amlc_02882,e_4905770,843094,0,easy_t1,334638,713,469.33800841514727
HI-Small,2883,amlc_02883,e_4906116,843440,0,easy_t1,334638,713,469.33800841514727
HI-Small,2884,amlc_02884,e_4906686,844010,0,easy_t1,334638,713,469.33800841514727
HI-Small,2885,amlc_02885,e_4906687,844011,0,easy_t1,334638,713,469.33800841514727
HI-Small,2886,amlc_02886,e_4906964,844288,0,easy_t2,344779,713,483.5610098176718
HI-Small,2887,amlc_02887,e_4907205,844529,0,easy_t1,334638,713,469.33800841514727
HI-Small,2888,amlc_02888,e_4907281,844605,0,easy_t2,344779,713,483.5610098176718
HI-Small,2889,amlc_02889,e_4907631,844955,0,easy_t3,334638,713,469.33800841514727
HI-Small,2890,amlc_02890,e_4907843,845167,1,illicit,1251,1251,1.0
HI-Small,2891,amlc_02891,e_4908323,845647,0,easy_t2,344779,713,483.5610098176718
HI-Small,2892,amlc_02892,e_4908636,845960,1,illicit,1251,1251,1.0
HI-Small,2893,amlc_02893,e_4908719,846043,1,illicit,1251,1251,1.0
HI-Small,2894,amlc_02894,e_4908721,846045,1,illicit,1251,1251,1.0
HI-Small,2895,amlc_02895,e_4908723,846047,1,illicit,1251,1251,1.0
HI-Small,2896,amlc_02896,e_4908725,846049,1,illicit,1251,1251,1.0
HI-Small,2897,amlc_02897,e_4908727,846051,1,illicit,1251,1251,1.0
HI-Small,2898,amlc_02898,e_4908729,846053,1,illicit,1251,1251,1.0
HI-Small,2899,amlc_02899,e_4908730,846054,1,illicit,1251,1251,1.0
HI-Small,2900,amlc_02900,e_4908732,846056,0,hard_neg,363,363,1.0
HI-Small,2901,amlc_02901,e_4908733,846057,1,illicit,1251,1251,1.0
HI-Small,2902,amlc_02902,e_4908735,846059,1,illicit,1251,1251,1.0
HI-Small,2903,amlc_02903,e_4908737,846061,0,hard_neg,363,363,1.0
HI-Small,2904,amlc_02904,e_4908738,846062,1,illicit,1251,1251,1.0
HI-Small,2905,amlc_02905,e_4908740,846064,1,illicit,1251,1251,1.0
HI-Small,2906,amlc_02906,e_4908742,846066,1,illicit,1251,1251,1.0
HI-Small,2907,amlc_02907,e_4908743,846067,1,illicit,1251,1251,1.0
HI-Small,2908,amlc_02908,e_4908745,846069,0,hard_neg,363,363,1.0
HI-Small,2909,amlc_02909,e_4908746,846070,1,illicit,1251,1251,1.0
HI-Small,2910,amlc_02910,e_4908747,846071,1,illicit,1251,1251,1.0
HI-Small,2911,amlc_02911,e_4908749,846073,0,hard_neg,363,363,1.0
HI-Small,2912,amlc_02912,e_4908750,846074,1,illicit,1251,1251,1.0
HI-Small,2913,amlc_02913,e_4908751,846075,1,illicit,1251,1251,1.0
HI-Small,2914,amlc_02914,e_4908753,846077,1,illicit,1251,1251,1.0
HI-Small,2915,amlc_02915,e_4908755,846079,1,illicit,1251,1251,1.0
HI-Small,2916,amlc_02916,e_4908757,846081,0,hard_neg,363,363,1.0
HI-Small,2917,amlc_02917,e_4908758,846082,1,illicit,1251,1251,1.0
HI-Small,2918,amlc_02918,e_4908760,846084,1,illicit,1251,1251,1.0
HI-Small,2919,amlc_02919,e_4908762,846086,1,illicit,1251,1251,1.0
HI-Small,2920,amlc_02920,e_4908763,846087,1,illicit,1251,1251,1.0
HI-Small,2921,amlc_02921,e_4908765,846089,1,illicit,1251,1251,1.0
HI-Small,2922,amlc_02922,e_4908766,846090,1,illicit,1251,1251,1.0
HI-Small,2923,amlc_02923,e_4908768,846092,1,illicit,1251,1251,1.0
HI-Small,2924,amlc_02924,e_4908770,846094,1,illicit,1251,1251,1.0
HI-Small,2925,amlc_02925,e_4908772,846096,1,illicit,1251,1251,1.0
HI-Small,2926,amlc_02926,e_4908774,846098,1,illicit,1251,1251,1.0
HI-Small,2927,amlc_02927,e_4908776,846100,1,illicit,1251,1251,1.0
HI-Small,2928,amlc_02928,e_4908778,846102,1,illicit,1251,1251,1.0
HI-Small,2929,amlc_02929,e_4908779,846103,0,hard_neg,363,363,1.0
HI-Small,2930,amlc_02930,e_4908780,846104,1,illicit,1251,1251,1.0
HI-Small,2931,amlc_02931,e_4908874,846198,1,illicit,1251,1251,1.0
HI-Small,2932,amlc_02932,e_4908875,846199,1,illicit,1251,1251,1.0
HI-Small,2933,amlc_02933,e_4908892,846216,0,hard_neg,363,363,1.0
HI-Small,2934,amlc_02934,e_4908905,846229,1,illicit,1251,1251,1.0
HI-Small,2935,amlc_02935,e_4908906,846230,1,illicit,1251,1251,1.0
HI-Small,2936,amlc_02936,e_4909274,846598,0,easy_t2,344779,713,483.5610098176718
HI-Small,2937,amlc_02937,e_4909966,847290,0,hard_neg,363,363,1.0
HI-Small,2938,amlc_02938,e_4910217,847541,0,easy_t1,334638,713,469.33800841514727
HI-Small,2939,amlc_02939,e_4911558,848882,0,easy_t2,344779,713,483.5610098176718
HI-Small,2940,amlc_02940,e_4911995,849319,0,easy_t3,334638,713,469.33800841514727
HI-Small,2941,amlc_02941,e_4912293,849617,0,easy_t3,334638,713,469.33800841514727
HI-Small,2942,amlc_02942,e_4912304,849628,0,easy_t1,334638,713,469.33800841514727
HI-Small,2943,amlc_02943,e_4912375,849699,0,easy_t2,344779,713,483.5610098176718
HI-Small,2944,amlc_02944,e_4912780,850104,0,easy_t3,334638,713,469.33800841514727
HI-Small,2945,amlc_02945,e_4912815,850139,0,easy_t3,334638,713,469.33800841514727
HI-Small,2946,amlc_02946,e_4912925,850249,0,easy_t2,344779,713,483.5610098176718
HI-Small,2947,amlc_02947,e_4913034,850358,1,illicit,1251,1251,1.0
HI-Small,2948,amlc_02948,e_4913036,850360,0,hard_neg,363,363,1.0
HI-Small,2949,amlc_02949,e_4913037,850361,1,illicit,1251,1251,1.0
HI-Small,2950,amlc_02950,e_4913039,850363,1,illicit,1251,1251,1.0
HI-Small,2951,amlc_02951,e_4913041,850365,1,illicit,1251,1251,1.0
HI-Small,2952,amlc_02952,e_4913088,850412,1,illicit,1251,1251,1.0
HI-Small,2953,amlc_02953,e_4913317,850641,0,easy_t3,334638,713,469.33800841514727
HI-Small,2954,amlc_02954,e_4913589,850913,0,easy_t1,334638,713,469.33800841514727
HI-Small,2955,amlc_02955,e_4914533,851857,0,easy_t1,334638,713,469.33800841514727
HI-Small,2956,amlc_02956,e_4914949,852273,0,easy_t3,334638,713,469.33800841514727
HI-Small,2957,amlc_02957,e_4914972,852296,1,illicit,1251,1251,1.0
HI-Small,2958,amlc_02958,e_4915672,852996,0,easy_t2,344779,713,483.5610098176718
HI-Small,2959,amlc_02959,e_4916584,853908,0,easy_t3,334638,713,469.33800841514727
HI-Small,2960,amlc_02960,e_4916750,854074,1,illicit,1251,1251,1.0
HI-Small,2961,amlc_02961,e_4917039,854363,1,illicit,1251,1251,1.0
HI-Small,2962,amlc_02962,e_4917040,854364,1,illicit,1251,1251,1.0
HI-Small,2963,amlc_02963,e_4917042,854366,1,illicit,1251,1251,1.0
HI-Small,2964,amlc_02964,e_4917043,854367,1,illicit,1251,1251,1.0
HI-Small,2965,amlc_02965,e_4917045,854369,1,illicit,1251,1251,1.0
HI-Small,2966,amlc_02966,e_4917046,854370,1,illicit,1251,1251,1.0
HI-Small,2967,amlc_02967,e_4917056,854380,1,illicit,1251,1251,1.0
HI-Small,2968,amlc_02968,e_4917057,854381,1,illicit,1251,1251,1.0
HI-Small,2969,amlc_02969,e_4917059,854383,1,illicit,1251,1251,1.0
HI-Small,2970,amlc_02970,e_4917061,854385,1,illicit,1251,1251,1.0
HI-Small,2971,amlc_02971,e_4917063,854387,1,illicit,1251,1251,1.0
HI-Small,2972,amlc_02972,e_4917065,854389,1,illicit,1251,1251,1.0
HI-Small,2973,amlc_02973,e_4917066,854390,1,illicit,1251,1251,1.0
HI-Small,2974,amlc_02974,e_4917505,854829,1,illicit,1251,1251,1.0
HI-Small,2975,amlc_02975,e_4917677,855001,0,easy_t2,344779,713,483.5610098176718
HI-Small,2976,amlc_02976,e_4917920,855244,1,illicit,1251,1251,1.0
HI-Small,2977,amlc_02977,e_4918220,855544,1,illicit,1251,1251,1.0
HI-Small,2978,amlc_02978,e_4919255,856579,0,hard_neg,363,363,1.0
HI-Small,2979,amlc_02979,e_4919361,856685,0,easy_t3,334638,713,469.33800841514727
HI-Small,2980,amlc_02980,e_4919472,856796,0,easy_t1,334638,713,469.33800841514727
HI-Small,2981,amlc_02981,e_4919671,856995,0,easy_t1,334638,713,469.33800841514727
HI-Small,2982,amlc_02982,e_4919897,857221,0,easy_t2,344779,713,483.5610098176718
HI-Small,2983,amlc_02983,e_4920188,857512,0,easy_t2,344779,713,483.5610098176718
HI-Small,2984,amlc_02984,e_4920360,857684,0,easy_t1,334638,713,469.33800841514727
HI-Small,2985,amlc_02985,e_4920380,857704,0,easy_t3,334638,713,469.33800841514727
HI-Small,2986,amlc_02986,e_4920749,858073,1,illicit,1251,1251,1.0
HI-Small,2987,amlc_02987,e_4921163,858487,1,illicit,1251,1251,1.0
HI-Small,2988,amlc_02988,e_4922447,859771,0,hard_neg,363,363,1.0
HI-Small,2989,amlc_02989,e_4922988,860312,0,easy_t2,344779,713,483.5610098176718
HI-Small,2990,amlc_02990,e_4923525,860849,0,easy_t1,334638,713,469.33800841514727
HI-Small,2991,amlc_02991,e_4923774,861098,0,easy_t2,344779,713,483.5610098176718
HI-Small,2992,amlc_02992,e_4924055,861379,1,illicit,1251,1251,1.0
HI-Small,2993,amlc_02993,e_4924123,861447,0,easy_t1,334638,713,469.33800841514727
HI-Small,2994,amlc_02994,e_4924127,861451,0,easy_t1,334638,713,469.33800841514727
HI-Small,2995,amlc_02995,e_4924349,861673,0,easy_t2,344779,713,483.5610098176718
HI-Small,2996,amlc_02996,e_4924619,861943,0,easy_t2,344779,713,483.5610098176718
HI-Small,2997,amlc_02997,e_4924793,862117,0,easy_t2,344779,713,483.5610098176718
HI-Small,2998,amlc_02998,e_4925269,862593,1,illicit,1251,1251,1.0
HI-Small,2999,amlc_02999,e_4925312,862636,1,illicit,1251,1251,1.0
HI-Small,3000,amlc_03000,e_4925469,862793,1,illicit,1251,1251,1.0
HI-Small,3001,amlc_03001,e_4925471,862795,1,illicit,1251,1251,1.0
HI-Small,3002,amlc_03002,e_4925473,862797,1,illicit,1251,1251,1.0
HI-Small,3003,amlc_03003,e_4925475,862799,1,illicit,1251,1251,1.0
HI-Small,3004,amlc_03004,e_4925477,862801,1,illicit,1251,1251,1.0
HI-Small,3005,amlc_03005,e_4925479,862803,1,illicit,1251,1251,1.0
HI-Small,3006,amlc_03006,e_4925481,862805,1,illicit,1251,1251,1.0
HI-Small,3007,amlc_03007,e_4925483,862807,1,illicit,1251,1251,1.0
HI-Small,3008,amlc_03008,e_4925485,862809,1,illicit,1251,1251,1.0
HI-Small,3009,amlc_03009,e_4925487,862811,1,illicit,1251,1251,1.0
HI-Small,3010,amlc_03010,e_4925611,862935,0,hard_neg,363,363,1.0
HI-Small,3011,amlc_03011,e_4927735,865059,0,easy_t3,334638,713,469.33800841514727
HI-Small,3012,amlc_03012,e_4928440,865764,0,easy_t1,334638,713,469.33800841514727
HI-Small,3013,amlc_03013,e_4928974,866298,0,easy_t1,334638,713,469.33800841514727
HI-Small,3014,amlc_03014,e_4929178,866502,1,illicit,1251,1251,1.0
HI-Small,3015,amlc_03015,e_4929268,866592,1,illicit,1251,1251,1.0
HI-Small,3016,amlc_03016,e_4929472,866796,0,easy_t1,334638,713,469.33800841514727
HI-Small,3017,amlc_03017,e_4929654,866978,1,illicit,1251,1251,1.0
HI-Small,3018,amlc_03018,e_4929655,866979,1,illicit,1251,1251,1.0
HI-Small,3019,amlc_03019,e_4929656,866980,1,illicit,1251,1251,1.0
HI-Small,3020,amlc_03020,e_4929657,866981,1,illicit,1251,1251,1.0
HI-Small,3021,amlc_03021,e_4929658,866982,1,illicit,1251,1251,1.0
HI-Small,3022,amlc_03022,e_4929659,866983,1,illicit,1251,1251,1.0
HI-Small,3023,amlc_03023,e_4929661,866985,1,illicit,1251,1251,1.0
HI-Small,3024,amlc_03024,e_4929663,866987,1,illicit,1251,1251,1.0
HI-Small,3025,amlc_03025,e_4930088,867412,0,easy_t2,344779,713,483.5610098176718
HI-Small,3026,amlc_03026,e_4933427,870751,0,easy_t2,344779,713,483.5610098176718
HI-Small,3027,amlc_03027,e_4933576,870900,0,easy_t3,334638,713,469.33800841514727
HI-Small,3028,amlc_03028,e_4933669,870993,0,easy_t3,334638,713,469.33800841514727
HI-Small,3029,amlc_03029,e_4934206,871530,0,hard_neg,363,363,1.0
HI-Small,3030,amlc_03030,e_4934423,871747,0,easy_t3,334638,713,469.33800841514727
HI-Small,3031,amlc_03031,e_4934597,871921,0,easy_t3,334638,713,469.33800841514727
HI-Small,3032,amlc_03032,e_4935061,872385,1,illicit,1251,1251,1.0
HI-Small,3033,amlc_03033,e_4935375,872699,0,easy_t2,344779,713,483.5610098176718
HI-Small,3034,amlc_03034,e_4935634,872958,0,easy_t1,334638,713,469.33800841514727
HI-Small,3035,amlc_03035,e_4936753,874077,0,easy_t2,344779,713,483.5610098176718
HI-Small,3036,amlc_03036,e_4937634,874958,0,easy_t2,344779,713,483.5610098176718
HI-Small,3037,amlc_03037,e_4938072,875396,1,illicit,1251,1251,1.0
HI-Small,3038,amlc_03038,e_4938328,875652,0,hard_neg,363,363,1.0
HI-Small,3039,amlc_03039,e_4938360,875684,1,illicit,1251,1251,1.0
HI-Small,3040,amlc_03040,e_4938392,875716,1,illicit,1251,1251,1.0
HI-Small,3041,amlc_03041,e_4938419,875743,1,illicit,1251,1251,1.0
HI-Small,3042,amlc_03042,e_4938491,875815,0,easy_t2,344779,713,483.5610098176718
HI-Small,3043,amlc_03043,e_4938954,876278,0,easy_t2,344779,713,483.5610098176718
HI-Small,3044,amlc_03044,e_4939036,876360,0,easy_t2,344779,713,483.5610098176718
HI-Small,3045,amlc_03045,e_4939862,877186,1,illicit,1251,1251,1.0
HI-Small,3046,amlc_03046,e_4940200,877524,0,easy_t1,334638,713,469.33800841514727
HI-Small,3047,amlc_03047,e_4940547,877871,0,easy_t1,334638,713,469.33800841514727
HI-Small,3048,amlc_03048,e_4940647,877971,0,easy_t2,344779,713,483.5610098176718
HI-Small,3049,amlc_03049,e_4940656,877980,0,easy_t3,334638,713,469.33800841514727
HI-Small,3050,amlc_03050,e_4940685,878009,1,illicit,1251,1251,1.0
HI-Small,3051,amlc_03051,e_4940812,878136,0,easy_t3,334638,713,469.33800841514727
HI-Small,3052,amlc_03052,e_4941118,878442,0,hard_neg,363,363,1.0
HI-Small,3053,amlc_03053,e_4941122,878446,0,easy_t3,334638,713,469.33800841514727
HI-Small,3054,amlc_03054,e_4941381,878705,0,easy_t1,334638,713,469.33800841514727
HI-Small,3055,amlc_03055,e_4941710,879034,1,illicit,1251,1251,1.0
HI-Small,3056,amlc_03056,e_4941711,879035,1,illicit,1251,1251,1.0
HI-Small,3057,amlc_03057,e_4941759,879083,0,easy_t2,344779,713,483.5610098176718
HI-Small,3058,amlc_03058,e_4942077,879401,0,easy_t1,334638,713,469.33800841514727
HI-Small,3059,amlc_03059,e_4942313,879637,0,easy_t1,334638,713,469.33800841514727
HI-Small,3060,amlc_03060,e_4942532,879856,0,easy_t1,334638,713,469.33800841514727
HI-Small,3061,amlc_03061,e_4942619,879943,0,easy_t2,344779,713,483.5610098176718
HI-Small,3062,amlc_03062,e_4942869,880193,1,illicit,1251,1251,1.0
HI-Small,3063,amlc_03063,e_4943404,880728,0,easy_t3,334638,713,469.33800841514727
HI-Small,3064,amlc_03064,e_4943406,880730,0,easy_t3,334638,713,469.33800841514727
HI-Small,3065,amlc_03065,e_4943839,881163,1,illicit,1251,1251,1.0
HI-Small,3066,amlc_03066,e_4944583,881907,0,easy_t1,334638,713,469.33800841514727
HI-Small,3067,amlc_03067,e_4944789,882113,0,easy_t3,334638,713,469.33800841514727
HI-Small,3068,amlc_03068,e_4944968,882292,1,illicit,1251,1251,1.0
HI-Small,3069,amlc_03069,e_4945221,882545,0,easy_t2,344779,713,483.5610098176718
HI-Small,3070,amlc_03070,e_4945226,882550,0,easy_t2,344779,713,483.5610098176718
HI-Small,3071,amlc_03071,e_4945469,882793,0,easy_t1,334638,713,469.33800841514727
HI-Small,3072,amlc_03072,e_4946272,883596,0,easy_t3,334638,713,469.33800841514727
HI-Small,3073,amlc_03073,e_4946540,883864,0,easy_t2,344779,713,483.5610098176718
HI-Small,3074,amlc_03074,e_4947447,884771,0,easy_t2,344779,713,483.5610098176718
HI-Small,3075,amlc_03075,e_4947561,884885,0,easy_t3,334638,713,469.33800841514727
HI-Small,3076,amlc_03076,e_4947754,885078,0,easy_t1,334638,713,469.33800841514727
HI-Small,3077,amlc_03077,e_4947934,885258,1,illicit,1251,1251,1.0
HI-Small,3078,amlc_03078,e_4948077,885401,0,easy_t2,344779,713,483.5610098176718
HI-Small,3079,amlc_03079,e_4948131,885455,0,easy_t1,334638,713,469.33800841514727
HI-Small,3080,amlc_03080,e_4948239,885563,0,easy_t1,334638,713,469.33800841514727
HI-Small,3081,amlc_03081,e_4948289,885613,0,easy_t2,344779,713,483.5610098176718
HI-Small,3082,amlc_03082,e_4948512,885836,0,easy_t2,344779,713,483.5610098176718
HI-Small,3083,amlc_03083,e_4949001,886325,0,easy_t2,344779,713,483.5610098176718
HI-Small,3084,amlc_03084,e_4949134,886458,1,illicit,1251,1251,1.0
HI-Small,3085,amlc_03085,e_4949359,886683,0,easy_t3,334638,713,469.33800841514727
HI-Small,3086,amlc_03086,e_4949886,887210,1,illicit,1251,1251,1.0
HI-Small,3087,amlc_03087,e_4950001,887325,0,easy_t1,334638,713,469.33800841514727
HI-Small,3088,amlc_03088,e_4950246,887570,0,easy_t1,334638,713,469.33800841514727
HI-Small,3089,amlc_03089,e_4950340,887664,1,illicit,1251,1251,1.0
HI-Small,3090,amlc_03090,e_4950369,887693,0,easy_t1,334638,713,469.33800841514727
HI-Small,3091,amlc_03091,e_4950486,887810,0,easy_t2,344779,713,483.5610098176718
HI-Small,3092,amlc_03092,e_4950535,887859,0,easy_t2,344779,713,483.5610098176718
HI-Small,3093,amlc_03093,e_4951126,888450,1,illicit,1251,1251,1.0
HI-Small,3094,amlc_03094,e_4951314,888638,1,illicit,1251,1251,1.0
HI-Small,3095,amlc_03095,e_4951340,888664,1,illicit,1251,1251,1.0
HI-Small,3096,amlc_03096,e_4951394,888718,1,illicit,1251,1251,1.0
HI-Small,3097,amlc_03097,e_4951770,889094,0,easy_t2,344779,713,483.5610098176718
HI-Small,3098,amlc_03098,e_4952299,889623,0,easy_t3,334638,713,469.33800841514727
HI-Small,3099,amlc_03099,e_4952968,890292,0,easy_t1,334638,713,469.33800841514727
HI-Small,3100,amlc_03100,e_4953081,890405,0,easy_t1,334638,713,469.33800841514727
HI-Small,3101,amlc_03101,e_4953123,890447,0,easy_t2,344779,713,483.5610098176718
HI-Small,3102,amlc_03102,e_4953325,890649,0,easy_t1,334638,713,469.33800841514727
HI-Small,3103,amlc_03103,e_4953355,890679,0,easy_t3,334638,713,469.33800841514727
HI-Small,3104,amlc_03104,e_4953638,890962,1,illicit,1251,1251,1.0
HI-Small,3105,amlc_03105,e_4953781,891105,0,easy_t1,334638,713,469.33800841514727
HI-Small,3106,amlc_03106,e_4953908,891232,1,illicit,1251,1251,1.0
HI-Small,3107,amlc_03107,e_4954091,891415,0,hard_neg,363,363,1.0
HI-Small,3108,amlc_03108,e_4954131,891455,0,hard_neg,363,363,1.0
HI-Small,3109,amlc_03109,e_4954191,891515,1,illicit,1251,1251,1.0
HI-Small,3110,amlc_03110,e_4954193,891517,1,illicit,1251,1251,1.0
HI-Small,3111,amlc_03111,e_4954195,891519,1,illicit,1251,1251,1.0
HI-Small,3112,amlc_03112,e_4954197,891521,1,illicit,1251,1251,1.0
HI-Small,3113,amlc_03113,e_4954198,891522,1,illicit,1251,1251,1.0
HI-Small,3114,amlc_03114,e_4954200,891524,1,illicit,1251,1251,1.0
HI-Small,3115,amlc_03115,e_4954202,891526,1,illicit,1251,1251,1.0
HI-Small,3116,amlc_03116,e_4954203,891527,1,illicit,1251,1251,1.0
HI-Small,3117,amlc_03117,e_4954265,891589,0,easy_t2,344779,713,483.5610098176718
HI-Small,3118,amlc_03118,e_4954406,891730,1,illicit,1251,1251,1.0
HI-Small,3119,amlc_03119,e_4955103,892427,0,easy_t1,334638,713,469.33800841514727
HI-Small,3120,amlc_03120,e_4955230,892554,0,easy_t1,334638,713,469.33800841514727
HI-Small,3121,amlc_03121,e_4956826,894150,0,easy_t1,334638,713,469.33800841514727
HI-Small,3122,amlc_03122,e_4956840,894164,0,easy_t3,334638,713,469.33800841514727
HI-Small,3123,amlc_03123,e_4957129,894453,0,easy_t1,334638,713,469.33800841514727
HI-Small,3124,amlc_03124,e_4957258,894582,0,easy_t2,344779,713,483.5610098176718
HI-Small,3125,amlc_03125,e_4958146,895470,1,illicit,1251,1251,1.0
HI-Small,3126,amlc_03126,e_4958147,895471,1,illicit,1251,1251,1.0
HI-Small,3127,amlc_03127,e_4958148,895472,1,illicit,1251,1251,1.0
HI-Small,3128,amlc_03128,e_4958149,895473,1,illicit,1251,1251,1.0
HI-Small,3129,amlc_03129,e_4958150,895474,1,illicit,1251,1251,1.0
HI-Small,3130,amlc_03130,e_4958151,895475,1,illicit,1251,1251,1.0
HI-Small,3131,amlc_03131,e_4958153,895477,1,illicit,1251,1251,1.0
HI-Small,3132,amlc_03132,e_4958154,895478,1,illicit,1251,1251,1.0
HI-Small,3133,amlc_03133,e_4958155,895479,1,illicit,1251,1251,1.0
HI-Small,3134,amlc_03134,e_4958156,895480,1,illicit,1251,1251,1.0
HI-Small,3135,amlc_03135,e_4958157,895481,1,illicit,1251,1251,1.0
HI-Small,3136,amlc_03136,e_4958158,895482,1,illicit,1251,1251,1.0
HI-Small,3137,amlc_03137,e_4958159,895483,1,illicit,1251,1251,1.0
HI-Small,3138,amlc_03138,e_4958160,895484,1,illicit,1251,1251,1.0
HI-Small,3139,amlc_03139,e_4958161,895485,1,illicit,1251,1251,1.0
HI-Small,3140,amlc_03140,e_4958528,895852,0,easy_t1,334638,713,469.33800841514727
HI-Small,3141,amlc_03141,e_4958738,896062,0,easy_t1,334638,713,469.33800841514727
HI-Small,3142,amlc_03142,e_4959145,896469,0,easy_t1,334638,713,469.33800841514727
HI-Small,3143,amlc_03143,e_4959655,896979,0,easy_t1,334638,713,469.33800841514727
HI-Small,3144,amlc_03144,e_4959882,897206,0,easy_t2,344779,713,483.5610098176718
HI-Small,3145,amlc_03145,e_4960337,897661,0,easy_t1,334638,713,469.33800841514727
HI-Small,3146,amlc_03146,e_4960908,898232,0,easy_t3,334638,713,469.33800841514727
HI-Small,3147,amlc_03147,e_4961679,899003,1,illicit,1251,1251,1.0
HI-Small,3148,amlc_03148,e_4962204,899528,1,illicit,1251,1251,1.0
HI-Small,3149,amlc_03149,e_4962206,899530,1,illicit,1251,1251,1.0
HI-Small,3150,amlc_03150,e_4962207,899531,1,illicit,1251,1251,1.0
HI-Small,3151,amlc_03151,e_4962208,899532,1,illicit,1251,1251,1.0
HI-Small,3152,amlc_03152,e_4962210,899534,1,illicit,1251,1251,1.0
HI-Small,3153,amlc_03153,e_4962212,899536,1,illicit,1251,1251,1.0
HI-Small,3154,amlc_03154,e_4962214,899538,1,illicit,1251,1251,1.0
HI-Small,3155,amlc_03155,e_4962215,899539,1,illicit,1251,1251,1.0
HI-Small,3156,amlc_03156,e_4962216,899540,1,illicit,1251,1251,1.0
HI-Small,3157,amlc_03157,e_4962217,899541,1,illicit,1251,1251,1.0
HI-Small,3158,amlc_03158,e_4962218,899542,1,illicit,1251,1251,1.0
HI-Small,3159,amlc_03159,e_4962220,899544,1,illicit,1251,1251,1.0
HI-Small,3160,amlc_03160,e_4962222,899546,1,illicit,1251,1251,1.0
HI-Small,3161,amlc_03161,e_4962223,899547,1,illicit,1251,1251,1.0
HI-Small,3162,amlc_03162,e_4962225,899549,1,illicit,1251,1251,1.0
HI-Small,3163,amlc_03163,e_4962226,899550,1,illicit,1251,1251,1.0
HI-Small,3164,amlc_03164,e_4962228,899552,1,illicit,1251,1251,1.0
HI-Small,3165,amlc_03165,e_4962229,899553,1,illicit,1251,1251,1.0
HI-Small,3166,amlc_03166,e_4962230,899554,1,illicit,1251,1251,1.0
HI-Small,3167,amlc_03167,e_4962232,899556,1,illicit,1251,1251,1.0
HI-Small,3168,amlc_03168,e_4962233,899557,1,illicit,1251,1251,1.0
HI-Small,3169,amlc_03169,e_4962234,899558,1,illicit,1251,1251,1.0
HI-Small,3170,amlc_03170,e_4963029,900353,1,illicit,1251,1251,1.0
HI-Small,3171,amlc_03171,e_4963577,900901,0,easy_t2,344779,713,483.5610098176718
HI-Small,3172,amlc_03172,e_4964474,901798,1,illicit,1251,1251,1.0
HI-Small,3173,amlc_03173,e_4964783,902107,0,easy_t3,334638,713,469.33800841514727
HI-Small,3174,amlc_03174,e_4965749,903073,0,easy_t2,344779,713,483.5610098176718
HI-Small,3175,amlc_03175,e_4965769,903093,1,illicit,1251,1251,1.0
HI-Small,3176,amlc_03176,e_4965838,903162,0,easy_t2,344779,713,483.5610098176718
HI-Small,3177,amlc_03177,e_4966451,903775,0,easy_t1,334638,713,469.33800841514727
HI-Small,3178,amlc_03178,e_4966580,903904,0,easy_t2,344779,713,483.5610098176718
HI-Small,3179,amlc_03179,e_4966839,904163,0,easy_t1,334638,713,469.33800841514727
HI-Small,3180,amlc_03180,e_4966897,904221,1,illicit,1251,1251,1.0
HI-Small,3181,amlc_03181,e_4966987,904311,0,easy_t1,334638,713,469.33800841514727
HI-Small,3182,amlc_03182,e_4967324,904648,0,easy_t1,334638,713,469.33800841514727
HI-Small,3183,amlc_03183,e_4968354,905678,0,easy_t1,334638,713,469.33800841514727
HI-Small,3184,amlc_03184,e_4968968,906292,1,illicit,1251,1251,1.0
HI-Small,3185,amlc_03185,e_4969152,906476,0,easy_t1,334638,713,469.33800841514727
HI-Small,3186,amlc_03186,e_4970445,907769,0,easy_t1,334638,713,469.33800841514727
HI-Small,3187,amlc_03187,e_4970460,907784,0,easy_t1,334638,713,469.33800841514727
HI-Small,3188,amlc_03188,e_4970605,907929,1,illicit,1251,1251,1.0
HI-Small,3189,amlc_03189,e_4971303,908627,0,easy_t2,344779,713,483.5610098176718
HI-Small,3190,amlc_03190,e_4971619,908943,0,easy_t1,334638,713,469.33800841514727
HI-Small,3191,amlc_03191,e_4971884,909208,0,easy_t2,344779,713,483.5610098176718
HI-Small,3192,amlc_03192,e_4972244,909568,0,easy_t3,334638,713,469.33800841514727
HI-Small,3193,amlc_03193,e_4972292,909616,0,easy_t3,334638,713,469.33800841514727
HI-Small,3194,amlc_03194,e_4972620,909944,0,easy_t1,334638,713,469.33800841514727
HI-Small,3195,amlc_03195,e_4972658,909982,1,illicit,1251,1251,1.0
HI-Small,3196,amlc_03196,e_4972787,910111,0,easy_t1,334638,713,469.33800841514727
HI-Small,3197,amlc_03197,e_4973024,910348,1,illicit,1251,1251,1.0
HI-Small,3198,amlc_03198,e_4973397,910721,0,easy_t2,344779,713,483.5610098176718
HI-Small,3199,amlc_03199,e_4974260,911584,1,illicit,1251,1251,1.0
HI-Small,3200,amlc_03200,e_4974330,911654,0,easy_t1,334638,713,469.33800841514727
HI-Small,3201,amlc_03201,e_4974359,911683,1,illicit,1251,1251,1.0
HI-Small,3202,amlc_03202,e_4974361,911685,1,illicit,1251,1251,1.0
HI-Small,3203,amlc_03203,e_4974363,911687,1,illicit,1251,1251,1.0
HI-Small,3204,amlc_03204,e_4974365,911689,1,illicit,1251,1251,1.0
HI-Small,3205,amlc_03205,e_4974367,911691,1,illicit,1251,1251,1.0
HI-Small,3206,amlc_03206,e_4974369,911693,1,illicit,1251,1251,1.0
HI-Small,3207,amlc_03207,e_4974593,911917,1,illicit,1251,1251,1.0
HI-Small,3208,amlc_03208,e_4975373,912697,0,easy_t1,334638,713,469.33800841514727
HI-Small,3209,amlc_03209,e_4975748,913072,1,illicit,1251,1251,1.0
HI-Small,3210,amlc_03210,e_4976052,913376,1,illicit,1251,1251,1.0
HI-Small,3211,amlc_03211,e_4976167,913491,1,illicit,1251,1251,1.0
HI-Small,3212,amlc_03212,e_4976947,914271,0,easy_t3,334638,713,469.33800841514727
HI-Small,3213,amlc_03213,e_4977089,914413,0,easy_t2,344779,713,483.5610098176718
HI-Small,3214,amlc_03214,e_4977104,914428,1,illicit,1251,1251,1.0
HI-Small,3215,amlc_03215,e_4977141,914465,0,easy_t2,344779,713,483.5610098176718
HI-Small,3216,amlc_03216,e_4977225,914549,0,easy_t2,344779,713,483.5610098176718
HI-Small,3217,amlc_03217,e_4977624,914948,1,illicit,1251,1251,1.0
HI-Small,3218,amlc_03218,e_4977840,915164,0,easy_t1,334638,713,469.33800841514727
HI-Small,3219,amlc_03219,e_4978052,915376,0,easy_t3,334638,713,469.33800841514727
HI-Small,3220,amlc_03220,e_4978182,915506,1,illicit,1251,1251,1.0
HI-Small,3221,amlc_03221,e_4978224,915548,0,easy_t2,344779,713,483.5610098176718
HI-Small,3222,amlc_03222,e_4978358,915682,1,illicit,1251,1251,1.0
HI-Small,3223,amlc_03223,e_4978359,915683,1,illicit,1251,1251,1.0
HI-Small,3224,amlc_03224,e_4978361,915685,1,illicit,1251,1251,1.0
HI-Small,3225,amlc_03225,e_4978363,915687,1,illicit,1251,1251,1.0
HI-Small,3226,amlc_03226,e_4978364,915688,1,illicit,1251,1251,1.0
HI-Small,3227,amlc_03227,e_4978366,915690,1,illicit,1251,1251,1.0
HI-Small,3228,amlc_03228,e_4978368,915692,1,illicit,1251,1251,1.0
HI-Small,3229,amlc_03229,e_4978369,915693,1,illicit,1251,1251,1.0
HI-Small,3230,amlc_03230,e_4978371,915695,1,illicit,1251,1251,1.0
HI-Small,3231,amlc_03231,e_4978690,916014,1,illicit,1251,1251,1.0
HI-Small,3232,amlc_03232,e_4978926,916250,0,easy_t3,334638,713,469.33800841514727
HI-Small,3233,amlc_03233,e_4979383,916707,0,easy_t2,344779,713,483.5610098176718
HI-Small,3234,amlc_03234,e_4979474,916798,0,easy_t2,344779,713,483.5610098176718
HI-Small,3235,amlc_03235,e_4979578,916902,0,easy_t1,334638,713,469.33800841514727
HI-Small,3236,amlc_03236,e_4979791,917115,0,easy_t2,344779,713,483.5610098176718
HI-Small,3237,amlc_03237,e_4979795,917119,0,easy_t1,334638,713,469.33800841514727
HI-Small,3238,amlc_03238,e_4980004,917328,0,easy_t1,334638,713,469.33800841514727
HI-Small,3239,amlc_03239,e_4980569,917893,0,easy_t3,334638,713,469.33800841514727
HI-Small,3240,amlc_03240,e_4980601,917925,0,easy_t3,334638,713,469.33800841514727
HI-Small,3241,amlc_03241,e_4980908,918232,0,easy_t2,344779,713,483.5610098176718
HI-Small,3242,amlc_03242,e_4981579,918903,0,easy_t2,344779,713,483.5610098176718
HI-Small,3243,amlc_03243,e_4981667,918991,1,illicit,1251,1251,1.0
HI-Small,3244,amlc_03244,e_4981694,919018,0,easy_t3,334638,713,469.33800841514727
HI-Small,3245,amlc_03245,e_4981918,919242,0,easy_t2,344779,713,483.5610098176718
HI-Small,3246,amlc_03246,e_4982404,919728,1,illicit,1251,1251,1.0
HI-Small,3247,amlc_03247,e_4982406,919730,1,illicit,1251,1251,1.0
HI-Small,3248,amlc_03248,e_4982407,919731,1,illicit,1251,1251,1.0
HI-Small,3249,amlc_03249,e_4982409,919733,1,illicit,1251,1251,1.0
HI-Small,3250,amlc_03250,e_4982411,919735,1,illicit,1251,1251,1.0
HI-Small,3251,amlc_03251,e_4982413,919737,1,illicit,1251,1251,1.0
HI-Small,3252,amlc_03252,e_4982414,919738,1,illicit,1251,1251,1.0
HI-Small,3253,amlc_03253,e_4982416,919740,1,illicit,1251,1251,1.0
HI-Small,3254,amlc_03254,e_4982418,919742,1,illicit,1251,1251,1.0
HI-Small,3255,amlc_03255,e_4982420,919744,1,illicit,1251,1251,1.0
HI-Small,3256,amlc_03256,e_4982421,919745,1,illicit,1251,1251,1.0
HI-Small,3257,amlc_03257,e_4982423,919747,1,illicit,1251,1251,1.0
HI-Small,3258,amlc_03258,e_4982424,919748,1,illicit,1251,1251,1.0
HI-Small,3259,amlc_03259,e_4982503,919827,0,easy_t2,344779,713,483.5610098176718
HI-Small,3260,amlc_03260,e_4982555,919879,0,hard_neg,363,363,1.0
HI-Small,3261,amlc_03261,e_4983073,920397,0,easy_t1,334638,713,469.33800841514727
HI-Small,3262,amlc_03262,e_4983148,920472,0,easy_t1,334638,713,469.33800841514727
HI-Small,3263,amlc_03263,e_4983236,920560,0,easy_t1,334638,713,469.33800841514727
HI-Small,3264,amlc_03264,e_4983411,920735,0,easy_t3,334638,713,469.33800841514727
HI-Small,3265,amlc_03265,e_4984889,922213,0,easy_t1,334638,713,469.33800841514727
HI-Small,3266,amlc_03266,e_4984928,922252,1,illicit,1251,1251,1.0
HI-Small,3267,amlc_03267,e_4985704,923028,1,illicit,1251,1251,1.0
HI-Small,3268,amlc_03268,e_4986147,923471,0,easy_t1,334638,713,469.33800841514727
HI-Small,3269,amlc_03269,e_4986475,923799,1,illicit,1251,1251,1.0
HI-Small,3270,amlc_03270,e_4987042,924366,0,easy_t1,334638,713,469.33800841514727
HI-Small,3271,amlc_03271,e_4987201,924525,0,easy_t1,334638,713,469.33800841514727
HI-Small,3272,amlc_03272,e_4987858,925182,0,easy_t2,344779,713,483.5610098176718
HI-Small,3273,amlc_03273,e_4988120,925444,0,easy_t2,344779,713,483.5610098176718
HI-Small,3274,amlc_03274,e_4988223,925547,0,easy_t2,344779,713,483.5610098176718
HI-Small,3275,amlc_03275,e_4988302,925626,1,illicit,1251,1251,1.0
HI-Small,3276,amlc_03276,e_4988506,925830,0,easy_t3,334638,713,469.33800841514727
HI-Small,3277,amlc_03277,e_4989150,926474,1,illicit,1251,1251,1.0
HI-Small,3278,amlc_03278,e_4989367,926691,0,easy_t2,344779,713,483.5610098176718
HI-Small,3279,amlc_03279,e_4990190,927514,0,easy_t3,334638,713,469.33800841514727
HI-Small,3280,amlc_03280,e_4990366,927690,1,illicit,1251,1251,1.0
HI-Small,3281,amlc_03281,e_4990465,927789,0,easy_t1,334638,713,469.33800841514727
HI-Small,3282,amlc_03282,e_4990791,928115,1,illicit,1251,1251,1.0
HI-Small,3283,amlc_03283,e_4990850,928174,1,illicit,1251,1251,1.0
HI-Small,3284,amlc_03284,e_4990908,928232,0,easy_t3,334638,713,469.33800841514727
HI-Small,3285,amlc_03285,e_4990999,928323,0,easy_t2,344779,713,483.5610098176718
HI-Small,3286,amlc_03286,e_4991107,928431,0,easy_t1,334638,713,469.33800841514727
HI-Small,3287,amlc_03287,e_4991600,928924,0,easy_t1,334638,713,469.33800841514727
HI-Small,3288,amlc_03288,e_4992090,929414,1,illicit,1251,1251,1.0
HI-Small,3289,amlc_03289,e_4992091,929415,1,illicit,1251,1251,1.0
HI-Small,3290,amlc_03290,e_4992092,929416,1,illicit,1251,1251,1.0
HI-Small,3291,amlc_03291,e_4992093,929417,1,illicit,1251,1251,1.0
HI-Small,3292,amlc_03292,e_4992095,929419,1,illicit,1251,1251,1.0
HI-Small,3293,amlc_03293,e_4992097,929421,1,illicit,1251,1251,1.0
HI-Small,3294,amlc_03294,e_4992098,929422,1,illicit,1251,1251,1.0
HI-Small,3295,amlc_03295,e_4992099,929423,1,illicit,1251,1251,1.0
HI-Small,3296,amlc_03296,e_4992152,929476,0,easy_t1,334638,713,469.33800841514727
HI-Small,3297,amlc_03297,e_4992313,929637,0,hard_neg,363,363,1.0
HI-Small,3298,amlc_03298,e_4992680,930004,0,easy_t2,344779,713,483.5610098176718
HI-Small,3299,amlc_03299,e_4992951,930275,0,easy_t3,334638,713,469.33800841514727
HI-Small,3300,amlc_03300,e_4993013,930337,1,illicit,1251,1251,1.0
HI-Small,3301,amlc_03301,e_4993435,930759,1,illicit,1251,1251,1.0
HI-Small,3302,amlc_03302,e_4993582,930906,0,easy_t1,334638,713,469.33800841514727
HI-Small,3303,amlc_03303,e_4994616,931940,0,easy_t1,334638,713,469.33800841514727
HI-Small,3304,amlc_03304,e_4994711,932035,0,easy_t2,344779,713,483.5610098176718
HI-Small,3305,amlc_03305,e_4994776,932100,0,easy_t3,334638,713,469.33800841514727
HI-Small,3306,amlc_03306,e_4995158,932482,1,illicit,1251,1251,1.0
HI-Small,3307,amlc_03307,e_4995233,932557,1,illicit,1251,1251,1.0
HI-Small,3308,amlc_03308,e_4995329,932653,0,easy_t1,334638,713,469.33800841514727
HI-Small,3309,amlc_03309,e_4995451,932775,0,easy_t2,344779,713,483.5610098176718
HI-Small,3310,amlc_03310,e_4995894,933218,0,hard_neg,363,363,1.0
HI-Small,3311,amlc_03311,e_4996271,933595,0,easy_t2,344779,713,483.5610098176718
HI-Small,3312,amlc_03312,e_4996353,933677,1,illicit,1251,1251,1.0
HI-Small,3313,amlc_03313,e_4996444,933768,0,easy_t1,334638,713,469.33800841514727
HI-Small,3314,amlc_03314,e_4996522,933846,0,easy_t2,344779,713,483.5610098176718
HI-Small,3315,amlc_03315,e_4996540,933864,1,illicit,1251,1251,1.0
HI-Small,3316,amlc_03316,e_4996793,934117,0,easy_t1,334638,713,469.33800841514727
HI-Small,3317,amlc_03317,e_4996919,934243,0,easy_t2,344779,713,483.5610098176718
HI-Small,3318,amlc_03318,e_4997565,934889,0,easy_t1,334638,713,469.33800841514727
HI-Small,3319,amlc_03319,e_4998317,935641,0,hard_neg,363,363,1.0
HI-Small,3320,amlc_03320,e_4998318,935642,0,hard_neg,363,363,1.0
HI-Small,3321,amlc_03321,e_4998319,935643,0,hard_neg,363,363,1.0
HI-Small,3322,amlc_03322,e_4998320,935644,0,hard_neg,363,363,1.0
HI-Small,3323,amlc_03323,e_4998321,935645,0,hard_neg,363,363,1.0
HI-Small,3324,amlc_03324,e_4998323,935647,0,hard_neg,363,363,1.0
HI-Small,3325,amlc_03325,e_4998324,935648,0,hard_neg,363,363,1.0
HI-Small,3326,amlc_03326,e_4999163,936487,0,easy_t2,344779,713,483.5610098176718
HI-Small,3327,amlc_03327,e_4999529,936853,0,easy_t3,334638,713,469.33800841514727
HI-Small,3328,amlc_03328,e_4999889,937213,0,easy_t1,334638,713,469.33800841514727
HI-Small,3329,amlc_03329,e_4999998,937322,0,easy_t3,334638,713,469.33800841514727
HI-Small,3330,amlc_03330,e_5000818,938142,0,easy_t1,334638,713,469.33800841514727
HI-Small,3331,amlc_03331,e_5000952,938276,0,easy_t1,334638,713,469.33800841514727
HI-Small,3332,amlc_03332,e_5002538,939862,0,easy_t1,334638,713,469.33800841514727
HI-Small,3333,amlc_03333,e_5002553,939877,0,easy_t2,344779,713,483.5610098176718
HI-Small,3334,amlc_03334,e_5002961,940285,1,illicit,1251,1251,1.0
HI-Small,3335,amlc_03335,e_5003133,940457,0,easy_t2,344779,713,483.5610098176718
HI-Small,3336,amlc_03336,e_5003635,940959,0,easy_t2,344779,713,483.5610098176718
HI-Small,3337,amlc_03337,e_5003717,941041,1,illicit,1251,1251,1.0
HI-Small,3338,amlc_03338,e_5003718,941042,1,illicit,1251,1251,1.0
HI-Small,3339,amlc_03339,e_5003719,941043,1,illicit,1251,1251,1.0
HI-Small,3340,amlc_03340,e_5003720,941044,1,illicit,1251,1251,1.0
HI-Small,3341,amlc_03341,e_5003722,941046,1,illicit,1251,1251,1.0
HI-Small,3342,amlc_03342,e_5003723,941047,1,illicit,1251,1251,1.0
HI-Small,3343,amlc_03343,e_5003724,941048,1,illicit,1251,1251,1.0
HI-Small,3344,amlc_03344,e_5003725,941049,1,illicit,1251,1251,1.0
HI-Small,3345,amlc_03345,e_5003726,941050,1,illicit,1251,1251,1.0
HI-Small,3346,amlc_03346,e_5004013,941337,0,easy_t1,334638,713,469.33800841514727
HI-Small,3347,amlc_03347,e_5004587,941911,0,easy_t3,334638,713,469.33800841514727
HI-Small,3348,amlc_03348,e_5004922,942246,0,easy_t3,334638,713,469.33800841514727
HI-Small,3349,amlc_03349,e_5004928,942252,1,illicit,1251,1251,1.0
HI-Small,3350,amlc_03350,e_5005140,942464,0,easy_t1,334638,713,469.33800841514727
HI-Small,3351,amlc_03351,e_5005354,942678,0,hard_neg,363,363,1.0
HI-Small,3352,amlc_03352,e_5005949,943273,1,illicit,1251,1251,1.0
HI-Small,3353,amlc_03353,e_5005950,943274,1,illicit,1251,1251,1.0
HI-Small,3354,amlc_03354,e_5005952,943276,1,illicit,1251,1251,1.0
HI-Small,3355,amlc_03355,e_5005953,943277,1,illicit,1251,1251,1.0
HI-Small,3356,amlc_03356,e_5005954,943278,1,illicit,1251,1251,1.0
HI-Small,3357,amlc_03357,e_5005956,943280,1,illicit,1251,1251,1.0
HI-Small,3358,amlc_03358,e_5005957,943281,1,illicit,1251,1251,1.0
HI-Small,3359,amlc_03359,e_5005959,943283,1,illicit,1251,1251,1.0
HI-Small,3360,amlc_03360,e_5005960,943284,1,illicit,1251,1251,1.0
HI-Small,3361,amlc_03361,e_5005962,943286,1,illicit,1251,1251,1.0
HI-Small,3362,amlc_03362,e_5005964,943288,1,illicit,1251,1251,1.0
HI-Small,3363,amlc_03363,e_5005965,943289,1,illicit,1251,1251,1.0
HI-Small,3364,amlc_03364,e_5005967,943291,1,illicit,1251,1251,1.0
HI-Small,3365,amlc_03365,e_5006287,943611,1,illicit,1251,1251,1.0
HI-Small,3366,amlc_03366,e_5006332,943656,1,illicit,1251,1251,1.0
HI-Small,3367,amlc_03367,e_5006553,943877,0,easy_t2,344779,713,483.5610098176718
HI-Small,3368,amlc_03368,e_5006703,944027,1,illicit,1251,1251,1.0
HI-Small,3369,amlc_03369,e_5006772,944096,1,illicit,1251,1251,1.0
HI-Small,3370,amlc_03370,e_5006855,944179,0,easy_t2,344779,713,483.5610098176718
HI-Small,3371,amlc_03371,e_5008005,945329,0,easy_t2,344779,713,483.5610098176718
HI-Small,3372,amlc_03372,e_5008148,945472,0,hard_neg,363,363,1.0
HI-Small,3373,amlc_03373,e_5008210,945534,1,illicit,1251,1251,1.0
HI-Small,3374,amlc_03374,e_5008609,945933,0,easy_t3,334638,713,469.33800841514727
HI-Small,3375,amlc_03375,e_5009060,946384,0,hard_neg,363,363,1.0
HI-Small,3376,amlc_03376,e_5009061,946385,0,hard_neg,363,363,1.0
HI-Small,3377,amlc_03377,e_5009167,946491,0,easy_t1,334638,713,469.33800841514727
HI-Small,3378,amlc_03378,e_5009355,946679,1,illicit,1251,1251,1.0
HI-Small,3379,amlc_03379,e_5009776,947100,0,easy_t2,344779,713,483.5610098176718
HI-Small,3380,amlc_03380,e_5009957,947281,0,easy_t2,344779,713,483.5610098176718
HI-Small,3381,amlc_03381,e_5010011,947335,1,illicit,1251,1251,1.0
HI-Small,3382,amlc_03382,e_5010246,947570,1,illicit,1251,1251,1.0
HI-Small,3383,amlc_03383,e_5010360,947684,0,easy_t2,344779,713,483.5610098176718
HI-Small,3384,amlc_03384,e_5011715,949039,0,hard_neg,363,363,1.0
HI-Small,3385,amlc_03385,e_5011719,949043,0,easy_t2,344779,713,483.5610098176718
HI-Small,3386,amlc_03386,e_5011780,949104,1,illicit,1251,1251,1.0
HI-Small,3387,amlc_03387,e_5011781,949105,1,illicit,1251,1251,1.0
HI-Small,3388,amlc_03388,e_5011783,949107,1,illicit,1251,1251,1.0
HI-Small,3389,amlc_03389,e_5011784,949108,1,illicit,1251,1251,1.0
HI-Small,3390,amlc_03390,e_5011785,949109,1,illicit,1251,1251,1.0
HI-Small,3391,amlc_03391,e_5011786,949110,1,illicit,1251,1251,1.0
HI-Small,3392,amlc_03392,e_5011787,949111,1,illicit,1251,1251,1.0
HI-Small,3393,amlc_03393,e_5011788,949112,1,illicit,1251,1251,1.0
HI-Small,3394,amlc_03394,e_5011789,949113,1,illicit,1251,1251,1.0
HI-Small,3395,amlc_03395,e_5011790,949114,1,illicit,1251,1251,1.0
HI-Small,3396,amlc_03396,e_5012132,949456,1,illicit,1251,1251,1.0
HI-Small,3397,amlc_03397,e_5012494,949818,0,easy_t1,334638,713,469.33800841514727
HI-Small,3398,amlc_03398,e_5013370,950694,0,easy_t1,334638,713,469.33800841514727
HI-Small,3399,amlc_03399,e_5013435,950759,0,easy_t3,334638,713,469.33800841514727
HI-Small,3400,amlc_03400,e_5013533,950857,0,easy_t2,344779,713,483.5610098176718
HI-Small,3401,amlc_03401,e_5013784,951108,0,easy_t1,334638,713,469.33800841514727
HI-Small,3402,amlc_03402,e_5014056,951380,1,illicit,1251,1251,1.0
HI-Small,3403,amlc_03403,e_5014057,951381,1,illicit,1251,1251,1.0
HI-Small,3404,amlc_03404,e_5014414,951738,0,easy_t1,334638,713,469.33800841514727
HI-Small,3405,amlc_03405,e_5014946,952270,1,illicit,1251,1251,1.0
HI-Small,3406,amlc_03406,e_5014948,952272,1,illicit,1251,1251,1.0
HI-Small,3407,amlc_03407,e_5014969,952293,0,easy_t1,334638,713,469.33800841514727
HI-Small,3408,amlc_03408,e_5015071,952395,0,easy_t3,334638,713,469.33800841514727
HI-Small,3409,amlc_03409,e_5015641,952965,0,easy_t2,344779,713,483.5610098176718
HI-Small,3410,amlc_03410,e_5015935,953259,0,easy_t2,344779,713,483.5610098176718
HI-Small,3411,amlc_03411,e_5016190,953514,0,easy_t1,334638,713,469.33800841514727
HI-Small,3412,amlc_03412,e_5016687,954011,0,easy_t2,344779,713,483.5610098176718
HI-Small,3413,amlc_03413,e_5016851,954175,0,easy_t1,334638,713,469.33800841514727
HI-Small,3414,amlc_03414,e_5017834,955158,0,easy_t2,344779,713,483.5610098176718
HI-Small,3415,amlc_03415,e_5018076,955400,0,easy_t3,334638,713,469.33800841514727
HI-Small,3416,amlc_03416,e_5018222,955546,1,illicit,1251,1251,1.0
HI-Small,3417,amlc_03417,e_5018224,955548,1,illicit,1251,1251,1.0
HI-Small,3418,amlc_03418,e_5018226,955550,1,illicit,1251,1251,1.0
HI-Small,3419,amlc_03419,e_5018227,955551,1,illicit,1251,1251,1.0
HI-Small,3420,amlc_03420,e_5018229,955553,1,illicit,1251,1251,1.0
HI-Small,3421,amlc_03421,e_5018230,955554,0,hard_neg,363,363,1.0
HI-Small,3422,amlc_03422,e_5018231,955555,1,illicit,1251,1251,1.0
HI-Small,3423,amlc_03423,e_5018233,955557,1,illicit,1251,1251,1.0
HI-Small,3424,amlc_03424,e_5018234,955558,1,illicit,1251,1251,1.0
HI-Small,3425,amlc_03425,e_5018236,955560,1,illicit,1251,1251,1.0
HI-Small,3426,amlc_03426,e_5018239,955563,1,illicit,1251,1251,1.0
HI-Small,3427,amlc_03427,e_5018241,955565,1,illicit,1251,1251,1.0
HI-Small,3428,amlc_03428,e_5018243,955567,1,illicit,1251,1251,1.0
HI-Small,3429,amlc_03429,e_5018244,955568,1,illicit,1251,1251,1.0
HI-Small,3430,amlc_03430,e_5018247,955571,1,illicit,1251,1251,1.0
HI-Small,3431,amlc_03431,e_5018301,955625,1,illicit,1251,1251,1.0
HI-Small,3432,amlc_03432,e_5018303,955627,0,hard_neg,363,363,1.0
HI-Small,3433,amlc_03433,e_5018304,955628,1,illicit,1251,1251,1.0
HI-Small,3434,amlc_03434,e_5018305,955629,1,illicit,1251,1251,1.0
HI-Small,3435,amlc_03435,e_5018307,955631,0,hard_neg,363,363,1.0
HI-Small,3436,amlc_03436,e_5018308,955632,1,illicit,1251,1251,1.0
HI-Small,3437,amlc_03437,e_5018309,955633,1,illicit,1251,1251,1.0
HI-Small,3438,amlc_03438,e_5018311,955635,1,illicit,1251,1251,1.0
HI-Small,3439,amlc_03439,e_5018313,955637,0,hard_neg,363,363,1.0
HI-Small,3440,amlc_03440,e_5018314,955638,1,illicit,1251,1251,1.0
HI-Small,3441,amlc_03441,e_5018315,955639,1,illicit,1251,1251,1.0
HI-Small,3442,amlc_03442,e_5018317,955641,0,hard_neg,363,363,1.0
HI-Small,3443,amlc_03443,e_5018318,955642,1,illicit,1251,1251,1.0
HI-Small,3444,amlc_03444,e_5018320,955644,1,illicit,1251,1251,1.0
HI-Small,3445,amlc_03445,e_5018322,955646,0,hard_neg,363,363,1.0
HI-Small,3446,amlc_03446,e_5018323,955647,1,illicit,1251,1251,1.0
HI-Small,3447,amlc_03447,e_5018576,955900,1,illicit,1251,1251,1.0
HI-Small,3448,amlc_03448,e_5018745,956069,0,easy_t1,334638,713,469.33800841514727
HI-Small,3449,amlc_03449,e_5019351,956675,1,illicit,1251,1251,1.0
HI-Small,3450,amlc_03450,e_5019480,956804,1,illicit,1251,1251,1.0
HI-Small,3451,amlc_03451,e_5020717,958041,0,easy_t3,334638,713,469.33800841514727
HI-Small,3452,amlc_03452,e_5021224,958548,1,illicit,1251,1251,1.0
HI-Small,3453,amlc_03453,e_5021916,959240,1,illicit,1251,1251,1.0
HI-Small,3454,amlc_03454,e_5022120,959444,0,easy_t1,334638,713,469.33800841514727
HI-Small,3455,amlc_03455,e_5022312,959636,0,easy_t2,344779,713,483.5610098176718
HI-Small,3456,amlc_03456,e_5022837,960161,1,illicit,1251,1251,1.0
HI-Small,3457,amlc_03457,e_5022918,960242,1,illicit,1251,1251,1.0
HI-Small,3458,amlc_03458,e_5023188,960512,0,easy_t1,334638,713,469.33800841514727
HI-Small,3459,amlc_03459,e_5023600,960924,0,easy_t2,344779,713,483.5610098176718
HI-Small,3460,amlc_03460,e_5024078,961402,1,illicit,1251,1251,1.0
HI-Small,3461,amlc_03461,e_5024233,961557,1,illicit,1251,1251,1.0
HI-Small,3462,amlc_03462,e_5024360,961684,0,easy_t2,344779,713,483.5610098176718
HI-Small,3463,amlc_03463,e_5024384,961708,0,easy_t1,334638,713,469.33800841514727
HI-Small,3464,amlc_03464,e_5024488,961812,0,easy_t2,344779,713,483.5610098176718
HI-Small,3465,amlc_03465,e_5024687,962011,0,easy_t3,334638,713,469.33800841514727
HI-Small,3466,amlc_03466,e_5024816,962140,0,easy_t1,334638,713,469.33800841514727
HI-Small,3467,amlc_03467,e_5025386,962710,0,easy_t1,334638,713,469.33800841514727
HI-Small,3468,amlc_03468,e_5025490,962814,0,easy_t1,334638,713,469.33800841514727
HI-Small,3469,amlc_03469,e_5025652,962976,1,illicit,1251,1251,1.0
HI-Small,3470,amlc_03470,e_5026499,963823,1,illicit,1251,1251,1.0
HI-Small,3471,amlc_03471,e_5027166,964490,1,illicit,1251,1251,1.0
HI-Small,3472,amlc_03472,e_5027400,964724,0,easy_t1,334638,713,469.33800841514727
HI-Small,3473,amlc_03473,e_5027910,965234,1,illicit,1251,1251,1.0
HI-Small,3474,amlc_03474,e_5027921,965245,0,easy_t1,334638,713,469.33800841514727
HI-Small,3475,amlc_03475,e_5028574,965898,0,easy_t2,344779,713,483.5610098176718
HI-Small,3476,amlc_03476,e_5029394,966718,0,easy_t3,334638,713,469.33800841514727
HI-Small,3477,amlc_03477,e_5029535,966859,0,easy_t2,344779,713,483.5610098176718
HI-Small,3478,amlc_03478,e_5029562,966886,1,illicit,1251,1251,1.0
HI-Small,3479,amlc_03479,e_5029942,967266,1,illicit,1251,1251,1.0
HI-Small,3480,amlc_03480,e_5030238,967562,0,easy_t1,334638,713,469.33800841514727
HI-Small,3481,amlc_03481,e_5030262,967586,0,easy_t1,334638,713,469.33800841514727
HI-Small,3482,amlc_03482,e_5030294,967618,0,easy_t1,334638,713,469.33800841514727
HI-Small,3483,amlc_03483,e_5030879,968203,1,illicit,1251,1251,1.0
HI-Small,3484,amlc_03484,e_5031563,968887,0,easy_t1,334638,713,469.33800841514727
HI-Small,3485,amlc_03485,e_5032274,969598,0,easy_t3,334638,713,469.33800841514727
HI-Small,3486,amlc_03486,e_5032276,969600,0,easy_t1,334638,713,469.33800841514727
HI-Small,3487,amlc_03487,e_5032993,970317,0,easy_t2,344779,713,483.5610098176718
HI-Small,3488,amlc_03488,e_5033300,970624,0,easy_t1,334638,713,469.33800841514727
HI-Small,3489,amlc_03489,e_5033314,970638,0,easy_t2,344779,713,483.5610098176718
HI-Small,3490,amlc_03490,e_5033363,970687,0,easy_t1,334638,713,469.33800841514727
HI-Small,3491,amlc_03491,e_5033780,971104,1,illicit,1251,1251,1.0
HI-Small,3492,amlc_03492,e_5033910,971234,0,easy_t2,344779,713,483.5610098176718
HI-Small,3493,amlc_03493,e_5033912,971236,1,illicit,1251,1251,1.0
HI-Small,3494,amlc_03494,e_5033914,971238,1,illicit,1251,1251,1.0
HI-Small,3495,amlc_03495,e_5033916,971240,1,illicit,1251,1251,1.0
HI-Small,3496,amlc_03496,e_5033918,971242,1,illicit,1251,1251,1.0
HI-Small,3497,amlc_03497,e_5033919,971243,1,illicit,1251,1251,1.0
HI-Small,3498,amlc_03498,e_5033920,971244,1,illicit,1251,1251,1.0
HI-Small,3499,amlc_03499,e_5033922,971246,1,illicit,1251,1251,1.0
HI-Small,3500,amlc_03500,e_5033923,971247,1,illicit,1251,1251,1.0
HI-Small,3501,amlc_03501,e_5033925,971249,1,illicit,1251,1251,1.0
HI-Small,3502,amlc_03502,e_5033927,971251,0,hard_neg,363,363,1.0
HI-Small,3503,amlc_03503,e_5033928,971252,1,illicit,1251,1251,1.0
HI-Small,3504,amlc_03504,e_5033930,971254,1,illicit,1251,1251,1.0
HI-Small,3505,amlc_03505,e_5033932,971256,1,illicit,1251,1251,1.0
HI-Small,3506,amlc_03506,e_5033933,971257,1,illicit,1251,1251,1.0
HI-Small,3507,amlc_03507,e_5033934,971258,1,illicit,1251,1251,1.0
HI-Small,3508,amlc_03508,e_5033936,971260,1,illicit,1251,1251,1.0
HI-Small,3509,amlc_03509,e_5033938,971262,1,illicit,1251,1251,1.0
HI-Small,3510,amlc_03510,e_5033940,971264,1,illicit,1251,1251,1.0
HI-Small,3511,amlc_03511,e_5033942,971266,1,illicit,1251,1251,1.0
HI-Small,3512,amlc_03512,e_5033944,971268,1,illicit,1251,1251,1.0
HI-Small,3513,amlc_03513,e_5033946,971270,1,illicit,1251,1251,1.0
HI-Small,3514,amlc_03514,e_5033947,971271,1,illicit,1251,1251,1.0
HI-Small,3515,amlc_03515,e_5033948,971272,1,illicit,1251,1251,1.0
HI-Small,3516,amlc_03516,e_5033950,971274,1,illicit,1251,1251,1.0
HI-Small,3517,amlc_03517,e_5033952,971276,1,illicit,1251,1251,1.0
HI-Small,3518,amlc_03518,e_5033954,971278,1,illicit,1251,1251,1.0
HI-Small,3519,amlc_03519,e_5033956,971280,1,illicit,1251,1251,1.0
HI-Small,3520,amlc_03520,e_5033958,971282,1,illicit,1251,1251,1.0
HI-Small,3521,amlc_03521,e_5033960,971284,1,illicit,1251,1251,1.0
HI-Small,3522,amlc_03522,e_5033962,971286,1,illicit,1251,1251,1.0
HI-Small,3523,amlc_03523,e_5033963,971287,1,illicit,1251,1251,1.0
HI-Small,3524,amlc_03524,e_5033965,971289,1,illicit,1251,1251,1.0
HI-Small,3525,amlc_03525,e_5033967,971291,1,illicit,1251,1251,1.0
HI-Small,3526,amlc_03526,e_5033969,971293,1,illicit,1251,1251,1.0
HI-Small,3527,amlc_03527,e_5033970,971294,1,illicit,1251,1251,1.0
HI-Small,3528,amlc_03528,e_5033972,971296,1,illicit,1251,1251,1.0
HI-Small,3529,amlc_03529,e_5033974,971298,1,illicit,1251,1251,1.0
HI-Small,3530,amlc_03530,e_5033976,971300,1,illicit,1251,1251,1.0
HI-Small,3531,amlc_03531,e_5033979,971303,1,illicit,1251,1251,1.0
HI-Small,3532,amlc_03532,e_5033981,971305,1,illicit,1251,1251,1.0
HI-Small,3533,amlc_03533,e_5033983,971307,1,illicit,1251,1251,1.0
HI-Small,3534,amlc_03534,e_5033985,971309,1,illicit,1251,1251,1.0
HI-Small,3535,amlc_03535,e_5033987,971311,1,illicit,1251,1251,1.0
HI-Small,3536,amlc_03536,e_5033989,971313,1,illicit,1251,1251,1.0
HI-Small,3537,amlc_03537,e_5033991,971315,1,illicit,1251,1251,1.0
HI-Small,3538,amlc_03538,e_5033993,971317,1,illicit,1251,1251,1.0
HI-Small,3539,amlc_03539,e_5033995,971319,0,hard_neg,363,363,1.0
HI-Small,3540,amlc_03540,e_5033996,971320,1,illicit,1251,1251,1.0
HI-Small,3541,amlc_03541,e_5033998,971322,1,illicit,1251,1251,1.0
HI-Small,3542,amlc_03542,e_5034000,971324,0,hard_neg,363,363,1.0
HI-Small,3543,amlc_03543,e_5034001,971325,1,illicit,1251,1251,1.0
HI-Small,3544,amlc_03544,e_5034003,971327,1,illicit,1251,1251,1.0
HI-Small,3545,amlc_03545,e_5034005,971329,1,illicit,1251,1251,1.0
HI-Small,3546,amlc_03546,e_5034007,971331,1,illicit,1251,1251,1.0
HI-Small,3547,amlc_03547,e_5034009,971333,0,hard_neg,363,363,1.0
HI-Small,3548,amlc_03548,e_5034010,971334,1,illicit,1251,1251,1.0
HI-Small,3549,amlc_03549,e_5034012,971336,1,illicit,1251,1251,1.0
HI-Small,3550,amlc_03550,e_5034014,971338,1,illicit,1251,1251,1.0
HI-Small,3551,amlc_03551,e_5034016,971340,1,illicit,1251,1251,1.0
HI-Small,3552,amlc_03552,e_5034018,971342,1,illicit,1251,1251,1.0
HI-Small,3553,amlc_03553,e_5034020,971344,1,illicit,1251,1251,1.0
HI-Small,3554,amlc_03554,e_5034022,971346,1,illicit,1251,1251,1.0
HI-Small,3555,amlc_03555,e_5034024,971348,1,illicit,1251,1251,1.0
HI-Small,3556,amlc_03556,e_5034026,971350,1,illicit,1251,1251,1.0
HI-Small,3557,amlc_03557,e_5034028,971352,1,illicit,1251,1251,1.0
HI-Small,3558,amlc_03558,e_5034029,971353,1,illicit,1251,1251,1.0
HI-Small,3559,amlc_03559,e_5034031,971355,1,illicit,1251,1251,1.0
HI-Small,3560,amlc_03560,e_5034033,971357,0,hard_neg,363,363,1.0
HI-Small,3561,amlc_03561,e_5034034,971358,1,illicit,1251,1251,1.0
HI-Small,3562,amlc_03562,e_5034164,971488,0,hard_neg,363,363,1.0
HI-Small,3563,amlc_03563,e_5034507,971831,1,illicit,1251,1251,1.0
HI-Small,3564,amlc_03564,e_5035078,972402,0,easy_t1,334638,713,469.33800841514727
HI-Small,3565,amlc_03565,e_5035484,972808,0,easy_t2,344779,713,483.5610098176718
HI-Small,3566,amlc_03566,e_5035588,972912,0,easy_t1,334638,713,469.33800841514727
HI-Small,3567,amlc_03567,e_5035994,973318,0,easy_t2,344779,713,483.5610098176718
HI-Small,3568,amlc_03568,e_5036176,973500,1,illicit,1251,1251,1.0
HI-Small,3569,amlc_03569,e_5036300,973624,0,easy_t3,334638,713,469.33800841514727
HI-Small,3570,amlc_03570,e_5036778,974102,1,illicit,1251,1251,1.0
HI-Small,3571,amlc_03571,e_5036873,974197,0,easy_t1,334638,713,469.33800841514727
HI-Small,3572,amlc_03572,e_5037141,974465,1,illicit,1251,1251,1.0
HI-Small,3573,amlc_03573,e_5037432,974756,0,easy_t1,334638,713,469.33800841514727
HI-Small,3574,amlc_03574,e_5037609,974933,0,hard_neg,363,363,1.0
HI-Small,3575,amlc_03575,e_5037700,975024,0,easy_t2,344779,713,483.5610098176718
HI-Small,3576,amlc_03576,e_5037963,975287,0,easy_t3,334638,713,469.33800841514727
HI-Small,3577,amlc_03577,e_5037994,975318,1,illicit,1251,1251,1.0
HI-Small,3578,amlc_03578,e_5038133,975457,1,illicit,1251,1251,1.0
HI-Small,3579,amlc_03579,e_5038134,975458,1,illicit,1251,1251,1.0
HI-Small,3580,amlc_03580,e_5038135,975459,1,illicit,1251,1251,1.0
HI-Small,3581,amlc_03581,e_5038136,975460,1,illicit,1251,1251,1.0
HI-Small,3582,amlc_03582,e_5038137,975461,1,illicit,1251,1251,1.0
HI-Small,3583,amlc_03583,e_5038138,975462,1,illicit,1251,1251,1.0
HI-Small,3584,amlc_03584,e_5038153,975477,0,easy_t2,344779,713,483.5610098176718
HI-Small,3585,amlc_03585,e_5038159,975483,0,easy_t2,344779,713,483.5610098176718
HI-Small,3586,amlc_03586,e_5038384,975708,1,illicit,1251,1251,1.0
HI-Small,3587,amlc_03587,e_5038464,975788,0,easy_t1,334638,713,469.33800841514727
HI-Small,3588,amlc_03588,e_5039175,976499,1,illicit,1251,1251,1.0
HI-Small,3589,amlc_03589,e_5039637,976961,1,illicit,1251,1251,1.0
HI-Small,3590,amlc_03590,e_5039883,977207,1,illicit,1251,1251,1.0
HI-Small,3591,amlc_03591,e_5039884,977208,1,illicit,1251,1251,1.0
HI-Small,3592,amlc_03592,e_5040057,977381,0,easy_t1,334638,713,469.33800841514727
HI-Small,3593,amlc_03593,e_5040158,977482,1,illicit,1251,1251,1.0
HI-Small,3594,amlc_03594,e_5040202,977526,1,illicit,1251,1251,1.0
HI-Small,3595,amlc_03595,e_5040944,978268,0,easy_t2,344779,713,483.5610098176718
HI-Small,3596,amlc_03596,e_5041133,978457,0,easy_t2,344779,713,483.5610098176718
HI-Small,3597,amlc_03597,e_5041200,978524,0,hard_neg,363,363,1.0
HI-Small,3598,amlc_03598,e_5041333,978657,0,easy_t1,334638,713,469.33800841514727
HI-Small,3599,amlc_03599,e_5041654,978978,0,easy_t2,344779,713,483.5610098176718
HI-Small,3600,amlc_03600,e_5041724,979048,0,easy_t1,334638,713,469.33800841514727
HI-Small,3601,amlc_03601,e_5041815,979139,0,easy_t2,344779,713,483.5610098176718
HI-Small,3602,amlc_03602,e_5041957,979281,0,easy_t2,344779,713,483.5610098176718
HI-Small,3603,amlc_03603,e_5042128,979452,0,easy_t2,344779,713,483.5610098176718
HI-Small,3604,amlc_03604,e_5042257,979581,0,easy_t1,334638,713,469.33800841514727
HI-Small,3605,amlc_03605,e_5042571,979895,1,illicit,1251,1251,1.0
HI-Small,3606,amlc_03606,e_5042739,980063,0,easy_t1,334638,713,469.33800841514727
HI-Small,3607,amlc_03607,e_5042835,980159,0,hard_neg,363,363,1.0
HI-Small,3608,amlc_03608,e_5042846,980170,0,easy_t1,334638,713,469.33800841514727
HI-Small,3609,amlc_03609,e_5043002,980326,0,easy_t2,344779,713,483.5610098176718
HI-Small,3610,amlc_03610,e_5043796,981120,0,hard_neg,363,363,1.0
HI-Small,3611,amlc_03611,e_5043850,981174,1,illicit,1251,1251,1.0
HI-Small,3612,amlc_03612,e_5044066,981390,1,illicit,1251,1251,1.0
HI-Small,3613,amlc_03613,e_5044849,982173,1,illicit,1251,1251,1.0
HI-Small,3614,amlc_03614,e_5045382,982706,0,easy_t2,344779,713,483.5610098176718
HI-Small,3615,amlc_03615,e_5045643,982967,0,easy_t2,344779,713,483.5610098176718
HI-Small,3616,amlc_03616,e_5045810,983134,1,illicit,1251,1251,1.0
HI-Small,3617,amlc_03617,e_5046035,983359,1,illicit,1251,1251,1.0
HI-Small,3618,amlc_03618,e_5046036,983360,1,illicit,1251,1251,1.0
HI-Small,3619,amlc_03619,e_5046038,983362,1,illicit,1251,1251,1.0
HI-Small,3620,amlc_03620,e_5046040,983364,1,illicit,1251,1251,1.0
HI-Small,3621,amlc_03621,e_5046041,983365,1,illicit,1251,1251,1.0
HI-Small,3622,amlc_03622,e_5046042,983366,1,illicit,1251,1251,1.0
HI-Small,3623,amlc_03623,e_5046044,983368,1,illicit,1251,1251,1.0
HI-Small,3624,amlc_03624,e_5046564,983888,0,easy_t2,344779,713,483.5610098176718
HI-Small,3625,amlc_03625,e_5047218,984542,0,easy_t1,334638,713,469.33800841514727
HI-Small,3626,amlc_03626,e_5047338,984662,0,easy_t2,344779,713,483.5610098176718
HI-Small,3627,amlc_03627,e_5047390,984714,0,easy_t1,334638,713,469.33800841514727
HI-Small,3628,amlc_03628,e_5047480,984804,0,easy_t2,344779,713,483.5610098176718
HI-Small,3629,amlc_03629,e_5047636,984960,1,illicit,1251,1251,1.0
HI-Small,3630,amlc_03630,e_5047875,985199,1,illicit,1251,1251,1.0
HI-Small,3631,amlc_03631,e_5048098,985422,0,easy_t1,334638,713,469.33800841514727
HI-Small,3632,amlc_03632,e_5048782,986106,1,illicit,1251,1251,1.0
HI-Small,3633,amlc_03633,e_5049082,986406,0,easy_t1,334638,713,469.33800841514727
HI-Small,3634,amlc_03634,e_5049583,986907,0,easy_t1,334638,713,469.33800841514727
HI-Small,3635,amlc_03635,e_5049584,986908,0,hard_neg,363,363,1.0
HI-Small,3636,amlc_03636,e_5049623,986947,0,easy_t3,334638,713,469.33800841514727
HI-Small,3637,amlc_03637,e_5049974,987298,0,easy_t3,334638,713,469.33800841514727
HI-Small,3638,amlc_03638,e_5050388,987712,0,easy_t2,344779,713,483.5610098176718
HI-Small,3639,amlc_03639,e_5050714,988038,1,illicit,1251,1251,1.0
HI-Small,3640,amlc_03640,e_5050768,988092,0,easy_t3,334638,713,469.33800841514727
HI-Small,3641,amlc_03641,e_5051016,988340,0,easy_t1,334638,713,469.33800841514727
HI-Small,3642,amlc_03642,e_5051264,988588,0,easy_t1,334638,713,469.33800841514727
HI-Small,3643,amlc_03643,e_5051644,988968,1,illicit,1251,1251,1.0
HI-Small,3644,amlc_03644,e_5051683,989007,0,easy_t2,344779,713,483.5610098176718
HI-Small,3645,amlc_03645,e_5051885,989209,0,easy_t2,344779,713,483.5610098176718
HI-Small,3646,amlc_03646,e_5052477,989801,1,illicit,1251,1251,1.0
HI-Small,3647,amlc_03647,e_5052797,990121,0,easy_t2,344779,713,483.5610098176718
HI-Small,3648,amlc_03648,e_5052932,990256,0,easy_t2,344779,713,483.5610098176718
HI-Small,3649,amlc_03649,e_5053355,990679,1,illicit,1251,1251,1.0
HI-Small,3650,amlc_03650,e_5053646,990970,1,illicit,1251,1251,1.0
HI-Small,3651,amlc_03651,e_5053711,991035,1,illicit,1251,1251,1.0
HI-Small,3652,amlc_03652,e_5054177,991501,1,illicit,1251,1251,1.0
HI-Small,3653,amlc_03653,e_5054440,991764,0,easy_t1,334638,713,469.33800841514727
HI-Small,3654,amlc_03654,e_5054467,991791,0,easy_t3,334638,713,469.33800841514727
HI-Small,3655,amlc_03655,e_5054955,992279,0,hard_neg,363,363,1.0
HI-Small,3656,amlc_03656,e_5055717,993041,0,easy_t3,334638,713,469.33800841514727
HI-Small,3657,amlc_03657,e_5056033,993357,1,illicit,1251,1251,1.0
HI-Small,3658,amlc_03658,e_5056035,993359,1,illicit,1251,1251,1.0
HI-Small,3659,amlc_03659,e_5056037,993361,1,illicit,1251,1251,1.0
HI-Small,3660,amlc_03660,e_5056087,993411,0,easy_t2,344779,713,483.5610098176718
HI-Small,3661,amlc_03661,e_5056593,993917,0,easy_t1,334638,713,469.33800841514727
HI-Small,3662,amlc_03662,e_5056655,993979,0,easy_t1,334638,713,469.33800841514727
HI-Small,3663,amlc_03663,e_5056777,994101,0,easy_t1,334638,713,469.33800841514727
HI-Small,3664,amlc_03664,e_5057278,994602,1,illicit,1251,1251,1.0
HI-Small,3665,amlc_03665,e_5057334,994658,0,easy_t1,334638,713,469.33800841514727
HI-Small,3666,amlc_03666,e_5057916,995240,0,hard_neg,363,363,1.0
HI-Small,3667,amlc_03667,e_5057966,995290,0,easy_t2,344779,713,483.5610098176718
HI-Small,3668,amlc_03668,e_5058322,995646,1,illicit,1251,1251,1.0
HI-Small,3669,amlc_03669,e_5058324,995648,1,illicit,1251,1251,1.0
HI-Small,3670,amlc_03670,e_5058326,995650,1,illicit,1251,1251,1.0
HI-Small,3671,amlc_03671,e_5058328,995652,1,illicit,1251,1251,1.0
HI-Small,3672,amlc_03672,e_5058329,995653,1,illicit,1251,1251,1.0
HI-Small,3673,amlc_03673,e_5058331,995655,1,illicit,1251,1251,1.0
HI-Small,3674,amlc_03674,e_5058333,995657,1,illicit,1251,1251,1.0
HI-Small,3675,amlc_03675,e_5058335,995659,1,illicit,1251,1251,1.0
HI-Small,3676,amlc_03676,e_5058337,995661,1,illicit,1251,1251,1.0
HI-Small,3677,amlc_03677,e_5058339,995663,1,illicit,1251,1251,1.0
HI-Small,3678,amlc_03678,e_5058341,995665,1,illicit,1251,1251,1.0
HI-Small,3679,amlc_03679,e_5058343,995667,1,illicit,1251,1251,1.0
HI-Small,3680,amlc_03680,e_5058538,995862,0,easy_t1,334638,713,469.33800841514727
HI-Small,3681,amlc_03681,e_5058763,996087,1,illicit,1251,1251,1.0
HI-Small,3682,amlc_03682,e_5059344,996668,0,easy_t1,334638,713,469.33800841514727
HI-Small,3683,amlc_03683,e_5060040,997364,0,easy_t2,344779,713,483.5610098176718
HI-Small,3684,amlc_03684,e_5060181,997505,0,easy_t3,334638,713,469.33800841514727
HI-Small,3685,amlc_03685,e_5060445,997769,1,illicit,1251,1251,1.0
HI-Small,3686,amlc_03686,e_5060469,997793,0,easy_t3,334638,713,469.33800841514727
HI-Small,3687,amlc_03687,e_5060763,998087,0,easy_t1,334638,713,469.33800841514727
HI-Small,3688,amlc_03688,e_5061378,998702,0,easy_t3,334638,713,469.33800841514727
HI-Small,3689,amlc_03689,e_5061494,998818,0,easy_t3,334638,713,469.33800841514727
HI-Small,3690,amlc_03690,e_5061557,998881,1,illicit,1251,1251,1.0
HI-Small,3691,amlc_03691,e_5061691,999015,1,illicit,1251,1251,1.0
HI-Small,3692,amlc_03692,e_5061997,999321,0,easy_t3,334638,713,469.33800841514727
HI-Small,3693,amlc_03693,e_5062109,999433,1,illicit,1251,1251,1.0
HI-Small,3694,amlc_03694,e_5062816,1000140,1,illicit,1251,1251,1.0
HI-Small,3695,amlc_03695,e_5063042,1000366,0,easy_t2,344779,713,483.5610098176718
HI-Small,3696,amlc_03696,e_5063081,1000405,0,easy_t1,334638,713,469.33800841514727
HI-Small,3697,amlc_03697,e_5063225,1000549,1,illicit,1251,1251,1.0
HI-Small,3698,amlc_03698,e_5063438,1000762,1,illicit,1251,1251,1.0
HI-Small,3699,amlc_03699,e_5063530,1000854,0,easy_t1,334638,713,469.33800841514727
HI-Small,3700,amlc_03700,e_5063612,1000936,1,illicit,1251,1251,1.0
HI-Small,3701,amlc_03701,e_5063807,1001131,0,easy_t2,344779,713,483.5610098176718
HI-Small,3702,amlc_03702,e_5064363,1001687,0,easy_t1,334638,713,469.33800841514727
HI-Small,3703,amlc_03703,e_5064539,1001863,0,easy_t1,334638,713,469.33800841514727
HI-Small,3704,amlc_03704,e_5064589,1001913,0,easy_t1,334638,713,469.33800841514727
HI-Small,3705,amlc_03705,e_5064836,1002160,0,easy_t1,334638,713,469.33800841514727
HI-Small,3706,amlc_03706,e_5065021,1002345,0,easy_t2,344779,713,483.5610098176718
HI-Small,3707,amlc_03707,e_5065561,1002885,0,easy_t1,334638,713,469.33800841514727
HI-Small,3708,amlc_03708,e_5065666,1002990,0,easy_t2,344779,713,483.5610098176718
HI-Small,3709,amlc_03709,e_5065744,1003068,0,easy_t3,334638,713,469.33800841514727
HI-Small,3710,amlc_03710,e_5065784,1003108,0,easy_t1,334638,713,469.33800841514727
HI-Small,3711,amlc_03711,e_5066007,1003331,0,easy_t1,334638,713,469.33800841514727
HI-Small,3712,amlc_03712,e_5066067,1003391,1,illicit,1251,1251,1.0
HI-Small,3713,amlc_03713,e_5066763,1004087,1,illicit,1251,1251,1.0
HI-Small,3714,amlc_03714,e_5067107,1004431,0,easy_t1,334638,713,469.33800841514727
HI-Small,3715,amlc_03715,e_5067270,1004594,1,illicit,1251,1251,1.0
HI-Small,3716,amlc_03716,e_5067450,1004774,0,easy_t1,334638,713,469.33800841514727
HI-Small,3717,amlc_03717,e_5067862,1005186,0,easy_t2,344779,713,483.5610098176718
HI-Small,3718,amlc_03718,e_5068365,1005689,0,hard_neg,363,363,1.0
HI-Small,3719,amlc_03719,e_5068672,1005996,0,easy_t1,334638,713,469.33800841514727
HI-Small,3720,amlc_03720,e_5068834,1006158,0,easy_t1,334638,713,469.33800841514727
HI-Small,3721,amlc_03721,e_5069166,1006490,0,easy_t3,334638,713,469.33800841514727
HI-Small,3722,amlc_03722,e_5069539,1006863,0,easy_t2,344779,713,483.5610098176718
HI-Small,3723,amlc_03723,e_5069687,1007011,0,easy_t1,334638,713,469.33800841514727
HI-Small,3724,amlc_03724,e_5070022,1007346,0,easy_t1,334638,713,469.33800841514727
HI-Small,3725,amlc_03725,e_5070074,1007398,0,hard_neg,363,363,1.0
HI-Small,3726,amlc_03726,e_5070174,1007498,1,illicit,1251,1251,1.0
HI-Small,3727,amlc_03727,e_5070505,1007829,0,easy_t1,334638,713,469.33800841514727
HI-Small,3728,amlc_03728,e_5070515,1007839,1,illicit,1251,1251,1.0
HI-Small,3729,amlc_03729,e_5070832,1008156,1,illicit,1251,1251,1.0
HI-Small,3730,amlc_03730,e_5071168,1008492,1,illicit,1251,1251,1.0
HI-Small,3731,amlc_03731,e_5071532,1008856,0,easy_t2,344779,713,483.5610098176718
HI-Small,3732,amlc_03732,e_5072298,1009622,0,easy_t1,334638,713,469.33800841514727
HI-Small,3733,amlc_03733,e_5073342,1010666,0,easy_t3,334638,713,469.33800841514727
HI-Small,3734,amlc_03734,e_5073375,1010699,1,illicit,1251,1251,1.0
HI-Small,3735,amlc_03735,e_5073898,1011222,0,easy_t2,344779,713,483.5610098176718
HI-Small,3736,amlc_03736,e_5073943,1011267,0,easy_t2,344779,713,483.5610098176718
HI-Small,3737,amlc_03737,e_5074248,1011572,1,illicit,1251,1251,1.0
HI-Small,3738,amlc_03738,e_5074397,1011721,0,easy_t2,344779,713,483.5610098176718
HI-Small,3739,amlc_03739,e_5075033,1012357,0,easy_t1,334638,713,469.33800841514727
HI-Small,3740,amlc_03740,e_5075056,1012380,1,illicit,1251,1251,1.0
HI-Small,3741,amlc_03741,e_5075170,1012494,0,easy_t1,334638,713,469.33800841514727
HI-Small,3742,amlc_03742,e_5075764,1013088,0,easy_t1,334638,713,469.33800841514727
HI-Small,3743,amlc_03743,e_5076334,1013658,0,easy_t2,344779,713,483.5610098176718
HI-Small,3744,amlc_03744,e_5076363,1013687,0,easy_t2,344779,713,483.5610098176718
HI-Small,3745,amlc_03745,e_5076402,1013726,0,easy_t1,334638,713,469.33800841514727
HI-Small,3746,amlc_03746,e_5076780,1014104,0,easy_t3,334638,713,469.33800841514727
HI-Small,3747,amlc_03747,e_5076913,1014237,0,easy_t1,334638,713,469.33800841514727
HI-Small,3748,amlc_03748,e_5077175,1014499,0,easy_t1,334638,713,469.33800841514727
HI-Small,3749,amlc_03749,e_5077204,1014528,1,illicit,1251,1251,1.0
HI-Small,3750,amlc_03750,e_5077322,1014646,0,easy_t1,334638,713,469.33800841514727
HI-Small,3751,amlc_03751,e_5077378,1014702,0,easy_t2,344779,713,483.5610098176718
HI-Small,3752,amlc_03752,e_5077507,1014831,0,easy_t3,334638,713,469.33800841514727
