dataset,position,case_id,center_edge_id,subset_index,label,stratum_id,population_size,sample_size,weight
LI-Small,0,amlc_00000,e_5539484,245,0,easy_t2,470487,414,1136.4420289855072
LI-Small,1,amlc_00001,e_5540346,1107,0,hard_neg,269,269,1.0
LI-Small,2,amlc_00002,e_5540425,1186,1,illicit,756,756,1.0
LI-Small,3,amlc_00003,e_5540534,1295,0,easy_t1,456649,415,1100.3590361445783
LI-Small,4,amlc_00004,e_5540749,1510,0,easy_t3,456649,414,1103.0169082125603
LI-Small,5,amlc_00005,e_5541231,1992,1,illicit,756,756,1.0
LI-Small,6,amlc_00006,e_5541486,2247,0,easy_t3,456649,414,1103.0169082125603
LI-Small,7,amlc_00007,e_5542326,3087,1,illicit,756,756,1.0
LI-Small,8,amlc_00008,e_5542517,3278,0,easy_t2,470487,414,1136.4420289855072
LI-Small,9,amlc_00009,e_5544602,5363,0,easy_t2,470487,414,1136.4420289855072
LI-Small,10,amlc_00010,e_5545812,6573,1,illicit,756,756,1.0
LI-Small,11,amlc_00011,e_5546238,6999,0,easy_t1,456649,415,1100.3590361445783
LI-Small,12,amlc_00012,e_5546661,7422,1,illicit,756,756,1.0
LI-Small,13,amlc_00013,e_5546987,7748,0,easy_t1,456649,415,1100.3590361445783
LI-Small,14,amlc_00014,e_5548813,9574,0,easy_t1,456649,415,1100.3590361445783
LI-Small,15,amlc_00015,e_5549677,10438,0,easy_t2,470487,414,1136.4420289855072
LI-Small,16,amlc_00016,e_5549952,10713,0,easy_t3,456649,414,1103.0169082125603
LI-Small,17,amlc_00017,e_5550544,11305,1,illicit,756,756,1.0
LI-Small,18,amlc_00018,e_5550702,11463,1,illicit,756,756,1.0
LI-Small,19,amlc_00019,e_5551109,11870,1,illicit,756,756,1.0
LI-Small,20,amlc_00020,e_5551223,11984,1,illicit,756,756,1.0
LI-Small,21,amlc_00021,e_5551534,12295,0,hard_neg,269,269,1.0
LI-Small,22,amlc_00022,e_5551669,12430,1,illicit,756,756,1.0
LI-Small,23,amlc_00023,e_5551885,12646,0,easy_t3,456649,414,1103.0169082125603
LI-Small,24,amlc_00024,e_5551960,12721,0,easy_t3,456649,414,1103.0169082125603
LI-Small,25,amlc_00025,e_5553035,13796,0,hard_neg,269,269,1.0
LI-Small,26,amlc_00026,e_5553168,13929,0,easy_t3,456649,414,1103.0169082125603
LI-Small,27,amlc_00027,e_5554478,15239,0,easy_t3,456649,414,1103.0169082125603
LI-Small,28,amlc_00028,e_5554537,15298,0,easy_t3,456649,414,1103.0169082125603
LI-Small,29,amlc_00029,e_5555048,15809,1,illicit,756,756,1.0
LI-Small,30,amlc_00030,e_5555128,15889,1,illicit,756,756,1.0
LI-Small,31,amlc_00031,e_5555562,16323,0,easy_t3,456649,414,1103.0169082125603
LI-Small,32,amlc_00032,e_5557536,18297,0,easy_t3,456649,414,1103.0169082125603
LI-Small,33,amlc_00033,e_5557719,18480,0,easy_t2,470487,414,1136.4420289855072
LI-Small,34,amlc_00034,e_5557827,18588,0,easy_t3,456649,414,1103.0169082125603
LI-Small,35,amlc_00035,e_5558273,19034,0,easy_t2,470487,414,1136.4420289855072
LI-Small,36,amlc_00036,e_5558631,19392,0,easy_t1,456649,415,1100.3590361445783
LI-Small,37,amlc_00037,e_5560088,20849,0,easy_t1,456649,415,1100.3590361445783
LI-Small,38,amlc_00038,e_5561768,22529,0,easy_t2,470487,414,1136.4420289855072
LI-Small,39,amlc_00039,e_5562013,22774,1,illicit,756,756,1.0
LI-Small,40,amlc_00040,e_5562054,22815,0,easy_t1,456649,415,1100.3590361445783
LI-Small,41,amlc_00041,e_5563052,23813,0,easy_t2,470487,414,1136.4420289855072
LI-Small,42,amlc_00042,e_5563544,24305,0,hard_neg,269,269,1.0
LI-Small,43,amlc_00043,e_5564262,25023,0,easy_t2,470487,414,1136.4420289855072
LI-Small,44,amlc_00044,e_5564908,25669,0,easy_t2,470487,414,1136.4420289855072
LI-Small,45,amlc_00045,e_5565263,26024,0,easy_t3,456649,414,1103.0169082125603
LI-Small,46,amlc_00046,e_5565323,26084,0,easy_t2,470487,414,1136.4420289855072
LI-Small,47,amlc_00047,e_5568819,29580,0,easy_t3,456649,414,1103.0169082125603
LI-Small,48,amlc_00048,e_5569287,30048,0,easy_t3,456649,414,1103.0169082125603
LI-Small,49,amlc_00049,e_5569333,30094,0,easy_t1,456649,415,1100.3590361445783
LI-Small,50,amlc_00050,e_5570429,31190,1,illicit,756,756,1.0
LI-Small,51,amlc_00051,e_5570459,31220,0,easy_t3,456649,414,1103.0169082125603
LI-Small,52,amlc_00052,e_5570828,31589,0,easy_t3,456649,414,1103.0169082125603
LI-Small,53,amlc_00053,e_5573220,33981,0,easy_t2,470487,414,1136.4420289855072
LI-Small,54,amlc_00054,e_5573347,34108,0,easy_t1,456649,415,1100.3590361445783
LI-Small,55,amlc_00055,e_5575238,35999,0,easy_t1,456649,415,1100.3590361445783
LI-Small,56,amlc_00056,e_5575481,36242,0,easy_t1,456649,415,1100.3590361445783
LI-Small,57,amlc_00057,e_5576063,36824,1,illicit,756,756,1.0
LI-Small,58,amlc_00058,e_5576651,37412,1,illicit,756,756,1.0
LI-Small,59,amlc_00059,e_5578387,39148,0,easy_t3,456649,414,1103.0169082125603
LI-Small,60,amlc_00060,e_5578519,39280,0,easy_t2,470487,414,1136.4420289855072
LI-Small,61,amlc_00061,e_5578829,39590,1,illicit,756,756,1.0
LI-Small,62,amlc_00062,e_5579148,39909,0,easy_t3,456649,414,1103.0169082125603
LI-Small,63,amlc_00063,e_5580577,41338,1,illicit,756,756,1.0
LI-Small,64,amlc_00064,e_5580973,41734,0,easy_t3,456649,414,1103.0169082125603
LI-Small,65,amlc_00065,e_5582577,43338,0,easy_t3,456649,414,1103.0169082125603
LI-Small,66,amlc_00066,e_5586522,47283,0,easy_t1,456649,415,1100.3590361445783
LI-Small,67,amlc_00067,e_5590695,51456,0,hard_neg,269,269,1.0
LI-Small,68,amlc_00068,e_5590861,51622,0,easy_t3,456649,414,1103.0169082125603
LI-Small,69,amlc_00069,e_5591791,52552,0,easy_t2,470487,414,1136.4420289855072
LI-Small,70,amlc_00070,e_5592279,53040,0,easy_t3,456649,414,1103.0169082125603
LI-Small,71,amlc_00071,e_5593137,53898,1,illicit,756,756,1.0
LI-Small,72,amlc_00072,e_5593630,54391,0,easy_t3,456649,414,1103.0169082125603
LI-Small,73,amlc_00073,e_5594097,54858,0,easy_t1,456649,415,1100.3590361445783
LI-Small,74,amlc_00074,e_5594828,55589,0,easy_t2,470487,414,1136.4420289855072
LI-Small,75,amlc_00075,e_5595216,55977,0,easy_t2,470487,414,1136.4420289855072
LI-Small,76,amlc_00076,e_5595702,56463,0,easy_t1,456649,415,1100.3590361445783
LI-Small,77,amlc_00077,e_5595982,56743,1,illicit,756,756,1.0
LI-Small,78,amlc_00078,e_5596795,57556,1,illicit,756,756,1.0
LI-Small,79,amlc_00079,e_5597694,58455,0,easy_t3,456649,414,1103.0169082125603
LI-Small,80,amlc_00080,e_5598018,58779,0,easy_t2,470487,414,1136.4420289855072
LI-Small,81,amlc_00081,e_5598699,59460,1,illicit,756,756,1.0
LI-Small,82,amlc_00082,e_5598702,59463,1,illicit,756,756,1.0
LI-Small,83,amlc_00083,e_5599326,60087,0,easy_t1,456649,415,1100.3590361445783
LI-Small,84,amlc_00084,e_5600221,60982,1,illicit,756,756,1.0
LI-Small,85,amlc_00085,e_5601904,62665,0,easy_t1,456649,415,1100.3590361445783
LI-Small,86,amlc_00086,e_5602514,63275,0,easy_t1,456649,415,1100.3590361445783
LI-Small,87,amlc_00087,e_5603213,63974,0,easy_t3,456649,414,1103.0169082125603
LI-Small,88,amlc_00088,e_5604222,64983,0,easy_t3,456649,414,1103.0169082125603
LI-Small,89,amlc_00089,e_5605109,65870,0,easy_t3,456649,414,1103.0169082125603
LI-Small,90,amlc_00090,e_5605393,66154,1,illicit,756,756,1.0
LI-Small,91,amlc_00091,e_5605649,66410,1,illicit,756,756,1.0
LI-Small,92,amlc_00092,e_5606353,67114,0,easy_t3,456649,414,1103.0169082125603
LI-Small,93,amlc_00093,e_5607800,68561,0,easy_t3,456649,414,1103.0169082125603
LI-Small,94,amlc_00094,e_5608057,68818,1,illicit,756,756,1.0
LI-Small,95,amlc_00095,e_5608277,69038,0,easy_t3,456649,414,1103.0169082125603
LI-Small,96,amlc_00096,e_5610442,71203,1,illicit,756,756,1.0
LI-Small,97,amlc_00097,e_5611840,72601,0,easy_t2,470487,414,1136.4420289855072
LI-Small,98,amlc_00098,e_5612269,73030,1,illicit,756,756,1.0
LI-Small,99,amlc_00099,e_5612831,73592,0,easy_t1,456649,415,1100.3590361445783
LI-Small,100,amlc_00100,e_5614071,74832,0,easy_t1,456649,415,1100.3590361445783
LI-Small,101,amlc_00101,e_5614238,74999,0,hard_neg,269,269,1.0
LI-Small,102,amlc_00102,e_5615303,76064,1,illicit,756,756,1.0
LI-Small,103,amlc_00103,e_5615340,76101,0,easy_t2,470487,414,1136.4420289855072
LI-Small,104,amlc_00104,e_5615886,76647,0,easy_t2,470487,414,1136.4420289855072
LI-Small,105,amlc_00105,e_5616636,77397,0,easy_t3,456649,414,1103.0169082125603
LI-Small,106,amlc_00106,e_5616881,77642,1,illicit,756,756,1.0
LI-Small,107,amlc_00107,e_5616952,77713,0,easy_t3,456649,414,1103.0169082125603
LI-Small,108,amlc_00108,e_5617732,78493,1,illicit,756,756,1.0
LI-Small,109,amlc_00109,e_5618343,79104,1,illicit,756,756,1.0
LI-Small,110,amlc_00110,e_5620536,81297,0,easy_t1,456649,415,1100.3590361445783
LI-Small,111,amlc_00111,e_5621601,82362,0,easy_t3,456649,414,1103.0169082125603
LI-Small,112,amlc_00112,e_5622657,83418,1,illicit,756,756,1.0
LI-Small,113,amlc_00113,e_5623132,83893,0,hard_neg,269,269,1.0
LI-Small,114,amlc_00114,e_5623235,83996,1,illicit,756,756,1.0
LI-Small,115,amlc_00115,e_5623843,84604,0,easy_t3,456649,414,1103.0169082125603
LI-Small,116,amlc_00116,e_5625384,86145,1,illicit,756,756,1.0
LI-Small,117,amlc_00117,e_5626273,87034,1,illicit,756,756,1.0
LI-Small,118,amlc_00118,e_5627512,88273,0,easy_t1,456649,415,1100.3590361445783
LI-Small,119,amlc_00119,e_5627831,88592,1,illicit,756,756,1.0
LI-Small,120,amlc_00120,e_5628926,89687,0,easy_t1,456649,415,1100.3590361445783
LI-Small,121,amlc_00121,e_5629130,89891,0,easy_t1,456649,415,1100.3590361445783
LI-Small,122,amlc_00122,e_5629328,90089,0,easy_t2,470487,414,1136.4420289855072
LI-Small,123,amlc_00123,e_5629624,90385,0,easy_t3,456649,414,1103.0169082125603
LI-Small,124,amlc_00124,e_5632383,93144,0,easy_t3,456649,414,1103.0169082125603
LI-Small,125,amlc_00125,e_5632706,93467,1,illicit,756,756,1.0
LI-Small,126,amlc_00126,e_5635049,95810,1,illicit,756,756,1.0
LI-Small,127,amlc_00127,e_5636539,97300,0,easy_t3,456649,414,1103.0169082125603
LI-Small,128,amlc_00128,e_5637263,98024,1,illicit,756,756,1.0
LI-Small,129,amlc_00129,e_5637370,98131,0,easy_t3,456649,414,1103.0169082125603
LI-Small,130,amlc_00130,e_5639335,100096,1,illicit,756,756,1.0
LI-Small,131,amlc_00131,e_5639525,100286,0,easy_t1,456649,415,1100.3590361445783
LI-Small,132,amlc_00132,e_5640103,100864,0,easy_t1,456649,415,1100.3590361445783
LI-Small,133,amlc_00133,e_5640106,100867,0,easy_t1,456649,415,1100.3590361445783
LI-Small,134,amlc_00134,e_5640796,101557,0,easy_t3,456649,414,1103.0169082125603
LI-Small,135,amlc_00135,e_5640911,101672,0,easy_t1,456649,415,1100.3590361445783
LI-Small,136,amlc_00136,e_5641178,101939,1,illicit,756,756,1.0
LI-Small,137,amlc_00137,e_5641506,102267,1,illicit,756,756,1.0
LI-Small,138,amlc_00138,e_5642033,102794,1,illicit,756,756,1.0
LI-Small,139,amlc_00139,e_5645122,105883,0,easy_t3,456649,414,1103.0169082125603
LI-Small,140,amlc_00140,e_5646314,107075,1,illicit,756,756,1.0
LI-Small,141,amlc_00141,e_5646760,107521,0,easy_t2,470487,414,1136.4420289855072
LI-Small,142,amlc_00142,e_5647164,107925,1,illicit,756,756,1.0
LI-Small,143,amlc_00143,e_5647757,108518,0,easy_t3,456649,414,1103.0169082125603
LI-Small,144,amlc_00144,e_5647851,108612,0,easy_t2,470487,414,1136.4420289855072
LI-Small,145,amlc_00145,e_5648634,109395,0,easy_t2,470487,414,1136.4420289855072
LI-Small,146,amlc_00146,e_5649338,110099,0,easy_t3,456649,414,1103.0169082125603
LI-Small,147,amlc_00147,e_5650290,111051,1,illicit,756,756,1.0
LI-Small,148,amlc_00148,e_5652605,113366,1,illicit,756,756,1.0
LI-Small,149,amlc_00149,e_5652864,113625,0,easy_t1,456649,415,1100.3590361445783
LI-Small,150,amlc_00150,e_5654088,114849,1,illicit,756,756,1.0
LI-Small,151,amlc_00151,e_5654656,115417,0,easy_t1,456649,415,1100.3590361445783
LI-Small,152,amlc_00152,e_5655082,115843,0,easy_t1,456649,415,1100.3590361445783
LI-Small,153,amlc_00153,e_5655226,115987,0,easy_t1,456649,415,1100.3590361445783
LI-Small,154,amlc_00154,e_5655491,116252,1,illicit,756,756,1.0
LI-Small,155,amlc_00155,e_5656414,117175,0,easy_t3,456649,414,1103.0169082125603
LI-Small,156,amlc_00156,e_5658380,119141,1,illicit,756,756,1.0
LI-Small,157,amlc_00157,e_5658680,119441,0,easy_t3,456649,414,1103.0169082125603
LI-Small,158,amlc_00158,e_5659735,120496,0,easy_t3,456649,414,1103.0169082125603
LI-Small,159,amlc_00159,e_5660572,121333,0,easy_t2,470487,414,1136.4420289855072
LI-Small,160,amlc_00160,e_5660615,121376,1,illicit,756,756,1.0
LI-Small,161,amlc_00161,e_5662032,122793,1,illicit,756,756,1.0
LI-Small,162,amlc_00162,e_5662033,122794,1,illicit,756,756,1.0
LI-Small,163,amlc_00163,e_5662035,122796,0,hard_neg,269,269,1.0
LI-Small,164,amlc_00164,e_5662036,122797,1,illicit,756,756,1.0
LI-Small,165,amlc_00165,e_5662037,122798,1,illicit,756,756,1.0
LI-Small,166,amlc_00166,e_5662038,122799,0,hard_neg,269,269,1.0
LI-Small,167,amlc_00167,e_5662039,122800,1,illicit,756,756,1.0
LI-Small,168,amlc_00168,e_5662041,122802,0,hard_neg,269,269,1.0
LI-Small,169,amlc_00169,e_5662042,122803,1,illicit,756,756,1.0
LI-Small,170,amlc_00170,e_5662046,122807,1,illicit,756,756,1.0
LI-Small,171,amlc_00171,e_5662047,122808,0,hard_neg,269,269,1.0
LI-Small,172,amlc_00172,e_5662048,122809,1,illicit,756,756,1.0
LI-Small,173,amlc_00173,e_5662050,122811,1,illicit,756,756,1.0
LI-Small,174,amlc_00174,e_5662831,123592,0,easy_t3,456649,414,1103.0169082125603
LI-Small,175,amlc_00175,e_5663124,123885,1,illicit,756,756,1.0
LI-Small,176,amlc_00176,e_5664325,125086,1,illicit,756,756,1.0
LI-Small,177,amlc_00177,e_5664965,125726,1,illicit,756,756,1.0
LI-Small,178,amlc_00178,e_5666166,126927,0,easy_t3,456649,414,1103.0169082125603
LI-Small,179,amlc_00179,e_5666596,127357,1,illicit,756,756,1.0
LI-Small,180,amlc_00180,e_5666735,127496,0,easy_t1,456649,415,1100.3590361445783
LI-Small,181,amlc_00181,e_5667275,128036,0,easy_t1,456649,415,1100.3590361445783
LI-Small,182,amlc_00182,e_5667438,128199,1,illicit,756,756,1.0
LI-Small,183,amlc_00183,e_5667891,128652,0,easy_t1,456649,415,1100.3590361445783
LI-Small,184,amlc_00184,e_5668652,129413,1,illicit,756,756,1.0
LI-Small,185,amlc_00185,e_5670043,130804,1,illicit,756,756,1.0
LI-Small,186,amlc_00186,e_5671162,131923,0,easy_t3,456649,414,1103.0169082125603
LI-Small,187,amlc_00187,e_5671239,132000,0,easy_t3,456649,414,1103.0169082125603
LI-Small,188,amlc_00188,e_5671928,132689,0,easy_t3,456649,414,1103.0169082125603
LI-Small,189,amlc_00189,e_5672138,132899,0,easy_t3,456649,414,1103.0169082125603
LI-Small,190,amlc_00190,e_5672220,132981,0,easy_t3,456649,414,1103.0169082125603
LI-Small,191,amlc_00191,e_5672360,133121,1,illicit,756,756,1.0
LI-Small,192,amlc_00192,e_5673112,133873,0,easy_t3,456649,414,1103.0169082125603
LI-Small,193,amlc_00193,e_5673905,134666,0,easy_t2,470487,414,1136.4420289855072
LI-Small,194,amlc_00194,e_5674065,134826,1,illicit,756,756,1.0
LI-Small,195,amlc_00195,e_5677413,138174,1,illicit,756,756,1.0
LI-Small,196,amlc_00196,e_5678653,139414,0,easy_t2,470487,414,1136.4420289855072
LI-Small,197,amlc_00197,e_5678878,139639,0,easy_t2,470487,414,1136.4420289855072
LI-Small,198,amlc_00198,e_5679116,139877,0,easy_t2,470487,414,1136.4420289855072
LI-Small,199,amlc_00199,e_5679836,140597,0,easy_t1,456649,415,1100.3590361445783
LI-Small,200,amlc_00200,e_5680650,141411,1,illicit,756,756,1.0
LI-Small,201,amlc_00201,e_5681041,141802,1,illicit,756,756,1.0
LI-Small,202,amlc_00202,e_5682506,143267,0,easy_t1,456649,415,1100.3590361445783
LI-Small,203,amlc_00203,e_5683005,143766,1,illicit,756,756,1.0
LI-Small,204,amlc_00204,e_5683033,143794,1,illicit,756,756,1.0
LI-Small,205,amlc_00205,e_5683735,144496,0,easy_t2,470487,414,1136.4420289855072
LI-Small,206,amlc_00206,e_5685874,146635,1,illicit,756,756,1.0
LI-Small,207,amlc_00207,e_5686485,147246,0,easy_t3,456649,414,1103.0169082125603
LI-Small,208,amlc_00208,e_5687863,148624,0,easy_t2,470487,414,1136.4420289855072
LI-Small,209,amlc_00209,e_5688802,149563,0,easy_t1,456649,415,1100.3590361445783
LI-Small,210,amlc_00210,e_5690807,151568,1,illicit,756,756,1.0
LI-Small,211,amlc_00211,e_5690947,151708,0,easy_t3,456649,414,1103.0169082125603
LI-Small,212,amlc_00212,e_5691335,152096,1,illicit,756,756,1.0
LI-Small,213,amlc_00213,e_5692423,153184,0,easy_t1,456649,415,1100.3590361445783
LI-Small,214,amlc_00214,e_5694003,154764,1,illicit,756,756,1.0
LI-Small,215,amlc_00215,e_5695174,155935,1,illicit,756,756,1.0
LI-Small,216,amlc_00216,e_5695410,156171,0,easy_t1,456649,415,1100.3590361445783
LI-Small,217,amlc_00217,e_5695764,156525,1,illicit,756,756,1.0
LI-Small,218,amlc_00218,e_5695872,156633,0,easy_t1,456649,415,1100.3590361445783
LI-Small,219,amlc_00219,e_5695978,156739,1,illicit,756,756,1.0
LI-Small,220,amlc_00220,e_5696599,157360,0,easy_t1,456649,415,1100.3590361445783
LI-Small,221,amlc_00221,e_5696885,157646,1,illicit,756,756,1.0
LI-Small,222,amlc_00222,e_5697600,158361,0,easy_t3,456649,414,1103.0169082125603
LI-Small,223,amlc_00223,e_5698072,158833,1,illicit,756,756,1.0
LI-Small,224,amlc_00224,e_5698419,159180,1,illicit,756,756,1.0
LI-Small,225,amlc_00225,e_5698450,159211,1,illicit,756,756,1.0
LI-Small,226,amlc_00226,e_5698871,159632,0,easy_t3,456649,414,1103.0169082125603
LI-Small,227,amlc_00227,e_5699666,160427,0,easy_t3,456649,414,1103.0169082125603
LI-Small,228,amlc_00228,e_5699889,160650,1,illicit,756,756,1.0
LI-Small,229,amlc_00229,e_5700756,161517,0,easy_t3,456649,414,1103.0169082125603
LI-Small,230,amlc_00230,e_5702456,163217,0,easy_t3,456649,414,1103.0169082125603
LI-Small,231,amlc_00231,e_5703765,164526,1,illicit,756,756,1.0
LI-Small,232,amlc_00232,e_5704738,165499,0,easy_t1,456649,415,1100.3590361445783
LI-Small,233,amlc_00233,e_5704992,165753,0,easy_t1,456649,415,1100.3590361445783
LI-Small,234,amlc_00234,e_5705418,166179,0,easy_t2,470487,414,1136.4420289855072
LI-Small,235,amlc_00235,e_5705713,166474,1,illicit,756,756,1.0
LI-Small,236,amlc_00236,e_5706277,167038,0,easy_t1,456649,415,1100.3590361445783
LI-Small,237,amlc_00237,e_5708919,169680,0,easy_t1,456649,415,1100.3590361445783
LI-Small,238,amlc_00238,e_5709511,170272,0,easy_t3,456649,414,1103.0169082125603
LI-Small,239,amlc_00239,e_5712415,173176,0,easy_t2,470487,414,1136.4420289855072
LI-Small,240,amlc_00240,e_5713599,174360,0,easy_t3,456649,414,1103.0169082125603
LI-Small,241,amlc_00241,e_5713608,174369,0,easy_t3,456649,414,1103.0169082125603
LI-Small,242,amlc_00242,e_5713758,174519,0,easy_t3,456649,414,1103.0169082125603
LI-Small,243,amlc_00243,e_5714550,175311,1,illicit,756,756,1.0
LI-Small,244,amlc_00244,e_5714730,175491,1,illicit,756,756,1.0
LI-Small,245,amlc_00245,e_5715025,175786,1,illicit,756,756,1.0
LI-Small,246,amlc_00246,e_5717761,178522,1,illicit,756,756,1.0
LI-Small,247,amlc_00247,e_5718137,178898,0,easy_t3,456649,414,1103.0169082125603
LI-Small,248,amlc_00248,e_5718705,179466,0,easy_t2,470487,414,1136.4420289855072
LI-Small,249,amlc_00249,e_5720591,181352,0,easy_t1,456649,415,1100.3590361445783
LI-Small,250,amlc_00250,e_5720850,181611,1,illicit,756,756,1.0
LI-Small,251,amlc_00251,e_5720920,181681,0,easy_t1,456649,415,1100.3590361445783
LI-Small,252,amlc_00252,e_5721664,182425,0,easy_t1,456649,415,1100.3590361445783
LI-Small,253,amlc_00253,e_5721910,182671,1,illicit,756,756,1.0
LI-Small,254,amlc_00254,e_5722109,182870,0,easy_t1,456649,415,1100.3590361445783
LI-Small,255,amlc_00255,e_5722284,183045,1,illicit,756,756,1.0
LI-Small,256,amlc_00256,e_5724491,185252,0,easy_t2,470487,414,1136.4420289855072
LI-Small,257,amlc_00257,e_5725034,185795,1,illicit,756,756,1.0
LI-Small,258,amlc_00258,e_5726250,187011,1,illicit,756,756,1.0
LI-Small,259,amlc_00259,e_5726263,187024,0,easy_t3,456649,414,1103.0169082125603
LI-Small,260,amlc_00260,e_5726425,187186,0,easy_t1,456649,415,1100.3590361445783
LI-Small,261,amlc_00261,e_5727360,188121,0,easy_t3,456649,414,1103.0169082125603
LI-Small,262,amlc_00262,e_5727569,188330,0,easy_t3,456649,414,1103.0169082125603
LI-Small,263,amlc_00263,e_5730976,191737,1,illicit,756,756,1.0
LI-Small,264,amlc_00264,e_5731302,192063,1,illicit,756,756,1.0
LI-Small,265,amlc_00265,e_5731818,192579,1,illicit,756,756,1.0
LI-Small,266,amlc_00266,e_5731980,192741,0,easy_t1,456649,415,1100.3590361445783
LI-Small,267,amlc_00267,e_5734224,194985,1,illicit,756,756,1.0
LI-Small,268,amlc_00268,e_5734312,195073,0,easy_t1,456649,415,1100.3590361445783
LI-Small,269,amlc_00269,e_5735762,196523,0,easy_t1,456649,415,1100.3590361445783
LI-Small,270,amlc_00270,e_5736547,197308,1,illicit,756,756,1.0
LI-Small,271,amlc_00271,e_5736755,197516,0,hard_neg,269,269,1.0
LI-Small,272,amlc_00272,e_5736856,197617,0,easy_t3,456649,414,1103.0169082125603
LI-Small,273,amlc_00273,e_5737203,197964,0,easy_t3,456649,414,1103.0169082125603
LI-Small,274,amlc_00274,e_5738000,198761,0,easy_t2,470487,414,1136.4420289855072
LI-Small,275,amlc_00275,e_5738857,199618,0,easy_t3,456649,414,1103.0169082125603
LI-Small,276,amlc_00276,e_5739032,199793,0,easy_t3,456649,414,1103.0169082125603
LI-Small,277,amlc_00277,e_5740195,200956,0,easy_t2,470487,414,1136.4420289855072
LI-Small,278,amlc_00278,e_5740409,201170,0,easy_t3,456649,414,1103.0169082125603
LI-Small,279,amlc_00279,e_5741315,202076,0,easy_t2,470487,414,1136.4420289855072
LI-Small,280,amlc_00280,e_5741616,202377,0,easy_t3,456649,414,1103.0169082125603
LI-Small,281,amlc_00281,e_5742201,202962,0,easy_t3,456649,414,1103.0169082125603
LI-Small,282,amlc_00282,e_5742591,203352,0,easy_t2,470487,414,1136.4420289855072
LI-Small,283,amlc_00283,e_5743407,204168,0,easy_t2,470487,414,1136.4420289855072
LI-Small,284,amlc_00284,e_5743408,204169,0,easy_t2,470487,414,1136.4420289855072
LI-Small,285,amlc_00285,e_5743862,204623,1,illicit,756,756,1.0
LI-Small,286,amlc_00286,e_5745434,206195,0,easy_t1,456649,415,1100.3590361445783
LI-Small,287,amlc_00287,e_5746553,207314,1,illicit,756,756,1.0
LI-Small,288,amlc_00288,e_5747669,208430,0,easy_t1,456649,415,1100.3590361445783
LI-Small,289,amlc_00289,e_5747769,208530,0,easy_t1,456649,415,1100.3590361445783
LI-Small,290,amlc_00290,e_5747788,208549,1,illicit,756,756,1.0
LI-Small,291,amlc_00291,e_5749067,209828,0,easy_t1,456649,415,1100.3590361445783
LI-Small,292,amlc_00292,e_5751119,211880,0,easy_t3,456649,414,1103.0169082125603
LI-Small,293,amlc_00293,e_5751625,212386,0,easy_t2,470487,414,1136.4420289855072
LI-Small,294,amlc_00294,e_5752665,213426,1,illicit,756,756,1.0
LI-Small,295,amlc_00295,e_5755053,215814,0,easy_t3,456649,414,1103.0169082125603
LI-Small,296,amlc_00296,e_5755154,215915,1,illicit,756,756,1.0
LI-Small,297,amlc_00297,e_5755334,216095,0,easy_t3,456649,414,1103.0169082125603
LI-Small,298,amlc_00298,e_5755338,216099,0,easy_t2,470487,414,1136.4420289855072
LI-Small,299,amlc_00299,e_5756850,217611,0,easy_t2,470487,414,1136.4420289855072
LI-Small,300,amlc_00300,e_5757467,218228,0,easy_t3,456649,414,1103.0169082125603
LI-Small,301,amlc_00301,e_5759949,220710,0,easy_t2,470487,414,1136.4420289855072
LI-Small,302,amlc_00302,e_5762465,223226,1,illicit,756,756,1.0
LI-Small,303,amlc_00303,e_5762561,223322,0,hard_neg,269,269,1.0
LI-Small,304,amlc_00304,e_5762696,223457,0,easy_t3,456649,414,1103.0169082125603
LI-Small,305,amlc_00305,e_5762837,223598,0,easy_t2,470487,414,1136.4420289855072
LI-Small,306,amlc_00306,e_5763731,224492,0,hard_neg,269,269,1.0
LI-Small,307,amlc_00307,e_5765054,225815,0,easy_t3,456649,414,1103.0169082125603
LI-Small,308,amlc_00308,e_5766377,227138,0,easy_t2,470487,414,1136.4420289855072
LI-Small,309,amlc_00309,e_5767982,228743,0,hard_neg,269,269,1.0
LI-Small,310,amlc_00310,e_5768668,229429,0,easy_t3,456649,414,1103.0169082125603
LI-Small,311,amlc_00311,e_5769530,230291,0,easy_t3,456649,414,1103.0169082125603
LI-Small,312,amlc_00312,e_5771801,232562,0,easy_t2,470487,414,1136.4420289855072
LI-Small,313,amlc_00313,e_5772147,232908,0,easy_t3,456649,414,1103.0169082125603
LI-Small,314,amlc_00314,e_5772735,233496,1,illicit,756,756,1.0
LI-Small,315,amlc_00315,e_5773701,234462,1,illicit,756,756,1.0
LI-Small,316,amlc_00316,e_5773958,234719,0,easy_t1,456649,415,1100.3590361445783
LI-Small,317,amlc_00317,e_5774477,235238,0,easy_t2,470487,414,1136.4420289855072
LI-Small,318,amlc_00318,e_5775528,236289,0,easy_t1,456649,415,1100.3590361445783
LI-Small,319,amlc_00319,e_5775875,236636,0,easy_t2,470487,414,1136.4420289855072
LI-Small,320,amlc_00320,e_5777072,237833,0,easy_t2,470487,414,1136.4420289855072
LI-Small,321,amlc_00321,e_5777083,237844,0,easy_t1,456649,415,1100.3590361445783
LI-Small,322,amlc_00322,e_5778126,238887,0,easy_t2,470487,414,1136.4420289855072
LI-Small,323,amlc_00323,e_5779542,240303,1,illicit,756,756,1.0
LI-Small,324,amlc_00324,e_5779602,240363,0,easy_t1,456649,415,1100.3590361445783
LI-Small,325,amlc_00325,e_5781132,241893,0,hard_neg,269,269,1.0
LI-Small,326,amlc_00326,e_5781633,242394,0,easy_t1,456649,415,1100.3590361445783
LI-Small,327,amlc_00327,e_5782291,243052,0,easy_t1,456649,415,1100.3590361445783
LI-Small,328,amlc_00328,e_5782796,243557,0,easy_t1,456649,415,1100.3590361445783
LI-Small,329,amlc_00329,e_5783069,243830,0,easy_t2,470487,414,1136.4420289855072
LI-Small,330,amlc_00330,e_5783847,244608,0,hard_neg,269,269,1.0
LI-Small,331,amlc_00331,e_5783926,244687,0,easy_t1,456649,415,1100.3590361445783
LI-Small,332,amlc_00332,e_5784367,245128,1,illicit,756,756,1.0
LI-Small,333,amlc_00333,e_5784717,245478,0,easy_t1,456649,415,1100.3590361445783
LI-Small,334,amlc_00334,e_5784996,245757,0,easy_t1,456649,415,1100.3590361445783
LI-Small,335,amlc_00335,e_5785287,246048,0,easy_t1,456649,415,1100.3590361445783
LI-Small,336,amlc_00336,e_5785292,246053,0,easy_t1,456649,415,1100.3590361445783
LI-Small,337,amlc_00337,e_5786259,247020,0,easy_t2,470487,414,1136.4420289855072
LI-Small,338,amlc_00338,e_5787615,248376,0,easy_t3,456649,414,1103.0169082125603
LI-Small,339,amlc_00339,e_5787833,248594,0,easy_t2,470487,414,1136.4420289855072
LI-Small,340,amlc_00340,e_5788276,249037,0,easy_t3,456649,414,1103.0169082125603
LI-Small,341,amlc_00341,e_5788587,249348,1,illicit,756,756,1.0
LI-Small,342,amlc_00342,e_5791410,252171,0,easy_t1,456649,415,1100.3590361445783
LI-Small,343,amlc_00343,e_5794212,254973,1,illicit,756,756,1.0
LI-Small,344,amlc_00344,e_5794820,255581,0,easy_t2,470487,414,1136.4420289855072
LI-Small,345,amlc_00345,e_5795149,255910,0,easy_t1,456649,415,1100.3590361445783
LI-Small,346,amlc_00346,e_5795304,256065,0,easy_t1,456649,415,1100.3590361445783
LI-Small,347,amlc_00347,e_5795502,256263,0,easy_t3,456649,414,1103.0169082125603
LI-Small,348,amlc_00348,e_5795539,256300,0,easy_t1,456649,415,1100.3590361445783
LI-Small,349,amlc_00349,e_5795794,256555,1,illicit,756,756,1.0
LI-Small,350,amlc_00350,e_5802736,263497,1,illicit,756,756,1.0
LI-Small,351,amlc_00351,e_5803053,263814,1,illicit,756,756,1.0
LI-Small,352,amlc_00352,e_5804331,265092,0,hard_neg,269,269,1.0
LI-Small,353,amlc_00353,e_5804395,265156,0,hard_neg,269,269,1.0
LI-Small,354,amlc_00354,e_5804434,265195,0,easy_t1,456649,415,1100.3590361445783
LI-Small,355,amlc_00355,e_5804798,265559,0,easy_t1,456649,415,1100.3590361445783
LI-Small,356,amlc_00356,e_5805867,266628,1,illicit,756,756,1.0
LI-Small,357,amlc_00357,e_5806348,267109,0,easy_t2,470487,414,1136.4420289855072
LI-Small,358,amlc_00358,e_5806882,267643,0,easy_t3,456649,414,1103.0169082125603
LI-Small,359,amlc_00359,e_5807119,267880,0,easy_t3,456649,414,1103.0169082125603
LI-Small,360,amlc_00360,e_5808499,269260,0,easy_t2,470487,414,1136.4420289855072
LI-Small,361,amlc_00361,e_5809455,270216,0,easy_t1,456649,415,1100.3590361445783
LI-Small,362,amlc_00362,e_5809925,270686,1,illicit,756,756,1.0
LI-Small,363,amlc_00363,e_5810305,271066,0,easy_t2,470487,414,1136.4420289855072
LI-Small,364,amlc_00364,e_5810369,271130,0,easy_t3,456649,414,1103.0169082125603
LI-Small,365,amlc_00365,e_5810650,271411,0,hard_neg,269,269,1.0
LI-Small,366,amlc_00366,e_5811318,272079,0,easy_t1,456649,415,1100.3590361445783
LI-Small,367,amlc_00367,e_5812021,272782,0,easy_t1,456649,415,1100.3590361445783
LI-Small,368,amlc_00368,e_5813557,274318,0,easy_t2,470487,414,1136.4420289855072
LI-Small,369,amlc_00369,e_5813786,274547,0,easy_t1,456649,415,1100.3590361445783
LI-Small,370,amlc_00370,e_5814596,275357,0,easy_t3,456649,414,1103.0169082125603
LI-Small,371,amlc_00371,e_5814628,275389,0,easy_t1,456649,415,1100.3590361445783
LI-Small,372,amlc_00372,e_5814692,275453,0,easy_t1,456649,415,1100.3590361445783
LI-Small,373,amlc_00373,e_5814911,275672,0,easy_t3,456649,414,1103.0169082125603
LI-Small,374,amlc_00374,e_5815226,275987,0,easy_t2,470487,414,1136.4420289855072
LI-Small,375,amlc_00375,e_5815785,276546,1,illicit,756,756,1.0
LI-Small,376,amlc_00376,e_5817205,277966,1,illicit,756,756,1.0
LI-Small,377,amlc_00377,e_5817548,278309,0,easy_t3,456649,414,1103.0169082125603
LI-Small,378,amlc_00378,e_5817593,278354,0,easy_t1,456649,415,1100.3590361445783
LI-Small,379,amlc_00379,e_5818103,278864,0,easy_t1,456649,415,1100.3590361445783
LI-Small,380,amlc_00380,e_5819067,279828,0,easy_t1,456649,415,1100.3590361445783
LI-Small,381,amlc_00381,e_5819079,279840,1,illicit,756,756,1.0
LI-Small,382,amlc_00382,e_5820724,281485,1,illicit,756,756,1.0
LI-Small,383,amlc_00383,e_5820904,281665,0,easy_t1,456649,415,1100.3590361445783
LI-Small,384,amlc_00384,e_5821533,282294,0,easy_t1,456649,415,1100.3590361445783
LI-Small,385,amlc_00385,e_5821575,282336,0,easy_t2,470487,414,1136.4420289855072
LI-Small,386,amlc_00386,e_5821706,282467,0,easy_t1,456649,415,1100.3590361445783
LI-Small,387,amlc_00387,e_5823302,284063,0,easy_t1,456649,415,1100.3590361445783
LI-Small,388,amlc_00388,e_5823840,284601,0,hard_neg,269,269,1.0
LI-Small,389,amlc_00389,e_5823990,284751,0,easy_t2,470487,414,1136.4420289855072
LI-Small,390,amlc_00390,e_5825004,285765,0,easy_t3,456649,414,1103.0169082125603
LI-Small,391,amlc_00391,e_5825449,286210,0,easy_t2,470487,414,1136.4420289855072
LI-Small,392,amlc_00392,e_5825454,286215,0,easy_t1,456649,415,1100.3590361445783
LI-Small,393,amlc_00393,e_5825796,286557,0,easy_t3,456649,414,1103.0169082125603
LI-Small,394,amlc_00394,e_5826066,286827,1,illicit,756,756,1.0
LI-Small,395,amlc_00395,e_5827243,288004,0,easy_t2,470487,414,1136.4420289855072
LI-Small,396,amlc_00396,e_5827506,288267,0,easy_t3,456649,414,1103.0169082125603
LI-Small,397,amlc_00397,e_5828688,289449,0,easy_t3,456649,414,1103.0169082125603
LI-Small,398,amlc_00398,e_5829003,289764,0,hard_neg,269,269,1.0
LI-Small,399,amlc_00399,e_5830178,290939,0,hard_neg,269,269,1.0
LI-Small,400,amlc_00400,e_5830570,291331,0,easy_t3,456649,414,1103.0169082125603
LI-Small,401,amlc_00401,e_5832856,293617,0,easy_t2,470487,414,1136.4420289855072
LI-Small,402,amlc_00402,e_5833031,293792,0,easy_t3,456649,414,1103.0169082125603
LI-Small,403,amlc_00403,e_5833398,294159,0,easy_t2,470487,414,1136.4420289855072
LI-Small,404,amlc_00404,e_5833839,294600,0,easy_t3,456649,414,1103.0169082125603
LI-Small,405,amlc_00405,e_5835666,296427,0,easy_t1,456649,415,1100.3590361445783
LI-Small,406,amlc_00406,e_5835973,296734,0,hard_neg,269,269,1.0
LI-Small,407,amlc_00407,e_5836648,297409,0,hard_neg,269,269,1.0
LI-Small,408,amlc_00408,e_5836853,297614,0,hard_neg,269,269,1.0
LI-Small,409,amlc_00409,e_5837782,298543,1,illicit,756,756,1.0
LI-Small,410,amlc_00410,e_5840759,301520,0,easy_t2,470487,414,1136.4420289855072
LI-Small,411,amlc_00411,e_5841442,302203,1,illicit,756,756,1.0
LI-Small,412,amlc_00412,e_5843703,304464,1,illicit,756,756,1.0
LI-Small,413,amlc_00413,e_5844247,305008,0,easy_t2,470487,414,1136.4420289855072
LI-Small,414,amlc_00414,e_5844846,305607,1,illicit,756,756,1.0
LI-Small,415,amlc_00415,e_5846245,307006,0,easy_t3,456649,414,1103.0169082125603
LI-Small,416,amlc_00416,e_5846784,307545,0,easy_t2,470487,414,1136.4420289855072
LI-Small,417,amlc_00417,e_5847888,308649,0,easy_t1,456649,415,1100.3590361445783
LI-Small,418,amlc_00418,e_5848206,308967,0,easy_t2,470487,414,1136.4420289855072
LI-Small,419,amlc_00419,e_5848522,309283,0,easy_t2,470487,414,1136.4420289855072
LI-Small,420,amlc_00420,e_5848587,309348,0,easy_t3,456649,414,1103.0169082125603
LI-Small,421,amlc_00421,e_5849646,310407,0,easy_t3,456649,414,1103.0169082125603
LI-Small,422,amlc_00422,e_5849749,310510,0,easy_t2,470487,414,1136.4420289855072
LI-Small,423,amlc_00423,e_5850172,310933,0,easy_t2,470487,414,1136.4420289855072
LI-Small,424,amlc_00424,e_5850648,311409,0,easy_t3,456649,414,1103.0169082125603
LI-Small,425,amlc_00425,e_5851187,311948,0,easy_t2,470487,414,1136.4420289855072
LI-Small,426,amlc_00426,e_5851217,311978,0,easy_t3,456649,414,1103.0169082125603
LI-Small,427,amlc_00427,e_5851239,312000,1,illicit,756,756,1.0
LI-Small,428,amlc_00428,e_5851255,312016,0,easy_t2,470487,414,1136.4420289855072
LI-Small,429,amlc_00429,e_5852348,313109,0,easy_t1,456649,415,1100.3590361445783
LI-Small,430,amlc_00430,e_5852497,313258,0,hard_neg,269,269,1.0
LI-Small,431,amlc_00431,e_5854047,314808,0,easy_t2,470487,414,1136.4420289855072
LI-Small,432,amlc_00432,e_5856091,316852,1,illicit,756,756,1.0
LI-Small,433,amlc_00433,e_5856210,316971,0,easy_t1,456649,415,1100.3590361445783
LI-Small,434,amlc_00434,e_5858278,319039,1,illicit,756,756,1.0
LI-Small,435,amlc_00435,e_5858339,319100,0,easy_t1,456649,415,1100.3590361445783
LI-Small,436,amlc_00436,e_5859328,320089,0,easy_t1,456649,415,1100.3590361445783
LI-Small,437,amlc_00437,e_5860167,320928,0,easy_t3,456649,414,1103.0169082125603
LI-Small,438,amlc_00438,e_5860307,321068,1,illicit,756,756,1.0
LI-Small,439,amlc_00439,e_5862229,322990,0,easy_t1,456649,415,1100.3590361445783
LI-Small,440,amlc_00440,e_5862418,323179,1,illicit,756,756,1.0
LI-Small,441,amlc_00441,e_5862979,323740,0,easy_t3,456649,414,1103.0169082125603
LI-Small,442,amlc_00442,e_5863656,324417,0,easy_t3,456649,414,1103.0169082125603
LI-Small,443,amlc_00443,e_5863658,324419,0,easy_t2,470487,414,1136.4420289855072
LI-Small,444,amlc_00444,e_5863782,324543,0,easy_t3,456649,414,1103.0169082125603
LI-Small,445,amlc_00445,e_5863941,324702,0,easy_t3,456649,414,1103.0169082125603
LI-Small,446,amlc_00446,e_5864174,324935,0,easy_t3,456649,414,1103.0169082125603
LI-Small,447,amlc_00447,e_5864591,325352,0,easy_t2,470487,414,1136.4420289855072
LI-Small,448,amlc_00448,e_5865020,325781,1,illicit,756,756,1.0
LI-Small,449,amlc_00449,e_5865260,326021,1,illicit,756,756,1.0
LI-Small,450,amlc_00450,e_5866668,327429,1,illicit,756,756,1.0
LI-Small,451,amlc_00451,e_5866670,327431,1,illicit,756,756,1.0
LI-Small,452,amlc_00452,e_5866672,327433,1,illicit,756,756,1.0
LI-Small,453,amlc_00453,e_5866674,327435,1,illicit,756,756,1.0
LI-Small,454,amlc_00454,e_5866676,327437,1,illicit,756,756,1.0
LI-Small,455,amlc_00455,e_5866678,327439,1,illicit,756,756,1.0
LI-Small,456,amlc_00456,e_5866679,327440,1,illicit,756,756,1.0
LI-Small,457,amlc_00457,e_5867326,328087,0,easy_t2,470487,414,1136.4420289855072
LI-Small,458,amlc_00458,e_5868232,328993,0,hard_neg,269,269,1.0
LI-Small,459,amlc_00459,e_5869162,329923,0,easy_t2,470487,414,1136.4420289855072
LI-Small,460,amlc_00460,e_5869402,330163,1,illicit,756,756,1.0
LI-Small,461,amlc_00461,e_5870198,330959,0,easy_t2,470487,414,1136.4420289855072
LI-Small,462,amlc_00462,e_5870293,331054,0,hard_neg,269,269,1.0
LI-Small,463,amlc_00463,e_5870371,331132,0,easy_t1,456649,415,1100.3590361445783
LI-Small,464,amlc_00464,e_5871162,331923,1,illicit,756,756,1.0
LI-Small,465,amlc_00465,e_5872826,333587,0,easy_t1,456649,415,1100.3590361445783
LI-Small,466,amlc_00466,e_5873163,333924,1,illicit,756,756,1.0
LI-Small,467,amlc_00467,e_5874008,334769,0,hard_neg,269,269,1.0
LI-Small,468,amlc_00468,e_5875530,336291,1,illicit,756,756,1.0
LI-Small,469,amlc_00469,e_5876559,337320,0,easy_t3,456649,414,1103.0169082125603
LI-Small,470,amlc_00470,e_5877230,337991,0,easy_t2,470487,414,1136.4420289855072
LI-Small,471,amlc_00471,e_5877554,338315,0,easy_t2,470487,414,1136.4420289855072
LI-Small,472,amlc_00472,e_5877679,338440,0,easy_t1,456649,415,1100.3590361445783
LI-Small,473,amlc_00473,e_5883027,343788,1,illicit,756,756,1.0
LI-Small,474,amlc_00474,e_5883180,343941,1,illicit,756,756,1.0
LI-Small,475,amlc_00475,e_5883265,344026,1,illicit,756,756,1.0
LI-Small,476,amlc_00476,e_5883441,344202,0,easy_t3,456649,414,1103.0169082125603
LI-Small,477,amlc_00477,e_5883908,344669,0,hard_neg,269,269,1.0
LI-Small,478,amlc_00478,e_5885226,345987,1,illicit,756,756,1.0
LI-Small,479,amlc_00479,e_5886985,347746,1,illicit,756,756,1.0
LI-Small,480,amlc_00480,e_5887412,348173,1,illicit,756,756,1.0
LI-Small,481,amlc_00481,e_5888446,349207,0,easy_t2,470487,414,1136.4420289855072
LI-Small,482,amlc_00482,e_5888901,349662,1,illicit,756,756,1.0
LI-Small,483,amlc_00483,e_5889803,350564,0,hard_neg,269,269,1.0
LI-Small,484,amlc_00484,e_5889824,350585,0,easy_t2,470487,414,1136.4420289855072
LI-Small,485,amlc_00485,e_5891794,352555,0,easy_t2,470487,414,1136.4420289855072
LI-Small,486,amlc_00486,e_5891799,352560,0,easy_t1,456649,415,1100.3590361445783
LI-Small,487,amlc_00487,e_5891979,352740,0,easy_t1,456649,415,1100.3590361445783
LI-Small,488,amlc_00488,e_5893249,354010,1,illicit,756,756,1.0
LI-Small,489,amlc_00489,e_5893572,354333,1,illicit,756,756,1.0
LI-Small,490,amlc_00490,e_5895052,355813,0,easy_t2,470487,414,1136.4420289855072
LI-Small,491,amlc_00491,e_5895295,356056,0,easy_t3,456649,414,1103.0169082125603
LI-Small,492,amlc_00492,e_5895300,356061,1,illicit,756,756,1.0
LI-Small,493,amlc_00493,e_5895684,356445,0,hard_neg,269,269,1.0
LI-Small,494,amlc_00494,e_5895743,356504,0,hard_neg,269,269,1.0
LI-Small,495,amlc_00495,e_5896271,357032,0,easy_t3,456649,414,1103.0169082125603
LI-Small,496,amlc_00496,e_5896510,357271,0,easy_t2,470487,414,1136.4420289855072
LI-Small,497,amlc_00497,e_5896895,357656,1,illicit,756,756,1.0
LI-Small,498,amlc_00498,e_5897934,358695,1,illicit,756,756,1.0
LI-Small,499,amlc_00499,e_5898051,358812,0,easy_t3,456649,414,1103.0169082125603
LI-Small,500,amlc_00500,e_5898491,359252,0,easy_t3,456649,414,1103.0169082125603
LI-Small,501,amlc_00501,e_5898571,359332,0,easy_t2,470487,414,1136.4420289855072
LI-Small,502,amlc_00502,e_5899821,360582,0,hard_neg,269,269,1.0
LI-Small,503,amlc_00503,e_5900295,361056,1,illicit,756,756,1.0
LI-Small,504,amlc_00504,e_5901370,362131,0,easy_t3,456649,414,1103.0169082125603
LI-Small,505,amlc_00505,e_5902510,363271,0,hard_neg,269,269,1.0
LI-Small,506,amlc_00506,e_5902904,363665,0,hard_neg,269,269,1.0
LI-Small,507,amlc_00507,e_5905319,366080,0,easy_t3,456649,414,1103.0169082125603
LI-Small,508,amlc_00508,e_5905437,366198,1,illicit,756,756,1.0
LI-Small,509,amlc_00509,e_5906186,366947,1,illicit,756,756,1.0
LI-Small,510,amlc_00510,e_5906335,367096,0,easy_t1,456649,415,1100.3590361445783
LI-Small,511,amlc_00511,e_5906670,367431,0,easy_t2,470487,414,1136.4420289855072
LI-Small,512,amlc_00512,e_5906919,367680,0,hard_neg,269,269,1.0
LI-Small,513,amlc_00513,e_5907532,368293,0,hard_neg,269,269,1.0
LI-Small,514,amlc_00514,e_5907988,368749,0,easy_t1,456649,415,1100.3590361445783
LI-Small,515,amlc_00515,e_5908223,368984,0,hard_neg,269,269,1.0
LI-Small,516,amlc_00516,e_5909354,370115,1,illicit,756,756,1.0
LI-Small,517,amlc_00517,e_5909451,370212,0,easy_t1,456649,415,1100.3590361445783
LI-Small,518,amlc_00518,e_5909940,370701,1,illicit,756,756,1.0
LI-Small,519,amlc_00519,e_5910820,371581,0,hard_neg,269,269,1.0
LI-Small,520,amlc_00520,e_5911236,371997,1,illicit,756,756,1.0
LI-Small,521,amlc_00521,e_5911278,372039,1,illicit,756,756,1.0
LI-Small,522,amlc_00522,e_5911301,372062,0,easy_t3,456649,414,1103.0169082125603
LI-Small,523,amlc_00523,e_5911666,372427,1,illicit,756,756,1.0
LI-Small,524,amlc_00524,e_5911938,372699,0,easy_t3,456649,414,1103.0169082125603
LI-Small,525,amlc_00525,e_5912379,373140,0,hard_neg,269,269,1.0
LI-Small,526,amlc_00526,e_5913241,374002,0,easy_t2,470487,414,1136.4420289855072
LI-Small,527,amlc_00527,e_5913879,374640,0,easy_t3,456649,414,1103.0169082125603
LI-Small,528,amlc_00528,e_5915456,376217,0,easy_t1,456649,415,1100.3590361445783
LI-Small,529,amlc_00529,e_5916570,377331,1,illicit,756,756,1.0
LI-Small,530,amlc_00530,e_5916928,377689,0,easy_t2,470487,414,1136.4420289855072
LI-Small,531,amlc_00531,e_5918132,378893,0,easy_t2,470487,414,1136.4420289855072
LI-Small,532,amlc_00532,e_5918452,379213,1,illicit,756,756,1.0
LI-Small,533,amlc_00533,e_5920931,381692,0,easy_t2,470487,414,1136.4420289855072
LI-Small,534,amlc_00534,e_5921039,381800,0,easy_t3,456649,414,1103.0169082125603
LI-Small,535,amlc_00535,e_5921844,382605,0,easy_t3,456649,414,1103.0169082125603
LI-Small,536,amlc_00536,e_5921867,382628,0,easy_t3,456649,414,1103.0169082125603
LI-Small,537,amlc_00537,e_5923005,383766,0,easy_t2,470487,414,1136.4420289855072
LI-Small,538,amlc_00538,e_5923047,383808,0,hard_neg,269,269,1.0
LI-Small,539,amlc_00539,e_5923591,384352,0,easy_t3,456649,414,1103.0169082125603
LI-Small,540,amlc_00540,e_5924086,384847,0,easy_t3,456649,414,1103.0169082125603
LI-Small,541,amlc_00541,e_5926219,386980,0,easy_t1,456649,415,1100.3590361445783
LI-Small,542,amlc_00542,e_5926764,387525,0,easy_t3,456649,414,1103.0169082125603
LI-Small,543,amlc_00543,e_5927108,387869,0,easy_t1,456649,415,1100.3590361445783
LI-Small,544,amlc_00544,e_5927953,388714,0,easy_t2,470487,414,1136.4420289855072
LI-Small,545,amlc_00545,e_5928864,389625,0,easy_t1,456649,415,1100.3590361445783
LI-Small,546,amlc_00546,e_5930083,390844,0,easy_t2,470487,414,1136.4420289855072
LI-Small,547,amlc_00547,e_5930219,390980,0,easy_t2,470487,414,1136.4420289855072
LI-Small,548,amlc_00548,e_5931308,392069,1,illicit,756,756,1.0
LI-Small,549,amlc_00549,e_5931325,392086,0,easy_t3,456649,414,1103.0169082125603
LI-Small,550,amlc_00550,e_5931867,392628,0,easy_t2,470487,414,1136.4420289855072
LI-Small,551,amlc_00551,e_5931982,392743,0,easy_t3,456649,414,1103.0169082125603
LI-Small,552,amlc_00552,e_5932707,393468,1,illicit,756,756,1.0
LI-Small,553,amlc_00553,e_5932708,393469,1,illicit,756,756,1.0
LI-Small,554,amlc_00554,e_5932709,393470,1,illicit,756,756,1.0
LI-Small,555,amlc_00555,e_5932711,393472,1,illicit,756,756,1.0
LI-Small,556,amlc_00556,e_5932713,393474,1,illicit,756,756,1.0
LI-Small,557,amlc_00557,e_5932715,393476,1,illicit,756,756,1.0
LI-Small,558,amlc_00558,e_5932717,393478,1,illicit,756,756,1.0
LI-Small,559,amlc_00559,e_5932719,393480,1,illicit,756,756,1.0
LI-Small,560,amlc_00560,e_5932721,393482,1,illicit,756,756,1.0
LI-Small,561,amlc_00561,e_5932722,393483,1,illicit,756,756,1.0
LI-Small,562,amlc_00562,e_5932751,393512,0,easy_t3,456649,414,1103.0169082125603
LI-Small,563,amlc_00563,e_5932804,393565,0,easy_t2,470487,414,1136.4420289855072
LI-Small,564,amlc_00564,e_5933903,394664,0,hard_neg,269,269,1.0
LI-Small,565,amlc_00565,e_5935263,396024,0,hard_neg,269,269,1.0
LI-Small,566,amlc_00566,e_5935297,396058,0,easy_t3,456649,414,1103.0169082125603
LI-Small,567,amlc_00567,e_5935623,396384,0,easy_t1,456649,415,1100.3590361445783
LI-Small,568,amlc_00568,e_5936096,396857,0,easy_t3,456649,414,1103.0169082125603
LI-Small,569,amlc_00569,e_5936200,396961,0,hard_neg,269,269,1.0
LI-Small,570,amlc_00570,e_5938838,399599,0,easy_t3,456649,414,1103.0169082125603
LI-Small,571,amlc_00571,e_5939289,400050,0,easy_t2,470487,414,1136.4420289855072
LI-Small,572,amlc_00572,e_5939481,400242,1,illicit,756,756,1.0
LI-Small,573,amlc_00573,e_5940456,401217,0,easy_t1,456649,415,1100.3590361445783
LI-Small,574,amlc_00574,e_5941167,401928,1,illicit,756,756,1.0
LI-Small,575,amlc_00575,e_5942520,403281,0,hard_neg,269,269,1.0
LI-Small,576,amlc_00576,e_5942865,403626,0,easy_t1,456649,415,1100.3590361445783
LI-Small,577,amlc_00577,e_5942959,403720,0,easy_t3,456649,414,1103.0169082125603
LI-Small,578,amlc_00578,e_5943287,404048,0,easy_t1,456649,415,1100.3590361445783
LI-Small,579,amlc_00579,e_5945728,406489,0,easy_t1,456649,415,1100.3590361445783
LI-Small,580,amlc_00580,e_5945798,406559,0,hard_neg,269,269,1.0
LI-Small,581,amlc_00581,e_5945904,406665,1,illicit,756,756,1.0
LI-Small,582,amlc_00582,e_5947076,407837,0,hard_neg,269,269,1.0
LI-Small,583,amlc_00583,e_5947083,407844,0,easy_t1,456649,415,1100.3590361445783
LI-Small,584,amlc_00584,e_5947333,408094,0,easy_t1,456649,415,1100.3590361445783
LI-Small,585,amlc_00585,e_5947758,408519,1,illicit,756,756,1.0
LI-Small,586,amlc_00586,e_5947804,408565,0,easy_t1,456649,415,1100.3590361445783
LI-Small,587,amlc_00587,e_5948799,409560,0,easy_t3,456649,414,1103.0169082125603
LI-Small,588,amlc_00588,e_5949306,410067,0,easy_t3,456649,414,1103.0169082125603
LI-Small,589,amlc_00589,e_5949990,410751,1,illicit,756,756,1.0
LI-Small,590,amlc_00590,e_5949991,410752,0,hard_neg,269,269,1.0
LI-Small,591,amlc_00591,e_5951273,412034,0,easy_t3,456649,414,1103.0169082125603
LI-Small,592,amlc_00592,e_5951732,412493,0,hard_neg,269,269,1.0
LI-Small,593,amlc_00593,e_5952002,412763,0,easy_t2,470487,414,1136.4420289855072
LI-Small,594,amlc_00594,e_5952643,413404,0,easy_t3,456649,414,1103.0169082125603
LI-Small,595,amlc_00595,e_5954246,415007,0,easy_t3,456649,414,1103.0169082125603
LI-Small,596,amlc_00596,e_5954498,415259,0,hard_neg,269,269,1.0
LI-Small,597,amlc_00597,e_5954499,415260,0,hard_neg,269,269,1.0
LI-Small,598,amlc_00598,e_5955068,415829,1,illicit,756,756,1.0
LI-Small,599,amlc_00599,e_5956182,416943,0,easy_t3,456649,414,1103.0169082125603
LI-Small,600,amlc_00600,e_5956278,417039,0,hard_neg,269,269,1.0
LI-Small,601,amlc_00601,e_5956659,417420,0,easy_t3,456649,414,1103.0169082125603
LI-Small,602,amlc_00602,e_5956737,417498,0,easy_t2,470487,414,1136.4420289855072
LI-Small,603,amlc_00603,e_5957225,417986,0,easy_t3,456649,414,1103.0169082125603
LI-Small,604,amlc_00604,e_5957234,417995,1,illicit,756,756,1.0
LI-Small,605,amlc_00605,e_5957859,418620,0,easy_t2,470487,414,1136.4420289855072
LI-Small,606,amlc_00606,e_5957867,418628,0,easy_t2,470487,414,1136.4420289855072
LI-Small,607,amlc_00607,e_5958463,419224,0,easy_t2,470487,414,1136.4420289855072
LI-Small,608,amlc_00608,e_5959077,419838,0,easy_t2,470487,414,1136.4420289855072
LI-Small,609,amlc_00609,e_5959203,419964,0,easy_t3,456649,414,1103.0169082125603
LI-Small,610,amlc_00610,e_5959363,420124,0,easy_t3,456649,414,1103.0169082125603
LI-Small,611,amlc_00611,e_5959729,420490,0,easy_t3,456649,414,1103.0169082125603
LI-Small,612,amlc_00612,e_5960339,421100,0,hard_neg,269,269,1.0
LI-Small,613,amlc_00613,e_5961835,422596,0,easy_t3,456649,414,1103.0169082125603
LI-Small,614,amlc_00614,e_5962075,422836,0,easy_t2,470487,414,1136.4420289855072
LI-Small,615,amlc_00615,e_5962103,422864,0,easy_t1,456649,415,1100.3590361445783
LI-Small,616,amlc_00616,e_5962201,422962,0,easy_t3,456649,414,1103.0169082125603
LI-Small,617,amlc_00617,e_5962375,423136,0,hard_neg,269,269,1.0
LI-Small,618,amlc_00618,e_5962588,423349,0,hard_neg,269,269,1.0
LI-Small,619,amlc_00619,e_5962600,423361,0,easy_t1,456649,415,1100.3590361445783
LI-Small,620,amlc_00620,e_5963044,423805,0,easy_t1,456649,415,1100.3590361445783
LI-Small,621,amlc_00621,e_5963420,424181,0,easy_t1,456649,415,1100.3590361445783
LI-Small,622,amlc_00622,e_5963633,424394,0,easy_t1,456649,415,1100.3590361445783
LI-Small,623,amlc_00623,e_5963930,424691,0,easy_t1,456649,415,1100.3590361445783
LI-Small,624,amlc_00624,e_5964022,424783,0,easy_t1,456649,415,1100.3590361445783
LI-Small,625,amlc_00625,e_5965314,426075,0,hard_neg,269,269,1.0
LI-Small,626,amlc_00626,e_5965704,426465,0,easy_t1,456649,415,1100.3590361445783
LI-Small,627,amlc_00627,e_5966101,426862,0,easy_t1,456649,415,1100.3590361445783
LI-Small,628,amlc_00628,e_5966546,427307,0,easy_t1,456649,415,1100.3590361445783
LI-Small,629,amlc_00629,e_5967117,427878,0,hard_neg,269,269,1.0
LI-Small,630,amlc_00630,e_5969091,429852,0,easy_t3,456649,414,1103.0169082125603
LI-Small,631,amlc_00631,e_5971184,431945,0,easy_t3,456649,414,1103.0169082125603
LI-Small,632,amlc_00632,e_5972222,432983,0,easy_t3,456649,414,1103.0169082125603
LI-Small,633,amlc_00633,e_5972804,433565,0,easy_t1,456649,415,1100.3590361445783
LI-Small,634,amlc_00634,e_5972834,433595,0,easy_t2,470487,414,1136.4420289855072
LI-Small,635,amlc_00635,e_5973470,434231,1,illicit,756,756,1.0
LI-Small,636,amlc_00636,e_5973743,434504,0,easy_t3,456649,414,1103.0169082125603
LI-Small,637,amlc_00637,e_5973837,434598,0,easy_t2,470487,414,1136.4420289855072
LI-Small,638,amlc_00638,e_5974203,434964,0,easy_t2,470487,414,1136.4420289855072
LI-Small,639,amlc_00639,e_5976946,437707,0,easy_t2,470487,414,1136.4420289855072
LI-Small,640,amlc_00640,e_5977039,437800,1,illicit,756,756,1.0
LI-Small,641,amlc_00641,e_5977739,438500,0,hard_neg,269,269,1.0
LI-Small,642,amlc_00642,e_5978700,439461,0,easy_t1,456649,415,1100.3590361445783
LI-Small,643,amlc_00643,e_5979201,439962,0,easy_t3,456649,414,1103.0169082125603
LI-Small,644,amlc_00644,e_5981223,441984,1,illicit,756,756,1.0
LI-Small,645,amlc_00645,e_5981320,442081,1,illicit,756,756,1.0
LI-Small,646,amlc_00646,e_5981326,442087,0,easy_t1,456649,415,1100.3590361445783
LI-Small,647,amlc_00647,e_5982054,442815,0,easy_t1,456649,415,1100.3590361445783
LI-Small,648,amlc_00648,e_5982230,442991,1,illicit,756,756,1.0
LI-Small,649,amlc_00649,e_5983623,444384,0,easy_t3,456649,414,1103.0169082125603
LI-Small,650,amlc_00650,e_5984207,444968,0,easy_t1,456649,415,1100.3590361445783
LI-Small,651,amlc_00651,e_5984868,445629,0,easy_t1,456649,415,1100.3590361445783
LI-Small,652,amlc_00652,e_5987248,448009,0,easy_t2,470487,414,1136.4420289855072
LI-Small,653,amlc_00653,e_5989641,450402,0,easy_t3,456649,414,1103.0169082125603
LI-Small,654,amlc_00654,e_5989753,450514,1,illicit,756,756,1.0
LI-Small,655,amlc_00655,e_5989861,450622,1,illicit,756,756,1.0
LI-Small,656,amlc_00656,e_5990351,451112,0,easy_t3,456649,414,1103.0169082125603
LI-Small,657,amlc_00657,e_5991368,452129,0,easy_t3,456649,414,1103.0169082125603
LI-Small,658,amlc_00658,e_5991413,452174,0,hard_neg,269,269,1.0
LI-Small,659,amlc_00659,e_5991428,452189,0,hard_neg,269,269,1.0
LI-Small,660,amlc_00660,e_5992403,453164,0,easy_t2,470487,414,1136.4420289855072
LI-Small,661,amlc_00661,e_5992870,453631,0,easy_t1,456649,415,1100.3590361445783
LI-Small,662,amlc_00662,e_5993865,454626,0,easy_t3,456649,414,1103.0169082125603
LI-Small,663,amlc_00663,e_5994597,455358,0,easy_t1,456649,415,1100.3590361445783
LI-Small,664,amlc_00664,e_5995082,455843,0,easy_t2,470487,414,1136.4420289855072
LI-Small,665,amlc_00665,e_5995112,455873,1,illicit,756,756,1.0
LI-Small,666,amlc_00666,e_5995235,455996,0,hard_neg,269,269,1.0
LI-Small,667,amlc_00667,e_5995696,456457,0,easy_t1,456649,415,1100.3590361445783
LI-Small,668,amlc_00668,e_5996173,456934,1,illicit,756,756,1.0
LI-Small,669,amlc_00669,e_5996326,457087,0,easy_t2,470487,414,1136.4420289855072
LI-Small,670,amlc_00670,e_5997285,458046,0,hard_neg,269,269,1.0
LI-Small,671,amlc_00671,e_5998541,459302,0,easy_t2,470487,414,1136.4420289855072
LI-Small,672,amlc_00672,e_5999825,460586,0,hard_neg,269,269,1.0
LI-Small,673,amlc_00673,e_6000147,460908,0,easy_t1,456649,415,1100.3590361445783
LI-Small,674,amlc_00674,e_6000443,461204,0,easy_t2,470487,414,1136.4420289855072
LI-Small,675,amlc_00675,e_6000917,461678,0,easy_t1,456649,415,1100.3590361445783
LI-Small,676,amlc_00676,e_6001388,462149,0,easy_t1,456649,415,1100.3590361445783
LI-Small,677,amlc_00677,e_6002320,463081,0,easy_t1,456649,415,1100.3590361445783
LI-Small,678,amlc_00678,e_6004045,464806,0,easy_t1,456649,415,1100.3590361445783
LI-Small,679,amlc_00679,e_6004580,465341,0,easy_t2,470487,414,1136.4420289855072
LI-Small,680,amlc_00680,e_6008057,468818,0,easy_t3,456649,414,1103.0169082125603
LI-Small,681,amlc_00681,e_6009603,470364,0,easy_t1,456649,415,1100.3590361445783
LI-Small,682,amlc_00682,e_6009765,470526,0,easy_t3,456649,414,1103.0169082125603
LI-Small,683,amlc_00683,e_6009951,470712,1,illicit,756,756,1.0
LI-Small,684,amlc_00684,e_6010815,471576,0,easy_t3,456649,414,1103.0169082125603
LI-Small,685,amlc_00685,e_6011595,472356,0,easy_t2,470487,414,1136.4420289855072
LI-Small,686,amlc_00686,e_6011757,472518,0,easy_t2,470487,414,1136.4420289855072
LI-Small,687,amlc_00687,e_6013386,474147,1,illicit,756,756,1.0
LI-Small,688,amlc_00688,e_6017234,477995,0,hard_neg,269,269,1.0
LI-Small,689,amlc_00689,e_6018687,479448,0,hard_neg,269,269,1.0
LI-Small,690,amlc_00690,e_6019909,480670,0,hard_neg,269,269,1.0
LI-Small,691,amlc_00691,e_6021460,482221,0,easy_t1,456649,415,1100.3590361445783
LI-Small,692,amlc_00692,e_6022102,482863,0,easy_t1,456649,415,1100.3590361445783
LI-Small,693,amlc_00693,e_6022307,483068,1,illicit,756,756,1.0
LI-Small,694,amlc_00694,e_6022943,483704,0,hard_neg,269,269,1.0
LI-Small,695,amlc_00695,e_6023194,483955,0,easy_t1,456649,415,1100.3590361445783
LI-Small,696,amlc_00696,e_6023930,484691,0,hard_neg,269,269,1.0
LI-Small,697,amlc_00697,e_6024009,484770,1,illicit,756,756,1.0
LI-Small,698,amlc_00698,e_6025482,486243,0,easy_t3,456649,414,1103.0169082125603
LI-Small,699,amlc_00699,e_6026683,487444,0,easy_t3,456649,414,1103.0169082125603
LI-Small,700,amlc_00700,e_6027245,488006,1,illicit,756,756,1.0
LI-Small,701,amlc_00701,e_6028062,488823,0,easy_t1,456649,415,1100.3590361445783
LI-Small,702,amlc_00702,e_6029407,490168,0,hard_neg,269,269,1.0
LI-Small,703,amlc_00703,e_6029936,490697,0,easy_t2,470487,414,1136.4420289855072
LI-Small,704,amlc_00704,e_6032913,493674,0,hard_neg,269,269,1.0
LI-Small,705,amlc_00705,e_6033369,494130,1,illicit,756,756,1.0
LI-Small,706,amlc_00706,e_6033736,494497,0,easy_t2,470487,414,1136.4420289855072
LI-Small,707,amlc_00707,e_6033944,494705,0,hard_neg,269,269,1.0
LI-Small,708,amlc_00708,e_6035330,496091,0,hard_neg,269,269,1.0
LI-Small,709,amlc_00709,e_6036152,496913,1,illicit,756,756,1.0
LI-Small,710,amlc_00710,e_6037558,498319,1,illicit,756,756,1.0
LI-Small,711,amlc_00711,e_6038305,499066,1,illicit,756,756,1.0
LI-Small,712,amlc_00712,e_6038427,499188,0,hard_neg,269,269,1.0
LI-Small,713,amlc_00713,e_6038680,499441,0,easy_t1,456649,415,1100.3590361445783
LI-Small,714,amlc_00714,e_6038839,499600,0,easy_t1,456649,415,1100.3590361445783
LI-Small,715,amlc_00715,e_6039379,500140,0,easy_t1,456649,415,1100.3590361445783
LI-Small,716,amlc_00716,e_6040222,500983,0,easy_t2,470487,414,1136.4420289855072
LI-Small,717,amlc_00717,e_6040224,500985,0,easy_t1,456649,415,1100.3590361445783
LI-Small,718,amlc_00718,e_6041743,502504,0,easy_t2,470487,414,1136.4420289855072
LI-Small,719,amlc_00719,e_6041897,502658,0,easy_t2,470487,414,1136.4420289855072
LI-Small,720,amlc_00720,e_6042685,503446,0,hard_neg,269,269,1.0
LI-Small,721,amlc_00721,e_6042945,503706,1,illicit,756,756,1.0
LI-Small,722,amlc_00722,e_6046222,506983,0,hard_neg,269,269,1.0
LI-Small,723,amlc_00723,e_6047876,508637,0,hard_neg,269,269,1.0
LI-Small,724,amlc_00724,e_6047880,508641,0,hard_neg,269,269,1.0
LI-Small,725,amlc_00725,e_6048034,508795,0,easy_t3,456649,414,1103.0169082125603
LI-Small,726,amlc_00726,e_6049010,509771,1,illicit,756,756,1.0
LI-Small,727,amlc_00727,e_6049211,509972,1,illicit,756,756,1.0
LI-Small,728,amlc_00728,e_6049212,509973,1,illicit,756,756,1.0
LI-Small,729,amlc_00729,e_6049213,509974,1,illicit,756,756,1.0
LI-Small,730,amlc_00730,e_6049214,509975,1,illicit,756,756,1.0
LI-Small,731,amlc_00731,e_6049215,509976,0,hard_neg,269,269,1.0
LI-Small,732,amlc_00732,e_6049216,509977,1,illicit,756,756,1.0
LI-Small,733,amlc_00733,e_6049217,509978,1,illicit,756,756,1.0
LI-Small,734,amlc_00734,e_6049218,509979,1,illicit,756,756,1.0
LI-Small,735,amlc_00735,e_6049219,509980,0,hard_neg,269,269,1.0
LI-Small,736,amlc_00736,e_6049220,509981,1,illicit,756,756,1.0
LI-Small,737,amlc_00737,e_6049221,509982,1,illicit,756,756,1.0
LI-Small,738,amlc_00738,e_6049222,509983,1,illicit,756,756,1.0
LI-Small,739,amlc_00739,e_6049223,509984,0,hard_neg,269,269,1.0
LI-Small,740,amlc_00740,e_6049224,509985,1,illicit,756,756,1.0
LI-Small,741,amlc_00741,e_6049225,509986,1,illicit,756,756,1.0
LI-Small,742,amlc_00742,e_6049226,509987,1,illicit,756,756,1.0
LI-Small,743,amlc_00743,e_6049227,509988,1,illicit,756,756,1.0
LI-Small,744,amlc_00744,e_6049229,509990,1,illicit,756,756,1.0
LI-Small,745,amlc_00745,e_6049515,510276,0,easy_t2,470487,414,1136.4420289855072
LI-Small,746,amlc_00746,e_6049707,510468,0,easy_t2,470487,414,1136.4420289855072
LI-Small,747,amlc_00747,e_6049863,510624,0,easy_t1,456649,415,1100.3590361445783
LI-Small,748,amlc_00748,e_6050406,511167,1,illicit,756,756,1.0
LI-Small,749,amlc_00749,e_6050847,511608,1,illicit,756,756,1.0
LI-Small,750,amlc_00750,e_6051478,512239,0,easy_t2,470487,414,1136.4420289855072
LI-Small,751,amlc_00751,e_6052251,513012,0,easy_t2,470487,414,1136.4420289855072
LI-Small,752,amlc_00752,e_6052271,513032,0,hard_neg,269,269,1.0
LI-Small,753,amlc_00753,e_6053175,513936,0,easy_t3,456649,414,1103.0169082125603
LI-Small,754,amlc_00754,e_6053795,514556,0,easy_t1,456649,415,1100.3590361445783
LI-Small,755,amlc_00755,e_6056397,517158,1,illicit,756,756,1.0
LI-Small,756,amlc_00756,e_6056649,517410,0,easy_t1,456649,415,1100.3590361445783
LI-Small,757,amlc_00757,e_6058312,519073,0,easy_t1,456649,415,1100.3590361445783
LI-Small,758,amlc_00758,e_6060838,521599,0,easy_t3,456649,414,1103.0169082125603
LI-Small,759,amlc_00759,e_6061067,521828,0,hard_neg,269,269,1.0
LI-Small,760,amlc_00760,e_6061695,522456,1,illicit,756,756,1.0
LI-Small,761,amlc_00761,e_6062005,522766,1,illicit,756,756,1.0
LI-Small,762,amlc_00762,e_6064801,525562,0,easy_t2,470487,414,1136.4420289855072
LI-Small,763,amlc_00763,e_6065464,526225,0,easy_t1,456649,415,1100.3590361445783
LI-Small,764,amlc_00764,e_6067271,528032,0,hard_neg,269,269,1.0
LI-Small,765,amlc_00765,e_6067765,528526,1,illicit,756,756,1.0
LI-Small,766,amlc_00766,e_6068273,529034,0,easy_t2,470487,414,1136.4420289855072
LI-Small,767,amlc_00767,e_6068825,529586,0,hard_neg,269,269,1.0
LI-Small,768,amlc_00768,e_6068910,529671,1,illicit,756,756,1.0
LI-Small,769,amlc_00769,e_6069728,530489,1,illicit,756,756,1.0
LI-Small,770,amlc_00770,e_6071396,532157,0,easy_t1,456649,415,1100.3590361445783
LI-Small,771,amlc_00771,e_6073684,534445,0,easy_t1,456649,415,1100.3590361445783
LI-Small,772,amlc_00772,e_6073976,534737,0,easy_t1,456649,415,1100.3590361445783
LI-Small,773,amlc_00773,e_6074204,534965,1,illicit,756,756,1.0
LI-Small,774,amlc_00774,e_6076306,537067,1,illicit,756,756,1.0
LI-Small,775,amlc_00775,e_6076332,537093,1,illicit,756,756,1.0
LI-Small,776,amlc_00776,e_6077525,538286,1,illicit,756,756,1.0
LI-Small,777,amlc_00777,e_6078263,539024,0,easy_t2,470487,414,1136.4420289855072
LI-Small,778,amlc_00778,e_6078711,539472,0,easy_t3,456649,414,1103.0169082125603
LI-Small,779,amlc_00779,e_6079808,540569,1,illicit,756,756,1.0
LI-Small,780,amlc_00780,e_6080580,541341,0,easy_t2,470487,414,1136.4420289855072
LI-Small,781,amlc_00781,e_6081657,542418,1,illicit,756,756,1.0
LI-Small,782,amlc_00782,e_6081725,542486,1,illicit,756,756,1.0
LI-Small,783,amlc_00783,e_6081943,542704,0,hard_neg,269,269,1.0
LI-Small,784,amlc_00784,e_6083325,544086,0,easy_t2,470487,414,1136.4420289855072
LI-Small,785,amlc_00785,e_6084543,545304,1,illicit,756,756,1.0
LI-Small,786,amlc_00786,e_6085997,546758,1,illicit,756,756,1.0
LI-Small,787,amlc_00787,e_6086432,547193,0,hard_neg,269,269,1.0
LI-Small,788,amlc_00788,e_6087116,547877,0,easy_t1,456649,415,1100.3590361445783
LI-Small,789,amlc_00789,e_6087892,548653,0,easy_t2,470487,414,1136.4420289855072
LI-Small,790,amlc_00790,e_6088078,548839,0,easy_t2,470487,414,1136.4420289855072
LI-Small,791,amlc_00791,e_6089473,550234,1,illicit,756,756,1.0
LI-Small,792,amlc_00792,e_6090400,551161,0,hard_neg,269,269,1.0
LI-Small,793,amlc_00793,e_6091255,552016,1,illicit,756,756,1.0
LI-Small,794,amlc_00794,e_6092995,553756,0,easy_t1,456649,415,1100.3590361445783
LI-Small,795,amlc_00795,e_6094121,554882,0,hard_neg,269,269,1.0
LI-Small,796,amlc_00796,e_6095034,555795,0,easy_t1,456649,415,1100.3590361445783
LI-Small,797,amlc_00797,e_6095238,555999,0,easy_t1,456649,415,1100.3590361445783
LI-Small,798,amlc_00798,e_6095285,556046,0,easy_t1,456649,415,1100.3590361445783
LI-Small,799,amlc_00799,e_6095434,556195,0,easy_t1,456649,415,1100.3590361445783
LI-Small,800,amlc_00800,e_6096565,557326,0,easy_t2,470487,414,1136.4420289855072
LI-Small,801,amlc_00801,e_6096723,557484,0,easy_t3,456649,414,1103.0169082125603
LI-Small,802,amlc_00802,e_6096964,557725,0,hard_neg,269,269,1.0
LI-Small,803,amlc_00803,e_6096965,557726,0,hard_neg,269,269,1.0
LI-Small,804,amlc_00804,e_6097736,558497,0,easy_t3,456649,414,1103.0169082125603
LI-Small,805,amlc_00805,e_6098395,559156,0,easy_t3,456649,414,1103.0169082125603
LI-Small,806,amlc_00806,e_6098399,559160,0,easy_t2,470487,414,1136.4420289855072
LI-Small,807,amlc_00807,e_6098655,559416,0,easy_t2,470487,414,1136.4420289855072
LI-Small,808,amlc_00808,e_6099416,560177,0,easy_t3,456649,414,1103.0169082125603
LI-Small,809,amlc_00809,e_6100688,561449,0,easy_t2,470487,414,1136.4420289855072
LI-Small,810,amlc_00810,e_6101365,562126,1,illicit,756,756,1.0
LI-Small,811,amlc_00811,e_6102172,562933,0,hard_neg,269,269,1.0
LI-Small,812,amlc_00812,e_6102659,563420,1,illicit,756,756,1.0
LI-Small,813,amlc_00813,e_6102932,563693,0,easy_t3,456649,414,1103.0169082125603
LI-Small,814,amlc_00814,e_6104355,565116,0,easy_t2,470487,414,1136.4420289855072
LI-Small,815,amlc_00815,e_6104648,565409,0,easy_t1,456649,415,1100.3590361445783
LI-Small,816,amlc_00816,e_6105282,566043,0,easy_t3,456649,414,1103.0169082125603
LI-Small,817,amlc_00817,e_6105649,566410,0,easy_t1,456649,415,1100.3590361445783
LI-Small,818,amlc_00818,e_6105807,566568,0,easy_t2,470487,414,1136.4420289855072
LI-Small,819,amlc_00819,e_6106423,567184,0,easy_t1,456649,415,1100.3590361445783
LI-Small,820,amlc_00820,e_6106734,567495,1,illicit,756,756,1.0
LI-Small,821,amlc_00821,e_6107251,568012,0,hard_neg,269,269,1.0
LI-Small,822,amlc_00822,e_6108641,569402,0,easy_t3,456649,414,1103.0169082125603
LI-Small,823,amlc_00823,e_6109018,569779,0,easy_t1,456649,415,1100.3590361445783
LI-Small,824,amlc_00824,e_6111379,572140,0,easy_t2,470487,414,1136.4420289855072
LI-Small,825,amlc_00825,e_6111589,572350,0,hard_neg,269,269,1.0
LI-Small,826,amlc_00826,e_6111987,572748,0,easy_t1,456649,415,1100.3590361445783
LI-Small,827,amlc_00827,e_6114801,575562,0,easy_t2,470487,414,1136.4420289855072
LI-Small,828,amlc_00828,e_6116421,577182,1,illicit,756,756,1.0
LI-Small,829,amlc_00829,e_6116676,577437,0,easy_t3,456649,414,1103.0169082125603
LI-Small,830,amlc_00830,e_6116781,577542,0,easy_t3,456649,414,1103.0169082125603
LI-Small,831,amlc_00831,e_6117439,578200,1,illicit,756,756,1.0
LI-Small,832,amlc_00832,e_6117523,578284,0,easy_t2,470487,414,1136.4420289855072
LI-Small,833,amlc_00833,e_6117859,578620,0,easy_t3,456649,414,1103.0169082125603
LI-Small,834,amlc_00834,e_6117972,578733,0,easy_t2,470487,414,1136.4420289855072
LI-Small,835,amlc_00835,e_6118250,579011,0,easy_t3,456649,414,1103.0169082125603
LI-Small,836,amlc_00836,e_6118996,579757,0,easy_t2,470487,414,1136.4420289855072
LI-Small,837,amlc_00837,e_6119782,580543,1,illicit,756,756,1.0
LI-Small,838,amlc_00838,e_6120807,581568,0,hard_neg,269,269,1.0
LI-Small,839,amlc_00839,e_6121670,582431,0,easy_t2,470487,414,1136.4420289855072
LI-Small,840,amlc_00840,e_6123120,583881,1,illicit,756,756,1.0
LI-Small,841,amlc_00841,e_6123445,584206,0,easy_t1,456649,415,1100.3590361445783
LI-Small,842,amlc_00842,e_6123721,584482,0,easy_t1,456649,415,1100.3590361445783
LI-Small,843,amlc_00843,e_6124285,585046,1,illicit,756,756,1.0
LI-Small,844,amlc_00844,e_6124350,585111,0,easy_t2,470487,414,1136.4420289855072
LI-Small,845,amlc_00845,e_6126044,586805,0,easy_t1,456649,415,1100.3590361445783
LI-Small,846,amlc_00846,e_6126285,587046,0,easy_t2,470487,414,1136.4420289855072
LI-Small,847,amlc_00847,e_6126316,587077,1,illicit,756,756,1.0
LI-Small,848,amlc_00848,e_6127835,588596,0,easy_t3,456649,414,1103.0169082125603
LI-Small,849,amlc_00849,e_6128691,589452,0,easy_t1,456649,415,1100.3590361445783
LI-Small,850,amlc_00850,e_6130011,590772,0,easy_t1,456649,415,1100.3590361445783
LI-Small,851,amlc_00851,e_6130210,590971,0,easy_t1,456649,415,1100.3590361445783
LI-Small,852,amlc_00852,e_6130214,590975,0,easy_t1,456649,415,1100.3590361445783
LI-Small,853,amlc_00853,e_6131879,592640,0,easy_t3,456649,414,1103.0169082125603
LI-Small,854,amlc_00854,e_6132525,593286,1,illicit,756,756,1.0
LI-Small,855,amlc_00855,e_6132853,593614,0,easy_t3,456649,414,1103.0169082125603
LI-Small,856,amlc_00856,e_6133597,594358,0,easy_t3,456649,414,1103.0169082125603
LI-Small,857,amlc_00857,e_6134810,595571,0,easy_t3,456649,414,1103.0169082125603
LI-Small,858,amlc_00858,e_6135386,596147,0,easy_t1,456649,415,1100.3590361445783
LI-Small,859,amlc_00859,e_6136532,597293,1,illicit,756,756,1.0
LI-Small,860,amlc_00860,e_6137414,598175,0,easy_t3,456649,414,1103.0169082125603
LI-Small,861,amlc_00861,e_6137937,598698,0,easy_t3,456649,414,1103.0169082125603
LI-Small,862,amlc_00862,e_6138761,599522,1,illicit,756,756,1.0
LI-Small,863,amlc_00863,e_6138849,599610,0,easy_t2,470487,414,1136.4420289855072
LI-Small,864,amlc_00864,e_6139608,600369,0,easy_t2,470487,414,1136.4420289855072
LI-Small,865,amlc_00865,e_6139757,600518,1,illicit,756,756,1.0
LI-Small,866,amlc_00866,e_6141545,602306,1,illicit,756,756,1.0
LI-Small,867,amlc_00867,e_6141945,602706,0,easy_t3,456649,414,1103.0169082125603
LI-Small,868,amlc_00868,e_6142311,603072,0,hard_neg,269,269,1.0
LI-Small,869,amlc_00869,e_6143261,604022,0,easy_t3,456649,414,1103.0169082125603
LI-Small,870,amlc_00870,e_6143498,604259,0,easy_t2,470487,414,1136.4420289855072
LI-Small,871,amlc_00871,e_6145538,606299,0,easy_t2,470487,414,1136.4420289855072
LI-Small,872,amlc_00872,e_6146084,606845,1,illicit,756,756,1.0
LI-Small,873,amlc_00873,e_6146107,606868,0,hard_neg,269,269,1.0
LI-Small,874,amlc_00874,e_6146139,606900,0,easy_t1,456649,415,1100.3590361445783
LI-Small,875,amlc_00875,e_6146384,607145,0,easy_t1,456649,415,1100.3590361445783
LI-Small,876,amlc_00876,e_6146932,607693,0,hard_neg,269,269,1.0
LI-Small,877,amlc_00877,e_6147249,608010,0,hard_neg,269,269,1.0
LI-Small,878,amlc_00878,e_6147616,608377,0,hard_neg,269,269,1.0
LI-Small,879,amlc_00879,e_6147732,608493,0,easy_t1,456649,415,1100.3590361445783
LI-Small,880,amlc_00880,e_6148269,609030,0,easy_t1,456649,415,1100.3590361445783
LI-Small,881,amlc_00881,e_6149282,610043,0,easy_t1,456649,415,1100.3590361445783
LI-Small,882,amlc_00882,e_6149391,610152,0,hard_neg,269,269,1.0
LI-Small,883,amlc_00883,e_6149398,610159,0,hard_neg,269,269,1.0
LI-Small,884,amlc_00884,e_6150104,610865,0,easy_t3,456649,414,1103.0169082125603
LI-Small,885,amlc_00885,e_6150450,611211,0,easy_t2,470487,414,1136.4420289855072
LI-Small,886,amlc_00886,e_6150594,611355,0,easy_t2,470487,414,1136.4420289855072
LI-Small,887,amlc_00887,e_6151076,611837,1,illicit,756,756,1.0
LI-Small,888,amlc_00888,e_6151806,612567,1,illicit,756,756,1.0
LI-Small,889,amlc_00889,e_6152625,613386,0,easy_t2,470487,414,1136.4420289855072
LI-Small,890,amlc_00890,e_6153470,614231,0,easy_t3,456649,414,1103.0169082125603
LI-Small,891,amlc_00891,e_6154513,615274,0,easy_t2,470487,414,1136.4420289855072
LI-Small,892,amlc_00892,e_6154824,615585,0,hard_neg,269,269,1.0
LI-Small,893,amlc_00893,e_6154825,615586,0,hard_neg,269,269,1.0
LI-Small,894,amlc_00894,e_6155625,616386,0,easy_t2,470487,414,1136.4420289855072
LI-Small,895,amlc_00895,e_6158600,619361,1,illicit,756,756,1.0
LI-Small,896,amlc_00896,e_6159942,620703,0,easy_t2,470487,414,1136.4420289855072
LI-Small,897,amlc_00897,e_6161666,622427,1,illicit,756,756,1.0
LI-Small,898,amlc_00898,e_6162141,622902,1,illicit,756,756,1.0
LI-Small,899,amlc_00899,e_6162492,623253,0,easy_t2,470487,414,1136.4420289855072
LI-Small,900,amlc_00900,e_6163028,623789,0,hard_neg,269,269,1.0
LI-Small,901,amlc_00901,e_6163287,624048,0,easy_t1,456649,415,1100.3590361445783
LI-Small,902,amlc_00902,e_6163738,624499,1,illicit,756,756,1.0
LI-Small,903,amlc_00903,e_6164817,625578,1,illicit,756,756,1.0
LI-Small,904,amlc_00904,e_6166290,627051,0,easy_t1,456649,415,1100.3590361445783
LI-Small,905,amlc_00905,e_6167183,627944,0,easy_t1,456649,415,1100.3590361445783
LI-Small,906,amlc_00906,e_6168721,629482,0,easy_t3,456649,414,1103.0169082125603
LI-Small,907,amlc_00907,e_6169370,630131,1,illicit,756,756,1.0
LI-Small,908,amlc_00908,e_6170140,630901,0,easy_t2,470487,414,1136.4420289855072
LI-Small,909,amlc_00909,e_6172571,633332,1,illicit,756,756,1.0
LI-Small,910,amlc_00910,e_6172816,633577,1,illicit,756,756,1.0
LI-Small,911,amlc_00911,e_6174125,634886,0,hard_neg,269,269,1.0
LI-Small,912,amlc_00912,e_6175635,636396,0,easy_t3,456649,414,1103.0169082125603
LI-Small,913,amlc_00913,e_6175863,636624,0,easy_t2,470487,414,1136.4420289855072
LI-Small,914,amlc_00914,e_6176361,637122,0,easy_t3,456649,414,1103.0169082125603
LI-Small,915,amlc_00915,e_6177345,638106,1,illicit,756,756,1.0
LI-Small,916,amlc_00916,e_6177554,638315,0,hard_neg,269,269,1.0
LI-Small,917,amlc_00917,e_6177555,638316,0,easy_t3,456649,414,1103.0169082125603
LI-Small,918,amlc_00918,e_6177837,638598,1,illicit,756,756,1.0
LI-Small,919,amlc_00919,e_6180442,641203,1,illicit,756,756,1.0
LI-Small,920,amlc_00920,e_6181209,641970,0,easy_t3,456649,414,1103.0169082125603
LI-Small,921,amlc_00921,e_6181922,642683,0,easy_t2,470487,414,1136.4420289855072
LI-Small,922,amlc_00922,e_6182531,643292,0,hard_neg,269,269,1.0
LI-Small,923,amlc_00923,e_6184021,644782,0,easy_t1,456649,415,1100.3590361445783
LI-Small,924,amlc_00924,e_6184482,645243,0,easy_t1,456649,415,1100.3590361445783
LI-Small,925,amlc_00925,e_6184498,645259,0,hard_neg,269,269,1.0
LI-Small,926,amlc_00926,e_6184710,645471,1,illicit,756,756,1.0
LI-Small,927,amlc_00927,e_6184753,645514,0,easy_t1,456649,415,1100.3590361445783
LI-Small,928,amlc_00928,e_6185889,646650,0,easy_t1,456649,415,1100.3590361445783
LI-Small,929,amlc_00929,e_6186199,646960,0,easy_t1,456649,415,1100.3590361445783
LI-Small,930,amlc_00930,e_6189307,650068,0,easy_t2,470487,414,1136.4420289855072
LI-Small,931,amlc_00931,e_6189854,650615,0,hard_neg,269,269,1.0
LI-Small,932,amlc_00932,e_6191086,651847,0,hard_neg,269,269,1.0
LI-Small,933,amlc_00933,e_6191102,651863,0,easy_t2,470487,414,1136.4420289855072
LI-Small,934,amlc_00934,e_6192095,652856,0,hard_neg,269,269,1.0
LI-Small,935,amlc_00935,e_6192763,653524,0,easy_t2,470487,414,1136.4420289855072
LI-Small,936,amlc_00936,e_6192769,653530,0,easy_t3,456649,414,1103.0169082125603
LI-Small,937,amlc_00937,e_6192857,653618,0,easy_t2,470487,414,1136.4420289855072
LI-Small,938,amlc_00938,e_6192998,653759,0,easy_t3,456649,414,1103.0169082125603
LI-Small,939,amlc_00939,e_6194097,654858,0,easy_t3,456649,414,1103.0169082125603
LI-Small,940,amlc_00940,e_6194808,655569,0,easy_t3,456649,414,1103.0169082125603
LI-Small,941,amlc_00941,e_6196373,657134,0,easy_t2,470487,414,1136.4420289855072
LI-Small,942,amlc_00942,e_6197571,658332,0,easy_t2,470487,414,1136.4420289855072
LI-Small,943,amlc_00943,e_6198152,658913,0,easy_t2,470487,414,1136.4420289855072
LI-Small,944,amlc_00944,e_6198348,659109,0,hard_neg,269,269,1.0
LI-Small,945,amlc_00945,e_6198707,659468,0,hard_neg,269,269,1.0
LI-Small,946,amlc_00946,e_6198953,659714,0,easy_t1,456649,415,1100.3590361445783
LI-Small,947,amlc_00947,e_6199748,660509,0,hard_neg,269,269,1.0
LI-Small,948,amlc_00948,e_6199966,660727,0,hard_neg,269,269,1.0
LI-Small,949,amlc_00949,e_6200514,661275,1,illicit,756,756,1.0
LI-Small,950,amlc_00950,e_6201354,662115,0,easy_t1,456649,415,1100.3590361445783
LI-Small,951,amlc_00951,e_6202893,663654,0,easy_t3,456649,414,1103.0169082125603
LI-Small,952,amlc_00952,e_6203126,663887,0,easy_t2,470487,414,1136.4420289855072
LI-Small,953,amlc_00953,e_6203162,663923,0,easy_t1,456649,415,1100.3590361445783
LI-Small,954,amlc_00954,e_6203795,664556,0,easy_t1,456649,415,1100.3590361445783
LI-Small,955,amlc_00955,e_6203838,664599,0,easy_t3,456649,414,1103.0169082125603
LI-Small,956,amlc_00956,e_6205126,665887,0,easy_t2,470487,414,1136.4420289855072
LI-Small,957,amlc_00957,e_6205304,666065,0,easy_t3,456649,414,1103.0169082125603
LI-Small,958,amlc_00958,e_6205445,666206,0,easy_t2,470487,414,1136.4420289855072
LI-Small,959,amlc_00959,e_6205924,666685,0,easy_t2,470487,414,1136.4420289855072
LI-Small,960,amlc_00960,e_6206504,667265,0,easy_t2,470487,414,1136.4420289855072
LI-Small,961,amlc_00961,e_6207308,668069,0,easy_t3,456649,414,1103.0169082125603
LI-Small,962,amlc_00962,e_6207846,668607,0,easy_t3,456649,414,1103.0169082125603
LI-Small,963,amlc_00963,e_6208150,668911,0,easy_t3,456649,414,1103.0169082125603
LI-Small,964,amlc_00964,e_6208560,669321,0,easy_t3,456649,414,1103.0169082125603
LI-Small,965,amlc_00965,e_6209177,669938,0,easy_t3,456649,414,1103.0169082125603
LI-Small,966,amlc_00966,e_6210111,670872,0,easy_t3,456649,414,1103.0169082125603
LI-Small,967,amlc_00967,e_6212234,672995,0,easy_t3,456649,414,1103.0169082125603
LI-Small,968,amlc_00968,e_6212786,673547,0,easy_t3,456649,414,1103.0169082125603
LI-Small,969,amlc_00969,e_6213618,674379,0,easy_t3,456649,414,1103.0169082125603
LI-Small,970,amlc_00970,e_6214391,675152,0,easy_t3,456649,414,1103.0169082125603
LI-Small,971,amlc_00971,e_6215432,676193,0,easy_t2,470487,414,1136.4420289855072
LI-Small,972,amlc_00972,e_6216970,677731,1,illicit,756,756,1.0
LI-Small,973,amlc_00973,e_6217072,677833,1,illicit,756,756,1.0
LI-Small,974,amlc_00974,e_6219123,679884,0,hard_neg,269,269,1.0
LI-Small,975,amlc_00975,e_6219495,680256,0,easy_t1,456649,415,1100.3590361445783
LI-Small,976,amlc_00976,e_6219518,680279,0,easy_t1,456649,415,1100.3590361445783
LI-Small,977,amlc_00977,e_6219577,680338,0,easy_t1,456649,415,1100.3590361445783
LI-Small,978,amlc_00978,e_6219808,680569,0,easy_t2,470487,414,1136.4420289855072
LI-Small,979,amlc_00979,e_6219856,680617,0,easy_t1,456649,415,1100.3590361445783
LI-Small,980,amlc_00980,e_6221160,681921,0,hard_neg,269,269,1.0
LI-Small,981,amlc_00981,e_6223334,684095,0,easy_t2,470487,414,1136.4420289855072
LI-Small,982,amlc_00982,e_6224804,685565,0,hard_neg,269,269,1.0
LI-Small,983,amlc_00983,e_6224805,685566,0,hard_neg,269,269,1.0
LI-Small,984,amlc_00984,e_6224806,685567,0,hard_neg,269,269,1.0
LI-Small,985,amlc_00985,e_6225501,686262,0,easy_t2,470487,414,1136.4420289855072
LI-Small,986,amlc_00986,e_6225881,686642,0,easy_t3,456649,414,1103.0169082125603
LI-Small,987,amlc_00987,e_6226503,687264,0,easy_t3,456649,414,1103.0169082125603
LI-Small,988,amlc_00988,e_6226536,687297,0,hard_neg,269,269,1.0
LI-Small,989,amlc_00989,e_6228616,689377,0,easy_t3,456649,414,1103.0169082125603
LI-Small,990,amlc_00990,e_6229195,689956,0,easy_t3,456649,414,1103.0169082125603
LI-Small,991,amlc_00991,e_6229956,690717,0,easy_t2,470487,414,1136.4420289855072
LI-Small,992,amlc_00992,e_6231765,692526,0,easy_t2,470487,414,1136.4420289855072
LI-Small,993,amlc_00993,e_6232745,693506,0,easy_t2,470487,414,1136.4420289855072
LI-Small,994,amlc_00994,e_6233221,693982,0,easy_t1,456649,415,1100.3590361445783
LI-Small,995,amlc_00995,e_6233478,694239,0,easy_t2,470487,414,1136.4420289855072
LI-Small,996,amlc_00996,e_6233753,694514,0,easy_t2,470487,414,1136.4420289855072
LI-Small,997,amlc_00997,e_6233808,694569,0,easy_t3,456649,414,1103.0169082125603
LI-Small,998,amlc_00998,e_6235712,696473,0,easy_t3,456649,414,1103.0169082125603
LI-Small,999,amlc_00999,e_6236099,696860,0,easy_t1,456649,415,1100.3590361445783
LI-Small,1000,amlc_01000,e_6237174,697935,0,easy_t1,456649,415,1100.3590361445783
LI-Small,1001,amlc_01001,e_6239551,700312,1,illicit,756,756,1.0
LI-Small,1002,amlc_01002,e_6240587,701348,1,illicit,756,756,1.0
LI-Small,1003,amlc_01003,e_6241110,701871,0,easy_t1,456649,415,1100.3590361445783
LI-Small,1004,amlc_01004,e_6242838,703599,0,easy_t2,470487,414,1136.4420289855072
LI-Small,1005,amlc_01005,e_6242882,703643,0,easy_t3,456649,414,1103.0169082125603
LI-Small,1006,amlc_01006,e_6242954,703715,0,easy_t3,456649,414,1103.0169082125603
LI-Small,1007,amlc_01007,e_6244841,705602,0,easy_t2,470487,414,1136.4420289855072
LI-Small,1008,amlc_01008,e_6245675,706436,0,easy_t3,456649,414,1103.0169082125603
LI-Small,1009,amlc_01009,e_6245916,706677,0,easy_t3,456649,414,1103.0169082125603
LI-Small,1010,amlc_01010,e_6247783,708544,1,illicit,756,756,1.0
LI-Small,1011,amlc_01011,e_6248891,709652,0,easy_t2,470487,414,1136.4420289855072
LI-Small,1012,amlc_01012,e_6248956,709717,0,easy_t2,470487,414,1136.4420289855072
LI-Small,1013,amlc_01013,e_6249096,709857,0,easy_t3,456649,414,1103.0169082125603
LI-Small,1014,amlc_01014,e_6249118,709879,1,illicit,756,756,1.0
LI-Small,1015,amlc_01015,e_6249120,709881,1,illicit,756,756,1.0
LI-Small,1016,amlc_01016,e_6249122,709883,1,illicit,756,756,1.0
LI-Small,1017,amlc_01017,e_6249124,709885,1,illicit,756,756,1.0
LI-Small,1018,amlc_01018,e_6249125,709886,1,illicit,756,756,1.0
LI-Small,1019,amlc_01019,e_6249127,709888,1,illicit,756,756,1.0
LI-Small,1020,amlc_01020,e_6249128,709889,1,illicit,756,756,1.0
LI-Small,1021,amlc_01021,e_6249129,709890,1,illicit,756,756,1.0
LI-Small,1022,amlc_01022,e_6249131,709892,1,illicit,756,756,1.0
LI-Small,1023,amlc_01023,e_6249134,709895,1,illicit,756,756,1.0
LI-Small,1024,amlc_01024,e_6249135,709896,1,illicit,756,756,1.0
LI-Small,1025,amlc_01025,e_6249136,709897,1,illicit,756,756,1.0
LI-Small,1026,amlc_01026,e_6249137,709898,1,illicit,756,756,1.0
LI-Small,1027,amlc_01027,e_6249138,709899,1,illicit,756,756,1.0
LI-Small,1028,amlc_01028,e_6249140,709901,1,illicit,756,756,1.0
LI-Small,1029,amlc_01029,e_6249142,709903,0,hard_neg,269,269,1.0
LI-Small,1030,amlc_01030,e_6249143,709904,1,illicit,756,756,1.0
LI-Small,1031,amlc_01031,e_6249145,709906,1,illicit,756,756,1.0
LI-Small,1032,amlc_01032,e_6249147,709908,1,illicit,756,756,1.0
LI-Small,1033,amlc_01033,e_6249149,709910,1,illicit,756,756,1.0
LI-Small,1034,amlc_01034,e_6249151,709912,1,illicit,756,756,1.0
LI-Small,1035,amlc_01035,e_6249153,709914,1,illicit,756,756,1.0
LI-Small,1036,amlc_01036,e_6249155,709916,1,illicit,756,756,1.0
LI-Small,1037,amlc_01037,e_6249157,709918,1,illicit,756,756,1.0
LI-Small,1038,amlc_01038,e_6249159,709920,1,illicit,756,756,1.0
LI-Small,1039,amlc_01039,e_6249160,709921,1,illicit,756,756,1.0
LI-Small,1040,amlc_01040,e_6249161,709922,1,illicit,756,756,1.0
LI-Small,1041,amlc_01041,e_6249162,709923,1,illicit,756,756,1.0
LI-Small,1042,amlc_01042,e_6249163,709924,1,illicit,756,756,1.0
LI-Small,1043,amlc_01043,e_6250017,710778,1,illicit,756,756,1.0
LI-Small,1044,amlc_01044,e_6250408,711169,1,illicit,756,756,1.0
LI-Small,1045,amlc_01045,e_6250434,711195,1,illicit,756,756,1.0
LI-Small,1046,amlc_01046,e_6255776,716537,0,easy_t1,456649,415,1100.3590361445783
LI-Small,1047,amlc_01047,e_6256635,717396,0,easy_t1,456649,415,1100.3590361445783
LI-Small,1048,amlc_01048,e_6256851,717612,0,easy_t1,456649,415,1100.3590361445783
LI-Small,1049,amlc_01049,e_6257333,718094,0,easy_t1,456649,415,1100.3590361445783
LI-Small,1050,amlc_01050,e_6257506,718267,0,easy_t2,470487,414,1136.4420289855072
LI-Small,1051,amlc_01051,e_6258446,719207,0,easy_t1,456649,415,1100.3590361445783
LI-Small,1052,amlc_01052,e_6261965,722726,1,illicit,756,756,1.0
LI-Small,1053,amlc_01053,e_6262502,723263,0,easy_t3,456649,414,1103.0169082125603
LI-Small,1054,amlc_01054,e_6262567,723328,0,hard_neg,269,269,1.0
LI-Small,1055,amlc_01055,e_6263139,723900,0,easy_t2,470487,414,1136.4420289855072
LI-Small,1056,amlc_01056,e_6264002,724763,0,easy_t3,456649,414,1103.0169082125603
LI-Small,1057,amlc_01057,e_6264495,725256,0,easy_t1,456649,415,1100.3590361445783
LI-Small,1058,amlc_01058,e_6264502,725263,0,easy_t3,456649,414,1103.0169082125603
LI-Small,1059,amlc_01059,e_6264653,725414,0,hard_neg,269,269,1.0
LI-Small,1060,amlc_01060,e_6265529,726290,0,easy_t2,470487,414,1136.4420289855072
LI-Small,1061,amlc_01061,e_6266775,727536,1,illicit,756,756,1.0
LI-Small,1062,amlc_01062,e_6266856,727617,0,hard_neg,269,269,1.0
LI-Small,1063,amlc_01063,e_6267648,728409,0,hard_neg,269,269,1.0
LI-Small,1064,amlc_01064,e_6268555,729316,1,illicit,756,756,1.0
LI-Small,1065,amlc_01065,e_6272328,733089,0,easy_t1,456649,415,1100.3590361445783
LI-Small,1066,amlc_01066,e_6272763,733524,0,easy_t1,456649,415,1100.3590361445783
LI-Small,1067,amlc_01067,e_6272997,733758,0,hard_neg,269,269,1.0
LI-Small,1068,amlc_01068,e_6277298,738059,0,easy_t1,456649,415,1100.3590361445783
LI-Small,1069,amlc_01069,e_6277382,738143,1,illicit,756,756,1.0
LI-Small,1070,amlc_01070,e_6277485,738246,0,easy_t1,456649,415,1100.3590361445783
LI-Small,1071,amlc_01071,e_6277678,738439,1,illicit,756,756,1.0
LI-Small,1072,amlc_01072,e_6277920,738681,0,easy_t3,456649,414,1103.0169082125603
LI-Small,1073,amlc_01073,e_6278651,739412,0,easy_t3,456649,414,1103.0169082125603
LI-Small,1074,amlc_01074,e_6278835,739596,0,hard_neg,269,269,1.0
LI-Small,1075,amlc_01075,e_6279471,740232,0,easy_t3,456649,414,1103.0169082125603
LI-Small,1076,amlc_01076,e_6280101,740862,0,easy_t3,456649,414,1103.0169082125603
LI-Small,1077,amlc_01077,e_6280705,741466,0,easy_t3,456649,414,1103.0169082125603
LI-Small,1078,amlc_01078,e_6281061,741822,1,illicit,756,756,1.0
LI-Small,1079,amlc_01079,e_6281090,741851,0,hard_neg,269,269,1.0
LI-Small,1080,amlc_01080,e_6281262,742023,0,easy_t2,470487,414,1136.4420289855072
LI-Small,1081,amlc_01081,e_6281325,742086,0,easy_t3,456649,414,1103.0169082125603
LI-Small,1082,amlc_01082,e_6281567,742328,0,easy_t2,470487,414,1136.4420289855072
LI-Small,1083,amlc_01083,e_6282314,743075,0,easy_t1,456649,415,1100.3590361445783
LI-Small,1084,amlc_01084,e_6283065,743826,0,easy_t2,470487,414,1136.4420289855072
LI-Small,1085,amlc_01085,e_6283843,744604,1,illicit,756,756,1.0
LI-Small,1086,amlc_01086,e_6284440,745201,0,easy_t2,470487,414,1136.4420289855072
LI-Small,1087,amlc_01087,e_6284500,745261,1,illicit,756,756,1.0
LI-Small,1088,amlc_01088,e_6285000,745761,0,easy_t3,456649,414,1103.0169082125603
LI-Small,1089,amlc_01089,e_6285414,746175,0,easy_t2,470487,414,1136.4420289855072
LI-Small,1090,amlc_01090,e_6286319,747080,1,illicit,756,756,1.0
LI-Small,1091,amlc_01091,e_6286719,747480,0,easy_t3,456649,414,1103.0169082125603
LI-Small,1092,amlc_01092,e_6286866,747627,0,easy_t2,470487,414,1136.4420289855072
LI-Small,1093,amlc_01093,e_6286897,747658,0,hard_neg,269,269,1.0
LI-Small,1094,amlc_01094,e_6286920,747681,0,easy_t3,456649,414,1103.0169082125603
LI-Small,1095,amlc_01095,e_6287029,747790,0,easy_t3,456649,414,1103.0169082125603
LI-Small,1096,amlc_01096,e_6288079,748840,0,easy_t2,470487,414,1136.4420289855072
LI-Small,1097,amlc_01097,e_6288494,749255,0,easy_t3,456649,414,1103.0169082125603
LI-Small,1098,amlc_01098,e_6288626,749387,0,easy_t3,456649,414,1103.0169082125603
LI-Small,1099,amlc_01099,e_6288782,749543,0,easy_t3,456649,414,1103.0169082125603
LI-Small,1100,amlc_01100,e_6288909,749670,0,easy_t2,470487,414,1136.4420289855072
LI-Small,1101,amlc_01101,e_6289188,749949,0,easy_t3,456649,414,1103.0169082125603
LI-Small,1102,amlc_01102,e_6289427,750188,1,illicit,756,756,1.0
LI-Small,1103,amlc_01103,e_6290468,751229,0,hard_neg,269,269,1.0
LI-Small,1104,amlc_01104,e_6290958,751719,1,illicit,756,756,1.0
LI-Small,1105,amlc_01105,e_6291253,752014,1,illicit,756,756,1.0
LI-Small,1106,amlc_01106,e_6292767,753528,0,easy_t1,456649,415,1100.3590361445783
LI-Small,1107,amlc_01107,e_6293876,754637,0,hard_neg,269,269,1.0
LI-Small,1108,amlc_01108,e_6294306,755067,0,easy_t1,456649,415,1100.3590361445783
LI-Small,1109,amlc_01109,e_6294610,755371,0,easy_t1,456649,415,1100.3590361445783
LI-Small,1110,amlc_01110,e_6294971,755732,0,easy_t1,456649,415,1100.3590361445783
LI-Small,1111,amlc_01111,e_6295097,755858,0,easy_t3,456649,414,1103.0169082125603
LI-Small,1112,amlc_01112,e_6295730,756491,0,easy_t3,456649,414,1103.0169082125603
LI-Small,1113,amlc_01113,e_6296195,756956,0,easy_t2,470487,414,1136.4420289855072
LI-Small,1114,amlc_01114,e_6296809,757570,1,illicit,756,756,1.0
LI-Small,1115,amlc_01115,e_6297110,757871,0,easy_t3,456649,414,1103.0169082125603
LI-Small,1116,amlc_01116,e_6299355,760116,0,easy_t3,456649,414,1103.0169082125603
LI-Small,1117,amlc_01117,e_6299707,760468,0,easy_t3,456649,414,1103.0169082125603
LI-Small,1118,amlc_01118,e_6301637,762398,0,hard_neg,269,269,1.0
LI-Small,1119,amlc_01119,e_6301749,762510,0,hard_neg,269,269,1.0
LI-Small,1120,amlc_01120,e_6301750,762511,0,hard_neg,269,269,1.0
LI-Small,1121,amlc_01121,e_6301751,762512,0,hard_neg,269,269,1.0
LI-Small,1122,amlc_01122,e_6303654,764415,0,easy_t2,470487,414,1136.4420289855072
LI-Small,1123,amlc_01123,e_6303666,764427,1,illicit,756,756,1.0
LI-Small,1124,amlc_01124,e_6303667,764428,1,illicit,756,756,1.0
LI-Small,1125,amlc_01125,e_6303825,764586,0,easy_t2,470487,414,1136.4420289855072
LI-Small,1126,amlc_01126,e_6304173,764934,0,easy_t2,470487,414,1136.4420289855072
LI-Small,1127,amlc_01127,e_6304960,765721,0,easy_t2,470487,414,1136.4420289855072
LI-Small,1128,amlc_01128,e_6305881,766642,0,easy_t3,456649,414,1103.0169082125603
LI-Small,1129,amlc_01129,e_6306318,767079,0,easy_t1,456649,415,1100.3590361445783
LI-Small,1130,amlc_01130,e_6306333,767094,0,easy_t3,456649,414,1103.0169082125603
LI-Small,1131,amlc_01131,e_6307523,768284,0,easy_t1,456649,415,1100.3590361445783
LI-Small,1132,amlc_01132,e_6308821,769582,0,easy_t2,470487,414,1136.4420289855072
LI-Small,1133,amlc_01133,e_6312377,773138,0,easy_t2,470487,414,1136.4420289855072
LI-Small,1134,amlc_01134,e_6313314,774075,0,hard_neg,269,269,1.0
LI-Small,1135,amlc_01135,e_6315163,775924,0,easy_t2,470487,414,1136.4420289855072
LI-Small,1136,amlc_01136,e_6315315,776076,0,easy_t2,470487,414,1136.4420289855072
LI-Small,1137,amlc_01137,e_6315376,776137,0,easy_t2,470487,414,1136.4420289855072
LI-Small,1138,amlc_01138,e_6315934,776695,0,easy_t2,470487,414,1136.4420289855072
LI-Small,1139,amlc_01139,e_6315946,776707,0,easy_t2,470487,414,1136.4420289855072
LI-Small,1140,amlc_01140,e_6316423,777184,0,easy_t2,470487,414,1136.4420289855072
LI-Small,1141,amlc_01141,e_6316482,777243,0,easy_t2,470487,414,1136.4420289855072
LI-Small,1142,amlc_01142,e_6316510,777271,0,hard_neg,269,269,1.0
LI-Small,1143,amlc_01143,e_6317223,777984,0,hard_neg,269,269,1.0
LI-Small,1144,amlc_01144,e_6317301,778062,0,easy_t3,456649,414,1103.0169082125603
LI-Small,1145,amlc_01145,e_6317596,778357,0,easy_t3,456649,414,1103.0169082125603
LI-Small,1146,amlc_01146,e_6318510,779271,0,easy_t3,456649,414,1103.0169082125603
LI-Small,1147,amlc_01147,e_6318837,779598,1,illicit,756,756,1.0
LI-Small,1148,amlc_01148,e_6319570,780331,0,easy_t1,456649,415,1100.3590361445783
LI-Small,1149,amlc_01149,e_6321689,782450,1,illicit,756,756,1.0
LI-Small,1150,amlc_01150,e_6321690,782451,1,illicit,756,756,1.0
LI-Small,1151,amlc_01151,e_6321692,782453,1,illicit,756,756,1.0
LI-Small,1152,amlc_01152,e_6322344,783105,0,easy_t2,470487,414,1136.4420289855072
LI-Small,1153,amlc_01153,e_6322661,783422,1,illicit,756,756,1.0
LI-Small,1154,amlc_01154,e_6323269,784030,1,illicit,756,756,1.0
LI-Small,1155,amlc_01155,e_6323376,784137,1,illicit,756,756,1.0
LI-Small,1156,amlc_01156,e_6324221,784982,0,easy_t2,470487,414,1136.4420289855072
LI-Small,1157,amlc_01157,e_6324813,785574,1,illicit,756,756,1.0
LI-Small,1158,amlc_01158,e_6325313,786074,1,illicit,756,756,1.0
LI-Small,1159,amlc_01159,e_6325554,786315,0,hard_neg,269,269,1.0
LI-Small,1160,amlc_01160,e_6326011,786772,1,illicit,756,756,1.0
LI-Small,1161,amlc_01161,e_6327128,787889,0,easy_t1,456649,415,1100.3590361445783
LI-Small,1162,amlc_01162,e_6327579,788340,0,easy_t3,456649,414,1103.0169082125603
LI-Small,1163,amlc_01163,e_6328168,788929,1,illicit,756,756,1.0
LI-Small,1164,amlc_01164,e_6329511,790272,0,easy_t1,456649,415,1100.3590361445783
LI-Small,1165,amlc_01165,e_6329942,790703,0,easy_t1,456649,415,1100.3590361445783
LI-Small,1166,amlc_01166,e_6330609,791370,0,easy_t1,456649,415,1100.3590361445783
LI-Small,1167,amlc_01167,e_6330652,791413,0,easy_t1,456649,415,1100.3590361445783
LI-Small,1168,amlc_01168,e_6330717,791478,0,easy_t1,456649,415,1100.3590361445783
LI-Small,1169,amlc_01169,e_6331174,791935,0,easy_t1,456649,415,1100.3590361445783
LI-Small,1170,amlc_01170,e_6331218,791979,1,illicit,756,756,1.0
LI-Small,1171,amlc_01171,e_6334563,795324,0,easy_t3,456649,414,1103.0169082125603
LI-Small,1172,amlc_01172,e_6334888,795649,0,easy_t3,456649,414,1103.0169082125603
LI-Small,1173,amlc_01173,e_6335098,795859,0,easy_t2,470487,414,1136.4420289855072
LI-Small,1174,amlc_01174,e_6336920,797681,1,illicit,756,756,1.0
LI-Small,1175,amlc_01175,e_6339064,799825,0,easy_t2,470487,414,1136.4420289855072
LI-Small,1176,amlc_01176,e_6339608,800369,0,easy_t2,470487,414,1136.4420289855072
LI-Small,1177,amlc_01177,e_6339859,800620,1,illicit,756,756,1.0
LI-Small,1178,amlc_01178,e_6339860,800621,1,illicit,756,756,1.0
LI-Small,1179,amlc_01179,e_6339861,800622,1,illicit,756,756,1.0
LI-Small,1180,amlc_01180,e_6339863,800624,1,illicit,756,756,1.0
LI-Small,1181,amlc_01181,e_6339865,800626,1,illicit,756,756,1.0
LI-Small,1182,amlc_01182,e_6339867,800628,1,illicit,756,756,1.0
LI-Small,1183,amlc_01183,e_6339868,800629,1,illicit,756,756,1.0
LI-Small,1184,amlc_01184,e_6339870,800631,1,illicit,756,756,1.0
LI-Small,1185,amlc_01185,e_6339871,800632,1,illicit,756,756,1.0
LI-Small,1186,amlc_01186,e_6339873,800634,1,illicit,756,756,1.0
LI-Small,1187,amlc_01187,e_6339875,800636,1,illicit,756,756,1.0
LI-Small,1188,amlc_01188,e_6339876,800637,1,illicit,756,756,1.0
LI-Small,1189,amlc_01189,e_6339878,800639,1,illicit,756,756,1.0
LI-Small,1190,amlc_01190,e_6339880,800641,1,illicit,756,756,1.0
LI-Small,1191,amlc_01191,e_6340973,801734,0,easy_t3,456649,414,1103.0169082125603
LI-Small,1192,amlc_01192,e_6341062,801823,0,hard_neg,269,269,1.0
LI-Small,1193,amlc_01193,e_6341780,802541,0,easy_t3,456649,414,1103.0169082125603
LI-Small,1194,amlc_01194,e_6343236,803997,1,illicit,756,756,1.0
LI-Small,1195,amlc_01195,e_6344467,805228,0,hard_neg,269,269,1.0
LI-Small,1196,amlc_01196,e_6345114,805875,0,easy_t1,456649,415,1100.3590361445783
LI-Small,1197,amlc_01197,e_6345538,806299,0,easy_t1,456649,415,1100.3590361445783
LI-Small,1198,amlc_01198,e_6347314,808075,0,easy_t3,456649,414,1103.0169082125603
LI-Small,1199,amlc_01199,e_6348225,808986,1,illicit,756,756,1.0
LI-Small,1200,amlc_01200,e_6348493,809254,0,easy_t1,456649,415,1100.3590361445783
LI-Small,1201,amlc_01201,e_6348498,809259,1,illicit,756,756,1.0
LI-Small,1202,amlc_01202,e_6348698,809459,1,illicit,756,756,1.0
LI-Small,1203,amlc_01203,e_6349534,810295,0,easy_t1,456649,415,1100.3590361445783
LI-Small,1204,amlc_01204,e_6351838,812599,0,easy_t1,456649,415,1100.3590361445783
LI-Small,1205,amlc_01205,e_6352638,813399,1,illicit,756,756,1.0
LI-Small,1206,amlc_01206,e_6353489,814250,0,easy_t2,470487,414,1136.4420289855072
LI-Small,1207,amlc_01207,e_6353624,814385,0,easy_t3,456649,414,1103.0169082125603
LI-Small,1208,amlc_01208,e_6353881,814642,0,hard_neg,269,269,1.0
LI-Small,1209,amlc_01209,e_6354110,814871,0,easy_t3,456649,414,1103.0169082125603
LI-Small,1210,amlc_01210,e_6355355,816116,0,easy_t3,456649,414,1103.0169082125603
LI-Small,1211,amlc_01211,e_6355641,816402,1,illicit,756,756,1.0
LI-Small,1212,amlc_01212,e_6355751,816512,0,easy_t3,456649,414,1103.0169082125603
LI-Small,1213,amlc_01213,e_6355948,816709,0,hard_neg,269,269,1.0
LI-Small,1214,amlc_01214,e_6355979,816740,0,hard_neg,269,269,1.0
LI-Small,1215,amlc_01215,e_6356907,817668,0,easy_t3,456649,414,1103.0169082125603
LI-Small,1216,amlc_01216,e_6357512,818273,0,easy_t3,456649,414,1103.0169082125603
LI-Small,1217,amlc_01217,e_6357747,818508,1,illicit,756,756,1.0
LI-Small,1218,amlc_01218,e_6360023,820784,0,easy_t1,456649,415,1100.3590361445783
LI-Small,1219,amlc_01219,e_6360274,821035,0,easy_t2,470487,414,1136.4420289855072
LI-Small,1220,amlc_01220,e_6360517,821278,0,easy_t3,456649,414,1103.0169082125603
LI-Small,1221,amlc_01221,e_6360645,821406,0,easy_t3,456649,414,1103.0169082125603
LI-Small,1222,amlc_01222,e_6360797,821558,0,easy_t3,456649,414,1103.0169082125603
LI-Small,1223,amlc_01223,e_6360803,821564,0,easy_t1,456649,415,1100.3590361445783
LI-Small,1224,amlc_01224,e_6360941,821702,0,easy_t2,470487,414,1136.4420289855072
LI-Small,1225,amlc_01225,e_6361601,822362,0,easy_t3,456649,414,1103.0169082125603
LI-Small,1226,amlc_01226,e_6362807,823568,0,easy_t1,456649,415,1100.3590361445783
LI-Small,1227,amlc_01227,e_6362972,823733,0,hard_neg,269,269,1.0
LI-Small,1228,amlc_01228,e_6363889,824650,0,easy_t1,456649,415,1100.3590361445783
LI-Small,1229,amlc_01229,e_6364797,825558,1,illicit,756,756,1.0
LI-Small,1230,amlc_01230,e_6365556,826317,0,easy_t1,456649,415,1100.3590361445783
LI-Small,1231,amlc_01231,e_6366613,827374,0,easy_t1,456649,415,1100.3590361445783
LI-Small,1232,amlc_01232,e_6367089,827850,1,illicit,756,756,1.0
LI-Small,1233,amlc_01233,e_6367621,828382,0,easy_t1,456649,415,1100.3590361445783
LI-Small,1234,amlc_01234,e_6369632,830393,0,easy_t1,456649,415,1100.3590361445783
LI-Small,1235,amlc_01235,e_6370001,830762,0,hard_neg,269,269,1.0
LI-Small,1236,amlc_01236,e_6370456,831217,0,easy_t1,456649,415,1100.3590361445783
LI-Small,1237,amlc_01237,e_6371079,831840,0,easy_t3,456649,414,1103.0169082125603
LI-Small,1238,amlc_01238,e_6371131,831892,0,easy_t1,456649,415,1100.3590361445783
LI-Small,1239,amlc_01239,e_6371502,832263,0,hard_neg,269,269,1.0
LI-Small,1240,amlc_01240,e_6371886,832647,0,easy_t1,456649,415,1100.3590361445783
LI-Small,1241,amlc_01241,e_6371888,832649,0,easy_t3,456649,414,1103.0169082125603
LI-Small,1242,amlc_01242,e_6372256,833017,1,illicit,756,756,1.0
LI-Small,1243,amlc_01243,e_6372368,833129,1,illicit,756,756,1.0
LI-Small,1244,amlc_01244,e_6373110,833871,1,illicit,756,756,1.0
LI-Small,1245,amlc_01245,e_6373111,833872,1,illicit,756,756,1.0
LI-Small,1246,amlc_01246,e_6373270,834031,0,easy_t1,456649,415,1100.3590361445783
LI-Small,1247,amlc_01247,e_6373360,834121,1,illicit,756,756,1.0
LI-Small,1248,amlc_01248,e_6374236,834997,0,hard_neg,269,269,1.0
LI-Small,1249,amlc_01249,e_6375048,835809,0,easy_t1,456649,415,1100.3590361445783
LI-Small,1250,amlc_01250,e_6375570,836331,0,easy_t3,456649,414,1103.0169082125603
LI-Small,1251,amlc_01251,e_6375641,836402,0,easy_t3,456649,414,1103.0169082125603
LI-Small,1252,amlc_01252,e_6376045,836806,1,illicit,756,756,1.0
LI-Small,1253,amlc_01253,e_6376187,836948,1,illicit,756,756,1.0
LI-Small,1254,amlc_01254,e_6376305,837066,0,easy_t1,456649,415,1100.3590361445783
LI-Small,1255,amlc_01255,e_6376859,837620,1,illicit,756,756,1.0
LI-Small,1256,amlc_01256,e_6377805,838566,0,easy_t3,456649,414,1103.0169082125603
LI-Small,1257,amlc_01257,e_6377901,838662,0,easy_t2,470487,414,1136.4420289855072
LI-Small,1258,amlc_01258,e_6379096,839857,1,illicit,756,756,1.0
LI-Small,1259,amlc_01259,e_6380309,841070,0,easy_t1,456649,415,1100.3590361445783
LI-Small,1260,amlc_01260,e_6380368,841129,1,illicit,756,756,1.0
LI-Small,1261,amlc_01261,e_6380566,841327,0,easy_t1,456649,415,1100.3590361445783
LI-Small,1262,amlc_01262,e_6380734,841495,0,easy_t3,456649,414,1103.0169082125603
LI-Small,1263,amlc_01263,e_6381269,842030,0,hard_neg,269,269,1.0
LI-Small,1264,amlc_01264,e_6381374,842135,0,easy_t2,470487,414,1136.4420289855072
LI-Small,1265,amlc_01265,e_6381387,842148,0,easy_t2,470487,414,1136.4420289855072
LI-Small,1266,amlc_01266,e_6381884,842645,0,easy_t1,456649,415,1100.3590361445783
LI-Small,1267,amlc_01267,e_6382321,843082,1,illicit,756,756,1.0
LI-Small,1268,amlc_01268,e_6382636,843397,0,easy_t1,456649,415,1100.3590361445783
LI-Small,1269,amlc_01269,e_6384615,845376,0,easy_t2,470487,414,1136.4420289855072
LI-Small,1270,amlc_01270,e_6384823,845584,1,illicit,756,756,1.0
LI-Small,1271,amlc_01271,e_6385433,846194,0,easy_t2,470487,414,1136.4420289855072
LI-Small,1272,amlc_01272,e_6389959,850720,0,easy_t2,470487,414,1136.4420289855072
LI-Small,1273,amlc_01273,e_6390334,851095,0,hard_neg,269,269,1.0
LI-Small,1274,amlc_01274,e_6390642,851403,1,illicit,756,756,1.0
LI-Small,1275,amlc_01275,e_6390889,851650,1,illicit,756,756,1.0
LI-Small,1276,amlc_01276,e_6391278,852039,0,hard_neg,269,269,1.0
LI-Small,1277,amlc_01277,e_6391433,852194,0,easy_t2,470487,414,1136.4420289855072
LI-Small,1278,amlc_01278,e_6397089,857850,0,easy_t2,470487,414,1136.4420289855072
LI-Small,1279,amlc_01279,e_6397343,858104,0,easy_t3,456649,414,1103.0169082125603
LI-Small,1280,amlc_01280,e_6399481,860242,0,easy_t3,456649,414,1103.0169082125603
LI-Small,1281,amlc_01281,e_6399799,860560,0,easy_t2,470487,414,1136.4420289855072
LI-Small,1282,amlc_01282,e_6402887,863648,0,easy_t1,456649,415,1100.3590361445783
LI-Small,1283,amlc_01283,e_6405104,865865,0,easy_t3,456649,414,1103.0169082125603
LI-Small,1284,amlc_01284,e_6405514,866275,0,hard_neg,269,269,1.0
LI-Small,1285,amlc_01285,e_6406433,867194,0,hard_neg,269,269,1.0
LI-Small,1286,amlc_01286,e_6406640,867401,0,easy_t1,456649,415,1100.3590361445783
LI-Small,1287,amlc_01287,e_6406852,867613,0,easy_t3,456649,414,1103.0169082125603
LI-Small,1288,amlc_01288,e_6407163,867924,0,hard_neg,269,269,1.0
LI-Small,1289,amlc_01289,e_6407255,868016,0,hard_neg,269,269,1.0
LI-Small,1290,amlc_01290,e_6407682,868443,0,easy_t3,456649,414,1103.0169082125603
LI-Small,1291,amlc_01291,e_6407740,868501,0,easy_t1,456649,415,1100.3590361445783
LI-Small,1292,amlc_01292,e_6410793,871554,0,hard_neg,269,269,1.0
LI-Small,1293,amlc_01293,e_6410945,871706,0,easy_t3,456649,414,1103.0169082125603
LI-Small,1294,amlc_01294,e_6411062,871823,0,easy_t3,456649,414,1103.0169082125603
LI-Small,1295,amlc_01295,e_6411619,872380,1,illicit,756,756,1.0
LI-Small,1296,amlc_01296,e_6412137,872898,1,illicit,756,756,1.0
LI-Small,1297,amlc_01297,e_6412140,872901,1,illicit,756,756,1.0
LI-Small,1298,amlc_01298,e_6412142,872903,1,illicit,756,756,1.0
LI-Small,1299,amlc_01299,e_6412145,872906,1,illicit,756,756,1.0
LI-Small,1300,amlc_01300,e_6412147,872908,1,illicit,756,756,1.0
LI-Small,1301,amlc_01301,e_6412148,872909,1,illicit,756,756,1.0
LI-Small,1302,amlc_01302,e_6412150,872911,1,illicit,756,756,1.0
LI-Small,1303,amlc_01303,e_6412152,872913,1,illicit,756,756,1.0
LI-Small,1304,amlc_01304,e_6412514,873275,0,easy_t1,456649,415,1100.3590361445783
LI-Small,1305,amlc_01305,e_6412997,873758,0,easy_t1,456649,415,1100.3590361445783
LI-Small,1306,amlc_01306,e_6413383,874144,0,easy_t3,456649,414,1103.0169082125603
LI-Small,1307,amlc_01307,e_6413492,874253,1,illicit,756,756,1.0
LI-Small,1308,amlc_01308,e_6413551,874312,0,easy_t2,470487,414,1136.4420289855072
LI-Small,1309,amlc_01309,e_6414269,875030,1,illicit,756,756,1.0
LI-Small,1310,amlc_01310,e_6414937,875698,0,easy_t3,456649,414,1103.0169082125603
LI-Small,1311,amlc_01311,e_6415066,875827,1,illicit,756,756,1.0
LI-Small,1312,amlc_01312,e_6415673,876434,1,illicit,756,756,1.0
LI-Small,1313,amlc_01313,e_6415886,876647,0,easy_t1,456649,415,1100.3590361445783
LI-Small,1314,amlc_01314,e_6416296,877057,0,easy_t1,456649,415,1100.3590361445783
LI-Small,1315,amlc_01315,e_6417345,878106,0,easy_t1,456649,415,1100.3590361445783
LI-Small,1316,amlc_01316,e_6417883,878644,0,easy_t1,456649,415,1100.3590361445783
LI-Small,1317,amlc_01317,e_6418198,878959,0,hard_neg,269,269,1.0
LI-Small,1318,amlc_01318,e_6419736,880497,1,illicit,756,756,1.0
LI-Small,1319,amlc_01319,e_6421987,882748,0,easy_t1,456649,415,1100.3590361445783
LI-Small,1320,amlc_01320,e_6422276,883037,0,easy_t3,456649,414,1103.0169082125603
LI-Small,1321,amlc_01321,e_6422382,883143,0,easy_t2,470487,414,1136.4420289855072
LI-Small,1322,amlc_01322,e_6422442,883203,0,easy_t2,470487,414,1136.4420289855072
LI-Small,1323,amlc_01323,e_6423020,883781,0,easy_t3,456649,414,1103.0169082125603
LI-Small,1324,amlc_01324,e_6423112,883873,0,hard_neg,269,269,1.0
LI-Small,1325,amlc_01325,e_6423501,884262,1,illicit,756,756,1.0
LI-Small,1326,amlc_01326,e_6423510,884271,0,easy_t3,456649,414,1103.0169082125603
LI-Small,1327,amlc_01327,e_6423643,884404,0,easy_t3,456649,414,1103.0169082125603
LI-Small,1328,amlc_01328,e_6423980,884741,1,illicit,756,756,1.0
LI-Small,1329,amlc_01329,e_6424206,884967,1,illicit,756,756,1.0
LI-Small,1330,amlc_01330,e_6424722,885483,0,hard_neg,269,269,1.0
LI-Small,1331,amlc_01331,e_6425342,886103,1,illicit,756,756,1.0
LI-Small,1332,amlc_01332,e_6426311,887072,0,easy_t2,470487,414,1136.4420289855072
LI-Small,1333,amlc_01333,e_6426333,887094,0,easy_t3,456649,414,1103.0169082125603
LI-Small,1334,amlc_01334,e_6426383,887144,0,easy_t3,456649,414,1103.0169082125603
LI-Small,1335,amlc_01335,e_6426527,887288,0,easy_t3,456649,414,1103.0169082125603
LI-Small,1336,amlc_01336,e_6427870,888631,0,hard_neg,269,269,1.0
LI-Small,1337,amlc_01337,e_6428377,889138,0,easy_t2,470487,414,1136.4420289855072
LI-Small,1338,amlc_01338,e_6429077,889838,0,easy_t3,456649,414,1103.0169082125603
LI-Small,1339,amlc_01339,e_6431182,891943,0,easy_t2,470487,414,1136.4420289855072
LI-Small,1340,amlc_01340,e_6431456,892217,0,hard_neg,269,269,1.0
LI-Small,1341,amlc_01341,e_6431559,892320,0,hard_neg,269,269,1.0
LI-Small,1342,amlc_01342,e_6432327,893088,0,easy_t2,470487,414,1136.4420289855072
LI-Small,1343,amlc_01343,e_6433517,894278,0,easy_t1,456649,415,1100.3590361445783
LI-Small,1344,amlc_01344,e_6434050,894811,0,easy_t3,456649,414,1103.0169082125603
LI-Small,1345,amlc_01345,e_6436889,897650,1,illicit,756,756,1.0
LI-Small,1346,amlc_01346,e_6437001,897762,0,easy_t1,456649,415,1100.3590361445783
LI-Small,1347,amlc_01347,e_6437115,897876,0,easy_t1,456649,415,1100.3590361445783
LI-Small,1348,amlc_01348,e_6437735,898496,0,easy_t1,456649,415,1100.3590361445783
LI-Small,1349,amlc_01349,e_6438099,898860,1,illicit,756,756,1.0
LI-Small,1350,amlc_01350,e_6438228,898989,0,easy_t1,456649,415,1100.3590361445783
LI-Small,1351,amlc_01351,e_6438325,899086,0,easy_t1,456649,415,1100.3590361445783
LI-Small,1352,amlc_01352,e_6441641,902402,0,easy_t2,470487,414,1136.4420289855072
LI-Small,1353,amlc_01353,e_6441694,902455,0,easy_t1,456649,415,1100.3590361445783
LI-Small,1354,amlc_01354,e_6442002,902763,0,easy_t3,456649,414,1103.0169082125603
LI-Small,1355,amlc_01355,e_6442373,903134,0,hard_neg,269,269,1.0
LI-Small,1356,amlc_01356,e_6443123,903884,1,illicit,756,756,1.0
LI-Small,1357,amlc_01357,e_6443351,904112,0,easy_t3,456649,414,1103.0169082125603
LI-Small,1358,amlc_01358,e_6445556,906317,0,hard_neg,269,269,1.0
LI-Small,1359,amlc_01359,e_6446662,907423,0,easy_t2,470487,414,1136.4420289855072
LI-Small,1360,amlc_01360,e_6447863,908624,0,easy_t1,456649,415,1100.3590361445783
LI-Small,1361,amlc_01361,e_6448312,909073,0,hard_neg,269,269,1.0
LI-Small,1362,amlc_01362,e_6448721,909482,0,easy_t2,470487,414,1136.4420289855072
LI-Small,1363,amlc_01363,e_6449625,910386,0,hard_neg,269,269,1.0
LI-Small,1364,amlc_01364,e_6450156,910917,0,easy_t1,456649,415,1100.3590361445783
LI-Small,1365,amlc_01365,e_6453101,913862,0,easy_t1,456649,415,1100.3590361445783
LI-Small,1366,amlc_01366,e_6453532,914293,0,easy_t2,470487,414,1136.4420289855072
LI-Small,1367,amlc_01367,e_6455481,916242,0,easy_t1,456649,415,1100.3590361445783
LI-Small,1368,amlc_01368,e_6455674,916435,0,easy_t3,456649,414,1103.0169082125603
LI-Small,1369,amlc_01369,e_6455913,916674,0,easy_t1,456649,415,1100.3590361445783
LI-Small,1370,amlc_01370,e_6456243,917004,0,hard_neg,269,269,1.0
LI-Small,1371,amlc_01371,e_6456522,917283,0,easy_t1,456649,415,1100.3590361445783
LI-Small,1372,amlc_01372,e_6457345,918106,0,easy_t1,456649,415,1100.3590361445783
LI-Small,1373,amlc_01373,e_6457900,918661,1,illicit,756,756,1.0
LI-Small,1374,amlc_01374,e_6458575,919336,1,illicit,756,756,1.0
LI-Small,1375,amlc_01375,e_6458747,919508,0,easy_t3,456649,414,1103.0169082125603
LI-Small,1376,amlc_01376,e_6460413,921174,0,easy_t1,456649,415,1100.3590361445783
LI-Small,1377,amlc_01377,e_6461584,922345,0,hard_neg,269,269,1.0
LI-Small,1378,amlc_01378,e_6462018,922779,0,easy_t2,470487,414,1136.4420289855072
LI-Small,1379,amlc_01379,e_6462111,922872,1,illicit,756,756,1.0
LI-Small,1380,amlc_01380,e_6462299,923060,0,easy_t1,456649,415,1100.3590361445783
LI-Small,1381,amlc_01381,e_6462540,923301,0,easy_t3,456649,414,1103.0169082125603
LI-Small,1382,amlc_01382,e_6463726,924487,1,illicit,756,756,1.0
LI-Small,1383,amlc_01383,e_6464156,924917,0,easy_t3,456649,414,1103.0169082125603
LI-Small,1384,amlc_01384,e_6465216,925977,0,easy_t2,470487,414,1136.4420289855072
LI-Small,1385,amlc_01385,e_6465288,926049,1,illicit,756,756,1.0
LI-Small,1386,amlc_01386,e_6466623,927384,1,illicit,756,756,1.0
LI-Small,1387,amlc_01387,e_6467336,928097,0,easy_t2,470487,414,1136.4420289855072
LI-Small,1388,amlc_01388,e_6468077,928838,0,easy_t2,470487,414,1136.4420289855072
LI-Small,1389,amlc_01389,e_6469811,930572,1,illicit,756,756,1.0
LI-Small,1390,amlc_01390,e_6470529,931290,0,hard_neg,269,269,1.0
LI-Small,1391,amlc_01391,e_6470933,931694,1,illicit,756,756,1.0
LI-Small,1392,amlc_01392,e_6470934,931695,0,hard_neg,269,269,1.0
LI-Small,1393,amlc_01393,e_6470946,931707,0,easy_t2,470487,414,1136.4420289855072
LI-Small,1394,amlc_01394,e_6471057,931818,0,hard_neg,269,269,1.0
LI-Small,1395,amlc_01395,e_6472129,932890,1,illicit,756,756,1.0
LI-Small,1396,amlc_01396,e_6472729,933490,0,easy_t3,456649,414,1103.0169082125603
LI-Small,1397,amlc_01397,e_6472809,933570,0,easy_t1,456649,415,1100.3590361445783
LI-Small,1398,amlc_01398,e_6473018,933779,0,easy_t2,470487,414,1136.4420289855072
LI-Small,1399,amlc_01399,e_6475786,936547,1,illicit,756,756,1.0
LI-Small,1400,amlc_01400,e_6475841,936602,1,illicit,756,756,1.0
LI-Small,1401,amlc_01401,e_6476413,937174,0,hard_neg,269,269,1.0
LI-Small,1402,amlc_01402,e_6477923,938684,0,easy_t2,470487,414,1136.4420289855072
LI-Small,1403,amlc_01403,e_6478435,939196,1,illicit,756,756,1.0
LI-Small,1404,amlc_01404,e_6478641,939402,0,easy_t2,470487,414,1136.4420289855072
LI-Small,1405,amlc_01405,e_6478642,939403,1,illicit,756,756,1.0
LI-Small,1406,amlc_01406,e_6479142,939903,0,easy_t3,456649,414,1103.0169082125603
LI-Small,1407,amlc_01407,e_6481136,941897,0,easy_t2,470487,414,1136.4420289855072
LI-Small,1408,amlc_01408,e_6482574,943335,1,illicit,756,756,1.0
LI-Small,1409,amlc_01409,e_6483186,943947,0,easy_t3,456649,414,1103.0169082125603
LI-Small,1410,amlc_01410,e_6485352,946113,1,illicit,756,756,1.0
LI-Small,1411,amlc_01411,e_6487202,947963,1,illicit,756,756,1.0
LI-Small,1412,amlc_01412,e_6488188,948949,0,hard_neg,269,269,1.0
LI-Small,1413,amlc_01413,e_6488189,948950,0,hard_neg,269,269,1.0
LI-Small,1414,amlc_01414,e_6490597,951358,0,easy_t1,456649,415,1100.3590361445783
LI-Small,1415,amlc_01415,e_6490733,951494,0,easy_t3,456649,414,1103.0169082125603
LI-Small,1416,amlc_01416,e_6491543,952304,0,hard_neg,269,269,1.0
LI-Small,1417,amlc_01417,e_6491816,952577,0,easy_t1,456649,415,1100.3590361445783
LI-Small,1418,amlc_01418,e_6492386,953147,1,illicit,756,756,1.0
LI-Small,1419,amlc_01419,e_6493459,954220,0,easy_t1,456649,415,1100.3590361445783
LI-Small,1420,amlc_01420,e_6493894,954655,0,easy_t1,456649,415,1100.3590361445783
LI-Small,1421,amlc_01421,e_6494355,955116,0,easy_t2,470487,414,1136.4420289855072
LI-Small,1422,amlc_01422,e_6494538,955299,0,easy_t3,456649,414,1103.0169082125603
LI-Small,1423,amlc_01423,e_6496440,957201,0,easy_t2,470487,414,1136.4420289855072
LI-Small,1424,amlc_01424,e_6496701,957462,0,easy_t3,456649,414,1103.0169082125603
LI-Small,1425,amlc_01425,e_6496708,957469,1,illicit,756,756,1.0
LI-Small,1426,amlc_01426,e_6497754,958515,0,easy_t1,456649,415,1100.3590361445783
LI-Small,1427,amlc_01427,e_6498368,959129,1,illicit,756,756,1.0
LI-Small,1428,amlc_01428,e_6498426,959187,0,easy_t3,456649,414,1103.0169082125603
LI-Small,1429,amlc_01429,e_6499414,960175,0,easy_t2,470487,414,1136.4420289855072
LI-Small,1430,amlc_01430,e_6500629,961390,0,easy_t3,456649,414,1103.0169082125603
LI-Small,1431,amlc_01431,e_6501309,962070,0,easy_t2,470487,414,1136.4420289855072
LI-Small,1432,amlc_01432,e_6502134,962895,1,illicit,756,756,1.0
LI-Small,1433,amlc_01433,e_6502609,963370,1,illicit,756,756,1.0
LI-Small,1434,amlc_01434,e_6502972,963733,0,easy_t2,470487,414,1136.4420289855072
LI-Small,1435,amlc_01435,e_6504807,965568,0,easy_t2,470487,414,1136.4420289855072
LI-Small,1436,amlc_01436,e_6504957,965718,1,illicit,756,756,1.0
LI-Small,1437,amlc_01437,e_6507195,967956,0,easy_t1,456649,415,1100.3590361445783
LI-Small,1438,amlc_01438,e_6509224,969985,0,easy_t1,456649,415,1100.3590361445783
LI-Small,1439,amlc_01439,e_6509990,970751,0,hard_neg,269,269,1.0
LI-Small,1440,amlc_01440,e_6511128,971889,0,easy_t1,456649,415,1100.3590361445783
LI-Small,1441,amlc_01441,e_6513405,974166,1,illicit,756,756,1.0
LI-Small,1442,amlc_01442,e_6513650,974411,0,easy_t2,470487,414,1136.4420289855072
LI-Small,1443,amlc_01443,e_6514155,974916,0,easy_t2,470487,414,1136.4420289855072
LI-Small,1444,amlc_01444,e_6514407,975168,0,easy_t3,456649,414,1103.0169082125603
LI-Small,1445,amlc_01445,e_6514857,975618,0,easy_t3,456649,414,1103.0169082125603
LI-Small,1446,amlc_01446,e_6515962,976723,1,illicit,756,756,1.0
LI-Small,1447,amlc_01447,e_6516070,976831,1,illicit,756,756,1.0
LI-Small,1448,amlc_01448,e_6516705,977466,0,easy_t3,456649,414,1103.0169082125603
LI-Small,1449,amlc_01449,e_6517187,977948,0,hard_neg,269,269,1.0
LI-Small,1450,amlc_01450,e_6517762,978523,0,hard_neg,269,269,1.0
LI-Small,1451,amlc_01451,e_6517986,978747,0,easy_t2,470487,414,1136.4420289855072
LI-Small,1452,amlc_01452,e_6517988,978749,1,illicit,756,756,1.0
LI-Small,1453,amlc_01453,e_6518857,979618,0,easy_t3,456649,414,1103.0169082125603
LI-Small,1454,amlc_01454,e_6518907,979668,0,easy_t2,470487,414,1136.4420289855072
LI-Small,1455,amlc_01455,e_6519332,980093,0,easy_t3,456649,414,1103.0169082125603
LI-Small,1456,amlc_01456,e_6521183,981944,0,easy_t2,470487,414,1136.4420289855072
LI-Small,1457,amlc_01457,e_6521361,982122,0,easy_t2,470487,414,1136.4420289855072
LI-Small,1458,amlc_01458,e_6521670,982431,1,illicit,756,756,1.0
LI-Small,1459,amlc_01459,e_6522914,983675,0,easy_t2,470487,414,1136.4420289855072
LI-Small,1460,amlc_01460,e_6524258,985019,0,easy_t2,470487,414,1136.4420289855072
LI-Small,1461,amlc_01461,e_6525739,986500,0,easy_t3,456649,414,1103.0169082125603
LI-Small,1462,amlc_01462,e_6525894,986655,0,easy_t1,456649,415,1100.3590361445783
LI-Small,1463,amlc_01463,e_6527830,988591,0,easy_t1,456649,415,1100.3590361445783
LI-Small,1464,amlc_01464,e_6528470,989231,1,illicit,756,756,1.0
LI-Small,1465,amlc_01465,e_6528668,989429,0,easy_t1,456649,415,1100.3590361445783
LI-Small,1466,amlc_01466,e_6528704,989465,0,easy_t1,456649,415,1100.3590361445783
LI-Small,1467,amlc_01467,e_6528731,989492,1,illicit,756,756,1.0
LI-Small,1468,amlc_01468,e_6528955,989716,0,easy_t1,456649,415,1100.3590361445783
LI-Small,1469,amlc_01469,e_6529013,989774,0,easy_t1,456649,415,1100.3590361445783
LI-Small,1470,amlc_01470,e_6529054,989815,1,illicit,756,756,1.0
LI-Small,1471,amlc_01471,e_6529099,989860,0,easy_t1,456649,415,1100.3590361445783
LI-Small,1472,amlc_01472,e_6529537,990298,1,illicit,756,756,1.0
LI-Small,1473,amlc_01473,e_6529856,990617,0,hard_neg,269,269,1.0
LI-Small,1474,amlc_01474,e_6531500,992261,0,easy_t2,470487,414,1136.4420289855072
LI-Small,1475,amlc_01475,e_6531935,992696,1,illicit,756,756,1.0
LI-Small,1476,amlc_01476,e_6533421,994182,0,easy_t3,456649,414,1103.0169082125603
LI-Small,1477,amlc_01477,e_6533778,994539,0,hard_neg,269,269,1.0
LI-Small,1478,amlc_01478,e_6534185,994946,1,illicit,756,756,1.0
LI-Small,1479,amlc_01479,e_6534218,994979,0,easy_t3,456649,414,1103.0169082125603
LI-Small,1480,amlc_01480,e_6534238,994999,0,easy_t3,456649,414,1103.0169082125603
LI-Small,1481,amlc_01481,e_6534347,995108,0,easy_t3,456649,414,1103.0169082125603
LI-Small,1482,amlc_01482,e_6534668,995429,0,easy_t3,456649,414,1103.0169082125603
LI-Small,1483,amlc_01483,e_6534760,995521,1,illicit,756,756,1.0
LI-Small,1484,amlc_01484,e_6535021,995782,0,easy_t2,470487,414,1136.4420289855072
LI-Small,1485,amlc_01485,e_6535059,995820,0,easy_t1,456649,415,1100.3590361445783
LI-Small,1486,amlc_01486,e_6535211,995972,0,easy_t1,456649,415,1100.3590361445783
LI-Small,1487,amlc_01487,e_6536166,996927,0,easy_t3,456649,414,1103.0169082125603
LI-Small,1488,amlc_01488,e_6537634,998395,0,easy_t3,456649,414,1103.0169082125603
LI-Small,1489,amlc_01489,e_6539932,1000693,0,easy_t3,456649,414,1103.0169082125603
LI-Small,1490,amlc_01490,e_6540171,1000932,0,easy_t2,470487,414,1136.4420289855072
LI-Small,1491,amlc_01491,e_6541067,1001828,1,illicit,756,756,1.0
LI-Small,1492,amlc_01492,e_6541661,1002422,0,easy_t2,470487,414,1136.4420289855072
LI-Small,1493,amlc_01493,e_6541744,1002505,0,easy_t3,456649,414,1103.0169082125603
LI-Small,1494,amlc_01494,e_6542737,1003498,0,easy_t1,456649,415,1100.3590361445783
LI-Small,1495,amlc_01495,e_6544594,1005355,0,easy_t2,470487,414,1136.4420289855072
LI-Small,1496,amlc_01496,e_6545666,1006427,1,illicit,756,756,1.0
LI-Small,1497,amlc_01497,e_6548065,1008826,0,easy_t1,456649,415,1100.3590361445783
LI-Small,1498,amlc_01498,e_6548664,1009425,0,easy_t1,456649,415,1100.3590361445783
LI-Small,1499,amlc_01499,e_6548679,1009440,1,illicit,756,756,1.0
LI-Small,1500,amlc_01500,e_6549054,1009815,0,easy_t1,456649,415,1100.3590361445783
LI-Small,1501,amlc_01501,e_6549710,1010471,0,easy_t1,456649,415,1100.3590361445783
LI-Small,1502,amlc_01502,e_6550206,1010967,0,easy_t2,470487,414,1136.4420289855072
LI-Small,1503,amlc_01503,e_6550382,1011143,0,easy_t3,456649,414,1103.0169082125603
LI-Small,1504,amlc_01504,e_6550479,1011240,1,illicit,756,756,1.0
LI-Small,1505,amlc_01505,e_6550830,1011591,0,easy_t3,456649,414,1103.0169082125603
LI-Small,1506,amlc_01506,e_6551159,1011920,1,illicit,756,756,1.0
LI-Small,1507,amlc_01507,e_6552017,1012778,1,illicit,756,756,1.0
LI-Small,1508,amlc_01508,e_6552256,1013017,1,illicit,756,756,1.0
LI-Small,1509,amlc_01509,e_6552325,1013086,1,illicit,756,756,1.0
LI-Small,1510,amlc_01510,e_6552571,1013332,0,easy_t3,456649,414,1103.0169082125603
LI-Small,1511,amlc_01511,e_6552711,1013472,0,easy_t3,456649,414,1103.0169082125603
LI-Small,1512,amlc_01512,e_6552744,1013505,0,easy_t3,456649,414,1103.0169082125603
LI-Small,1513,amlc_01513,e_6552770,1013531,1,illicit,756,756,1.0
LI-Small,1514,amlc_01514,e_6553511,1014272,0,easy_t2,470487,414,1136.4420289855072
LI-Small,1515,amlc_01515,e_6553806,1014567,1,illicit,756,756,1.0
LI-Small,1516,amlc_01516,e_6555855,1016616,0,easy_t2,470487,414,1136.4420289855072
LI-Small,1517,amlc_01517,e_6556216,1016977,0,easy_t3,456649,414,1103.0169082125603
LI-Small,1518,amlc_01518,e_6556345,1017106,0,hard_neg,269,269,1.0
LI-Small,1519,amlc_01519,e_6557073,1017834,0,hard_neg,269,269,1.0
LI-Small,1520,amlc_01520,e_6557081,1017842,1,illicit,756,756,1.0
LI-Small,1521,amlc_01521,e_6558145,1018906,0,easy_t3,456649,414,1103.0169082125603
LI-Small,1522,amlc_01522,e_6558449,1019210,1,illicit,756,756,1.0
LI-Small,1523,amlc_01523,e_6558751,1019512,0,hard_neg,269,269,1.0
LI-Small,1524,amlc_01524,e_6558953,1019714,0,easy_t1,456649,415,1100.3590361445783
LI-Small,1525,amlc_01525,e_6560125,1020886,0,hard_neg,269,269,1.0
LI-Small,1526,amlc_01526,e_6560485,1021246,0,easy_t3,456649,414,1103.0169082125603
LI-Small,1527,amlc_01527,e_6561200,1021961,0,easy_t1,456649,415,1100.3590361445783
LI-Small,1528,amlc_01528,e_6561213,1021974,0,easy_t1,456649,415,1100.3590361445783
LI-Small,1529,amlc_01529,e_6563240,1024001,0,easy_t3,456649,414,1103.0169082125603
LI-Small,1530,amlc_01530,e_6564743,1025504,0,easy_t3,456649,414,1103.0169082125603
LI-Small,1531,amlc_01531,e_6567233,1027994,1,illicit,756,756,1.0
LI-Small,1532,amlc_01532,e_6567899,1028660,0,easy_t1,456649,415,1100.3590361445783
LI-Small,1533,amlc_01533,e_6567951,1028712,0,easy_t3,456649,414,1103.0169082125603
LI-Small,1534,amlc_01534,e_6568258,1029019,0,easy_t1,456649,415,1100.3590361445783
LI-Small,1535,amlc_01535,e_6568390,1029151,0,easy_t3,456649,414,1103.0169082125603
LI-Small,1536,amlc_01536,e_6568544,1029305,0,easy_t1,456649,415,1100.3590361445783
LI-Small,1537,amlc_01537,e_6569494,1030255,0,easy_t2,470487,414,1136.4420289855072
LI-Small,1538,amlc_01538,e_6569731,1030492,1,illicit,756,756,1.0
LI-Small,1539,amlc_01539,e_6570648,1031409,0,hard_neg,269,269,1.0
LI-Small,1540,amlc_01540,e_6572991,1033752,0,easy_t1,456649,415,1100.3590361445783
LI-Small,1541,amlc_01541,e_6573865,1034626,0,hard_neg,269,269,1.0
LI-Small,1542,amlc_01542,e_6574471,1035232,0,easy_t2,470487,414,1136.4420289855072
LI-Small,1543,amlc_01543,e_6575678,1036439,0,hard_neg,269,269,1.0
LI-Small,1544,amlc_01544,e_6576017,1036778,0,easy_t3,456649,414,1103.0169082125603
LI-Small,1545,amlc_01545,e_6577087,1037848,1,illicit,756,756,1.0
LI-Small,1546,amlc_01546,e_6577397,1038158,0,easy_t2,470487,414,1136.4420289855072
LI-Small,1547,amlc_01547,e_6578515,1039276,0,hard_neg,269,269,1.0
LI-Small,1548,amlc_01548,e_6578595,1039356,0,easy_t3,456649,414,1103.0169082125603
LI-Small,1549,amlc_01549,e_6578753,1039514,0,easy_t3,456649,414,1103.0169082125603
LI-Small,1550,amlc_01550,e_6579832,1040593,1,illicit,756,756,1.0
LI-Small,1551,amlc_01551,e_6581892,1042653,0,easy_t2,470487,414,1136.4420289855072
LI-Small,1552,amlc_01552,e_6582146,1042907,0,easy_t3,456649,414,1103.0169082125603
LI-Small,1553,amlc_01553,e_6582193,1042954,0,easy_t1,456649,415,1100.3590361445783
LI-Small,1554,amlc_01554,e_6584760,1045521,0,easy_t1,456649,415,1100.3590361445783
LI-Small,1555,amlc_01555,e_6585462,1046223,1,illicit,756,756,1.0
LI-Small,1556,amlc_01556,e_6586062,1046823,1,illicit,756,756,1.0
LI-Small,1557,amlc_01557,e_6586963,1047724,0,easy_t2,470487,414,1136.4420289855072
LI-Small,1558,amlc_01558,e_6587584,1048345,0,easy_t2,470487,414,1136.4420289855072
LI-Small,1559,amlc_01559,e_6588330,1049091,0,easy_t2,470487,414,1136.4420289855072
LI-Small,1560,amlc_01560,e_6588429,1049190,0,easy_t3,456649,414,1103.0169082125603
LI-Small,1561,amlc_01561,e_6589162,1049923,1,illicit,756,756,1.0
LI-Small,1562,amlc_01562,e_6589689,1050450,0,easy_t1,456649,415,1100.3590361445783
LI-Small,1563,amlc_01563,e_6589833,1050594,0,easy_t3,456649,414,1103.0169082125603
LI-Small,1564,amlc_01564,e_6590637,1051398,0,easy_t3,456649,414,1103.0169082125603
LI-Small,1565,amlc_01565,e_6590649,1051410,1,illicit,756,756,1.0
LI-Small,1566,amlc_01566,e_6591168,1051929,0,hard_neg,269,269,1.0
LI-Small,1567,amlc_01567,e_6591610,1052371,0,hard_neg,269,269,1.0
LI-Small,1568,amlc_01568,e_6592007,1052768,0,easy_t2,470487,414,1136.4420289855072
LI-Small,1569,amlc_01569,e_6592245,1053006,1,illicit,756,756,1.0
LI-Small,1570,amlc_01570,e_6592337,1053098,0,easy_t2,470487,414,1136.4420289855072
LI-Small,1571,amlc_01571,e_6593050,1053811,0,hard_neg,269,269,1.0
LI-Small,1572,amlc_01572,e_6593069,1053830,0,easy_t2,470487,414,1136.4420289855072
LI-Small,1573,amlc_01573,e_6593404,1054165,0,hard_neg,269,269,1.0
LI-Small,1574,amlc_01574,e_6593621,1054382,0,easy_t3,456649,414,1103.0169082125603
LI-Small,1575,amlc_01575,e_6593731,1054492,0,easy_t2,470487,414,1136.4420289855072
LI-Small,1576,amlc_01576,e_6594852,1055613,0,easy_t1,456649,415,1100.3590361445783
LI-Small,1577,amlc_01577,e_6595059,1055820,0,hard_neg,269,269,1.0
LI-Small,1578,amlc_01578,e_6595126,1055887,0,easy_t2,470487,414,1136.4420289855072
LI-Small,1579,amlc_01579,e_6596448,1057209,0,easy_t3,456649,414,1103.0169082125603
LI-Small,1580,amlc_01580,e_6596624,1057385,1,illicit,756,756,1.0
LI-Small,1581,amlc_01581,e_6597285,1058046,1,illicit,756,756,1.0
LI-Small,1582,amlc_01582,e_6597656,1058417,0,easy_t2,470487,414,1136.4420289855072
LI-Small,1583,amlc_01583,e_6598721,1059482,0,easy_t1,456649,415,1100.3590361445783
LI-Small,1584,amlc_01584,e_6598825,1059586,0,easy_t1,456649,415,1100.3590361445783
LI-Small,1585,amlc_01585,e_6599467,1060228,0,easy_t3,456649,414,1103.0169082125603
LI-Small,1586,amlc_01586,e_6599493,1060254,1,illicit,756,756,1.0
LI-Small,1587,amlc_01587,e_6599739,1060500,1,illicit,756,756,1.0
LI-Small,1588,amlc_01588,e_6601586,1062347,0,easy_t1,456649,415,1100.3590361445783
LI-Small,1589,amlc_01589,e_6601870,1062631,0,easy_t1,456649,415,1100.3590361445783
LI-Small,1590,amlc_01590,e_6602428,1063189,0,easy_t3,456649,414,1103.0169082125603
LI-Small,1591,amlc_01591,e_6604597,1065358,0,easy_t2,470487,414,1136.4420289855072
LI-Small,1592,amlc_01592,e_6604665,1065426,0,hard_neg,269,269,1.0
LI-Small,1593,amlc_01593,e_6605800,1066561,0,easy_t3,456649,414,1103.0169082125603
LI-Small,1594,amlc_01594,e_6606636,1067397,0,easy_t2,470487,414,1136.4420289855072
LI-Small,1595,amlc_01595,e_6606958,1067719,1,illicit,756,756,1.0
LI-Small,1596,amlc_01596,e_6607282,1068043,0,easy_t3,456649,414,1103.0169082125603
LI-Small,1597,amlc_01597,e_6607379,1068140,1,illicit,756,756,1.0
LI-Small,1598,amlc_01598,e_6607428,1068189,0,easy_t2,470487,414,1136.4420289855072
LI-Small,1599,amlc_01599,e_6607690,1068451,0,easy_t1,456649,415,1100.3590361445783
LI-Small,1600,amlc_01600,e_6607715,1068476,0,easy_t2,470487,414,1136.4420289855072
LI-Small,1601,amlc_01601,e_6608129,1068890,1,illicit,756,756,1.0
LI-Small,1602,amlc_01602,e_6608934,1069695,0,easy_t1,456649,415,1100.3590361445783
LI-Small,1603,amlc_01603,e_6609244,1070005,0,easy_t1,456649,415,1100.3590361445783
LI-Small,1604,amlc_01604,e_6609822,1070583,0,easy_t3,456649,414,1103.0169082125603
LI-Small,1605,amlc_01605,e_6610892,1071653,0,hard_neg,269,269,1.0
LI-Small,1606,amlc_01606,e_6610960,1071721,0,easy_t2,470487,414,1136.4420289855072
LI-Small,1607,amlc_01607,e_6611250,1072011,1,illicit,756,756,1.0
LI-Small,1608,amlc_01608,e_6612327,1073088,0,easy_t3,456649,414,1103.0169082125603
LI-Small,1609,amlc_01609,e_6614570,1075331,0,easy_t2,470487,414,1136.4420289855072
LI-Small,1610,amlc_01610,e_6614673,1075434,0,easy_t3,456649,414,1103.0169082125603
LI-Small,1611,amlc_01611,e_6615138,1075899,0,hard_neg,269,269,1.0
LI-Small,1612,amlc_01612,e_6617198,1077959,0,easy_t2,470487,414,1136.4420289855072
LI-Small,1613,amlc_01613,e_6617356,1078117,0,easy_t1,456649,415,1100.3590361445783
LI-Small,1614,amlc_01614,e_6617456,1078217,1,illicit,756,756,1.0
LI-Small,1615,amlc_01615,e_6617627,1078388,1,illicit,756,756,1.0
LI-Small,1616,amlc_01616,e_6617784,1078545,0,easy_t1,456649,415,1100.3590361445783
LI-Small,1617,amlc_01617,e_6618677,1079438,0,easy_t2,470487,414,1136.4420289855072
LI-Small,1618,amlc_01618,e_6619344,1080105,0,easy_t1,456649,415,1100.3590361445783
LI-Small,1619,amlc_01619,e_6621825,1082586,0,hard_neg,269,269,1.0
LI-Small,1620,amlc_01620,e_6621873,1082634,0,hard_neg,269,269,1.0
LI-Small,1621,amlc_01621,e_6622954,1083715,0,easy_t2,470487,414,1136.4420289855072
LI-Small,1622,amlc_01622,e_6624070,1084831,0,easy_t3,456649,414,1103.0169082125603
LI-Small,1623,amlc_01623,e_6624671,1085432,0,easy_t2,470487,414,1136.4420289855072
LI-Small,1624,amlc_01624,e_6628007,1088768,1,illicit,756,756,1.0
LI-Small,1625,amlc_01625,e_6628673,1089434,0,hard_neg,269,269,1.0
LI-Small,1626,amlc_01626,e_6629425,1090186,1,illicit,756,756,1.0
LI-Small,1627,amlc_01627,e_6629601,1090362,0,hard_neg,269,269,1.0
LI-Small,1628,amlc_01628,e_6629718,1090479,0,easy_t3,456649,414,1103.0169082125603
LI-Small,1629,amlc_01629,e_6630484,1091245,0,easy_t1,456649,415,1100.3590361445783
LI-Small,1630,amlc_01630,e_6631423,1092184,0,hard_neg,269,269,1.0
LI-Small,1631,amlc_01631,e_6632455,1093216,0,easy_t2,470487,414,1136.4420289855072
LI-Small,1632,amlc_01632,e_6635935,1096696,1,illicit,756,756,1.0
LI-Small,1633,amlc_01633,e_6636338,1097099,0,hard_neg,269,269,1.0
LI-Small,1634,amlc_01634,e_6636588,1097349,0,easy_t1,456649,415,1100.3590361445783
LI-Small,1635,amlc_01635,e_6637041,1097802,1,illicit,756,756,1.0
LI-Small,1636,amlc_01636,e_6638100,1098861,0,hard_neg,269,269,1.0
LI-Small,1637,amlc_01637,e_6638423,1099184,0,hard_neg,269,269,1.0
LI-Small,1638,amlc_01638,e_6639635,1100396,0,easy_t1,456649,415,1100.3590361445783
LI-Small,1639,amlc_01639,e_6639815,1100576,1,illicit,756,756,1.0
LI-Small,1640,amlc_01640,e_6640235,1100996,0,easy_t1,456649,415,1100.3590361445783
LI-Small,1641,amlc_01641,e_6641649,1102410,0,easy_t3,456649,414,1103.0169082125603
LI-Small,1642,amlc_01642,e_6641687,1102448,0,easy_t1,456649,415,1100.3590361445783
LI-Small,1643,amlc_01643,e_6641710,1102471,1,illicit,756,756,1.0
LI-Small,1644,amlc_01644,e_6641906,1102667,0,easy_t2,470487,414,1136.4420289855072
LI-Small,1645,amlc_01645,e_6642056,1102817,0,easy_t2,470487,414,1136.4420289855072
LI-Small,1646,amlc_01646,e_6642091,1102852,0,hard_neg,269,269,1.0
LI-Small,1647,amlc_01647,e_6642776,1103537,0,easy_t3,456649,414,1103.0169082125603
LI-Small,1648,amlc_01648,e_6643234,1103995,0,easy_t3,456649,414,1103.0169082125603
LI-Small,1649,amlc_01649,e_6645315,1106076,0,easy_t3,456649,414,1103.0169082125603
LI-Small,1650,amlc_01650,e_6646160,1106921,0,easy_t2,470487,414,1136.4420289855072
LI-Small,1651,amlc_01651,e_6646335,1107096,0,easy_t2,470487,414,1136.4420289855072
LI-Small,1652,amlc_01652,e_6647720,1108481,0,easy_t3,456649,414,1103.0169082125603
LI-Small,1653,amlc_01653,e_6648038,1108799,0,easy_t2,470487,414,1136.4420289855072
LI-Small,1654,amlc_01654,e_6649108,1109869,0,easy_t3,456649,414,1103.0169082125603
LI-Small,1655,amlc_01655,e_6649851,1110612,0,easy_t2,470487,414,1136.4420289855072
LI-Small,1656,amlc_01656,e_6649857,1110618,0,easy_t3,456649,414,1103.0169082125603
LI-Small,1657,amlc_01657,e_6650915,1111676,0,easy_t3,456649,414,1103.0169082125603
LI-Small,1658,amlc_01658,e_6651272,1112033,0,easy_t3,456649,414,1103.0169082125603
LI-Small,1659,amlc_01659,e_6651834,1112595,0,easy_t1,456649,415,1100.3590361445783
LI-Small,1660,amlc_01660,e_6653863,1114624,0,easy_t2,470487,414,1136.4420289855072
LI-Small,1661,amlc_01661,e_6654539,1115300,0,easy_t3,456649,414,1103.0169082125603
LI-Small,1662,amlc_01662,e_6655226,1115987,0,easy_t2,470487,414,1136.4420289855072
LI-Small,1663,amlc_01663,e_6655663,1116424,0,easy_t3,456649,414,1103.0169082125603
LI-Small,1664,amlc_01664,e_6655704,1116465,1,illicit,756,756,1.0
LI-Small,1665,amlc_01665,e_6656384,1117145,0,easy_t2,470487,414,1136.4420289855072
LI-Small,1666,amlc_01666,e_6657122,1117883,0,easy_t1,456649,415,1100.3590361445783
LI-Small,1667,amlc_01667,e_6658208,1118969,0,easy_t2,470487,414,1136.4420289855072
LI-Small,1668,amlc_01668,e_6658761,1119522,0,easy_t2,470487,414,1136.4420289855072
LI-Small,1669,amlc_01669,e_6658776,1119537,0,easy_t2,470487,414,1136.4420289855072
LI-Small,1670,amlc_01670,e_6659557,1120318,0,easy_t1,456649,415,1100.3590361445783
LI-Small,1671,amlc_01671,e_6659946,1120707,0,easy_t1,456649,415,1100.3590361445783
LI-Small,1672,amlc_01672,e_6661441,1122202,0,hard_neg,269,269,1.0
LI-Small,1673,amlc_01673,e_6663348,1124109,0,easy_t2,470487,414,1136.4420289855072
LI-Small,1674,amlc_01674,e_6663777,1124538,0,easy_t1,456649,415,1100.3590361445783
LI-Small,1675,amlc_01675,e_6664408,1125169,0,easy_t2,470487,414,1136.4420289855072
LI-Small,1676,amlc_01676,e_6665319,1126080,0,easy_t1,456649,415,1100.3590361445783
LI-Small,1677,amlc_01677,e_6665364,1126125,0,easy_t1,456649,415,1100.3590361445783
LI-Small,1678,amlc_01678,e_6666291,1127052,0,easy_t2,470487,414,1136.4420289855072
LI-Small,1679,amlc_01679,e_6666333,1127094,0,easy_t3,456649,414,1103.0169082125603
LI-Small,1680,amlc_01680,e_6666399,1127160,0,easy_t2,470487,414,1136.4420289855072
LI-Small,1681,amlc_01681,e_6666534,1127295,0,hard_neg,269,269,1.0
LI-Small,1682,amlc_01682,e_6667078,1127839,0,easy_t2,470487,414,1136.4420289855072
LI-Small,1683,amlc_01683,e_6667348,1128109,0,hard_neg,269,269,1.0
LI-Small,1684,amlc_01684,e_6667878,1128639,0,easy_t1,456649,415,1100.3590361445783
LI-Small,1685,amlc_01685,e_6668041,1128802,0,hard_neg,269,269,1.0
LI-Small,1686,amlc_01686,e_6668099,1128860,0,easy_t1,456649,415,1100.3590361445783
LI-Small,1687,amlc_01687,e_6669089,1129850,1,illicit,756,756,1.0
LI-Small,1688,amlc_01688,e_6671291,1132052,1,illicit,756,756,1.0
LI-Small,1689,amlc_01689,e_6671654,1132415,1,illicit,756,756,1.0
LI-Small,1690,amlc_01690,e_6672270,1133031,1,illicit,756,756,1.0
LI-Small,1691,amlc_01691,e_6672751,1133512,1,illicit,756,756,1.0
LI-Small,1692,amlc_01692,e_6674067,1134828,1,illicit,756,756,1.0
LI-Small,1693,amlc_01693,e_6674238,1134999,0,easy_t2,470487,414,1136.4420289855072
LI-Small,1694,amlc_01694,e_6674381,1135142,0,easy_t2,470487,414,1136.4420289855072
LI-Small,1695,amlc_01695,e_6674578,1135339,0,hard_neg,269,269,1.0
LI-Small,1696,amlc_01696,e_6676572,1137333,0,easy_t1,456649,415,1100.3590361445783
LI-Small,1697,amlc_01697,e_6676946,1137707,0,hard_neg,269,269,1.0
LI-Small,1698,amlc_01698,e_6677224,1137985,1,illicit,756,756,1.0
LI-Small,1699,amlc_01699,e_6677239,1138000,1,illicit,756,756,1.0
LI-Small,1700,amlc_01700,e_6677241,1138002,1,illicit,756,756,1.0
LI-Small,1701,amlc_01701,e_6677243,1138004,1,illicit,756,756,1.0
LI-Small,1702,amlc_01702,e_6677245,1138006,1,illicit,756,756,1.0
LI-Small,1703,amlc_01703,e_6678142,1138903,1,illicit,756,756,1.0
LI-Small,1704,amlc_01704,e_6680208,1140969,1,illicit,756,756,1.0
LI-Small,1705,amlc_01705,e_6680874,1141635,0,hard_neg,269,269,1.0
LI-Small,1706,amlc_01706,e_6680913,1141674,1,illicit,756,756,1.0
LI-Small,1707,amlc_01707,e_6682922,1143683,1,illicit,756,756,1.0
LI-Small,1708,amlc_01708,e_6683567,1144328,0,easy_t1,456649,415,1100.3590361445783
LI-Small,1709,amlc_01709,e_6683611,1144372,0,easy_t3,456649,414,1103.0169082125603
LI-Small,1710,amlc_01710,e_6683861,1144622,0,easy_t2,470487,414,1136.4420289855072
LI-Small,1711,amlc_01711,e_6684312,1145073,1,illicit,756,756,1.0
LI-Small,1712,amlc_01712,e_6684317,1145078,0,easy_t2,470487,414,1136.4420289855072
LI-Small,1713,amlc_01713,e_6685183,1145944,1,illicit,756,756,1.0
LI-Small,1714,amlc_01714,e_6685435,1146196,0,easy_t2,470487,414,1136.4420289855072
LI-Small,1715,amlc_01715,e_6686437,1147198,0,easy_t1,456649,415,1100.3590361445783
LI-Small,1716,amlc_01716,e_6686494,1147255,1,illicit,756,756,1.0
LI-Small,1717,amlc_01717,e_6688314,1149075,1,illicit,756,756,1.0
LI-Small,1718,amlc_01718,e_6688597,1149358,1,illicit,756,756,1.0
LI-Small,1719,amlc_01719,e_6688957,1149718,1,illicit,756,756,1.0
LI-Small,1720,amlc_01720,e_6690067,1150828,1,illicit,756,756,1.0
LI-Small,1721,amlc_01721,e_6691061,1151822,1,illicit,756,756,1.0
LI-Small,1722,amlc_01722,e_6691856,1152617,1,illicit,756,756,1.0
LI-Small,1723,amlc_01723,e_6692011,1152772,1,illicit,756,756,1.0
LI-Small,1724,amlc_01724,e_6692693,1153454,0,hard_neg,269,269,1.0
LI-Small,1725,amlc_01725,e_6694080,1154841,1,illicit,756,756,1.0
LI-Small,1726,amlc_01726,e_6694262,1155023,1,illicit,756,756,1.0
LI-Small,1727,amlc_01727,e_6694587,1155348,0,hard_neg,269,269,1.0
LI-Small,1728,amlc_01728,e_6694656,1155417,1,illicit,756,756,1.0
LI-Small,1729,amlc_01729,e_6695667,1156428,1,illicit,756,756,1.0
LI-Small,1730,amlc_01730,e_6695792,1156553,0,easy_t3,456649,414,1103.0169082125603
LI-Small,1731,amlc_01731,e_6695887,1156648,1,illicit,756,756,1.0
LI-Small,1732,amlc_01732,e_6697332,1158093,0,easy_t2,470487,414,1136.4420289855072
LI-Small,1733,amlc_01733,e_6697439,1158200,1,illicit,756,756,1.0
LI-Small,1734,amlc_01734,e_6697581,1158342,0,easy_t2,470487,414,1136.4420289855072
LI-Small,1735,amlc_01735,e_6697858,1158619,0,easy_t1,456649,415,1100.3590361445783
LI-Small,1736,amlc_01736,e_6698856,1159617,1,illicit,756,756,1.0
LI-Small,1737,amlc_01737,e_6699219,1159980,0,easy_t3,456649,414,1103.0169082125603
LI-Small,1738,amlc_01738,e_6699696,1160457,1,illicit,756,756,1.0
LI-Small,1739,amlc_01739,e_6699901,1160662,1,illicit,756,756,1.0
LI-Small,1740,amlc_01740,e_6700542,1161303,0,easy_t1,456649,415,1100.3590361445783
LI-Small,1741,amlc_01741,e_6701954,1162715,1,illicit,756,756,1.0
LI-Small,1742,amlc_01742,e_6702080,1162841,0,easy_t2,470487,414,1136.4420289855072
LI-Small,1743,amlc_01743,e_6703640,1164401,1,illicit,756,756,1.0
LI-Small,1744,amlc_01744,e_6704136,1164897,1,illicit,756,756,1.0
LI-Small,1745,amlc_01745,e_6704802,1165563,1,illicit,756,756,1.0
LI-Small,1746,amlc_01746,e_6705624,1166385,0,easy_t2,470487,414,1136.4420289855072
LI-Small,1747,amlc_01747,e_6706570,1167331,0,easy_t2,470487,414,1136.4420289855072
LI-Small,1748,amlc_01748,e_6706699,1167460,0,easy_t1,456649,415,1100.3590361445783
LI-Small,1749,amlc_01749,e_6706792,1167553,0,easy_t3,456649,414,1103.0169082125603
LI-Small,1750,amlc_01750,e_6706842,1167603,0,easy_t2,470487,414,1136.4420289855072
LI-Small,1751,amlc_01751,e_6706915,1167676,0,easy_t3,456649,414,1103.0169082125603
LI-Small,1752,amlc_01752,e_6706965,1167726,0,easy_t2,470487,414,1136.4420289855072
LI-Small,1753,amlc_01753,e_6707292,1168053,1,illicit,756,756,1.0
LI-Small,1754,amlc_01754,e_6707293,1168054,1,illicit,756,756,1.0
LI-Small,1755,amlc_01755,e_6707294,1168055,1,illicit,756,756,1.0
LI-Small,1756,amlc_01756,e_6707296,1168057,1,illicit,756,756,1.0
LI-Small,1757,amlc_01757,e_6707297,1168058,1,illicit,756,756,1.0
LI-Small,1758,amlc_01758,e_6707298,1168059,1,illicit,756,756,1.0
LI-Small,1759,amlc_01759,e_6707299,1168060,1,illicit,756,756,1.0
LI-Small,1760,amlc_01760,e_6707301,1168062,1,illicit,756,756,1.0
LI-Small,1761,amlc_01761,e_6707303,1168064,1,illicit,756,756,1.0
LI-Small,1762,amlc_01762,e_6707304,1168065,1,illicit,756,756,1.0
LI-Small,1763,amlc_01763,e_6707305,1168066,1,illicit,756,756,1.0
LI-Small,1764,amlc_01764,e_6707317,1168078,1,illicit,756,756,1.0
LI-Small,1765,amlc_01765,e_6707521,1168282,1,illicit,756,756,1.0
LI-Small,1766,amlc_01766,e_6707848,1168609,1,illicit,756,756,1.0
LI-Small,1767,amlc_01767,e_6708499,1169260,1,illicit,756,756,1.0
LI-Small,1768,amlc_01768,e_6708737,1169498,0,easy_t1,456649,415,1100.3590361445783
LI-Small,1769,amlc_01769,e_6708996,1169757,0,easy_t1,456649,415,1100.3590361445783
LI-Small,1770,amlc_01770,e_6709305,1170066,1,illicit,756,756,1.0
LI-Small,1771,amlc_01771,e_6709421,1170182,0,easy_t1,456649,415,1100.3590361445783
LI-Small,1772,amlc_01772,e_6709521,1170282,1,illicit,756,756,1.0
LI-Small,1773,amlc_01773,e_6709763,1170524,0,easy_t1,456649,415,1100.3590361445783
LI-Small,1774,amlc_01774,e_6710136,1170897,0,easy_t1,456649,415,1100.3590361445783
LI-Small,1775,amlc_01775,e_6710534,1171295,1,illicit,756,756,1.0
LI-Small,1776,amlc_01776,e_6710613,1171374,0,easy_t3,456649,414,1103.0169082125603
LI-Small,1777,amlc_01777,e_6711087,1171848,1,illicit,756,756,1.0
LI-Small,1778,amlc_01778,e_6711153,1171914,0,easy_t2,470487,414,1136.4420289855072
LI-Small,1779,amlc_01779,e_6711242,1172003,1,illicit,756,756,1.0
LI-Small,1780,amlc_01780,e_6711816,1172577,1,illicit,756,756,1.0
LI-Small,1781,amlc_01781,e_6712009,1172770,1,illicit,756,756,1.0
LI-Small,1782,amlc_01782,e_6712279,1173040,0,easy_t2,470487,414,1136.4420289855072
LI-Small,1783,amlc_01783,e_6712477,1173238,0,easy_t3,456649,414,1103.0169082125603
LI-Small,1784,amlc_01784,e_6712630,1173391,1,illicit,756,756,1.0
LI-Small,1785,amlc_01785,e_6713049,1173810,0,easy_t1,456649,415,1100.3590361445783
LI-Small,1786,amlc_01786,e_6713613,1174374,1,illicit,756,756,1.0
LI-Small,1787,amlc_01787,e_6713671,1174432,1,illicit,756,756,1.0
LI-Small,1788,amlc_01788,e_6714217,1174978,0,hard_neg,269,269,1.0
LI-Small,1789,amlc_01789,e_6716045,1176806,0,easy_t2,470487,414,1136.4420289855072
LI-Small,1790,amlc_01790,e_6716132,1176893,0,hard_neg,269,269,1.0
LI-Small,1791,amlc_01791,e_6716424,1177185,0,hard_neg,269,269,1.0
LI-Small,1792,amlc_01792,e_6717071,1177832,0,easy_t3,456649,414,1103.0169082125603
LI-Small,1793,amlc_01793,e_6717666,1178427,0,easy_t3,456649,414,1103.0169082125603
LI-Small,1794,amlc_01794,e_6718693,1179454,1,illicit,756,756,1.0
LI-Small,1795,amlc_01795,e_6718769,1179530,1,illicit,756,756,1.0
LI-Small,1796,amlc_01796,e_6719006,1179767,0,easy_t2,470487,414,1136.4420289855072
LI-Small,1797,amlc_01797,e_6719122,1179883,1,illicit,756,756,1.0
LI-Small,1798,amlc_01798,e_6719629,1180390,0,easy_t1,456649,415,1100.3590361445783
LI-Small,1799,amlc_01799,e_6719977,1180738,1,illicit,756,756,1.0
LI-Small,1800,amlc_01800,e_6720483,1181244,1,illicit,756,756,1.0
LI-Small,1801,amlc_01801,e_6720942,1181703,0,easy_t1,456649,415,1100.3590361445783
LI-Small,1802,amlc_01802,e_6721149,1181910,0,easy_t2,470487,414,1136.4420289855072
LI-Small,1803,amlc_01803,e_6721274,1182035,0,easy_t1,456649,415,1100.3590361445783
LI-Small,1804,amlc_01804,e_6722287,1183048,1,illicit,756,756,1.0
LI-Small,1805,amlc_01805,e_6722668,1183429,1,illicit,756,756,1.0
LI-Small,1806,amlc_01806,e_6722691,1183452,0,hard_neg,269,269,1.0
LI-Small,1807,amlc_01807,e_6723201,1183962,0,easy_t2,470487,414,1136.4420289855072
LI-Small,1808,amlc_01808,e_6724987,1185748,1,illicit,756,756,1.0
LI-Small,1809,amlc_01809,e_6725871,1186632,0,easy_t1,456649,415,1100.3590361445783
LI-Small,1810,amlc_01810,e_6725993,1186754,0,easy_t1,456649,415,1100.3590361445783
LI-Small,1811,amlc_01811,e_6726094,1186855,0,easy_t1,456649,415,1100.3590361445783
LI-Small,1812,amlc_01812,e_6726196,1186957,0,easy_t2,470487,414,1136.4420289855072
LI-Small,1813,amlc_01813,e_6728839,1189600,0,easy_t1,456649,415,1100.3590361445783
LI-Small,1814,amlc_01814,e_6729632,1190393,0,easy_t3,456649,414,1103.0169082125603
LI-Small,1815,amlc_01815,e_6729716,1190477,0,easy_t3,456649,414,1103.0169082125603
LI-Small,1816,amlc_01816,e_6730008,1190769,0,easy_t2,470487,414,1136.4420289855072
LI-Small,1817,amlc_01817,e_6730359,1191120,0,hard_neg,269,269,1.0
LI-Small,1818,amlc_01818,e_6730916,1191677,0,easy_t1,456649,415,1100.3590361445783
LI-Small,1819,amlc_01819,e_6730981,1191742,1,illicit,756,756,1.0
LI-Small,1820,amlc_01820,e_6731026,1191787,1,illicit,756,756,1.0
LI-Small,1821,amlc_01821,e_6731418,1192179,0,easy_t1,456649,415,1100.3590361445783
LI-Small,1822,amlc_01822,e_6732045,1192806,1,illicit,756,756,1.0
LI-Small,1823,amlc_01823,e_6732164,1192925,0,easy_t2,470487,414,1136.4420289855072
LI-Small,1824,amlc_01824,e_6732592,1193353,1,illicit,756,756,1.0
LI-Small,1825,amlc_01825,e_6733014,1193775,0,easy_t2,470487,414,1136.4420289855072
LI-Small,1826,amlc_01826,e_6733130,1193891,0,easy_t3,456649,414,1103.0169082125603
LI-Small,1827,amlc_01827,e_6733702,1194463,0,easy_t1,456649,415,1100.3590361445783
LI-Small,1828,amlc_01828,e_6734303,1195064,0,hard_neg,269,269,1.0
LI-Small,1829,amlc_01829,e_6735448,1196209,0,easy_t3,456649,414,1103.0169082125603
LI-Small,1830,amlc_01830,e_6735464,1196225,0,easy_t2,470487,414,1136.4420289855072
LI-Small,1831,amlc_01831,e_6735877,1196638,0,easy_t1,456649,415,1100.3590361445783
LI-Small,1832,amlc_01832,e_6737926,1198687,0,hard_neg,269,269,1.0
LI-Small,1833,amlc_01833,e_6737948,1198709,0,easy_t2,470487,414,1136.4420289855072
LI-Small,1834,amlc_01834,e_6738698,1199459,0,easy_t2,470487,414,1136.4420289855072
LI-Small,1835,amlc_01835,e_6738997,1199758,0,easy_t2,470487,414,1136.4420289855072
LI-Small,1836,amlc_01836,e_6739233,1199994,1,illicit,756,756,1.0
LI-Small,1837,amlc_01837,e_6739337,1200098,1,illicit,756,756,1.0
LI-Small,1838,amlc_01838,e_6740442,1201203,1,illicit,756,756,1.0
LI-Small,1839,amlc_01839,e_6742111,1202872,1,illicit,756,756,1.0
LI-Small,1840,amlc_01840,e_6742931,1203692,0,easy_t1,456649,415,1100.3590361445783
LI-Small,1841,amlc_01841,e_6743648,1204409,0,easy_t2,470487,414,1136.4420289855072
LI-Small,1842,amlc_01842,e_6743788,1204549,1,illicit,756,756,1.0
LI-Small,1843,amlc_01843,e_6743804,1204565,0,easy_t1,456649,415,1100.3590361445783
LI-Small,1844,amlc_01844,e_6743937,1204698,0,easy_t2,470487,414,1136.4420289855072
LI-Small,1845,amlc_01845,e_6745188,1205949,0,easy_t1,456649,415,1100.3590361445783
LI-Small,1846,amlc_01846,e_6745588,1206349,0,easy_t2,470487,414,1136.4420289855072
LI-Small,1847,amlc_01847,e_6745733,1206494,0,easy_t2,470487,414,1136.4420289855072
LI-Small,1848,amlc_01848,e_6746060,1206821,1,illicit,756,756,1.0
LI-Small,1849,amlc_01849,e_6746251,1207012,1,illicit,756,756,1.0
LI-Small,1850,amlc_01850,e_6746764,1207525,0,easy_t2,470487,414,1136.4420289855072
LI-Small,1851,amlc_01851,e_6747046,1207807,0,easy_t3,456649,414,1103.0169082125603
LI-Small,1852,amlc_01852,e_6747301,1208062,1,illicit,756,756,1.0
LI-Small,1853,amlc_01853,e_6747585,1208346,1,illicit,756,756,1.0
LI-Small,1854,amlc_01854,e_6747785,1208546,0,easy_t1,456649,415,1100.3590361445783
LI-Small,1855,amlc_01855,e_6748678,1209439,0,easy_t3,456649,414,1103.0169082125603
LI-Small,1856,amlc_01856,e_6748739,1209500,0,easy_t2,470487,414,1136.4420289855072
LI-Small,1857,amlc_01857,e_6749151,1209912,1,illicit,756,756,1.0
LI-Small,1858,amlc_01858,e_6749453,1210214,0,easy_t2,470487,414,1136.4420289855072
LI-Small,1859,amlc_01859,e_6750655,1211416,1,illicit,756,756,1.0
LI-Small,1860,amlc_01860,e_6750825,1211586,1,illicit,756,756,1.0
LI-Small,1861,amlc_01861,e_6750827,1211588,1,illicit,756,756,1.0
LI-Small,1862,amlc_01862,e_6750829,1211590,1,illicit,756,756,1.0
LI-Small,1863,amlc_01863,e_6750831,1211592,1,illicit,756,756,1.0
LI-Small,1864,amlc_01864,e_6750833,1211594,1,illicit,756,756,1.0
LI-Small,1865,amlc_01865,e_6750835,1211596,1,illicit,756,756,1.0
LI-Small,1866,amlc_01866,e_6750836,1211597,1,illicit,756,756,1.0
LI-Small,1867,amlc_01867,e_6750837,1211598,1,illicit,756,756,1.0
LI-Small,1868,amlc_01868,e_6750838,1211599,1,illicit,756,756,1.0
LI-Small,1869,amlc_01869,e_6750840,1211601,1,illicit,756,756,1.0
LI-Small,1870,amlc_01870,e_6750842,1211603,1,illicit,756,756,1.0
LI-Small,1871,amlc_01871,e_6750843,1211604,1,illicit,756,756,1.0
LI-Small,1872,amlc_01872,e_6750845,1211606,1,illicit,756,756,1.0
LI-Small,1873,amlc_01873,e_6751324,1212085,0,easy_t2,470487,414,1136.4420289855072
LI-Small,1874,amlc_01874,e_6752013,1212774,0,hard_neg,269,269,1.0
LI-Small,1875,amlc_01875,e_6752791,1213552,0,easy_t1,456649,415,1100.3590361445783
LI-Small,1876,amlc_01876,e_6753183,1213944,1,illicit,756,756,1.0
LI-Small,1877,amlc_01877,e_6753677,1214438,0,easy_t1,456649,415,1100.3590361445783
LI-Small,1878,amlc_01878,e_6753863,1214624,0,hard_neg,269,269,1.0
LI-Small,1879,amlc_01879,e_6754241,1215002,0,easy_t3,456649,414,1103.0169082125603
LI-Small,1880,amlc_01880,e_6755337,1216098,1,illicit,756,756,1.0
LI-Small,1881,amlc_01881,e_6755816,1216577,0,easy_t2,470487,414,1136.4420289855072
LI-Small,1882,amlc_01882,e_6756306,1217067,1,illicit,756,756,1.0
LI-Small,1883,amlc_01883,e_6756313,1217074,1,illicit,756,756,1.0
LI-Small,1884,amlc_01884,e_6756658,1217419,0,easy_t2,470487,414,1136.4420289855072
LI-Small,1885,amlc_01885,e_6756673,1217434,1,illicit,756,756,1.0
LI-Small,1886,amlc_01886,e_6757813,1218574,0,easy_t1,456649,415,1100.3590361445783
LI-Small,1887,amlc_01887,e_6758251,1219012,0,easy_t1,456649,415,1100.3590361445783
LI-Small,1888,amlc_01888,e_6758612,1219373,1,illicit,756,756,1.0
LI-Small,1889,amlc_01889,e_6759352,1220113,0,easy_t2,470487,414,1136.4420289855072
LI-Small,1890,amlc_01890,e_6760760,1221521,0,easy_t3,456649,414,1103.0169082125603
LI-Small,1891,amlc_01891,e_6760881,1221642,0,easy_t2,470487,414,1136.4420289855072
LI-Small,1892,amlc_01892,e_6761272,1222033,1,illicit,756,756,1.0
LI-Small,1893,amlc_01893,e_6761737,1222498,1,illicit,756,756,1.0
LI-Small,1894,amlc_01894,e_6761742,1222503,0,hard_neg,269,269,1.0
LI-Small,1895,amlc_01895,e_6761743,1222504,0,hard_neg,269,269,1.0
LI-Small,1896,amlc_01896,e_6761746,1222507,0,easy_t2,470487,414,1136.4420289855072
LI-Small,1897,amlc_01897,e_6761874,1222635,1,illicit,756,756,1.0
LI-Small,1898,amlc_01898,e_6762823,1223584,0,easy_t2,470487,414,1136.4420289855072
LI-Small,1899,amlc_01899,e_6763380,1224141,0,easy_t2,470487,414,1136.4420289855072
LI-Small,1900,amlc_01900,e_6764440,1225201,0,easy_t2,470487,414,1136.4420289855072
LI-Small,1901,amlc_01901,e_6764716,1225477,1,illicit,756,756,1.0
LI-Small,1902,amlc_01902,e_6764801,1225562,1,illicit,756,756,1.0
LI-Small,1903,amlc_01903,e_6764890,1225651,1,illicit,756,756,1.0
LI-Small,1904,amlc_01904,e_6765841,1226602,1,illicit,756,756,1.0
LI-Small,1905,amlc_01905,e_6765934,1226695,0,easy_t2,470487,414,1136.4420289855072
LI-Small,1906,amlc_01906,e_6766035,1226796,0,easy_t2,470487,414,1136.4420289855072
LI-Small,1907,amlc_01907,e_6766226,1226987,1,illicit,756,756,1.0
LI-Small,1908,amlc_01908,e_6767041,1227802,1,illicit,756,756,1.0
LI-Small,1909,amlc_01909,e_6767115,1227876,0,hard_neg,269,269,1.0
LI-Small,1910,amlc_01910,e_6767584,1228345,1,illicit,756,756,1.0
LI-Small,1911,amlc_01911,e_6767709,1228470,1,illicit,756,756,1.0
LI-Small,1912,amlc_01912,e_6768124,1228885,0,easy_t3,456649,414,1103.0169082125603
LI-Small,1913,amlc_01913,e_6769055,1229816,0,hard_neg,269,269,1.0
LI-Small,1914,amlc_01914,e_6769478,1230239,0,easy_t1,456649,415,1100.3590361445783
LI-Small,1915,amlc_01915,e_6770610,1231371,0,easy_t2,470487,414,1136.4420289855072
LI-Small,1916,amlc_01916,e_6771094,1231855,0,easy_t3,456649,414,1103.0169082125603
LI-Small,1917,amlc_01917,e_6772464,1233225,1,illicit,756,756,1.0
LI-Small,1918,amlc_01918,e_6773072,1233833,0,easy_t2,470487,414,1136.4420289855072
LI-Small,1919,amlc_01919,e_6773175,1233936,0,hard_neg,269,269,1.0
LI-Small,1920,amlc_01920,e_6774793,1235554,0,easy_t1,456649,415,1100.3590361445783
LI-Small,1921,amlc_01921,e_6775538,1236299,0,easy_t1,456649,415,1100.3590361445783
LI-Small,1922,amlc_01922,e_6775826,1236587,0,easy_t3,456649,414,1103.0169082125603
LI-Small,1923,amlc_01923,e_6775939,1236700,0,easy_t3,456649,414,1103.0169082125603
LI-Small,1924,amlc_01924,e_6776007,1236768,0,hard_neg,269,269,1.0
LI-Small,1925,amlc_01925,e_6776733,1237494,0,easy_t3,456649,414,1103.0169082125603
LI-Small,1926,amlc_01926,e_6776794,1237555,0,easy_t2,470487,414,1136.4420289855072
LI-Small,1927,amlc_01927,e_6776864,1237625,1,illicit,756,756,1.0
LI-Small,1928,amlc_01928,e_6777608,1238369,0,hard_neg,269,269,1.0
LI-Small,1929,amlc_01929,e_6778269,1239030,0,easy_t2,470487,414,1136.4420289855072
LI-Small,1930,amlc_01930,e_6778395,1239156,0,easy_t2,470487,414,1136.4420289855072
LI-Small,1931,amlc_01931,e_6778631,1239392,0,hard_neg,269,269,1.0
LI-Small,1932,amlc_01932,e_6778746,1239507,0,easy_t3,456649,414,1103.0169082125603
LI-Small,1933,amlc_01933,e_6779809,1240570,1,illicit,756,756,1.0
LI-Small,1934,amlc_01934,e_6780218,1240979,1,illicit,756,756,1.0
LI-Small,1935,amlc_01935,e_6781130,1241891,0,easy_t1,456649,415,1100.3590361445783
LI-Small,1936,amlc_01936,e_6782033,1242794,1,illicit,756,756,1.0
LI-Small,1937,amlc_01937,e_6782147,1242908,0,easy_t1,456649,415,1100.3590361445783
LI-Small,1938,amlc_01938,e_6782919,1243680,1,illicit,756,756,1.0
LI-Small,1939,amlc_01939,e_6783458,1244219,1,illicit,756,756,1.0
LI-Small,1940,amlc_01940,e_6784162,1244923,1,illicit,756,756,1.0
LI-Small,1941,amlc_01941,e_6784431,1245192,0,hard_neg,269,269,1.0
LI-Small,1942,amlc_01942,e_6785011,1245772,1,illicit,756,756,1.0
LI-Small,1943,amlc_01943,e_6785316,1246077,1,illicit,756,756,1.0
LI-Small,1944,amlc_01944,e_6785801,1246562,1,illicit,756,756,1.0
LI-Small,1945,amlc_01945,e_6786010,1246771,0,easy_t1,456649,415,1100.3590361445783
LI-Small,1946,amlc_01946,e_6786221,1246982,1,illicit,756,756,1.0
LI-Small,1947,amlc_01947,e_6786230,1246991,1,illicit,756,756,1.0
LI-Small,1948,amlc_01948,e_6787390,1248151,0,hard_neg,269,269,1.0
LI-Small,1949,amlc_01949,e_6787558,1248319,0,easy_t3,456649,414,1103.0169082125603
LI-Small,1950,amlc_01950,e_6787974,1248735,0,easy_t3,456649,414,1103.0169082125603
LI-Small,1951,amlc_01951,e_6788189,1248950,1,illicit,756,756,1.0
LI-Small,1952,amlc_01952,e_6788338,1249099,1,illicit,756,756,1.0
LI-Small,1953,amlc_01953,e_6788761,1249522,0,easy_t3,456649,414,1103.0169082125603
LI-Small,1954,amlc_01954,e_6788884,1249645,0,hard_neg,269,269,1.0
LI-Small,1955,amlc_01955,e_6788885,1249646,1,illicit,756,756,1.0
LI-Small,1956,amlc_01956,e_6788886,1249647,1,illicit,756,756,1.0
LI-Small,1957,amlc_01957,e_6789046,1249807,1,illicit,756,756,1.0
LI-Small,1958,amlc_01958,e_6789290,1250051,0,easy_t2,470487,414,1136.4420289855072
LI-Small,1959,amlc_01959,e_6789299,1250060,1,illicit,756,756,1.0
LI-Small,1960,amlc_01960,e_6789404,1250165,0,easy_t1,456649,415,1100.3590361445783
LI-Small,1961,amlc_01961,e_6789444,1250205,1,illicit,756,756,1.0
LI-Small,1962,amlc_01962,e_6790082,1250843,1,illicit,756,756,1.0
LI-Small,1963,amlc_01963,e_6790084,1250845,0,easy_t2,470487,414,1136.4420289855072
LI-Small,1964,amlc_01964,e_6790262,1251023,1,illicit,756,756,1.0
LI-Small,1965,amlc_01965,e_6790841,1251602,1,illicit,756,756,1.0
LI-Small,1966,amlc_01966,e_6792305,1253066,0,easy_t2,470487,414,1136.4420289855072
LI-Small,1967,amlc_01967,e_6792374,1253135,0,hard_neg,269,269,1.0
LI-Small,1968,amlc_01968,e_6792508,1253269,0,easy_t3,456649,414,1103.0169082125603
LI-Small,1969,amlc_01969,e_6792757,1253518,0,easy_t2,470487,414,1136.4420289855072
LI-Small,1970,amlc_01970,e_6792876,1253637,0,easy_t2,470487,414,1136.4420289855072
LI-Small,1971,amlc_01971,e_6792945,1253706,1,illicit,756,756,1.0
LI-Small,1972,amlc_01972,e_6793009,1253770,1,illicit,756,756,1.0
LI-Small,1973,amlc_01973,e_6793745,1254506,1,illicit,756,756,1.0
LI-Small,1974,amlc_01974,e_6793891,1254652,0,hard_neg,269,269,1.0
LI-Small,1975,amlc_01975,e_6794243,1255004,0,hard_neg,269,269,1.0
LI-Small,1976,amlc_01976,e_6795878,1256639,1,illicit,756,756,1.0
LI-Small,1977,amlc_01977,e_6795992,1256753,1,illicit,756,756,1.0
LI-Small,1978,amlc_01978,e_6796464,1257225,0,hard_neg,269,269,1.0
LI-Small,1979,amlc_01979,e_6796478,1257239,0,easy_t1,456649,415,1100.3590361445783
LI-Small,1980,amlc_01980,e_6796508,1257269,0,easy_t2,470487,414,1136.4420289855072
LI-Small,1981,amlc_01981,e_6797657,1258418,1,illicit,756,756,1.0
LI-Small,1982,amlc_01982,e_6797732,1258493,0,hard_neg,269,269,1.0
LI-Small,1983,amlc_01983,e_6797870,1258631,0,easy_t1,456649,415,1100.3590361445783
LI-Small,1984,amlc_01984,e_6797978,1258739,1,illicit,756,756,1.0
LI-Small,1985,amlc_01985,e_6798382,1259143,1,illicit,756,756,1.0
LI-Small,1986,amlc_01986,e_6799530,1260291,0,easy_t2,470487,414,1136.4420289855072
LI-Small,1987,amlc_01987,e_6800123,1260884,0,easy_t2,470487,414,1136.4420289855072
LI-Small,1988,amlc_01988,e_6800628,1261389,0,easy_t2,470487,414,1136.4420289855072
LI-Small,1989,amlc_01989,e_6800846,1261607,1,illicit,756,756,1.0
LI-Small,1990,amlc_01990,e_6801167,1261928,1,illicit,756,756,1.0
LI-Small,1991,amlc_01991,e_6801487,1262248,0,easy_t1,456649,415,1100.3590361445783
LI-Small,1992,amlc_01992,e_6802401,1263162,1,illicit,756,756,1.0
LI-Small,1993,amlc_01993,e_6802848,1263609,0,easy_t1,456649,415,1100.3590361445783
LI-Small,1994,amlc_01994,e_6803720,1264481,0,hard_neg,269,269,1.0
LI-Small,1995,amlc_01995,e_6804092,1264853,1,illicit,756,756,1.0
LI-Small,1996,amlc_01996,e_6804093,1264854,0,hard_neg,269,269,1.0
LI-Small,1997,amlc_01997,e_6804459,1265220,1,illicit,756,756,1.0
LI-Small,1998,amlc_01998,e_6805029,1265790,1,illicit,756,756,1.0
LI-Small,1999,amlc_01999,e_6805558,1266319,0,easy_t2,470487,414,1136.4420289855072
LI-Small,2000,amlc_02000,e_6805614,1266375,1,illicit,756,756,1.0
LI-Small,2001,amlc_02001,e_6805697,1266458,1,illicit,756,756,1.0
LI-Small,2002,amlc_02002,e_6806094,1266855,0,easy_t1,456649,415,1100.3590361445783
LI-Small,2003,amlc_02003,e_6806420,1267181,0,easy_t2,470487,414,1136.4420289855072
LI-Small,2004,amlc_02004,e_6806633,1267394,1,illicit,756,756,1.0
LI-Small,2005,amlc_02005,e_6808527,1269288,0,hard_neg,269,269,1.0
LI-Small,2006,amlc_02006,e_6808968,1269729,1,illicit,756,756,1.0
LI-Small,2007,amlc_02007,e_6809147,1269908,0,easy_t2,470487,414,1136.4420289855072
LI-Small,2008,amlc_02008,e_6809215,1269976,1,illicit,756,756,1.0
LI-Small,2009,amlc_02009,e_6809577,1270338,1,illicit,756,756,1.0
LI-Small,2010,amlc_02010,e_6810687,1271448,0,easy_t1,456649,415,1100.3590361445783
LI-Small,2011,amlc_02011,e_6810925,1271686,0,easy_t2,470487,414,1136.4420289855072
LI-Small,2012,amlc_02012,e_6811776,1272537,1,illicit,756,756,1.0
LI-Small,2013,amlc_02013,e_6813055,1273816,0,hard_neg,269,269,1.0
LI-Small,2014,amlc_02014,e_6814061,1274822,1,illicit,756,756,1.0
LI-Small,2015,amlc_02015,e_6814845,1275606,0,easy_t2,470487,414,1136.4420289855072
LI-Small,2016,amlc_02016,e_6815499,1276260,0,easy_t3,456649,414,1103.0169082125603
LI-Small,2017,amlc_02017,e_6815666,1276427,1,illicit,756,756,1.0
LI-Small,2018,amlc_02018,e_6815716,1276477,0,easy_t2,470487,414,1136.4420289855072
LI-Small,2019,amlc_02019,e_6816175,1276936,1,illicit,756,756,1.0
LI-Small,2020,amlc_02020,e_6816736,1277497,1,illicit,756,756,1.0
LI-Small,2021,amlc_02021,e_6816849,1277610,0,hard_neg,269,269,1.0
LI-Small,2022,amlc_02022,e_6816879,1277640,0,easy_t3,456649,414,1103.0169082125603
LI-Small,2023,amlc_02023,e_6816951,1277712,0,easy_t1,456649,415,1100.3590361445783
LI-Small,2024,amlc_02024,e_6817444,1278205,1,illicit,756,756,1.0
LI-Small,2025,amlc_02025,e_6817745,1278506,1,illicit,756,756,1.0
LI-Small,2026,amlc_02026,e_6818545,1279306,0,easy_t1,456649,415,1100.3590361445783
LI-Small,2027,amlc_02027,e_6818750,1279511,1,illicit,756,756,1.0
LI-Small,2028,amlc_02028,e_6818778,1279539,0,easy_t1,456649,415,1100.3590361445783
LI-Small,2029,amlc_02029,e_6819407,1280168,1,illicit,756,756,1.0
LI-Small,2030,amlc_02030,e_6820726,1281487,0,easy_t2,470487,414,1136.4420289855072
LI-Small,2031,amlc_02031,e_6821057,1281818,0,easy_t2,470487,414,1136.4420289855072
LI-Small,2032,amlc_02032,e_6821115,1281876,1,illicit,756,756,1.0
LI-Small,2033,amlc_02033,e_6821963,1282724,1,illicit,756,756,1.0
LI-Small,2034,amlc_02034,e_6821965,1282726,1,illicit,756,756,1.0
LI-Small,2035,amlc_02035,e_6821966,1282727,1,illicit,756,756,1.0
LI-Small,2036,amlc_02036,e_6821967,1282728,0,hard_neg,269,269,1.0
LI-Small,2037,amlc_02037,e_6821968,1282729,1,illicit,756,756,1.0
LI-Small,2038,amlc_02038,e_6821969,1282730,1,illicit,756,756,1.0
LI-Small,2039,amlc_02039,e_6821970,1282731,0,hard_neg,269,269,1.0
LI-Small,2040,amlc_02040,e_6821971,1282732,1,illicit,756,756,1.0
LI-Small,2041,amlc_02041,e_6821972,1282733,1,illicit,756,756,1.0
LI-Small,2042,amlc_02042,e_6821974,1282735,1,illicit,756,756,1.0
LI-Small,2043,amlc_02043,e_6821976,1282737,1,illicit,756,756,1.0
LI-Small,2044,amlc_02044,e_6821977,1282738,1,illicit,756,756,1.0
LI-Small,2045,amlc_02045,e_6821978,1282739,1,illicit,756,756,1.0
LI-Small,2046,amlc_02046,e_6821979,1282740,1,illicit,756,756,1.0
LI-Small,2047,amlc_02047,e_6821981,1282742,1,illicit,756,756,1.0
LI-Small,2048,amlc_02048,e_6821982,1282743,1,illicit,756,756,1.0
LI-Small,2049,amlc_02049,e_6821984,1282745,1,illicit,756,756,1.0
LI-Small,2050,amlc_02050,e_6821985,1282746,1,illicit,756,756,1.0
LI-Small,2051,amlc_02051,e_6821986,1282747,1,illicit,756,756,1.0
LI-Small,2052,amlc_02052,e_6821988,1282749,1,illicit,756,756,1.0
LI-Small,2053,amlc_02053,e_6822125,1282886,0,easy_t2,470487,414,1136.4420289855072
LI-Small,2054,amlc_02054,e_6822696,1283457,1,illicit,756,756,1.0
LI-Small,2055,amlc_02055,e_6823801,1284562,1,illicit,756,756,1.0
LI-Small,2056,amlc_02056,e_6823852,1284613,0,easy_t1,456649,415,1100.3590361445783
LI-Small,2057,amlc_02057,e_6824380,1285141,1,illicit,756,756,1.0
LI-Small,2058,amlc_02058,e_6824907,1285668,0,hard_neg,269,269,1.0
LI-Small,2059,amlc_02059,e_6825519,1286280,0,easy_t2,470487,414,1136.4420289855072
LI-Small,2060,amlc_02060,e_6825829,1286590,0,easy_t1,456649,415,1100.3590361445783
LI-Small,2061,amlc_02061,e_6825991,1286752,1,illicit,756,756,1.0
LI-Small,2062,amlc_02062,e_6826106,1286867,0,easy_t2,470487,414,1136.4420289855072
LI-Small,2063,amlc_02063,e_6827045,1287806,0,easy_t3,456649,414,1103.0169082125603
LI-Small,2064,amlc_02064,e_6827197,1287958,1,illicit,756,756,1.0
LI-Small,2065,amlc_02065,e_6828042,1288803,1,illicit,756,756,1.0
LI-Small,2066,amlc_02066,e_6829304,1290065,1,illicit,756,756,1.0
LI-Small,2067,amlc_02067,e_6830258,1291019,0,easy_t3,456649,414,1103.0169082125603
LI-Small,2068,amlc_02068,e_6830520,1291281,1,illicit,756,756,1.0
LI-Small,2069,amlc_02069,e_6830528,1291289,1,illicit,756,756,1.0
LI-Small,2070,amlc_02070,e_6831198,1291959,1,illicit,756,756,1.0
LI-Small,2071,amlc_02071,e_6831363,1292124,0,easy_t3,456649,414,1103.0169082125603
LI-Small,2072,amlc_02072,e_6831439,1292200,0,easy_t1,456649,415,1100.3590361445783
LI-Small,2073,amlc_02073,e_6832249,1293010,0,hard_neg,269,269,1.0
LI-Small,2074,amlc_02074,e_6832834,1293595,0,easy_t2,470487,414,1136.4420289855072
LI-Small,2075,amlc_02075,e_6832867,1293628,0,easy_t2,470487,414,1136.4420289855072
LI-Small,2076,amlc_02076,e_6832886,1293647,1,illicit,756,756,1.0
LI-Small,2077,amlc_02077,e_6833755,1294516,0,easy_t1,456649,415,1100.3590361445783
LI-Small,2078,amlc_02078,e_6834430,1295191,1,illicit,756,756,1.0
LI-Small,2079,amlc_02079,e_6836251,1297012,0,easy_t3,456649,414,1103.0169082125603
LI-Small,2080,amlc_02080,e_6836272,1297033,0,easy_t3,456649,414,1103.0169082125603
LI-Small,2081,amlc_02081,e_6836467,1297228,0,easy_t2,470487,414,1136.4420289855072
LI-Small,2082,amlc_02082,e_6837984,1298745,0,hard_neg,269,269,1.0
LI-Small,2083,amlc_02083,e_6838403,1299164,0,easy_t1,456649,415,1100.3590361445783
LI-Small,2084,amlc_02084,e_6839897,1300658,1,illicit,756,756,1.0
LI-Small,2085,amlc_02085,e_6840217,1300978,1,illicit,756,756,1.0
LI-Small,2086,amlc_02086,e_6840596,1301357,0,easy_t1,456649,415,1100.3590361445783
LI-Small,2087,amlc_02087,e_6841405,1302166,0,easy_t2,470487,414,1136.4420289855072
LI-Small,2088,amlc_02088,e_6842596,1303357,1,illicit,756,756,1.0
LI-Small,2089,amlc_02089,e_6842727,1303488,0,easy_t3,456649,414,1103.0169082125603
LI-Small,2090,amlc_02090,e_6842728,1303489,0,easy_t3,456649,414,1103.0169082125603
LI-Small,2091,amlc_02091,e_6842749,1303510,1,illicit,756,756,1.0
LI-Small,2092,amlc_02092,e_6843459,1304220,1,illicit,756,756,1.0
LI-Small,2093,amlc_02093,e_6844109,1304870,0,easy_t2,470487,414,1136.4420289855072
LI-Small,2094,amlc_02094,e_6844290,1305051,0,easy_t1,456649,415,1100.3590361445783
LI-Small,2095,amlc_02095,e_6844511,1305272,1,illicit,756,756,1.0
LI-Small,2096,amlc_02096,e_6844715,1305476,0,easy_t2,470487,414,1136.4420289855072
LI-Small,2097,amlc_02097,e_6844815,1305576,0,easy_t3,456649,414,1103.0169082125603
LI-Small,2098,amlc_02098,e_6845062,1305823,1,illicit,756,756,1.0
LI-Small,2099,amlc_02099,e_6845064,1305825,0,easy_t2,470487,414,1136.4420289855072
LI-Small,2100,amlc_02100,e_6845619,1306380,0,easy_t1,456649,415,1100.3590361445783
LI-Small,2101,amlc_02101,e_6847348,1308109,0,easy_t1,456649,415,1100.3590361445783
LI-Small,2102,amlc_02102,e_6847740,1308501,0,easy_t3,456649,414,1103.0169082125603
LI-Small,2103,amlc_02103,e_6849560,1310321,1,illicit,756,756,1.0
LI-Small,2104,amlc_02104,e_6849701,1310462,0,easy_t1,456649,415,1100.3590361445783
LI-Small,2105,amlc_02105,e_6850001,1310762,1,illicit,756,756,1.0
LI-Small,2106,amlc_02106,e_6850943,1311704,1,illicit,756,756,1.0
LI-Small,2107,amlc_02107,e_6852180,1312941,0,easy_t1,456649,415,1100.3590361445783
LI-Small,2108,amlc_02108,e_6853537,1314298,0,easy_t2,470487,414,1136.4420289855072
LI-Small,2109,amlc_02109,e_6854315,1315076,0,hard_neg,269,269,1.0
LI-Small,2110,amlc_02110,e_6854316,1315077,1,illicit,756,756,1.0
LI-Small,2111,amlc_02111,e_6854865,1315626,1,illicit,756,756,1.0
LI-Small,2112,amlc_02112,e_6856171,1316932,0,easy_t1,456649,415,1100.3590361445783
LI-Small,2113,amlc_02113,e_6857123,1317884,0,easy_t1,456649,415,1100.3590361445783
LI-Small,2114,amlc_02114,e_6857492,1318253,1,illicit,756,756,1.0
LI-Small,2115,amlc_02115,e_6857494,1318255,1,illicit,756,756,1.0
LI-Small,2116,amlc_02116,e_6857496,1318257,1,illicit,756,756,1.0
LI-Small,2117,amlc_02117,e_6857497,1318258,1,illicit,756,756,1.0
LI-Small,2118,amlc_02118,e_6857499,1318260,1,illicit,756,756,1.0
LI-Small,2119,amlc_02119,e_6857501,1318262,1,illicit,756,756,1.0
LI-Small,2120,amlc_02120,e_6857503,1318264,0,hard_neg,269,269,1.0
LI-Small,2121,amlc_02121,e_6857504,1318265,1,illicit,756,756,1.0
LI-Small,2122,amlc_02122,e_6857506,1318267,1,illicit,756,756,1.0
LI-Small,2123,amlc_02123,e_6857508,1318269,1,illicit,756,756,1.0
LI-Small,2124,amlc_02124,e_6857510,1318271,1,illicit,756,756,1.0
LI-Small,2125,amlc_02125,e_6857511,1318272,1,illicit,756,756,1.0
LI-Small,2126,amlc_02126,e_6857513,1318274,0,hard_neg,269,269,1.0
LI-Small,2127,amlc_02127,e_6857514,1318275,1,illicit,756,756,1.0
LI-Small,2128,amlc_02128,e_6857516,1318277,1,illicit,756,756,1.0
LI-Small,2129,amlc_02129,e_6857825,1318586,1,illicit,756,756,1.0
LI-Small,2130,amlc_02130,e_6857933,1318694,0,easy_t2,470487,414,1136.4420289855072
LI-Small,2131,amlc_02131,e_6857992,1318753,1,illicit,756,756,1.0
LI-Small,2132,amlc_02132,e_6859203,1319964,0,easy_t2,470487,414,1136.4420289855072
LI-Small,2133,amlc_02133,e_6861017,1321778,1,illicit,756,756,1.0
LI-Small,2134,amlc_02134,e_6862565,1323326,1,illicit,756,756,1.0
LI-Small,2135,amlc_02135,e_6862649,1323410,1,illicit,756,756,1.0
LI-Small,2136,amlc_02136,e_6863044,1323805,0,easy_t1,456649,415,1100.3590361445783
LI-Small,2137,amlc_02137,e_6864031,1324792,0,easy_t1,456649,415,1100.3590361445783
LI-Small,2138,amlc_02138,e_6864303,1325064,0,easy_t3,456649,414,1103.0169082125603
LI-Small,2139,amlc_02139,e_6865164,1325925,1,illicit,756,756,1.0
LI-Small,2140,amlc_02140,e_6865301,1326062,0,easy_t3,456649,414,1103.0169082125603
LI-Small,2141,amlc_02141,e_6865678,1326439,0,easy_t3,456649,414,1103.0169082125603
LI-Small,2142,amlc_02142,e_6865768,1326529,1,illicit,756,756,1.0
LI-Small,2143,amlc_02143,e_6866372,1327133,0,hard_neg,269,269,1.0
LI-Small,2144,amlc_02144,e_6866916,1327677,1,illicit,756,756,1.0
LI-Small,2145,amlc_02145,e_6867375,1328136,1,illicit,756,756,1.0
LI-Small,2146,amlc_02146,e_6868140,1328901,0,easy_t3,456649,414,1103.0169082125603
LI-Small,2147,amlc_02147,e_6868621,1329382,1,illicit,756,756,1.0
LI-Small,2148,amlc_02148,e_6869070,1329831,0,easy_t3,456649,414,1103.0169082125603
LI-Small,2149,amlc_02149,e_6870436,1331197,0,easy_t2,470487,414,1136.4420289855072
LI-Small,2150,amlc_02150,e_6871229,1331990,1,illicit,756,756,1.0
LI-Small,2151,amlc_02151,e_6871951,1332712,1,illicit,756,756,1.0
LI-Small,2152,amlc_02152,e_6872431,1333192,1,illicit,756,756,1.0
LI-Small,2153,amlc_02153,e_6872670,1333431,1,illicit,756,756,1.0
LI-Small,2154,amlc_02154,e_6873076,1333837,0,hard_neg,269,269,1.0
LI-Small,2155,amlc_02155,e_6873685,1334446,0,easy_t1,456649,415,1100.3590361445783
LI-Small,2156,amlc_02156,e_6873944,1334705,0,easy_t2,470487,414,1136.4420289855072
LI-Small,2157,amlc_02157,e_6874702,1335463,1,illicit,756,756,1.0
LI-Small,2158,amlc_02158,e_6874961,1335722,0,easy_t2,470487,414,1136.4420289855072
LI-Small,2159,amlc_02159,e_6875267,1336028,0,easy_t3,456649,414,1103.0169082125603
LI-Small,2160,amlc_02160,e_6875644,1336405,0,hard_neg,269,269,1.0
LI-Small,2161,amlc_02161,e_6876386,1337147,0,easy_t2,470487,414,1136.4420289855072
LI-Small,2162,amlc_02162,e_6876734,1337495,1,illicit,756,756,1.0
LI-Small,2163,amlc_02163,e_6876921,1337682,1,illicit,756,756,1.0
LI-Small,2164,amlc_02164,e_6877005,1337766,0,easy_t1,456649,415,1100.3590361445783
LI-Small,2165,amlc_02165,e_6877226,1337987,0,hard_neg,269,269,1.0
LI-Small,2166,amlc_02166,e_6878061,1338822,1,illicit,756,756,1.0
LI-Small,2167,amlc_02167,e_6878600,1339361,1,illicit,756,756,1.0
LI-Small,2168,amlc_02168,e_6878966,1339727,1,illicit,756,756,1.0
LI-Small,2169,amlc_02169,e_6879786,1340547,1,illicit,756,756,1.0
LI-Small,2170,amlc_02170,e_6880178,1340939,0,easy_t3,456649,414,1103.0169082125603
LI-Small,2171,amlc_02171,e_6880401,1341162,1,illicit,756,756,1.0
LI-Small,2172,amlc_02172,e_6880489,1341250,0,hard_neg,269,269,1.0
LI-Small,2173,amlc_02173,e_6880490,1341251,0,hard_neg,269,269,1.0
LI-Small,2174,amlc_02174,e_6880491,1341252,0,hard_neg,269,269,1.0
LI-Small,2175,amlc_02175,e_6880492,1341253,0,hard_neg,269,269,1.0
LI-Small,2176,amlc_02176,e_6880568,1341329,1,illicit,756,756,1.0
LI-Small,2177,amlc_02177,e_6880572,1341333,1,illicit,756,756,1.0
LI-Small,2178,amlc_02178,e_6882992,1343753,0,easy_t3,456649,414,1103.0169082125603
LI-Small,2179,amlc_02179,e_6885155,1345916,1,illicit,756,756,1.0
LI-Small,2180,amlc_02180,e_6885537,1346298,1,illicit,756,756,1.0
LI-Small,2181,amlc_02181,e_6887558,1348319,1,illicit,756,756,1.0
LI-Small,2182,amlc_02182,e_6887582,1348343,0,hard_neg,269,269,1.0
LI-Small,2183,amlc_02183,e_6887605,1348366,0,hard_neg,269,269,1.0
LI-Small,2184,amlc_02184,e_6887705,1348466,1,illicit,756,756,1.0
LI-Small,2185,amlc_02185,e_6888429,1349190,1,illicit,756,756,1.0
LI-Small,2186,amlc_02186,e_6888569,1349330,1,illicit,756,756,1.0
LI-Small,2187,amlc_02187,e_6889524,1350285,1,illicit,756,756,1.0
LI-Small,2188,amlc_02188,e_6889529,1350290,1,illicit,756,756,1.0
LI-Small,2189,amlc_02189,e_6890050,1350811,0,easy_t1,456649,415,1100.3590361445783
LI-Small,2190,amlc_02190,e_6890420,1351181,1,illicit,756,756,1.0
LI-Small,2191,amlc_02191,e_6890422,1351183,1,illicit,756,756,1.0
LI-Small,2192,amlc_02192,e_6890424,1351185,1,illicit,756,756,1.0
LI-Small,2193,amlc_02193,e_6890426,1351187,1,illicit,756,756,1.0
LI-Small,2194,amlc_02194,e_6890428,1351189,1,illicit,756,756,1.0
LI-Small,2195,amlc_02195,e_6890430,1351191,1,illicit,756,756,1.0
LI-Small,2196,amlc_02196,e_6890432,1351193,1,illicit,756,756,1.0
LI-Small,2197,amlc_02197,e_6890434,1351195,1,illicit,756,756,1.0
LI-Small,2198,amlc_02198,e_6890436,1351197,1,illicit,756,756,1.0
LI-Small,2199,amlc_02199,e_6890438,1351199,1,illicit,756,756,1.0
LI-Small,2200,amlc_02200,e_6890440,1351201,1,illicit,756,756,1.0
LI-Small,2201,amlc_02201,e_6890442,1351203,1,illicit,756,756,1.0
LI-Small,2202,amlc_02202,e_6890444,1351205,1,illicit,756,756,1.0
LI-Small,2203,amlc_02203,e_6890446,1351207,1,illicit,756,756,1.0
LI-Small,2204,amlc_02204,e_6890579,1351340,1,illicit,756,756,1.0
LI-Small,2205,amlc_02205,e_6890720,1351481,0,easy_t2,470487,414,1136.4420289855072
LI-Small,2206,amlc_02206,e_6891049,1351810,1,illicit,756,756,1.0
LI-Small,2207,amlc_02207,e_6891326,1352087,1,illicit,756,756,1.0
LI-Small,2208,amlc_02208,e_6891480,1352241,0,easy_t3,456649,414,1103.0169082125603
LI-Small,2209,amlc_02209,e_6891691,1352452,0,easy_t1,456649,415,1100.3590361445783
LI-Small,2210,amlc_02210,e_6892338,1353099,0,easy_t3,456649,414,1103.0169082125603
LI-Small,2211,amlc_02211,e_6894161,1354922,0,easy_t3,456649,414,1103.0169082125603
LI-Small,2212,amlc_02212,e_6894385,1355146,1,illicit,756,756,1.0
LI-Small,2213,amlc_02213,e_6894868,1355629,0,easy_t1,456649,415,1100.3590361445783
LI-Small,2214,amlc_02214,e_6895995,1356756,1,illicit,756,756,1.0
LI-Small,2215,amlc_02215,e_6896741,1357502,0,easy_t3,456649,414,1103.0169082125603
LI-Small,2216,amlc_02216,e_6897313,1358074,0,easy_t2,470487,414,1136.4420289855072
LI-Small,2217,amlc_02217,e_6897543,1358304,0,easy_t1,456649,415,1100.3590361445783
LI-Small,2218,amlc_02218,e_6898064,1358825,0,easy_t2,470487,414,1136.4420289855072
LI-Small,2219,amlc_02219,e_6898338,1359099,1,illicit,756,756,1.0
LI-Small,2220,amlc_02220,e_6898941,1359702,0,easy_t2,470487,414,1136.4420289855072
LI-Small,2221,amlc_02221,e_6899799,1360560,0,easy_t1,456649,415,1100.3590361445783
LI-Small,2222,amlc_02222,e_6900005,1360766,1,illicit,756,756,1.0
LI-Small,2223,amlc_02223,e_6900853,1361614,0,easy_t1,456649,415,1100.3590361445783
LI-Small,2224,amlc_02224,e_6900911,1361672,0,easy_t1,456649,415,1100.3590361445783
LI-Small,2225,amlc_02225,e_6901201,1361962,1,illicit,756,756,1.0
LI-Small,2226,amlc_02226,e_6901289,1362050,0,easy_t1,456649,415,1100.3590361445783
LI-Small,2227,amlc_02227,e_6901321,1362082,0,easy_t1,456649,415,1100.3590361445783
LI-Small,2228,amlc_02228,e_6901549,1362310,1,illicit,756,756,1.0
LI-Small,2229,amlc_02229,e_6902243,1363004,1,illicit,756,756,1.0
LI-Small,2230,amlc_02230,e_6903843,1364604,0,easy_t1,456649,415,1100.3590361445783
LI-Small,2231,amlc_02231,e_6903900,1364661,0,easy_t2,470487,414,1136.4420289855072
LI-Small,2232,amlc_02232,e_6904208,1364969,1,illicit,756,756,1.0
LI-Small,2233,amlc_02233,e_6904209,1364970,1,illicit,756,756,1.0
LI-Small,2234,amlc_02234,e_6904324,1365085,0,hard_neg,269,269,1.0
LI-Small,2235,amlc_02235,e_6904428,1365189,0,easy_t1,456649,415,1100.3590361445783
LI-Small,2236,amlc_02236,e_6906203,1366964,0,easy_t1,456649,415,1100.3590361445783
LI-Small,2237,amlc_02237,e_6906406,1367167,1,illicit,756,756,1.0
LI-Small,2238,amlc_02238,e_6907649,1368410,0,hard_neg,269,269,1.0
LI-Small,2239,amlc_02239,e_6907811,1368572,0,easy_t1,456649,415,1100.3590361445783
LI-Small,2240,amlc_02240,e_6908433,1369194,0,easy_t2,470487,414,1136.4420289855072
LI-Small,2241,amlc_02241,e_6908921,1369682,0,easy_t2,470487,414,1136.4420289855072
LI-Small,2242,amlc_02242,e_6909492,1370253,0,easy_t2,470487,414,1136.4420289855072
LI-Small,2243,amlc_02243,e_6911953,1372714,1,illicit,756,756,1.0
LI-Small,2244,amlc_02244,e_6912442,1373203,0,easy_t1,456649,415,1100.3590361445783
LI-Small,2245,amlc_02245,e_6913864,1374625,1,illicit,756,756,1.0
LI-Small,2246,amlc_02246,e_6914067,1374828,0,easy_t2,470487,414,1136.4420289855072
LI-Small,2247,amlc_02247,e_6914370,1375131,1,illicit,756,756,1.0
LI-Small,2248,amlc_02248,e_6914392,1375153,0,easy_t1,456649,415,1100.3590361445783
LI-Small,2249,amlc_02249,e_6914618,1375379,0,easy_t2,470487,414,1136.4420289855072
LI-Small,2250,amlc_02250,e_6914734,1375495,0,easy_t3,456649,414,1103.0169082125603
LI-Small,2251,amlc_02251,e_6914797,1375558,0,easy_t3,456649,414,1103.0169082125603
LI-Small,2252,amlc_02252,e_6917505,1378266,0,easy_t1,456649,415,1100.3590361445783
LI-Small,2253,amlc_02253,e_6917630,1378391,0,hard_neg,269,269,1.0
LI-Small,2254,amlc_02254,e_6918531,1379292,0,easy_t2,470487,414,1136.4420289855072
LI-Small,2255,amlc_02255,e_6920167,1380928,1,illicit,756,756,1.0
LI-Small,2256,amlc_02256,e_6920381,1381142,0,easy_t3,456649,414,1103.0169082125603
LI-Small,2257,amlc_02257,e_6920574,1381335,0,easy_t1,456649,415,1100.3590361445783
LI-Small,2258,amlc_02258,e_6921098,1381859,1,illicit,756,756,1.0
LI-Small,2259,amlc_02259,e_6921156,1381917,0,easy_t2,470487,414,1136.4420289855072
LI-Small,2260,amlc_02260,e_6921684,1382445,1,illicit,756,756,1.0
LI-Small,2261,amlc_02261,e_6921723,1382484,0,easy_t2,470487,414,1136.4420289855072
LI-Small,2262,amlc_02262,e_6921858,1382619,0,easy_t3,456649,414,1103.0169082125603
LI-Small,2263,amlc_02263,e_6922352,1383113,0,easy_t1,456649,415,1100.3590361445783
LI-Small,2264,amlc_02264,e_6922486,1383247,0,easy_t2,470487,414,1136.4420289855072
LI-Small,2265,amlc_02265,e_6923119,1383880,0,easy_t2,470487,414,1136.4420289855072
LI-Small,2266,amlc_02266,e_6923185,1383946,0,hard_neg,269,269,1.0
LI-Small,2267,amlc_02267,e_6923934,1384695,1,illicit,756,756,1.0
