dataset,case_id,target_edge_id,subset_index,original_target_present,original_transaction_count,original_graph_char_count,original_source_endpoint_present,original_destination_endpoint_present,new_transaction_count,removed_edge_id,source_target_verified,unique_target_verified,endpoints_verified,duration_verified,label_fields_absent,placeholders_absent
HI-Small,amlc_00000,e_4063050,374,False,2334,276917,True,False,2334,e_5075356,True,True,True,True,True,True
HI-Small,amlc_00001,e_4063452,776,True,714,80825,True,True,714,,True,True,True,True,True,True
HI-Small,amlc_00002,e_4064375,1699,False,2507,287998,True,False,2507,e_5076264,True,True,True,True,True,True
HI-Small,amlc_00003,e_4064714,2038,True,731,83945,True,True,731,,True,True,True,True,True,True
HI-Small,amlc_00004,e_4064896,2220,True,62,7503,True,True,62,,True,True,True,True,True,True
HI-Small,amlc_00005,e_4064922,2246,True,101,12071,True,True,101,,True,True,True,True,True,True
HI-Small,amlc_00006,e_4064967,2291,True,631,73653,True,True,631,,True,True,True,True,True,True
HI-Small,amlc_00007,e_4065031,2355,True,102,12033,True,True,102,,True,True,True,True,True,True
HI-Small,amlc_00008,e_4065262,2586,True,171,19467,True,True,171,,True,True,True,True,True,True
HI-Small,amlc_00009,e_4065987,3311,False,2326,266256,True,False,2326,e_5077013,True,True,True,True,True,True
HI-Small,amlc_00010,e_4066131,3455,True,198,22788,True,True,198,,True,True,True,True,True,True
HI-Small,amlc_00011,e_4066449,3773,False,2754,319175,True,False,2754,e_5061352,True,True,True,True,True,True
HI-Small,amlc_00012,e_4066786,4110,True,308,37191,True,True,308,,True,True,True,True,True,True
HI-Small,amlc_00013,e_4066825,4149,True,188,23887,True,True,188,,True,True,True,True,True,True
HI-Small,amlc_00014,e_4067535,4859,True,842,107856,True,True,842,,True,True,True,True,True,True
HI-Small,amlc_00015,e_4068283,5607,True,283,35948,True,True,283,,True,True,True,True,True,True
HI-Small,amlc_00016,e_4068367,5691,True,244,30636,True,True,244,,True,True,True,True,True,True
HI-Small,amlc_00017,e_4069014,6338,True,118,15521,True,True,118,,True,True,True,True,True,True
HI-Small,amlc_00018,e_4069088,6412,True,133,15934,True,True,133,,True,True,True,True,True,True
HI-Small,amlc_00019,e_4069358,6682,True,260,32378,True,True,260,,True,True,True,True,True,True
HI-Small,amlc_00020,e_4069594,6918,False,2108,253443,True,False,2108,e_4421681,True,True,True,True,True,True
HI-Small,amlc_00021,e_4069707,7031,True,699,84381,True,True,699,,True,True,True,True,True,True
HI-Small,amlc_00022,e_4069897,7221,True,1116,134482,True,True,1116,,True,True,True,True,True,True
HI-Small,amlc_00023,e_4070747,8071,True,216,26331,True,True,216,,True,True,True,True,True,True
HI-Small,amlc_00024,e_4071549,8873,True,138,18576,True,True,138,,True,True,True,True,True,True
HI-Small,amlc_00025,e_4072407,9731,True,640,76543,True,True,640,,True,True,True,True,True,True
HI-Small,amlc_00026,e_4072497,9821,True,148,18063,True,True,148,,True,True,True,True,True,True
HI-Small,amlc_00027,e_4072529,9853,True,67,8660,True,True,67,,True,True,True,True,True,True
HI-Small,amlc_00028,e_4072742,10066,True,632,75871,True,True,632,,True,True,True,True,True,True
HI-Small,amlc_00029,e_4072970,10294,True,1058,122109,True,True,1058,,True,True,True,True,True,True
HI-Small,amlc_00030,e_4073161,10485,True,209,24625,True,True,209,,True,True,True,True,True,True
HI-Small,amlc_00031,e_4073208,10532,True,216,25196,True,True,216,,True,True,True,True,True,True
HI-Small,amlc_00032,e_4073485,10809,True,1092,125255,True,True,1092,,True,True,True,True,True,True
HI-Small,amlc_00033,e_4073591,10915,True,132,15627,True,True,132,,True,True,True,True,True,True
HI-Small,amlc_00034,e_4074034,11358,False,1969,226833,True,False,1969,e_5033982,True,True,True,True,True,True
HI-Small,amlc_00035,e_4074051,11375,True,223,25642,True,True,223,,True,True,True,True,True,True
HI-Small,amlc_00036,e_4074298,11622,True,777,90597,True,True,777,,True,True,True,True,True,True
HI-Small,amlc_00037,e_4074776,12100,True,998,118389,True,True,998,,True,True,True,True,True,True
HI-Small,amlc_00038,e_4074875,12199,False,2208,253043,True,False,2208,e_5068389,True,True,True,True,True,True
HI-Small,amlc_00039,e_4075508,12832,True,565,69586,True,True,565,,True,True,True,True,True,True
HI-Small,amlc_00040,e_4075630,12954,True,122,14563,True,True,122,,True,True,True,True,True,True
HI-Small,amlc_00041,e_4075709,13033,True,36,5883,True,True,36,,True,True,True,True,True,True
HI-Small,amlc_00042,e_4075722,13046,True,363,42007,True,True,363,,True,True,True,True,True,True
HI-Small,amlc_00043,e_4076541,13865,True,1332,155420,True,True,1332,,True,True,True,True,True,True
HI-Small,amlc_00044,e_4076951,14275,True,202,26816,True,True,202,,True,True,True,True,True,True
HI-Small,amlc_00045,e_4077271,14595,True,345,46242,True,True,345,,True,True,True,True,True,True
HI-Small,amlc_00046,e_4078148,15472,True,1385,163292,True,True,1385,,True,True,True,True,True,True
HI-Small,amlc_00047,e_4079030,16354,True,337,40888,True,True,337,,True,True,True,True,True,True
HI-Small,amlc_00048,e_4079283,16607,True,724,86182,True,True,724,,True,True,True,True,True,True
HI-Small,amlc_00049,e_4079412,16736,False,2331,277745,True,False,2331,e_5067096,True,True,True,True,True,True
HI-Small,amlc_00050,e_4079569,16893,True,740,89161,True,True,740,,True,True,True,True,True,True
HI-Small,amlc_00051,e_4079722,17046,True,413,49678,True,True,413,,True,True,True,True,True,True
HI-Small,amlc_00052,e_4080153,17477,True,390,49883,True,True,390,,True,True,True,True,True,True
HI-Small,amlc_00053,e_4080217,17541,True,451,54478,True,True,451,,True,True,True,True,True,True
HI-Small,amlc_00054,e_4080912,18236,True,83,10345,True,True,83,,True,True,True,True,True,True
HI-Small,amlc_00055,e_4081828,19152,True,294,35383,True,True,294,,True,True,True,True,True,True
HI-Small,amlc_00056,e_4082106,19430,False,2462,293053,True,False,2462,e_5074434,True,True,True,True,True,True
HI-Small,amlc_00057,e_4082363,19687,True,30,4334,True,True,30,,True,True,True,True,True,True
HI-Small,amlc_00058,e_4082980,20304,True,1079,123812,True,True,1079,,True,True,True,True,True,True
HI-Small,amlc_00059,e_4083046,20370,True,348,41099,True,True,348,,True,True,True,True,True,True
HI-Small,amlc_00060,e_4083750,21074,False,2042,234963,True,False,2042,e_5072283,True,True,True,True,True,True
HI-Small,amlc_00061,e_4083801,21125,True,72,8993,True,True,72,,True,True,True,True,True,True
HI-Small,amlc_00062,e_4084033,21357,True,196,23326,True,True,196,,True,True,True,True,True,True
HI-Small,amlc_00063,e_4084141,21465,False,2487,283496,True,False,2487,e_5072090,True,True,True,True,True,True
HI-Small,amlc_00064,e_4084385,21709,True,99,12800,True,True,99,,True,True,True,True,True,True
HI-Small,amlc_00065,e_4084896,22220,True,502,57192,True,True,502,,True,True,True,True,True,True
HI-Small,amlc_00066,e_4085127,22451,True,237,26633,True,True,237,,True,True,True,True,True,True
HI-Small,amlc_00067,e_4085432,22756,True,82,11794,True,True,82,,True,True,True,True,True,True
HI-Small,amlc_00068,e_4086114,23438,True,256,30119,True,True,256,,True,True,True,True,True,True
HI-Small,amlc_00069,e_4087046,24370,True,185,25204,True,True,185,,True,True,True,True,True,True
HI-Small,amlc_00070,e_4087625,24949,True,185,22582,True,True,185,,True,True,True,True,True,True
HI-Small,amlc_00071,e_4087629,24953,True,69,9883,True,True,69,,True,True,True,True,True,True
HI-Small,amlc_00072,e_4087745,25069,True,103,12904,True,True,103,,True,True,True,True,True,True
HI-Small,amlc_00073,e_4087835,25159,True,2054,237074,True,True,2054,,True,True,True,True,True,True
HI-Small,amlc_00074,e_4088026,25350,True,30,4948,True,True,30,,True,True,True,True,True,True
HI-Small,amlc_00075,e_4088279,25603,False,2055,249501,True,False,2055,e_4723793,True,True,True,True,True,True
HI-Small,amlc_00076,e_4088334,25658,True,85,10946,True,True,85,,True,True,True,True,True,True
HI-Small,amlc_00077,e_4088338,25662,True,530,64889,True,True,530,,True,True,True,True,True,True
HI-Small,amlc_00078,e_4088406,25730,True,109,13934,True,True,109,,True,True,True,True,True,True
HI-Small,amlc_00079,e_4088408,25732,True,102,12875,True,True,102,,True,True,True,True,True,True
HI-Small,amlc_00080,e_4088410,25734,True,53,7076,True,True,53,,True,True,True,True,True,True
HI-Small,amlc_00081,e_4088412,25736,True,60,8263,True,True,60,,True,True,True,True,True,True
HI-Small,amlc_00082,e_4088414,25738,True,99,12346,True,True,99,,True,True,True,True,True,True
HI-Small,amlc_00083,e_4088415,25739,True,99,12346,True,True,99,,True,True,True,True,True,True
HI-Small,amlc_00084,e_4088416,25740,True,605,70655,True,True,605,,True,True,True,True,True,True
HI-Small,amlc_00085,e_4088417,25741,True,103,13120,True,True,103,,True,True,True,True,True,True
HI-Small,amlc_00086,e_4088418,25742,True,103,13120,True,True,103,,True,True,True,True,True,True
HI-Small,amlc_00087,e_4088420,25744,True,33,4799,True,True,33,,True,True,True,True,True,True
HI-Small,amlc_00088,e_4088421,25745,True,33,4799,True,True,33,,True,True,True,True,True,True
HI-Small,amlc_00089,e_4088766,26090,True,782,92187,True,True,782,,True,True,True,True,True,True
HI-Small,amlc_00090,e_4088774,26098,True,526,61640,True,True,526,,True,True,True,True,True,True
HI-Small,amlc_00091,e_4089177,26501,True,586,71667,True,True,586,,True,True,True,True,True,True
HI-Small,amlc_00092,e_4089358,26682,True,225,26941,True,True,225,,True,True,True,True,True,True
HI-Small,amlc_00093,e_4089490,26814,True,1200,143509,True,True,1200,,True,True,True,True,True,True
HI-Small,amlc_00094,e_4089521,26845,True,556,66525,True,True,556,,True,True,True,True,True,True
HI-Small,amlc_00095,e_4089534,26858,True,622,75938,True,True,622,,True,True,True,True,True,True
HI-Small,amlc_00096,e_4089847,27171,False,2067,248726,True,False,2067,e_5018233,True,True,True,True,True,True
HI-Small,amlc_00097,e_4090432,27756,True,476,57282,True,True,476,,True,True,True,True,True,True
HI-Small,amlc_00098,e_4090921,28245,True,269,31895,True,True,269,,True,True,True,True,True,True
HI-Small,amlc_00099,e_4091493,28817,False,2257,271461,True,False,2257,e_5075655,True,True,True,True,True,True
HI-Small,amlc_00100,e_4091661,28985,True,517,61954,True,True,517,,True,True,True,True,True,True
HI-Small,amlc_00101,e_4093280,30604,False,2367,270485,True,False,2367,e_5075975,True,True,True,True,True,True
HI-Small,amlc_00102,e_4093951,31275,True,256,30592,True,True,256,,True,True,True,True,True,True
HI-Small,amlc_00103,e_4094041,31365,False,2326,265782,True,False,2326,e_5072090,True,True,True,True,True,True
HI-Small,amlc_00104,e_4094071,31395,True,787,90920,True,True,787,,True,True,True,True,True,True
HI-Small,amlc_00105,e_4095208,32532,True,512,59599,True,True,512,,True,True,True,True,True,True
HI-Small,amlc_00106,e_4095407,32731,True,41,6092,True,True,41,,True,True,True,True,True,True
HI-Small,amlc_00107,e_4096522,33846,True,428,53217,True,True,428,,True,True,True,True,True,True
HI-Small,amlc_00108,e_4097469,34793,True,252,32085,True,True,252,,True,True,True,True,True,True
HI-Small,amlc_00109,e_4097499,34823,False,2200,264104,True,False,2200,e_5070167,True,True,True,True,True,True
HI-Small,amlc_00110,e_4097750,35074,True,619,76014,True,True,619,,True,True,True,True,True,True
HI-Small,amlc_00111,e_4097754,35078,True,357,45152,True,True,357,,True,True,True,True,True,True
HI-Small,amlc_00112,e_4097809,35133,True,40,5911,True,True,40,,True,True,True,True,True,True
HI-Small,amlc_00113,e_4097905,35229,True,1284,148818,True,True,1284,,True,True,True,True,True,True
HI-Small,amlc_00114,e_4098162,35486,False,1905,223238,True,False,1905,e_5078031,True,True,True,True,True,True
HI-Small,amlc_00115,e_4098474,35798,True,902,102643,True,True,902,,True,True,True,True,True,True
HI-Small,amlc_00116,e_4098601,35925,False,2245,255995,True,False,2245,e_5078338,True,True,True,True,True,True
HI-Small,amlc_00117,e_4098639,35963,True,103,12060,True,True,103,,True,True,True,True,True,True
HI-Small,amlc_00118,e_4098776,36100,True,2166,254916,True,True,2166,,True,True,True,True,True,True
HI-Small,amlc_00119,e_4098922,36246,False,2229,265487,True,False,2229,e_4737327,True,True,True,True,True,True
HI-Small,amlc_00120,e_4100429,37753,True,209,25852,True,True,209,,True,True,True,True,True,True
HI-Small,amlc_00121,e_4100442,37766,True,882,101164,True,True,882,,True,True,True,True,True,True
HI-Small,amlc_00122,e_4100500,37824,True,321,38088,True,True,321,,True,True,True,True,True,True
HI-Small,amlc_00123,e_4100529,37853,False,2203,263427,True,False,2203,e_5074391,True,True,True,True,True,True
HI-Small,amlc_00124,e_4101132,38456,True,115,14131,True,True,115,,True,True,True,True,True,True
HI-Small,amlc_00125,e_4101469,38793,True,535,63234,True,True,535,,True,True,True,True,True,True
HI-Small,amlc_00126,e_4101908,39232,True,124,15415,True,True,124,,True,True,True,True,True,True
HI-Small,amlc_00127,e_4102122,39446,True,294,35533,True,True,294,,True,True,True,True,True,True
HI-Small,amlc_00128,e_4102160,39484,True,86,10707,True,True,86,,True,True,True,True,True,True
HI-Small,amlc_00129,e_4102735,40059,True,1204,140532,True,True,1204,,True,True,True,True,True,True
HI-Small,amlc_00130,e_4102736,40060,True,1204,140532,True,True,1204,,True,True,True,True,True,True
HI-Small,amlc_00131,e_4102738,40062,True,1204,140532,True,True,1204,,True,True,True,True,True,True
HI-Small,amlc_00132,e_4102740,40064,True,1204,140532,True,True,1204,,True,True,True,True,True,True
HI-Small,amlc_00133,e_4102741,40065,True,1204,140532,True,True,1204,,True,True,True,True,True,True
HI-Small,amlc_00134,e_4102742,40066,True,1204,140532,True,True,1204,,True,True,True,True,True,True
HI-Small,amlc_00135,e_4102743,40067,True,1204,140532,True,True,1204,,True,True,True,True,True,True
HI-Small,amlc_00136,e_4103266,40590,True,228,26757,True,True,228,,True,True,True,True,True,True
HI-Small,amlc_00137,e_4103437,40761,True,33,4186,True,True,33,,True,True,True,True,True,True
HI-Small,amlc_00138,e_4104529,41853,False,2319,264775,True,False,2319,e_5076986,True,True,True,True,True,True
HI-Small,amlc_00139,e_4104595,41919,True,987,111624,True,True,987,,True,True,True,True,True,True
HI-Small,amlc_00140,e_4104732,42056,True,31,4865,True,True,31,,True,True,True,True,True,True
HI-Small,amlc_00141,e_4106826,44150,True,209,27614,True,True,209,,True,True,True,True,True,True
HI-Small,amlc_00142,e_4107074,44398,True,21,3180,True,True,21,,True,True,True,True,True,True
HI-Small,amlc_00143,e_4107159,44483,True,265,32893,True,True,265,,True,True,True,True,True,True
HI-Small,amlc_00144,e_4107339,44663,True,201,25695,True,True,201,,True,True,True,True,True,True
HI-Small,amlc_00145,e_4107559,44883,True,177,22172,True,True,177,,True,True,True,True,True,True
HI-Small,amlc_00146,e_4107993,45317,True,128,15819,True,True,128,,True,True,True,True,True,True
HI-Small,amlc_00147,e_4107994,45318,False,2255,263698,True,False,2255,e_5078136,True,True,True,True,True,True
HI-Small,amlc_00148,e_4108176,45500,True,919,112132,True,True,919,,True,True,True,True,True,True
HI-Small,amlc_00149,e_4108904,46228,True,339,41368,True,True,339,,True,True,True,True,True,True
HI-Small,amlc_00150,e_4109136,46460,True,354,42844,True,True,354,,True,True,True,True,True,True
HI-Small,amlc_00151,e_4109497,46821,True,211,26666,True,True,211,,True,True,True,True,True,True
HI-Small,amlc_00152,e_4109631,46955,False,2589,308975,True,False,2589,e_5074434,True,True,True,True,True,True
HI-Small,amlc_00153,e_4110401,47725,True,554,66175,True,True,554,,True,True,True,True,True,True
HI-Small,amlc_00154,e_4111281,48605,True,725,87217,True,True,725,,True,True,True,True,True,True
HI-Small,amlc_00155,e_4112004,49328,True,184,23874,True,True,184,,True,True,True,True,True,True
HI-Small,amlc_00156,e_4112099,49423,True,1301,148563,True,True,1301,,True,True,True,True,True,True
HI-Small,amlc_00157,e_4112799,50123,True,676,77842,True,True,676,,True,True,True,True,True,True
HI-Small,amlc_00158,e_4112988,50312,True,835,99757,True,True,835,,True,True,True,True,True,True
HI-Small,amlc_00159,e_4113086,50410,True,673,77694,True,True,673,,True,True,True,True,True,True
HI-Small,amlc_00160,e_4114150,51474,True,210,25024,True,True,210,,True,True,True,True,True,True
HI-Small,amlc_00161,e_4114280,51604,True,402,45720,True,True,402,,True,True,True,True,True,True
HI-Small,amlc_00162,e_4114695,52019,True,58,7043,True,True,58,,True,True,True,True,True,True
HI-Small,amlc_00163,e_4114706,52030,True,59,7514,True,True,59,,True,True,True,True,True,True
HI-Small,amlc_00164,e_4114885,52209,True,652,75515,True,True,652,,True,True,True,True,True,True
HI-Small,amlc_00165,e_4115138,52462,True,449,53328,True,True,449,,True,True,True,True,True,True
HI-Small,amlc_00166,e_4115294,52618,True,1681,194838,True,True,1681,,True,True,True,True,True,True
HI-Small,amlc_00167,e_4115409,52733,True,516,59630,True,True,516,,True,True,True,True,True,True
HI-Small,amlc_00168,e_4115899,53223,True,262,33075,True,True,262,,True,True,True,True,True,True
HI-Small,amlc_00169,e_4116589,53913,True,189,23669,True,True,189,,True,True,True,True,True,True
HI-Small,amlc_00170,e_4117060,54384,True,465,57608,True,True,465,,True,True,True,True,True,True
HI-Small,amlc_00171,e_4117553,54877,True,577,68166,True,True,577,,True,True,True,True,True,True
HI-Small,amlc_00172,e_4117757,55081,True,722,83725,True,True,722,,True,True,True,True,True,True
HI-Small,amlc_00173,e_4117759,55083,True,100,12300,True,True,100,,True,True,True,True,True,True
HI-Small,amlc_00174,e_4117760,55084,True,554,63600,True,True,554,,True,True,True,True,True,True
HI-Small,amlc_00175,e_4117761,55085,True,1158,134148,True,True,1158,,True,True,True,True,True,True
HI-Small,amlc_00176,e_4117762,55086,True,756,91369,True,True,756,,True,True,True,True,True,True
HI-Small,amlc_00177,e_4117765,55089,True,122,15667,True,True,122,,True,True,True,True,True,True
HI-Small,amlc_00178,e_4117767,55091,True,121,18270,True,True,121,,True,True,True,True,True,True
HI-Small,amlc_00179,e_4117769,55093,True,9,1796,True,True,9,,True,True,True,True,True,True
HI-Small,amlc_00180,e_4117771,55095,True,917,112742,True,True,917,,True,True,True,True,True,True
HI-Small,amlc_00181,e_4117773,55097,True,182,22246,True,True,182,,True,True,True,True,True,True
HI-Small,amlc_00182,e_4117775,55099,True,604,73051,True,True,604,,True,True,True,True,True,True
HI-Small,amlc_00183,e_4117776,55100,True,1062,127513,True,True,1062,,True,True,True,True,True,True
HI-Small,amlc_00184,e_4117778,55102,True,83,11118,True,True,83,,True,True,True,True,True,True
HI-Small,amlc_00185,e_4117779,55103,True,44,5788,True,True,44,,True,True,True,True,True,True
HI-Small,amlc_00186,e_4118365,55689,True,84,10567,True,True,84,,True,True,True,True,True,True
HI-Small,amlc_00187,e_4118602,55926,True,1173,140099,True,True,1173,,True,True,True,True,True,True
HI-Small,amlc_00188,e_4118629,55953,True,62,9053,True,True,62,,True,True,True,True,True,True
HI-Small,amlc_00189,e_4119294,56618,False,2589,308913,True,False,2589,e_4856102,True,True,True,True,True,True
HI-Small,amlc_00190,e_4119680,57004,True,79,10140,True,True,79,,True,True,True,True,True,True
HI-Small,amlc_00191,e_4119771,57095,True,60,7816,True,True,60,,True,True,True,True,True,True
HI-Small,amlc_00192,e_4119774,57098,True,173,21448,True,True,173,,True,True,True,True,True,True
HI-Small,amlc_00193,e_4119826,57150,True,907,109018,True,True,907,,True,True,True,True,True,True
HI-Small,amlc_00194,e_4120433,57757,True,118,14844,True,True,118,,True,True,True,True,True,True
HI-Small,amlc_00195,e_4122348,59672,True,1029,118115,True,True,1029,,True,True,True,True,True,True
HI-Small,amlc_00196,e_4122676,60000,True,93,12472,True,True,93,,True,True,True,True,True,True
HI-Small,amlc_00197,e_4122732,60056,True,307,35213,True,True,307,,True,True,True,True,True,True
HI-Small,amlc_00198,e_4122920,60244,True,136,16487,True,True,136,,True,True,True,True,True,True
HI-Small,amlc_00199,e_4123274,60598,True,45,5864,True,True,45,,True,True,True,True,True,True
HI-Small,amlc_00200,e_4123597,60921,True,248,29134,True,True,248,,True,True,True,True,True,True
HI-Small,amlc_00201,e_4123758,61082,True,196,24230,True,True,196,,True,True,True,True,True,True
HI-Small,amlc_00202,e_4124017,61341,True,674,78368,True,True,674,,True,True,True,True,True,True
HI-Small,amlc_00203,e_4124071,61395,True,275,32179,True,True,275,,True,True,True,True,True,True
HI-Small,amlc_00204,e_4124578,61902,True,132,17511,True,True,132,,True,True,True,True,True,True
HI-Small,amlc_00205,e_4124734,62058,True,909,106334,True,True,909,,True,True,True,True,True,True
HI-Small,amlc_00206,e_4125147,62471,True,782,90422,True,True,782,,True,True,True,True,True,True
HI-Small,amlc_00207,e_4125239,62563,True,1209,142303,True,True,1209,,True,True,True,True,True,True
HI-Small,amlc_00208,e_4125915,63239,False,1953,231813,True,False,1953,e_5073545,True,True,True,True,True,True
HI-Small,amlc_00209,e_4126008,63332,False,2067,259039,True,False,2067,e_5065791,True,True,True,True,True,True
HI-Small,amlc_00210,e_4126971,64295,True,651,79712,True,True,651,,True,True,True,True,True,True
HI-Small,amlc_00211,e_4127430,64754,False,1924,223600,True,False,1924,e_5074068,True,True,True,True,True,True
HI-Small,amlc_00212,e_4127811,65135,True,939,113862,True,True,939,,True,True,True,True,True,True
HI-Small,amlc_00213,e_4127854,65178,True,185,24280,True,True,185,,True,True,True,True,True,True
HI-Small,amlc_00214,e_4127855,65179,True,118,16948,True,True,118,,True,True,True,True,True,True
HI-Small,amlc_00215,e_4127857,65181,True,405,48917,True,True,405,,True,True,True,True,True,True
HI-Small,amlc_00216,e_4127859,65183,True,292,35235,True,True,292,,True,True,True,True,True,True
HI-Small,amlc_00217,e_4127860,65184,True,87,13233,True,True,87,,True,True,True,True,True,True
HI-Small,amlc_00218,e_4127862,65186,True,1077,132607,True,True,1077,,True,True,True,True,True,True
HI-Small,amlc_00219,e_4127864,65188,True,443,56829,True,True,443,,True,True,True,True,True,True
HI-Small,amlc_00220,e_4127866,65190,True,81,11511,True,True,81,,True,True,True,True,True,True
HI-Small,amlc_00221,e_4127867,65191,True,50,7703,True,True,50,,True,True,True,True,True,True
HI-Small,amlc_00222,e_4127869,65193,True,376,46276,True,True,376,,True,True,True,True,True,True
HI-Small,amlc_00223,e_4127870,65194,True,161,20903,True,True,161,,True,True,True,True,True,True
HI-Small,amlc_00224,e_4127871,65195,True,50,7703,True,True,50,,True,True,True,True,True,True
HI-Small,amlc_00225,e_4127872,65196,True,379,46220,True,True,379,,True,True,True,True,True,True
HI-Small,amlc_00226,e_4127874,65198,True,126,18551,True,True,126,,True,True,True,True,True,True
HI-Small,amlc_00227,e_4127875,65199,True,234,30485,True,True,234,,True,True,True,True,True,True
HI-Small,amlc_00228,e_4127877,65201,True,171,25664,True,True,171,,True,True,True,True,True,True
HI-Small,amlc_00229,e_4129619,66943,True,225,27436,True,True,225,,True,True,True,True,True,True
HI-Small,amlc_00230,e_4129660,66984,False,2462,295363,True,False,2462,e_5074501,True,True,True,True,True,True
HI-Small,amlc_00231,e_4130391,67715,True,379,46601,True,True,379,,True,True,True,True,True,True
HI-Small,amlc_00232,e_4130447,67771,True,297,36471,True,True,297,,True,True,True,True,True,True
HI-Small,amlc_00233,e_4130553,67877,True,825,98520,True,True,825,,True,True,True,True,True,True
HI-Small,amlc_00234,e_4130630,67954,False,2377,283348,True,False,2377,e_5075546,True,True,True,True,True,True
HI-Small,amlc_00235,e_4131097,68421,True,136,16881,True,True,136,,True,True,True,True,True,True
HI-Small,amlc_00236,e_4131304,68628,True,978,117221,True,True,978,,True,True,True,True,True,True
HI-Small,amlc_00237,e_4132377,69701,True,872,101679,True,True,872,,True,True,True,True,True,True
HI-Small,amlc_00238,e_4132707,70031,True,1000,114703,True,True,1000,,True,True,True,True,True,True
HI-Small,amlc_00239,e_4132804,70128,True,136,15991,True,True,136,,True,True,True,True,True,True
HI-Small,amlc_00240,e_4133540,70864,True,361,41917,True,True,361,,True,True,True,True,True,True
HI-Small,amlc_00241,e_4134082,71406,False,2527,286509,True,False,2527,e_5072901,True,True,True,True,True,True
HI-Small,amlc_00242,e_4134108,71432,False,2562,291875,True,False,2562,e_3951325,True,True,True,True,True,True
HI-Small,amlc_00243,e_4134295,71619,True,561,66408,True,True,561,,True,True,True,True,True,True
HI-Small,amlc_00244,e_4134482,71806,True,10,1572,True,True,10,,True,True,True,True,True,True
HI-Small,amlc_00245,e_4135282,72606,True,274,32916,True,True,274,,True,True,True,True,True,True
HI-Small,amlc_00246,e_4135358,72682,True,147,18186,True,True,147,,True,True,True,True,True,True
HI-Small,amlc_00247,e_4135650,72974,True,1104,138633,True,True,1104,,True,True,True,True,True,True
HI-Small,amlc_00248,e_4137902,75226,True,1254,148323,True,True,1254,,True,True,True,True,True,True
HI-Small,amlc_00249,e_4137927,75251,True,1881,219390,True,True,1881,,True,True,True,True,True,True
HI-Small,amlc_00250,e_4138232,75556,True,983,117070,True,True,983,,True,True,True,True,True,True
HI-Small,amlc_00251,e_4138243,75567,True,59,7859,True,True,59,,True,True,True,True,True,True
HI-Small,amlc_00252,e_4138371,75695,True,1057,125175,True,True,1057,,True,True,True,True,True,True
HI-Small,amlc_00253,e_4139031,76355,True,387,48144,True,True,387,,True,True,True,True,True,True
HI-Small,amlc_00254,e_4139701,77025,True,585,70134,True,True,585,,True,True,True,True,True,True
HI-Small,amlc_00255,e_4140098,77422,True,213,25569,True,True,213,,True,True,True,True,True,True
HI-Small,amlc_00256,e_4140756,78080,True,944,111329,True,True,944,,True,True,True,True,True,True
HI-Small,amlc_00257,e_4141389,78713,True,1114,126195,True,True,1114,,True,True,True,True,True,True
HI-Small,amlc_00258,e_4141429,78753,True,1567,176914,True,True,1567,,True,True,True,True,True,True
HI-Small,amlc_00259,e_4142230,79554,True,145,18096,True,True,145,,True,True,True,True,True,True
HI-Small,amlc_00260,e_4142394,79718,True,105,12419,True,True,105,,True,True,True,True,True,True
HI-Small,amlc_00261,e_4142602,79926,True,891,103108,True,True,891,,True,True,True,True,True,True
HI-Small,amlc_00262,e_4142740,80064,True,39,5383,True,True,39,,True,True,True,True,True,True
HI-Small,amlc_00263,e_4143043,80367,True,374,43536,True,True,374,,True,True,True,True,True,True
HI-Small,amlc_00264,e_4143245,80569,False,2022,233299,True,False,2022,e_5076434,True,True,True,True,True,True
HI-Small,amlc_00265,e_4143280,80604,True,261,30888,True,True,261,,True,True,True,True,True,True
HI-Small,amlc_00266,e_4143424,80748,True,644,73302,True,True,644,,True,True,True,True,True,True
HI-Small,amlc_00267,e_4143509,80833,True,209,26969,True,True,209,,True,True,True,True,True,True
HI-Small,amlc_00268,e_4143532,80856,True,67,9992,True,True,67,,True,True,True,True,True,True
HI-Small,amlc_00269,e_4143693,81017,True,429,52109,True,True,429,,True,True,True,True,True,True
HI-Small,amlc_00270,e_4143812,81136,True,1534,173768,True,True,1534,,True,True,True,True,True,True
HI-Small,amlc_00271,e_4144055,81379,True,138,16958,True,True,138,,True,True,True,True,True,True
HI-Small,amlc_00272,e_4144325,81649,True,61,7492,True,True,61,,True,True,True,True,True,True
HI-Small,amlc_00273,e_4144488,81812,True,284,35162,True,True,284,,True,True,True,True,True,True
HI-Small,amlc_00274,e_4145045,82369,True,78,9805,True,True,78,,True,True,True,True,True,True
HI-Small,amlc_00275,e_4145270,82594,True,2463,289564,True,True,2463,,True,True,True,True,True,True
HI-Small,amlc_00276,e_4145475,82799,False,2112,263387,True,False,2112,e_5057665,True,True,True,True,True,True
HI-Small,amlc_00277,e_4145895,83219,True,185,24337,True,True,185,,True,True,True,True,True,True
HI-Small,amlc_00278,e_4146759,84083,True,932,109583,True,True,932,,True,True,True,True,True,True
HI-Small,amlc_00279,e_4147414,84738,False,2364,269254,True,False,2364,e_5078327,True,True,True,True,True,True
HI-Small,amlc_00280,e_4147481,84805,True,311,37365,True,True,311,,True,True,True,True,True,True
HI-Small,amlc_00281,e_4148067,85391,True,1055,127347,True,True,1055,,True,True,True,True,True,True
HI-Small,amlc_00282,e_4148477,85801,True,24,3319,True,True,24,,True,True,True,True,True,True
HI-Small,amlc_00283,e_4148913,86237,True,310,37429,True,True,310,,True,True,True,True,True,True
HI-Small,amlc_00284,e_4148961,86285,True,65,9614,True,True,65,,True,True,True,True,True,True
HI-Small,amlc_00285,e_4148991,86315,True,137,17419,True,True,137,,True,True,True,True,True,True
HI-Small,amlc_00286,e_4149637,86961,True,640,75785,True,True,640,,True,True,True,True,True,True
HI-Small,amlc_00287,e_4150358,87682,True,259,32342,True,True,259,,True,True,True,True,True,True
HI-Small,amlc_00288,e_4150565,87889,True,498,61455,True,True,498,,True,True,True,True,True,True
HI-Small,amlc_00289,e_4150683,88007,True,447,53141,True,True,447,,True,True,True,True,True,True
HI-Small,amlc_00290,e_4150808,88132,True,534,64314,True,True,534,,True,True,True,True,True,True
HI-Small,amlc_00291,e_4150907,88231,True,51,7043,True,True,51,,True,True,True,True,True,True
HI-Small,amlc_00292,e_4150975,88299,True,204,25927,True,True,204,,True,True,True,True,True,True
HI-Small,amlc_00293,e_4151467,88791,True,1059,122085,True,True,1059,,True,True,True,True,True,True
HI-Small,amlc_00294,e_4151509,88833,False,2055,235764,True,False,2055,e_5076319,True,True,True,True,True,True
HI-Small,amlc_00295,e_4152126,89450,True,20,2938,True,True,20,,True,True,True,True,True,True
HI-Small,amlc_00296,e_4152274,89598,True,287,33869,True,True,287,,True,True,True,True,True,True
HI-Small,amlc_00297,e_4152360,89684,True,1018,116242,True,True,1018,,True,True,True,True,True,True
HI-Small,amlc_00298,e_4152793,90117,True,53,7882,True,True,53,,True,True,True,True,True,True
HI-Small,amlc_00299,e_4152865,90189,True,142,16713,True,True,142,,True,True,True,True,True,True
HI-Small,amlc_00300,e_4152969,90293,True,383,44837,True,True,383,,True,True,True,True,True,True
HI-Small,amlc_00301,e_4153014,90338,True,385,45503,True,True,385,,True,True,True,True,True,True
HI-Small,amlc_00302,e_4153518,90842,True,105,12834,True,True,105,,True,True,True,True,True,True
HI-Small,amlc_00303,e_4153987,91311,True,381,44817,True,True,381,,True,True,True,True,True,True
HI-Small,amlc_00304,e_4155047,92371,True,381,43995,True,True,381,,True,True,True,True,True,True
HI-Small,amlc_00305,e_4155135,92459,True,310,38562,True,True,310,,True,True,True,True,True,True
HI-Small,amlc_00306,e_4155348,92672,True,83,11652,True,True,83,,True,True,True,True,True,True
HI-Small,amlc_00307,e_4155397,92721,True,520,66756,True,True,520,,True,True,True,True,True,True
HI-Small,amlc_00308,e_4155412,92736,True,128,16930,True,True,128,,True,True,True,True,True,True
HI-Small,amlc_00309,e_4155992,93316,True,917,111602,True,True,917,,True,True,True,True,True,True
HI-Small,amlc_00310,e_4156511,93835,True,1070,123557,True,True,1070,,True,True,True,True,True,True
HI-Small,amlc_00311,e_4156886,94210,True,371,45299,True,True,371,,True,True,True,True,True,True
HI-Small,amlc_00312,e_4157033,94357,True,50,6430,True,True,50,,True,True,True,True,True,True
HI-Small,amlc_00313,e_4157035,94359,True,131,16974,True,True,131,,True,True,True,True,True,True
HI-Small,amlc_00314,e_4157496,94820,True,101,12693,True,True,101,,True,True,True,True,True,True
HI-Small,amlc_00315,e_4157633,94957,True,1215,144590,True,True,1215,,True,True,True,True,True,True
HI-Small,amlc_00316,e_4158267,95591,True,343,41184,True,True,343,,True,True,True,True,True,True
HI-Small,amlc_00317,e_4158319,95643,False,2093,252219,True,False,2093,e_5071934,True,True,True,True,True,True
HI-Small,amlc_00318,e_4159414,96738,True,285,34334,True,True,285,,True,True,True,True,True,True
HI-Small,amlc_00319,e_4159453,96777,True,407,47924,True,True,407,,True,True,True,True,True,True
HI-Small,amlc_00320,e_4159549,96873,True,362,44008,True,True,362,,True,True,True,True,True,True
HI-Small,amlc_00321,e_4159969,97293,True,102,12590,True,True,102,,True,True,True,True,True,True
HI-Small,amlc_00322,e_4160692,98016,False,2728,324398,True,False,2728,e_4449092,True,True,True,True,True,True
HI-Small,amlc_00323,e_4161204,98528,True,56,7354,True,True,56,,True,True,True,True,True,True
HI-Small,amlc_00324,e_4161974,99298,True,698,80474,True,True,698,,True,True,True,True,True,True
HI-Small,amlc_00325,e_4162402,99726,True,52,7399,True,True,52,,True,True,True,True,True,True
HI-Small,amlc_00326,e_4162453,99777,True,184,22099,True,True,184,,True,True,True,True,True,True
HI-Small,amlc_00327,e_4162918,100242,True,29,3915,True,True,29,,True,True,True,True,True,True
HI-Small,amlc_00328,e_4162985,100309,True,172,19550,True,True,172,,True,True,True,True,True,True
HI-Small,amlc_00329,e_4163268,100592,True,218,25339,True,True,218,,True,True,True,True,True,True
HI-Small,amlc_00330,e_4163434,100758,True,30,4528,True,True,30,,True,True,True,True,True,True
HI-Small,amlc_00331,e_4163528,100852,True,655,76373,True,True,655,,True,True,True,True,True,True
HI-Small,amlc_00332,e_4163714,101038,True,495,58636,True,True,495,,True,True,True,True,True,True
HI-Small,amlc_00333,e_4163800,101124,True,1051,124809,True,True,1051,,True,True,True,True,True,True
HI-Small,amlc_00334,e_4164421,101745,True,49,6684,True,True,49,,True,True,True,True,True,True
HI-Small,amlc_00335,e_4164435,101759,True,1329,155801,True,True,1329,,True,True,True,True,True,True
HI-Small,amlc_00336,e_4165512,102836,True,344,43168,True,True,344,,True,True,True,True,True,True
HI-Small,amlc_00337,e_4166105,103429,True,209,26776,True,True,209,,True,True,True,True,True,True
HI-Small,amlc_00338,e_4166286,103610,True,838,97999,True,True,838,,True,True,True,True,True,True
HI-Small,amlc_00339,e_4166827,104151,True,130,15312,True,True,130,,True,True,True,True,True,True
HI-Small,amlc_00340,e_4167229,104553,True,446,54730,True,True,446,,True,True,True,True,True,True
HI-Small,amlc_00341,e_4167679,105003,True,782,92187,True,True,782,,True,True,True,True,True,True
HI-Small,amlc_00342,e_4167940,105264,True,451,52647,True,True,451,,True,True,True,True,True,True
HI-Small,amlc_00343,e_4168037,105361,True,709,85431,True,True,709,,True,True,True,True,True,True
HI-Small,amlc_00344,e_4168085,105409,True,446,52923,True,True,446,,True,True,True,True,True,True
HI-Small,amlc_00345,e_4168106,105430,False,2529,301500,True,False,2529,e_5071375,True,True,True,True,True,True
HI-Small,amlc_00346,e_4168294,105618,True,875,104256,True,True,875,,True,True,True,True,True,True
HI-Small,amlc_00347,e_4168963,106287,True,1022,116967,True,True,1022,,True,True,True,True,True,True
HI-Small,amlc_00348,e_4169219,106543,True,241,29805,True,True,241,,True,True,True,True,True,True
HI-Small,amlc_00349,e_4169334,106658,False,2128,255791,True,False,2128,e_5074703,True,True,True,True,True,True
HI-Small,amlc_00350,e_4169883,107207,True,58,8054,True,True,58,,True,True,True,True,True,True
HI-Small,amlc_00351,e_4170669,107993,True,1630,186000,True,True,1630,,True,True,True,True,True,True
HI-Small,amlc_00352,e_4170710,108034,True,267,30196,True,True,267,,True,True,True,True,True,True
HI-Small,amlc_00353,e_4170808,108132,True,684,79468,True,True,684,,True,True,True,True,True,True
HI-Small,amlc_00354,e_4170887,108211,True,672,76172,True,True,672,,True,True,True,True,True,True
HI-Small,amlc_00355,e_4171287,108611,True,254,30719,True,True,254,,True,True,True,True,True,True
HI-Small,amlc_00356,e_4171599,108923,True,904,102650,True,True,904,,True,True,True,True,True,True
HI-Small,amlc_00357,e_4171656,108980,True,176,20921,True,True,176,,True,True,True,True,True,True
HI-Small,amlc_00358,e_4171981,109305,False,2255,258697,True,False,2255,e_5076520,True,True,True,True,True,True
HI-Small,amlc_00359,e_4172520,109844,True,293,34216,True,True,293,,True,True,True,True,True,True
HI-Small,amlc_00360,e_4172851,110175,True,1450,165297,True,True,1450,,True,True,True,True,True,True
HI-Small,amlc_00361,e_4172915,110239,True,105,11877,True,True,105,,True,True,True,True,True,True
HI-Small,amlc_00362,e_4172949,110273,True,327,38135,True,True,327,,True,True,True,True,True,True
HI-Small,amlc_00363,e_4172991,110315,False,2100,241500,True,False,2100,e_5072866,True,True,True,True,True,True
HI-Small,amlc_00364,e_4173382,110706,True,33,5065,True,True,33,,True,True,True,True,True,True
HI-Small,amlc_00365,e_4173662,110986,True,18,2527,True,True,18,,True,True,True,True,True,True
HI-Small,amlc_00366,e_4173914,111238,True,215,25905,True,True,215,,True,True,True,True,True,True
HI-Small,amlc_00367,e_4173925,111249,True,247,32308,True,True,247,,True,True,True,True,True,True
HI-Small,amlc_00368,e_4173934,111258,True,89,13747,True,True,89,,True,True,True,True,True,True
HI-Small,amlc_00369,e_4174027,111351,True,800,93659,True,True,800,,True,True,True,True,True,True
HI-Small,amlc_00370,e_4174078,111402,True,419,49611,True,True,419,,True,True,True,True,True,True
HI-Small,amlc_00371,e_4174646,111970,True,253,30164,True,True,253,,True,True,True,True,True,True
HI-Small,amlc_00372,e_4175168,112492,True,30,4175,True,True,30,,True,True,True,True,True,True
HI-Small,amlc_00373,e_4175349,112673,True,48,6221,True,True,48,,True,True,True,True,True,True
HI-Small,amlc_00374,e_4175721,113045,True,651,75222,True,True,651,,True,True,True,True,True,True
HI-Small,amlc_00375,e_4175990,113314,True,141,16783,True,True,141,,True,True,True,True,True,True
HI-Small,amlc_00376,e_4176056,113380,True,112,14703,True,True,112,,True,True,True,True,True,True
HI-Small,amlc_00377,e_4176096,113420,False,2149,249915,True,False,2149,e_5078173,True,True,True,True,True,True
HI-Small,amlc_00378,e_4176192,113516,True,678,82734,True,True,678,,True,True,True,True,True,True
HI-Small,amlc_00379,e_4176251,113575,False,2125,256489,True,False,2125,e_5062417,True,True,True,True,True,True
HI-Small,amlc_00380,e_4176314,113638,True,316,36130,True,True,316,,True,True,True,True,True,True
HI-Small,amlc_00381,e_4176426,113750,True,61,8117,True,True,61,,True,True,True,True,True,True
HI-Small,amlc_00382,e_4177318,114642,True,119,15236,True,True,119,,True,True,True,True,True,True
HI-Small,amlc_00383,e_4178020,115344,True,193,23673,True,True,193,,True,True,True,True,True,True
HI-Small,amlc_00384,e_4178289,115613,True,324,39912,True,True,324,,True,True,True,True,True,True
HI-Small,amlc_00385,e_4180640,117964,True,574,66239,True,True,574,,True,True,True,True,True,True
HI-Small,amlc_00386,e_4181169,118493,True,2115,243444,True,True,2115,,True,True,True,True,True,True
HI-Small,amlc_00387,e_4181313,118637,True,995,115437,True,True,995,,True,True,True,True,True,True
HI-Small,amlc_00388,e_4181374,118698,True,896,101818,True,True,896,,True,True,True,True,True,True
HI-Small,amlc_00389,e_4181580,118904,True,126,15002,True,True,126,,True,True,True,True,True,True
HI-Small,amlc_00390,e_4181639,118963,True,799,92272,True,True,799,,True,True,True,True,True,True
HI-Small,amlc_00391,e_4182001,119325,True,1470,166224,True,True,1470,,True,True,True,True,True,True
HI-Small,amlc_00392,e_4182036,119360,True,347,40585,True,True,347,,True,True,True,True,True,True
HI-Small,amlc_00393,e_4183374,120698,True,1024,119770,True,True,1024,,True,True,True,True,True,True
HI-Small,amlc_00394,e_4183518,120842,True,217,28569,True,True,217,,True,True,True,True,True,True
HI-Small,amlc_00395,e_4183812,121136,True,284,33503,True,True,284,,True,True,True,True,True,True
HI-Small,amlc_00396,e_4184055,121379,True,998,126618,True,True,998,,True,True,True,True,True,True
HI-Small,amlc_00397,e_4184386,121710,True,906,114864,True,True,906,,True,True,True,True,True,True
HI-Small,amlc_00398,e_4184875,122199,True,236,31137,True,True,236,,True,True,True,True,True,True
HI-Small,amlc_00399,e_4185255,122579,True,294,38091,True,True,294,,True,True,True,True,True,True
HI-Small,amlc_00400,e_4185387,122711,True,381,44506,True,True,381,,True,True,True,True,True,True
HI-Small,amlc_00401,e_4186166,123490,True,597,71055,True,True,597,,True,True,True,True,True,True
HI-Small,amlc_00402,e_4186543,123867,True,693,83732,True,True,693,,True,True,True,True,True,True
HI-Small,amlc_00403,e_4186551,123875,True,487,58307,True,True,487,,True,True,True,True,True,True
HI-Small,amlc_00404,e_4186564,123888,True,658,78945,True,True,658,,True,True,True,True,True,True
HI-Small,amlc_00405,e_4186628,123952,True,1014,121210,True,True,1014,,True,True,True,True,True,True
HI-Small,amlc_00406,e_4186851,124175,True,27,4551,True,True,27,,True,True,True,True,True,True
HI-Small,amlc_00407,e_4187094,124418,False,2178,260448,True,False,2178,e_5075513,True,True,True,True,True,True
HI-Small,amlc_00408,e_4187298,124622,True,271,34763,True,True,271,,True,True,True,True,True,True
HI-Small,amlc_00409,e_4187460,124784,True,220,27101,True,True,220,,True,True,True,True,True,True
HI-Small,amlc_00410,e_4187805,125129,True,104,12700,True,True,104,,True,True,True,True,True,True
HI-Small,amlc_00411,e_4188071,125395,True,38,4901,True,True,38,,True,True,True,True,True,True
HI-Small,amlc_00412,e_4188875,126199,True,178,20901,True,True,178,,True,True,True,True,True,True
HI-Small,amlc_00413,e_4189470,126794,True,326,43632,True,True,326,,True,True,True,True,True,True
HI-Small,amlc_00414,e_4189594,126918,True,119,15042,True,True,119,,True,True,True,True,True,True
HI-Small,amlc_00415,e_4190353,127677,False,2523,288476,True,False,2523,e_5076126,True,True,True,True,True,True
HI-Small,amlc_00416,e_4190513,127837,False,2304,263632,True,False,2304,e_5068896,True,True,True,True,True,True
HI-Small,amlc_00417,e_4190738,128062,True,25,3289,True,True,25,,True,True,True,True,True,True
HI-Small,amlc_00418,e_4191291,128615,True,885,103018,True,True,885,,True,True,True,True,True,True
HI-Small,amlc_00419,e_4191364,128688,True,296,36750,True,True,296,,True,True,True,True,True,True
HI-Small,amlc_00420,e_4192294,129618,True,108,12065,True,True,108,,True,True,True,True,True,True
HI-Small,amlc_00421,e_4192940,130264,True,58,8225,True,True,58,,True,True,True,True,True,True
HI-Small,amlc_00422,e_4193042,130366,True,150,17763,True,True,150,,True,True,True,True,True,True
HI-Small,amlc_00423,e_4193544,130868,True,576,67149,True,True,576,,True,True,True,True,True,True
HI-Small,amlc_00424,e_4194047,131371,True,922,116996,True,True,922,,True,True,True,True,True,True
HI-Small,amlc_00425,e_4194219,131543,True,422,51627,True,True,422,,True,True,True,True,True,True
HI-Small,amlc_00426,e_4194663,131987,True,385,46264,True,True,385,,True,True,True,True,True,True
HI-Small,amlc_00427,e_4194822,132146,True,67,9573,True,True,67,,True,True,True,True,True,True
HI-Small,amlc_00428,e_4195467,132791,True,808,98392,True,True,808,,True,True,True,True,True,True
HI-Small,amlc_00429,e_4195588,132912,True,261,33279,True,True,261,,True,True,True,True,True,True
HI-Small,amlc_00430,e_4196269,133593,True,788,93607,True,True,788,,True,True,True,True,True,True
HI-Small,amlc_00431,e_4196483,133807,True,983,117766,True,True,983,,True,True,True,True,True,True
HI-Small,amlc_00432,e_4196802,134126,True,578,68548,True,True,578,,True,True,True,True,True,True
HI-Small,amlc_00433,e_4197522,134846,True,111,13901,True,True,111,,True,True,True,True,True,True
HI-Small,amlc_00434,e_4198165,135489,True,131,16406,True,True,131,,True,True,True,True,True,True
HI-Small,amlc_00435,e_4198239,135563,True,500,61045,True,True,500,,True,True,True,True,True,True
HI-Small,amlc_00436,e_4198242,135566,True,186,22693,True,True,186,,True,True,True,True,True,True
HI-Small,amlc_00437,e_4198524,135848,True,8,1608,True,True,8,,True,True,True,True,True,True
HI-Small,amlc_00438,e_4198753,136077,True,735,89259,True,True,735,,True,True,True,True,True,True
HI-Small,amlc_00439,e_4198951,136275,True,200,27767,True,True,200,,True,True,True,True,True,True
HI-Small,amlc_00440,e_4199359,136683,True,248,32434,True,True,248,,True,True,True,True,True,True
HI-Small,amlc_00441,e_4200513,137837,True,236,28175,True,True,236,,True,True,True,True,True,True
HI-Small,amlc_00442,e_4200800,138124,True,29,3856,True,True,29,,True,True,True,True,True,True
HI-Small,amlc_00443,e_4200847,138171,False,2026,232376,True,False,2026,e_5076659,True,True,True,True,True,True
HI-Small,amlc_00444,e_4201520,138844,True,188,22562,True,True,188,,True,True,True,True,True,True
HI-Small,amlc_00445,e_4201757,139081,True,261,31499,True,True,261,,True,True,True,True,True,True
HI-Small,amlc_00446,e_4202213,139537,False,2319,263723,True,False,2319,e_5065219,True,True,True,True,True,True
HI-Small,amlc_00447,e_4202398,139722,True,265,31501,True,True,265,,True,True,True,True,True,True
HI-Small,amlc_00448,e_4202607,139931,True,188,22466,True,True,188,,True,True,True,True,True,True
HI-Small,amlc_00449,e_4203083,140407,True,142,17271,True,True,142,,True,True,True,True,True,True
HI-Small,amlc_00450,e_4203098,140422,True,987,114154,True,True,987,,True,True,True,True,True,True
HI-Small,amlc_00451,e_4203350,140674,True,969,113994,True,True,969,,True,True,True,True,True,True
HI-Small,amlc_00452,e_4203366,140690,True,703,84517,True,True,703,,True,True,True,True,True,True
HI-Small,amlc_00453,e_4203374,140698,True,259,31395,True,True,259,,True,True,True,True,True,True
HI-Small,amlc_00454,e_4203387,140711,True,504,59467,True,True,504,,True,True,True,True,True,True
HI-Small,amlc_00455,e_4203694,141018,True,297,38156,True,True,297,,True,True,True,True,True,True
HI-Small,amlc_00456,e_4203766,141090,True,331,41189,True,True,331,,True,True,True,True,True,True
HI-Small,amlc_00457,e_4204528,141852,True,289,35017,True,True,289,,True,True,True,True,True,True
HI-Small,amlc_00458,e_4204853,142177,True,682,79337,True,True,682,,True,True,True,True,True,True
HI-Small,amlc_00459,e_4204879,142203,True,636,74085,True,True,636,,True,True,True,True,True,True
HI-Small,amlc_00460,e_4204936,142260,True,290,34862,True,True,290,,True,True,True,True,True,True
HI-Small,amlc_00461,e_4205617,142941,True,119,14332,True,True,119,,True,True,True,True,True,True
HI-Small,amlc_00462,e_4206083,143407,True,409,48159,True,True,409,,True,True,True,True,True,True
HI-Small,amlc_00463,e_4206201,143525,True,708,84483,True,True,708,,True,True,True,True,True,True
HI-Small,amlc_00464,e_4208098,145422,False,2426,289444,True,False,2426,e_5076875,True,True,True,True,True,True
HI-Small,amlc_00465,e_4208359,145683,True,217,26312,True,True,217,,True,True,True,True,True,True
HI-Small,amlc_00466,e_4208795,146119,True,709,85800,True,True,709,,True,True,True,True,True,True
HI-Small,amlc_00467,e_4209005,146329,True,859,103402,True,True,859,,True,True,True,True,True,True
HI-Small,amlc_00468,e_4209488,146812,True,543,62923,True,True,543,,True,True,True,True,True,True
HI-Small,amlc_00469,e_4209514,146838,True,501,58271,True,True,501,,True,True,True,True,True,True
HI-Small,amlc_00470,e_4210082,147406,False,2330,266116,True,False,2330,e_4569300,True,True,True,True,True,True
HI-Small,amlc_00471,e_4210893,148217,True,1026,118929,True,True,1026,,True,True,True,True,True,True
HI-Small,amlc_00472,e_4211228,148552,True,113,14600,True,True,113,,True,True,True,True,True,True
HI-Small,amlc_00473,e_4211384,148708,True,715,79888,True,True,715,,True,True,True,True,True,True
HI-Small,amlc_00474,e_4211778,149102,True,53,7018,True,True,53,,True,True,True,True,True,True
HI-Small,amlc_00475,e_4212101,149425,True,230,27052,True,True,230,,True,True,True,True,True,True
HI-Small,amlc_00476,e_4212274,149598,True,194,23758,True,True,194,,True,True,True,True,True,True
HI-Small,amlc_00477,e_4212371,149695,True,24,3552,True,True,24,,True,True,True,True,True,True
HI-Small,amlc_00478,e_4212821,150145,True,430,50450,True,True,430,,True,True,True,True,True,True
HI-Small,amlc_00479,e_4212963,150287,False,2222,260852,True,False,2222,e_5077559,True,True,True,True,True,True
HI-Small,amlc_00480,e_4213104,150428,True,349,43804,True,True,349,,True,True,True,True,True,True
HI-Small,amlc_00481,e_4213204,150528,False,2302,287641,True,False,2302,e_5065791,True,True,True,True,True,True
HI-Small,amlc_00482,e_4213317,150641,True,119,19062,True,True,119,,True,True,True,True,True,True
HI-Small,amlc_00483,e_4213467,150791,True,303,40075,True,True,303,,True,True,True,True,True,True
HI-Small,amlc_00484,e_4213992,151316,True,703,86205,True,True,703,,True,True,True,True,True,True
HI-Small,amlc_00485,e_4214274,151598,True,161,23275,True,True,161,,True,True,True,True,True,True
HI-Small,amlc_00486,e_4214282,151606,True,186,26744,True,True,186,,True,True,True,True,True,True
HI-Small,amlc_00487,e_4214455,151779,True,962,111811,True,True,962,,True,True,True,True,True,True
HI-Small,amlc_00488,e_4214529,151853,True,746,89065,True,True,746,,True,True,True,True,True,True
HI-Small,amlc_00489,e_4214945,152269,True,81,10228,True,True,81,,True,True,True,True,True,True
HI-Small,amlc_00490,e_4214958,152282,True,822,97714,True,True,822,,True,True,True,True,True,True
HI-Small,amlc_00491,e_4214960,152284,True,161,19936,True,True,161,,True,True,True,True,True,True
HI-Small,amlc_00492,e_4214961,152285,True,822,97714,True,True,822,,True,True,True,True,True,True
HI-Small,amlc_00493,e_4214963,152287,True,252,30416,True,True,252,,True,True,True,True,True,True
HI-Small,amlc_00494,e_4214964,152288,True,822,97714,True,True,822,,True,True,True,True,True,True
HI-Small,amlc_00495,e_4214966,152290,True,1246,145586,True,True,1246,,True,True,True,True,True,True
HI-Small,amlc_00496,e_4214967,152291,True,822,97714,True,True,822,,True,True,True,True,True,True
HI-Small,amlc_00497,e_4214968,152292,True,314,38330,True,True,314,,True,True,True,True,True,True
HI-Small,amlc_00498,e_4214969,152293,True,314,38330,True,True,314,,True,True,True,True,True,True
HI-Small,amlc_00499,e_4214971,152295,True,822,97714,True,True,822,,True,True,True,True,True,True
HI-Small,amlc_00500,e_4214973,152297,True,272,33907,True,True,272,,True,True,True,True,True,True
HI-Small,amlc_00501,e_4214974,152298,True,272,33907,True,True,272,,True,True,True,True,True,True
HI-Small,amlc_00502,e_4214976,152300,True,822,97714,True,True,822,,True,True,True,True,True,True
HI-Small,amlc_00503,e_4214977,152301,True,317,38242,True,True,317,,True,True,True,True,True,True
HI-Small,amlc_00504,e_4214979,152303,True,822,97714,True,True,822,,True,True,True,True,True,True
HI-Small,amlc_00505,e_4214981,152305,True,224,27455,True,True,224,,True,True,True,True,True,True
HI-Small,amlc_00506,e_4214983,152307,True,822,97714,True,True,822,,True,True,True,True,True,True
HI-Small,amlc_00507,e_4214984,152308,True,669,80682,True,True,669,,True,True,True,True,True,True
HI-Small,amlc_00508,e_4214986,152310,True,822,97714,True,True,822,,True,True,True,True,True,True
HI-Small,amlc_00509,e_4214987,152311,True,917,111183,True,True,917,,True,True,True,True,True,True
HI-Small,amlc_00510,e_4214989,152313,True,822,97714,True,True,822,,True,True,True,True,True,True
HI-Small,amlc_00511,e_4214991,152315,True,161,19936,True,True,161,,True,True,True,True,True,True
HI-Small,amlc_00512,e_4214993,152317,True,822,97714,True,True,822,,True,True,True,True,True,True
HI-Small,amlc_00513,e_4214994,152318,True,294,37047,True,True,294,,True,True,True,True,True,True
HI-Small,amlc_00514,e_4214996,152320,True,822,97714,True,True,822,,True,True,True,True,True,True
HI-Small,amlc_00515,e_4214997,152321,True,216,28554,True,True,216,,True,True,True,True,True,True
HI-Small,amlc_00516,e_4214998,152322,True,822,97714,True,True,822,,True,True,True,True,True,True
HI-Small,amlc_00517,e_4215000,152324,True,161,19936,True,True,161,,True,True,True,True,True,True
HI-Small,amlc_00518,e_4215001,152325,True,1000,120754,True,True,1000,,True,True,True,True,True,True
HI-Small,amlc_00519,e_4215002,152326,True,549,65623,True,True,549,,True,True,True,True,True,True
HI-Small,amlc_00520,e_4215263,152587,False,1970,223957,True,False,1970,e_5074284,True,True,True,True,True,True
HI-Small,amlc_00521,e_4215863,153187,True,1184,142924,True,True,1184,,True,True,True,True,True,True
HI-Small,amlc_00522,e_4216367,153691,True,556,67620,True,True,556,,True,True,True,True,True,True
HI-Small,amlc_00523,e_4216975,154299,True,617,74325,True,True,617,,True,True,True,True,True,True
HI-Small,amlc_00524,e_4217192,154516,True,674,80926,True,True,674,,True,True,True,True,True,True
HI-Small,amlc_00525,e_4221569,158893,True,492,59152,True,True,492,,True,True,True,True,True,True
HI-Small,amlc_00526,e_4221916,159240,True,120,15333,True,True,120,,True,True,True,True,True,True
HI-Small,amlc_00527,e_4222456,159780,True,277,33875,True,True,277,,True,True,True,True,True,True
HI-Small,amlc_00528,e_4223055,160379,True,464,56434,True,True,464,,True,True,True,True,True,True
HI-Small,amlc_00529,e_4224209,161533,True,952,114727,True,True,952,,True,True,True,True,True,True
HI-Small,amlc_00530,e_4225092,162416,False,2047,246104,True,False,2047,e_5074612,True,True,True,True,True,True
HI-Small,amlc_00531,e_4225158,162482,True,1256,152664,True,True,1256,,True,True,True,True,True,True
HI-Small,amlc_00532,e_4225377,162701,True,124,15278,True,True,124,,True,True,True,True,True,True
HI-Small,amlc_00533,e_4225627,162951,True,30,4400,True,True,30,,True,True,True,True,True,True
HI-Small,amlc_00534,e_4226438,163762,True,574,66137,True,True,574,,True,True,True,True,True,True
HI-Small,amlc_00535,e_4226554,163878,True,301,35659,True,True,301,,True,True,True,True,True,True
HI-Small,amlc_00536,e_4226740,164064,True,467,55104,True,True,467,,True,True,True,True,True,True
HI-Small,amlc_00537,e_4226856,164180,True,1511,171437,True,True,1511,,True,True,True,True,True,True
HI-Small,amlc_00538,e_4226857,164181,True,1175,135397,True,True,1175,,True,True,True,True,True,True
HI-Small,amlc_00539,e_4227071,164395,True,425,51480,True,True,425,,True,True,True,True,True,True
HI-Small,amlc_00540,e_4227369,164693,True,417,47982,True,True,417,,True,True,True,True,True,True
HI-Small,amlc_00541,e_4227793,165117,True,310,36194,True,True,310,,True,True,True,True,True,True
HI-Small,amlc_00542,e_4228143,165467,True,410,47071,True,True,410,,True,True,True,True,True,True
HI-Small,amlc_00543,e_4228975,166299,True,468,56008,True,True,468,,True,True,True,True,True,True
HI-Small,amlc_00544,e_4229357,166681,True,383,44922,True,True,383,,True,True,True,True,True,True
HI-Small,amlc_00545,e_4229685,167009,True,480,55552,True,True,480,,True,True,True,True,True,True
HI-Small,amlc_00546,e_4229794,167118,True,379,46420,True,True,379,,True,True,True,True,True,True
HI-Small,amlc_00547,e_4230016,167340,True,149,19456,True,True,149,,True,True,True,True,True,True
HI-Small,amlc_00548,e_4230048,167372,True,459,53450,True,True,459,,True,True,True,True,True,True
HI-Small,amlc_00549,e_4230674,167998,True,279,36603,True,True,279,,True,True,True,True,True,True
HI-Small,amlc_00550,e_4230677,168001,True,244,29549,True,True,244,,True,True,True,True,True,True
HI-Small,amlc_00551,e_4230902,168226,False,2612,298259,True,False,2612,e_5075975,True,True,True,True,True,True
HI-Small,amlc_00552,e_4231221,168545,False,2715,308465,True,False,2715,e_5076641,True,True,True,True,True,True
HI-Small,amlc_00553,e_4231665,168989,True,169,21939,True,True,169,,True,True,True,True,True,True
HI-Small,amlc_00554,e_4231815,169139,True,475,56222,True,True,475,,True,True,True,True,True,True
HI-Small,amlc_00555,e_4232090,169414,True,366,42740,True,True,366,,True,True,True,True,True,True
HI-Small,amlc_00556,e_4232588,169912,True,716,83373,True,True,716,,True,True,True,True,True,True
HI-Small,amlc_00557,e_4232634,169958,True,587,67890,True,True,587,,True,True,True,True,True,True
HI-Small,amlc_00558,e_4232782,170106,True,347,41694,True,True,347,,True,True,True,True,True,True
HI-Small,amlc_00559,e_4233244,170568,False,2281,260497,True,False,2281,e_5077004,True,True,True,True,True,True
HI-Small,amlc_00560,e_4235111,172435,True,40,5370,True,True,40,,True,True,True,True,True,True
HI-Small,amlc_00561,e_4235195,172519,True,19,2658,True,True,19,,True,True,True,True,True,True
HI-Small,amlc_00562,e_4235277,172601,True,232,27725,True,True,232,,True,True,True,True,True,True
HI-Small,amlc_00563,e_4236215,173539,True,351,44081,True,True,351,,True,True,True,True,True,True
HI-Small,amlc_00564,e_4236728,174052,True,76,9355,True,True,76,,True,True,True,True,True,True
HI-Small,amlc_00565,e_4236794,174118,True,966,113693,True,True,966,,True,True,True,True,True,True
HI-Small,amlc_00566,e_4237413,174737,True,241,31855,True,True,241,,True,True,True,True,True,True
HI-Small,amlc_00567,e_4237470,174794,True,342,43963,True,True,342,,True,True,True,True,True,True
HI-Small,amlc_00568,e_4237800,175124,False,2456,306644,True,False,2456,e_5073572,True,True,True,True,True,True
HI-Small,amlc_00569,e_4237884,175208,True,372,47033,True,True,372,,True,True,True,True,True,True
HI-Small,amlc_00570,e_4238417,175741,True,25,3652,True,True,25,,True,True,True,True,True,True
HI-Small,amlc_00571,e_4238801,176125,True,1827,222597,True,True,1827,,True,True,True,True,True,True
HI-Small,amlc_00572,e_4238899,176223,True,291,36726,True,True,291,,True,True,True,True,True,True
HI-Small,amlc_00573,e_4238975,176299,True,374,46726,True,True,374,,True,True,True,True,True,True
HI-Small,amlc_00574,e_4239556,176880,False,2159,261314,True,False,2159,e_5070058,True,True,True,True,True,True
HI-Small,amlc_00575,e_4239719,177043,False,2043,249379,True,False,2043,e_5077904,True,True,True,True,True,True
HI-Small,amlc_00576,e_4239898,177222,True,80,10398,True,True,80,,True,True,True,True,True,True
HI-Small,amlc_00577,e_4239988,177312,False,2555,307997,True,False,2555,e_5073937,True,True,True,True,True,True
HI-Small,amlc_00578,e_4240153,177477,True,378,46640,True,True,378,,True,True,True,True,True,True
HI-Small,amlc_00579,e_4240792,178116,True,334,41386,True,True,334,,True,True,True,True,True,True
HI-Small,amlc_00580,e_4240855,178179,True,9,1634,True,True,9,,True,True,True,True,True,True
HI-Small,amlc_00581,e_4241305,178629,True,598,70370,True,True,598,,True,True,True,True,True,True
HI-Small,amlc_00582,e_4241513,178837,True,495,58975,True,True,495,,True,True,True,True,True,True
HI-Small,amlc_00583,e_4242262,179586,True,612,74906,True,True,612,,True,True,True,True,True,True
HI-Small,amlc_00584,e_4242450,179774,True,456,56838,True,True,456,,True,True,True,True,True,True
HI-Small,amlc_00585,e_4242452,179776,True,377,49658,True,True,377,,True,True,True,True,True,True
HI-Small,amlc_00586,e_4242453,179777,True,377,49659,True,True,377,,True,True,True,True,True,True
HI-Small,amlc_00587,e_4242455,179779,True,252,29842,True,True,252,,True,True,True,True,True,True
HI-Small,amlc_00588,e_4242457,179781,True,109,14224,True,True,109,,True,True,True,True,True,True
HI-Small,amlc_00589,e_4242458,179782,True,109,14224,True,True,109,,True,True,True,True,True,True
HI-Small,amlc_00590,e_4242459,179783,True,28,4231,True,True,28,,True,True,True,True,True,True
HI-Small,amlc_00591,e_4242460,179784,True,28,4231,True,True,28,,True,True,True,True,True,True
HI-Small,amlc_00592,e_4242462,179786,True,102,12139,True,True,102,,True,True,True,True,True,True
HI-Small,amlc_00593,e_4242463,179787,True,102,12139,True,True,102,,True,True,True,True,True,True
HI-Small,amlc_00594,e_4242465,179789,True,573,65844,True,True,573,,True,True,True,True,True,True
HI-Small,amlc_00595,e_4242466,179790,True,312,38305,True,True,312,,True,True,True,True,True,True
HI-Small,amlc_00596,e_4242578,179902,False,2258,256211,True,False,2258,e_5074284,True,True,True,True,True,True
HI-Small,amlc_00597,e_4242725,180049,True,209,24809,True,True,209,,True,True,True,True,True,True
HI-Small,amlc_00598,e_4242763,180087,True,76,8995,True,True,76,,True,True,True,True,True,True
HI-Small,amlc_00599,e_4243114,180438,True,18,2515,True,True,18,,True,True,True,True,True,True
HI-Small,amlc_00600,e_4243687,181011,True,1621,191162,True,True,1621,,True,True,True,True,True,True
HI-Small,amlc_00601,e_4243696,181020,True,257,31996,True,True,257,,True,True,True,True,True,True
HI-Small,amlc_00602,e_4244613,181937,True,1235,148581,True,True,1235,,True,True,True,True,True,True
HI-Small,amlc_00603,e_4245062,182386,True,416,49526,True,True,416,,True,True,True,True,True,True
HI-Small,amlc_00604,e_4245279,182603,True,82,10478,True,True,82,,True,True,True,True,True,True
HI-Small,amlc_00605,e_4245443,182767,True,7,1365,True,True,7,,True,True,True,True,True,True
HI-Small,amlc_00606,e_4246140,183464,True,28,3963,True,True,28,,True,True,True,True,True,True
HI-Small,amlc_00607,e_4246672,183996,True,51,7289,True,True,51,,True,True,True,True,True,True
HI-Small,amlc_00608,e_4246767,184091,True,5,1155,True,True,5,,True,True,True,True,True,True
HI-Small,amlc_00609,e_4246897,184221,True,825,99082,True,True,825,,True,True,True,True,True,True
HI-Small,amlc_00610,e_4247346,184670,True,241,29321,True,True,241,,True,True,True,True,True,True
HI-Small,amlc_00611,e_4247349,184673,False,2037,243342,True,False,2037,e_5078165,True,True,True,True,True,True
HI-Small,amlc_00612,e_4247612,184936,True,9,1689,True,True,9,,True,True,True,True,True,True
HI-Small,amlc_00613,e_4247750,185074,True,167,21237,True,True,167,,True,True,True,True,True,True
HI-Small,amlc_00614,e_4247816,185140,True,49,7546,True,True,49,,True,True,True,True,True,True
HI-Small,amlc_00615,e_4248099,185423,True,64,10434,True,True,64,,True,True,True,True,True,True
HI-Small,amlc_00616,e_4248342,185666,True,1492,170211,True,True,1492,,True,True,True,True,True,True
HI-Small,amlc_00617,e_4248587,185911,False,2176,249367,True,False,2176,e_5072275,True,True,True,True,True,True
HI-Small,amlc_00618,e_4248885,186209,True,581,70092,True,True,581,,True,True,True,True,True,True
HI-Small,amlc_00619,e_4248956,186280,True,212,24876,True,True,212,,True,True,True,True,True,True
HI-Small,amlc_00620,e_4249576,186900,False,2519,288306,True,False,2519,e_5072519,True,True,True,True,True,True
HI-Small,amlc_00621,e_4250006,187330,True,146,17863,True,True,146,,True,True,True,True,True,True
HI-Small,amlc_00622,e_4250578,187902,True,69,10735,True,True,69,,True,True,True,True,True,True
HI-Small,amlc_00623,e_4252487,189811,True,8,1596,True,True,8,,True,True,True,True,True,True
HI-Small,amlc_00624,e_4252721,190045,True,1802,209200,True,True,1802,,True,True,True,True,True,True
HI-Small,amlc_00625,e_4252950,190274,True,565,68539,True,True,565,,True,True,True,True,True,True
HI-Small,amlc_00626,e_4253210,190534,True,237,29131,True,True,237,,True,True,True,True,True,True
HI-Small,amlc_00627,e_4253678,191002,True,41,5759,True,True,41,,True,True,True,True,True,True
HI-Small,amlc_00628,e_4253838,191162,True,303,39179,True,True,303,,True,True,True,True,True,True
HI-Small,amlc_00629,e_4254077,191401,True,563,71419,True,True,563,,True,True,True,True,True,True
HI-Small,amlc_00630,e_4254683,192007,True,1124,139924,True,True,1124,,True,True,True,True,True,True
HI-Small,amlc_00631,e_4254915,192239,True,733,89555,True,True,733,,True,True,True,True,True,True
HI-Small,amlc_00632,e_4255114,192438,True,127,16071,True,True,127,,True,True,True,True,True,True
HI-Small,amlc_00633,e_4255115,192439,True,118,14830,True,True,118,,True,True,True,True,True,True
HI-Small,amlc_00634,e_4255140,192464,True,201,25239,True,True,201,,True,True,True,True,True,True
HI-Small,amlc_00635,e_4255367,192691,True,276,34288,True,True,276,,True,True,True,True,True,True
HI-Small,amlc_00636,e_4256079,193403,True,580,71516,True,True,580,,True,True,True,True,True,True
HI-Small,amlc_00637,e_4256556,193880,True,224,27427,True,True,224,,True,True,True,True,True,True
HI-Small,amlc_00638,e_4256800,194124,True,256,30665,True,True,256,,True,True,True,True,True,True
HI-Small,amlc_00639,e_4257994,195318,True,217,29136,True,True,217,,True,True,True,True,True,True
HI-Small,amlc_00640,e_4258011,195335,False,2147,257679,True,False,2147,e_5058327,True,True,True,True,True,True
HI-Small,amlc_00641,e_4258219,195543,True,575,68326,True,True,575,,True,True,True,True,True,True
HI-Small,amlc_00642,e_4259153,196477,True,182,22310,True,True,182,,True,True,True,True,True,True
HI-Small,amlc_00643,e_4259503,196827,False,3082,366550,True,False,3082,e_5003721,True,True,True,True,True,True
HI-Small,amlc_00644,e_4259848,197172,True,350,42461,True,True,350,,True,True,True,True,True,True
HI-Small,amlc_00645,e_4259959,197283,True,205,29341,True,True,205,,True,True,True,True,True,True
HI-Small,amlc_00646,e_4260144,197468,True,202,24482,True,True,202,,True,True,True,True,True,True
HI-Small,amlc_00647,e_4260465,197789,True,625,74574,True,True,625,,True,True,True,True,True,True
HI-Small,amlc_00648,e_4260571,197895,True,373,45217,True,True,373,,True,True,True,True,True,True
HI-Small,amlc_00649,e_4261322,198646,True,298,37197,True,True,298,,True,True,True,True,True,True
HI-Small,amlc_00650,e_4262133,199457,True,67,8219,True,True,67,,True,True,True,True,True,True
HI-Small,amlc_00651,e_4262343,199667,True,543,65548,True,True,543,,True,True,True,True,True,True
HI-Small,amlc_00652,e_4262443,199767,True,937,108363,True,True,937,,True,True,True,True,True,True
HI-Small,amlc_00653,e_4262732,200056,True,16,2489,True,True,16,,True,True,True,True,True,True
HI-Small,amlc_00654,e_4262990,200314,True,275,33200,True,True,275,,True,True,True,True,True,True
HI-Small,amlc_00655,e_4263081,200405,True,42,5972,True,True,42,,True,True,True,True,True,True
HI-Small,amlc_00656,e_4263153,200477,False,2084,239144,True,False,2084,e_5076374,True,True,True,True,True,True
HI-Small,amlc_00657,e_4263301,200625,True,16,2198,True,True,16,,True,True,True,True,True,True
HI-Small,amlc_00658,e_4264023,201347,True,715,82421,True,True,715,,True,True,True,True,True,True
HI-Small,amlc_00659,e_4264525,201849,True,1210,138682,True,True,1210,,True,True,True,True,True,True
HI-Small,amlc_00660,e_4265277,202601,True,253,29236,True,True,253,,True,True,True,True,True,True
HI-Small,amlc_00661,e_4265478,202802,True,911,105998,True,True,911,,True,True,True,True,True,True
HI-Small,amlc_00662,e_4265992,203316,True,164,20038,True,True,164,,True,True,True,True,True,True
HI-Small,amlc_00663,e_4266129,203453,True,205,24507,True,True,205,,True,True,True,True,True,True
HI-Small,amlc_00664,e_4266255,203579,True,280,34221,True,True,280,,True,True,True,True,True,True
HI-Small,amlc_00665,e_4266985,204309,True,71,9666,True,True,71,,True,True,True,True,True,True
HI-Small,amlc_00666,e_4267380,204704,True,77,10366,True,True,77,,True,True,True,True,True,True
HI-Small,amlc_00667,e_4267385,204709,True,301,38173,True,True,301,,True,True,True,True,True,True
HI-Small,amlc_00668,e_4267836,205160,True,233,28921,True,True,233,,True,True,True,True,True,True
HI-Small,amlc_00669,e_4267921,205245,True,535,65549,True,True,535,,True,True,True,True,True,True
HI-Small,amlc_00670,e_4267978,205302,True,10,1720,True,True,10,,True,True,True,True,True,True
HI-Small,amlc_00671,e_4268101,205425,True,924,111031,True,True,924,,True,True,True,True,True,True
HI-Small,amlc_00672,e_4268234,205558,True,385,46264,True,True,385,,True,True,True,True,True,True
HI-Small,amlc_00673,e_4268731,206055,True,459,53893,True,True,459,,True,True,True,True,True,True
HI-Small,amlc_00674,e_4269076,206400,True,657,79543,True,True,657,,True,True,True,True,True,True
HI-Small,amlc_00675,e_4269379,206703,True,124,15192,True,True,124,,True,True,True,True,True,True
HI-Small,amlc_00676,e_4269443,206767,True,259,31616,True,True,259,,True,True,True,True,True,True
HI-Small,amlc_00677,e_4269444,206768,True,956,114963,True,True,956,,True,True,True,True,True,True
HI-Small,amlc_00678,e_4269446,206770,True,318,38109,True,True,318,,True,True,True,True,True,True
HI-Small,amlc_00679,e_4269448,206772,True,385,45989,True,True,385,,True,True,True,True,True,True
HI-Small,amlc_00680,e_4269449,206773,True,364,43635,True,True,364,,True,True,True,True,True,True
HI-Small,amlc_00681,e_4269451,206775,True,1155,139536,True,True,1155,,True,True,True,True,True,True
HI-Small,amlc_00682,e_4269457,206781,True,229,29030,True,True,229,,True,True,True,True,True,True
HI-Small,amlc_00683,e_4269458,206782,True,229,29030,True,True,229,,True,True,True,True,True,True
HI-Small,amlc_00684,e_4269459,206783,True,949,114361,True,True,949,,True,True,True,True,True,True
HI-Small,amlc_00685,e_4269460,206784,True,1492,178342,True,True,1492,,True,True,True,True,True,True
HI-Small,amlc_00686,e_4269461,206785,True,737,89209,True,True,737,,True,True,True,True,True,True
HI-Small,amlc_00687,e_4269462,206786,True,1236,151570,True,True,1236,,True,True,True,True,True,True
HI-Small,amlc_00688,e_4269463,206787,True,446,55130,True,True,446,,True,True,True,True,True,True
HI-Small,amlc_00689,e_4269464,206788,True,947,115085,True,True,947,,True,True,True,True,True,True
HI-Small,amlc_00690,e_4269465,206789,True,469,58008,True,True,469,,True,True,True,True,True,True
HI-Small,amlc_00691,e_4269466,206790,True,1133,137787,True,True,1133,,True,True,True,True,True,True
HI-Small,amlc_00692,e_4269467,206791,True,1171,142217,True,True,1171,,True,True,True,True,True,True
HI-Small,amlc_00693,e_4269468,206792,True,1343,162083,True,True,1343,,True,True,True,True,True,True
HI-Small,amlc_00694,e_4269469,206793,True,1155,140961,True,True,1155,,True,True,True,True,True,True
HI-Small,amlc_00695,e_4269830,207154,True,1895,222450,True,True,1895,,True,True,True,True,True,True
HI-Small,amlc_00696,e_4270957,208281,True,990,118826,True,True,990,,True,True,True,True,True,True
HI-Small,amlc_00697,e_4270991,208315,True,7,1241,True,True,7,,True,True,True,True,True,True
HI-Small,amlc_00698,e_4271017,208341,True,219,27033,True,True,219,,True,True,True,True,True,True
HI-Small,amlc_00699,e_4271134,208458,True,10,1566,True,True,10,,True,True,True,True,True,True
HI-Small,amlc_00700,e_4271891,209215,True,1264,150060,True,True,1264,,True,True,True,True,True,True
HI-Small,amlc_00701,e_4272040,209364,True,291,36454,True,True,291,,True,True,True,True,True,True
HI-Small,amlc_00702,e_4272097,209421,True,363,42096,True,True,363,,True,True,True,True,True,True
HI-Small,amlc_00703,e_4272564,209888,True,377,44058,True,True,377,,True,True,True,True,True,True
HI-Small,amlc_00704,e_4272700,210024,True,1622,192275,True,True,1622,,True,True,True,True,True,True
HI-Small,amlc_00705,e_4272837,210161,True,6,1271,True,True,6,,True,True,True,True,True,True
HI-Small,amlc_00706,e_4273678,211002,True,6,1169,True,True,6,,True,True,True,True,True,True
HI-Small,amlc_00707,e_4273734,211058,True,120,16008,True,True,120,,True,True,True,True,True,True
HI-Small,amlc_00708,e_4273743,211067,True,56,7708,True,True,56,,True,True,True,True,True,True
HI-Small,amlc_00709,e_4274392,211716,True,64,8107,True,True,64,,True,True,True,True,True,True
HI-Small,amlc_00710,e_4274441,211765,True,720,86241,True,True,720,,True,True,True,True,True,True
HI-Small,amlc_00711,e_4274743,212067,True,111,14303,True,True,111,,True,True,True,True,True,True
HI-Small,amlc_00712,e_4275042,212366,True,6,1298,True,True,6,,True,True,True,True,True,True
HI-Small,amlc_00713,e_4275232,212556,True,410,46586,True,True,410,,True,True,True,True,True,True
HI-Small,amlc_00714,e_4275567,212891,True,640,76120,True,True,640,,True,True,True,True,True,True
HI-Small,amlc_00715,e_4276236,213560,True,503,59859,True,True,503,,True,True,True,True,True,True
HI-Small,amlc_00716,e_4276627,213951,True,7,1375,True,True,7,,True,True,True,True,True,True
HI-Small,amlc_00717,e_4276863,214187,True,778,89443,True,True,778,,True,True,True,True,True,True
HI-Small,amlc_00718,e_4277574,214898,False,2184,249361,True,False,2184,e_5075993,True,True,True,True,True,True
HI-Small,amlc_00719,e_4277640,214964,True,487,56951,True,True,487,,True,True,True,True,True,True
HI-Small,amlc_00720,e_4277821,215145,True,5,1031,True,True,5,,True,True,True,True,True,True
HI-Small,amlc_00721,e_4277928,215252,True,201,24375,True,True,201,,True,True,True,True,True,True
HI-Small,amlc_00722,e_4277942,215266,True,193,23762,True,True,193,,True,True,True,True,True,True
HI-Small,amlc_00723,e_4278120,215444,True,717,81115,True,True,717,,True,True,True,True,True,True
HI-Small,amlc_00724,e_4280043,217367,True,1137,133884,True,True,1137,,True,True,True,True,True,True
HI-Small,amlc_00725,e_4280602,217926,True,391,50741,True,True,391,,True,True,True,True,True,True
HI-Small,amlc_00726,e_4280776,218100,True,6,1188,True,True,6,,True,True,True,True,True,True
HI-Small,amlc_00727,e_4281201,218525,False,2362,299171,True,False,2362,e_5077644,True,True,True,True,True,True
HI-Small,amlc_00728,e_4281228,218552,True,281,36253,True,True,281,,True,True,True,True,True,True
HI-Small,amlc_00729,e_4281336,218660,True,812,100747,True,True,812,,True,True,True,True,True,True
HI-Small,amlc_00730,e_4282287,219611,True,799,97265,True,True,799,,True,True,True,True,True,True
HI-Small,amlc_00731,e_4282702,220026,True,363,43918,True,True,363,,True,True,True,True,True,True
HI-Small,amlc_00732,e_4283006,220330,True,39,6661,True,True,39,,True,True,True,True,True,True
HI-Small,amlc_00733,e_4283723,221047,True,10,1726,True,True,10,,True,True,True,True,True,True
HI-Small,amlc_00734,e_4283985,221309,False,2087,248899,True,False,2087,e_5071003,True,True,True,True,True,True
HI-Small,amlc_00735,e_4284832,222156,True,115,18087,True,True,115,,True,True,True,True,True,True
HI-Small,amlc_00736,e_4285015,222339,True,364,43949,True,True,364,,True,True,True,True,True,True
HI-Small,amlc_00737,e_4286184,223508,True,6,1288,True,True,6,,True,True,True,True,True,True
HI-Small,amlc_00738,e_4286255,223579,True,574,67837,True,True,574,,True,True,True,True,True,True
HI-Small,amlc_00739,e_4286323,223647,True,965,115881,True,True,965,,True,True,True,True,True,True
HI-Small,amlc_00740,e_4287099,224423,True,103,12701,True,True,103,,True,True,True,True,True,True
HI-Small,amlc_00741,e_4287558,224882,True,280,32773,True,True,280,,True,True,True,True,True,True
HI-Small,amlc_00742,e_4287991,225315,False,2008,242195,True,False,2008,e_5071823,True,True,True,True,True,True
HI-Small,amlc_00743,e_4288844,226168,True,81,11133,True,True,81,,True,True,True,True,True,True
HI-Small,amlc_00744,e_4289075,226399,True,803,92681,True,True,803,,True,True,True,True,True,True
HI-Small,amlc_00745,e_4289467,226791,True,853,99643,True,True,853,,True,True,True,True,True,True
HI-Small,amlc_00746,e_4289966,227290,True,38,4837,True,True,38,,True,True,True,True,True,True
HI-Small,amlc_00747,e_4290141,227465,True,111,13036,True,True,111,,True,True,True,True,True,True
HI-Small,amlc_00748,e_4290217,227541,True,9,1682,True,True,9,,True,True,True,True,True,True
HI-Small,amlc_00749,e_4290410,227734,True,215,24679,True,True,215,,True,True,True,True,True,True
HI-Small,amlc_00750,e_4290506,227830,True,1284,146467,True,True,1284,,True,True,True,True,True,True
HI-Small,amlc_00751,e_4290544,227868,True,7,1244,True,True,7,,True,True,True,True,True,True
HI-Small,amlc_00752,e_4290831,228155,True,931,117647,True,True,931,,True,True,True,True,True,True
HI-Small,amlc_00753,e_4291820,229144,True,307,36575,True,True,307,,True,True,True,True,True,True
HI-Small,amlc_00754,e_4292479,229803,True,308,36412,True,True,308,,True,True,True,True,True,True
HI-Small,amlc_00755,e_4292897,230221,True,76,9599,True,True,76,,True,True,True,True,True,True
HI-Small,amlc_00756,e_4293125,230449,False,2434,283659,True,False,2434,e_5069334,True,True,True,True,True,True
HI-Small,amlc_00757,e_4293206,230530,True,15,2635,True,True,15,,True,True,True,True,True,True
HI-Small,amlc_00758,e_4293432,230756,True,166,20431,True,True,166,,True,True,True,True,True,True
HI-Small,amlc_00759,e_4293877,231201,True,3,837,True,True,3,,True,True,True,True,True,True
HI-Small,amlc_00760,e_4294059,231383,True,63,9027,True,True,63,,True,True,True,True,True,True
HI-Small,amlc_00761,e_4294283,231607,True,193,24548,True,True,193,,True,True,True,True,True,True
HI-Small,amlc_00762,e_4294336,231660,True,47,6431,True,True,47,,True,True,True,True,True,True
HI-Small,amlc_00763,e_4294448,231772,True,2274,287536,True,True,2274,,True,True,True,True,True,True
HI-Small,amlc_00764,e_4294491,231815,True,8,1775,True,True,8,,True,True,True,True,True,True
HI-Small,amlc_00765,e_4295073,232397,False,2331,281661,True,False,2331,e_5077871,True,True,True,True,True,True
HI-Small,amlc_00766,e_4295199,232523,True,27,3790,True,True,27,,True,True,True,True,True,True
HI-Small,amlc_00767,e_4295293,232617,True,114,14476,True,True,114,,True,True,True,True,True,True
HI-Small,amlc_00768,e_4295367,232691,True,4,951,True,True,4,,True,True,True,True,True,True
HI-Small,amlc_00769,e_4296199,233523,True,7,1374,True,True,7,,True,True,True,True,True,True
HI-Small,amlc_00770,e_4296363,233687,True,865,104867,True,True,865,,True,True,True,True,True,True
HI-Small,amlc_00771,e_4296409,233733,True,55,7210,True,True,55,,True,True,True,True,True,True
HI-Small,amlc_00772,e_4296462,233786,True,854,104625,True,True,854,,True,True,True,True,True,True
HI-Small,amlc_00773,e_4296463,233787,True,1109,134270,True,True,1109,,True,True,True,True,True,True
HI-Small,amlc_00774,e_4296464,233788,True,904,110302,True,True,904,,True,True,True,True,True,True
HI-Small,amlc_00775,e_4296465,233789,True,328,40839,True,True,328,,True,True,True,True,True,True
HI-Small,amlc_00776,e_4297267,234591,True,282,34913,True,True,282,,True,True,True,True,True,True
HI-Small,amlc_00777,e_4297534,234858,True,882,106320,True,True,882,,True,True,True,True,True,True
HI-Small,amlc_00778,e_4297595,234919,True,49,6229,True,True,49,,True,True,True,True,True,True
HI-Small,amlc_00779,e_4297720,235044,True,817,98129,True,True,817,,True,True,True,True,True,True
HI-Small,amlc_00780,e_4297812,235136,True,38,5184,True,True,38,,True,True,True,True,True,True
HI-Small,amlc_00781,e_4298096,235420,True,63,9063,True,True,63,,True,True,True,True,True,True
HI-Small,amlc_00782,e_4298422,235746,True,8,1480,True,True,8,,True,True,True,True,True,True
HI-Small,amlc_00783,e_4300205,237529,True,751,90366,True,True,751,,True,True,True,True,True,True
HI-Small,amlc_00784,e_4300337,237661,True,14,2383,True,True,14,,True,True,True,True,True,True
HI-Small,amlc_00785,e_4300703,238027,False,1888,227314,True,False,1888,e_5075456,True,True,True,True,True,True
HI-Small,amlc_00786,e_4300729,238053,True,714,85950,True,True,714,,True,True,True,True,True,True
HI-Small,amlc_00787,e_4300879,238203,True,118,14341,True,True,118,,True,True,True,True,True,True
HI-Small,amlc_00788,e_4301012,238336,True,22,3770,True,True,22,,True,True,True,True,True,True
HI-Small,amlc_00789,e_4301559,238883,True,276,34925,True,True,276,,True,True,True,True,True,True
HI-Small,amlc_00790,e_4301645,238969,False,2249,270844,True,False,2249,e_5074862,True,True,True,True,True,True
HI-Small,amlc_00791,e_4302571,239895,True,528,60997,True,True,528,,True,True,True,True,True,True
HI-Small,amlc_00792,e_4302887,240211,True,377,44624,True,True,377,,True,True,True,True,True,True
HI-Small,amlc_00793,e_4303219,240543,True,411,47993,True,True,411,,True,True,True,True,True,True
HI-Small,amlc_00794,e_4304896,242220,True,601,71914,True,True,601,,True,True,True,True,True,True
HI-Small,amlc_00795,e_4305150,242474,True,47,5870,True,True,47,,True,True,True,True,True,True
HI-Small,amlc_00796,e_4305327,242651,True,248,30087,True,True,248,,True,True,True,True,True,True
HI-Small,amlc_00797,e_4305991,243315,True,632,73481,True,True,632,,True,True,True,True,True,True
HI-Small,amlc_00798,e_4306103,243427,True,62,7861,True,True,62,,True,True,True,True,True,True
HI-Small,amlc_00799,e_4306525,243849,True,6,1156,True,True,6,,True,True,True,True,True,True
HI-Small,amlc_00800,e_4306889,244213,True,88,11798,True,True,88,,True,True,True,True,True,True
HI-Small,amlc_00801,e_4306937,244261,True,1012,119815,True,True,1012,,True,True,True,True,True,True
HI-Small,amlc_00802,e_4307688,245012,True,874,110813,True,True,874,,True,True,True,True,True,True
HI-Small,amlc_00803,e_4307783,245107,False,2501,316227,True,False,2501,e_5077647,True,True,True,True,True,True
HI-Small,amlc_00804,e_4307928,245252,True,144,19267,True,True,144,,True,True,True,True,True,True
HI-Small,amlc_00805,e_4308710,246034,True,3,843,True,True,3,,True,True,True,True,True,True
HI-Small,amlc_00806,e_4308752,246076,True,48,6318,True,True,48,,True,True,True,True,True,True
HI-Small,amlc_00807,e_4308888,246212,True,118,15185,True,True,118,,True,True,True,True,True,True
HI-Small,amlc_00808,e_4309135,246459,True,66,8947,True,True,66,,True,True,True,True,True,True
HI-Small,amlc_00809,e_4309674,246998,True,549,68387,True,True,549,,True,True,True,True,True,True
HI-Small,amlc_00810,e_4309709,247033,True,771,94309,True,True,771,,True,True,True,True,True,True
HI-Small,amlc_00811,e_4310006,247330,True,299,33815,True,True,299,,True,True,True,True,True,True
HI-Small,amlc_00812,e_4310026,247350,True,241,27561,True,True,241,,True,True,True,True,True,True
HI-Small,amlc_00813,e_4310258,247582,True,1114,132067,True,True,1114,,True,True,True,True,True,True
HI-Small,amlc_00814,e_4310688,248012,True,4,1053,True,True,4,,True,True,True,True,True,True
HI-Small,amlc_00815,e_4310831,248155,False,2267,272305,True,False,2267,e_5067534,True,True,True,True,True,True
HI-Small,amlc_00816,e_4311718,249042,True,108,13063,True,True,108,,True,True,True,True,True,True
HI-Small,amlc_00817,e_4312147,249471,True,408,50686,True,True,408,,True,True,True,True,True,True
HI-Small,amlc_00818,e_4312151,249475,True,68,8642,True,True,68,,True,True,True,True,True,True
HI-Small,amlc_00819,e_4312950,250274,True,134,17777,True,True,134,,True,True,True,True,True,True
HI-Small,amlc_00820,e_4313267,250591,False,2490,296274,True,False,2490,e_5075693,True,True,True,True,True,True
HI-Small,amlc_00821,e_4313478,250802,True,19,3255,True,True,19,,True,True,True,True,True,True
HI-Small,amlc_00822,e_4313527,250851,True,603,74448,True,True,603,,True,True,True,True,True,True
HI-Small,amlc_00823,e_4313554,250878,True,57,8249,True,True,57,,True,True,True,True,True,True
HI-Small,amlc_00824,e_4313688,251012,True,60,9866,True,True,60,,True,True,True,True,True,True
HI-Small,amlc_00825,e_4313809,251133,False,2045,244345,True,False,2045,e_5067972,True,True,True,True,True,True
HI-Small,amlc_00826,e_4313903,251227,True,174,22027,True,True,174,,True,True,True,True,True,True
HI-Small,amlc_00827,e_4314052,251376,True,215,26858,True,True,215,,True,True,True,True,True,True
HI-Small,amlc_00828,e_4314380,251704,True,48,8123,True,True,48,,True,True,True,True,True,True
HI-Small,amlc_00829,e_4314605,251929,True,33,5723,True,True,33,,True,True,True,True,True,True
HI-Small,amlc_00830,e_4315616,252940,True,817,93593,True,True,817,,True,True,True,True,True,True
HI-Small,amlc_00831,e_4315617,252941,True,1529,173185,True,True,1529,,True,True,True,True,True,True
HI-Small,amlc_00832,e_4315619,252943,True,869,99504,True,True,869,,True,True,True,True,True,True
HI-Small,amlc_00833,e_4315620,252944,True,1173,132908,True,True,1173,,True,True,True,True,True,True
HI-Small,amlc_00834,e_4315621,252945,True,310,35818,True,True,310,,True,True,True,True,True,True
HI-Small,amlc_00835,e_4315623,252947,True,591,68651,True,True,591,,True,True,True,True,True,True
HI-Small,amlc_00836,e_4315624,252948,True,1489,170649,True,True,1489,,True,True,True,True,True,True
HI-Small,amlc_00837,e_4315625,252949,True,1062,121923,True,True,1062,,True,True,True,True,True,True
HI-Small,amlc_00838,e_4315626,252950,True,1673,190673,True,True,1673,,True,True,True,True,True,True
HI-Small,amlc_00839,e_4315627,252951,True,1997,228018,True,True,1997,,True,True,True,True,True,True
HI-Small,amlc_00840,e_4315676,253000,False,2261,259286,True,False,2261,e_4569308,True,True,True,True,True,True
HI-Small,amlc_00841,e_4315732,253056,True,239,29032,True,True,239,,True,True,True,True,True,True
HI-Small,amlc_00842,e_4315845,253169,True,21,3217,True,True,21,,True,True,True,True,True,True
HI-Small,amlc_00843,e_4316125,253449,True,376,47036,True,True,376,,True,True,True,True,True,True
HI-Small,amlc_00844,e_4316393,253717,False,2477,283993,True,False,2477,e_3742886,True,True,True,True,True,True
HI-Small,amlc_00845,e_4317094,254418,True,233,29061,True,True,233,,True,True,True,True,True,True
HI-Small,amlc_00846,e_4317307,254631,True,231,27199,True,True,231,,True,True,True,True,True,True
HI-Small,amlc_00847,e_4318083,255407,True,45,5546,True,True,45,,True,True,True,True,True,True
HI-Small,amlc_00848,e_4318269,255593,False,2068,238860,True,False,2068,e_5024776,True,True,True,True,True,True
HI-Small,amlc_00849,e_4318310,255634,True,41,5093,True,True,41,,True,True,True,True,True,True
HI-Small,amlc_00850,e_4318438,255762,True,22,3371,True,True,22,,True,True,True,True,True,True
HI-Small,amlc_00851,e_4318643,255967,True,113,13882,True,True,113,,True,True,True,True,True,True
HI-Small,amlc_00852,e_4318713,256037,True,317,36644,True,True,317,,True,True,True,True,True,True
HI-Small,amlc_00853,e_4318841,256165,True,1068,123199,True,True,1068,,True,True,True,True,True,True
HI-Small,amlc_00854,e_4318878,256202,True,1390,162244,True,True,1390,,True,True,True,True,True,True
HI-Small,amlc_00855,e_4319191,256515,True,288,34276,True,True,288,,True,True,True,True,True,True
HI-Small,amlc_00856,e_4319415,256739,True,429,51132,True,True,429,,True,True,True,True,True,True
HI-Small,amlc_00857,e_4321292,258616,True,8,1645,True,True,8,,True,True,True,True,True,True
HI-Small,amlc_00858,e_4321416,258740,True,333,41662,True,True,333,,True,True,True,True,True,True
HI-Small,amlc_00859,e_4322566,259890,True,48,6278,True,True,48,,True,True,True,True,True,True
HI-Small,amlc_00860,e_4322605,259929,True,382,45765,True,True,382,,True,True,True,True,True,True
HI-Small,amlc_00861,e_4322739,260063,False,2341,283181,True,False,2341,e_5074227,True,True,True,True,True,True
HI-Small,amlc_00862,e_4322767,260091,True,133,20111,True,True,133,,True,True,True,True,True,True
HI-Small,amlc_00863,e_4322868,260192,True,25,3654,True,True,25,,True,True,True,True,True,True
HI-Small,amlc_00864,e_4323402,260726,False,1897,229575,True,False,1897,e_5074862,True,True,True,True,True,True
HI-Small,amlc_00865,e_4323589,260913,True,20,3111,True,True,20,,True,True,True,True,True,True
HI-Small,amlc_00866,e_4323919,261243,True,468,56190,True,True,468,,True,True,True,True,True,True
HI-Small,amlc_00867,e_4323975,261299,True,786,95348,True,True,786,,True,True,True,True,True,True
HI-Small,amlc_00868,e_4324360,261684,False,2020,241766,True,False,2020,e_5075652,True,True,True,True,True,True
HI-Small,amlc_00869,e_4324660,261984,True,280,33079,True,True,280,,True,True,True,True,True,True
HI-Small,amlc_00870,e_4324881,262205,True,21,2962,True,True,21,,True,True,True,True,True,True
HI-Small,amlc_00871,e_4324892,262216,True,343,39779,True,True,343,,True,True,True,True,True,True
HI-Small,amlc_00872,e_4325509,262833,True,1072,129468,True,True,1072,,True,True,True,True,True,True
HI-Small,amlc_00873,e_4326303,263627,True,6,1264,True,True,6,,True,True,True,True,True,True
HI-Small,amlc_00874,e_4326679,264003,True,27,3656,True,True,27,,True,True,True,True,True,True
HI-Small,amlc_00875,e_4326891,264215,True,166,20420,True,True,166,,True,True,True,True,True,True
HI-Small,amlc_00876,e_4327433,264757,True,8,1492,True,True,8,,True,True,True,True,True,True
HI-Small,amlc_00877,e_4327493,264817,True,46,6568,True,True,46,,True,True,True,True,True,True
HI-Small,amlc_00878,e_4327510,264834,True,826,98884,True,True,826,,True,True,True,True,True,True
HI-Small,amlc_00879,e_4328019,265343,True,1634,185163,True,True,1634,,True,True,True,True,True,True
HI-Small,amlc_00880,e_4328248,265572,True,851,96436,True,True,851,,True,True,True,True,True,True
HI-Small,amlc_00881,e_4328404,265728,True,106,13054,True,True,106,,True,True,True,True,True,True
HI-Small,amlc_00882,e_4328586,265910,True,507,60014,True,True,507,,True,True,True,True,True,True
HI-Small,amlc_00883,e_4328830,266154,True,77,10102,True,True,77,,True,True,True,True,True,True
HI-Small,amlc_00884,e_4329125,266449,False,2294,262628,True,False,2294,e_5072377,True,True,True,True,True,True
HI-Small,amlc_00885,e_4329191,266515,False,1942,222420,True,False,1942,e_4214968,True,True,True,True,True,True
HI-Small,amlc_00886,e_4329245,266569,True,284,34217,True,True,284,,True,True,True,True,True,True
HI-Small,amlc_00887,e_4329458,266782,True,912,104849,True,True,912,,True,True,True,True,True,True
HI-Small,amlc_00888,e_4329709,267033,True,273,32638,True,True,273,,True,True,True,True,True,True
HI-Small,amlc_00889,e_4329804,267128,True,6,1246,True,True,6,,True,True,True,True,True,True
HI-Small,amlc_00890,e_4330019,267343,True,291,33560,True,True,291,,True,True,True,True,True,True
HI-Small,amlc_00891,e_4330534,267858,True,126,16805,True,True,126,,True,True,True,True,True,True
HI-Small,amlc_00892,e_4330570,267894,True,776,89221,True,True,776,,True,True,True,True,True,True
HI-Small,amlc_00893,e_4330801,268125,True,818,93210,True,True,818,,True,True,True,True,True,True
HI-Small,amlc_00894,e_4330884,268208,True,162,19322,True,True,162,,True,True,True,True,True,True
HI-Small,amlc_00895,e_4331166,268490,True,131,15895,True,True,131,,True,True,True,True,True,True
HI-Small,amlc_00896,e_4331556,268880,False,2628,298242,True,False,2628,e_5076986,True,True,True,True,True,True
HI-Small,amlc_00897,e_4331771,269095,True,357,41755,True,True,357,,True,True,True,True,True,True
HI-Small,amlc_00898,e_4331897,269221,True,1213,147807,True,True,1213,,True,True,True,True,True,True
HI-Small,amlc_00899,e_4332084,269408,True,112,13905,True,True,112,,True,True,True,True,True,True
HI-Small,amlc_00900,e_4332865,270189,True,193,22994,True,True,193,,True,True,True,True,True,True
HI-Small,amlc_00901,e_4333567,270891,True,6,1318,True,True,6,,True,True,True,True,True,True
HI-Small,amlc_00902,e_4333902,271226,True,411,52795,True,True,411,,True,True,True,True,True,True
HI-Small,amlc_00903,e_4334165,271489,True,7,1553,True,True,7,,True,True,True,True,True,True
HI-Small,amlc_00904,e_4334320,271644,True,235,29643,True,True,235,,True,True,True,True,True,True
HI-Small,amlc_00905,e_4334776,272100,True,261,31954,True,True,261,,True,True,True,True,True,True
HI-Small,amlc_00906,e_4335676,273000,True,10,1678,True,True,10,,True,True,True,True,True,True
HI-Small,amlc_00907,e_4335869,273193,True,461,54651,True,True,461,,True,True,True,True,True,True
HI-Small,amlc_00908,e_4336174,273498,True,153,18898,True,True,153,,True,True,True,True,True,True
HI-Small,amlc_00909,e_4336473,273797,True,1061,143380,True,True,1061,,True,True,True,True,True,True
HI-Small,amlc_00910,e_4336690,274014,True,2106,251180,True,True,2106,,True,True,True,True,True,True
HI-Small,amlc_00911,e_4336971,274295,True,480,58400,True,True,480,,True,True,True,True,True,True
HI-Small,amlc_00912,e_4337093,274417,True,399,48617,True,True,399,,True,True,True,True,True,True
HI-Small,amlc_00913,e_4337607,274931,False,2565,303965,True,False,2565,e_5068042,True,True,True,True,True,True
HI-Small,amlc_00914,e_4337973,275297,False,1800,216337,True,False,1800,e_5074537,True,True,True,True,True,True
HI-Small,amlc_00915,e_4338107,275431,False,2216,264082,True,False,2216,e_5075228,True,True,True,True,True,True
HI-Small,amlc_00916,e_4338416,275740,True,100,12103,True,True,100,,True,True,True,True,True,True
HI-Small,amlc_00917,e_4338443,275767,True,12,2329,True,True,12,,True,True,True,True,True,True
HI-Small,amlc_00918,e_4338995,276319,True,52,6476,True,True,52,,True,True,True,True,True,True
HI-Small,amlc_00919,e_4339060,276384,True,237,29264,True,True,237,,True,True,True,True,True,True
HI-Small,amlc_00920,e_4339243,276567,True,430,51826,True,True,430,,True,True,True,True,True,True
HI-Small,amlc_00921,e_4339758,277082,True,7,1380,True,True,7,,True,True,True,True,True,True
HI-Small,amlc_00922,e_4341012,278336,True,227,28996,True,True,227,,True,True,True,True,True,True
HI-Small,amlc_00923,e_4341463,278787,True,1083,124486,True,True,1083,,True,True,True,True,True,True
HI-Small,amlc_00924,e_4341524,278848,True,1085,126279,True,True,1085,,True,True,True,True,True,True
HI-Small,amlc_00925,e_4341783,279107,True,384,45135,True,True,384,,True,True,True,True,True,True
HI-Small,amlc_00926,e_4341822,279146,True,336,39417,True,True,336,,True,True,True,True,True,True
HI-Small,amlc_00927,e_4342277,279601,True,631,71714,True,True,631,,True,True,True,True,True,True
HI-Small,amlc_00928,e_4342297,279621,True,627,72723,True,True,627,,True,True,True,True,True,True
HI-Small,amlc_00929,e_4342509,279833,True,35,4653,True,True,35,,True,True,True,True,True,True
HI-Small,amlc_00930,e_4342575,279899,False,2328,266190,True,False,2328,e_5076170,True,True,True,True,True,True
HI-Small,amlc_00931,e_4342629,279953,True,532,60423,True,True,532,,True,True,True,True,True,True
HI-Small,amlc_00932,e_4342737,280061,True,126,16302,True,True,126,,True,True,True,True,True,True
HI-Small,amlc_00933,e_4342913,280237,True,7,1439,True,True,7,,True,True,True,True,True,True
HI-Small,amlc_00934,e_4343086,280410,True,197,23636,True,True,197,,True,True,True,True,True,True
HI-Small,amlc_00935,e_4343126,280450,True,9,1588,True,True,9,,True,True,True,True,True,True
HI-Small,amlc_00936,e_4343735,281059,True,60,7286,True,True,60,,True,True,True,True,True,True
HI-Small,amlc_00937,e_4344518,281842,True,845,96545,True,True,845,,True,True,True,True,True,True
HI-Small,amlc_00938,e_4345241,282565,True,343,40470,True,True,343,,True,True,True,True,True,True
HI-Small,amlc_00939,e_4345659,282983,True,236,27715,True,True,236,,True,True,True,True,True,True
HI-Small,amlc_00940,e_4345866,283190,True,2190,255870,True,True,2190,,True,True,True,True,True,True
HI-Small,amlc_00941,e_4345876,283200,True,6,1246,True,True,6,,True,True,True,True,True,True
HI-Small,amlc_00942,e_4345929,283253,True,1198,140602,True,True,1198,,True,True,True,True,True,True
HI-Small,amlc_00943,e_4346141,283465,True,183,22016,True,True,183,,True,True,True,True,True,True
HI-Small,amlc_00944,e_4346240,283564,True,13,2119,True,True,13,,True,True,True,True,True,True
HI-Small,amlc_00945,e_4346434,283758,True,448,52027,True,True,448,,True,True,True,True,True,True
HI-Small,amlc_00946,e_4347016,284340,True,746,94085,True,True,746,,True,True,True,True,True,True
HI-Small,amlc_00947,e_4347349,284673,True,117,15685,True,True,117,,True,True,True,True,True,True
HI-Small,amlc_00948,e_4347527,284851,True,6,1384,True,True,6,,True,True,True,True,True,True
HI-Small,amlc_00949,e_4347654,284978,True,361,46155,True,True,361,,True,True,True,True,True,True
HI-Small,amlc_00950,e_4347775,285099,True,2958,375025,True,True,2958,,True,True,True,True,True,True
HI-Small,amlc_00951,e_4348679,286003,True,66,8269,True,True,66,,True,True,True,True,True,True
HI-Small,amlc_00952,e_4349099,286423,True,996,120716,True,True,996,,True,True,True,True,True,True
HI-Small,amlc_00953,e_4349170,286494,True,85,11614,True,True,85,,True,True,True,True,True,True
HI-Small,amlc_00954,e_4349450,286774,True,1214,137304,True,True,1214,,True,True,True,True,True,True
HI-Small,amlc_00955,e_4350155,287479,True,806,96003,True,True,806,,True,True,True,True,True,True
HI-Small,amlc_00956,e_4350456,287780,True,308,36676,True,True,308,,True,True,True,True,True,True
HI-Small,amlc_00957,e_4351919,289243,True,287,35487,True,True,287,,True,True,True,True,True,True
HI-Small,amlc_00958,e_4352479,289803,True,135,16506,True,True,135,,True,True,True,True,True,True
HI-Small,amlc_00959,e_4352501,289825,True,19,2864,True,True,19,,True,True,True,True,True,True
HI-Small,amlc_00960,e_4352885,290209,True,1005,121559,True,True,1005,,True,True,True,True,True,True
HI-Small,amlc_00961,e_4352937,290261,True,35,4470,True,True,35,,True,True,True,True,True,True
HI-Small,amlc_00962,e_4353034,290358,True,11,1904,True,True,11,,True,True,True,True,True,True
HI-Small,amlc_00963,e_4353274,290598,True,5,1061,True,True,5,,True,True,True,True,True,True
HI-Small,amlc_00964,e_4353321,290645,True,97,12584,True,True,97,,True,True,True,True,True,True
HI-Small,amlc_00965,e_4353409,290733,True,6,1268,True,True,6,,True,True,True,True,True,True
HI-Small,amlc_00966,e_4353610,290934,True,37,5232,True,True,37,,True,True,True,True,True,True
HI-Small,amlc_00967,e_4353745,291069,True,712,87243,True,True,712,,True,True,True,True,True,True
HI-Small,amlc_00968,e_4354110,291434,False,2387,286247,True,False,2387,e_5074703,True,True,True,True,True,True
HI-Small,amlc_00969,e_4354321,291645,True,5,1162,True,True,5,,True,True,True,True,True,True
HI-Small,amlc_00970,e_4354966,292290,True,17,2703,True,True,17,,True,True,True,True,True,True
HI-Small,amlc_00971,e_4355378,292702,True,200,23324,True,True,200,,True,True,True,True,True,True
HI-Small,amlc_00972,e_4355750,293074,True,361,43141,True,True,361,,True,True,True,True,True,True
HI-Small,amlc_00973,e_4355811,293135,True,211,24956,True,True,211,,True,True,True,True,True,True
HI-Small,amlc_00974,e_4355903,293227,True,143,16962,True,True,143,,True,True,True,True,True,True
HI-Small,amlc_00975,e_4356427,293751,False,2006,231075,True,False,2006,e_5072486,True,True,True,True,True,True
HI-Small,amlc_00976,e_4356459,293783,True,120,14897,True,True,120,,True,True,True,True,True,True
HI-Small,amlc_00977,e_4357014,294338,False,2066,235883,True,False,2066,e_5076342,True,True,True,True,True,True
HI-Small,amlc_00978,e_4358072,295396,True,182,22572,True,True,182,,True,True,True,True,True,True
HI-Small,amlc_00979,e_4358718,296042,True,400,57269,True,True,400,,True,True,True,True,True,True
HI-Small,amlc_00980,e_4359015,296339,True,1105,132511,True,True,1105,,True,True,True,True,True,True
HI-Small,amlc_00981,e_4359095,296419,True,35,4854,True,True,35,,True,True,True,True,True,True
HI-Small,amlc_00982,e_4359700,297024,False,1868,220454,True,False,1868,e_5069566,True,True,True,True,True,True
HI-Small,amlc_00983,e_4360086,297410,False,2129,267237,True,False,2129,e_5069739,True,True,True,True,True,True
HI-Small,amlc_00984,e_4360212,297536,True,7,1527,True,True,7,,True,True,True,True,True,True
HI-Small,amlc_00985,e_4360424,297748,True,862,109702,True,True,862,,True,True,True,True,True,True
HI-Small,amlc_00986,e_4360495,297819,False,2296,290695,True,False,2296,e_5077677,True,True,True,True,True,True
HI-Small,amlc_00987,e_4360502,297826,True,270,35521,True,True,270,,True,True,True,True,True,True
HI-Small,amlc_00988,e_4360623,297947,True,860,108789,True,True,860,,True,True,True,True,True,True
HI-Small,amlc_00989,e_4361199,298523,True,80,11652,True,True,80,,True,True,True,True,True,True
HI-Small,amlc_00990,e_4361875,299199,True,502,61750,True,True,502,,True,True,True,True,True,True
HI-Small,amlc_00991,e_4361978,299302,True,9,1581,True,True,9,,True,True,True,True,True,True
HI-Small,amlc_00992,e_4362644,299968,True,107,14169,True,True,107,,True,True,True,True,True,True
HI-Small,amlc_00993,e_4363208,300532,True,1309,153705,True,True,1309,,True,True,True,True,True,True
HI-Small,amlc_00994,e_4363348,300672,True,462,56383,True,True,462,,True,True,True,True,True,True
HI-Small,amlc_00995,e_4363356,300680,False,2158,259559,True,False,2158,e_5071503,True,True,True,True,True,True
HI-Small,amlc_00996,e_4363915,301239,True,658,79562,True,True,658,,True,True,True,True,True,True
HI-Small,amlc_00997,e_4364130,301454,True,1008,121840,True,True,1008,,True,True,True,True,True,True
HI-Small,amlc_00998,e_4364258,301582,True,22,3232,True,True,22,,True,True,True,True,True,True
HI-Small,amlc_00999,e_4366145,303469,True,752,90502,True,True,752,,True,True,True,True,True,True
HI-Small,amlc_01000,e_4366184,303508,True,3,830,True,True,3,,True,True,True,True,True,True
HI-Small,amlc_01001,e_4366455,303779,False,2290,273467,True,False,2290,e_5071517,True,True,True,True,True,True
HI-Small,amlc_01002,e_4367130,304454,True,255,29945,True,True,255,,True,True,True,True,True,True
HI-Small,amlc_01003,e_4367331,304655,True,291,35705,True,True,291,,True,True,True,True,True,True
HI-Small,amlc_01004,e_4367340,304664,True,310,38291,True,True,310,,True,True,True,True,True,True
HI-Small,amlc_01005,e_4368403,305727,True,295,35184,True,True,295,,True,True,True,True,True,True
HI-Small,amlc_01006,e_4369227,306551,True,6,1255,True,True,6,,True,True,True,True,True,True
HI-Small,amlc_01007,e_4370323,307647,True,964,110838,True,True,964,,True,True,True,True,True,True
HI-Small,amlc_01008,e_4370372,307696,True,5,1123,True,True,5,,True,True,True,True,True,True
HI-Small,amlc_01009,e_4370519,307843,True,344,41135,True,True,344,,True,True,True,True,True,True
HI-Small,amlc_01010,e_4370700,308024,True,280,32606,True,True,280,,True,True,True,True,True,True
HI-Small,amlc_01011,e_4371108,308432,True,721,83558,True,True,721,,True,True,True,True,True,True
HI-Small,amlc_01012,e_4372067,309391,True,917,105605,True,True,917,,True,True,True,True,True,True
HI-Small,amlc_01013,e_4372195,309519,True,42,6567,True,True,42,,True,True,True,True,True,True
HI-Small,amlc_01014,e_4372489,309813,True,350,41486,True,True,350,,True,True,True,True,True,True
HI-Small,amlc_01015,e_4372493,309817,True,1072,125698,True,True,1072,,True,True,True,True,True,True
HI-Small,amlc_01016,e_4373166,310490,True,15,2405,True,True,15,,True,True,True,True,True,True
HI-Small,amlc_01017,e_4373215,310539,True,388,45800,True,True,388,,True,True,True,True,True,True
HI-Small,amlc_01018,e_4373392,310716,True,401,48853,True,True,401,,True,True,True,True,True,True
HI-Small,amlc_01019,e_4373808,311132,True,44,6188,True,True,44,,True,True,True,True,True,True
HI-Small,amlc_01020,e_4373988,311312,True,10,1996,True,True,10,,True,True,True,True,True,True
HI-Small,amlc_01021,e_4374289,311613,True,832,107331,True,True,832,,True,True,True,True,True,True
HI-Small,amlc_01022,e_4374303,311627,True,822,105630,True,True,822,,True,True,True,True,True,True
HI-Small,amlc_01023,e_4374556,311880,True,724,89847,True,True,724,,True,True,True,True,True,True
HI-Small,amlc_01024,e_4374811,312135,True,39,5574,True,True,39,,True,True,True,True,True,True
HI-Small,amlc_01025,e_4374896,312220,True,668,81145,True,True,668,,True,True,True,True,True,True
HI-Small,amlc_01026,e_4375007,312331,True,165,21478,True,True,165,,True,True,True,True,True,True
HI-Small,amlc_01027,e_4375305,312629,True,99,13079,True,True,99,,True,True,True,True,True,True
HI-Small,amlc_01028,e_4375532,312856,True,22,3222,True,True,22,,True,True,True,True,True,True
HI-Small,amlc_01029,e_4376167,313491,True,300,38073,True,True,300,,True,True,True,True,True,True
HI-Small,amlc_01030,e_4376200,313524,True,1529,182514,True,True,1529,,True,True,True,True,True,True
HI-Small,amlc_01031,e_4376201,313525,True,950,113331,True,True,950,,True,True,True,True,True,True
HI-Small,amlc_01032,e_4376202,313526,True,1424,170231,True,True,1424,,True,True,True,True,True,True
HI-Small,amlc_01033,e_4376203,313527,True,652,79475,True,True,652,,True,True,True,True,True,True
HI-Small,amlc_01034,e_4376205,313529,True,1196,144511,True,True,1196,,True,True,True,True,True,True
HI-Small,amlc_01035,e_4376207,313531,True,929,111872,True,True,929,,True,True,True,True,True,True
HI-Small,amlc_01036,e_4376208,313532,True,898,107925,True,True,898,,True,True,True,True,True,True
HI-Small,amlc_01037,e_4376258,313582,True,301,35283,True,True,301,,True,True,True,True,True,True
HI-Small,amlc_01038,e_4376260,313584,True,207,23319,True,True,207,,True,True,True,True,True,True
HI-Small,amlc_01039,e_4376682,314006,True,17,2802,True,True,17,,True,True,True,True,True,True
HI-Small,amlc_01040,e_4376896,314220,False,3007,360886,True,False,3007,e_4550080,True,True,True,True,True,True
HI-Small,amlc_01041,e_4377305,314629,True,214,25138,True,True,214,,True,True,True,True,True,True
HI-Small,amlc_01042,e_4377655,314979,True,62,9535,True,True,62,,True,True,True,True,True,True
HI-Small,amlc_01043,e_4378142,315466,True,268,32284,True,True,268,,True,True,True,True,True,True
HI-Small,amlc_01044,e_4379112,316436,True,260,31365,True,True,260,,True,True,True,True,True,True
HI-Small,amlc_01045,e_4380560,317884,True,299,35852,True,True,299,,True,True,True,True,True,True
HI-Small,amlc_01046,e_4381561,318885,True,981,111452,True,True,981,,True,True,True,True,True,True
HI-Small,amlc_01047,e_4381689,319013,True,267,31024,True,True,267,,True,True,True,True,True,True
HI-Small,amlc_01048,e_4381715,319039,True,959,110161,True,True,959,,True,True,True,True,True,True
HI-Small,amlc_01049,e_4382012,319336,True,546,62401,True,True,546,,True,True,True,True,True,True
HI-Small,amlc_01050,e_4382384,319708,True,378,46203,True,True,378,,True,True,True,True,True,True
HI-Small,amlc_01051,e_4382551,319875,True,670,77480,True,True,670,,True,True,True,True,True,True
HI-Small,amlc_01052,e_4382763,320087,False,2043,234660,True,False,2043,e_4529494,True,True,True,True,True,True
HI-Small,amlc_01053,e_4383021,320345,True,275,31598,True,True,275,,True,True,True,True,True,True
HI-Small,amlc_01054,e_4383205,320529,True,44,5716,True,True,44,,True,True,True,True,True,True
HI-Small,amlc_01055,e_4383832,321156,True,968,109998,True,True,968,,True,True,True,True,True,True
HI-Small,amlc_01056,e_4383954,321278,True,142,18080,True,True,142,,True,True,True,True,True,True
HI-Small,amlc_01057,e_4384117,321441,True,804,93173,True,True,804,,True,True,True,True,True,True
HI-Small,amlc_01058,e_4384596,321920,True,599,68491,True,True,599,,True,True,True,True,True,True
HI-Small,amlc_01059,e_4384820,322144,True,1203,137390,True,True,1203,,True,True,True,True,True,True
HI-Small,amlc_01060,e_4385314,322638,True,495,58636,True,True,495,,True,True,True,True,True,True
HI-Small,amlc_01061,e_4385449,322773,True,234,27752,True,True,234,,True,True,True,True,True,True
HI-Small,amlc_01062,e_4385483,322807,True,92,11590,True,True,92,,True,True,True,True,True,True
HI-Small,amlc_01063,e_4385807,323131,True,224,26537,True,True,224,,True,True,True,True,True,True
HI-Small,amlc_01064,e_4386046,323370,True,28,3890,True,True,28,,True,True,True,True,True,True
HI-Small,amlc_01065,e_4386426,323750,True,25,3721,True,True,25,,True,True,True,True,True,True
HI-Small,amlc_01066,e_4386929,324253,True,320,41162,True,True,320,,True,True,True,True,True,True
HI-Small,amlc_01067,e_4387397,324721,True,385,48014,True,True,385,,True,True,True,True,True,True
HI-Small,amlc_01068,e_4387559,324883,True,170,21021,True,True,170,,True,True,True,True,True,True
HI-Small,amlc_01069,e_4387595,324919,True,286,36863,True,True,286,,True,True,True,True,True,True
HI-Small,amlc_01070,e_4387749,325073,True,205,26171,True,True,205,,True,True,True,True,True,True
HI-Small,amlc_01071,e_4388547,325871,True,346,42222,True,True,346,,True,True,True,True,True,True
HI-Small,amlc_01072,e_4388639,325963,True,46,6675,True,True,46,,True,True,True,True,True,True
HI-Small,amlc_01073,e_4388735,326059,True,175,22514,True,True,175,,True,True,True,True,True,True
HI-Small,amlc_01074,e_4388892,326216,True,29,3836,True,True,29,,True,True,True,True,True,True
HI-Small,amlc_01075,e_4389275,326599,False,2091,253058,True,False,2091,e_4958161,True,True,True,True,True,True
HI-Small,amlc_01076,e_4389486,326810,True,120,15325,True,True,120,,True,True,True,True,True,True
HI-Small,amlc_01077,e_4389487,326811,True,101,12538,True,True,101,,True,True,True,True,True,True
HI-Small,amlc_01078,e_4389503,326827,True,221,28638,True,True,221,,True,True,True,True,True,True
HI-Small,amlc_01079,e_4389505,326829,True,767,91166,True,True,767,,True,True,True,True,True,True
HI-Small,amlc_01080,e_4389507,326831,True,151,22037,True,True,151,,True,True,True,True,True,True
HI-Small,amlc_01081,e_4389509,326833,True,811,98376,True,True,811,,True,True,True,True,True,True
HI-Small,amlc_01082,e_4389511,326835,True,282,34881,True,True,282,,True,True,True,True,True,True
HI-Small,amlc_01083,e_4389513,326837,True,47,7089,True,True,47,,True,True,True,True,True,True
HI-Small,amlc_01084,e_4389515,326839,True,143,18135,True,True,143,,True,True,True,True,True,True
HI-Small,amlc_01085,e_4389517,326841,True,597,70120,True,True,597,,True,True,True,True,True,True
HI-Small,amlc_01086,e_4389519,326843,True,164,24422,True,True,164,,True,True,True,True,True,True
HI-Small,amlc_01087,e_4389521,326845,True,122,15852,True,True,122,,True,True,True,True,True,True
HI-Small,amlc_01088,e_4389523,326847,True,78,11060,True,True,78,,True,True,True,True,True,True
HI-Small,amlc_01089,e_4389813,327137,True,95,11371,True,True,95,,True,True,True,True,True,True
HI-Small,amlc_01090,e_4391137,328461,True,413,49195,True,True,413,,True,True,True,True,True,True
HI-Small,amlc_01091,e_4391192,328516,True,172,20965,True,True,172,,True,True,True,True,True,True
HI-Small,amlc_01092,e_4391617,328941,True,10,1704,True,True,10,,True,True,True,True,True,True
HI-Small,amlc_01093,e_4391714,329038,True,839,99357,True,True,839,,True,True,True,True,True,True
HI-Small,amlc_01094,e_4391809,329133,True,494,63345,True,True,494,,True,True,True,True,True,True
HI-Small,amlc_01095,e_4391842,329166,True,652,76862,True,True,652,,True,True,True,True,True,True
HI-Small,amlc_01096,e_4392605,329929,True,81,12199,True,True,81,,True,True,True,True,True,True
HI-Small,amlc_01097,e_4392996,330320,False,2386,284376,True,False,2386,e_5075060,True,True,True,True,True,True
HI-Small,amlc_01098,e_4393178,330502,True,110,15761,True,True,110,,True,True,True,True,True,True
HI-Small,amlc_01099,e_4393585,330909,True,152,18439,True,True,152,,True,True,True,True,True,True
HI-Small,amlc_01100,e_4393956,331280,True,942,112987,True,True,942,,True,True,True,True,True,True
HI-Small,amlc_01101,e_4394085,331409,True,7,1401,True,True,7,,True,True,True,True,True,True
HI-Small,amlc_01102,e_4394105,331429,False,2159,260349,True,False,2159,e_4569294,True,True,True,True,True,True
HI-Small,amlc_01103,e_4394525,331849,True,37,4869,True,True,37,,True,True,True,True,True,True
HI-Small,amlc_01104,e_4394791,332115,False,2069,247188,True,False,2069,e_5070960,True,True,True,True,True,True
HI-Small,amlc_01105,e_4395229,332553,True,323,37740,True,True,323,,True,True,True,True,True,True
HI-Small,amlc_01106,e_4395269,332593,True,1388,159510,True,True,1388,,True,True,True,True,True,True
HI-Small,amlc_01107,e_4396310,333634,True,563,65539,True,True,563,,True,True,True,True,True,True
HI-Small,amlc_01108,e_4396651,333975,True,378,44451,True,True,378,,True,True,True,True,True,True
HI-Small,amlc_01109,e_4396815,334139,True,103,12221,True,True,103,,True,True,True,True,True,True
HI-Small,amlc_01110,e_4396920,334244,True,187,22474,True,True,187,,True,True,True,True,True,True
HI-Small,amlc_01111,e_4396949,334273,True,311,37066,True,True,311,,True,True,True,True,True,True
HI-Small,amlc_01112,e_4397036,334360,False,2409,275944,True,False,2409,e_5076513,True,True,True,True,True,True
HI-Small,amlc_01113,e_4397101,334425,False,2187,249339,True,False,2187,e_2928636,True,True,True,True,True,True
HI-Small,amlc_01114,e_4397649,334973,True,267,32114,True,True,267,,True,True,True,True,True,True
HI-Small,amlc_01115,e_4397899,335223,True,233,27046,True,True,233,,True,True,True,True,True,True
HI-Small,amlc_01116,e_4397904,335228,True,213,25390,True,True,213,,True,True,True,True,True,True
HI-Small,amlc_01117,e_4398038,335362,True,757,87435,True,True,757,,True,True,True,True,True,True
HI-Small,amlc_01118,e_4398386,335710,True,329,39025,True,True,329,,True,True,True,True,True,True
HI-Small,amlc_01119,e_4398512,335836,True,58,7131,True,True,58,,True,True,True,True,True,True
HI-Small,amlc_01120,e_4398888,336212,False,2257,257545,True,False,2257,e_5077010,True,True,True,True,True,True
HI-Small,amlc_01121,e_4399074,336398,True,508,60322,True,True,508,,True,True,True,True,True,True
HI-Small,amlc_01122,e_4399111,336435,True,43,5321,True,True,43,,True,True,True,True,True,True
HI-Small,amlc_01123,e_4399514,336838,False,2308,269462,True,False,2308,e_5077158,True,True,True,True,True,True
HI-Small,amlc_01124,e_4399523,336847,True,243,29728,True,True,243,,True,True,True,True,True,True
HI-Small,amlc_01125,e_4400490,337814,True,207,25116,True,True,207,,True,True,True,True,True,True
HI-Small,amlc_01126,e_4400795,338119,True,308,38790,True,True,308,,True,True,True,True,True,True
HI-Small,amlc_01127,e_4400801,338125,False,2649,330125,True,False,2649,e_5077620,True,True,True,True,True,True
HI-Small,amlc_01128,e_4400913,338237,True,7,1443,True,True,7,,True,True,True,True,True,True
HI-Small,amlc_01129,e_4401414,338738,True,781,95722,True,True,781,,True,True,True,True,True,True
HI-Small,amlc_01130,e_4401874,339198,True,295,33557,True,True,295,,True,True,True,True,True,True
HI-Small,amlc_01131,e_4402167,339491,True,10,1838,True,True,10,,True,True,True,True,True,True
HI-Small,amlc_01132,e_4402324,339648,True,5,1052,True,True,5,,True,True,True,True,True,True
HI-Small,amlc_01133,e_4402592,339916,True,72,8998,True,True,72,,True,True,True,True,True,True
HI-Small,amlc_01134,e_4403300,340624,False,2331,264903,True,False,2331,e_5078274,True,True,True,True,True,True
HI-Small,amlc_01135,e_4404065,341389,True,587,70473,True,True,587,,True,True,True,True,True,True
HI-Small,amlc_01136,e_4404936,342260,True,642,78261,True,True,642,,True,True,True,True,True,True
HI-Small,amlc_01137,e_4405133,342457,True,28,3833,True,True,28,,True,True,True,True,True,True
HI-Small,amlc_01138,e_4405215,342539,True,269,32735,True,True,269,,True,True,True,True,True,True
HI-Small,amlc_01139,e_4405335,342659,True,243,29903,True,True,243,,True,True,True,True,True,True
HI-Small,amlc_01140,e_4406292,343616,True,261,31550,True,True,261,,True,True,True,True,True,True
HI-Small,amlc_01141,e_4406670,343994,True,418,49810,True,True,418,,True,True,True,True,True,True
HI-Small,amlc_01142,e_4406734,344058,True,5,1048,True,True,5,,True,True,True,True,True,True
HI-Small,amlc_01143,e_4406735,344059,True,5,1048,True,True,5,,True,True,True,True,True,True
HI-Small,amlc_01144,e_4407120,344444,False,2721,322202,True,False,2721,e_2928642,True,True,True,True,True,True
HI-Small,amlc_01145,e_4407650,344974,True,799,96082,True,True,799,,True,True,True,True,True,True
HI-Small,amlc_01146,e_4407763,345087,True,448,54230,True,True,448,,True,True,True,True,True,True
HI-Small,amlc_01147,e_4408155,345479,True,112,14764,True,True,112,,True,True,True,True,True,True
HI-Small,amlc_01148,e_4408701,346025,True,6,1338,True,True,6,,True,True,True,True,True,True
HI-Small,amlc_01149,e_4408885,346209,False,2280,260414,True,False,2280,e_5076739,True,True,True,True,True,True
HI-Small,amlc_01150,e_4408952,346276,True,228,26160,True,True,228,,True,True,True,True,True,True
HI-Small,amlc_01151,e_4409313,346637,True,3,822,True,True,3,,True,True,True,True,True,True
HI-Small,amlc_01152,e_4409864,347188,True,23,3293,True,True,23,,True,True,True,True,True,True
HI-Small,amlc_01153,e_4410467,347791,True,189,22960,True,True,189,,True,True,True,True,True,True
HI-Small,amlc_01154,e_4410494,347818,False,2186,250790,True,False,2186,e_5060066,True,True,True,True,True,True
HI-Small,amlc_01155,e_4410652,347976,True,147,17440,True,True,147,,True,True,True,True,True,True
HI-Small,amlc_01156,e_4410698,348022,True,9,1667,True,True,9,,True,True,True,True,True,True
HI-Small,amlc_01157,e_4410766,348090,True,34,4465,True,True,34,,True,True,True,True,True,True
HI-Small,amlc_01158,e_4410936,348260,True,3,811,True,True,3,,True,True,True,True,True,True
HI-Small,amlc_01159,e_4411018,348342,True,729,87295,True,True,729,,True,True,True,True,True,True
HI-Small,amlc_01160,e_4411436,348760,True,99,11704,True,True,99,,True,True,True,True,True,True
HI-Small,amlc_01161,e_4411891,349215,True,57,7403,True,True,57,,True,True,True,True,True,True
HI-Small,amlc_01162,e_4412417,349741,True,350,41249,True,True,350,,True,True,True,True,True,True
HI-Small,amlc_01163,e_4412661,349985,False,2468,286903,True,False,2468,e_5073145,True,True,True,True,True,True
HI-Small,amlc_01164,e_4412859,350183,True,11,2029,True,True,11,,True,True,True,True,True,True
HI-Small,amlc_01165,e_4414392,351716,True,187,24319,True,True,187,,True,True,True,True,True,True
HI-Small,amlc_01166,e_4414442,351766,True,759,97266,True,True,759,,True,True,True,True,True,True
HI-Small,amlc_01167,e_4415262,352586,True,204,25469,True,True,204,,True,True,True,True,True,True
HI-Small,amlc_01168,e_4415971,353295,True,6,1168,True,True,6,,True,True,True,True,True,True
HI-Small,amlc_01169,e_4416441,353765,False,2501,301308,True,False,2501,e_4958161,True,True,True,True,True,True
HI-Small,amlc_01170,e_4416629,353953,False,2489,281996,True,False,2489,e_5078295,True,True,True,True,True,True
HI-Small,amlc_01171,e_4416674,353998,True,458,53333,True,True,458,,True,True,True,True,True,True
HI-Small,amlc_01172,e_4416848,354172,True,1766,208403,True,True,1766,,True,True,True,True,True,True
HI-Small,amlc_01173,e_4416849,354173,True,1958,230125,True,True,1958,,True,True,True,True,True,True
HI-Small,amlc_01174,e_4416861,354185,False,2283,274467,True,False,2283,e_3625796,True,True,True,True,True,True
HI-Small,amlc_01175,e_4417396,354720,True,373,44739,True,True,373,,True,True,True,True,True,True
HI-Small,amlc_01176,e_4417927,355251,True,17,2801,True,True,17,,True,True,True,True,True,True
HI-Small,amlc_01177,e_4418659,355983,True,25,3632,True,True,25,,True,True,True,True,True,True
HI-Small,amlc_01178,e_4419194,356518,True,4,965,True,True,4,,True,True,True,True,True,True
HI-Small,amlc_01179,e_4419872,357196,True,333,39795,True,True,333,,True,True,True,True,True,True
HI-Small,amlc_01180,e_4420008,357332,True,19,2822,True,True,19,,True,True,True,True,True,True
HI-Small,amlc_01181,e_4420029,357353,True,9,1604,True,True,9,,True,True,True,True,True,True
HI-Small,amlc_01182,e_4420768,358092,True,746,92915,True,True,746,,True,True,True,True,True,True
HI-Small,amlc_01183,e_4421253,358577,True,711,86540,True,True,711,,True,True,True,True,True,True
HI-Small,amlc_01184,e_4421545,358869,True,143,18325,True,True,143,,True,True,True,True,True,True
HI-Small,amlc_01185,e_4421680,359004,True,133,17017,True,True,133,,True,True,True,True,True,True
HI-Small,amlc_01186,e_4421682,359006,True,256,31314,True,True,256,,True,True,True,True,True,True
HI-Small,amlc_01187,e_4421683,359007,True,133,17017,True,True,133,,True,True,True,True,True,True
HI-Small,amlc_01188,e_4421685,359009,True,68,8773,True,True,68,,True,True,True,True,True,True
HI-Small,amlc_01189,e_4421687,359011,True,133,17017,True,True,133,,True,True,True,True,True,True
HI-Small,amlc_01190,e_4421689,359013,True,1025,124210,True,True,1025,,True,True,True,True,True,True
HI-Small,amlc_01191,e_4421719,359043,True,2248,254672,True,True,2248,,True,True,True,True,True,True
HI-Small,amlc_01192,e_4421847,359171,True,253,29573,True,True,253,,True,True,True,True,True,True
HI-Small,amlc_01193,e_4422181,359505,False,2225,255256,True,False,2225,e_5076462,True,True,True,True,True,True
HI-Small,amlc_01194,e_4422222,359546,True,64,8826,True,True,64,,True,True,True,True,True,True
HI-Small,amlc_01195,e_4422622,359946,True,378,43554,True,True,378,,True,True,True,True,True,True
HI-Small,amlc_01196,e_4422723,360047,False,2460,281748,True,False,2460,e_5076708,True,True,True,True,True,True
HI-Small,amlc_01197,e_4422775,360099,True,2,702,True,True,2,,True,True,True,True,True,True
HI-Small,amlc_01198,e_4423130,360454,True,482,54054,True,True,482,,True,True,True,True,True,True
HI-Small,amlc_01199,e_4423407,360731,True,357,41674,True,True,357,,True,True,True,True,True,True
HI-Small,amlc_01200,e_4423607,360931,True,951,110034,True,True,951,,True,True,True,True,True,True
HI-Small,amlc_01201,e_4423860,361184,True,202,23458,True,True,202,,True,True,True,True,True,True
HI-Small,amlc_01202,e_4423899,361223,True,613,71801,True,True,613,,True,True,True,True,True,True
HI-Small,amlc_01203,e_4423978,361302,True,217,25531,True,True,217,,True,True,True,True,True,True
HI-Small,amlc_01204,e_4424492,361816,True,187,21661,True,True,187,,True,True,True,True,True,True
HI-Small,amlc_01205,e_4424991,362315,True,132,15926,True,True,132,,True,True,True,True,True,True
HI-Small,amlc_01206,e_4425255,362579,True,342,39379,True,True,342,,True,True,True,True,True,True
HI-Small,amlc_01207,e_4425442,362766,True,329,40877,True,True,329,,True,True,True,True,True,True
HI-Small,amlc_01208,e_4425871,363195,False,2495,289545,True,False,2495,e_5077187,True,True,True,True,True,True
HI-Small,amlc_01209,e_4426243,363567,True,85,12092,True,True,85,,True,True,True,True,True,True
HI-Small,amlc_01210,e_4426292,363616,True,478,55880,True,True,478,,True,True,True,True,True,True
HI-Small,amlc_01211,e_4426628,363952,True,527,62724,True,True,527,,True,True,True,True,True,True
HI-Small,amlc_01212,e_4426683,364007,True,274,32916,True,True,274,,True,True,True,True,True,True
HI-Small,amlc_01213,e_4427143,364467,True,157,20928,True,True,157,,True,True,True,True,True,True
HI-Small,amlc_01214,e_4427352,364676,True,680,86448,True,True,680,,True,True,True,True,True,True
HI-Small,amlc_01215,e_4427558,364882,True,414,54401,True,True,414,,True,True,True,True,True,True
HI-Small,amlc_01216,e_4427777,365101,True,1063,134885,True,True,1063,,True,True,True,True,True,True
HI-Small,amlc_01217,e_4427988,365312,True,22,3197,True,True,22,,True,True,True,True,True,True
HI-Small,amlc_01218,e_4428266,365590,False,2319,279393,True,False,2319,e_5077882,True,True,True,True,True,True
HI-Small,amlc_01219,e_4428913,366237,True,411,49105,True,True,411,,True,True,True,True,True,True
HI-Small,amlc_01220,e_4429356,366680,False,1859,217694,True,False,1859,e_5078081,True,True,True,True,True,True
HI-Small,amlc_01221,e_4429456,366780,True,245,30032,True,True,245,,True,True,True,True,True,True
HI-Small,amlc_01222,e_4429997,367321,True,10,1980,True,True,10,,True,True,True,True,True,True
HI-Small,amlc_01223,e_4430013,367337,True,303,37109,True,True,303,,True,True,True,True,True,True
HI-Small,amlc_01224,e_4430071,367395,True,1159,138491,True,True,1159,,True,True,True,True,True,True
HI-Small,amlc_01225,e_4430358,367682,True,117,14482,True,True,117,,True,True,True,True,True,True
HI-Small,amlc_01226,e_4431025,368349,False,2798,333094,True,False,2798,e_5071731,True,True,True,True,True,True
HI-Small,amlc_01227,e_4431613,368937,False,2082,249525,True,False,2082,e_5070730,True,True,True,True,True,True
HI-Small,amlc_01228,e_4431907,369231,True,921,112308,True,True,921,,True,True,True,True,True,True
HI-Small,amlc_01229,e_4432279,369603,True,24,3290,True,True,24,,True,True,True,True,True,True
HI-Small,amlc_01230,e_4432343,369667,True,202,29922,True,True,202,,True,True,True,True,True,True
HI-Small,amlc_01231,e_4432532,369856,True,157,20130,True,True,157,,True,True,True,True,True,True
HI-Small,amlc_01232,e_4434473,371797,True,313,38533,True,True,313,,True,True,True,True,True,True
HI-Small,amlc_01233,e_4434612,371936,True,6,1175,True,True,6,,True,True,True,True,True,True
HI-Small,amlc_01234,e_4435205,372529,True,98,11803,True,True,98,,True,True,True,True,True,True
HI-Small,amlc_01235,e_4435591,372915,True,1080,123559,True,True,1080,,True,True,True,True,True,True
HI-Small,amlc_01236,e_4435679,373003,True,122,15496,True,True,122,,True,True,True,True,True,True
HI-Small,amlc_01237,e_4436038,373362,True,485,56092,True,True,485,,True,True,True,True,True,True
HI-Small,amlc_01238,e_4436131,373455,True,171,20259,True,True,171,,True,True,True,True,True,True
HI-Small,amlc_01239,e_4436145,373469,True,52,6428,True,True,52,,True,True,True,True,True,True
HI-Small,amlc_01240,e_4436623,373947,True,271,32181,True,True,271,,True,True,True,True,True,True
HI-Small,amlc_01241,e_4436634,373958,True,17,3036,True,True,17,,True,True,True,True,True,True
HI-Small,amlc_01242,e_4436912,374236,True,5,1134,True,True,5,,True,True,True,True,True,True
HI-Small,amlc_01243,e_4437045,374369,True,8,1555,True,True,8,,True,True,True,True,True,True
HI-Small,amlc_01244,e_4437107,374431,True,35,4572,True,True,35,,True,True,True,True,True,True
HI-Small,amlc_01245,e_4437392,374716,True,7,1329,True,True,7,,True,True,True,True,True,True
HI-Small,amlc_01246,e_4437564,374888,True,190,22749,True,True,190,,True,True,True,True,True,True
HI-Small,amlc_01247,e_4437573,374897,True,21,3060,True,True,21,,True,True,True,True,True,True
HI-Small,amlc_01248,e_4437996,375320,True,583,67211,True,True,583,,True,True,True,True,True,True
HI-Small,amlc_01249,e_4438502,375826,True,233,28956,True,True,233,,True,True,True,True,True,True
HI-Small,amlc_01250,e_4438522,375846,True,872,99774,True,True,872,,True,True,True,True,True,True
HI-Small,amlc_01251,e_4438540,375864,True,547,63183,True,True,547,,True,True,True,True,True,True
HI-Small,amlc_01252,e_4438590,375914,True,6,1249,True,True,6,,True,True,True,True,True,True
HI-Small,amlc_01253,e_4438808,376132,True,391,45647,True,True,391,,True,True,True,True,True,True
HI-Small,amlc_01254,e_4439088,376412,True,217,26684,True,True,217,,True,True,True,True,True,True
HI-Small,amlc_01255,e_4439762,377086,True,5,1149,True,True,5,,True,True,True,True,True,True
HI-Small,amlc_01256,e_4440549,377873,True,150,20692,True,True,150,,True,True,True,True,True,True
HI-Small,amlc_01257,e_4442223,379547,True,1064,124096,True,True,1064,,True,True,True,True,True,True
HI-Small,amlc_01258,e_4442427,379751,True,291,33805,True,True,291,,True,True,True,True,True,True
HI-Small,amlc_01259,e_4442775,380099,True,833,102385,True,True,833,,True,True,True,True,True,True
HI-Small,amlc_01260,e_4443298,380622,True,242,28216,True,True,242,,True,True,True,True,True,True
HI-Small,amlc_01261,e_4443339,380663,False,2482,295527,True,False,2482,e_5071907,True,True,True,True,True,True
HI-Small,amlc_01262,e_4443440,380764,True,17,2756,True,True,17,,True,True,True,True,True,True
HI-Small,amlc_01263,e_4443471,380795,True,81,10336,True,True,81,,True,True,True,True,True,True
HI-Small,amlc_01264,e_4443599,380923,True,1117,132933,True,True,1117,,True,True,True,True,True,True
HI-Small,amlc_01265,e_4443605,380929,True,873,104270,True,True,873,,True,True,True,True,True,True
HI-Small,amlc_01266,e_4443618,380942,True,1001,122315,True,True,1001,,True,True,True,True,True,True
HI-Small,amlc_01267,e_4443953,381277,True,1311,156965,True,True,1311,,True,True,True,True,True,True
HI-Small,amlc_01268,e_4444358,381682,True,681,81341,True,True,681,,True,True,True,True,True,True
HI-Small,amlc_01269,e_4444595,381919,True,8,1476,True,True,8,,True,True,True,True,True,True
HI-Small,amlc_01270,e_4444851,382175,False,1961,235810,True,False,1961,e_3863643,True,True,True,True,True,True
HI-Small,amlc_01271,e_4444979,382303,True,201,24754,True,True,201,,True,True,True,True,True,True
HI-Small,amlc_01272,e_4445189,382513,True,307,37330,True,True,307,,True,True,True,True,True,True
HI-Small,amlc_01273,e_4445597,382921,True,358,44528,True,True,358,,True,True,True,True,True,True
HI-Small,amlc_01274,e_4445773,383097,True,78,10154,True,True,78,,True,True,True,True,True,True
HI-Small,amlc_01275,e_4445779,383103,True,44,5865,True,True,44,,True,True,True,True,True,True
HI-Small,amlc_01276,e_4447641,384965,True,426,51226,True,True,426,,True,True,True,True,True,True
HI-Small,amlc_01277,e_4447743,385067,True,334,41101,True,True,334,,True,True,True,True,True,True
HI-Small,amlc_01278,e_4447927,385251,True,161,20577,True,True,161,,True,True,True,True,True,True
HI-Small,amlc_01279,e_4447961,385285,True,6,1265,True,True,6,,True,True,True,True,True,True
HI-Small,amlc_01280,e_4448074,385398,True,4,956,True,True,4,,True,True,True,True,True,True
HI-Small,amlc_01281,e_4448642,385966,True,14,2276,True,True,14,,True,True,True,True,True,True
HI-Small,amlc_01282,e_4449016,386340,True,276,31649,True,True,276,,True,True,True,True,True,True
HI-Small,amlc_01283,e_4449051,386375,True,921,112308,True,True,921,,True,True,True,True,True,True
HI-Small,amlc_01284,e_4449053,386377,True,567,68865,True,True,567,,True,True,True,True,True,True
HI-Small,amlc_01285,e_4449055,386379,True,1472,172276,True,True,1472,,True,True,True,True,True,True
HI-Small,amlc_01286,e_4449057,386381,True,1856,222519,True,True,1856,,True,True,True,True,True,True
HI-Small,amlc_01287,e_4449059,386383,True,1134,136612,True,True,1134,,True,True,True,True,True,True
HI-Small,amlc_01288,e_4449061,386385,True,354,44321,True,True,354,,True,True,True,True,True,True
HI-Small,amlc_01289,e_4449063,386387,True,360,45526,True,True,360,,True,True,True,True,True,True
HI-Small,amlc_01290,e_4449065,386389,True,1488,178951,True,True,1488,,True,True,True,True,True,True
HI-Small,amlc_01291,e_4449067,386391,True,408,52181,True,True,408,,True,True,True,True,True,True
HI-Small,amlc_01292,e_4449069,386393,True,614,74082,True,True,614,,True,True,True,True,True,True
HI-Small,amlc_01293,e_4449071,386395,True,2072,247504,True,True,2072,,True,True,True,True,True,True
HI-Small,amlc_01294,e_4449073,386397,True,2072,247504,True,True,2072,,True,True,True,True,True,True
HI-Small,amlc_01295,e_4449075,386399,True,2072,247504,True,True,2072,,True,True,True,True,True,True
HI-Small,amlc_01296,e_4449077,386401,True,2072,247504,True,True,2072,,True,True,True,True,True,True
HI-Small,amlc_01297,e_4449079,386403,True,2072,247504,True,True,2072,,True,True,True,True,True,True
HI-Small,amlc_01298,e_4449081,386405,True,2072,247504,True,True,2072,,True,True,True,True,True,True
HI-Small,amlc_01299,e_4449083,386407,True,2072,247504,True,True,2072,,True,True,True,True,True,True
HI-Small,amlc_01300,e_4449085,386409,True,2072,247504,True,True,2072,,True,True,True,True,True,True
HI-Small,amlc_01301,e_4449087,386411,True,2072,247504,True,True,2072,,True,True,True,True,True,True
HI-Small,amlc_01302,e_4449089,386413,True,2072,247504,True,True,2072,,True,True,True,True,True,True
HI-Small,amlc_01303,e_4449091,386415,True,2072,247504,True,True,2072,,True,True,True,True,True,True
HI-Small,amlc_01304,e_4449093,386417,True,2072,247504,True,True,2072,,True,True,True,True,True,True
HI-Small,amlc_01305,e_4449144,386468,True,235,28337,True,True,235,,True,True,True,True,True,True
HI-Small,amlc_01306,e_4449698,387022,True,647,74865,True,True,647,,True,True,True,True,True,True
HI-Small,amlc_01307,e_4449716,387040,True,10,1763,True,True,10,,True,True,True,True,True,True
HI-Small,amlc_01308,e_4449754,387078,False,2051,235955,True,False,2051,e_4569300,True,True,True,True,True,True
HI-Small,amlc_01309,e_4450020,387344,False,2099,240920,True,False,2099,e_5075915,True,True,True,True,True,True
HI-Small,amlc_01310,e_4451491,388815,True,137,16776,True,True,137,,True,True,True,True,True,True
HI-Small,amlc_01311,e_4451557,388881,True,4,930,True,True,4,,True,True,True,True,True,True
HI-Small,amlc_01312,e_4451769,389093,True,417,47168,True,True,417,,True,True,True,True,True,True
HI-Small,amlc_01313,e_4452476,389800,True,841,99268,True,True,841,,True,True,True,True,True,True
HI-Small,amlc_01314,e_4452498,389822,True,120,14303,True,True,120,,True,True,True,True,True,True
HI-Small,amlc_01315,e_4453360,390684,True,5,1152,True,True,5,,True,True,True,True,True,True
HI-Small,amlc_01316,e_4453420,390744,False,2360,275937,True,False,2360,e_5077516,True,True,True,True,True,True
HI-Small,amlc_01317,e_4453737,391061,False,2310,287561,True,False,2310,e_5077601,True,True,True,True,True,True
HI-Small,amlc_01318,e_4453783,391107,True,381,47851,True,True,381,,True,True,True,True,True,True
HI-Small,amlc_01319,e_4453849,391173,False,2385,298491,True,False,2385,e_5069772,True,True,True,True,True,True
HI-Small,amlc_01320,e_4454440,391764,True,591,72520,True,True,591,,True,True,True,True,True,True
HI-Small,amlc_01321,e_4454468,391792,True,159,19675,True,True,159,,True,True,True,True,True,True
HI-Small,amlc_01322,e_4454971,392295,True,22,3187,True,True,22,,True,True,True,True,True,True
HI-Small,amlc_01323,e_4455284,392608,True,5,1064,True,True,5,,True,True,True,True,True,True
HI-Small,amlc_01324,e_4456109,393433,True,433,53516,True,True,433,,True,True,True,True,True,True
HI-Small,amlc_01325,e_4456122,393446,True,105,12879,True,True,105,,True,True,True,True,True,True
HI-Small,amlc_01326,e_4456273,393597,True,141,18262,True,True,141,,True,True,True,True,True,True
HI-Small,amlc_01327,e_4456274,393598,True,81,10228,True,True,81,,True,True,True,True,True,True
HI-Small,amlc_01328,e_4457189,394513,True,194,24933,True,True,194,,True,True,True,True,True,True
HI-Small,amlc_01329,e_4458541,395865,True,469,55671,True,True,469,,True,True,True,True,True,True
HI-Small,amlc_01330,e_4458555,395879,False,1777,213915,True,False,1777,e_5063882,True,True,True,True,True,True
HI-Small,amlc_01331,e_4459066,396390,True,26,3528,True,True,26,,True,True,True,True,True,True
HI-Small,amlc_01332,e_4459396,396720,True,17,2528,True,True,17,,True,True,True,True,True,True
HI-Small,amlc_01333,e_4459439,396763,True,91,13709,True,True,91,,True,True,True,True,True,True
HI-Small,amlc_01334,e_4459506,396830,True,108,13364,True,True,108,,True,True,True,True,True,True
HI-Small,amlc_01335,e_4459902,397226,True,447,56181,True,True,447,,True,True,True,True,True,True
HI-Small,amlc_01336,e_4460112,397436,True,9,1607,True,True,9,,True,True,True,True,True,True
HI-Small,amlc_01337,e_4460443,397767,True,47,6209,True,True,47,,True,True,True,True,True,True
HI-Small,amlc_01338,e_4460621,397945,True,41,5595,True,True,41,,True,True,True,True,True,True
HI-Small,amlc_01339,e_4460690,398014,False,2127,254072,True,False,2127,e_5075048,True,True,True,True,True,True
HI-Small,amlc_01340,e_4461350,398674,True,383,49117,True,True,383,,True,True,True,True,True,True
HI-Small,amlc_01341,e_4461572,398896,True,5,1039,True,True,5,,True,True,True,True,True,True
HI-Small,amlc_01342,e_4461822,399146,True,165,20068,True,True,165,,True,True,True,True,True,True
HI-Small,amlc_01343,e_4461970,399294,True,513,58836,True,True,513,,True,True,True,True,True,True
HI-Small,amlc_01344,e_4462417,399741,True,727,83873,True,True,727,,True,True,True,True,True,True
HI-Small,amlc_01345,e_4462855,400179,True,152,19477,True,True,152,,True,True,True,True,True,True
HI-Small,amlc_01346,e_4463197,400521,True,327,37917,True,True,327,,True,True,True,True,True,True
HI-Small,amlc_01347,e_4463607,400931,True,847,96642,True,True,847,,True,True,True,True,True,True
HI-Small,amlc_01348,e_4463782,401106,True,46,6556,True,True,46,,True,True,True,True,True,True
HI-Small,amlc_01349,e_4463802,401126,True,299,36343,True,True,299,,True,True,True,True,True,True
HI-Small,amlc_01350,e_4465583,402907,True,1379,156499,True,True,1379,,True,True,True,True,True,True
HI-Small,amlc_01351,e_4465800,403124,True,354,43024,True,True,354,,True,True,True,True,True,True
HI-Small,amlc_01352,e_4466220,403544,True,421,50078,True,True,421,,True,True,True,True,True,True
HI-Small,amlc_01353,e_4466280,403604,True,8,1478,True,True,8,,True,True,True,True,True,True
HI-Small,amlc_01354,e_4466637,403961,True,83,10660,True,True,83,,True,True,True,True,True,True
HI-Small,amlc_01355,e_4466970,404294,True,442,53882,True,True,442,,True,True,True,True,True,True
HI-Small,amlc_01356,e_4467127,404451,True,1565,183504,True,True,1565,,True,True,True,True,True,True
HI-Small,amlc_01357,e_4467204,404528,True,969,114391,True,True,969,,True,True,True,True,True,True
HI-Small,amlc_01358,e_4467575,404899,True,817,102961,True,True,817,,True,True,True,True,True,True
HI-Small,amlc_01359,e_4467804,405128,True,66,8605,True,True,66,,True,True,True,True,True,True
HI-Small,amlc_01360,e_4468372,405696,True,927,112487,True,True,927,,True,True,True,True,True,True
HI-Small,amlc_01361,e_4468647,405971,True,564,68058,True,True,564,,True,True,True,True,True,True
HI-Small,amlc_01362,e_4468671,405995,False,1905,230640,True,False,1905,e_5074051,True,True,True,True,True,True
HI-Small,amlc_01363,e_4468785,406109,True,275,33971,True,True,275,,True,True,True,True,True,True
HI-Small,amlc_01364,e_4469029,406353,False,1893,229917,True,False,1893,e_5070174,True,True,True,True,True,True
HI-Small,amlc_01365,e_4469925,407249,True,657,79695,True,True,657,,True,True,True,True,True,True
HI-Small,amlc_01366,e_4469976,407300,True,25,3701,True,True,25,,True,True,True,True,True,True
HI-Small,amlc_01367,e_4470178,407502,True,63,7784,True,True,63,,True,True,True,True,True,True
HI-Small,amlc_01368,e_4470429,407753,True,585,69953,True,True,585,,True,True,True,True,True,True
HI-Small,amlc_01369,e_4471082,408406,True,122,14882,True,True,122,,True,True,True,True,True,True
HI-Small,amlc_01370,e_4471645,408969,True,306,37329,True,True,306,,True,True,True,True,True,True
HI-Small,amlc_01371,e_4471838,409162,True,211,25540,True,True,211,,True,True,True,True,True,True
HI-Small,amlc_01372,e_4471900,409224,True,457,55183,True,True,457,,True,True,True,True,True,True
HI-Small,amlc_01373,e_4472020,409344,True,269,33981,True,True,269,,True,True,True,True,True,True
HI-Small,amlc_01374,e_4472447,409771,True,416,49530,True,True,416,,True,True,True,True,True,True
HI-Small,amlc_01375,e_4472449,409773,True,416,49530,True,True,416,,True,True,True,True,True,True
HI-Small,amlc_01376,e_4472648,409972,True,8,1492,True,True,8,,True,True,True,True,True,True
HI-Small,amlc_01377,e_4472685,410009,True,1327,157489,True,True,1327,,True,True,True,True,True,True
HI-Small,amlc_01378,e_4472701,410025,True,249,28566,True,True,249,,True,True,True,True,True,True
HI-Small,amlc_01379,e_4473178,410502,True,167,19991,True,True,167,,True,True,True,True,True,True
HI-Small,amlc_01380,e_4473349,410673,True,237,28364,True,True,237,,True,True,True,True,True,True
HI-Small,amlc_01381,e_4474005,411329,True,63,9321,True,True,63,,True,True,True,True,True,True
HI-Small,amlc_01382,e_4474724,412048,False,2174,260152,True,False,2174,e_5070744,True,True,True,True,True,True
HI-Small,amlc_01383,e_4474747,412071,True,8,1715,True,True,8,,True,True,True,True,True,True
HI-Small,amlc_01384,e_4474803,412127,False,1816,218678,True,False,1816,e_5075410,True,True,True,True,True,True
HI-Small,amlc_01385,e_4474841,412165,True,7,1370,True,True,7,,True,True,True,True,True,True
HI-Small,amlc_01386,e_4475041,412365,True,245,30051,True,True,245,,True,True,True,True,True,True
HI-Small,amlc_01387,e_4475440,412764,True,1254,142340,True,True,1254,,True,True,True,True,True,True
HI-Small,amlc_01388,e_4475549,412873,True,1136,131024,True,True,1136,,True,True,True,True,True,True
HI-Small,amlc_01389,e_4475701,413025,True,552,64338,True,True,552,,True,True,True,True,True,True
HI-Small,amlc_01390,e_4476541,413865,True,73,8970,True,True,73,,True,True,True,True,True,True
HI-Small,amlc_01391,e_4476684,414008,True,5,1025,True,True,5,,True,True,True,True,True,True
HI-Small,amlc_01392,e_4476730,414054,True,667,77544,True,True,667,,True,True,True,True,True,True
HI-Small,amlc_01393,e_4477023,414347,True,201,23343,True,True,201,,True,True,True,True,True,True
HI-Small,amlc_01394,e_4477370,414694,True,273,32872,True,True,273,,True,True,True,True,True,True
HI-Small,amlc_01395,e_4478294,415618,True,543,64522,True,True,543,,True,True,True,True,True,True
HI-Small,amlc_01396,e_4478423,415747,True,5,1054,True,True,5,,True,True,True,True,True,True
HI-Small,amlc_01397,e_4478954,416278,True,21,2891,True,True,21,,True,True,True,True,True,True
HI-Small,amlc_01398,e_4479017,416341,True,248,30087,True,True,248,,True,True,True,True,True,True
HI-Small,amlc_01399,e_4479419,416743,True,154,18245,True,True,154,,True,True,True,True,True,True
HI-Small,amlc_01400,e_4480636,417960,True,969,113994,True,True,969,,True,True,True,True,True,True
HI-Small,amlc_01401,e_4480991,418315,True,588,74171,True,True,588,,True,True,True,True,True,True
HI-Small,amlc_01402,e_4481449,418773,True,891,114000,True,True,891,,True,True,True,True,True,True
HI-Small,amlc_01403,e_4481469,418793,True,85,12077,True,True,85,,True,True,True,True,True,True
HI-Small,amlc_01404,e_4481727,419051,True,956,117631,True,True,956,,True,True,True,True,True,True
HI-Small,amlc_01405,e_4482192,419516,False,2009,244138,True,False,2009,e_5073871,True,True,True,True,True,True
HI-Small,amlc_01406,e_4482657,419981,True,714,86873,True,True,714,,True,True,True,True,True,True
HI-Small,amlc_01407,e_4483258,420582,True,296,34903,True,True,296,,True,True,True,True,True,True
HI-Small,amlc_01408,e_4483537,420861,True,195,24961,True,True,195,,True,True,True,True,True,True
HI-Small,amlc_01409,e_4483538,420862,True,675,80514,True,True,675,,True,True,True,True,True,True
HI-Small,amlc_01410,e_4483540,420864,True,145,18765,True,True,145,,True,True,True,True,True,True
HI-Small,amlc_01411,e_4483542,420866,True,113,15161,True,True,113,,True,True,True,True,True,True
HI-Small,amlc_01412,e_4483544,420868,True,60,7835,True,True,60,,True,True,True,True,True,True
HI-Small,amlc_01413,e_4483546,420870,True,59,7671,True,True,59,,True,True,True,True,True,True
HI-Small,amlc_01414,e_4483548,420872,True,58,7470,True,True,58,,True,True,True,True,True,True
HI-Small,amlc_01415,e_4483550,420874,True,143,17870,True,True,143,,True,True,True,True,True,True
HI-Small,amlc_01416,e_4483551,420875,True,66,8627,True,True,66,,True,True,True,True,True,True
HI-Small,amlc_01417,e_4483581,420905,True,1010,122275,True,True,1010,,True,True,True,True,True,True
HI-Small,amlc_01418,e_4483715,421039,False,2329,263695,True,False,2329,e_5078327,True,True,True,True,True,True
HI-Small,amlc_01419,e_4483871,421195,False,2337,264737,True,False,2337,e_5070620,True,True,True,True,True,True
HI-Small,amlc_01420,e_4484938,422262,False,2356,280752,True,False,2356,e_5071190,True,True,True,True,True,True
HI-Small,amlc_01421,e_4485073,422397,True,871,104802,True,True,871,,True,True,True,True,True,True
HI-Small,amlc_01422,e_4485228,422552,True,1435,170900,True,True,1435,,True,True,True,True,True,True
HI-Small,amlc_01423,e_4485279,422603,True,45,6043,True,True,45,,True,True,True,True,True,True
HI-Small,amlc_01424,e_4485427,422751,True,787,95157,True,True,787,,True,True,True,True,True,True
HI-Small,amlc_01425,e_4485783,423107,True,387,45814,True,True,387,,True,True,True,True,True,True
HI-Small,amlc_01426,e_4486015,423339,True,708,84483,True,True,708,,True,True,True,True,True,True
HI-Small,amlc_01427,e_4486296,423620,True,6,1277,True,True,6,,True,True,True,True,True,True
HI-Small,amlc_01428,e_4487012,424336,True,296,35353,True,True,296,,True,True,True,True,True,True
HI-Small,amlc_01429,e_4487181,424505,True,281,35255,True,True,281,,True,True,True,True,True,True
HI-Small,amlc_01430,e_4488606,425930,True,786,94680,True,True,786,,True,True,True,True,True,True
HI-Small,amlc_01431,e_4489217,426541,False,2175,250525,True,False,2175,e_5056034,True,True,True,True,True,True
HI-Small,amlc_01432,e_4489282,426606,True,115,13940,True,True,115,,True,True,True,True,True,True
HI-Small,amlc_01433,e_4489319,426643,True,626,71978,True,True,626,,True,True,True,True,True,True
HI-Small,amlc_01434,e_4489333,426657,True,1067,122220,True,True,1067,,True,True,True,True,True,True
HI-Small,amlc_01435,e_4489730,427054,True,1340,153298,True,True,1340,,True,True,True,True,True,True
HI-Small,amlc_01436,e_4489845,427169,True,66,8252,True,True,66,,True,True,True,True,True,True
HI-Small,amlc_01437,e_4490422,427746,False,2217,252627,True,False,2217,e_5072255,True,True,True,True,True,True
HI-Small,amlc_01438,e_4490990,428314,True,442,51351,True,True,442,,True,True,True,True,True,True
HI-Small,amlc_01439,e_4491444,428768,True,268,30572,True,True,268,,True,True,True,True,True,True
HI-Small,amlc_01440,e_4491623,428947,True,139,17505,True,True,139,,True,True,True,True,True,True
HI-Small,amlc_01441,e_4491673,428997,True,4,1040,True,True,4,,True,True,True,True,True,True
HI-Small,amlc_01442,e_4492104,429428,True,988,113774,True,True,988,,True,True,True,True,True,True
HI-Small,amlc_01443,e_4492127,429451,True,799,92346,True,True,799,,True,True,True,True,True,True
HI-Small,amlc_01444,e_4492919,430243,True,728,97921,True,True,728,,True,True,True,True,True,True
HI-Small,amlc_01445,e_4493032,430356,True,160,19778,True,True,160,,True,True,True,True,True,True
HI-Small,amlc_01446,e_4493861,431185,False,2155,251345,True,False,2155,e_5077428,True,True,True,True,True,True
HI-Small,amlc_01447,e_4494068,431392,True,153,18620,True,True,153,,True,True,True,True,True,True
HI-Small,amlc_01448,e_4494495,431819,False,2250,266413,True,False,2250,e_5073485,True,True,True,True,True,True
HI-Small,amlc_01449,e_4495213,432537,True,138,18051,True,True,138,,True,True,True,True,True,True
HI-Small,amlc_01450,e_4495504,432828,True,159,20749,True,True,159,,True,True,True,True,True,True
HI-Small,amlc_01451,e_4496502,433826,True,487,59490,True,True,487,,True,True,True,True,True,True
HI-Small,amlc_01452,e_4496532,433856,True,1065,124888,True,True,1065,,True,True,True,True,True,True
HI-Small,amlc_01453,e_4496707,434031,True,333,38652,True,True,333,,True,True,True,True,True,True
HI-Small,amlc_01454,e_4496919,434243,True,389,45747,True,True,389,,True,True,True,True,True,True
HI-Small,amlc_01455,e_4497711,435035,True,693,83122,True,True,693,,True,True,True,True,True,True
HI-Small,amlc_01456,e_4498739,436063,True,1115,133085,True,True,1115,,True,True,True,True,True,True
HI-Small,amlc_01457,e_4498757,436081,True,8,1613,True,True,8,,True,True,True,True,True,True
HI-Small,amlc_01458,e_4499266,436590,True,8,1479,True,True,8,,True,True,True,True,True,True
HI-Small,amlc_01459,e_4499346,436670,True,87,11276,True,True,87,,True,True,True,True,True,True
HI-Small,amlc_01460,e_4499353,436677,True,149,20004,True,True,149,,True,True,True,True,True,True
HI-Small,amlc_01461,e_4499475,436799,True,206,25309,True,True,206,,True,True,True,True,True,True
HI-Small,amlc_01462,e_4499735,437059,True,1070,128079,True,True,1070,,True,True,True,True,True,True
HI-Small,amlc_01463,e_4499763,437087,True,279,34347,True,True,279,,True,True,True,True,True,True
HI-Small,amlc_01464,e_4499785,437109,True,179,22730,True,True,179,,True,True,True,True,True,True
HI-Small,amlc_01465,e_4500295,437619,True,269,33693,True,True,269,,True,True,True,True,True,True
HI-Small,amlc_01466,e_4501448,438772,False,2132,256731,True,False,2132,e_5074681,True,True,True,True,True,True
HI-Small,amlc_01467,e_4501569,438893,True,254,30788,True,True,254,,True,True,True,True,True,True
HI-Small,amlc_01468,e_4502261,439585,True,40,5227,True,True,40,,True,True,True,True,True,True
HI-Small,amlc_01469,e_4504050,441374,True,487,59533,True,True,487,,True,True,True,True,True,True
HI-Small,amlc_01470,e_4504148,441472,True,128,16115,True,True,128,,True,True,True,True,True,True
HI-Small,amlc_01471,e_4504204,441528,True,422,48779,True,True,422,,True,True,True,True,True,True
HI-Small,amlc_01472,e_4504217,441541,True,391,44926,True,True,391,,True,True,True,True,True,True
HI-Small,amlc_01473,e_4505113,442437,True,34,5566,True,True,34,,True,True,True,True,True,True
HI-Small,amlc_01474,e_4505190,442514,True,936,107161,True,True,936,,True,True,True,True,True,True
HI-Small,amlc_01475,e_4505562,442886,True,618,72816,True,True,618,,True,True,True,True,True,True
HI-Small,amlc_01476,e_4505654,442978,True,167,20520,True,True,167,,True,True,True,True,True,True
HI-Small,amlc_01477,e_4505942,443266,True,498,57218,True,True,498,,True,True,True,True,True,True
HI-Small,amlc_01478,e_4506016,443340,True,102,12864,True,True,102,,True,True,True,True,True,True
HI-Small,amlc_01479,e_4506498,443822,True,332,39856,True,True,332,,True,True,True,True,True,True
HI-Small,amlc_01480,e_4506724,444048,True,122,18762,True,True,122,,True,True,True,True,True,True
HI-Small,amlc_01481,e_4508437,445761,True,530,65300,True,True,530,,True,True,True,True,True,True
HI-Small,amlc_01482,e_4508742,446066,True,26,3808,True,True,26,,True,True,True,True,True,True
HI-Small,amlc_01483,e_4509184,446508,False,2540,307011,True,False,2540,e_5073965,True,True,True,True,True,True
HI-Small,amlc_01484,e_4509326,446650,True,231,29180,True,True,231,,True,True,True,True,True,True
HI-Small,amlc_01485,e_4510077,447401,True,35,5210,True,True,35,,True,True,True,True,True,True
HI-Small,amlc_01486,e_4510121,447445,True,518,62721,True,True,518,,True,True,True,True,True,True
HI-Small,amlc_01487,e_4510171,447495,True,344,44292,True,True,344,,True,True,True,True,True,True
HI-Small,amlc_01488,e_4510172,447496,True,171,23764,True,True,171,,True,True,True,True,True,True
HI-Small,amlc_01489,e_4510173,447497,True,132,18600,True,True,132,,True,True,True,True,True,True
HI-Small,amlc_01490,e_4510175,447499,True,317,40240,True,True,317,,True,True,True,True,True,True
HI-Small,amlc_01491,e_4510177,447501,True,99,14238,True,True,99,,True,True,True,True,True,True
HI-Small,amlc_01492,e_4510178,447502,True,1013,121207,True,True,1013,,True,True,True,True,True,True
HI-Small,amlc_01493,e_4510179,447503,True,209,27596,True,True,209,,True,True,True,True,True,True
HI-Small,amlc_01494,e_4510181,447505,True,222,28914,True,True,222,,True,True,True,True,True,True
HI-Small,amlc_01495,e_4510183,447507,True,176,23953,True,True,176,,True,True,True,True,True,True
HI-Small,amlc_01496,e_4510185,447509,True,832,104180,True,True,832,,True,True,True,True,True,True
HI-Small,amlc_01497,e_4510186,447510,True,783,95770,True,True,783,,True,True,True,True,True,True
HI-Small,amlc_01498,e_4510188,447512,True,330,40517,True,True,330,,True,True,True,True,True,True
HI-Small,amlc_01499,e_4510190,447514,True,1626,196797,True,True,1626,,True,True,True,True,True,True
HI-Small,amlc_01500,e_4510192,447516,True,1666,201576,True,True,1666,,True,True,True,True,True,True
HI-Small,amlc_01501,e_4510194,447518,True,1779,214419,True,True,1779,,True,True,True,True,True,True
HI-Small,amlc_01502,e_4510195,447519,True,1707,205850,True,True,1707,,True,True,True,True,True,True
HI-Small,amlc_01503,e_4510197,447521,True,1707,206004,True,True,1707,,True,True,True,True,True,True
HI-Small,amlc_01504,e_4510199,447523,True,1748,210473,True,True,1748,,True,True,True,True,True,True
HI-Small,amlc_01505,e_4510201,447525,True,1649,199680,True,True,1649,,True,True,True,True,True,True
HI-Small,amlc_01506,e_4510203,447527,True,1668,201642,True,True,1668,,True,True,True,True,True,True
HI-Small,amlc_01507,e_4510205,447529,True,1710,206010,True,True,1710,,True,True,True,True,True,True
HI-Small,amlc_01508,e_4510207,447531,True,1684,203397,True,True,1684,,True,True,True,True,True,True
HI-Small,amlc_01509,e_4510208,447532,True,1664,201459,True,True,1664,,True,True,True,True,True,True
HI-Small,amlc_01510,e_4510209,447533,True,1732,209119,True,True,1732,,True,True,True,True,True,True
HI-Small,amlc_01511,e_4510211,447535,True,1747,210635,True,True,1747,,True,True,True,True,True,True
HI-Small,amlc_01512,e_4510212,447536,True,1766,212908,True,True,1766,,True,True,True,True,True,True
HI-Small,amlc_01513,e_4510213,447537,True,1674,202325,True,True,1674,,True,True,True,True,True,True
HI-Small,amlc_01514,e_4510215,447539,True,1715,207186,True,True,1715,,True,True,True,True,True,True
HI-Small,amlc_01515,e_4510651,447975,True,1491,176374,True,True,1491,,True,True,True,True,True,True
HI-Small,amlc_01516,e_4510745,448069,True,409,49282,True,True,409,,True,True,True,True,True,True
HI-Small,amlc_01517,e_4510855,448179,True,1729,205114,True,True,1729,,True,True,True,True,True,True
HI-Small,amlc_01518,e_4511035,448359,True,35,5808,True,True,35,,True,True,True,True,True,True
HI-Small,amlc_01519,e_4511054,448378,True,99,11870,True,True,99,,True,True,True,True,True,True
HI-Small,amlc_01520,e_4511426,448750,True,521,61929,True,True,521,,True,True,True,True,True,True
HI-Small,amlc_01521,e_4511878,449202,True,19,3227,True,True,19,,True,True,True,True,True,True
HI-Small,amlc_01522,e_4512280,449604,True,945,113280,True,True,945,,True,True,True,True,True,True
HI-Small,amlc_01523,e_4512914,450238,True,22,3883,True,True,22,,True,True,True,True,True,True
HI-Small,amlc_01524,e_4513434,450758,True,7,1481,True,True,7,,True,True,True,True,True,True
HI-Small,amlc_01525,e_4513674,450998,True,34,4645,True,True,34,,True,True,True,True,True,True
HI-Small,amlc_01526,e_4513675,450999,True,94,12064,True,True,94,,True,True,True,True,True,True
HI-Small,amlc_01527,e_4513746,451070,True,26,3702,True,True,26,,True,True,True,True,True,True
HI-Small,amlc_01528,e_4513933,451257,True,150,18710,True,True,150,,True,True,True,True,True,True
HI-Small,amlc_01529,e_4514228,451552,True,235,29739,True,True,235,,True,True,True,True,True,True
HI-Small,amlc_01530,e_4514576,451900,True,91,11458,True,True,91,,True,True,True,True,True,True
HI-Small,amlc_01531,e_4514593,451917,True,751,90548,True,True,751,,True,True,True,True,True,True
HI-Small,amlc_01532,e_4515277,452601,False,2564,305457,True,False,2564,e_5075273,True,True,True,True,True,True
HI-Small,amlc_01533,e_4515570,452894,False,1810,208083,True,False,1810,e_5064876,True,True,True,True,True,True
HI-Small,amlc_01534,e_4515842,453166,True,337,41068,True,True,337,,True,True,True,True,True,True
HI-Small,amlc_01535,e_4516399,453723,True,58,8821,True,True,58,,True,True,True,True,True,True
HI-Small,amlc_01536,e_4516576,453900,False,2655,301682,True,False,2655,e_5064435,True,True,True,True,True,True
HI-Small,amlc_01537,e_4517035,454359,True,213,26292,True,True,213,,True,True,True,True,True,True
HI-Small,amlc_01538,e_4517130,454454,True,7,1471,True,True,7,,True,True,True,True,True,True
HI-Small,amlc_01539,e_4517465,454789,True,897,102633,True,True,897,,True,True,True,True,True,True
HI-Small,amlc_01540,e_4517626,454950,True,820,94378,True,True,820,,True,True,True,True,True,True
HI-Small,amlc_01541,e_4517644,454968,False,2099,241123,True,False,2099,e_4510187,True,True,True,True,True,True
HI-Small,amlc_01542,e_4518895,456219,True,42,6652,True,True,42,,True,True,True,True,True,True
HI-Small,amlc_01543,e_4519240,456564,True,503,58922,True,True,503,,True,True,True,True,True,True
HI-Small,amlc_01544,e_4519555,456879,True,803,93581,True,True,803,,True,True,True,True,True,True
HI-Small,amlc_01545,e_4519907,457231,True,7,1548,True,True,7,,True,True,True,True,True,True
HI-Small,amlc_01546,e_4519989,457313,True,1069,125121,True,True,1069,,True,True,True,True,True,True
HI-Small,amlc_01547,e_4520537,457861,True,478,56148,True,True,478,,True,True,True,True,True,True
HI-Small,amlc_01548,e_4520591,457915,True,234,28268,True,True,234,,True,True,True,True,True,True
HI-Small,amlc_01549,e_4520786,458110,True,118,14379,True,True,118,,True,True,True,True,True,True
HI-Small,amlc_01550,e_4521117,458441,True,366,46248,True,True,366,,True,True,True,True,True,True
HI-Small,amlc_01551,e_4521224,458548,True,49,7662,True,True,49,,True,True,True,True,True,True
HI-Small,amlc_01552,e_4521240,458564,True,46,7010,True,True,46,,True,True,True,True,True,True
HI-Small,amlc_01553,e_4521902,459226,True,35,4871,True,True,35,,True,True,True,True,True,True
HI-Small,amlc_01554,e_4521995,459319,False,1889,233013,True,False,1889,e_5077823,True,True,True,True,True,True
HI-Small,amlc_01555,e_4522077,459401,True,90,11151,True,True,90,,True,True,True,True,True,True
HI-Small,amlc_01556,e_4522230,459554,True,178,22640,True,True,178,,True,True,True,True,True,True
HI-Small,amlc_01557,e_4522278,459602,True,919,112358,True,True,919,,True,True,True,True,True,True
HI-Small,amlc_01558,e_4522358,459682,True,481,59685,True,True,481,,True,True,True,True,True,True
HI-Small,amlc_01559,e_4522429,459753,True,409,50154,True,True,409,,True,True,True,True,True,True
HI-Small,amlc_01560,e_4523136,460460,True,25,3647,True,True,25,,True,True,True,True,True,True
HI-Small,amlc_01561,e_4523934,461258,True,4,926,True,True,4,,True,True,True,True,True,True
HI-Small,amlc_01562,e_4524349,461673,True,871,104728,True,True,871,,True,True,True,True,True,True
HI-Small,amlc_01563,e_4524892,462216,True,510,61373,True,True,510,,True,True,True,True,True,True
HI-Small,amlc_01564,e_4524959,462283,True,196,24071,True,True,196,,True,True,True,True,True,True
HI-Small,amlc_01565,e_4525116,462440,False,1869,223697,True,False,1869,e_5074732,True,True,True,True,True,True
HI-Small,amlc_01566,e_4526781,464105,True,990,118788,True,True,990,,True,True,True,True,True,True
HI-Small,amlc_01567,e_4527509,464833,True,333,40425,True,True,333,,True,True,True,True,True,True
HI-Small,amlc_01568,e_4527573,464897,True,37,4973,True,True,37,,True,True,True,True,True,True
HI-Small,amlc_01569,e_4527712,465036,True,200,25285,True,True,200,,True,True,True,True,True,True
HI-Small,amlc_01570,e_4527960,465284,True,362,45483,True,True,362,,True,True,True,True,True,True
HI-Small,amlc_01571,e_4528038,465362,True,8,1607,True,True,8,,True,True,True,True,True,True
HI-Small,amlc_01572,e_4528361,465685,True,501,60482,True,True,501,,True,True,True,True,True,True
HI-Small,amlc_01573,e_4528644,465968,False,2540,302712,True,False,2540,e_5075095,True,True,True,True,True,True
HI-Small,amlc_01574,e_4529020,466344,False,2001,227897,True,False,2001,e_4962231,True,True,True,True,True,True
HI-Small,amlc_01575,e_4529069,466393,True,989,113641,True,True,989,,True,True,True,True,True,True
HI-Small,amlc_01576,e_4529276,466600,True,133,15919,True,True,133,,True,True,True,True,True,True
HI-Small,amlc_01577,e_4529481,466805,True,1281,149028,True,True,1281,,True,True,True,True,True,True
HI-Small,amlc_01578,e_4529482,466806,True,511,58627,True,True,511,,True,True,True,True,True,True
HI-Small,amlc_01579,e_4529483,466807,True,718,83155,True,True,718,,True,True,True,True,True,True
HI-Small,amlc_01580,e_4529484,466808,True,718,83155,True,True,718,,True,True,True,True,True,True
HI-Small,amlc_01581,e_4529485,466809,True,246,30098,True,True,246,,True,True,True,True,True,True
HI-Small,amlc_01582,e_4529486,466810,True,576,65792,True,True,576,,True,True,True,True,True,True
HI-Small,amlc_01583,e_4529487,466811,True,930,107445,True,True,930,,True,True,True,True,True,True
HI-Small,amlc_01584,e_4529488,466812,True,1063,121645,True,True,1063,,True,True,True,True,True,True
HI-Small,amlc_01585,e_4529489,466813,True,1686,194150,True,True,1686,,True,True,True,True,True,True
HI-Small,amlc_01586,e_4529490,466814,True,1675,192513,True,True,1675,,True,True,True,True,True,True
HI-Small,amlc_01587,e_4529491,466815,True,491,56160,True,True,491,,True,True,True,True,True,True
HI-Small,amlc_01588,e_4529492,466816,True,1790,203863,True,True,1790,,True,True,True,True,True,True
HI-Small,amlc_01589,e_4529493,466817,True,400,45997,True,True,400,,True,True,True,True,True,True
HI-Small,amlc_01590,e_4529494,466818,True,1709,194859,True,True,1709,,True,True,True,True,True,True
HI-Small,amlc_01591,e_4529749,467073,True,147,18203,True,True,147,,True,True,True,True,True,True
HI-Small,amlc_01592,e_4530889,468213,True,191,22414,True,True,191,,True,True,True,True,True,True
HI-Small,amlc_01593,e_4531190,468514,True,241,29086,True,True,241,,True,True,True,True,True,True
HI-Small,amlc_01594,e_4531559,468883,True,887,101055,True,True,887,,True,True,True,True,True,True
HI-Small,amlc_01595,e_4531635,468959,True,258,31173,True,True,258,,True,True,True,True,True,True
HI-Small,amlc_01596,e_4532732,470056,True,404,47019,True,True,404,,True,True,True,True,True,True
HI-Small,amlc_01597,e_4533654,470978,True,174,20957,True,True,174,,True,True,True,True,True,True
HI-Small,amlc_01598,e_4533730,471054,True,16,2473,True,True,16,,True,True,True,True,True,True
HI-Small,amlc_01599,e_4533753,471077,True,15,2563,True,True,15,,True,True,True,True,True,True
HI-Small,amlc_01600,e_4534074,471398,True,157,19150,True,True,157,,True,True,True,True,True,True
HI-Small,amlc_01601,e_4534379,471703,True,1022,128899,True,True,1022,,True,True,True,True,True,True
HI-Small,amlc_01602,e_4534395,471719,True,682,85485,True,True,682,,True,True,True,True,True,True
HI-Small,amlc_01603,e_4534561,471885,True,1179,149045,True,True,1179,,True,True,True,True,True,True
HI-Small,amlc_01604,e_4534876,472200,True,806,102843,True,True,806,,True,True,True,True,True,True
HI-Small,amlc_01605,e_4535906,473230,True,68,8526,True,True,68,,True,True,True,True,True,True
HI-Small,amlc_01606,e_4536652,473976,True,279,33580,True,True,279,,True,True,True,True,True,True
HI-Small,amlc_01607,e_4536962,474286,False,2161,245026,True,False,2161,e_5078332,True,True,True,True,True,True
HI-Small,amlc_01608,e_4537244,474568,True,1491,176374,True,True,1491,,True,True,True,True,True,True
HI-Small,amlc_01609,e_4537415,474739,True,263,31574,True,True,263,,True,True,True,True,True,True
HI-Small,amlc_01610,e_4537832,475156,False,2266,270951,True,False,2266,e_5067746,True,True,True,True,True,True
HI-Small,amlc_01611,e_4539622,476946,True,999,119322,True,True,999,,True,True,True,True,True,True
HI-Small,amlc_01612,e_4539732,477056,True,352,40543,True,True,352,,True,True,True,True,True,True
HI-Small,amlc_01613,e_4540584,477908,True,252,31849,True,True,252,,True,True,True,True,True,True
HI-Small,amlc_01614,e_4541430,478754,True,196,23869,True,True,196,,True,True,True,True,True,True
HI-Small,amlc_01615,e_4541544,478868,True,213,26068,True,True,213,,True,True,True,True,True,True
HI-Small,amlc_01616,e_4542108,479432,True,209,25002,True,True,209,,True,True,True,True,True,True
HI-Small,amlc_01617,e_4543006,480330,True,11,1781,True,True,11,,True,True,True,True,True,True
HI-Small,amlc_01618,e_4543037,480361,True,454,52318,True,True,454,,True,True,True,True,True,True
HI-Small,amlc_01619,e_4543272,480596,False,2220,252778,True,False,2220,e_3742886,True,True,True,True,True,True
HI-Small,amlc_01620,e_4543416,480740,False,1931,222960,True,False,1931,e_5011784,True,True,True,True,True,True
HI-Small,amlc_01621,e_4543617,480941,True,402,47377,True,True,402,,True,True,True,True,True,True
HI-Small,amlc_01622,e_4543883,481207,True,290,34062,True,True,290,,True,True,True,True,True,True
HI-Small,amlc_01623,e_4543955,481279,True,266,30722,True,True,266,,True,True,True,True,True,True
HI-Small,amlc_01624,e_4544488,481812,True,872,100502,True,True,872,,True,True,True,True,True,True
HI-Small,amlc_01625,e_4545485,482809,True,31,4410,True,True,31,,True,True,True,True,True,True
HI-Small,amlc_01626,e_4545855,483179,True,60,7469,True,True,60,,True,True,True,True,True,True
HI-Small,amlc_01627,e_4545886,483210,False,2070,237518,True,False,2070,e_5069175,True,True,True,True,True,True
HI-Small,amlc_01628,e_4546792,484116,True,204,24595,True,True,204,,True,True,True,True,True,True
HI-Small,amlc_01629,e_4547016,484340,True,809,96300,True,True,809,,True,True,True,True,True,True
HI-Small,amlc_01630,e_4547256,484580,True,145,17768,True,True,145,,True,True,True,True,True,True
HI-Small,amlc_01631,e_4547525,484849,True,540,64325,True,True,540,,True,True,True,True,True,True
HI-Small,amlc_01632,e_4547934,485258,True,40,5493,True,True,40,,True,True,True,True,True,True
HI-Small,amlc_01633,e_4547972,485296,True,867,111087,True,True,867,,True,True,True,True,True,True
HI-Small,amlc_01634,e_4548135,485459,True,255,32145,True,True,255,,True,True,True,True,True,True
HI-Small,amlc_01635,e_4548149,485473,True,349,46618,True,True,349,,True,True,True,True,True,True
HI-Small,amlc_01636,e_4548588,485912,True,54,6956,True,True,54,,True,True,True,True,True,True
HI-Small,amlc_01637,e_4548875,486199,True,668,81145,True,True,668,,True,True,True,True,True,True
HI-Small,amlc_01638,e_4549995,487319,False,2357,285225,True,False,2357,e_4917057,True,True,True,True,True,True
HI-Small,amlc_01639,e_4550039,487363,True,1076,127974,True,True,1076,,True,True,True,True,True,True
HI-Small,amlc_01640,e_4550041,487365,True,436,52886,True,True,436,,True,True,True,True,True,True
HI-Small,amlc_01641,e_4550042,487366,True,998,121659,True,True,998,,True,True,True,True,True,True
HI-Small,amlc_01642,e_4550044,487368,True,503,62683,True,True,503,,True,True,True,True,True,True
HI-Small,amlc_01643,e_4550046,487370,True,419,52609,True,True,419,,True,True,True,True,True,True
HI-Small,amlc_01644,e_4550048,487372,True,172,22812,True,True,172,,True,True,True,True,True,True
HI-Small,amlc_01645,e_4550049,487373,True,436,55469,True,True,436,,True,True,True,True,True,True
HI-Small,amlc_01646,e_4550050,487374,True,204,27128,True,True,204,,True,True,True,True,True,True
HI-Small,amlc_01647,e_4550051,487375,True,138,19057,True,True,138,,True,True,True,True,True,True
HI-Small,amlc_01648,e_4550053,487377,True,256,33333,True,True,256,,True,True,True,True,True,True
HI-Small,amlc_01649,e_4550054,487378,True,362,46138,True,True,362,,True,True,True,True,True,True
HI-Small,amlc_01650,e_4550055,487379,True,137,18955,True,True,137,,True,True,True,True,True,True
HI-Small,amlc_01651,e_4550057,487381,True,2146,257226,True,True,2146,,True,True,True,True,True,True
HI-Small,amlc_01652,e_4550059,487383,True,2271,270658,True,True,2271,,True,True,True,True,True,True
HI-Small,amlc_01653,e_4550060,487384,True,2260,269909,True,True,2260,,True,True,True,True,True,True
HI-Small,amlc_01654,e_4550061,487385,True,2192,262057,True,True,2192,,True,True,True,True,True,True
HI-Small,amlc_01655,e_4550063,487387,True,2085,250044,True,True,2085,,True,True,True,True,True,True
HI-Small,amlc_01656,e_4550065,487389,True,2255,269245,True,True,2255,,True,True,True,True,True,True
HI-Small,amlc_01657,e_4550067,487391,True,2143,256695,True,True,2143,,True,True,True,True,True,True
HI-Small,amlc_01658,e_4550069,487393,True,2254,268712,True,True,2254,,True,True,True,True,True,True
HI-Small,amlc_01659,e_4550071,487395,True,2196,262312,True,True,2196,,True,True,True,True,True,True
HI-Small,amlc_01660,e_4550072,487396,True,2138,255905,True,True,2138,,True,True,True,True,True,True
HI-Small,amlc_01661,e_4550074,487398,True,2198,263050,True,True,2198,,True,True,True,True,True,True
HI-Small,amlc_01662,e_4550076,487400,True,2309,275348,True,True,2309,,True,True,True,True,True,True
HI-Small,amlc_01663,e_4550078,487402,True,2089,250331,True,True,2089,,True,True,True,True,True,True
HI-Small,amlc_01664,e_4550080,487404,True,2265,270328,True,True,2265,,True,True,True,True,True,True
HI-Small,amlc_01665,e_4550617,487941,True,1307,154257,True,True,1307,,True,True,True,True,True,True
HI-Small,amlc_01666,e_4551164,488488,True,174,21893,True,True,174,,True,True,True,True,True,True
HI-Small,amlc_01667,e_4551670,488994,True,129,15414,True,True,129,,True,True,True,True,True,True
HI-Small,amlc_01668,e_4551719,489043,True,293,35148,True,True,293,,True,True,True,True,True,True
HI-Small,amlc_01669,e_4552207,489531,True,263,31725,True,True,263,,True,True,True,True,True,True
HI-Small,amlc_01670,e_4552694,490018,True,745,90376,True,True,745,,True,True,True,True,True,True
HI-Small,amlc_01671,e_4552774,490098,True,83,10203,True,True,83,,True,True,True,True,True,True
HI-Small,amlc_01672,e_4553197,490521,True,7,1478,True,True,7,,True,True,True,True,True,True
HI-Small,amlc_01673,e_4553399,490723,True,12,2371,True,True,12,,True,True,True,True,True,True
HI-Small,amlc_01674,e_4553764,491088,True,106,17039,True,True,106,,True,True,True,True,True,True
HI-Small,amlc_01675,e_4554352,491676,True,169,21580,True,True,169,,True,True,True,True,True,True
HI-Small,amlc_01676,e_4554586,491910,True,272,33999,True,True,272,,True,True,True,True,True,True
HI-Small,amlc_01677,e_4555699,493023,True,714,82493,True,True,714,,True,True,True,True,True,True
HI-Small,amlc_01678,e_4556520,493844,True,995,115343,True,True,995,,True,True,True,True,True,True
HI-Small,amlc_01679,e_4556669,493993,True,493,56397,True,True,493,,True,True,True,True,True,True
HI-Small,amlc_01680,e_4556843,494167,True,1236,140396,True,True,1236,,True,True,True,True,True,True
HI-Small,amlc_01681,e_4557023,494347,True,525,64813,True,True,525,,True,True,True,True,True,True
HI-Small,amlc_01682,e_4557117,494441,False,2243,256746,True,False,2243,e_5075915,True,True,True,True,True,True
HI-Small,amlc_01683,e_4557281,494605,True,189,22508,True,True,189,,True,True,True,True,True,True
HI-Small,amlc_01684,e_4557514,494838,True,57,7758,True,True,57,,True,True,True,True,True,True
HI-Small,amlc_01685,e_4557738,495062,True,4,934,True,True,4,,True,True,True,True,True,True
HI-Small,amlc_01686,e_4557978,495302,True,9,1670,True,True,9,,True,True,True,True,True,True
HI-Small,amlc_01687,e_4558130,495454,True,212,25921,True,True,212,,True,True,True,True,True,True
HI-Small,amlc_01688,e_4558786,496110,True,797,91059,True,True,797,,True,True,True,True,True,True
HI-Small,amlc_01689,e_4559813,497137,False,2154,251804,True,False,2154,e_5073128,True,True,True,True,True,True
HI-Small,amlc_01690,e_4560178,497502,True,403,48350,True,True,403,,True,True,True,True,True,True
HI-Small,amlc_01691,e_4561381,498705,True,353,46019,True,True,353,,True,True,True,True,True,True
HI-Small,amlc_01692,e_4561879,499203,True,158,20944,True,True,158,,True,True,True,True,True,True
HI-Small,amlc_01693,e_4562380,499704,True,46,7547,True,True,46,,True,True,True,True,True,True
HI-Small,amlc_01694,e_4562580,499904,True,471,57410,True,True,471,,True,True,True,True,True,True
HI-Small,amlc_01695,e_4562605,499929,True,221,27536,True,True,221,,True,True,True,True,True,True
HI-Small,amlc_01696,e_4562985,500309,True,11,1905,True,True,11,,True,True,True,True,True,True
HI-Small,amlc_01697,e_4563150,500474,True,89,11566,True,True,89,,True,True,True,True,True,True
HI-Small,amlc_01698,e_4563194,500518,True,678,81296,True,True,678,,True,True,True,True,True,True
HI-Small,amlc_01699,e_4563196,500520,True,678,81296,True,True,678,,True,True,True,True,True,True
HI-Small,amlc_01700,e_4563198,500522,True,678,81296,True,True,678,,True,True,True,True,True,True
HI-Small,amlc_01701,e_4563200,500524,True,678,81296,True,True,678,,True,True,True,True,True,True
HI-Small,amlc_01702,e_4563202,500526,True,678,81296,True,True,678,,True,True,True,True,True,True
HI-Small,amlc_01703,e_4563204,500528,True,678,81296,True,True,678,,True,True,True,True,True,True
HI-Small,amlc_01704,e_4563206,500530,True,678,81296,True,True,678,,True,True,True,True,True,True
HI-Small,amlc_01705,e_4563208,500532,True,678,81296,True,True,678,,True,True,True,True,True,True
HI-Small,amlc_01706,e_4563210,500534,True,678,81296,True,True,678,,True,True,True,True,True,True
HI-Small,amlc_01707,e_4563212,500536,True,678,81296,True,True,678,,True,True,True,True,True,True
HI-Small,amlc_01708,e_4563214,500538,True,678,81296,True,True,678,,True,True,True,True,True,True
HI-Small,amlc_01709,e_4563216,500540,True,678,81296,True,True,678,,True,True,True,True,True,True
HI-Small,amlc_01710,e_4563218,500542,True,678,81296,True,True,678,,True,True,True,True,True,True
HI-Small,amlc_01711,e_4563220,500544,True,678,81296,True,True,678,,True,True,True,True,True,True
HI-Small,amlc_01712,e_4563222,500546,True,678,81296,True,True,678,,True,True,True,True,True,True
HI-Small,amlc_01713,e_4563224,500548,True,678,81296,True,True,678,,True,True,True,True,True,True
HI-Small,amlc_01714,e_4563298,500622,True,882,106931,True,True,882,,True,True,True,True,True,True
HI-Small,amlc_01715,e_4563353,500677,True,878,105920,True,True,878,,True,True,True,True,True,True
HI-Small,amlc_01716,e_4563457,500781,True,723,83166,True,True,723,,True,True,True,True,True,True
HI-Small,amlc_01717,e_4563459,500783,True,22,3548,True,True,22,,True,True,True,True,True,True
HI-Small,amlc_01718,e_4563460,500784,True,315,37089,True,True,315,,True,True,True,True,True,True
HI-Small,amlc_01719,e_4563462,500786,True,315,37089,True,True,315,,True,True,True,True,True,True
HI-Small,amlc_01720,e_4563464,500788,True,315,37089,True,True,315,,True,True,True,True,True,True
HI-Small,amlc_01721,e_4563466,500790,True,315,37089,True,True,315,,True,True,True,True,True,True
HI-Small,amlc_01722,e_4563467,500791,True,315,37089,True,True,315,,True,True,True,True,True,True
HI-Small,amlc_01723,e_4563468,500792,True,315,37089,True,True,315,,True,True,True,True,True,True
HI-Small,amlc_01724,e_4563470,500794,True,315,37089,True,True,315,,True,True,True,True,True,True
HI-Small,amlc_01725,e_4564179,501503,False,2247,268943,True,False,2247,e_4856102,True,True,True,True,True,True
HI-Small,amlc_01726,e_4564230,501554,True,36,5936,True,True,36,,True,True,True,True,True,True
HI-Small,amlc_01727,e_4565346,502670,True,310,37893,True,True,310,,True,True,True,True,True,True
HI-Small,amlc_01728,e_4565836,503160,True,613,74580,True,True,613,,True,True,True,True,True,True
HI-Small,amlc_01729,e_4566114,503438,True,820,98553,True,True,820,,True,True,True,True,True,True
HI-Small,amlc_01730,e_4566177,503501,True,317,39244,True,True,317,,True,True,True,True,True,True
HI-Small,amlc_01731,e_4566454,503778,True,165,20828,True,True,165,,True,True,True,True,True,True
HI-Small,amlc_01732,e_4566631,503955,True,21,3585,True,True,21,,True,True,True,True,True,True
HI-Small,amlc_01733,e_4566638,503962,True,126,15528,True,True,126,,True,True,True,True,True,True
HI-Small,amlc_01734,e_4566902,504226,False,2460,292824,True,False,2460,e_5075208,True,True,True,True,True,True
HI-Small,amlc_01735,e_4567874,505198,True,193,23791,True,True,193,,True,True,True,True,True,True
HI-Small,amlc_01736,e_4568472,505796,True,66,8087,True,True,66,,True,True,True,True,True,True
HI-Small,amlc_01737,e_4568695,506019,True,88,12009,True,True,88,,True,True,True,True,True,True
HI-Small,amlc_01738,e_4569289,506613,True,345,41429,True,True,345,,True,True,True,True,True,True
HI-Small,amlc_01739,e_4569291,506615,True,1958,233869,True,True,1958,,True,True,True,True,True,True
HI-Small,amlc_01740,e_4569293,506617,True,1175,136021,True,True,1175,,True,True,True,True,True,True
HI-Small,amlc_01741,e_4569295,506619,True,1890,222258,True,True,1890,,True,True,True,True,True,True
HI-Small,amlc_01742,e_4569297,506621,True,310,37026,True,True,310,,True,True,True,True,True,True
HI-Small,amlc_01743,e_4569299,506623,True,537,63011,True,True,537,,True,True,True,True,True,True
HI-Small,amlc_01744,e_4569301,506625,True,477,56485,True,True,477,,True,True,True,True,True,True
HI-Small,amlc_01745,e_4569303,506627,True,1866,216931,True,True,1866,,True,True,True,True,True,True
HI-Small,amlc_01746,e_4569305,506629,True,1866,216931,True,True,1866,,True,True,True,True,True,True
HI-Small,amlc_01747,e_4569307,506631,True,1866,216931,True,True,1866,,True,True,True,True,True,True
HI-Small,amlc_01748,e_4569309,506633,True,1866,216931,True,True,1866,,True,True,True,True,True,True
HI-Small,amlc_01749,e_4569759,507083,True,212,25682,True,True,212,,True,True,True,True,True,True
HI-Small,amlc_01750,e_4570163,507487,False,2014,233086,True,False,2014,e_2313442,True,True,True,True,True,True
HI-Small,amlc_01751,e_4570286,507610,True,223,25642,True,True,223,,True,True,True,True,True,True
HI-Small,amlc_01752,e_4570604,507928,False,2344,267862,True,False,2344,e_5076321,True,True,True,True,True,True
HI-Small,amlc_01753,e_4571029,508353,True,185,22782,True,True,185,,True,True,True,True,True,True
HI-Small,amlc_01754,e_4571408,508732,True,291,34761,True,True,291,,True,True,True,True,True,True
HI-Small,amlc_01755,e_4571427,508751,True,167,19127,True,True,167,,True,True,True,True,True,True
HI-Small,amlc_01756,e_4571822,509146,True,488,58498,True,True,488,,True,True,True,True,True,True
HI-Small,amlc_01757,e_4571987,509311,True,1040,119689,True,True,1040,,True,True,True,True,True,True
HI-Small,amlc_01758,e_4571995,509319,True,465,55491,True,True,465,,True,True,True,True,True,True
HI-Small,amlc_01759,e_4573334,510658,True,562,65501,True,True,562,,True,True,True,True,True,True
HI-Small,amlc_01760,e_4573341,510665,False,2697,313528,True,False,2697,e_5077428,True,True,True,True,True,True
HI-Small,amlc_01761,e_4574639,511963,True,320,40317,True,True,320,,True,True,True,True,True,True
HI-Small,amlc_01762,e_4574748,512072,True,801,102374,True,True,801,,True,True,True,True,True,True
HI-Small,amlc_01763,e_4574755,512079,True,341,44633,True,True,341,,True,True,True,True,True,True
HI-Small,amlc_01764,e_4575175,512499,True,47,6173,True,True,47,,True,True,True,True,True,True
HI-Small,amlc_01765,e_4575217,512541,True,197,24264,True,True,197,,True,True,True,True,True,True
HI-Small,amlc_01766,e_4575316,512640,True,417,50667,True,True,417,,True,True,True,True,True,True
HI-Small,amlc_01767,e_4575558,512882,True,476,56570,True,True,476,,True,True,True,True,True,True
HI-Small,amlc_01768,e_4575859,513183,True,661,81560,True,True,661,,True,True,True,True,True,True
HI-Small,amlc_01769,e_4576248,513572,True,932,110139,True,True,932,,True,True,True,True,True,True
HI-Small,amlc_01770,e_4576355,513679,True,296,34903,True,True,296,,True,True,True,True,True,True
HI-Small,amlc_01771,e_4576535,513859,False,2157,259408,True,False,2157,e_4296465,True,True,True,True,True,True
HI-Small,amlc_01772,e_4576987,514311,True,272,31663,True,True,272,,True,True,True,True,True,True
HI-Small,amlc_01773,e_4577334,514658,True,113,14490,True,True,113,,True,True,True,True,True,True
HI-Small,amlc_01774,e_4578143,515467,True,474,57438,True,True,474,,True,True,True,True,True,True
HI-Small,amlc_01775,e_4578371,515695,True,24,3303,True,True,24,,True,True,True,True,True,True
HI-Small,amlc_01776,e_4579403,516727,True,694,88026,True,True,694,,True,True,True,True,True,True
HI-Small,amlc_01777,e_4579837,517161,True,753,90108,True,True,753,,True,True,True,True,True,True
HI-Small,amlc_01778,e_4580259,517583,True,603,71721,True,True,603,,True,True,True,True,True,True
HI-Small,amlc_01779,e_4580687,518011,True,9,1710,True,True,9,,True,True,True,True,True,True
HI-Small,amlc_01780,e_4581639,518963,True,34,4714,True,True,34,,True,True,True,True,True,True
HI-Small,amlc_01781,e_4581734,519058,True,9,1589,True,True,9,,True,True,True,True,True,True
HI-Small,amlc_01782,e_4582077,519401,False,2678,319205,True,False,2678,e_5074779,True,True,True,True,True,True
HI-Small,amlc_01783,e_4582707,520031,True,391,47582,True,True,391,,True,True,True,True,True,True
HI-Small,amlc_01784,e_4583200,520524,True,383,44588,True,True,383,,True,True,True,True,True,True
HI-Small,amlc_01785,e_4583933,521257,True,155,18270,True,True,155,,True,True,True,True,True,True
HI-Small,amlc_01786,e_4583956,521280,True,488,56764,True,True,488,,True,True,True,True,True,True
HI-Small,amlc_01787,e_4584455,521779,True,120,14483,True,True,120,,True,True,True,True,True,True
HI-Small,amlc_01788,e_4584585,521909,True,146,18009,True,True,146,,True,True,True,True,True,True
HI-Small,amlc_01789,e_4584586,521910,True,3,833,True,True,3,,True,True,True,True,True,True
HI-Small,amlc_01790,e_4585100,522424,True,3,811,True,True,3,,True,True,True,True,True,True
HI-Small,amlc_01791,e_4585253,522577,True,463,53373,True,True,463,,True,True,True,True,True,True
HI-Small,amlc_01792,e_4585527,522851,True,924,105993,True,True,924,,True,True,True,True,True,True
HI-Small,amlc_01793,e_4586626,523950,True,34,5637,True,True,34,,True,True,True,True,True,True
HI-Small,amlc_01794,e_4586987,524311,True,900,118012,True,True,900,,True,True,True,True,True,True
HI-Small,amlc_01795,e_4587310,524634,True,965,112769,True,True,965,,True,True,True,True,True,True
HI-Small,amlc_01796,e_4587872,525196,True,32,4552,True,True,32,,True,True,True,True,True,True
HI-Small,amlc_01797,e_4589504,526828,True,5,1033,True,True,5,,True,True,True,True,True,True
HI-Small,amlc_01798,e_4590614,527938,True,1579,189088,True,True,1579,,True,True,True,True,True,True
HI-Small,amlc_01799,e_4590885,528209,True,866,102446,True,True,866,,True,True,True,True,True,True
HI-Small,amlc_01800,e_4591464,528788,False,2224,265913,True,False,2224,e_5074434,True,True,True,True,True,True
HI-Small,amlc_01801,e_4591523,528847,True,643,78809,True,True,643,,True,True,True,True,True,True
HI-Small,amlc_01802,e_4591722,529046,False,2620,310926,True,False,2620,e_5075400,True,True,True,True,True,True
HI-Small,amlc_01803,e_4591755,529079,True,629,74222,True,True,629,,True,True,True,True,True,True
HI-Small,amlc_01804,e_4591993,529317,True,854,102108,True,True,854,,True,True,True,True,True,True
HI-Small,amlc_01805,e_4592409,529733,True,418,50455,True,True,418,,True,True,True,True,True,True
HI-Small,amlc_01806,e_4592490,529814,True,50,7393,True,True,50,,True,True,True,True,True,True
HI-Small,amlc_01807,e_4593064,530388,True,571,73682,True,True,571,,True,True,True,True,True,True
HI-Small,amlc_01808,e_4593119,530443,True,896,107049,True,True,896,,True,True,True,True,True,True
HI-Small,amlc_01809,e_4593586,530910,True,28,3885,True,True,28,,True,True,True,True,True,True
HI-Small,amlc_01810,e_4593773,531097,True,302,36551,True,True,302,,True,True,True,True,True,True
HI-Small,amlc_01811,e_4594318,531642,True,159,20158,True,True,159,,True,True,True,True,True,True
HI-Small,amlc_01812,e_4594490,531814,True,892,109745,True,True,892,,True,True,True,True,True,True
HI-Small,amlc_01813,e_4594555,531879,True,283,34735,True,True,283,,True,True,True,True,True,True
HI-Small,amlc_01814,e_4594591,531915,True,1233,146537,True,True,1233,,True,True,True,True,True,True
HI-Small,amlc_01815,e_4594758,532082,True,120,15585,True,True,120,,True,True,True,True,True,True
HI-Small,amlc_01816,e_4594840,532164,True,827,99304,True,True,827,,True,True,True,True,True,True
HI-Small,amlc_01817,e_4595056,532380,True,746,88944,True,True,746,,True,True,True,True,True,True
HI-Small,amlc_01818,e_4595748,533072,True,231,26788,True,True,231,,True,True,True,True,True,True
HI-Small,amlc_01819,e_4596197,533521,True,133,15420,True,True,133,,True,True,True,True,True,True
HI-Small,amlc_01820,e_4596247,533571,True,59,7069,True,True,59,,True,True,True,True,True,True
HI-Small,amlc_01821,e_4596874,534198,True,5,1025,True,True,5,,True,True,True,True,True,True
HI-Small,amlc_01822,e_4596909,534233,True,109,13220,True,True,109,,True,True,True,True,True,True
HI-Small,amlc_01823,e_4597087,534411,False,1995,229212,True,False,1995,e_5011784,True,True,True,True,True,True
HI-Small,amlc_01824,e_4598563,535887,True,554,66211,True,True,554,,True,True,True,True,True,True
HI-Small,amlc_01825,e_4598875,536199,True,193,23988,True,True,193,,True,True,True,True,True,True
HI-Small,amlc_01826,e_4599691,537015,True,505,58905,True,True,505,,True,True,True,True,True,True
HI-Small,amlc_01827,e_4599953,537277,True,185,23068,True,True,185,,True,True,True,True,True,True
HI-Small,amlc_01828,e_4600107,537431,True,112,14238,True,True,112,,True,True,True,True,True,True
HI-Small,amlc_01829,e_4600207,537531,True,407,49235,True,True,407,,True,True,True,True,True,True
HI-Small,amlc_01830,e_4600923,538247,True,511,64786,True,True,511,,True,True,True,True,True,True
HI-Small,amlc_01831,e_4601208,538532,True,311,39326,True,True,311,,True,True,True,True,True,True
HI-Small,amlc_01832,e_4602005,539329,True,218,27196,True,True,218,,True,True,True,True,True,True
HI-Small,amlc_01833,e_4602011,539335,True,117,14697,True,True,117,,True,True,True,True,True,True
HI-Small,amlc_01834,e_4602453,539777,True,205,24957,True,True,205,,True,True,True,True,True,True
HI-Small,amlc_01835,e_4602632,539956,True,456,53625,True,True,456,,True,True,True,True,True,True
HI-Small,amlc_01836,e_4603051,540375,True,5,1053,True,True,5,,True,True,True,True,True,True
HI-Small,amlc_01837,e_4603186,540510,True,408,46621,True,True,408,,True,True,True,True,True,True
HI-Small,amlc_01838,e_4603192,540516,True,457,51581,True,True,457,,True,True,True,True,True,True
HI-Small,amlc_01839,e_4603987,541311,True,5,1149,True,True,5,,True,True,True,True,True,True
HI-Small,amlc_01840,e_4604223,541547,True,334,40224,True,True,334,,True,True,True,True,True,True
HI-Small,amlc_01841,e_4604533,541857,False,2159,258353,True,False,2159,e_5074449,True,True,True,True,True,True
HI-Small,amlc_01842,e_4604704,542028,True,901,108539,True,True,901,,True,True,True,True,True,True
HI-Small,amlc_01843,e_4604887,542211,True,1405,168186,True,True,1405,,True,True,True,True,True,True
HI-Small,amlc_01844,e_4605055,542379,True,212,27206,True,True,212,,True,True,True,True,True,True
HI-Small,amlc_01845,e_4605266,542590,True,1496,178175,True,True,1496,,True,True,True,True,True,True
HI-Small,amlc_01846,e_4605272,542596,True,397,48056,True,True,397,,True,True,True,True,True,True
HI-Small,amlc_01847,e_4605533,542857,True,7,1377,True,True,7,,True,True,True,True,True,True
HI-Small,amlc_01848,e_4605563,542887,True,222,26501,True,True,222,,True,True,True,True,True,True
HI-Small,amlc_01849,e_4605624,542948,True,489,58688,True,True,489,,True,True,True,True,True,True
HI-Small,amlc_01850,e_4605689,543013,True,55,8491,True,True,55,,True,True,True,True,True,True
HI-Small,amlc_01851,e_4606180,543504,True,35,4819,True,True,35,,True,True,True,True,True,True
HI-Small,amlc_01852,e_4606834,544158,True,31,4298,True,True,31,,True,True,True,True,True,True
HI-Small,amlc_01853,e_4607230,544554,True,173,21960,True,True,173,,True,True,True,True,True,True
HI-Small,amlc_01854,e_4607498,544822,False,2391,285825,True,False,2391,e_5075048,True,True,True,True,True,True
HI-Small,amlc_01855,e_4607680,545004,True,466,55911,True,True,466,,True,True,True,True,True,True
HI-Small,amlc_01856,e_4607975,545299,True,7,1484,True,True,7,,True,True,True,True,True,True
HI-Small,amlc_01857,e_4608186,545510,True,863,105233,True,True,863,,True,True,True,True,True,True
HI-Small,amlc_01858,e_4608222,545546,True,342,42543,True,True,342,,True,True,True,True,True,True
HI-Small,amlc_01859,e_4608295,545619,True,95,12488,True,True,95,,True,True,True,True,True,True
HI-Small,amlc_01860,e_4608433,545757,True,2241,256115,True,True,2241,,True,True,True,True,True,True
HI-Small,amlc_01861,e_4608529,545853,True,1102,125002,True,True,1102,,True,True,True,True,True,True
HI-Small,amlc_01862,e_4608599,545923,True,769,87984,True,True,769,,True,True,True,True,True,True
HI-Small,amlc_01863,e_4609398,546722,True,5,1142,True,True,5,,True,True,True,True,True,True
HI-Small,amlc_01864,e_4609672,546996,True,641,78102,True,True,641,,True,True,True,True,True,True
HI-Small,amlc_01865,e_4609798,547122,True,4,1018,True,True,4,,True,True,True,True,True,True
HI-Small,amlc_01866,e_4611148,548472,False,2382,274971,True,False,2382,e_5076338,True,True,True,True,True,True
HI-Small,amlc_01867,e_4611199,548523,True,153,17432,True,True,153,,True,True,True,True,True,True
HI-Small,amlc_01868,e_4611336,548660,True,477,54246,True,True,477,,True,True,True,True,True,True
HI-Small,amlc_01869,e_4611970,549294,True,516,58846,True,True,516,,True,True,True,True,True,True
HI-Small,amlc_01870,e_4612049,549373,True,297,35285,True,True,297,,True,True,True,True,True,True
HI-Small,amlc_01871,e_4612088,549412,True,98,13060,True,True,98,,True,True,True,True,True,True
HI-Small,amlc_01872,e_4612141,549465,True,390,44809,True,True,390,,True,True,True,True,True,True
HI-Small,amlc_01873,e_4612167,549491,False,2062,237058,True,False,2062,e_2387752,True,True,True,True,True,True
HI-Small,amlc_01874,e_4612387,549711,True,332,39856,True,True,332,,True,True,True,True,True,True
HI-Small,amlc_01875,e_4612734,550058,True,2,724,True,True,2,,True,True,True,True,True,True
HI-Small,amlc_01876,e_4613126,550450,False,2419,282529,True,False,2419,e_5073391,True,True,True,True,True,True
HI-Small,amlc_01877,e_4613241,550565,True,640,75781,True,True,640,,True,True,True,True,True,True
HI-Small,amlc_01878,e_4613935,551259,True,17,3085,True,True,17,,True,True,True,True,True,True
HI-Small,amlc_01879,e_4614011,551335,True,348,42428,True,True,348,,True,True,True,True,True,True
HI-Small,amlc_01880,e_4615030,552354,True,157,19451,True,True,157,,True,True,True,True,True,True
HI-Small,amlc_01881,e_4615804,553128,True,164,20471,True,True,164,,True,True,True,True,True,True
HI-Small,amlc_01882,e_4616156,553480,True,4,1061,True,True,4,,True,True,True,True,True,True
HI-Small,amlc_01883,e_4616250,553574,True,247,31929,True,True,247,,True,True,True,True,True,True
HI-Small,amlc_01884,e_4616279,553603,True,81,10228,True,True,81,,True,True,True,True,True,True
HI-Small,amlc_01885,e_4616298,553622,True,260,33284,True,True,260,,True,True,True,True,True,True
HI-Small,amlc_01886,e_4616507,553831,True,402,45770,True,True,402,,True,True,True,True,True,True
HI-Small,amlc_01887,e_4616683,554007,True,370,42995,True,True,370,,True,True,True,True,True,True
HI-Small,amlc_01888,e_4617225,554549,False,2242,268824,True,False,2242,e_3332528,True,True,True,True,True,True
HI-Small,amlc_01889,e_4618051,555375,True,344,41328,True,True,344,,True,True,True,True,True,True
HI-Small,amlc_01890,e_4618189,555513,True,76,10050,True,True,76,,True,True,True,True,True,True
HI-Small,amlc_01891,e_4618198,555522,True,280,33699,True,True,280,,True,True,True,True,True,True
HI-Small,amlc_01892,e_4618615,555939,False,2569,307042,True,False,2569,e_5067810,True,True,True,True,True,True
HI-Small,amlc_01893,e_4618688,556012,True,407,49949,True,True,407,,True,True,True,True,True,True
HI-Small,amlc_01894,e_4618705,556029,True,5,1036,True,True,5,,True,True,True,True,True,True
HI-Small,amlc_01895,e_4618914,556238,True,246,29582,True,True,246,,True,True,True,True,True,True
HI-Small,amlc_01896,e_4619090,556414,True,152,18323,True,True,152,,True,True,True,True,True,True
HI-Small,amlc_01897,e_4619383,556707,False,2883,342667,True,False,2883,e_5075504,True,True,True,True,True,True
HI-Small,amlc_01898,e_4620054,557378,True,193,22909,True,True,193,,True,True,True,True,True,True
HI-Small,amlc_01899,e_4620218,557542,True,402,49649,True,True,402,,True,True,True,True,True,True
HI-Small,amlc_01900,e_4620831,558155,True,78,10385,True,True,78,,True,True,True,True,True,True
HI-Small,amlc_01901,e_4621380,558704,True,267,34032,True,True,267,,True,True,True,True,True,True
HI-Small,amlc_01902,e_4622025,559349,False,2164,248647,True,False,2164,e_5076123,True,True,True,True,True,True
HI-Small,amlc_01903,e_4622087,559411,True,367,42440,True,True,367,,True,True,True,True,True,True
HI-Small,amlc_01904,e_4622577,559901,True,1059,121250,True,True,1059,,True,True,True,True,True,True
HI-Small,amlc_01905,e_4622598,559922,True,1144,132860,True,True,1144,,True,True,True,True,True,True
HI-Small,amlc_01906,e_4622649,559973,True,1190,135475,True,True,1190,,True,True,True,True,True,True
HI-Small,amlc_01907,e_4622949,560273,True,110,13655,True,True,110,,True,True,True,True,True,True
HI-Small,amlc_01908,e_4623245,560569,True,353,42601,True,True,353,,True,True,True,True,True,True
HI-Small,amlc_01909,e_4623412,560736,True,927,107852,True,True,927,,True,True,True,True,True,True
HI-Small,amlc_01910,e_4624761,562085,True,32,4253,True,True,32,,True,True,True,True,True,True
HI-Small,amlc_01911,e_4625039,562363,True,385,44641,True,True,385,,True,True,True,True,True,True
HI-Small,amlc_01912,e_4625799,563123,True,58,8923,True,True,58,,True,True,True,True,True,True
HI-Small,amlc_01913,e_4625848,563172,True,216,25877,True,True,216,,True,True,True,True,True,True
HI-Small,amlc_01914,e_4626917,564241,False,2503,292574,True,False,2503,e_5065608,True,True,True,True,True,True
HI-Small,amlc_01915,e_4627237,564561,True,582,74027,True,True,582,,True,True,True,True,True,True
HI-Small,amlc_01916,e_4627802,565126,True,260,33677,True,True,260,,True,True,True,True,True,True
HI-Small,amlc_01917,e_4628026,565350,True,528,66468,True,True,528,,True,True,True,True,True,True
HI-Small,amlc_01918,e_4628614,565938,True,297,37338,True,True,297,,True,True,True,True,True,True
HI-Small,amlc_01919,e_4629762,567086,True,147,18443,True,True,147,,True,True,True,True,True,True
HI-Small,amlc_01920,e_4629917,567241,True,409,46760,True,True,409,,True,True,True,True,True,True
HI-Small,amlc_01921,e_4630203,567527,True,399,44899,True,True,399,,True,True,True,True,True,True
HI-Small,amlc_01922,e_4630270,567594,True,851,102169,True,True,851,,True,True,True,True,True,True
HI-Small,amlc_01923,e_4630846,568170,True,4,1045,True,True,4,,True,True,True,True,True,True
HI-Small,amlc_01924,e_4630941,568265,True,61,8220,True,True,61,,True,True,True,True,True,True
HI-Small,amlc_01925,e_4631361,568685,True,106,13644,True,True,106,,True,True,True,True,True,True
HI-Small,amlc_01926,e_4631978,569302,True,358,44851,True,True,358,,True,True,True,True,True,True
HI-Small,amlc_01927,e_4632193,569517,True,6,1278,True,True,6,,True,True,True,True,True,True
HI-Small,amlc_01928,e_4632873,570197,False,1874,226776,True,False,1874,e_4962231,True,True,True,True,True,True
HI-Small,amlc_01929,e_4633012,570336,True,565,67018,True,True,565,,True,True,True,True,True,True
HI-Small,amlc_01930,e_4633547,570871,True,8,1571,True,True,8,,True,True,True,True,True,True
HI-Small,amlc_01931,e_4633727,571051,True,447,53024,True,True,447,,True,True,True,True,True,True
HI-Small,amlc_01932,e_4634325,571649,True,46,5761,True,True,46,,True,True,True,True,True,True
HI-Small,amlc_01933,e_4634808,572132,True,168,20561,True,True,168,,True,True,True,True,True,True
HI-Small,amlc_01934,e_4635108,572432,True,46,6248,True,True,46,,True,True,True,True,True,True
HI-Small,amlc_01935,e_4635595,572919,True,808,93106,True,True,808,,True,True,True,True,True,True
HI-Small,amlc_01936,e_4635780,573104,True,832,96332,True,True,832,,True,True,True,True,True,True
HI-Small,amlc_01937,e_4636771,574095,True,817,93607,True,True,817,,True,True,True,True,True,True
HI-Small,amlc_01938,e_4636846,574170,True,720,87333,True,True,720,,True,True,True,True,True,True
HI-Small,amlc_01939,e_4637058,574382,True,20,3114,True,True,20,,True,True,True,True,True,True
HI-Small,amlc_01940,e_4637090,574414,True,274,32080,True,True,274,,True,True,True,True,True,True
HI-Small,amlc_01941,e_4637551,574875,True,18,2533,True,True,18,,True,True,True,True,True,True
HI-Small,amlc_01942,e_4638034,575358,True,770,88888,True,True,770,,True,True,True,True,True,True
HI-Small,amlc_01943,e_4638212,575536,True,127,15278,True,True,127,,True,True,True,True,True,True
HI-Small,amlc_01944,e_4638985,576309,True,686,78874,True,True,686,,True,True,True,True,True,True
HI-Small,amlc_01945,e_4639397,576721,True,318,38836,True,True,318,,True,True,True,True,True,True
HI-Small,amlc_01946,e_4639531,576855,True,135,16909,True,True,135,,True,True,True,True,True,True
HI-Small,amlc_01947,e_4639735,577059,True,487,58359,True,True,487,,True,True,True,True,True,True
HI-Small,amlc_01948,e_4640449,577773,True,553,66617,True,True,553,,True,True,True,True,True,True
HI-Small,amlc_01949,e_4640578,577902,True,304,38737,True,True,304,,True,True,True,True,True,True
HI-Small,amlc_01950,e_4640724,578048,True,193,25856,True,True,193,,True,True,True,True,True,True
HI-Small,amlc_01951,e_4641030,578354,True,7,1413,True,True,7,,True,True,True,True,True,True
HI-Small,amlc_01952,e_4641211,578535,True,57,7520,True,True,57,,True,True,True,True,True,True
HI-Small,amlc_01953,e_4642174,579498,True,287,35188,True,True,287,,True,True,True,True,True,True
HI-Small,amlc_01954,e_4642357,579681,True,1131,136455,True,True,1131,,True,True,True,True,True,True
HI-Small,amlc_01955,e_4642438,579762,True,1013,118013,True,True,1013,,True,True,True,True,True,True
HI-Small,amlc_01956,e_4643316,580640,False,2008,228668,True,False,2008,e_5074250,True,True,True,True,True,True
HI-Small,amlc_01957,e_4643838,581162,True,480,56836,True,True,480,,True,True,True,True,True,True
HI-Small,amlc_01958,e_4644337,581661,True,955,115783,True,True,955,,True,True,True,True,True,True
HI-Small,amlc_01959,e_4644832,582156,True,405,48457,True,True,405,,True,True,True,True,True,True
HI-Small,amlc_01960,e_4645299,582623,True,811,98163,True,True,811,,True,True,True,True,True,True
HI-Small,amlc_01961,e_4645386,582710,True,41,6795,True,True,41,,True,True,True,True,True,True
HI-Small,amlc_01962,e_4645452,582776,True,169,20848,True,True,169,,True,True,True,True,True,True
HI-Small,amlc_01963,e_4645616,582940,False,2093,252023,True,False,2093,e_5063102,True,True,True,True,True,True
HI-Small,amlc_01964,e_4646065,583389,True,153,19170,True,True,153,,True,True,True,True,True,True
HI-Small,amlc_01965,e_4646837,584161,False,2813,335717,True,False,2813,e_5071033,True,True,True,True,True,True
HI-Small,amlc_01966,e_4647496,584820,False,2271,271608,True,False,2271,e_5075208,True,True,True,True,True,True
HI-Small,amlc_01967,e_4648943,586267,True,552,63825,True,True,552,,True,True,True,True,True,True
HI-Small,amlc_01968,e_4649619,586943,True,13,2273,True,True,13,,True,True,True,True,True,True
HI-Small,amlc_01969,e_4649869,587193,False,2275,258923,True,False,2275,e_5068509,True,True,True,True,True,True
HI-Small,amlc_01970,e_4650706,588030,True,19,2635,True,True,19,,True,True,True,True,True,True
HI-Small,amlc_01971,e_4650971,588295,True,35,4562,True,True,35,,True,True,True,True,True,True
HI-Small,amlc_01972,e_4651101,588425,True,872,101502,True,True,872,,True,True,True,True,True,True
HI-Small,amlc_01973,e_4651194,588518,True,990,114637,True,True,990,,True,True,True,True,True,True
HI-Small,amlc_01974,e_4651707,589031,True,6,1144,True,True,6,,True,True,True,True,True,True
HI-Small,amlc_01975,e_4651774,589098,True,336,38551,True,True,336,,True,True,True,True,True,True
HI-Small,amlc_01976,e_4652033,589357,True,103,12225,True,True,103,,True,True,True,True,True,True
HI-Small,amlc_01977,e_4652163,589487,True,200,22801,True,True,200,,True,True,True,True,True,True
HI-Small,amlc_01978,e_4653224,590548,True,121,15650,True,True,121,,True,True,True,True,True,True
HI-Small,amlc_01979,e_4653658,590982,True,364,44111,True,True,364,,True,True,True,True,True,True
HI-Small,amlc_01980,e_4654648,591972,True,475,59176,True,True,475,,True,True,True,True,True,True
HI-Small,amlc_01981,e_4655385,592709,True,7,1393,True,True,7,,True,True,True,True,True,True
HI-Small,amlc_01982,e_4655492,592816,True,268,33364,True,True,268,,True,True,True,True,True,True
HI-Small,amlc_01983,e_4655800,593124,True,386,45187,True,True,386,,True,True,True,True,True,True
HI-Small,amlc_01984,e_4656066,593390,True,292,36220,True,True,292,,True,True,True,True,True,True
HI-Small,amlc_01985,e_4656183,593507,True,36,5742,True,True,36,,True,True,True,True,True,True
HI-Small,amlc_01986,e_4656364,593688,True,81,10228,True,True,81,,True,True,True,True,True,True
HI-Small,amlc_01987,e_4656377,593701,True,1027,123927,True,True,1027,,True,True,True,True,True,True
HI-Small,amlc_01988,e_4656378,593702,True,1067,127980,True,True,1067,,True,True,True,True,True,True
HI-Small,amlc_01989,e_4656379,593703,True,1112,133717,True,True,1112,,True,True,True,True,True,True
HI-Small,amlc_01990,e_4656965,594289,True,1048,124450,True,True,1048,,True,True,True,True,True,True
HI-Small,amlc_01991,e_4657287,594611,True,7,1485,True,True,7,,True,True,True,True,True,True
HI-Small,amlc_01992,e_4657391,594715,True,1080,129030,True,True,1080,,True,True,True,True,True,True
HI-Small,amlc_01993,e_4657460,594784,True,868,103885,True,True,868,,True,True,True,True,True,True
HI-Small,amlc_01994,e_4658684,596008,True,533,63734,True,True,533,,True,True,True,True,True,True
HI-Small,amlc_01995,e_4658798,596122,True,919,110062,True,True,919,,True,True,True,True,True,True
HI-Small,amlc_01996,e_4658807,596131,True,1106,132603,True,True,1106,,True,True,True,True,True,True
HI-Small,amlc_01997,e_4659414,596738,True,761,91717,True,True,761,,True,True,True,True,True,True
HI-Small,amlc_01998,e_4659501,596825,True,756,91695,True,True,756,,True,True,True,True,True,True
HI-Small,amlc_01999,e_4659834,597158,True,122,15103,True,True,122,,True,True,True,True,True,True
HI-Small,amlc_02000,e_4660054,597378,True,330,42052,True,True,330,,True,True,True,True,True,True
HI-Small,amlc_02001,e_4660263,597587,True,258,32070,True,True,258,,True,True,True,True,True,True
HI-Small,amlc_02002,e_4660449,597773,False,2150,258677,True,False,2150,e_3332528,True,True,True,True,True,True
HI-Small,amlc_02003,e_4660498,597822,True,305,38202,True,True,305,,True,True,True,True,True,True
HI-Small,amlc_02004,e_4660738,598062,True,53,7058,True,True,53,,True,True,True,True,True,True
HI-Small,amlc_02005,e_4660954,598278,True,316,39258,True,True,316,,True,True,True,True,True,True
HI-Small,amlc_02006,e_4661223,598547,False,2032,242729,True,False,2032,e_5074993,True,True,True,True,True,True
HI-Small,amlc_02007,e_4662199,599523,False,2000,229598,True,False,2000,e_5072460,True,True,True,True,True,True
HI-Small,amlc_02008,e_4662263,599587,True,187,21235,True,True,187,,True,True,True,True,True,True
HI-Small,amlc_02009,e_4662468,599792,True,436,50691,True,True,436,,True,True,True,True,True,True
HI-Small,amlc_02010,e_4662795,600119,True,309,38058,True,True,309,,True,True,True,True,True,True
HI-Small,amlc_02011,e_4662844,600168,True,1176,135593,True,True,1176,,True,True,True,True,True,True
HI-Small,amlc_02012,e_4663900,601224,True,5,1033,True,True,5,,True,True,True,True,True,True
HI-Small,amlc_02013,e_4664005,601329,True,91,11385,True,True,91,,True,True,True,True,True,True
HI-Small,amlc_02014,e_4664177,601501,True,43,5131,True,True,43,,True,True,True,True,True,True
HI-Small,amlc_02015,e_4664382,601706,True,981,113075,True,True,981,,True,True,True,True,True,True
HI-Small,amlc_02016,e_4664530,601854,True,195,23173,True,True,195,,True,True,True,True,True,True
HI-Small,amlc_02017,e_4664679,602003,False,2139,245678,True,False,2139,e_5076986,True,True,True,True,True,True
HI-Small,amlc_02018,e_4665326,602650,True,392,46329,True,True,392,,True,True,True,True,True,True
HI-Small,amlc_02019,e_4665861,603185,True,221,28898,True,True,221,,True,True,True,True,True,True
HI-Small,amlc_02020,e_4666887,604211,True,228,27839,True,True,228,,True,True,True,True,True,True
HI-Small,amlc_02021,e_4667163,604487,True,2113,261441,True,True,2113,,True,True,True,True,True,True
HI-Small,amlc_02022,e_4667432,604756,False,2315,288838,True,False,2315,e_5077627,True,True,True,True,True,True
HI-Small,amlc_02023,e_4667511,604835,True,386,48542,True,True,386,,True,True,True,True,True,True
HI-Small,amlc_02024,e_4667761,605085,True,761,96948,True,True,761,,True,True,True,True,True,True
HI-Small,amlc_02025,e_4667998,605322,True,163,20443,True,True,163,,True,True,True,True,True,True
HI-Small,amlc_02026,e_4668047,605371,True,221,27594,True,True,221,,True,True,True,True,True,True
HI-Small,amlc_02027,e_4668465,605789,True,509,63933,True,True,509,,True,True,True,True,True,True
HI-Small,amlc_02028,e_4668499,605823,True,27,4174,True,True,27,,True,True,True,True,True,True
HI-Small,amlc_02029,e_4668553,605877,True,35,5639,True,True,35,,True,True,True,True,True,True
HI-Small,amlc_02030,e_4669007,606331,True,174,20951,True,True,174,,True,True,True,True,True,True
HI-Small,amlc_02031,e_4669336,606660,True,202,24230,True,True,202,,True,True,True,True,True,True
HI-Small,amlc_02032,e_4669419,606743,True,230,27040,True,True,230,,True,True,True,True,True,True
HI-Small,amlc_02033,e_4669851,607175,True,183,22389,True,True,183,,True,True,True,True,True,True
HI-Small,amlc_02034,e_4670231,607555,True,756,89376,True,True,756,,True,True,True,True,True,True
HI-Small,amlc_02035,e_4670260,607584,False,2255,268704,True,False,2255,e_3906819,True,True,True,True,True,True
HI-Small,amlc_02036,e_4670722,608046,True,375,45717,True,True,375,,True,True,True,True,True,True
HI-Small,amlc_02037,e_4670780,608104,True,37,4742,True,True,37,,True,True,True,True,True,True
HI-Small,amlc_02038,e_4671383,608707,True,549,65708,True,True,549,,True,True,True,True,True,True
HI-Small,amlc_02039,e_4672067,609391,True,520,63335,True,True,520,,True,True,True,True,True,True
HI-Small,amlc_02040,e_4672747,610071,True,311,37953,True,True,311,,True,True,True,True,True,True
HI-Small,amlc_02041,e_4673704,611028,True,8,1507,True,True,8,,True,True,True,True,True,True
HI-Small,amlc_02042,e_4674792,612116,True,9,1613,True,True,9,,True,True,True,True,True,True
HI-Small,amlc_02043,e_4674793,612117,True,275,33075,True,True,275,,True,True,True,True,True,True
HI-Small,amlc_02044,e_4674814,612138,True,116,14586,True,True,116,,True,True,True,True,True,True
HI-Small,amlc_02045,e_4675207,612531,True,801,92954,True,True,801,,True,True,True,True,True,True
HI-Small,amlc_02046,e_4675654,612978,True,364,44313,True,True,364,,True,True,True,True,True,True
HI-Small,amlc_02047,e_4676043,613367,False,2107,242084,True,False,2107,e_5072420,True,True,True,True,True,True
HI-Small,amlc_02048,e_4676066,613390,False,2235,257019,True,False,2235,e_5072473,True,True,True,True,True,True
HI-Small,amlc_02049,e_4676590,613914,True,740,86146,True,True,740,,True,True,True,True,True,True
HI-Small,amlc_02050,e_4676736,614060,True,9,1756,True,True,9,,True,True,True,True,True,True
HI-Small,amlc_02051,e_4677108,614432,True,326,37808,True,True,326,,True,True,True,True,True,True
HI-Small,amlc_02052,e_4677195,614519,True,23,3239,True,True,23,,True,True,True,True,True,True
HI-Small,amlc_02053,e_4677883,615207,True,6,1345,True,True,6,,True,True,True,True,True,True
HI-Small,amlc_02054,e_4677961,615285,True,13,2407,True,True,13,,True,True,True,True,True,True
HI-Small,amlc_02055,e_4677986,615310,True,278,33247,True,True,278,,True,True,True,True,True,True
HI-Small,amlc_02056,e_4678304,615628,True,167,20410,True,True,167,,True,True,True,True,True,True
HI-Small,amlc_02057,e_4678610,615934,True,576,66182,True,True,576,,True,True,True,True,True,True
HI-Small,amlc_02058,e_4678696,616020,True,186,21781,True,True,186,,True,True,True,True,True,True
HI-Small,amlc_02059,e_4678760,616084,True,329,37519,True,True,329,,True,True,True,True,True,True
HI-Small,amlc_02060,e_4678980,616304,True,996,113414,True,True,996,,True,True,True,True,True,True
HI-Small,amlc_02061,e_4679304,616628,False,2668,308346,True,False,2668,e_5077259,True,True,True,True,True,True
HI-Small,amlc_02062,e_4680040,617364,False,2532,294732,True,False,2532,e_5077534,True,True,True,True,True,True
HI-Small,amlc_02063,e_4680725,618049,True,240,30418,True,True,240,,True,True,True,True,True,True
HI-Small,amlc_02064,e_4680783,618107,True,762,96853,True,True,762,,True,True,True,True,True,True
HI-Small,amlc_02065,e_4680850,618174,False,2834,356056,True,False,2834,e_5073702,True,True,True,True,True,True
HI-Small,amlc_02066,e_4680949,618273,True,751,89862,True,True,751,,True,True,True,True,True,True
HI-Small,amlc_02067,e_4681150,618474,True,974,122244,True,True,974,,True,True,True,True,True,True
HI-Small,amlc_02068,e_4681195,618519,True,226,30429,True,True,226,,True,True,True,True,True,True
HI-Small,amlc_02069,e_4681296,618620,True,27,3825,True,True,27,,True,True,True,True,True,True
HI-Small,amlc_02070,e_4681368,618692,True,38,6406,True,True,38,,True,True,True,True,True,True
HI-Small,amlc_02071,e_4681532,618856,True,86,11421,True,True,86,,True,True,True,True,True,True
HI-Small,amlc_02072,e_4681544,618868,True,493,60156,True,True,493,,True,True,True,True,True,True
HI-Small,amlc_02073,e_4681551,618875,True,194,24014,True,True,194,,True,True,True,True,True,True
HI-Small,amlc_02074,e_4681656,618980,True,173,23597,True,True,173,,True,True,True,True,True,True
HI-Small,amlc_02075,e_4682264,619588,True,11,1949,True,True,11,,True,True,True,True,True,True
HI-Small,amlc_02076,e_4682690,620014,True,577,68395,True,True,577,,True,True,True,True,True,True
HI-Small,amlc_02077,e_4682769,620093,True,17,2999,True,True,17,,True,True,True,True,True,True
HI-Small,amlc_02078,e_4683030,620354,True,222,27742,True,True,222,,True,True,True,True,True,True
HI-Small,amlc_02079,e_4683032,620356,True,463,55207,True,True,463,,True,True,True,True,True,True
HI-Small,amlc_02080,e_4683034,620358,True,157,19337,True,True,157,,True,True,True,True,True,True
HI-Small,amlc_02081,e_4683036,620360,True,965,115263,True,True,965,,True,True,True,True,True,True
HI-Small,amlc_02082,e_4683347,620671,True,143,17056,True,True,143,,True,True,True,True,True,True
HI-Small,amlc_02083,e_4684710,622034,True,63,8355,True,True,63,,True,True,True,True,True,True
HI-Small,amlc_02084,e_4684834,622158,True,797,91152,True,True,797,,True,True,True,True,True,True
HI-Small,amlc_02085,e_4684881,622205,True,401,48315,True,True,401,,True,True,True,True,True,True
HI-Small,amlc_02086,e_4684950,622274,True,1700,193551,True,True,1700,,True,True,True,True,True,True
HI-Small,amlc_02087,e_4685035,622359,True,361,43995,True,True,361,,True,True,True,True,True,True
HI-Small,amlc_02088,e_4685276,622600,True,665,79130,True,True,665,,True,True,True,True,True,True
HI-Small,amlc_02089,e_4685671,622995,True,203,24383,True,True,203,,True,True,True,True,True,True
HI-Small,amlc_02090,e_4686320,623644,False,2201,262126,True,False,2201,e_5075632,True,True,True,True,True,True
HI-Small,amlc_02091,e_4686507,623831,True,198,24427,True,True,198,,True,True,True,True,True,True
HI-Small,amlc_02092,e_4687147,624471,True,98,12104,True,True,98,,True,True,True,True,True,True
HI-Small,amlc_02093,e_4687192,624516,True,31,4647,True,True,31,,True,True,True,True,True,True
HI-Small,amlc_02094,e_4687255,624579,True,44,5804,True,True,44,,True,True,True,True,True,True
HI-Small,amlc_02095,e_4688481,625805,True,415,50803,True,True,415,,True,True,True,True,True,True
HI-Small,amlc_02096,e_4688673,625997,False,2187,251737,True,False,2187,e_5076204,True,True,True,True,True,True
HI-Small,amlc_02097,e_4688680,626004,True,3,821,True,True,3,,True,True,True,True,True,True
HI-Small,amlc_02098,e_4689849,627173,True,132,16838,True,True,132,,True,True,True,True,True,True
HI-Small,amlc_02099,e_4690035,627359,True,398,48305,True,True,398,,True,True,True,True,True,True
HI-Small,amlc_02100,e_4690295,627619,True,3,826,True,True,3,,True,True,True,True,True,True
HI-Small,amlc_02101,e_4690588,627912,True,7,1359,True,True,7,,True,True,True,True,True,True
HI-Small,amlc_02102,e_4691060,628384,False,2000,228924,True,False,2000,e_5072745,True,True,True,True,True,True
HI-Small,amlc_02103,e_4691541,628865,True,99,12025,True,True,99,,True,True,True,True,True,True
HI-Small,amlc_02104,e_4691783,629107,True,855,96999,True,True,855,,True,True,True,True,True,True
HI-Small,amlc_02105,e_4691896,629220,True,1094,124779,True,True,1094,,True,True,True,True,True,True
HI-Small,amlc_02106,e_4691983,629307,True,37,5893,True,True,37,,True,True,True,True,True,True
HI-Small,amlc_02107,e_4692014,629338,True,3,830,True,True,3,,True,True,True,True,True,True
HI-Small,amlc_02108,e_4692185,629509,False,2286,261120,True,False,2286,e_5077025,True,True,True,True,True,True
HI-Small,amlc_02109,e_4692691,630015,True,36,5043,True,True,36,,True,True,True,True,True,True
HI-Small,amlc_02110,e_4692784,630108,True,190,23237,True,True,190,,True,True,True,True,True,True
HI-Small,amlc_02111,e_4693839,631163,True,21,3041,True,True,21,,True,True,True,True,True,True
HI-Small,amlc_02112,e_4694467,631791,True,701,93863,True,True,701,,True,True,True,True,True,True
HI-Small,amlc_02113,e_4694588,631912,True,270,35374,True,True,270,,True,True,True,True,True,True
HI-Small,amlc_02114,e_4694835,632159,True,90,11518,True,True,90,,True,True,True,True,True,True
HI-Small,amlc_02115,e_4695539,632863,False,2482,298894,True,False,2482,e_5077950,True,True,True,True,True,True
HI-Small,amlc_02116,e_4695553,632877,True,11,1942,True,True,11,,True,True,True,True,True,True
HI-Small,amlc_02117,e_4695904,633228,True,406,47628,True,True,406,,True,True,True,True,True,True
HI-Small,amlc_02118,e_4696412,633736,True,328,40839,True,True,328,,True,True,True,True,True,True
HI-Small,amlc_02119,e_4696468,633792,True,207,23319,True,True,207,,True,True,True,True,True,True
HI-Small,amlc_02120,e_4696711,634035,True,119,17679,True,True,119,,True,True,True,True,True,True
HI-Small,amlc_02121,e_4697029,634353,True,6,1268,True,True,6,,True,True,True,True,True,True
HI-Small,amlc_02122,e_4697211,634535,True,75,10749,True,True,75,,True,True,True,True,True,True
HI-Small,amlc_02123,e_4697751,635075,True,28,3887,True,True,28,,True,True,True,True,True,True
HI-Small,amlc_02124,e_4697885,635209,True,1077,129396,True,True,1077,,True,True,True,True,True,True
HI-Small,amlc_02125,e_4698203,635527,True,206,25939,True,True,206,,True,True,True,True,True,True
HI-Small,amlc_02126,e_4698446,635770,True,374,46764,True,True,374,,True,True,True,True,True,True
HI-Small,amlc_02127,e_4699268,636592,True,288,36134,True,True,288,,True,True,True,True,True,True
HI-Small,amlc_02128,e_4699673,636997,True,413,51081,True,True,413,,True,True,True,True,True,True
HI-Small,amlc_02129,e_4700339,637663,True,10,1742,True,True,10,,True,True,True,True,True,True
HI-Small,amlc_02130,e_4700690,638014,True,52,6992,True,True,52,,True,True,True,True,True,True
HI-Small,amlc_02131,e_4700913,638237,True,198,23964,True,True,198,,True,True,True,True,True,True
HI-Small,amlc_02132,e_4700924,638248,True,377,45920,True,True,377,,True,True,True,True,True,True
HI-Small,amlc_02133,e_4701407,638731,True,5,1058,True,True,5,,True,True,True,True,True,True
HI-Small,amlc_02134,e_4701528,638852,True,220,27081,True,True,220,,True,True,True,True,True,True
HI-Small,amlc_02135,e_4703388,640712,True,170,20205,True,True,170,,True,True,True,True,True,True
HI-Small,amlc_02136,e_4703763,641087,True,8,1448,True,True,8,,True,True,True,True,True,True
HI-Small,amlc_02137,e_4704153,641477,True,50,7387,True,True,50,,True,True,True,True,True,True
HI-Small,amlc_02138,e_4704510,641834,True,11,1966,True,True,11,,True,True,True,True,True,True
HI-Small,amlc_02139,e_4705186,642510,False,2572,291301,True,False,2572,e_3133031,True,True,True,True,True,True
HI-Small,amlc_02140,e_4706411,643735,True,213,25316,True,True,213,,True,True,True,True,True,True
HI-Small,amlc_02141,e_4706485,643809,True,47,6334,True,True,47,,True,True,True,True,True,True
HI-Small,amlc_02142,e_4706775,644099,True,89,11540,True,True,89,,True,True,True,True,True,True
HI-Small,amlc_02143,e_4706865,644189,True,73,9469,True,True,73,,True,True,True,True,True,True
HI-Small,amlc_02144,e_4707807,645131,True,216,26630,True,True,216,,True,True,True,True,True,True
HI-Small,amlc_02145,e_4708228,645552,False,2621,332821,True,False,2621,e_5077650,True,True,True,True,True,True
HI-Small,amlc_02146,e_4708322,645646,True,339,42738,True,True,339,,True,True,True,True,True,True
HI-Small,amlc_02147,e_4708349,645673,True,201,25606,True,True,201,,True,True,True,True,True,True
HI-Small,amlc_02148,e_4708405,645729,True,340,42893,True,True,340,,True,True,True,True,True,True
HI-Small,amlc_02149,e_4709598,646922,True,78,9673,True,True,78,,True,True,True,True,True,True
HI-Small,amlc_02150,e_4709608,646932,True,8,1568,True,True,8,,True,True,True,True,True,True
HI-Small,amlc_02151,e_4709618,646942,True,30,4995,True,True,30,,True,True,True,True,True,True
HI-Small,amlc_02152,e_4709783,647107,True,21,3022,True,True,21,,True,True,True,True,True,True
HI-Small,amlc_02153,e_4710534,647858,False,2056,233234,True,False,2056,e_5070620,True,True,True,True,True,True
HI-Small,amlc_02154,e_4710833,648157,True,6,1270,True,True,6,,True,True,True,True,True,True
HI-Small,amlc_02155,e_4711101,648425,True,245,29647,True,True,245,,True,True,True,True,True,True
HI-Small,amlc_02156,e_4712104,649428,True,219,26947,True,True,219,,True,True,True,True,True,True
HI-Small,amlc_02157,e_4712411,649735,True,1316,158005,True,True,1316,,True,True,True,True,True,True
HI-Small,amlc_02158,e_4712572,649896,True,1019,122540,True,True,1019,,True,True,True,True,True,True
HI-Small,amlc_02159,e_4713148,650472,True,199,24606,True,True,199,,True,True,True,True,True,True
HI-Small,amlc_02160,e_4713503,650827,True,465,55697,True,True,465,,True,True,True,True,True,True
HI-Small,amlc_02161,e_4713954,651278,True,869,104374,True,True,869,,True,True,True,True,True,True
HI-Small,amlc_02162,e_4714533,651857,True,666,79528,True,True,666,,True,True,True,True,True,True
HI-Small,amlc_02163,e_4715552,652876,True,227,27113,True,True,227,,True,True,True,True,True,True
HI-Small,amlc_02164,e_4715689,653013,True,2009,226859,True,True,2009,,True,True,True,True,True,True
HI-Small,amlc_02165,e_4715854,653178,True,121,14537,True,True,121,,True,True,True,True,True,True
HI-Small,amlc_02166,e_4716927,654251,True,6,1249,True,True,6,,True,True,True,True,True,True
HI-Small,amlc_02167,e_4717672,654996,True,716,85867,True,True,716,,True,True,True,True,True,True
HI-Small,amlc_02168,e_4719761,657085,True,55,7178,True,True,55,,True,True,True,True,True,True
HI-Small,amlc_02169,e_4720172,657496,True,52,6529,True,True,52,,True,True,True,True,True,True
HI-Small,amlc_02170,e_4720336,657660,True,1089,125019,True,True,1089,,True,True,True,True,True,True
HI-Small,amlc_02171,e_4720404,657728,True,11,2028,True,True,11,,True,True,True,True,True,True
HI-Small,amlc_02172,e_4720915,658239,True,448,51435,True,True,448,,True,True,True,True,True,True
HI-Small,amlc_02173,e_4721700,659024,False,2336,295301,True,False,2336,e_5073680,True,True,True,True,True,True
HI-Small,amlc_02174,e_4721856,659180,True,894,108894,True,True,894,,True,True,True,True,True,True
HI-Small,amlc_02175,e_4721857,659181,True,894,108894,True,True,894,,True,True,True,True,True,True
HI-Small,amlc_02176,e_4722113,659437,True,308,37881,True,True,308,,True,True,True,True,True,True
HI-Small,amlc_02177,e_4722146,659470,True,354,45433,True,True,354,,True,True,True,True,True,True
HI-Small,amlc_02178,e_4722269,659593,True,378,47223,True,True,378,,True,True,True,True,True,True
HI-Small,amlc_02179,e_4723148,660472,True,222,26195,True,True,222,,True,True,True,True,True,True
HI-Small,amlc_02180,e_4723749,661073,True,146,20510,True,True,146,,True,True,True,True,True,True
HI-Small,amlc_02181,e_4723750,661074,True,146,20510,True,True,146,,True,True,True,True,True,True
HI-Small,amlc_02182,e_4723752,661076,True,146,20510,True,True,146,,True,True,True,True,True,True
HI-Small,amlc_02183,e_4723754,661078,True,146,20510,True,True,146,,True,True,True,True,True,True
HI-Small,amlc_02184,e_4723756,661080,True,146,20510,True,True,146,,True,True,True,True,True,True
HI-Small,amlc_02185,e_4723758,661082,True,146,20510,True,True,146,,True,True,True,True,True,True
HI-Small,amlc_02186,e_4723760,661084,True,146,20510,True,True,146,,True,True,True,True,True,True
HI-Small,amlc_02187,e_4723761,661085,True,146,20510,True,True,146,,True,True,True,True,True,True
HI-Small,amlc_02188,e_4723763,661087,True,146,20510,True,True,146,,True,True,True,True,True,True
HI-Small,amlc_02189,e_4723765,661089,True,146,20510,True,True,146,,True,True,True,True,True,True
HI-Small,amlc_02190,e_4723766,661090,True,146,20510,True,True,146,,True,True,True,True,True,True
HI-Small,amlc_02191,e_4723770,661094,True,1044,126137,True,True,1044,,True,True,True,True,True,True
HI-Small,amlc_02192,e_4723771,661095,True,1085,132515,True,True,1085,,True,True,True,True,True,True
HI-Small,amlc_02193,e_4723772,661096,True,1044,126137,True,True,1044,,True,True,True,True,True,True
HI-Small,amlc_02194,e_4723773,661097,True,2038,245371,True,True,2038,,True,True,True,True,True,True
HI-Small,amlc_02195,e_4723774,661098,True,1044,126137,True,True,1044,,True,True,True,True,True,True
HI-Small,amlc_02196,e_4723775,661099,True,362,45508,True,True,362,,True,True,True,True,True,True
HI-Small,amlc_02197,e_4723776,661100,True,1044,126137,True,True,1044,,True,True,True,True,True,True
HI-Small,amlc_02198,e_4723777,661101,True,598,73608,True,True,598,,True,True,True,True,True,True
HI-Small,amlc_02199,e_4723778,661102,True,1044,126137,True,True,1044,,True,True,True,True,True,True
HI-Small,amlc_02200,e_4723779,661103,True,540,67419,True,True,540,,True,True,True,True,True,True
HI-Small,amlc_02201,e_4723780,661104,True,540,67419,True,True,540,,True,True,True,True,True,True
HI-Small,amlc_02202,e_4723781,661105,True,1044,126137,True,True,1044,,True,True,True,True,True,True
HI-Small,amlc_02203,e_4723782,661106,True,1343,162083,True,True,1343,,True,True,True,True,True,True
HI-Small,amlc_02204,e_4723783,661107,True,1044,126137,True,True,1044,,True,True,True,True,True,True
HI-Small,amlc_02205,e_4723784,661108,True,1227,149036,True,True,1227,,True,True,True,True,True,True
HI-Small,amlc_02206,e_4723785,661109,True,1044,126137,True,True,1044,,True,True,True,True,True,True
HI-Small,amlc_02207,e_4723786,661110,True,483,60411,True,True,483,,True,True,True,True,True,True
HI-Small,amlc_02208,e_4723787,661111,True,1044,126137,True,True,1044,,True,True,True,True,True,True
HI-Small,amlc_02209,e_4723788,661112,True,609,74143,True,True,609,,True,True,True,True,True,True
HI-Small,amlc_02210,e_4723789,661113,True,1044,126137,True,True,1044,,True,True,True,True,True,True
HI-Small,amlc_02211,e_4723790,661114,True,737,89209,True,True,737,,True,True,True,True,True,True
HI-Small,amlc_02212,e_4723791,661115,True,1044,126137,True,True,1044,,True,True,True,True,True,True
HI-Small,amlc_02213,e_4723792,661116,True,1123,137064,True,True,1123,,True,True,True,True,True,True
HI-Small,amlc_02214,e_4723793,661117,True,1164,141178,True,True,1164,,True,True,True,True,True,True
HI-Small,amlc_02215,e_4723794,661118,True,1044,126137,True,True,1044,,True,True,True,True,True,True
HI-Small,amlc_02216,e_4723795,661119,True,1492,178342,True,True,1492,,True,True,True,True,True,True
HI-Small,amlc_02217,e_4724206,661530,True,725,86323,True,True,725,,True,True,True,True,True,True
HI-Small,amlc_02218,e_4724728,662052,True,111,13554,True,True,111,,True,True,True,True,True,True
HI-Small,amlc_02219,e_4724784,662108,False,2520,298914,True,False,2520,e_5078165,True,True,True,True,True,True
HI-Small,amlc_02220,e_4725103,662427,True,1667,197272,True,True,1667,,True,True,True,True,True,True
HI-Small,amlc_02221,e_4725128,662452,False,2024,243391,True,False,2024,e_5075092,True,True,True,True,True,True
HI-Small,amlc_02222,e_4725534,662858,False,2270,269713,True,False,2270,e_5071166,True,True,True,True,True,True
HI-Small,amlc_02223,e_4726896,664220,True,533,63734,True,True,533,,True,True,True,True,True,True
HI-Small,amlc_02224,e_4727253,664577,True,306,37437,True,True,306,,True,True,True,True,True,True
HI-Small,amlc_02225,e_4727917,665241,True,320,39213,True,True,320,,True,True,True,True,True,True
HI-Small,amlc_02226,e_4728574,665898,True,91,11476,True,True,91,,True,True,True,True,True,True
HI-Small,amlc_02227,e_4729136,666460,True,361,43762,True,True,361,,True,True,True,True,True,True
HI-Small,amlc_02228,e_4731212,668536,True,188,23572,True,True,188,,True,True,True,True,True,True
HI-Small,amlc_02229,e_4731374,668698,True,6,1247,True,True,6,,True,True,True,True,True,True
HI-Small,amlc_02230,e_4731386,668710,True,7,1241,True,True,7,,True,True,True,True,True,True
HI-Small,amlc_02231,e_4731667,668991,True,67,8023,True,True,67,,True,True,True,True,True,True
HI-Small,amlc_02232,e_4732178,669502,True,77,9597,True,True,77,,True,True,True,True,True,True
HI-Small,amlc_02233,e_4732281,669605,True,439,49904,True,True,439,,True,True,True,True,True,True
HI-Small,amlc_02234,e_4732574,669898,True,1056,120323,True,True,1056,,True,True,True,True,True,True
HI-Small,amlc_02235,e_4732702,670026,True,65,7642,True,True,65,,True,True,True,True,True,True
HI-Small,amlc_02236,e_4732792,670116,True,1040,118633,True,True,1040,,True,True,True,True,True,True
HI-Small,amlc_02237,e_4732860,670184,True,175,21296,True,True,175,,True,True,True,True,True,True
HI-Small,amlc_02238,e_4734399,671723,False,2530,295871,True,False,2530,e_5073419,True,True,True,True,True,True
HI-Small,amlc_02239,e_4734894,672218,True,156,20992,True,True,156,,True,True,True,True,True,True
HI-Small,amlc_02240,e_4734958,672282,True,389,48757,True,True,389,,True,True,True,True,True,True
HI-Small,amlc_02241,e_4735003,672327,True,103,13619,True,True,103,,True,True,True,True,True,True
HI-Small,amlc_02242,e_4735199,672523,True,159,20693,True,True,159,,True,True,True,True,True,True
HI-Small,amlc_02243,e_4735514,672838,True,367,45131,True,True,367,,True,True,True,True,True,True
HI-Small,amlc_02244,e_4735527,672851,False,2311,283265,True,False,2311,e_5073803,True,True,True,True,True,True
HI-Small,amlc_02245,e_4735870,673194,True,465,55787,True,True,465,,True,True,True,True,True,True
HI-Small,amlc_02246,e_4736196,673520,True,9,1842,True,True,9,,True,True,True,True,True,True
HI-Small,amlc_02247,e_4736416,673740,True,429,53412,True,True,429,,True,True,True,True,True,True
HI-Small,amlc_02248,e_4736543,673867,True,358,42134,True,True,358,,True,True,True,True,True,True
HI-Small,amlc_02249,e_4736703,674027,True,181,21971,True,True,181,,True,True,True,True,True,True
HI-Small,amlc_02250,e_4736999,674323,True,168,19943,True,True,168,,True,True,True,True,True,True
HI-Small,amlc_02251,e_4737280,674604,True,234,28762,True,True,234,,True,True,True,True,True,True
HI-Small,amlc_02252,e_4737282,674606,True,139,18160,True,True,139,,True,True,True,True,True,True
HI-Small,amlc_02253,e_4737283,674607,True,139,18160,True,True,139,,True,True,True,True,True,True
HI-Small,amlc_02254,e_4737285,674609,True,139,18160,True,True,139,,True,True,True,True,True,True
HI-Small,amlc_02255,e_4737286,674610,True,139,18160,True,True,139,,True,True,True,True,True,True
HI-Small,amlc_02256,e_4737287,674611,True,139,18160,True,True,139,,True,True,True,True,True,True
HI-Small,amlc_02257,e_4737288,674612,True,139,18160,True,True,139,,True,True,True,True,True,True
HI-Small,amlc_02258,e_4737290,674614,True,139,18160,True,True,139,,True,True,True,True,True,True
HI-Small,amlc_02259,e_4737292,674616,True,139,18160,True,True,139,,True,True,True,True,True,True
HI-Small,amlc_02260,e_4737301,674625,True,732,89017,True,True,732,,True,True,True,True,True,True
HI-Small,amlc_02261,e_4737303,674627,True,732,89017,True,True,732,,True,True,True,True,True,True
HI-Small,amlc_02262,e_4737305,674629,True,732,89017,True,True,732,,True,True,True,True,True,True
HI-Small,amlc_02263,e_4737307,674631,True,732,89017,True,True,732,,True,True,True,True,True,True
HI-Small,amlc_02264,e_4737309,674633,True,732,89017,True,True,732,,True,True,True,True,True,True
HI-Small,amlc_02265,e_4737310,674634,True,732,89017,True,True,732,,True,True,True,True,True,True
HI-Small,amlc_02266,e_4737312,674636,True,732,89017,True,True,732,,True,True,True,True,True,True
HI-Small,amlc_02267,e_4737314,674638,True,732,89017,True,True,732,,True,True,True,True,True,True
HI-Small,amlc_02268,e_4737316,674640,True,732,89017,True,True,732,,True,True,True,True,True,True
HI-Small,amlc_02269,e_4737318,674642,True,732,89017,True,True,732,,True,True,True,True,True,True
HI-Small,amlc_02270,e_4737320,674644,True,732,89017,True,True,732,,True,True,True,True,True,True
HI-Small,amlc_02271,e_4737322,674646,True,732,89017,True,True,732,,True,True,True,True,True,True
HI-Small,amlc_02272,e_4737324,674648,True,732,89017,True,True,732,,True,True,True,True,True,True
HI-Small,amlc_02273,e_4737326,674650,True,732,89017,True,True,732,,True,True,True,True,True,True
HI-Small,amlc_02274,e_4737328,674652,True,732,89017,True,True,732,,True,True,True,True,True,True
HI-Small,amlc_02275,e_4737501,674825,True,370,43430,True,True,370,,True,True,True,True,True,True
HI-Small,amlc_02276,e_4737618,674942,True,136,16448,True,True,136,,True,True,True,True,True,True
HI-Small,amlc_02277,e_4738337,675661,True,492,60440,True,True,492,,True,True,True,True,True,True
HI-Small,amlc_02278,e_4738706,676030,True,800,95057,True,True,800,,True,True,True,True,True,True
HI-Small,amlc_02279,e_4738771,676095,True,20,3137,True,True,20,,True,True,True,True,True,True
HI-Small,amlc_02280,e_4739844,677168,True,4,1037,True,True,4,,True,True,True,True,True,True
HI-Small,amlc_02281,e_4740184,677508,True,20,3052,True,True,20,,True,True,True,True,True,True
HI-Small,amlc_02282,e_4740740,678064,True,59,7399,True,True,59,,True,True,True,True,True,True
HI-Small,amlc_02283,e_4740767,678091,True,747,88278,True,True,747,,True,True,True,True,True,True
HI-Small,amlc_02284,e_4740846,678170,True,291,38664,True,True,291,,True,True,True,True,True,True
HI-Small,amlc_02285,e_4741356,678680,True,737,90007,True,True,737,,True,True,True,True,True,True
HI-Small,amlc_02286,e_4741668,678992,True,63,8161,True,True,63,,True,True,True,True,True,True
HI-Small,amlc_02287,e_4741791,679115,False,2174,260335,True,False,2174,e_5074643,True,True,True,True,True,True
HI-Small,amlc_02288,e_4742146,679470,True,312,38349,True,True,312,,True,True,True,True,True,True
HI-Small,amlc_02289,e_4742350,679674,True,971,116135,True,True,971,,True,True,True,True,True,True
HI-Small,amlc_02290,e_4742358,679682,True,575,70261,True,True,575,,True,True,True,True,True,True
HI-Small,amlc_02291,e_4742770,680094,True,191,22003,True,True,191,,True,True,True,True,True,True
HI-Small,amlc_02292,e_4742855,680179,True,201,24225,True,True,201,,True,True,True,True,True,True
HI-Small,amlc_02293,e_4743064,680388,True,1067,123693,True,True,1067,,True,True,True,True,True,True
HI-Small,amlc_02294,e_4743301,680625,True,471,53917,True,True,471,,True,True,True,True,True,True
HI-Small,amlc_02295,e_4744035,681359,True,663,76417,True,True,663,,True,True,True,True,True,True
HI-Small,amlc_02296,e_4744110,681434,True,404,47698,True,True,404,,True,True,True,True,True,True
HI-Small,amlc_02297,e_4744402,681726,True,34,4449,True,True,34,,True,True,True,True,True,True
HI-Small,amlc_02298,e_4745832,683156,True,191,23009,True,True,191,,True,True,True,True,True,True
HI-Small,amlc_02299,e_4745842,683166,True,872,99889,True,True,872,,True,True,True,True,True,True
HI-Small,amlc_02300,e_4746094,683418,True,43,6932,True,True,43,,True,True,True,True,True,True
HI-Small,amlc_02301,e_4746426,683750,True,857,97409,True,True,857,,True,True,True,True,True,True
HI-Small,amlc_02302,e_4746471,683795,True,118,13935,True,True,118,,True,True,True,True,True,True
HI-Small,amlc_02303,e_4747248,684572,True,476,56553,True,True,476,,True,True,True,True,True,True
HI-Small,amlc_02304,e_4747597,684921,True,204,24099,True,True,204,,True,True,True,True,True,True
HI-Small,amlc_02305,e_4748239,685563,False,1890,237488,True,False,1890,e_5077613,True,True,True,True,True,True
HI-Small,amlc_02306,e_4748437,685761,True,419,53719,True,True,419,,True,True,True,True,True,True
HI-Small,amlc_02307,e_4748628,685952,True,523,65935,True,True,523,,True,True,True,True,True,True
HI-Small,amlc_02308,e_4748706,686030,True,1329,163209,True,True,1329,,True,True,True,True,True,True
HI-Small,amlc_02309,e_4749896,687220,True,5,1033,True,True,5,,True,True,True,True,True,True
HI-Small,amlc_02310,e_4750095,687419,True,142,16943,True,True,142,,True,True,True,True,True,True
HI-Small,amlc_02311,e_4750530,687854,True,244,29547,True,True,244,,True,True,True,True,True,True
HI-Small,amlc_02312,e_4750574,687898,True,221,27946,True,True,221,,True,True,True,True,True,True
HI-Small,amlc_02313,e_4750576,687900,True,233,30468,True,True,233,,True,True,True,True,True,True
HI-Small,amlc_02314,e_4750577,687901,True,257,33691,True,True,257,,True,True,True,True,True,True
HI-Small,amlc_02315,e_4750578,687902,True,655,80495,True,True,655,,True,True,True,True,True,True
HI-Small,amlc_02316,e_4750579,687903,True,751,93054,True,True,751,,True,True,True,True,True,True
HI-Small,amlc_02317,e_4750581,687905,True,106,14805,True,True,106,,True,True,True,True,True,True
HI-Small,amlc_02318,e_4750583,687907,True,188,24916,True,True,188,,True,True,True,True,True,True
HI-Small,amlc_02319,e_4750585,687909,True,484,57900,True,True,484,,True,True,True,True,True,True
HI-Small,amlc_02320,e_4750587,687911,True,410,48989,True,True,410,,True,True,True,True,True,True
HI-Small,amlc_02321,e_4750589,687913,True,296,37709,True,True,296,,True,True,True,True,True,True
HI-Small,amlc_02322,e_4750590,687914,True,1112,134370,True,True,1112,,True,True,True,True,True,True
HI-Small,amlc_02323,e_4750591,687915,True,1112,134370,True,True,1112,,True,True,True,True,True,True
HI-Small,amlc_02324,e_4750592,687916,True,1112,134370,True,True,1112,,True,True,True,True,True,True
HI-Small,amlc_02325,e_4750594,687918,True,1112,134370,True,True,1112,,True,True,True,True,True,True
HI-Small,amlc_02326,e_4750596,687920,True,1112,134370,True,True,1112,,True,True,True,True,True,True
HI-Small,amlc_02327,e_4750598,687922,True,1112,134370,True,True,1112,,True,True,True,True,True,True
HI-Small,amlc_02328,e_4750600,687924,True,1112,134370,True,True,1112,,True,True,True,True,True,True
HI-Small,amlc_02329,e_4750602,687926,True,1112,134370,True,True,1112,,True,True,True,True,True,True
HI-Small,amlc_02330,e_4750603,687927,True,1112,134370,True,True,1112,,True,True,True,True,True,True
HI-Small,amlc_02331,e_4750605,687929,True,1112,134370,True,True,1112,,True,True,True,True,True,True
HI-Small,amlc_02332,e_4750607,687931,True,1112,134370,True,True,1112,,True,True,True,True,True,True
HI-Small,amlc_02333,e_4750609,687933,True,1112,134370,True,True,1112,,True,True,True,True,True,True
HI-Small,amlc_02334,e_4750611,687935,True,1112,134370,True,True,1112,,True,True,True,True,True,True
HI-Small,amlc_02335,e_4750613,687937,True,1112,134370,True,True,1112,,True,True,True,True,True,True
HI-Small,amlc_02336,e_4750615,687939,True,1112,134370,True,True,1112,,True,True,True,True,True,True
HI-Small,amlc_02337,e_4750617,687941,True,1112,134370,True,True,1112,,True,True,True,True,True,True
HI-Small,amlc_02338,e_4751147,688471,False,2742,326830,True,False,2742,e_5075069,True,True,True,True,True,True
HI-Small,amlc_02339,e_4751327,688651,False,2428,290918,True,False,2428,e_5075045,True,True,True,True,True,True
HI-Small,amlc_02340,e_4752562,689886,False,2087,250721,True,False,2087,e_5074483,True,True,True,True,True,True
HI-Small,amlc_02341,e_4752771,690095,True,239,29055,True,True,239,,True,True,True,True,True,True
HI-Small,amlc_02342,e_4753113,690437,True,242,30692,True,True,242,,True,True,True,True,True,True
HI-Small,amlc_02343,e_4753232,690556,True,237,28758,True,True,237,,True,True,True,True,True,True
HI-Small,amlc_02344,e_4753543,690867,False,2340,280168,True,False,2340,e_2313442,True,True,True,True,True,True
HI-Small,amlc_02345,e_4753804,691128,True,336,41734,True,True,336,,True,True,True,True,True,True
HI-Small,amlc_02346,e_4755348,692672,True,149,18557,True,True,149,,True,True,True,True,True,True
HI-Small,amlc_02347,e_4755789,693113,True,232,28960,True,True,232,,True,True,True,True,True,True
HI-Small,amlc_02348,e_4756169,693493,True,1489,170831,True,True,1489,,True,True,True,True,True,True
HI-Small,amlc_02349,e_4756602,693926,True,853,98297,True,True,853,,True,True,True,True,True,True
HI-Small,amlc_02350,e_4756603,693927,True,488,55703,True,True,488,,True,True,True,True,True,True
HI-Small,amlc_02351,e_4757299,694623,True,604,68460,True,True,604,,True,True,True,True,True,True
HI-Small,amlc_02352,e_4757500,694824,True,130,15432,True,True,130,,True,True,True,True,True,True
HI-Small,amlc_02353,e_4758212,695536,True,7,1345,True,True,7,,True,True,True,True,True,True
HI-Small,amlc_02354,e_4758224,695548,True,50,6038,True,True,50,,True,True,True,True,True,True
HI-Small,amlc_02355,e_4758263,695587,True,698,81304,True,True,698,,True,True,True,True,True,True
HI-Small,amlc_02356,e_4759224,696548,True,66,8803,True,True,66,,True,True,True,True,True,True
HI-Small,amlc_02357,e_4759444,696768,True,170,20490,True,True,170,,True,True,True,True,True,True
HI-Small,amlc_02358,e_4760766,698090,True,219,26362,True,True,219,,True,True,True,True,True,True
HI-Small,amlc_02359,e_4761442,698766,True,329,40227,True,True,329,,True,True,True,True,True,True
HI-Small,amlc_02360,e_4761627,698951,True,45,6250,True,True,45,,True,True,True,True,True,True
HI-Small,amlc_02361,e_4762153,699477,False,2690,339667,True,False,2690,e_5077673,True,True,True,True,True,True
HI-Small,amlc_02362,e_4763560,700884,True,3,823,True,True,3,,True,True,True,True,True,True
HI-Small,amlc_02363,e_4763714,701038,True,347,41487,True,True,347,,True,True,True,True,True,True
HI-Small,amlc_02364,e_4763831,701155,True,245,29974,True,True,245,,True,True,True,True,True,True
HI-Small,amlc_02365,e_4763833,701157,True,67,8607,True,True,67,,True,True,True,True,True,True
HI-Small,amlc_02366,e_4763835,701159,True,156,23637,True,True,156,,True,True,True,True,True,True
HI-Small,amlc_02367,e_4763836,701160,True,152,23105,True,True,152,,True,True,True,True,True,True
HI-Small,amlc_02368,e_4763838,701162,True,203,25664,True,True,203,,True,True,True,True,True,True
HI-Small,amlc_02369,e_4763839,701163,True,117,14050,True,True,117,,True,True,True,True,True,True
HI-Small,amlc_02370,e_4763841,701165,True,142,17374,True,True,142,,True,True,True,True,True,True
HI-Small,amlc_02371,e_4763842,701166,True,142,17374,True,True,142,,True,True,True,True,True,True
HI-Small,amlc_02372,e_4763843,701167,True,460,57777,True,True,460,,True,True,True,True,True,True
HI-Small,amlc_02373,e_4763844,701168,True,284,34107,True,True,284,,True,True,True,True,True,True
HI-Small,amlc_02374,e_4763846,701170,True,281,34386,True,True,281,,True,True,True,True,True,True
HI-Small,amlc_02375,e_4764092,701416,True,355,42683,True,True,355,,True,True,True,True,True,True
HI-Small,amlc_02376,e_4764493,701817,True,5,1158,True,True,5,,True,True,True,True,True,True
HI-Small,amlc_02377,e_4764527,701851,True,50,6313,True,True,50,,True,True,True,True,True,True
HI-Small,amlc_02378,e_4765130,702454,True,342,42986,True,True,342,,True,True,True,True,True,True
HI-Small,amlc_02379,e_4765167,702491,True,52,6839,True,True,52,,True,True,True,True,True,True
HI-Small,amlc_02380,e_4765544,702868,False,2983,355238,True,False,2983,e_5075579,True,True,True,True,True,True
HI-Small,amlc_02381,e_4765559,702883,True,341,42008,True,True,341,,True,True,True,True,True,True
HI-Small,amlc_02382,e_4765607,702931,True,61,7705,True,True,61,,True,True,True,True,True,True
HI-Small,amlc_02383,e_4766694,704018,True,150,18169,True,True,150,,True,True,True,True,True,True
HI-Small,amlc_02384,e_4767674,704998,True,44,6381,True,True,44,,True,True,True,True,True,True
HI-Small,amlc_02385,e_4768078,705402,True,545,65615,True,True,545,,True,True,True,True,True,True
HI-Small,amlc_02386,e_4768092,705416,True,596,70554,True,True,596,,True,True,True,True,True,True
HI-Small,amlc_02387,e_4768161,705485,True,4,962,True,True,4,,True,True,True,True,True,True
HI-Small,amlc_02388,e_4768308,705632,True,968,114729,True,True,968,,True,True,True,True,True,True
HI-Small,amlc_02389,e_4768492,705816,True,225,28214,True,True,225,,True,True,True,True,True,True
HI-Small,amlc_02390,e_4769476,706800,True,8,1505,True,True,8,,True,True,True,True,True,True
HI-Small,amlc_02391,e_4770323,707647,False,2253,257813,True,False,2253,e_5072691,True,True,True,True,True,True
HI-Small,amlc_02392,e_4771317,708641,True,209,23629,True,True,209,,True,True,True,True,True,True
HI-Small,amlc_02393,e_4771471,708795,True,278,31735,True,True,278,,True,True,True,True,True,True
HI-Small,amlc_02394,e_4771673,708997,False,2272,260553,True,False,2272,e_5076202,True,True,True,True,True,True
HI-Small,amlc_02395,e_4773809,711133,True,149,17886,True,True,149,,True,True,True,True,True,True
HI-Small,amlc_02396,e_4773991,711315,True,426,50358,True,True,426,,True,True,True,True,True,True
HI-Small,amlc_02397,e_4774215,711539,True,1073,125379,True,True,1073,,True,True,True,True,True,True
HI-Small,amlc_02398,e_4774258,711582,True,99,12194,True,True,99,,True,True,True,True,True,True
HI-Small,amlc_02399,e_4774526,711850,True,291,34732,True,True,291,,True,True,True,True,True,True
HI-Small,amlc_02400,e_4774762,712086,True,5,1059,True,True,5,,True,True,True,True,True,True
HI-Small,amlc_02401,e_4774884,712208,True,207,26054,True,True,207,,True,True,True,True,True,True
HI-Small,amlc_02402,e_4775020,712344,True,608,77893,True,True,608,,True,True,True,True,True,True
HI-Small,amlc_02403,e_4775079,712403,True,6,1330,True,True,6,,True,True,True,True,True,True
HI-Small,amlc_02404,e_4775156,712480,True,165,23520,True,True,165,,True,True,True,True,True,True
HI-Small,amlc_02405,e_4775439,712763,True,871,107314,True,True,871,,True,True,True,True,True,True
HI-Small,amlc_02406,e_4775813,713137,True,363,43983,True,True,363,,True,True,True,True,True,True
HI-Small,amlc_02407,e_4776067,713391,True,1238,148887,True,True,1238,,True,True,True,True,True,True
HI-Small,amlc_02408,e_4776330,713654,True,378,45558,True,True,378,,True,True,True,True,True,True
HI-Small,amlc_02409,e_4777019,714343,True,213,26351,True,True,213,,True,True,True,True,True,True
HI-Small,amlc_02410,e_4777021,714345,True,290,35306,True,True,290,,True,True,True,True,True,True
HI-Small,amlc_02411,e_4777023,714347,True,228,28302,True,True,228,,True,True,True,True,True,True
HI-Small,amlc_02412,e_4777024,714348,True,89,11210,True,True,89,,True,True,True,True,True,True
HI-Small,amlc_02413,e_4777026,714350,True,60,8036,True,True,60,,True,True,True,True,True,True
HI-Small,amlc_02414,e_4777027,714351,True,60,8036,True,True,60,,True,True,True,True,True,True
HI-Small,amlc_02415,e_4777028,714352,True,55,7353,True,True,55,,True,True,True,True,True,True
HI-Small,amlc_02416,e_4777029,714353,True,55,7353,True,True,55,,True,True,True,True,True,True
HI-Small,amlc_02417,e_4777031,714355,True,151,22857,True,True,151,,True,True,True,True,True,True
HI-Small,amlc_02418,e_4777032,714356,True,153,23069,True,True,153,,True,True,True,True,True,True
HI-Small,amlc_02419,e_4777034,714358,True,134,16785,True,True,134,,True,True,True,True,True,True
HI-Small,amlc_02420,e_4777036,714360,True,1366,164771,True,True,1366,,True,True,True,True,True,True
HI-Small,amlc_02421,e_4777037,714361,True,596,69630,True,True,596,,True,True,True,True,True,True
HI-Small,amlc_02422,e_4777963,715287,False,1937,232461,True,False,1937,e_5071602,True,True,True,True,True,True
HI-Small,amlc_02423,e_4778097,715421,True,16,2385,True,True,16,,True,True,True,True,True,True
HI-Small,amlc_02424,e_4778315,715639,True,733,85296,True,True,733,,True,True,True,True,True,True
HI-Small,amlc_02425,e_4778342,715666,True,519,62448,True,True,519,,True,True,True,True,True,True
HI-Small,amlc_02426,e_4778408,715732,False,1908,228187,True,False,1908,e_2928642,True,True,True,True,True,True
HI-Small,amlc_02427,e_4778463,715787,True,493,60107,True,True,493,,True,True,True,True,True,True
HI-Small,amlc_02428,e_4778647,715971,True,475,57557,True,True,475,,True,True,True,True,True,True
HI-Small,amlc_02429,e_4778783,716107,True,1087,128834,True,True,1087,,True,True,True,True,True,True
HI-Small,amlc_02430,e_4779373,716697,True,31,4463,True,True,31,,True,True,True,True,True,True
HI-Small,amlc_02431,e_4779587,716911,True,760,92387,True,True,760,,True,True,True,True,True,True
HI-Small,amlc_02432,e_4779926,717250,False,2610,310685,True,False,2610,e_5075739,True,True,True,True,True,True
HI-Small,amlc_02433,e_4780196,717520,True,1035,123801,True,True,1035,,True,True,True,True,True,True
HI-Small,amlc_02434,e_4780337,717661,True,23,4009,True,True,23,,True,True,True,True,True,True
HI-Small,amlc_02435,e_4780435,717759,True,352,43678,True,True,352,,True,True,True,True,True,True
HI-Small,amlc_02436,e_4780731,718055,False,2258,269542,True,False,2258,e_4421681,True,True,True,True,True,True
HI-Small,amlc_02437,e_4780888,718212,True,45,5625,True,True,45,,True,True,True,True,True,True
HI-Small,amlc_02438,e_4780956,718280,True,180,21495,True,True,180,,True,True,True,True,True,True
HI-Small,amlc_02439,e_4781066,718390,True,7,1361,True,True,7,,True,True,True,True,True,True
HI-Small,amlc_02440,e_4781478,718802,False,1836,221067,True,False,1836,e_5066952,True,True,True,True,True,True
HI-Small,amlc_02441,e_4781488,718812,True,114,14034,True,True,114,,True,True,True,True,True,True
HI-Small,amlc_02442,e_4781772,719096,True,4,970,True,True,4,,True,True,True,True,True,True
HI-Small,amlc_02443,e_4782162,719486,True,8,1598,True,True,8,,True,True,True,True,True,True
HI-Small,amlc_02444,e_4782292,719616,True,57,9252,True,True,57,,True,True,True,True,True,True
HI-Small,amlc_02445,e_4782483,719807,True,1315,148881,True,True,1315,,True,True,True,True,True,True
HI-Small,amlc_02446,e_4783185,720509,True,586,67535,True,True,586,,True,True,True,True,True,True
HI-Small,amlc_02447,e_4784100,721424,True,381,43827,True,True,381,,True,True,True,True,True,True
HI-Small,amlc_02448,e_4784249,721573,True,818,92604,True,True,818,,True,True,True,True,True,True
HI-Small,amlc_02449,e_4784518,721842,True,161,18995,True,True,161,,True,True,True,True,True,True
HI-Small,amlc_02450,e_4785296,722620,True,72,9242,True,True,72,,True,True,True,True,True,True
HI-Small,amlc_02451,e_4785607,722931,True,246,30031,True,True,246,,True,True,True,True,True,True
HI-Small,amlc_02452,e_4785627,722951,True,1110,128126,True,True,1110,,True,True,True,True,True,True
HI-Small,amlc_02453,e_4785730,723054,True,196,23738,True,True,196,,True,True,True,True,True,True
HI-Small,amlc_02454,e_4785850,723174,True,249,29882,True,True,249,,True,True,True,True,True,True
HI-Small,amlc_02455,e_4786064,723388,True,254,29416,True,True,254,,True,True,True,True,True,True
HI-Small,amlc_02456,e_4786357,723681,False,2411,279802,True,False,2411,e_5073096,True,True,True,True,True,True
HI-Small,amlc_02457,e_4786446,723770,True,795,93755,True,True,795,,True,True,True,True,True,True
HI-Small,amlc_02458,e_4786709,724033,True,191,22804,True,True,191,,True,True,True,True,True,True
HI-Small,amlc_02459,e_4786946,724270,True,3,840,True,True,3,,True,True,True,True,True,True
HI-Small,amlc_02460,e_4787215,724539,False,2588,302562,True,False,2588,e_5057376,True,True,True,True,True,True
HI-Small,amlc_02461,e_4787290,724614,False,2150,251777,True,False,2150,e_5077461,True,True,True,True,True,True
HI-Small,amlc_02462,e_4787948,725272,True,81,11675,True,True,81,,True,True,True,True,True,True
HI-Small,amlc_02463,e_4788085,725409,True,603,78245,True,True,603,,True,True,True,True,True,True
HI-Small,amlc_02464,e_4788176,725500,True,439,57092,True,True,439,,True,True,True,True,True,True
HI-Small,amlc_02465,e_4788190,725514,True,5,1065,True,True,5,,True,True,True,True,True,True
HI-Small,amlc_02466,e_4788608,725932,True,31,5072,True,True,31,,True,True,True,True,True,True
HI-Small,amlc_02467,e_4788666,725990,False,2506,307865,True,False,2506,e_5077838,True,True,True,True,True,True
HI-Small,amlc_02468,e_4788810,726134,True,45,6124,True,True,45,,True,True,True,True,True,True
HI-Small,amlc_02469,e_4788880,726204,True,1017,122723,True,True,1017,,True,True,True,True,True,True
HI-Small,amlc_02470,e_4789144,726468,True,5,1071,True,True,5,,True,True,True,True,True,True
HI-Small,amlc_02471,e_4789369,726693,True,274,35710,True,True,274,,True,True,True,True,True,True
HI-Small,amlc_02472,e_4789912,727236,True,38,5028,True,True,38,,True,True,True,True,True,True
HI-Small,amlc_02473,e_4790068,727392,True,187,26353,True,True,187,,True,True,True,True,True,True
HI-Small,amlc_02474,e_4790070,727394,True,138,19313,True,True,138,,True,True,True,True,True,True
HI-Small,amlc_02475,e_4790072,727396,True,174,21582,True,True,174,,True,True,True,True,True,True
HI-Small,amlc_02476,e_4790074,727398,True,847,98382,True,True,847,,True,True,True,True,True,True
HI-Small,amlc_02477,e_4790075,727399,True,468,56740,True,True,468,,True,True,True,True,True,True
HI-Small,amlc_02478,e_4790076,727400,True,64,9297,True,True,64,,True,True,True,True,True,True
HI-Small,amlc_02479,e_4790078,727402,True,266,33212,True,True,266,,True,True,True,True,True,True
HI-Small,amlc_02480,e_4790079,727403,True,307,38643,True,True,307,,True,True,True,True,True,True
HI-Small,amlc_02481,e_4790081,727405,True,66,9617,True,True,66,,True,True,True,True,True,True
HI-Small,amlc_02482,e_4790082,727406,True,113,15268,True,True,113,,True,True,True,True,True,True
HI-Small,amlc_02483,e_4790083,727407,True,167,22159,True,True,167,,True,True,True,True,True,True
HI-Small,amlc_02484,e_4790085,727409,True,64,9297,True,True,64,,True,True,True,True,True,True
HI-Small,amlc_02485,e_4790087,727411,True,213,26560,True,True,213,,True,True,True,True,True,True
HI-Small,amlc_02486,e_4790088,727412,True,66,9613,True,True,66,,True,True,True,True,True,True
HI-Small,amlc_02487,e_4790090,727414,True,179,23967,True,True,179,,True,True,True,True,True,True
HI-Small,amlc_02488,e_4790092,727416,True,474,58340,True,True,474,,True,True,True,True,True,True
HI-Small,amlc_02489,e_4790093,727417,True,474,58340,True,True,474,,True,True,True,True,True,True
HI-Small,amlc_02490,e_4790094,727418,True,474,58340,True,True,474,,True,True,True,True,True,True
HI-Small,amlc_02491,e_4790902,728226,True,257,32265,True,True,257,,True,True,True,True,True,True
HI-Small,amlc_02492,e_4791219,728543,False,2184,260999,True,False,2184,e_5059934,True,True,True,True,True,True
HI-Small,amlc_02493,e_4791801,729125,True,285,34005,True,True,285,,True,True,True,True,True,True
HI-Small,amlc_02494,e_4792078,729402,False,2437,289732,True,False,2437,e_4117776,True,True,True,True,True,True
HI-Small,amlc_02495,e_4792175,729499,True,273,33680,True,True,273,,True,True,True,True,True,True
HI-Small,amlc_02496,e_4792951,730275,True,48,6796,True,True,48,,True,True,True,True,True,True
HI-Small,amlc_02497,e_4793378,730702,True,4,932,True,True,4,,True,True,True,True,True,True
HI-Small,amlc_02498,e_4793856,731180,True,984,115050,True,True,984,,True,True,True,True,True,True
HI-Small,amlc_02499,e_4794099,731423,True,72,10960,True,True,72,,True,True,True,True,True,True
HI-Small,amlc_02500,e_4794276,731600,True,331,38787,True,True,331,,True,True,True,True,True,True
HI-Small,amlc_02501,e_4794367,731691,True,174,21170,True,True,174,,True,True,True,True,True,True
HI-Small,amlc_02502,e_4795450,732774,False,2543,288455,True,False,2543,e_5072275,True,True,True,True,True,True
HI-Small,amlc_02503,e_4795665,732989,True,594,68606,True,True,594,,True,True,True,True,True,True
HI-Small,amlc_02504,e_4795915,733239,True,488,55703,True,True,488,,True,True,True,True,True,True
HI-Small,amlc_02505,e_4795916,733240,True,859,98907,True,True,859,,True,True,True,True,True,True
HI-Small,amlc_02506,e_4796077,733401,True,159,18453,True,True,159,,True,True,True,True,True,True
HI-Small,amlc_02507,e_4796293,733617,False,1943,223320,True,False,1943,e_5072150,True,True,True,True,True,True
HI-Small,amlc_02508,e_4796793,734117,True,217,25127,True,True,217,,True,True,True,True,True,True
HI-Small,amlc_02509,e_4797297,734621,True,654,77270,True,True,654,,True,True,True,True,True,True
HI-Small,amlc_02510,e_4797918,735242,True,15,2448,True,True,15,,True,True,True,True,True,True
HI-Small,amlc_02511,e_4798670,735994,True,37,5893,True,True,37,,True,True,True,True,True,True
HI-Small,amlc_02512,e_4799793,737117,True,426,52030,True,True,426,,True,True,True,True,True,True
HI-Small,amlc_02513,e_4800415,737739,True,21,3252,True,True,21,,True,True,True,True,True,True
HI-Small,amlc_02514,e_4800810,738134,True,317,39994,True,True,317,,True,True,True,True,True,True
HI-Small,amlc_02515,e_4802374,739698,True,409,49020,True,True,409,,True,True,True,True,True,True
HI-Small,amlc_02516,e_4803016,740340,True,28,4412,True,True,28,,True,True,True,True,True,True
HI-Small,amlc_02517,e_4803018,740342,True,13,2252,True,True,13,,True,True,True,True,True,True
HI-Small,amlc_02518,e_4803021,740345,True,53,6884,True,True,53,,True,True,True,True,True,True
HI-Small,amlc_02519,e_4803041,740365,True,130,19640,True,True,130,,True,True,True,True,True,True
HI-Small,amlc_02520,e_4803043,740367,True,45,6407,True,True,45,,True,True,True,True,True,True
HI-Small,amlc_02521,e_4803063,740387,True,78,10374,True,True,78,,True,True,True,True,True,True
HI-Small,amlc_02522,e_4803065,740389,True,77,9737,True,True,77,,True,True,True,True,True,True
HI-Small,amlc_02523,e_4803067,740391,True,349,41304,True,True,349,,True,True,True,True,True,True
HI-Small,amlc_02524,e_4803070,740394,True,803,96915,True,True,803,,True,True,True,True,True,True
HI-Small,amlc_02525,e_4803072,740396,True,34,4936,True,True,34,,True,True,True,True,True,True
HI-Small,amlc_02526,e_4803074,740398,True,38,5392,True,True,38,,True,True,True,True,True,True
HI-Small,amlc_02527,e_4803075,740399,True,38,5392,True,True,38,,True,True,True,True,True,True
HI-Small,amlc_02528,e_4803077,740401,True,363,44479,True,True,363,,True,True,True,True,True,True
HI-Small,amlc_02529,e_4803078,740402,True,282,33482,True,True,282,,True,True,True,True,True,True
HI-Small,amlc_02530,e_4803079,740403,True,638,73687,True,True,638,,True,True,True,True,True,True
HI-Small,amlc_02531,e_4803081,740405,True,246,28821,True,True,246,,True,True,True,True,True,True
HI-Small,amlc_02532,e_4803084,740408,True,24,3689,True,True,24,,True,True,True,True,True,True
HI-Small,amlc_02533,e_4804376,741700,True,327,40658,True,True,327,,True,True,True,True,True,True
HI-Small,amlc_02534,e_4804733,742057,True,438,54149,True,True,438,,True,True,True,True,True,True
HI-Small,amlc_02535,e_4805936,743260,True,1053,125485,True,True,1053,,True,True,True,True,True,True
HI-Small,amlc_02536,e_4806202,743526,True,106,13742,True,True,106,,True,True,True,True,True,True
HI-Small,amlc_02537,e_4806206,743530,True,27,3952,True,True,27,,True,True,True,True,True,True
HI-Small,amlc_02538,e_4806380,743704,True,6,1272,True,True,6,,True,True,True,True,True,True
HI-Small,amlc_02539,e_4806501,743825,True,238,31303,True,True,238,,True,True,True,True,True,True
HI-Small,amlc_02540,e_4807070,744394,True,136,16479,True,True,136,,True,True,True,True,True,True
HI-Small,amlc_02541,e_4807589,744913,True,330,40681,True,True,330,,True,True,True,True,True,True
HI-Small,amlc_02542,e_4809097,746421,True,860,99455,True,True,860,,True,True,True,True,True,True
HI-Small,amlc_02543,e_4809227,746551,True,120,14057,True,True,120,,True,True,True,True,True,True
HI-Small,amlc_02544,e_4809230,746554,True,642,75106,True,True,642,,True,True,True,True,True,True
HI-Small,amlc_02545,e_4809413,746737,True,1107,125818,True,True,1107,,True,True,True,True,True,True
HI-Small,amlc_02546,e_4809521,746845,True,286,33535,True,True,286,,True,True,True,True,True,True
HI-Small,amlc_02547,e_4809779,747103,True,96,11295,True,True,96,,True,True,True,True,True,True
HI-Small,amlc_02548,e_4809920,747244,False,2464,281514,True,False,2464,e_4790086,True,True,True,True,True,True
HI-Small,amlc_02549,e_4809969,747293,True,16,2323,True,True,16,,True,True,True,True,True,True
HI-Small,amlc_02550,e_4811048,748372,True,37,4629,True,True,37,,True,True,True,True,True,True
HI-Small,amlc_02551,e_4811195,748519,True,392,46001,True,True,392,,True,True,True,True,True,True
HI-Small,amlc_02552,e_4811393,748717,True,394,45972,True,True,394,,True,True,True,True,True,True
HI-Small,amlc_02553,e_4811713,749037,True,49,6055,True,True,49,,True,True,True,True,True,True
HI-Small,amlc_02554,e_4811828,749152,False,2422,276030,True,False,2422,e_5076963,True,True,True,True,True,True
HI-Small,amlc_02555,e_4812571,749895,True,198,22788,True,True,198,,True,True,True,True,True,True
HI-Small,amlc_02556,e_4812799,750123,True,207,25113,True,True,207,,True,True,True,True,True,True
HI-Small,amlc_02557,e_4812850,750174,True,904,106111,True,True,904,,True,True,True,True,True,True
HI-Small,amlc_02558,e_4813303,750627,True,7,1382,True,True,7,,True,True,True,True,True,True
HI-Small,amlc_02559,e_4814133,751457,True,964,119913,True,True,964,,True,True,True,True,True,True
HI-Small,amlc_02560,e_4814165,751489,True,158,20511,True,True,158,,True,True,True,True,True,True
HI-Small,amlc_02561,e_4814537,751861,False,2328,294549,True,False,2328,e_5077650,True,True,True,True,True,True
HI-Small,amlc_02562,e_4815187,752511,True,3,828,True,True,3,,True,True,True,True,True,True
HI-Small,amlc_02563,e_4815444,752768,False,1950,236968,True,False,1950,e_5078006,True,True,True,True,True,True
HI-Small,amlc_02564,e_4815749,753073,True,83,10798,True,True,83,,True,True,True,True,True,True
HI-Small,amlc_02565,e_4815800,753124,True,7,1475,True,True,7,,True,True,True,True,True,True
HI-Small,amlc_02566,e_4815847,753171,True,878,102696,True,True,878,,True,True,True,True,True,True
HI-Small,amlc_02567,e_4816595,753919,True,247,30058,True,True,247,,True,True,True,True,True,True
HI-Small,amlc_02568,e_4816731,754055,True,2008,236805,True,True,2008,,True,True,True,True,True,True
HI-Small,amlc_02569,e_4817578,754902,True,280,34587,True,True,280,,True,True,True,True,True,True
HI-Small,amlc_02570,e_4817728,755052,True,46,6057,True,True,46,,True,True,True,True,True,True
HI-Small,amlc_02571,e_4817835,755159,True,539,66556,True,True,539,,True,True,True,True,True,True
HI-Small,amlc_02572,e_4818737,756061,True,46,7404,True,True,46,,True,True,True,True,True,True
HI-Small,amlc_02573,e_4818778,756102,True,5,1162,True,True,5,,True,True,True,True,True,True
HI-Small,amlc_02574,e_4820074,757398,True,188,22955,True,True,188,,True,True,True,True,True,True
HI-Small,amlc_02575,e_4820399,757723,True,4,954,True,True,4,,True,True,True,True,True,True
HI-Small,amlc_02576,e_4821083,758407,True,6,1167,True,True,6,,True,True,True,True,True,True
HI-Small,amlc_02577,e_4821983,759307,True,35,5600,True,True,35,,True,True,True,True,True,True
HI-Small,amlc_02578,e_4823245,760569,False,2157,245781,True,False,2157,e_4529490,True,True,True,True,True,True
HI-Small,amlc_02579,e_4823558,760882,False,2252,258352,True,False,2252,e_5076058,True,True,True,True,True,True
HI-Small,amlc_02580,e_4824246,761570,True,29,4713,True,True,29,,True,True,True,True,True,True
HI-Small,amlc_02581,e_4824443,761767,True,26,3686,True,True,26,,True,True,True,True,True,True
HI-Small,amlc_02582,e_4824875,762199,False,2200,252685,True,False,2200,e_5061077,True,True,True,True,True,True
HI-Small,amlc_02583,e_4825363,762687,True,84,10313,True,True,84,,True,True,True,True,True,True
HI-Small,amlc_02584,e_4825465,762789,True,1054,121231,True,True,1054,,True,True,True,True,True,True
HI-Small,amlc_02585,e_4825493,762817,True,423,50433,True,True,423,,True,True,True,True,True,True
HI-Small,amlc_02586,e_4825752,763076,True,425,49682,True,True,425,,True,True,True,True,True,True
HI-Small,amlc_02587,e_4826011,763335,True,275,32599,True,True,275,,True,True,True,True,True,True
HI-Small,amlc_02588,e_4826095,763419,True,527,63664,True,True,527,,True,True,True,True,True,True
HI-Small,amlc_02589,e_4826187,763511,True,196,24346,True,True,196,,True,True,True,True,True,True
HI-Small,amlc_02590,e_4827112,764436,True,1091,146211,True,True,1091,,True,True,True,True,True,True
HI-Small,amlc_02591,e_4827566,764890,True,701,93863,True,True,701,,True,True,True,True,True,True
HI-Small,amlc_02592,e_4827840,765164,False,2050,251851,True,False,2050,e_5077823,True,True,True,True,True,True
HI-Small,amlc_02593,e_4828150,765474,True,92,12816,True,True,92,,True,True,True,True,True,True
HI-Small,amlc_02594,e_4828201,765525,True,36,4860,True,True,36,,True,True,True,True,True,True
HI-Small,amlc_02595,e_4828292,765616,True,903,107693,True,True,903,,True,True,True,True,True,True
HI-Small,amlc_02596,e_4828677,766001,True,3,851,True,True,3,,True,True,True,True,True,True
HI-Small,amlc_02597,e_4829888,767212,True,334,37835,True,True,334,,True,True,True,True,True,True
HI-Small,amlc_02598,e_4830368,767692,True,635,76402,True,True,635,,True,True,True,True,True,True
HI-Small,amlc_02599,e_4830996,768320,True,124,16077,True,True,124,,True,True,True,True,True,True
HI-Small,amlc_02600,e_4831042,768366,True,516,62392,True,True,516,,True,True,True,True,True,True
HI-Small,amlc_02601,e_4831988,769312,True,397,49728,True,True,397,,True,True,True,True,True,True
HI-Small,amlc_02602,e_4832071,769395,True,152,19248,True,True,152,,True,True,True,True,True,True
HI-Small,amlc_02603,e_4832104,769428,True,4,956,True,True,4,,True,True,True,True,True,True
HI-Small,amlc_02604,e_4832430,769754,True,5,1175,True,True,5,,True,True,True,True,True,True
HI-Small,amlc_02605,e_4832449,769773,True,6,1170,True,True,6,,True,True,True,True,True,True
HI-Small,amlc_02606,e_4832736,770060,True,31,5194,True,True,31,,True,True,True,True,True,True
HI-Small,amlc_02607,e_4833025,770349,True,283,36464,True,True,283,,True,True,True,True,True,True
HI-Small,amlc_02608,e_4833211,770535,True,288,35498,True,True,288,,True,True,True,True,True,True
HI-Small,amlc_02609,e_4834185,771509,True,169,20804,True,True,169,,True,True,True,True,True,True
HI-Small,amlc_02610,e_4834320,771644,True,274,33411,True,True,274,,True,True,True,True,True,True
HI-Small,amlc_02611,e_4834826,772150,True,528,64520,True,True,528,,True,True,True,True,True,True
HI-Small,amlc_02612,e_4834862,772186,True,35,4438,True,True,35,,True,True,True,True,True,True
HI-Small,amlc_02613,e_4835127,772451,True,117,13927,True,True,117,,True,True,True,True,True,True
HI-Small,amlc_02614,e_4835741,773065,True,452,52970,True,True,452,,True,True,True,True,True,True
HI-Small,amlc_02615,e_4835790,773114,True,6,1225,True,True,6,,True,True,True,True,True,True
HI-Small,amlc_02616,e_4835833,773157,True,147,20429,True,True,147,,True,True,True,True,True,True
HI-Small,amlc_02617,e_4836049,773373,True,9,1773,True,True,9,,True,True,True,True,True,True
HI-Small,amlc_02618,e_4836883,774207,True,255,31353,True,True,255,,True,True,True,True,True,True
HI-Small,amlc_02619,e_4837394,774718,False,2198,252587,True,False,2198,e_5072429,True,True,True,True,True,True
HI-Small,amlc_02620,e_4838134,775458,False,2491,281739,True,False,2491,e_5076850,True,True,True,True,True,True
HI-Small,amlc_02621,e_4838250,775574,True,391,45288,True,True,391,,True,True,True,True,True,True
HI-Small,amlc_02622,e_4838426,775750,True,872,99889,True,True,872,,True,True,True,True,True,True
HI-Small,amlc_02623,e_4838521,775845,False,2177,249033,True,False,2177,e_5077021,True,True,True,True,True,True
HI-Small,amlc_02624,e_4838645,775969,True,16,2601,True,True,16,,True,True,True,True,True,True
HI-Small,amlc_02625,e_4838669,775993,True,378,43697,True,True,378,,True,True,True,True,True,True
HI-Small,amlc_02626,e_4839112,776436,True,117,13944,True,True,117,,True,True,True,True,True,True
HI-Small,amlc_02627,e_4839722,777046,True,823,96057,True,True,823,,True,True,True,True,True,True
HI-Small,amlc_02628,e_4839814,777138,True,642,75563,True,True,642,,True,True,True,True,True,True
HI-Small,amlc_02629,e_4840088,777412,True,9,1703,True,True,9,,True,True,True,True,True,True
HI-Small,amlc_02630,e_4840191,777515,True,39,5149,True,True,39,,True,True,True,True,True,True
HI-Small,amlc_02631,e_4840194,777518,False,2268,266211,True,False,2268,e_5077476,True,True,True,True,True,True
HI-Small,amlc_02632,e_4840448,777772,True,187,23322,True,True,187,,True,True,True,True,True,True
HI-Small,amlc_02633,e_4840678,778002,True,271,34874,True,True,271,,True,True,True,True,True,True
HI-Small,amlc_02634,e_4841009,778333,True,886,104542,True,True,886,,True,True,True,True,True,True
HI-Small,amlc_02635,e_4842141,779465,True,726,100800,True,True,726,,True,True,True,True,True,True
HI-Small,amlc_02636,e_4842394,779718,True,97,12042,True,True,97,,True,True,True,True,True,True
HI-Small,amlc_02637,e_4842515,779839,True,759,89059,True,True,759,,True,True,True,True,True,True
HI-Small,amlc_02638,e_4843123,780447,True,168,19618,True,True,168,,True,True,True,True,True,True
HI-Small,amlc_02639,e_4843411,780735,True,524,61879,True,True,524,,True,True,True,True,True,True
HI-Small,amlc_02640,e_4843858,781182,True,1045,126822,True,True,1045,,True,True,True,True,True,True
HI-Small,amlc_02641,e_4844328,781652,True,95,12316,True,True,95,,True,True,True,True,True,True
HI-Small,amlc_02642,e_4844386,781710,True,205,24761,True,True,205,,True,True,True,True,True,True
HI-Small,amlc_02643,e_4844405,781729,True,95,12051,True,True,95,,True,True,True,True,True,True
HI-Small,amlc_02644,e_4844844,782168,True,674,81866,True,True,674,,True,True,True,True,True,True
HI-Small,amlc_02645,e_4844933,782257,False,2705,320827,True,False,2705,e_5074395,True,True,True,True,True,True
HI-Small,amlc_02646,e_4845106,782430,True,324,38684,True,True,324,,True,True,True,True,True,True
HI-Small,amlc_02647,e_4845244,782568,True,164,20011,True,True,164,,True,True,True,True,True,True
HI-Small,amlc_02648,e_4845301,782625,True,3305,416675,True,True,3305,,True,True,True,True,True,True
HI-Small,amlc_02649,e_4845390,782714,True,511,61803,True,True,511,,True,True,True,True,True,True
HI-Small,amlc_02650,e_4845481,782805,True,377,47790,True,True,377,,True,True,True,True,True,True
HI-Small,amlc_02651,e_4845598,782922,False,2609,312601,True,False,2609,e_5074838,True,True,True,True,True,True
HI-Small,amlc_02652,e_4845960,783284,True,1249,149741,True,True,1249,,True,True,True,True,True,True
HI-Small,amlc_02653,e_4846115,783439,True,673,81679,True,True,673,,True,True,True,True,True,True
HI-Small,amlc_02654,e_4847731,785055,True,725,87020,True,True,725,,True,True,True,True,True,True
HI-Small,amlc_02655,e_4847817,785141,False,1992,240803,True,False,1992,e_5071813,True,True,True,True,True,True
HI-Small,amlc_02656,e_4848377,785701,True,98,11879,True,True,98,,True,True,True,True,True,True
HI-Small,amlc_02657,e_4849590,786914,True,867,100022,True,True,867,,True,True,True,True,True,True
HI-Small,amlc_02658,e_4849665,786989,True,372,43251,True,True,372,,True,True,True,True,True,True
HI-Small,amlc_02659,e_4850042,787366,True,72,9924,True,True,72,,True,True,True,True,True,True
HI-Small,amlc_02660,e_4850175,787499,True,323,36550,True,True,323,,True,True,True,True,True,True
HI-Small,amlc_02661,e_4850727,788051,True,159,18618,True,True,159,,True,True,True,True,True,True
HI-Small,amlc_02662,e_4850949,788273,True,79,12523,True,True,79,,True,True,True,True,True,True
HI-Small,amlc_02663,e_4851092,788416,True,168,19432,True,True,168,,True,True,True,True,True,True
HI-Small,amlc_02664,e_4852180,789504,True,371,43634,True,True,371,,True,True,True,True,True,True
HI-Small,amlc_02665,e_4852793,790117,False,2047,239301,True,False,2047,e_5073319,True,True,True,True,True,True
HI-Small,amlc_02666,e_4853003,790327,True,317,38274,True,True,317,,True,True,True,True,True,True
HI-Small,amlc_02667,e_4853483,790807,True,452,56185,True,True,452,,True,True,True,True,True,True
HI-Small,amlc_02668,e_4853602,790926,True,59,7691,True,True,59,,True,True,True,True,True,True
HI-Small,amlc_02669,e_4853664,790988,True,304,38758,True,True,304,,True,True,True,True,True,True
HI-Small,amlc_02670,e_4853851,791175,True,104,13327,True,True,104,,True,True,True,True,True,True
HI-Small,amlc_02671,e_4853982,791306,True,85,11457,True,True,85,,True,True,True,True,True,True
HI-Small,amlc_02672,e_4854024,791348,True,926,117787,True,True,926,,True,True,True,True,True,True
HI-Small,amlc_02673,e_4854287,791611,True,830,102519,True,True,830,,True,True,True,True,True,True
HI-Small,amlc_02674,e_4854389,791713,True,314,40071,True,True,314,,True,True,True,True,True,True
HI-Small,amlc_02675,e_4854600,791924,True,47,6699,True,True,47,,True,True,True,True,True,True
HI-Small,amlc_02676,e_4854644,791968,True,71,9197,True,True,71,,True,True,True,True,True,True
HI-Small,amlc_02677,e_4854750,792074,True,1221,148290,True,True,1221,,True,True,True,True,True,True
HI-Small,amlc_02678,e_4854914,792238,True,70,8978,True,True,70,,True,True,True,True,True,True
HI-Small,amlc_02679,e_4855233,792557,True,368,46165,True,True,368,,True,True,True,True,True,True
HI-Small,amlc_02680,e_4855264,792588,True,763,93015,True,True,763,,True,True,True,True,True,True
HI-Small,amlc_02681,e_4855414,792738,True,51,6612,True,True,51,,True,True,True,True,True,True
HI-Small,amlc_02682,e_4855980,793304,True,98,12366,True,True,98,,True,True,True,True,True,True
HI-Small,amlc_02683,e_4856057,793381,True,1022,126200,True,True,1022,,True,True,True,True,True,True
HI-Small,amlc_02684,e_4856059,793383,True,315,41306,True,True,315,,True,True,True,True,True,True
HI-Small,amlc_02685,e_4856061,793385,True,438,53732,True,True,438,,True,True,True,True,True,True
HI-Small,amlc_02686,e_4856063,793387,True,173,23089,True,True,173,,True,True,True,True,True,True
HI-Small,amlc_02687,e_4856065,793389,True,89,13020,True,True,89,,True,True,True,True,True,True
HI-Small,amlc_02688,e_4856067,793391,True,886,107666,True,True,886,,True,True,True,True,True,True
HI-Small,amlc_02689,e_4856069,793393,True,91,13344,True,True,91,,True,True,True,True,True,True
HI-Small,amlc_02690,e_4856071,793395,True,363,45196,True,True,363,,True,True,True,True,True,True
HI-Small,amlc_02691,e_4856072,793396,True,93,13608,True,True,93,,True,True,True,True,True,True
HI-Small,amlc_02692,e_4856074,793398,True,89,13020,True,True,89,,True,True,True,True,True,True
HI-Small,amlc_02693,e_4856076,793400,True,93,13690,True,True,93,,True,True,True,True,True,True
HI-Small,amlc_02694,e_4856077,793401,True,250,31545,True,True,250,,True,True,True,True,True,True
HI-Small,amlc_02695,e_4856079,793403,True,89,13020,True,True,89,,True,True,True,True,True,True
HI-Small,amlc_02696,e_4856081,793405,True,178,26957,True,True,178,,True,True,True,True,True,True
HI-Small,amlc_02697,e_4856083,793407,True,993,122522,True,True,993,,True,True,True,True,True,True
HI-Small,amlc_02698,e_4856085,793409,True,993,122522,True,True,993,,True,True,True,True,True,True
HI-Small,amlc_02699,e_4856086,793410,True,993,122522,True,True,993,,True,True,True,True,True,True
HI-Small,amlc_02700,e_4856088,793412,True,993,122522,True,True,993,,True,True,True,True,True,True
HI-Small,amlc_02701,e_4856089,793413,True,993,122522,True,True,993,,True,True,True,True,True,True
HI-Small,amlc_02702,e_4856091,793415,True,993,122522,True,True,993,,True,True,True,True,True,True
HI-Small,amlc_02703,e_4856093,793417,True,993,122522,True,True,993,,True,True,True,True,True,True
HI-Small,amlc_02704,e_4856095,793419,True,993,122522,True,True,993,,True,True,True,True,True,True
HI-Small,amlc_02705,e_4856097,793421,True,993,122522,True,True,993,,True,True,True,True,True,True
HI-Small,amlc_02706,e_4856099,793423,True,993,122522,True,True,993,,True,True,True,True,True,True
HI-Small,amlc_02707,e_4856101,793425,True,993,122522,True,True,993,,True,True,True,True,True,True
HI-Small,amlc_02708,e_4856103,793427,True,993,122522,True,True,993,,True,True,True,True,True,True
HI-Small,amlc_02709,e_4856306,793630,True,50,6344,True,True,50,,True,True,True,True,True,True
HI-Small,amlc_02710,e_4856370,793694,True,737,83889,True,True,737,,True,True,True,True,True,True
HI-Small,amlc_02711,e_4856843,794167,True,592,70713,True,True,592,,True,True,True,True,True,True
HI-Small,amlc_02712,e_4856849,794173,True,1418,169097,True,True,1418,,True,True,True,True,True,True
HI-Small,amlc_02713,e_4857360,794684,True,891,106846,True,True,891,,True,True,True,True,True,True
HI-Small,amlc_02714,e_4858444,795768,True,423,50361,True,True,423,,True,True,True,True,True,True
HI-Small,amlc_02715,e_4858508,795832,True,767,92714,True,True,767,,True,True,True,True,True,True
HI-Small,amlc_02716,e_4859356,796680,True,353,43216,True,True,353,,True,True,True,True,True,True
HI-Small,amlc_02717,e_4859490,796814,True,320,38253,True,True,320,,True,True,True,True,True,True
HI-Small,amlc_02718,e_4859900,797224,True,531,61422,True,True,531,,True,True,True,True,True,True
HI-Small,amlc_02719,e_4860622,797946,True,476,59321,True,True,476,,True,True,True,True,True,True
HI-Small,amlc_02720,e_4860684,798008,True,773,91091,True,True,773,,True,True,True,True,True,True
HI-Small,amlc_02721,e_4860955,798279,True,152,18765,True,True,152,,True,True,True,True,True,True
HI-Small,amlc_02722,e_4861519,798843,True,1836,208028,True,True,1836,,True,True,True,True,True,True
HI-Small,amlc_02723,e_4861840,799164,True,499,57337,True,True,499,,True,True,True,True,True,True
HI-Small,amlc_02724,e_4861885,799209,True,87,11065,True,True,87,,True,True,True,True,True,True
HI-Small,amlc_02725,e_4862004,799328,True,496,57094,True,True,496,,True,True,True,True,True,True
HI-Small,amlc_02726,e_4862961,800285,True,600,69644,True,True,600,,True,True,True,True,True,True
HI-Small,amlc_02727,e_4862986,800310,True,385,45230,True,True,385,,True,True,True,True,True,True
HI-Small,amlc_02728,e_4863304,800628,True,80,9899,True,True,80,,True,True,True,True,True,True
HI-Small,amlc_02729,e_4864502,801826,False,2232,255134,True,False,2232,e_4737327,True,True,True,True,True,True
HI-Small,amlc_02730,e_4864707,802031,True,85,10198,True,True,85,,True,True,True,True,True,True
HI-Small,amlc_02731,e_4864912,802236,True,7,1548,True,True,7,,True,True,True,True,True,True
HI-Small,amlc_02732,e_4865252,802576,False,2140,245730,True,False,2140,e_5077049,True,True,True,True,True,True
HI-Small,amlc_02733,e_4865613,802937,True,211,25522,True,True,211,,True,True,True,True,True,True
HI-Small,amlc_02734,e_4866049,803373,True,140,17271,True,True,140,,True,True,True,True,True,True
HI-Small,amlc_02735,e_4867415,804739,True,113,14331,True,True,113,,True,True,True,True,True,True
HI-Small,amlc_02736,e_4867514,804838,True,5,1206,True,True,5,,True,True,True,True,True,True
HI-Small,amlc_02737,e_4867522,804846,True,825,106004,True,True,825,,True,True,True,True,True,True
HI-Small,amlc_02738,e_4867547,804871,False,2433,306895,True,False,2433,e_5077644,True,True,True,True,True,True
HI-Small,amlc_02739,e_4867549,804873,True,261,34742,True,True,261,,True,True,True,True,True,True
HI-Small,amlc_02740,e_4867694,805018,True,14,2703,True,True,14,,True,True,True,True,True,True
HI-Small,amlc_02741,e_4868763,806087,True,976,130341,True,True,976,,True,True,True,True,True,True
HI-Small,amlc_02742,e_4869223,806547,False,1909,223240,True,False,1909,e_5078051,True,True,True,True,True,True
HI-Small,amlc_02743,e_4869518,806842,True,20,3100,True,True,20,,True,True,True,True,True,True
HI-Small,amlc_02744,e_4869674,806998,True,114,13618,True,True,114,,True,True,True,True,True,True
HI-Small,amlc_02745,e_4870356,807680,False,2246,267594,True,False,2246,e_5071882,True,True,True,True,True,True
HI-Small,amlc_02746,e_4870686,808010,False,2159,259369,True,False,2159,e_4856070,True,True,True,True,True,True
HI-Small,amlc_02747,e_4871165,808489,True,446,55373,True,True,446,,True,True,True,True,True,True
HI-Small,amlc_02748,e_4871170,808494,True,686,82960,True,True,686,,True,True,True,True,True,True
HI-Small,amlc_02749,e_4871216,808540,True,354,43918,True,True,354,,True,True,True,True,True,True
HI-Small,amlc_02750,e_4871748,809072,True,517,63292,True,True,517,,True,True,True,True,True,True
HI-Small,amlc_02751,e_4871876,809200,True,521,64190,True,True,521,,True,True,True,True,True,True
HI-Small,amlc_02752,e_4872074,809398,True,341,41910,True,True,341,,True,True,True,True,True,True
HI-Small,amlc_02753,e_4872199,809523,True,266,33938,True,True,266,,True,True,True,True,True,True
HI-Small,amlc_02754,e_4872277,809601,True,420,51917,True,True,420,,True,True,True,True,True,True
HI-Small,amlc_02755,e_4872605,809929,True,608,76909,True,True,608,,True,True,True,True,True,True
HI-Small,amlc_02756,e_4873231,810555,True,557,66611,True,True,557,,True,True,True,True,True,True
HI-Small,amlc_02757,e_4873670,810994,True,222,28197,True,True,222,,True,True,True,True,True,True
HI-Small,amlc_02758,e_4874437,811761,True,357,44059,True,True,357,,True,True,True,True,True,True
HI-Small,amlc_02759,e_4874725,812049,True,727,88330,True,True,727,,True,True,True,True,True,True
HI-Small,amlc_02760,e_4874884,812208,True,278,34816,True,True,278,,True,True,True,True,True,True
HI-Small,amlc_02761,e_4875056,812380,True,567,72513,True,True,567,,True,True,True,True,True,True
HI-Small,amlc_02762,e_4875515,812839,True,379,46062,True,True,379,,True,True,True,True,True,True
HI-Small,amlc_02763,e_4876333,813657,True,272,34402,True,True,272,,True,True,True,True,True,True
HI-Small,amlc_02764,e_4876350,813674,True,204,25021,True,True,204,,True,True,True,True,True,True
HI-Small,amlc_02765,e_4876417,813741,True,418,51496,True,True,418,,True,True,True,True,True,True
HI-Small,amlc_02766,e_4876633,813957,True,917,110865,True,True,917,,True,True,True,True,True,True
HI-Small,amlc_02767,e_4877301,814625,True,1144,132432,True,True,1144,,True,True,True,True,True,True
HI-Small,amlc_02768,e_4878058,815382,True,219,27530,True,True,219,,True,True,True,True,True,True
HI-Small,amlc_02769,e_4878178,815502,True,519,60820,True,True,519,,True,True,True,True,True,True
HI-Small,amlc_02770,e_4878252,815576,True,57,9063,True,True,57,,True,True,True,True,True,True
HI-Small,amlc_02771,e_4878785,816109,True,392,46740,True,True,392,,True,True,True,True,True,True
HI-Small,amlc_02772,e_4879139,816463,True,124,15447,True,True,124,,True,True,True,True,True,True
HI-Small,amlc_02773,e_4879140,816464,True,313,37593,True,True,313,,True,True,True,True,True,True
HI-Small,amlc_02774,e_4879275,816599,True,283,34026,True,True,283,,True,True,True,True,True,True
HI-Small,amlc_02775,e_4879608,816932,True,856,97956,True,True,856,,True,True,True,True,True,True
HI-Small,amlc_02776,e_4880118,817442,True,893,101754,True,True,893,,True,True,True,True,True,True
HI-Small,amlc_02777,e_4880327,817651,True,303,35259,True,True,303,,True,True,True,True,True,True
HI-Small,amlc_02778,e_4880448,817772,True,323,38302,True,True,323,,True,True,True,True,True,True
HI-Small,amlc_02779,e_4880573,817897,True,148,17981,True,True,148,,True,True,True,True,True,True
HI-Small,amlc_02780,e_4880583,817907,True,106,13152,True,True,106,,True,True,True,True,True,True
HI-Small,amlc_02781,e_4880610,817934,True,273,32474,True,True,273,,True,True,True,True,True,True
HI-Small,amlc_02782,e_4881608,818932,True,257,31324,True,True,257,,True,True,True,True,True,True
HI-Small,amlc_02783,e_4882163,819487,True,490,56504,True,True,490,,True,True,True,True,True,True
HI-Small,amlc_02784,e_4882638,819962,True,577,67559,True,True,577,,True,True,True,True,True,True
HI-Small,amlc_02785,e_4883285,820609,True,279,32583,True,True,279,,True,True,True,True,True,True
HI-Small,amlc_02786,e_4883428,820752,True,391,46219,True,True,391,,True,True,True,True,True,True
HI-Small,amlc_02787,e_4883561,820885,True,597,69881,True,True,597,,True,True,True,True,True,True
HI-Small,amlc_02788,e_4883703,821027,True,372,44827,True,True,372,,True,True,True,True,True,True
HI-Small,amlc_02789,e_4883854,821178,True,795,93002,True,True,795,,True,True,True,True,True,True
HI-Small,amlc_02790,e_4884801,822125,True,257,33316,True,True,257,,True,True,True,True,True,True
HI-Small,amlc_02791,e_4885045,822369,True,42,6048,True,True,42,,True,True,True,True,True,True
HI-Small,amlc_02792,e_4886193,823517,True,806,98241,True,True,806,,True,True,True,True,True,True
HI-Small,amlc_02793,e_4886350,823674,True,184,23934,True,True,184,,True,True,True,True,True,True
HI-Small,amlc_02794,e_4886400,823724,True,432,53290,True,True,432,,True,True,True,True,True,True
HI-Small,amlc_02795,e_4886474,823798,True,423,50964,True,True,423,,True,True,True,True,True,True
HI-Small,amlc_02796,e_4886678,824002,True,376,47757,True,True,376,,True,True,True,True,True,True
HI-Small,amlc_02797,e_4887280,824604,True,916,106979,True,True,916,,True,True,True,True,True,True
HI-Small,amlc_02798,e_4887395,824719,True,456,54033,True,True,456,,True,True,True,True,True,True
HI-Small,amlc_02799,e_4887491,824815,True,310,37167,True,True,310,,True,True,True,True,True,True
HI-Small,amlc_02800,e_4887962,825286,True,304,39861,True,True,304,,True,True,True,True,True,True
HI-Small,amlc_02801,e_4887995,825319,True,94,13462,True,True,94,,True,True,True,True,True,True
HI-Small,amlc_02802,e_4887997,825321,True,137,20357,True,True,137,,True,True,True,True,True,True
HI-Small,amlc_02803,e_4887999,825323,True,436,55220,True,True,436,,True,True,True,True,True,True
HI-Small,amlc_02804,e_4888001,825325,True,436,55220,True,True,436,,True,True,True,True,True,True
HI-Small,amlc_02805,e_4888002,825326,True,436,55220,True,True,436,,True,True,True,True,True,True
HI-Small,amlc_02806,e_4888003,825327,True,436,55220,True,True,436,,True,True,True,True,True,True
HI-Small,amlc_02807,e_4888005,825329,True,436,55220,True,True,436,,True,True,True,True,True,True
HI-Small,amlc_02808,e_4888006,825330,True,436,55220,True,True,436,,True,True,True,True,True,True
HI-Small,amlc_02809,e_4888008,825332,True,436,55220,True,True,436,,True,True,True,True,True,True
HI-Small,amlc_02810,e_4888009,825333,True,436,55220,True,True,436,,True,True,True,True,True,True
HI-Small,amlc_02811,e_4888011,825335,True,436,55220,True,True,436,,True,True,True,True,True,True
HI-Small,amlc_02812,e_4888013,825337,True,436,55220,True,True,436,,True,True,True,True,True,True
HI-Small,amlc_02813,e_4888015,825339,True,436,55220,True,True,436,,True,True,True,True,True,True
HI-Small,amlc_02814,e_4888016,825340,True,436,55220,True,True,436,,True,True,True,True,True,True
HI-Small,amlc_02815,e_4888018,825342,True,436,55220,True,True,436,,True,True,True,True,True,True
HI-Small,amlc_02816,e_4888019,825343,True,436,55220,True,True,436,,True,True,True,True,True,True
HI-Small,amlc_02817,e_4888020,825344,True,436,55220,True,True,436,,True,True,True,True,True,True
HI-Small,amlc_02818,e_4888021,825345,True,436,55220,True,True,436,,True,True,True,True,True,True
HI-Small,amlc_02819,e_4889084,826408,True,1020,122073,True,True,1020,,True,True,True,True,True,True
HI-Small,amlc_02820,e_4889123,826447,True,844,101395,True,True,844,,True,True,True,True,True,True
HI-Small,amlc_02821,e_4889585,826909,True,566,69223,True,True,566,,True,True,True,True,True,True
HI-Small,amlc_02822,e_4889735,827059,True,61,7686,True,True,61,,True,True,True,True,True,True
HI-Small,amlc_02823,e_4890536,827860,True,501,58207,True,True,501,,True,True,True,True,True,True
HI-Small,amlc_02824,e_4890549,827873,True,807,92308,True,True,807,,True,True,True,True,True,True
HI-Small,amlc_02825,e_4890601,827925,True,35,4346,True,True,35,,True,True,True,True,True,True
HI-Small,amlc_02826,e_4891342,828666,True,40,5655,True,True,40,,True,True,True,True,True,True
HI-Small,amlc_02827,e_4891541,828865,True,1174,137302,True,True,1174,,True,True,True,True,True,True
HI-Small,amlc_02828,e_4891551,828875,True,134,17037,True,True,134,,True,True,True,True,True,True
HI-Small,amlc_02829,e_4891780,829104,True,132,19557,True,True,132,,True,True,True,True,True,True
HI-Small,amlc_02830,e_4892025,829349,True,292,36228,True,True,292,,True,True,True,True,True,True
HI-Small,amlc_02831,e_4892352,829676,False,2148,251438,True,False,2148,e_5078170,True,True,True,True,True,True
HI-Small,amlc_02832,e_4892480,829804,False,2087,237658,True,False,2087,e_5074297,True,True,True,True,True,True
HI-Small,amlc_02833,e_4893034,830358,True,1133,134664,True,True,1133,,True,True,True,True,True,True
HI-Small,amlc_02834,e_4894341,831665,True,936,107871,True,True,936,,True,True,True,True,True,True
HI-Small,amlc_02835,e_4894585,831909,True,140,16585,True,True,140,,True,True,True,True,True,True
HI-Small,amlc_02836,e_4894730,832054,False,2259,258348,True,False,2259,e_5072460,True,True,True,True,True,True
HI-Small,amlc_02837,e_4894731,832055,True,254,29521,True,True,254,,True,True,True,True,True,True
HI-Small,amlc_02838,e_4895716,833040,True,10,2007,True,True,10,,True,True,True,True,True,True
HI-Small,amlc_02839,e_4896114,833438,True,726,90756,True,True,726,,True,True,True,True,True,True
HI-Small,amlc_02840,e_4896326,833650,True,44,6036,True,True,44,,True,True,True,True,True,True
HI-Small,amlc_02841,e_4896548,833872,True,47,6642,True,True,47,,True,True,True,True,True,True
HI-Small,amlc_02842,e_4896682,834006,True,261,29768,True,True,261,,True,True,True,True,True,True
HI-Small,amlc_02843,e_4896785,834109,True,564,76403,True,True,564,,True,True,True,True,True,True
HI-Small,amlc_02844,e_4898801,836125,True,122,14457,True,True,122,,True,True,True,True,True,True
HI-Small,amlc_02845,e_4898863,836187,True,600,68502,True,True,600,,True,True,True,True,True,True
HI-Small,amlc_02846,e_4899223,836547,True,196,23738,True,True,196,,True,True,True,True,True,True
HI-Small,amlc_02847,e_4899441,836765,True,520,61423,True,True,520,,True,True,True,True,True,True
HI-Small,amlc_02848,e_4899509,836833,True,65,9076,True,True,65,,True,True,True,True,True,True
HI-Small,amlc_02849,e_4899635,836959,True,554,64662,True,True,554,,True,True,True,True,True,True
HI-Small,amlc_02850,e_4899920,837244,True,138,18190,True,True,138,,True,True,True,True,True,True
HI-Small,amlc_02851,e_4900139,837463,True,361,43606,True,True,361,,True,True,True,True,True,True
HI-Small,amlc_02852,e_4900176,837500,True,244,30952,True,True,244,,True,True,True,True,True,True
HI-Small,amlc_02853,e_4900823,838147,True,516,62490,True,True,516,,True,True,True,True,True,True
HI-Small,amlc_02854,e_4900865,838189,True,709,83082,True,True,709,,True,True,True,True,True,True
HI-Small,amlc_02855,e_4900905,838229,True,915,108377,True,True,915,,True,True,True,True,True,True
HI-Small,amlc_02856,e_4901397,838721,True,165,23848,True,True,165,,True,True,True,True,True,True
HI-Small,amlc_02857,e_4901601,838925,True,352,42220,True,True,352,,True,True,True,True,True,True
HI-Small,amlc_02858,e_4902272,839596,True,1054,127119,True,True,1054,,True,True,True,True,True,True
HI-Small,amlc_02859,e_4902281,839605,True,1141,136086,True,True,1141,,True,True,True,True,True,True
HI-Small,amlc_02860,e_4902467,839791,True,359,41453,True,True,359,,True,True,True,True,True,True
HI-Small,amlc_02861,e_4903103,840427,True,288,33457,True,True,288,,True,True,True,True,True,True
HI-Small,amlc_02862,e_4903253,840577,True,189,23465,True,True,189,,True,True,True,True,True,True
HI-Small,amlc_02863,e_4903346,840670,True,33,5351,True,True,33,,True,True,True,True,True,True
HI-Small,amlc_02864,e_4903505,840829,True,93,11422,True,True,93,,True,True,True,True,True,True
HI-Small,amlc_02865,e_4903697,841021,False,2208,259105,True,False,2208,e_5077309,True,True,True,True,True,True
HI-Small,amlc_02866,e_4904088,841412,True,118,15118,True,True,118,,True,True,True,True,True,True
HI-Small,amlc_02867,e_4904669,841993,True,115,14437,True,True,115,,True,True,True,True,True,True
HI-Small,amlc_02868,e_4904685,842009,True,578,70684,True,True,578,,True,True,True,True,True,True
HI-Small,amlc_02869,e_4904719,842043,True,930,117715,True,True,930,,True,True,True,True,True,True
HI-Small,amlc_02870,e_4904721,842045,True,82,10845,True,True,82,,True,True,True,True,True,True
HI-Small,amlc_02871,e_4904722,842046,True,82,10845,True,True,82,,True,True,True,True,True,True
HI-Small,amlc_02872,e_4904724,842048,True,266,33094,True,True,266,,True,True,True,True,True,True
HI-Small,amlc_02873,e_4904726,842050,True,248,30144,True,True,248,,True,True,True,True,True,True
HI-Small,amlc_02874,e_4904727,842051,True,388,47032,True,True,388,,True,True,True,True,True,True
HI-Small,amlc_02875,e_4904729,842053,True,110,14831,True,True,110,,True,True,True,True,True,True
HI-Small,amlc_02876,e_4904730,842054,True,110,14831,True,True,110,,True,True,True,True,True,True
HI-Small,amlc_02877,e_4904732,842056,True,48,7133,True,True,48,,True,True,True,True,True,True
HI-Small,amlc_02878,e_4904733,842057,True,48,7133,True,True,48,,True,True,True,True,True,True
HI-Small,amlc_02879,e_4904735,842059,True,147,20729,True,True,147,,True,True,True,True,True,True
HI-Small,amlc_02880,e_4904932,842256,True,981,116781,True,True,981,,True,True,True,True,True,True
HI-Small,amlc_02881,e_4905458,842782,False,2090,250443,True,False,2090,e_5070921,True,True,True,True,True,True
HI-Small,amlc_02882,e_4905770,843094,True,506,58095,True,True,506,,True,True,True,True,True,True
HI-Small,amlc_02883,e_4906116,843440,False,2293,275786,True,False,2293,e_5074449,True,True,True,True,True,True
HI-Small,amlc_02884,e_4906686,844010,True,451,53315,True,True,451,,True,True,True,True,True,True
HI-Small,amlc_02885,e_4906687,844011,True,773,89265,True,True,773,,True,True,True,True,True,True
HI-Small,amlc_02886,e_4906964,844288,True,394,45269,True,True,394,,True,True,True,True,True,True
HI-Small,amlc_02887,e_4907205,844529,True,56,7889,True,True,56,,True,True,True,True,True,True
HI-Small,amlc_02888,e_4907281,844605,True,504,58059,True,True,504,,True,True,True,True,True,True
HI-Small,amlc_02889,e_4907631,844955,True,809,97033,True,True,809,,True,True,True,True,True,True
HI-Small,amlc_02890,e_4907843,845167,True,15,2691,True,True,15,,True,True,True,True,True,True
HI-Small,amlc_02891,e_4908323,845647,True,539,66820,True,True,539,,True,True,True,True,True,True
HI-Small,amlc_02892,e_4908636,845960,True,779,90338,True,True,779,,True,True,True,True,True,True
HI-Small,amlc_02893,e_4908719,846043,True,623,74989,True,True,623,,True,True,True,True,True,True
HI-Small,amlc_02894,e_4908721,846045,True,212,27594,True,True,212,,True,True,True,True,True,True
HI-Small,amlc_02895,e_4908723,846047,True,623,74989,True,True,623,,True,True,True,True,True,True
HI-Small,amlc_02896,e_4908725,846049,True,260,33665,True,True,260,,True,True,True,True,True,True
HI-Small,amlc_02897,e_4908727,846051,True,623,74989,True,True,623,,True,True,True,True,True,True
HI-Small,amlc_02898,e_4908729,846053,True,82,11004,True,True,82,,True,True,True,True,True,True
HI-Small,amlc_02899,e_4908730,846054,True,623,74989,True,True,623,,True,True,True,True,True,True
HI-Small,amlc_02900,e_4908732,846056,True,84,11322,True,True,84,,True,True,True,True,True,True
HI-Small,amlc_02901,e_4908733,846057,True,84,11322,True,True,84,,True,True,True,True,True,True
HI-Small,amlc_02902,e_4908735,846059,True,623,74989,True,True,623,,True,True,True,True,True,True
HI-Small,amlc_02903,e_4908737,846061,True,318,39706,True,True,318,,True,True,True,True,True,True
HI-Small,amlc_02904,e_4908738,846062,True,318,39706,True,True,318,,True,True,True,True,True,True
HI-Small,amlc_02905,e_4908740,846064,True,623,74989,True,True,623,,True,True,True,True,True,True
HI-Small,amlc_02906,e_4908742,846066,True,882,106666,True,True,882,,True,True,True,True,True,True
HI-Small,amlc_02907,e_4908743,846067,True,623,74989,True,True,623,,True,True,True,True,True,True
HI-Small,amlc_02908,e_4908745,846069,True,285,35578,True,True,285,,True,True,True,True,True,True
HI-Small,amlc_02909,e_4908746,846070,True,285,35578,True,True,285,,True,True,True,True,True,True
HI-Small,amlc_02910,e_4908747,846071,True,623,74989,True,True,623,,True,True,True,True,True,True
HI-Small,amlc_02911,e_4908749,846073,True,105,13652,True,True,105,,True,True,True,True,True,True
HI-Small,amlc_02912,e_4908750,846074,True,105,13652,True,True,105,,True,True,True,True,True,True
HI-Small,amlc_02913,e_4908751,846075,True,623,74989,True,True,623,,True,True,True,True,True,True
HI-Small,amlc_02914,e_4908753,846077,True,370,44289,True,True,370,,True,True,True,True,True,True
HI-Small,amlc_02915,e_4908755,846079,True,623,74989,True,True,623,,True,True,True,True,True,True
HI-Small,amlc_02916,e_4908757,846081,True,172,24825,True,True,172,,True,True,True,True,True,True
HI-Small,amlc_02917,e_4908758,846082,True,172,24825,True,True,172,,True,True,True,True,True,True
HI-Small,amlc_02918,e_4908760,846084,True,623,74989,True,True,623,,True,True,True,True,True,True
HI-Small,amlc_02919,e_4908762,846086,True,82,11004,True,True,82,,True,True,True,True,True,True
HI-Small,amlc_02920,e_4908763,846087,True,623,74989,True,True,623,,True,True,True,True,True,True
HI-Small,amlc_02921,e_4908765,846089,True,264,32105,True,True,264,,True,True,True,True,True,True
HI-Small,amlc_02922,e_4908766,846090,True,623,74989,True,True,623,,True,True,True,True,True,True
HI-Small,amlc_02923,e_4908768,846092,True,809,91792,True,True,809,,True,True,True,True,True,True
HI-Small,amlc_02924,e_4908770,846094,True,623,74989,True,True,623,,True,True,True,True,True,True
HI-Small,amlc_02925,e_4908772,846096,True,87,11866,True,True,87,,True,True,True,True,True,True
HI-Small,amlc_02926,e_4908774,846098,True,623,74989,True,True,623,,True,True,True,True,True,True
HI-Small,amlc_02927,e_4908776,846100,True,82,11004,True,True,82,,True,True,True,True,True,True
HI-Small,amlc_02928,e_4908778,846102,True,623,74989,True,True,623,,True,True,True,True,True,True
HI-Small,amlc_02929,e_4908779,846103,True,196,25184,True,True,196,,True,True,True,True,True,True
HI-Small,amlc_02930,e_4908780,846104,True,196,25184,True,True,196,,True,True,True,True,True,True
HI-Small,amlc_02931,e_4908874,846198,True,524,61842,True,True,524,,True,True,True,True,True,True
HI-Small,amlc_02932,e_4908875,846199,True,811,95126,True,True,811,,True,True,True,True,True,True
HI-Small,amlc_02933,e_4908892,846216,True,67,9600,True,True,67,,True,True,True,True,True,True
HI-Small,amlc_02934,e_4908905,846229,True,234,28762,True,True,234,,True,True,True,True,True,True
HI-Small,amlc_02935,e_4908906,846230,True,948,114646,True,True,948,,True,True,True,True,True,True
HI-Small,amlc_02936,e_4909274,846598,True,471,56342,True,True,471,,True,True,True,True,True,True
HI-Small,amlc_02937,e_4909966,847290,True,123,17949,True,True,123,,True,True,True,True,True,True
HI-Small,amlc_02938,e_4910217,847541,False,2230,268111,True,False,2230,e_2928644,True,True,True,True,True,True
HI-Small,amlc_02939,e_4911558,848882,True,366,42642,True,True,366,,True,True,True,True,True,True
HI-Small,amlc_02940,e_4911995,849319,True,834,97974,True,True,834,,True,True,True,True,True,True
HI-Small,amlc_02941,e_4912293,849617,True,352,45110,True,True,352,,True,True,True,True,True,True
HI-Small,amlc_02942,e_4912304,849628,True,276,35391,True,True,276,,True,True,True,True,True,True
HI-Small,amlc_02943,e_4912375,849699,True,507,64424,True,True,507,,True,True,True,True,True,True
HI-Small,amlc_02944,e_4912780,850104,True,973,118150,True,True,973,,True,True,True,True,True,True
HI-Small,amlc_02945,e_4912815,850139,True,377,44712,True,True,377,,True,True,True,True,True,True
HI-Small,amlc_02946,e_4912925,850249,True,193,22952,True,True,193,,True,True,True,True,True,True
HI-Small,amlc_02947,e_4913034,850358,True,138,18948,True,True,138,,True,True,True,True,True,True
HI-Small,amlc_02948,e_4913036,850360,True,285,36055,True,True,285,,True,True,True,True,True,True
HI-Small,amlc_02949,e_4913037,850361,True,285,36055,True,True,285,,True,True,True,True,True,True
HI-Small,amlc_02950,e_4913039,850363,True,302,36726,True,True,302,,True,True,True,True,True,True
HI-Small,amlc_02951,e_4913041,850365,True,87,11284,True,True,87,,True,True,True,True,True,True
HI-Small,amlc_02952,e_4913088,850412,True,66,8133,True,True,66,,True,True,True,True,True,True
HI-Small,amlc_02953,e_4913317,850641,True,635,76402,True,True,635,,True,True,True,True,True,True
HI-Small,amlc_02954,e_4913589,850913,True,496,60443,True,True,496,,True,True,True,True,True,True
HI-Small,amlc_02955,e_4914533,851857,False,1924,232516,True,False,1924,e_5063880,True,True,True,True,True,True
HI-Small,amlc_02956,e_4914949,852273,True,224,25682,True,True,224,,True,True,True,True,True,True
HI-Small,amlc_02957,e_4914972,852296,True,14,2473,True,True,14,,True,True,True,True,True,True
HI-Small,amlc_02958,e_4915672,852996,True,453,51851,True,True,453,,True,True,True,True,True,True
HI-Small,amlc_02959,e_4916584,853908,True,23,3740,True,True,23,,True,True,True,True,True,True
HI-Small,amlc_02960,e_4916750,854074,False,2446,295394,True,False,2446,e_5077977,True,True,True,True,True,True
HI-Small,amlc_02961,e_4917039,854363,True,136,17115,True,True,136,,True,True,True,True,True,True
HI-Small,amlc_02962,e_4917040,854364,True,412,49191,True,True,412,,True,True,True,True,True,True
HI-Small,amlc_02963,e_4917042,854366,True,121,17477,True,True,121,,True,True,True,True,True,True
HI-Small,amlc_02964,e_4917043,854367,True,348,39714,True,True,348,,True,True,True,True,True,True
HI-Small,amlc_02965,e_4917045,854369,True,174,25186,True,True,174,,True,True,True,True,True,True
HI-Small,amlc_02966,e_4917046,854370,True,195,24961,True,True,195,,True,True,True,True,True,True
HI-Small,amlc_02967,e_4917056,854380,True,875,106303,True,True,875,,True,True,True,True,True,True
HI-Small,amlc_02968,e_4917057,854381,True,234,28762,True,True,234,,True,True,True,True,True,True
HI-Small,amlc_02969,e_4917059,854383,True,838,102522,True,True,838,,True,True,True,True,True,True
HI-Small,amlc_02970,e_4917061,854385,True,288,34089,True,True,288,,True,True,True,True,True,True
HI-Small,amlc_02971,e_4917063,854387,True,229,27897,True,True,229,,True,True,True,True,True,True
HI-Small,amlc_02972,e_4917065,854389,True,138,20189,True,True,138,,True,True,True,True,True,True
HI-Small,amlc_02973,e_4917066,854390,True,459,54032,True,True,459,,True,True,True,True,True,True
HI-Small,amlc_02974,e_4917505,854829,True,56,7562,True,True,56,,True,True,True,True,True,True
HI-Small,amlc_02975,e_4917677,855001,True,534,64453,True,True,534,,True,True,True,True,True,True
HI-Small,amlc_02976,e_4917920,855244,True,104,15547,True,True,104,,True,True,True,True,True,True
HI-Small,amlc_02977,e_4918220,855544,True,72,10730,True,True,72,,True,True,True,True,True,True
HI-Small,amlc_02978,e_4919255,856579,True,131,15133,True,True,131,,True,True,True,True,True,True
HI-Small,amlc_02979,e_4919361,856685,True,499,57687,True,True,499,,True,True,True,True,True,True
HI-Small,amlc_02980,e_4919472,856796,True,213,24905,True,True,213,,True,True,True,True,True,True
HI-Small,amlc_02981,e_4919671,856995,True,47,6162,True,True,47,,True,True,True,True,True,True
HI-Small,amlc_02982,e_4919897,857221,True,579,67637,True,True,579,,True,True,True,True,True,True
HI-Small,amlc_02983,e_4920188,857512,True,844,99053,True,True,844,,True,True,True,True,True,True
HI-Small,amlc_02984,e_4920360,857684,True,1285,150424,True,True,1285,,True,True,True,True,True,True
HI-Small,amlc_02985,e_4920380,857704,False,2890,337417,True,False,2890,e_4982415,True,True,True,True,True,True
HI-Small,amlc_02986,e_4920749,858073,True,278,34701,True,True,278,,True,True,True,True,True,True
HI-Small,amlc_02987,e_4921163,858487,True,118,15300,True,True,118,,True,True,True,True,True,True
HI-Small,amlc_02988,e_4922447,859771,True,127,19875,True,True,127,,True,True,True,True,True,True
HI-Small,amlc_02989,e_4922988,860312,True,668,76453,True,True,668,,True,True,True,True,True,True
HI-Small,amlc_02990,e_4923525,860849,True,153,17997,True,True,153,,True,True,True,True,True,True
HI-Small,amlc_02991,e_4923774,861098,True,338,39599,True,True,338,,True,True,True,True,True,True
HI-Small,amlc_02992,e_4924055,861379,True,5,1239,True,True,5,,True,True,True,True,True,True
HI-Small,amlc_02993,e_4924123,861447,True,1624,185983,True,True,1624,,True,True,True,True,True,True
HI-Small,amlc_02994,e_4924127,861451,True,200,22801,True,True,200,,True,True,True,True,True,True
HI-Small,amlc_02995,e_4924349,861673,False,2060,241915,True,False,2060,e_5073156,True,True,True,True,True,True
HI-Small,amlc_02996,e_4924619,861943,True,746,88594,True,True,746,,True,True,True,True,True,True
HI-Small,amlc_02997,e_4924793,862117,True,695,88151,True,True,695,,True,True,True,True,True,True
HI-Small,amlc_02998,e_4925269,862593,False,2555,306946,True,False,2555,e_5078008,True,True,True,True,True,True
HI-Small,amlc_02999,e_4925312,862636,True,230,27040,True,True,230,,True,True,True,True,True,True
HI-Small,amlc_03000,e_4925469,862793,True,82,10285,True,True,82,,True,True,True,True,True,True
HI-Small,amlc_03001,e_4925471,862795,True,1185,140396,True,True,1185,,True,True,True,True,True,True
HI-Small,amlc_03002,e_4925473,862797,True,297,35444,True,True,297,,True,True,True,True,True,True
HI-Small,amlc_03003,e_4925475,862799,True,277,34835,True,True,277,,True,True,True,True,True,True
HI-Small,amlc_03004,e_4925477,862801,True,264,33354,True,True,264,,True,True,True,True,True,True
HI-Small,amlc_03005,e_4925479,862803,True,216,27648,True,True,216,,True,True,True,True,True,True
HI-Small,amlc_03006,e_4925481,862805,True,279,35405,True,True,279,,True,True,True,True,True,True
HI-Small,amlc_03007,e_4925483,862807,True,257,33430,True,True,257,,True,True,True,True,True,True
HI-Small,amlc_03008,e_4925485,862809,True,143,21606,True,True,143,,True,True,True,True,True,True
HI-Small,amlc_03009,e_4925487,862811,True,42,6045,True,True,42,,True,True,True,True,True,True
HI-Small,amlc_03010,e_4925611,862935,True,564,76403,True,True,564,,True,True,True,True,True,True
HI-Small,amlc_03011,e_4927735,865059,True,20,3128,True,True,20,,True,True,True,True,True,True
HI-Small,amlc_03012,e_4928440,865764,True,302,35198,True,True,302,,True,True,True,True,True,True
HI-Small,amlc_03013,e_4928974,866298,True,303,38446,True,True,303,,True,True,True,True,True,True
HI-Small,amlc_03014,e_4929178,866502,True,52,7955,True,True,52,,True,True,True,True,True,True
HI-Small,amlc_03015,e_4929268,866592,True,256,32785,True,True,256,,True,True,True,True,True,True
HI-Small,amlc_03016,e_4929472,866796,True,260,32561,True,True,260,,True,True,True,True,True,True
HI-Small,amlc_03017,e_4929654,866978,True,898,107925,True,True,898,,True,True,True,True,True,True
HI-Small,amlc_03018,e_4929655,866979,True,1424,170231,True,True,1424,,True,True,True,True,True,True
HI-Small,amlc_03019,e_4929656,866980,True,1248,148602,True,True,1248,,True,True,True,True,True,True
HI-Small,amlc_03020,e_4929657,866981,True,632,77078,True,True,632,,True,True,True,True,True,True
HI-Small,amlc_03021,e_4929658,866982,True,1116,133076,True,True,1116,,True,True,True,True,True,True
HI-Small,amlc_03022,e_4929659,866983,True,2140,256814,True,True,2140,,True,True,True,True,True,True
HI-Small,amlc_03023,e_4929661,866985,True,2550,304191,True,True,2550,,True,True,True,True,True,True
HI-Small,amlc_03024,e_4929663,866987,True,929,111872,True,True,929,,True,True,True,True,True,True
HI-Small,amlc_03025,e_4930088,867412,True,540,65391,True,True,540,,True,True,True,True,True,True
HI-Small,amlc_03026,e_4933427,870751,True,339,39653,True,True,339,,True,True,True,True,True,True
HI-Small,amlc_03027,e_4933576,870900,True,82,10591,True,True,82,,True,True,True,True,True,True
HI-Small,amlc_03028,e_4933669,870993,True,69,9166,True,True,69,,True,True,True,True,True,True
HI-Small,amlc_03029,e_4934206,871530,True,158,21902,True,True,158,,True,True,True,True,True,True
HI-Small,amlc_03030,e_4934423,871747,True,264,33334,True,True,264,,True,True,True,True,True,True
HI-Small,amlc_03031,e_4934597,871921,True,63,8590,True,True,63,,True,True,True,True,True,True
HI-Small,amlc_03032,e_4935061,872385,True,162,20180,True,True,162,,True,True,True,True,True,True
HI-Small,amlc_03033,e_4935375,872699,True,267,31655,True,True,267,,True,True,True,True,True,True
HI-Small,amlc_03034,e_4935634,872958,True,446,54362,True,True,446,,True,True,True,True,True,True
HI-Small,amlc_03035,e_4936753,874077,True,376,44879,True,True,376,,True,True,True,True,True,True
HI-Small,amlc_03036,e_4937634,874958,False,2677,303959,True,False,2677,e_5078301,True,True,True,True,True,True
HI-Small,amlc_03037,e_4938072,875396,True,172,20965,True,True,172,,True,True,True,True,True,True
HI-Small,amlc_03038,e_4938328,875652,True,148,18298,True,True,148,,True,True,True,True,True,True
HI-Small,amlc_03039,e_4938360,875684,True,50,6429,True,True,50,,True,True,True,True,True,True
HI-Small,amlc_03040,e_4938392,875716,True,19,3350,True,True,19,,True,True,True,True,True,True
HI-Small,amlc_03041,e_4938419,875743,True,173,21862,True,True,173,,True,True,True,True,True,True
HI-Small,amlc_03042,e_4938491,875815,True,670,79422,True,True,670,,True,True,True,True,True,True
HI-Small,amlc_03043,e_4938954,876278,True,310,38434,True,True,310,,True,True,True,True,True,True
HI-Small,amlc_03044,e_4939036,876360,True,598,71189,True,True,598,,True,True,True,True,True,True
HI-Small,amlc_03045,e_4939862,877186,True,135,15736,True,True,135,,True,True,True,True,True,True
HI-Small,amlc_03046,e_4940200,877524,True,391,47070,True,True,391,,True,True,True,True,True,True
HI-Small,amlc_03047,e_4940547,877871,True,237,27472,True,True,237,,True,True,True,True,True,True
HI-Small,amlc_03048,e_4940647,877971,True,330,39975,True,True,330,,True,True,True,True,True,True
HI-Small,amlc_03049,e_4940656,877980,True,1015,118985,True,True,1015,,True,True,True,True,True,True
HI-Small,amlc_03050,e_4940685,878009,True,59,9511,True,True,59,,True,True,True,True,True,True
HI-Small,amlc_03051,e_4940812,878136,True,597,70763,True,True,597,,True,True,True,True,True,True
HI-Small,amlc_03052,e_4941118,878442,True,114,16980,True,True,114,,True,True,True,True,True,True
HI-Small,amlc_03053,e_4941122,878446,True,1068,135353,True,True,1068,,True,True,True,True,True,True
HI-Small,amlc_03054,e_4941381,878705,True,218,27196,True,True,218,,True,True,True,True,True,True
HI-Small,amlc_03055,e_4941710,879034,True,141,18262,True,True,141,,True,True,True,True,True,True
HI-Small,amlc_03056,e_4941711,879035,True,81,10228,True,True,81,,True,True,True,True,True,True
HI-Small,amlc_03057,e_4941759,879083,True,315,36714,True,True,315,,True,True,True,True,True,True
HI-Small,amlc_03058,e_4942077,879401,True,446,54227,True,True,446,,True,True,True,True,True,True
HI-Small,amlc_03059,e_4942313,879637,True,187,22904,True,True,187,,True,True,True,True,True,True
HI-Small,amlc_03060,e_4942532,879856,True,387,47816,True,True,387,,True,True,True,True,True,True
HI-Small,amlc_03061,e_4942619,879943,True,398,49695,True,True,398,,True,True,True,True,True,True
HI-Small,amlc_03062,e_4942869,880193,False,2118,253768,True,False,2118,e_5070847,True,True,True,True,True,True
HI-Small,amlc_03063,e_4943404,880728,True,663,78236,True,True,663,,True,True,True,True,True,True
HI-Small,amlc_03064,e_4943406,880730,True,2154,246426,True,True,2154,,True,True,True,True,True,True
HI-Small,amlc_03065,e_4943839,881163,True,107,13004,True,True,107,,True,True,True,True,True,True
HI-Small,amlc_03066,e_4944583,881907,True,31,4188,True,True,31,,True,True,True,True,True,True
HI-Small,amlc_03067,e_4944789,882113,True,626,72793,True,True,626,,True,True,True,True,True,True
HI-Small,amlc_03068,e_4944968,882292,False,2077,244950,True,False,2077,e_5077441,True,True,True,True,True,True
HI-Small,amlc_03069,e_4945221,882545,True,489,60346,True,True,489,,True,True,True,True,True,True
HI-Small,amlc_03070,e_4945226,882550,False,2527,308594,True,False,2527,e_4449092,True,True,True,True,True,True
HI-Small,amlc_03071,e_4945469,882793,True,803,98940,True,True,803,,True,True,True,True,True,True
HI-Small,amlc_03072,e_4946272,883596,True,138,17007,True,True,138,,True,True,True,True,True,True
HI-Small,amlc_03073,e_4946540,883864,True,498,60823,True,True,498,,True,True,True,True,True,True
HI-Small,amlc_03074,e_4947447,884771,True,439,51204,True,True,439,,True,True,True,True,True,True
HI-Small,amlc_03075,e_4947561,884885,True,423,49202,True,True,423,,True,True,True,True,True,True
HI-Small,amlc_03076,e_4947754,885078,True,195,22778,True,True,195,,True,True,True,True,True,True
HI-Small,amlc_03077,e_4947934,885258,True,778,89907,True,True,778,,True,True,True,True,True,True
HI-Small,amlc_03078,e_4948077,885401,True,176,21570,True,True,176,,True,True,True,True,True,True
HI-Small,amlc_03079,e_4948131,885455,True,273,34031,True,True,273,,True,True,True,True,True,True
HI-Small,amlc_03080,e_4948239,885563,True,204,23370,True,True,204,,True,True,True,True,True,True
HI-Small,amlc_03081,e_4948289,885613,True,171,20764,True,True,171,,True,True,True,True,True,True
HI-Small,amlc_03082,e_4948512,885836,True,698,82559,True,True,698,,True,True,True,True,True,True
HI-Small,amlc_03083,e_4949001,886325,True,144,17430,True,True,144,,True,True,True,True,True,True
HI-Small,amlc_03084,e_4949134,886458,True,339,44259,True,True,339,,True,True,True,True,True,True
HI-Small,amlc_03085,e_4949359,886683,True,1274,154423,True,True,1274,,True,True,True,True,True,True
HI-Small,amlc_03086,e_4949886,887210,True,10,1972,True,True,10,,True,True,True,True,True,True
HI-Small,amlc_03087,e_4950001,887325,True,146,16965,True,True,146,,True,True,True,True,True,True
HI-Small,amlc_03088,e_4950246,887570,True,297,35902,True,True,297,,True,True,True,True,True,True
HI-Small,amlc_03089,e_4950340,887664,True,645,78317,True,True,645,,True,True,True,True,True,True
HI-Small,amlc_03090,e_4950369,887693,True,254,30159,True,True,254,,True,True,True,True,True,True
HI-Small,amlc_03091,e_4950486,887810,True,516,63553,True,True,516,,True,True,True,True,True,True
HI-Small,amlc_03092,e_4950535,887859,True,398,48681,True,True,398,,True,True,True,True,True,True
HI-Small,amlc_03093,e_4951126,888450,True,18,3342,True,True,18,,True,True,True,True,True,True
HI-Small,amlc_03094,e_4951314,888638,True,65,9333,True,True,65,,True,True,True,True,True,True
HI-Small,amlc_03095,e_4951340,888664,True,236,29205,True,True,236,,True,True,True,True,True,True
HI-Small,amlc_03096,e_4951394,888718,False,1882,227107,True,False,1882,e_5074948,True,True,True,True,True,True
HI-Small,amlc_03097,e_4951770,889094,True,235,30903,True,True,235,,True,True,True,True,True,True
HI-Small,amlc_03098,e_4952299,889623,True,128,18620,True,True,128,,True,True,True,True,True,True
HI-Small,amlc_03099,e_4952968,890292,False,2595,300533,True,False,2595,e_5077271,True,True,True,True,True,True
HI-Small,amlc_03100,e_4953081,890405,False,1989,233126,True,False,1989,e_5077264,True,True,True,True,True,True
HI-Small,amlc_03101,e_4953123,890447,False,2473,287938,True,False,2473,e_5077376,True,True,True,True,True,True
HI-Small,amlc_03102,e_4953325,890649,True,311,37759,True,True,311,,True,True,True,True,True,True
HI-Small,amlc_03103,e_4953355,890679,True,118,18212,True,True,118,,True,True,True,True,True,True
HI-Small,amlc_03104,e_4953638,890962,True,133,18589,True,True,133,,True,True,True,True,True,True
HI-Small,amlc_03105,e_4953781,891105,True,84,11136,True,True,84,,True,True,True,True,True,True
HI-Small,amlc_03106,e_4953908,891232,True,71,10305,True,True,71,,True,True,True,True,True,True
HI-Small,amlc_03107,e_4954091,891415,True,787,92851,True,True,787,,True,True,True,True,True,True
HI-Small,amlc_03108,e_4954131,891455,True,211,27581,True,True,211,,True,True,True,True,True,True
HI-Small,amlc_03109,e_4954191,891515,True,231,29774,True,True,231,,True,True,True,True,True,True
HI-Small,amlc_03110,e_4954193,891517,True,168,20382,True,True,168,,True,True,True,True,True,True
HI-Small,amlc_03111,e_4954195,891519,True,74,9657,True,True,74,,True,True,True,True,True,True
HI-Small,amlc_03112,e_4954197,891521,True,14,2396,True,True,14,,True,True,True,True,True,True
HI-Small,amlc_03113,e_4954198,891522,True,69,8574,True,True,69,,True,True,True,True,True,True
HI-Small,amlc_03114,e_4954200,891524,True,9,1697,True,True,9,,True,True,True,True,True,True
HI-Small,amlc_03115,e_4954202,891526,True,38,5879,True,True,38,,True,True,True,True,True,True
HI-Small,amlc_03116,e_4954203,891527,True,41,5206,True,True,41,,True,True,True,True,True,True
HI-Small,amlc_03117,e_4954265,891589,True,560,64237,True,True,560,,True,True,True,True,True,True
HI-Small,amlc_03118,e_4954406,891730,True,121,18613,True,True,121,,True,True,True,True,True,True
HI-Small,amlc_03119,e_4955103,892427,True,347,41884,True,True,347,,True,True,True,True,True,True
HI-Small,amlc_03120,e_4955230,892554,True,157,18903,True,True,157,,True,True,True,True,True,True
HI-Small,amlc_03121,e_4956826,894150,True,261,30605,True,True,261,,True,True,True,True,True,True
HI-Small,amlc_03122,e_4956840,894164,False,2222,254636,True,False,2222,e_5061215,True,True,True,True,True,True
HI-Small,amlc_03123,e_4957129,894453,True,219,26501,True,True,219,,True,True,True,True,True,True
HI-Small,amlc_03124,e_4957258,894582,True,785,92876,True,True,785,,True,True,True,True,True,True
HI-Small,amlc_03125,e_4958146,895470,True,1116,133076,True,True,1116,,True,True,True,True,True,True
HI-Small,amlc_03126,e_4958147,895471,True,1817,216773,True,True,1817,,True,True,True,True,True,True
HI-Small,amlc_03127,e_4958148,895472,True,1424,170231,True,True,1424,,True,True,True,True,True,True
HI-Small,amlc_03128,e_4958149,895473,True,1424,170231,True,True,1424,,True,True,True,True,True,True
HI-Small,amlc_03129,e_4958150,895474,True,1424,170231,True,True,1424,,True,True,True,True,True,True
HI-Small,amlc_03130,e_4958151,895475,True,1424,170231,True,True,1424,,True,True,True,True,True,True
HI-Small,amlc_03131,e_4958153,895477,True,1424,170231,True,True,1424,,True,True,True,True,True,True
HI-Small,amlc_03132,e_4958154,895478,True,1424,170231,True,True,1424,,True,True,True,True,True,True
HI-Small,amlc_03133,e_4958155,895479,True,1424,170231,True,True,1424,,True,True,True,True,True,True
HI-Small,amlc_03134,e_4958156,895480,True,1424,170231,True,True,1424,,True,True,True,True,True,True
HI-Small,amlc_03135,e_4958157,895481,True,1424,170231,True,True,1424,,True,True,True,True,True,True
HI-Small,amlc_03136,e_4958158,895482,True,1424,170231,True,True,1424,,True,True,True,True,True,True
HI-Small,amlc_03137,e_4958159,895483,True,1424,170231,True,True,1424,,True,True,True,True,True,True
HI-Small,amlc_03138,e_4958160,895484,True,1424,170231,True,True,1424,,True,True,True,True,True,True
HI-Small,amlc_03139,e_4958161,895485,True,1424,170231,True,True,1424,,True,True,True,True,True,True
HI-Small,amlc_03140,e_4958528,895852,True,54,6929,True,True,54,,True,True,True,True,True,True
HI-Small,amlc_03141,e_4958738,896062,True,315,38721,True,True,315,,True,True,True,True,True,True
HI-Small,amlc_03142,e_4959145,896469,False,2592,308242,True,False,2592,e_4856102,True,True,True,True,True,True
HI-Small,amlc_03143,e_4959655,896979,True,385,46791,True,True,385,,True,True,True,True,True,True
HI-Small,amlc_03144,e_4959882,897206,True,1697,192188,True,True,1697,,True,True,True,True,True,True
HI-Small,amlc_03145,e_4960337,897661,True,150,17305,True,True,150,,True,True,True,True,True,True
HI-Small,amlc_03146,e_4960908,898232,True,532,60585,True,True,532,,True,True,True,True,True,True
HI-Small,amlc_03147,e_4961679,899003,True,136,20940,True,True,136,,True,True,True,True,True,True
HI-Small,amlc_03148,e_4962204,899528,True,282,35320,True,True,282,,True,True,True,True,True,True
HI-Small,amlc_03149,e_4962206,899530,True,289,37087,True,True,289,,True,True,True,True,True,True
HI-Small,amlc_03150,e_4962207,899531,True,1280,153192,True,True,1280,,True,True,True,True,True,True
HI-Small,amlc_03151,e_4962208,899532,True,433,52718,True,True,433,,True,True,True,True,True,True
HI-Small,amlc_03152,e_4962210,899534,True,279,38333,True,True,279,,True,True,True,True,True,True
HI-Small,amlc_03153,e_4962212,899536,True,375,45282,True,True,375,,True,True,True,True,True,True
HI-Small,amlc_03154,e_4962214,899538,True,174,22431,True,True,174,,True,True,True,True,True,True
HI-Small,amlc_03155,e_4962215,899539,True,555,68486,True,True,555,,True,True,True,True,True,True
HI-Small,amlc_03156,e_4962216,899540,True,1862,224211,True,True,1862,,True,True,True,True,True,True
HI-Small,amlc_03157,e_4962217,899541,True,1894,227827,True,True,1894,,True,True,True,True,True,True
HI-Small,amlc_03158,e_4962218,899542,True,1858,223217,True,True,1858,,True,True,True,True,True,True
HI-Small,amlc_03159,e_4962220,899544,True,1908,228909,True,True,1908,,True,True,True,True,True,True
HI-Small,amlc_03160,e_4962222,899546,True,1862,224081,True,True,1862,,True,True,True,True,True,True
HI-Small,amlc_03161,e_4962223,899547,True,1754,212120,True,True,1754,,True,True,True,True,True,True
HI-Small,amlc_03162,e_4962225,899549,True,1876,225434,True,True,1876,,True,True,True,True,True,True
HI-Small,amlc_03163,e_4962226,899550,True,1962,235089,True,True,1962,,True,True,True,True,True,True
HI-Small,amlc_03164,e_4962228,899552,True,1954,234268,True,True,1954,,True,True,True,True,True,True
HI-Small,amlc_03165,e_4962229,899553,True,1888,226930,True,True,1888,,True,True,True,True,True,True
HI-Small,amlc_03166,e_4962230,899554,True,1949,233818,True,True,1949,,True,True,True,True,True,True
HI-Small,amlc_03167,e_4962232,899556,True,1858,223901,True,True,1858,,True,True,True,True,True,True
HI-Small,amlc_03168,e_4962233,899557,True,1857,223664,True,True,1857,,True,True,True,True,True,True
HI-Small,amlc_03169,e_4962234,899558,True,1863,224189,True,True,1863,,True,True,True,True,True,True
HI-Small,amlc_03170,e_4963029,900353,False,2219,265915,True,False,2219,e_5067887,True,True,True,True,True,True
HI-Small,amlc_03171,e_4963577,900901,True,569,67660,True,True,569,,True,True,True,True,True,True
HI-Small,amlc_03172,e_4964474,901798,True,46,6806,True,True,46,,True,True,True,True,True,True
HI-Small,amlc_03173,e_4964783,902107,True,114,17598,True,True,114,,True,True,True,True,True,True
HI-Small,amlc_03174,e_4965749,903073,True,269,34163,True,True,269,,True,True,True,True,True,True
HI-Small,amlc_03175,e_4965769,903093,False,2155,261801,True,False,2155,e_3635795,True,True,True,True,True,True
HI-Small,amlc_03176,e_4965838,903162,True,52,7551,True,True,52,,True,True,True,True,True,True
HI-Small,amlc_03177,e_4966451,903775,True,847,101106,True,True,847,,True,True,True,True,True,True
HI-Small,amlc_03178,e_4966580,903904,True,377,46704,True,True,377,,True,True,True,True,True,True
HI-Small,amlc_03179,e_4966839,904163,True,430,53309,True,True,430,,True,True,True,True,True,True
HI-Small,amlc_03180,e_4966897,904221,True,89,11379,True,True,89,,True,True,True,True,True,True
HI-Small,amlc_03181,e_4966987,904311,True,91,11310,True,True,91,,True,True,True,True,True,True
HI-Small,amlc_03182,e_4967324,904648,True,295,36479,True,True,295,,True,True,True,True,True,True
HI-Small,amlc_03183,e_4968354,905678,True,82,9749,True,True,82,,True,True,True,True,True,True
HI-Small,amlc_03184,e_4968968,906292,True,104,13853,True,True,104,,True,True,True,True,True,True
HI-Small,amlc_03185,e_4969152,906476,False,2310,268457,True,False,2310,e_5077159,True,True,True,True,True,True
HI-Small,amlc_03186,e_4970445,907769,True,1036,123942,True,True,1036,,True,True,True,True,True,True
HI-Small,amlc_03187,e_4970460,907784,False,1849,221859,True,False,1849,e_4856102,True,True,True,True,True,True
HI-Small,amlc_03188,e_4970605,907929,True,125,15574,True,True,125,,True,True,True,True,True,True
HI-Small,amlc_03189,e_4971303,908627,True,253,30492,True,True,253,,True,True,True,True,True,True
HI-Small,amlc_03190,e_4971619,908943,True,835,99656,True,True,835,,True,True,True,True,True,True
HI-Small,amlc_03191,e_4971884,909208,True,1019,121653,True,True,1019,,True,True,True,True,True,True
HI-Small,amlc_03192,e_4972244,909568,True,111,17301,True,True,111,,True,True,True,True,True,True
HI-Small,amlc_03193,e_4972292,909616,True,105,16599,True,True,105,,True,True,True,True,True,True
HI-Small,amlc_03194,e_4972620,909944,True,918,106896,True,True,918,,True,True,True,True,True,True
HI-Small,amlc_03195,e_4972658,909982,True,58,7525,True,True,58,,True,True,True,True,True,True
HI-Small,amlc_03196,e_4972787,910111,False,2399,275544,True,False,2399,e_5076566,True,True,True,True,True,True
HI-Small,amlc_03197,e_4973024,910348,True,142,18443,True,True,142,,True,True,True,True,True,True
HI-Small,amlc_03198,e_4973397,910721,True,1420,166482,True,True,1420,,True,True,True,True,True,True
HI-Small,amlc_03199,e_4974260,911584,True,29,4153,True,True,29,,True,True,True,True,True,True
HI-Small,amlc_03200,e_4974330,911654,True,324,40607,True,True,324,,True,True,True,True,True,True
HI-Small,amlc_03201,e_4974359,911683,True,531,64843,True,True,531,,True,True,True,True,True,True
HI-Small,amlc_03202,e_4974361,911685,True,268,31057,True,True,268,,True,True,True,True,True,True
HI-Small,amlc_03203,e_4974363,911687,True,307,37007,True,True,307,,True,True,True,True,True,True
HI-Small,amlc_03204,e_4974365,911689,True,1258,148812,True,True,1258,,True,True,True,True,True,True
HI-Small,amlc_03205,e_4974367,911691,True,509,59976,True,True,509,,True,True,True,True,True,True
HI-Small,amlc_03206,e_4974369,911693,True,307,36320,True,True,307,,True,True,True,True,True,True
HI-Small,amlc_03207,e_4974593,911917,True,336,40879,True,True,336,,True,True,True,True,True,True
HI-Small,amlc_03208,e_4975373,912697,True,226,27067,True,True,226,,True,True,True,True,True,True
HI-Small,amlc_03209,e_4975748,913072,True,732,88126,True,True,732,,True,True,True,True,True,True
HI-Small,amlc_03210,e_4976052,913376,True,248,28948,True,True,248,,True,True,True,True,True,True
HI-Small,amlc_03211,e_4976167,913491,True,111,13386,True,True,111,,True,True,True,True,True,True
HI-Small,amlc_03212,e_4976947,914271,False,2206,251759,True,False,2206,e_5076843,True,True,True,True,True,True
HI-Small,amlc_03213,e_4977089,914413,False,2132,245554,True,False,2132,e_5057036,True,True,True,True,True,True
HI-Small,amlc_03214,e_4977104,914428,False,2147,247712,True,False,2147,e_5077010,True,True,True,True,True,True
HI-Small,amlc_03215,e_4977141,914465,True,201,24053,True,True,201,,True,True,True,True,True,True
HI-Small,amlc_03216,e_4977225,914549,True,572,68816,True,True,572,,True,True,True,True,True,True
HI-Small,amlc_03217,e_4977624,914948,True,27,4592,True,True,27,,True,True,True,True,True,True
HI-Small,amlc_03218,e_4977840,915164,True,34,4673,True,True,34,,True,True,True,True,True,True
HI-Small,amlc_03219,e_4978052,915376,True,275,34446,True,True,275,,True,True,True,True,True,True
HI-Small,amlc_03220,e_4978182,915506,True,335,39859,True,True,335,,True,True,True,True,True,True
HI-Small,amlc_03221,e_4978224,915548,True,504,60882,True,True,504,,True,True,True,True,True,True
HI-Small,amlc_03222,e_4978358,915682,True,130,16546,True,True,130,,True,True,True,True,True,True
HI-Small,amlc_03223,e_4978359,915683,True,52,7192,True,True,52,,True,True,True,True,True,True
HI-Small,amlc_03224,e_4978361,915685,True,52,6837,True,True,52,,True,True,True,True,True,True
HI-Small,amlc_03225,e_4978363,915687,True,925,110720,True,True,925,,True,True,True,True,True,True
HI-Small,amlc_03226,e_4978364,915688,True,258,30234,True,True,258,,True,True,True,True,True,True
HI-Small,amlc_03227,e_4978366,915690,True,42,5495,True,True,42,,True,True,True,True,True,True
HI-Small,amlc_03228,e_4978368,915692,True,106,13200,True,True,106,,True,True,True,True,True,True
HI-Small,amlc_03229,e_4978369,915693,True,339,41654,True,True,339,,True,True,True,True,True,True
HI-Small,amlc_03230,e_4978371,915695,True,159,20190,True,True,159,,True,True,True,True,True,True
HI-Small,amlc_03231,e_4978690,916014,True,15,2751,True,True,15,,True,True,True,True,True,True
HI-Small,amlc_03232,e_4978926,916250,True,466,55664,True,True,466,,True,True,True,True,True,True
HI-Small,amlc_03233,e_4979383,916707,True,735,90503,True,True,735,,True,True,True,True,True,True
HI-Small,amlc_03234,e_4979474,916798,True,254,30693,True,True,254,,True,True,True,True,True,True
HI-Small,amlc_03235,e_4979578,916902,True,144,17958,True,True,144,,True,True,True,True,True,True
HI-Small,amlc_03236,e_4979791,917115,True,433,53678,True,True,433,,True,True,True,True,True,True
HI-Small,amlc_03237,e_4979795,917119,True,485,55827,True,True,485,,True,True,True,True,True,True
HI-Small,amlc_03238,e_4980004,917328,True,370,43472,True,True,370,,True,True,True,True,True,True
HI-Small,amlc_03239,e_4980569,917893,True,106,13061,True,True,106,,True,True,True,True,True,True
HI-Small,amlc_03240,e_4980601,917925,True,218,25561,True,True,218,,True,True,True,True,True,True
HI-Small,amlc_03241,e_4980908,918232,True,179,21321,True,True,179,,True,True,True,True,True,True
HI-Small,amlc_03242,e_4981579,918903,True,904,106557,True,True,904,,True,True,True,True,True,True
HI-Small,amlc_03243,e_4981667,918991,False,2113,249914,True,False,2113,e_5069581,True,True,True,True,True,True
HI-Small,amlc_03244,e_4981694,919018,True,57,8735,True,True,57,,True,True,True,True,True,True
HI-Small,amlc_03245,e_4981918,919242,True,430,53000,True,True,430,,True,True,True,True,True,True
HI-Small,amlc_03246,e_4982404,919728,True,173,23094,True,True,173,,True,True,True,True,True,True
HI-Small,amlc_03247,e_4982406,919730,True,145,18931,True,True,145,,True,True,True,True,True,True
HI-Small,amlc_03248,e_4982407,919731,True,1153,141554,True,True,1153,,True,True,True,True,True,True
HI-Small,amlc_03249,e_4982409,919733,True,147,19248,True,True,147,,True,True,True,True,True,True
HI-Small,amlc_03250,e_4982411,919735,True,77,10463,True,True,77,,True,True,True,True,True,True
HI-Small,amlc_03251,e_4982413,919737,True,93,12412,True,True,93,,True,True,True,True,True,True
HI-Small,amlc_03252,e_4982414,919738,True,371,45695,True,True,371,,True,True,True,True,True,True
HI-Small,amlc_03253,e_4982416,919740,True,81,11189,True,True,81,,True,True,True,True,True,True
HI-Small,amlc_03254,e_4982418,919742,True,206,25392,True,True,206,,True,True,True,True,True,True
HI-Small,amlc_03255,e_4982420,919744,True,142,17893,True,True,142,,True,True,True,True,True,True
HI-Small,amlc_03256,e_4982421,919745,True,435,54406,True,True,435,,True,True,True,True,True,True
HI-Small,amlc_03257,e_4982423,919747,True,110,14936,True,True,110,,True,True,True,True,True,True
HI-Small,amlc_03258,e_4982424,919748,True,173,22089,True,True,173,,True,True,True,True,True,True
HI-Small,amlc_03259,e_4982503,919827,True,207,24084,True,True,207,,True,True,True,True,True,True
HI-Small,amlc_03260,e_4982555,919879,True,2070,244195,True,True,2070,,True,True,True,True,True,True
HI-Small,amlc_03261,e_4983073,920397,True,584,68827,True,True,584,,True,True,True,True,True,True
HI-Small,amlc_03262,e_4983148,920472,True,534,64314,True,True,534,,True,True,True,True,True,True
HI-Small,amlc_03263,e_4983236,920560,True,132,15496,True,True,132,,True,True,True,True,True,True
HI-Small,amlc_03264,e_4983411,920735,True,878,104710,True,True,878,,True,True,True,True,True,True
HI-Small,amlc_03265,e_4984889,922213,True,29,3936,True,True,29,,True,True,True,True,True,True
HI-Small,amlc_03266,e_4984928,922252,False,1833,212111,True,False,1833,e_5072749,True,True,True,True,True,True
HI-Small,amlc_03267,e_4985704,923028,True,67,9154,True,True,67,,True,True,True,True,True,True
HI-Small,amlc_03268,e_4986147,923471,True,46,5758,True,True,46,,True,True,True,True,True,True
HI-Small,amlc_03269,e_4986475,923799,True,129,17044,True,True,129,,True,True,True,True,True,True
HI-Small,amlc_03270,e_4987042,924366,True,1414,170612,True,True,1414,,True,True,True,True,True,True
HI-Small,amlc_03271,e_4987201,924525,False,2081,248848,True,False,2081,e_5069159,True,True,True,True,True,True
HI-Small,amlc_03272,e_4987858,925182,True,757,87314,True,True,757,,True,True,True,True,True,True
HI-Small,amlc_03273,e_4988120,925444,True,152,18073,True,True,152,,True,True,True,True,True,True
HI-Small,amlc_03274,e_4988223,925547,True,1047,120350,True,True,1047,,True,True,True,True,True,True
HI-Small,amlc_03275,e_4988302,925626,True,258,30710,True,True,258,,True,True,True,True,True,True
HI-Small,amlc_03276,e_4988506,925830,True,18,3054,True,True,18,,True,True,True,True,True,True
HI-Small,amlc_03277,e_4989150,926474,True,25,3882,True,True,25,,True,True,True,True,True,True
HI-Small,amlc_03278,e_4989367,926691,True,849,100434,True,True,849,,True,True,True,True,True,True
HI-Small,amlc_03279,e_4990190,927514,False,2150,258203,True,False,2150,e_5078001,True,True,True,True,True,True
HI-Small,amlc_03280,e_4990366,927690,True,255,32863,True,True,255,,True,True,True,True,True,True
HI-Small,amlc_03281,e_4990465,927789,True,1219,139411,True,True,1219,,True,True,True,True,True,True
HI-Small,amlc_03282,e_4990791,928115,True,84,10427,True,True,84,,True,True,True,True,True,True
HI-Small,amlc_03283,e_4990850,928174,True,142,17529,True,True,142,,True,True,True,True,True,True
HI-Small,amlc_03284,e_4990908,928232,True,587,71313,True,True,587,,True,True,True,True,True,True
HI-Small,amlc_03285,e_4990999,928323,True,563,67921,True,True,563,,True,True,True,True,True,True
HI-Small,amlc_03286,e_4991107,928431,True,843,101547,True,True,843,,True,True,True,True,True,True
HI-Small,amlc_03287,e_4991600,928924,True,198,24331,True,True,198,,True,True,True,True,True,True
HI-Small,amlc_03288,e_4992090,929414,True,198,24792,True,True,198,,True,True,True,True,True,True
HI-Small,amlc_03289,e_4992091,929415,True,113,13963,True,True,113,,True,True,True,True,True,True
HI-Small,amlc_03290,e_4992092,929416,True,295,35590,True,True,295,,True,True,True,True,True,True
HI-Small,amlc_03291,e_4992093,929417,True,472,57916,True,True,472,,True,True,True,True,True,True
HI-Small,amlc_03292,e_4992095,929419,True,458,56135,True,True,458,,True,True,True,True,True,True
HI-Small,amlc_03293,e_4992097,929421,True,268,32750,True,True,268,,True,True,True,True,True,True
HI-Small,amlc_03294,e_4992098,929422,True,427,51094,True,True,427,,True,True,True,True,True,True
HI-Small,amlc_03295,e_4992099,929423,True,556,67458,True,True,556,,True,True,True,True,True,True
HI-Small,amlc_03296,e_4992152,929476,True,65,8162,True,True,65,,True,True,True,True,True,True
HI-Small,amlc_03297,e_4992313,929637,True,218,26534,True,True,218,,True,True,True,True,True,True
HI-Small,amlc_03298,e_4992680,930004,True,633,72037,True,True,633,,True,True,True,True,True,True
HI-Small,amlc_03299,e_4992951,930275,False,2407,275722,True,False,2407,e_5077021,True,True,True,True,True,True
HI-Small,amlc_03300,e_4993013,930337,True,80,9880,True,True,80,,True,True,True,True,True,True
HI-Small,amlc_03301,e_4993435,930759,True,127,16731,True,True,127,,True,True,True,True,True,True
HI-Small,amlc_03302,e_4993582,930906,True,393,49486,True,True,393,,True,True,True,True,True,True
HI-Small,amlc_03303,e_4994616,931940,True,534,63107,True,True,534,,True,True,True,True,True,True
HI-Small,amlc_03304,e_4994711,932035,True,425,51246,True,True,425,,True,True,True,True,True,True
HI-Small,amlc_03305,e_4994776,932100,True,466,55664,True,True,466,,True,True,True,True,True,True
HI-Small,amlc_03306,e_4995158,932482,True,604,73164,True,True,604,,True,True,True,True,True,True
HI-Small,amlc_03307,e_4995233,932557,False,2276,271532,True,False,2276,e_5067810,True,True,True,True,True,True
HI-Small,amlc_03308,e_4995329,932653,True,217,27134,True,True,217,,True,True,True,True,True,True
HI-Small,amlc_03309,e_4995451,932775,True,221,26838,True,True,221,,True,True,True,True,True,True
HI-Small,amlc_03310,e_4995894,933218,True,683,78100,True,True,683,,True,True,True,True,True,True
HI-Small,amlc_03311,e_4996271,933595,True,456,52412,True,True,456,,True,True,True,True,True,True
HI-Small,amlc_03312,e_4996353,933677,True,20,3240,True,True,20,,True,True,True,True,True,True
HI-Small,amlc_03313,e_4996444,933768,True,241,28403,True,True,241,,True,True,True,True,True,True
HI-Small,amlc_03314,e_4996522,933846,True,345,39419,True,True,345,,True,True,True,True,True,True
HI-Small,amlc_03315,e_4996540,933864,True,296,35588,True,True,296,,True,True,True,True,True,True
HI-Small,amlc_03316,e_4996793,934117,True,200,23024,True,True,200,,True,True,True,True,True,True
HI-Small,amlc_03317,e_4996919,934243,True,960,110661,True,True,960,,True,True,True,True,True,True
HI-Small,amlc_03318,e_4997565,934889,True,283,35540,True,True,283,,True,True,True,True,True,True
HI-Small,amlc_03319,e_4998317,935641,True,422,57357,True,True,422,,True,True,True,True,True,True
HI-Small,amlc_03320,e_4998318,935642,True,526,72482,True,True,526,,True,True,True,True,True,True
HI-Small,amlc_03321,e_4998319,935643,True,357,49805,True,True,357,,True,True,True,True,True,True
HI-Small,amlc_03322,e_4998320,935644,True,564,76403,True,True,564,,True,True,True,True,True,True
HI-Small,amlc_03323,e_4998321,935645,True,728,97921,True,True,728,,True,True,True,True,True,True
HI-Small,amlc_03324,e_4998323,935647,True,568,76526,True,True,568,,True,True,True,True,True,True
HI-Small,amlc_03325,e_4998324,935648,True,476,65061,True,True,476,,True,True,True,True,True,True
HI-Small,amlc_03326,e_4999163,936487,True,50,6193,True,True,50,,True,True,True,True,True,True
HI-Small,amlc_03327,e_4999529,936853,True,270,32338,True,True,270,,True,True,True,True,True,True
HI-Small,amlc_03328,e_4999889,937213,True,509,58096,True,True,509,,True,True,True,True,True,True
HI-Small,amlc_03329,e_4999998,937322,True,42,5871,True,True,42,,True,True,True,True,True,True
HI-Small,amlc_03330,e_5000818,938142,True,185,21873,True,True,185,,True,True,True,True,True,True
HI-Small,amlc_03331,e_5000952,938276,False,2164,252598,True,False,2164,e_5069234,True,True,True,True,True,True
HI-Small,amlc_03332,e_5002538,939862,True,824,98473,True,True,824,,True,True,True,True,True,True
HI-Small,amlc_03333,e_5002553,939877,True,717,85453,True,True,717,,True,True,True,True,True,True
HI-Small,amlc_03334,e_5002961,940285,True,133,16135,True,True,133,,True,True,True,True,True,True
HI-Small,amlc_03335,e_5003133,940457,True,700,83943,True,True,700,,True,True,True,True,True,True
HI-Small,amlc_03336,e_5003635,940959,True,947,109072,True,True,947,,True,True,True,True,True,True
HI-Small,amlc_03337,e_5003717,941041,True,814,94165,True,True,814,,True,True,True,True,True,True
HI-Small,amlc_03338,e_5003718,941042,True,151,19414,True,True,151,,True,True,True,True,True,True
HI-Small,amlc_03339,e_5003719,941043,True,732,84946,True,True,732,,True,True,True,True,True,True
HI-Small,amlc_03340,e_5003720,941044,True,610,71594,True,True,610,,True,True,True,True,True,True
HI-Small,amlc_03341,e_5003722,941046,True,1462,171107,True,True,1462,,True,True,True,True,True,True
HI-Small,amlc_03342,e_5003723,941047,True,1804,206057,True,True,1804,,True,True,True,True,True,True
HI-Small,amlc_03343,e_5003724,941048,True,840,97487,True,True,840,,True,True,True,True,True,True
HI-Small,amlc_03344,e_5003725,941049,True,1292,147309,True,True,1292,,True,True,True,True,True,True
HI-Small,amlc_03345,e_5003726,941050,True,179,21365,True,True,179,,True,True,True,True,True,True
HI-Small,amlc_03346,e_5004013,941337,True,154,21955,True,True,154,,True,True,True,True,True,True
HI-Small,amlc_03347,e_5004587,941911,True,251,28969,True,True,251,,True,True,True,True,True,True
HI-Small,amlc_03348,e_5004922,942246,True,62,9646,True,True,62,,True,True,True,True,True,True
HI-Small,amlc_03349,e_5004928,942252,True,63,9756,True,True,63,,True,True,True,True,True,True
HI-Small,amlc_03350,e_5005140,942464,True,51,7245,True,True,51,,True,True,True,True,True,True
HI-Small,amlc_03351,e_5005354,942678,True,886,104542,True,True,886,,True,True,True,True,True,True
HI-Small,amlc_03352,e_5005949,943273,True,764,92648,True,True,764,,True,True,True,True,True,True
HI-Small,amlc_03353,e_5005950,943274,True,764,92648,True,True,764,,True,True,True,True,True,True
HI-Small,amlc_03354,e_5005952,943276,True,764,92648,True,True,764,,True,True,True,True,True,True
HI-Small,amlc_03355,e_5005953,943277,True,764,92648,True,True,764,,True,True,True,True,True,True
HI-Small,amlc_03356,e_5005954,943278,True,764,92648,True,True,764,,True,True,True,True,True,True
HI-Small,amlc_03357,e_5005956,943280,True,764,92648,True,True,764,,True,True,True,True,True,True
HI-Small,amlc_03358,e_5005957,943281,True,764,92648,True,True,764,,True,True,True,True,True,True
HI-Small,amlc_03359,e_5005959,943283,True,764,92648,True,True,764,,True,True,True,True,True,True
HI-Small,amlc_03360,e_5005960,943284,True,764,92648,True,True,764,,True,True,True,True,True,True
HI-Small,amlc_03361,e_5005962,943286,True,764,92648,True,True,764,,True,True,True,True,True,True
HI-Small,amlc_03362,e_5005964,943288,True,764,92648,True,True,764,,True,True,True,True,True,True
HI-Small,amlc_03363,e_5005965,943289,True,764,92648,True,True,764,,True,True,True,True,True,True
HI-Small,amlc_03364,e_5005967,943291,True,764,92648,True,True,764,,True,True,True,True,True,True
HI-Small,amlc_03365,e_5006287,943611,True,158,19737,True,True,158,,True,True,True,True,True,True
HI-Small,amlc_03366,e_5006332,943656,True,348,43479,True,True,348,,True,True,True,True,True,True
HI-Small,amlc_03367,e_5006553,943877,True,586,69311,True,True,586,,True,True,True,True,True,True
HI-Small,amlc_03368,e_5006703,944027,True,138,16887,True,True,138,,True,True,True,True,True,True
HI-Small,amlc_03369,e_5006772,944096,True,31,5298,True,True,31,,True,True,True,True,True,True
HI-Small,amlc_03370,e_5006855,944179,True,252,30284,True,True,252,,True,True,True,True,True,True
HI-Small,amlc_03371,e_5008005,945329,True,987,113001,True,True,987,,True,True,True,True,True,True
HI-Small,amlc_03372,e_5008148,945472,True,364,41911,True,True,364,,True,True,True,True,True,True
HI-Small,amlc_03373,e_5008210,945534,True,48,7453,True,True,48,,True,True,True,True,True,True
HI-Small,amlc_03374,e_5008609,945933,True,475,55066,True,True,475,,True,True,True,True,True,True
HI-Small,amlc_03375,e_5009060,946384,True,306,35717,True,True,306,,True,True,True,True,True,True
HI-Small,amlc_03376,e_5009061,946385,True,826,96048,True,True,826,,True,True,True,True,True,True
HI-Small,amlc_03377,e_5009167,946491,True,83,12004,True,True,83,,True,True,True,True,True,True
HI-Small,amlc_03378,e_5009355,946679,True,301,39233,True,True,301,,True,True,True,True,True,True
HI-Small,amlc_03379,e_5009776,947100,True,510,61774,True,True,510,,True,True,True,True,True,True
HI-Small,amlc_03380,e_5009957,947281,True,316,37542,True,True,316,,True,True,True,True,True,True
HI-Small,amlc_03381,e_5010011,947335,False,2780,334035,True,False,2780,e_4958161,True,True,True,True,True,True
HI-Small,amlc_03382,e_5010246,947570,True,67,9212,True,True,67,,True,True,True,True,True,True
HI-Small,amlc_03383,e_5010360,947684,True,745,90134,True,True,745,,True,True,True,True,True,True
HI-Small,amlc_03384,e_5011715,949039,True,401,46996,True,True,401,,True,True,True,True,True,True
HI-Small,amlc_03385,e_5011719,949043,True,193,22430,True,True,193,,True,True,True,True,True,True
HI-Small,amlc_03386,e_5011780,949104,True,2248,254672,True,True,2248,,True,True,True,True,True,True
HI-Small,amlc_03387,e_5011781,949105,True,2248,254672,True,True,2248,,True,True,True,True,True,True
HI-Small,amlc_03388,e_5011783,949107,True,2248,254672,True,True,2248,,True,True,True,True,True,True
HI-Small,amlc_03389,e_5011784,949108,True,2248,254672,True,True,2248,,True,True,True,True,True,True
HI-Small,amlc_03390,e_5011785,949109,True,2248,254672,True,True,2248,,True,True,True,True,True,True
HI-Small,amlc_03391,e_5011786,949110,True,2248,254672,True,True,2248,,True,True,True,True,True,True
HI-Small,amlc_03392,e_5011787,949111,True,2248,254672,True,True,2248,,True,True,True,True,True,True
HI-Small,amlc_03393,e_5011788,949112,True,2248,254672,True,True,2248,,True,True,True,True,True,True
HI-Small,amlc_03394,e_5011789,949113,True,2248,254672,True,True,2248,,True,True,True,True,True,True
HI-Small,amlc_03395,e_5011790,949114,True,2248,254672,True,True,2248,,True,True,True,True,True,True
HI-Small,amlc_03396,e_5012132,949456,True,219,25458,True,True,219,,True,True,True,True,True,True
HI-Small,amlc_03397,e_5012494,949818,False,2303,263565,True,False,2303,e_5075993,True,True,True,True,True,True
HI-Small,amlc_03398,e_5013370,950694,True,1365,172403,True,True,1365,,True,True,True,True,True,True
HI-Small,amlc_03399,e_5013435,950759,True,439,57092,True,True,439,,True,True,True,True,True,True
HI-Small,amlc_03400,e_5013533,950857,True,2175,266504,True,True,2175,,True,True,True,True,True,True
HI-Small,amlc_03401,e_5013784,951108,True,212,26898,True,True,212,,True,True,True,True,True,True
HI-Small,amlc_03402,e_5014056,951380,True,120,15325,True,True,120,,True,True,True,True,True,True
HI-Small,amlc_03403,e_5014057,951381,True,101,12538,True,True,101,,True,True,True,True,True,True
HI-Small,amlc_03404,e_5014414,951738,True,237,29536,True,True,237,,True,True,True,True,True,True
HI-Small,amlc_03405,e_5014946,952270,False,2201,263042,True,False,2201,e_5071503,True,True,True,True,True,True
HI-Small,amlc_03406,e_5014948,952272,True,168,21219,True,True,168,,True,True,True,True,True,True
HI-Small,amlc_03407,e_5014969,952293,True,366,44834,True,True,366,,True,True,True,True,True,True
HI-Small,amlc_03408,e_5015071,952395,True,150,18273,True,True,150,,True,True,True,True,True,True
HI-Small,amlc_03409,e_5015641,952965,True,747,90686,True,True,747,,True,True,True,True,True,True
HI-Small,amlc_03410,e_5015935,953259,False,2385,274142,True,False,2385,e_5075903,True,True,True,True,True,True
HI-Small,amlc_03411,e_5016190,953514,True,256,30558,True,True,256,,True,True,True,True,True,True
HI-Small,amlc_03412,e_5016687,954011,True,236,27049,True,True,236,,True,True,True,True,True,True
HI-Small,amlc_03413,e_5016851,954175,True,344,39961,True,True,344,,True,True,True,True,True,True
HI-Small,amlc_03414,e_5017834,955158,True,1136,138657,True,True,1136,,True,True,True,True,True,True
HI-Small,amlc_03415,e_5018076,955400,True,208,28771,True,True,208,,True,True,True,True,True,True
HI-Small,amlc_03416,e_5018222,955546,True,408,52104,True,True,408,,True,True,True,True,True,True
HI-Small,amlc_03417,e_5018224,955548,True,80,11062,True,True,80,,True,True,True,True,True,True
HI-Small,amlc_03418,e_5018226,955550,True,408,52104,True,True,408,,True,True,True,True,True,True
HI-Small,amlc_03419,e_5018227,955551,True,335,40979,True,True,335,,True,True,True,True,True,True
HI-Small,amlc_03420,e_5018229,955553,True,408,52104,True,True,408,,True,True,True,True,True,True
HI-Small,amlc_03421,e_5018230,955554,True,1094,130612,True,True,1094,,True,True,True,True,True,True
HI-Small,amlc_03422,e_5018231,955555,True,1049,126222,True,True,1049,,True,True,True,True,True,True
HI-Small,amlc_03423,e_5018233,955557,True,408,52104,True,True,408,,True,True,True,True,True,True
HI-Small,amlc_03424,e_5018234,955558,True,890,107827,True,True,890,,True,True,True,True,True,True
HI-Small,amlc_03425,e_5018236,955560,True,408,52104,True,True,408,,True,True,True,True,True,True
HI-Small,amlc_03426,e_5018239,955563,True,78,10752,True,True,78,,True,True,True,True,True,True
HI-Small,amlc_03427,e_5018241,955565,True,408,52104,True,True,408,,True,True,True,True,True,True
HI-Small,amlc_03428,e_5018243,955567,True,276,35997,True,True,276,,True,True,True,True,True,True
HI-Small,amlc_03429,e_5018244,955568,True,408,52104,True,True,408,,True,True,True,True,True,True
HI-Small,amlc_03430,e_5018247,955571,True,78,10752,True,True,78,,True,True,True,True,True,True
HI-Small,amlc_03431,e_5018301,955625,True,75,9726,True,True,75,,True,True,True,True,True,True
HI-Small,amlc_03432,e_5018303,955627,True,422,51119,True,True,422,,True,True,True,True,True,True
HI-Small,amlc_03433,e_5018304,955628,True,422,51119,True,True,422,,True,True,True,True,True,True
HI-Small,amlc_03434,e_5018305,955629,True,463,57506,True,True,463,,True,True,True,True,True,True
HI-Small,amlc_03435,e_5018307,955631,True,113,14285,True,True,113,,True,True,True,True,True,True
HI-Small,amlc_03436,e_5018308,955632,True,113,14285,True,True,113,,True,True,True,True,True,True
HI-Small,amlc_03437,e_5018309,955633,True,115,15306,True,True,115,,True,True,True,True,True,True
HI-Small,amlc_03438,e_5018311,955635,True,18,3010,True,True,18,,True,True,True,True,True,True
HI-Small,amlc_03439,e_5018313,955637,True,53,6904,True,True,53,,True,True,True,True,True,True
HI-Small,amlc_03440,e_5018314,955638,True,53,6904,True,True,53,,True,True,True,True,True,True
HI-Small,amlc_03441,e_5018315,955639,True,274,33040,True,True,274,,True,True,True,True,True,True
HI-Small,amlc_03442,e_5018317,955641,True,221,25968,True,True,221,,True,True,True,True,True,True
HI-Small,amlc_03443,e_5018318,955642,True,221,25968,True,True,221,,True,True,True,True,True,True
HI-Small,amlc_03444,e_5018320,955644,True,340,40820,True,True,340,,True,True,True,True,True,True
HI-Small,amlc_03445,e_5018322,955646,True,120,14434,True,True,120,,True,True,True,True,True,True
HI-Small,amlc_03446,e_5018323,955647,True,120,14434,True,True,120,,True,True,True,True,True,True
HI-Small,amlc_03447,e_5018576,955900,True,67,9750,True,True,67,,True,True,True,True,True,True
HI-Small,amlc_03448,e_5018745,956069,True,423,52366,True,True,423,,True,True,True,True,True,True
HI-Small,amlc_03449,e_5019351,956675,True,154,18745,True,True,154,,True,True,True,True,True,True
HI-Small,amlc_03450,e_5019480,956804,True,88,11149,True,True,88,,True,True,True,True,True,True
HI-Small,amlc_03451,e_5020717,958041,True,173,20845,True,True,173,,True,True,True,True,True,True
HI-Small,amlc_03452,e_5021224,958548,True,98,14011,True,True,98,,True,True,True,True,True,True
HI-Small,amlc_03453,e_5021916,959240,True,78,9816,True,True,78,,True,True,True,True,True,True
HI-Small,amlc_03454,e_5022120,959444,True,175,21667,True,True,175,,True,True,True,True,True,True
HI-Small,amlc_03455,e_5022312,959636,True,1433,169773,True,True,1433,,True,True,True,True,True,True
HI-Small,amlc_03456,e_5022837,960161,True,807,97906,True,True,807,,True,True,True,True,True,True
HI-Small,amlc_03457,e_5022918,960242,True,10,1947,True,True,10,,True,True,True,True,True,True
HI-Small,amlc_03458,e_5023188,960512,True,275,34569,True,True,275,,True,True,True,True,True,True
HI-Small,amlc_03459,e_5023600,960924,True,640,75785,True,True,640,,True,True,True,True,True,True
HI-Small,amlc_03460,e_5024078,961402,False,1853,213622,True,False,1853,e_5068759,True,True,True,True,True,True
HI-Small,amlc_03461,e_5024233,961557,True,158,18521,True,True,158,,True,True,True,True,True,True
HI-Small,amlc_03462,e_5024360,961684,True,179,22194,True,True,179,,True,True,True,True,True,True
HI-Small,amlc_03463,e_5024384,961708,True,219,25347,True,True,219,,True,True,True,True,True,True
HI-Small,amlc_03464,e_5024488,961812,True,480,55327,True,True,480,,True,True,True,True,True,True
HI-Small,amlc_03465,e_5024687,962011,True,169,21002,True,True,169,,True,True,True,True,True,True
HI-Small,amlc_03466,e_5024816,962140,True,177,20884,True,True,177,,True,True,True,True,True,True
HI-Small,amlc_03467,e_5025386,962710,True,115,14622,True,True,115,,True,True,True,True,True,True
HI-Small,amlc_03468,e_5025490,962814,True,110,15012,True,True,110,,True,True,True,True,True,True
HI-Small,amlc_03469,e_5025652,962976,False,2213,271463,True,False,2213,e_5077774,True,True,True,True,True,True
HI-Small,amlc_03470,e_5026499,963823,True,62,8130,True,True,62,,True,True,True,True,True,True
HI-Small,amlc_03471,e_5027166,964490,True,26,3932,True,True,26,,True,True,True,True,True,True
HI-Small,amlc_03472,e_5027400,964724,True,160,19974,True,True,160,,True,True,True,True,True,True
HI-Small,amlc_03473,e_5027910,965234,True,158,19011,True,True,158,,True,True,True,True,True,True
HI-Small,amlc_03474,e_5027921,965245,True,1150,131502,True,True,1150,,True,True,True,True,True,True
HI-Small,amlc_03475,e_5028574,965898,False,2022,232351,True,False,2022,e_5072838,True,True,True,True,True,True
HI-Small,amlc_03476,e_5029394,966718,True,1281,163796,True,True,1281,,True,True,True,True,True,True
HI-Small,amlc_03477,e_5029535,966859,True,242,30262,True,True,242,,True,True,True,True,True,True
HI-Small,amlc_03478,e_5029562,966886,True,104,14263,True,True,104,,True,True,True,True,True,True
HI-Small,amlc_03479,e_5029942,967266,True,81,10228,True,True,81,,True,True,True,True,True,True
HI-Small,amlc_03480,e_5030238,967562,True,96,12710,True,True,96,,True,True,True,True,True,True
HI-Small,amlc_03481,e_5030262,967586,False,2780,330830,True,False,2780,e_5071807,True,True,True,True,True,True
HI-Small,amlc_03482,e_5030294,967618,True,259,31669,True,True,259,,True,True,True,True,True,True
HI-Small,amlc_03483,e_5030879,968203,True,31,4278,True,True,31,,True,True,True,True,True,True
HI-Small,amlc_03484,e_5031563,968887,True,1173,133548,True,True,1173,,True,True,True,True,True,True
HI-Small,amlc_03485,e_5032274,969598,True,357,42222,True,True,357,,True,True,True,True,True,True
HI-Small,amlc_03486,e_5032276,969600,True,201,23375,True,True,201,,True,True,True,True,True,True
HI-Small,amlc_03487,e_5032993,970317,True,164,19865,True,True,164,,True,True,True,True,True,True
HI-Small,amlc_03488,e_5033300,970624,True,399,52051,True,True,399,,True,True,True,True,True,True
HI-Small,amlc_03489,e_5033314,970638,False,2449,309214,True,False,2449,e_5077739,True,True,True,True,True,True
HI-Small,amlc_03490,e_5033363,970687,True,306,39496,True,True,306,,True,True,True,True,True,True
HI-Small,amlc_03491,e_5033780,971104,True,123,15472,True,True,123,,True,True,True,True,True,True
HI-Small,amlc_03492,e_5033910,971234,True,104,13143,True,True,104,,True,True,True,True,True,True
HI-Small,amlc_03493,e_5033912,971236,True,129,16531,True,True,129,,True,True,True,True,True,True
HI-Small,amlc_03494,e_5033914,971238,True,295,36365,True,True,295,,True,True,True,True,True,True
HI-Small,amlc_03495,e_5033916,971240,True,416,48589,True,True,416,,True,True,True,True,True,True
HI-Small,amlc_03496,e_5033918,971242,True,210,25301,True,True,210,,True,True,True,True,True,True
HI-Small,amlc_03497,e_5033919,971243,True,273,34031,True,True,273,,True,True,True,True,True,True
HI-Small,amlc_03498,e_5033920,971244,True,798,95726,True,True,798,,True,True,True,True,True,True
HI-Small,amlc_03499,e_5033922,971246,True,136,20952,True,True,136,,True,True,True,True,True,True
HI-Small,amlc_03500,e_5033923,971247,True,105,14174,True,True,105,,True,True,True,True,True,True
HI-Small,amlc_03501,e_5033925,971249,True,150,17754,True,True,150,,True,True,True,True,True,True
HI-Small,amlc_03502,e_5033927,971251,True,58,7622,True,True,58,,True,True,True,True,True,True
HI-Small,amlc_03503,e_5033928,971252,True,58,7622,True,True,58,,True,True,True,True,True,True
HI-Small,amlc_03504,e_5033930,971254,True,127,17818,True,True,127,,True,True,True,True,True,True
HI-Small,amlc_03505,e_5033932,971256,True,230,30912,True,True,230,,True,True,True,True,True,True
HI-Small,amlc_03506,e_5033933,971257,True,85,12681,True,True,85,,True,True,True,True,True,True
HI-Small,amlc_03507,e_5033934,971258,True,322,40613,True,True,322,,True,True,True,True,True,True
HI-Small,amlc_03508,e_5033936,971260,True,240,33001,True,True,240,,True,True,True,True,True,True
HI-Small,amlc_03509,e_5033938,971262,True,201,27591,True,True,201,,True,True,True,True,True,True
HI-Small,amlc_03510,e_5033940,971264,True,440,54417,True,True,440,,True,True,True,True,True,True
HI-Small,amlc_03511,e_5033942,971266,True,83,12359,True,True,83,,True,True,True,True,True,True
HI-Small,amlc_03512,e_5033944,971268,True,192,26515,True,True,192,,True,True,True,True,True,True
HI-Small,amlc_03513,e_5033946,971270,True,135,18784,True,True,135,,True,True,True,True,True,True
HI-Small,amlc_03514,e_5033947,971271,True,83,12359,True,True,83,,True,True,True,True,True,True
HI-Small,amlc_03515,e_5033948,971272,True,1141,139169,True,True,1141,,True,True,True,True,True,True
HI-Small,amlc_03516,e_5033950,971274,True,83,12359,True,True,83,,True,True,True,True,True,True
HI-Small,amlc_03517,e_5033952,971276,True,698,91925,True,True,698,,True,True,True,True,True,True
HI-Small,amlc_03518,e_5033954,971278,True,698,91840,True,True,698,,True,True,True,True,True,True
HI-Small,amlc_03519,e_5033956,971280,True,701,92242,True,True,701,,True,True,True,True,True,True
HI-Small,amlc_03520,e_5033958,971282,True,694,91463,True,True,694,,True,True,True,True,True,True
HI-Small,amlc_03521,e_5033960,971284,True,692,91005,True,True,692,,True,True,True,True,True,True
HI-Small,amlc_03522,e_5033962,971286,True,695,91436,True,True,695,,True,True,True,True,True,True
HI-Small,amlc_03523,e_5033963,971287,True,702,92418,True,True,702,,True,True,True,True,True,True
HI-Small,amlc_03524,e_5033965,971289,True,701,92244,True,True,701,,True,True,True,True,True,True
HI-Small,amlc_03525,e_5033967,971291,True,699,92008,True,True,699,,True,True,True,True,True,True
HI-Small,amlc_03526,e_5033969,971293,True,698,91814,True,True,698,,True,True,True,True,True,True
HI-Small,amlc_03527,e_5033970,971294,True,700,92101,True,True,700,,True,True,True,True,True,True
HI-Small,amlc_03528,e_5033972,971296,True,706,92990,True,True,706,,True,True,True,True,True,True
HI-Small,amlc_03529,e_5033974,971298,True,702,92331,True,True,702,,True,True,True,True,True,True
HI-Small,amlc_03530,e_5033976,971300,True,650,81996,True,True,650,,True,True,True,True,True,True
HI-Small,amlc_03531,e_5033979,971303,True,124,16082,True,True,124,,True,True,True,True,True,True
HI-Small,amlc_03532,e_5033981,971305,True,642,80909,True,True,642,,True,True,True,True,True,True
HI-Small,amlc_03533,e_5033983,971307,True,262,32035,True,True,262,,True,True,True,True,True,True
HI-Small,amlc_03534,e_5033985,971309,True,653,82307,True,True,653,,True,True,True,True,True,True
HI-Small,amlc_03535,e_5033987,971311,True,214,26861,True,True,214,,True,True,True,True,True,True
HI-Small,amlc_03536,e_5033989,971313,True,660,83287,True,True,660,,True,True,True,True,True,True
HI-Small,amlc_03537,e_5033991,971315,True,1052,129377,True,True,1052,,True,True,True,True,True,True
HI-Small,amlc_03538,e_5033993,971317,True,659,83017,True,True,659,,True,True,True,True,True,True
HI-Small,amlc_03539,e_5033995,971319,True,129,16830,True,True,129,,True,True,True,True,True,True
HI-Small,amlc_03540,e_5033996,971320,True,129,16830,True,True,129,,True,True,True,True,True,True
HI-Small,amlc_03541,e_5033998,971322,True,652,82222,True,True,652,,True,True,True,True,True,True
HI-Small,amlc_03542,e_5034000,971324,True,178,24189,True,True,178,,True,True,True,True,True,True
HI-Small,amlc_03543,e_5034001,971325,True,178,24189,True,True,178,,True,True,True,True,True,True
HI-Small,amlc_03544,e_5034003,971327,True,647,81569,True,True,647,,True,True,True,True,True,True
HI-Small,amlc_03545,e_5034005,971329,True,124,16082,True,True,124,,True,True,True,True,True,True
HI-Small,amlc_03546,e_5034007,971331,True,657,82894,True,True,657,,True,True,True,True,True,True
HI-Small,amlc_03547,e_5034009,971333,True,264,32896,True,True,264,,True,True,True,True,True,True
HI-Small,amlc_03548,e_5034010,971334,True,264,32896,True,True,264,,True,True,True,True,True,True
HI-Small,amlc_03549,e_5034012,971336,True,649,81761,True,True,649,,True,True,True,True,True,True
HI-Small,amlc_03550,e_5034014,971338,True,128,16726,True,True,128,,True,True,True,True,True,True
HI-Small,amlc_03551,e_5034016,971340,True,640,80676,True,True,640,,True,True,True,True,True,True
HI-Small,amlc_03552,e_5034018,971342,True,370,46236,True,True,370,,True,True,True,True,True,True
HI-Small,amlc_03553,e_5034020,971344,True,650,82007,True,True,650,,True,True,True,True,True,True
HI-Small,amlc_03554,e_5034022,971346,True,534,64484,True,True,534,,True,True,True,True,True,True
HI-Small,amlc_03555,e_5034024,971348,True,645,81388,True,True,645,,True,True,True,True,True,True
HI-Small,amlc_03556,e_5034026,971350,True,126,16430,True,True,126,,True,True,True,True,True,True
HI-Small,amlc_03557,e_5034028,971352,True,650,82055,True,True,650,,True,True,True,True,True,True
HI-Small,amlc_03558,e_5034029,971353,True,527,65321,True,True,527,,True,True,True,True,True,True
HI-Small,amlc_03559,e_5034031,971355,True,649,81835,True,True,649,,True,True,True,True,True,True
HI-Small,amlc_03560,e_5034033,971357,True,160,21339,True,True,160,,True,True,True,True,True,True
HI-Small,amlc_03561,e_5034034,971358,True,160,21339,True,True,160,,True,True,True,True,True,True
HI-Small,amlc_03562,e_5034164,971488,True,530,62514,True,True,530,,True,True,True,True,True,True
HI-Small,amlc_03563,e_5034507,971831,False,2138,257412,True,False,2138,e_5073009,True,True,True,True,True,True
HI-Small,amlc_03564,e_5035078,972402,False,2068,248298,True,False,2068,e_5075092,True,True,True,True,True,True
HI-Small,amlc_03565,e_5035484,972808,True,738,89007,True,True,738,,True,True,True,True,True,True
HI-Small,amlc_03566,e_5035588,972912,True,47,5773,True,True,47,,True,True,True,True,True,True
HI-Small,amlc_03567,e_5035994,973318,True,300,35297,True,True,300,,True,True,True,True,True,True
HI-Small,amlc_03568,e_5036176,973500,True,249,31013,True,True,249,,True,True,True,True,True,True
HI-Small,amlc_03569,e_5036300,973624,True,266,30880,True,True,266,,True,True,True,True,True,True
HI-Small,amlc_03570,e_5036778,974102,True,68,8199,True,True,68,,True,True,True,True,True,True
HI-Small,amlc_03571,e_5036873,974197,True,371,42943,True,True,371,,True,True,True,True,True,True
HI-Small,amlc_03572,e_5037141,974465,True,296,36136,True,True,296,,True,True,True,True,True,True
HI-Small,amlc_03573,e_5037432,974756,True,1171,145431,True,True,1171,,True,True,True,True,True,True
HI-Small,amlc_03574,e_5037609,974933,True,170,21021,True,True,170,,True,True,True,True,True,True
HI-Small,amlc_03575,e_5037700,975024,True,775,95171,True,True,775,,True,True,True,True,True,True
HI-Small,amlc_03576,e_5037963,975287,True,267,31618,True,True,267,,True,True,True,True,True,True
HI-Small,amlc_03577,e_5037994,975318,True,16,2475,True,True,16,,True,True,True,True,True,True
HI-Small,amlc_03578,e_5038133,975457,True,904,107483,True,True,904,,True,True,True,True,True,True
HI-Small,amlc_03579,e_5038134,975458,True,549,65623,True,True,549,,True,True,True,True,True,True
HI-Small,amlc_03580,e_5038135,975459,True,1183,141485,True,True,1183,,True,True,True,True,True,True
HI-Small,amlc_03581,e_5038136,975460,True,538,64445,True,True,538,,True,True,True,True,True,True
HI-Small,amlc_03582,e_5038137,975461,True,538,64445,True,True,538,,True,True,True,True,True,True
HI-Small,amlc_03583,e_5038138,975462,True,538,64445,True,True,538,,True,True,True,True,True,True
HI-Small,amlc_03584,e_5038153,975477,False,2253,254938,True,False,2253,e_5074250,True,True,True,True,True,True
HI-Small,amlc_03585,e_5038159,975483,True,631,71554,True,True,631,,True,True,True,True,True,True
HI-Small,amlc_03586,e_5038384,975708,True,262,31732,True,True,262,,True,True,True,True,True,True
HI-Small,amlc_03587,e_5038464,975788,True,113,15821,True,True,113,,True,True,True,True,True,True
HI-Small,amlc_03588,e_5039175,976499,True,97,12449,True,True,97,,True,True,True,True,True,True
HI-Small,amlc_03589,e_5039637,976961,False,2405,290718,True,False,2405,e_4962234,True,True,True,True,True,True
HI-Small,amlc_03590,e_5039883,977207,True,488,55703,True,True,488,,True,True,True,True,True,True
HI-Small,amlc_03591,e_5039884,977208,True,868,99923,True,True,868,,True,True,True,True,True,True
HI-Small,amlc_03592,e_5040057,977381,True,169,20100,True,True,169,,True,True,True,True,True,True
HI-Small,amlc_03593,e_5040158,977482,True,10,1766,True,True,10,,True,True,True,True,True,True
HI-Small,amlc_03594,e_5040202,977526,False,1976,226200,True,False,1976,e_4908748,True,True,True,True,True,True
HI-Small,amlc_03595,e_5040944,978268,False,2397,279754,True,False,2397,e_5069270,True,True,True,True,True,True
HI-Small,amlc_03596,e_5041133,978457,True,189,22502,True,True,189,,True,True,True,True,True,True
HI-Small,amlc_03597,e_5041200,978524,True,119,14876,True,True,119,,True,True,True,True,True,True
HI-Small,amlc_03598,e_5041333,978657,True,274,33083,True,True,274,,True,True,True,True,True,True
HI-Small,amlc_03599,e_5041654,978978,True,284,37298,True,True,284,,True,True,True,True,True,True
HI-Small,amlc_03600,e_5041724,979048,True,540,66613,True,True,540,,True,True,True,True,True,True
HI-Small,amlc_03601,e_5041815,979139,True,86,11370,True,True,86,,True,True,True,True,True,True
HI-Small,amlc_03602,e_5041957,979281,True,1011,118656,True,True,1011,,True,True,True,True,True,True
HI-Small,amlc_03603,e_5042128,979452,False,2064,233203,True,False,2064,e_5074250,True,True,True,True,True,True
HI-Small,amlc_03604,e_5042257,979581,True,1721,201181,True,True,1721,,True,True,True,True,True,True
HI-Small,amlc_03605,e_5042571,979895,True,116,15454,True,True,116,,True,True,True,True,True,True
HI-Small,amlc_03606,e_5042739,980063,True,136,16444,True,True,136,,True,True,True,True,True,True
HI-Small,amlc_03607,e_5042835,980159,True,761,91717,True,True,761,,True,True,True,True,True,True
HI-Small,amlc_03608,e_5042846,980170,True,1178,139945,True,True,1178,,True,True,True,True,True,True
HI-Small,amlc_03609,e_5043002,980326,False,2107,252601,True,False,2107,e_5074446,True,True,True,True,True,True
HI-Small,amlc_03610,e_5043796,981120,True,151,17546,True,True,151,,True,True,True,True,True,True
HI-Small,amlc_03611,e_5043850,981174,True,802,92602,True,True,802,,True,True,True,True,True,True
HI-Small,amlc_03612,e_5044066,981390,True,295,34501,True,True,295,,True,True,True,True,True,True
HI-Small,amlc_03613,e_5044849,982173,True,204,24732,True,True,204,,True,True,True,True,True,True
HI-Small,amlc_03614,e_5045382,982706,True,953,121924,True,True,953,,True,True,True,True,True,True
HI-Small,amlc_03615,e_5045643,982967,True,585,71280,True,True,585,,True,True,True,True,True,True
HI-Small,amlc_03616,e_5045810,983134,True,80,11515,True,True,80,,True,True,True,True,True,True
HI-Small,amlc_03617,e_5046035,983359,True,60,8647,True,True,60,,True,True,True,True,True,True
HI-Small,amlc_03618,e_5046036,983360,True,21,3549,True,True,21,,True,True,True,True,True,True
HI-Small,amlc_03619,e_5046038,983362,True,21,3549,True,True,21,,True,True,True,True,True,True
HI-Small,amlc_03620,e_5046040,983364,True,21,3549,True,True,21,,True,True,True,True,True,True
HI-Small,amlc_03621,e_5046041,983365,True,21,3549,True,True,21,,True,True,True,True,True,True
HI-Small,amlc_03622,e_5046042,983366,True,145,18274,True,True,145,,True,True,True,True,True,True
HI-Small,amlc_03623,e_5046044,983368,True,145,18274,True,True,145,,True,True,True,True,True,True
HI-Small,amlc_03624,e_5046564,983888,True,577,67991,True,True,577,,True,True,True,True,True,True
HI-Small,amlc_03625,e_5047218,984542,True,782,93863,True,True,782,,True,True,True,True,True,True
HI-Small,amlc_03626,e_5047338,984662,True,425,50702,True,True,425,,True,True,True,True,True,True
HI-Small,amlc_03627,e_5047390,984714,True,130,15611,True,True,130,,True,True,True,True,True,True
HI-Small,amlc_03628,e_5047480,984804,False,2189,261496,True,False,2189,e_5067768,True,True,True,True,True,True
HI-Small,amlc_03629,e_5047636,984960,True,543,62115,True,True,543,,True,True,True,True,True,True
HI-Small,amlc_03630,e_5047875,985199,True,13,2403,True,True,13,,True,True,True,True,True,True
HI-Small,amlc_03631,e_5048098,985422,True,402,46476,True,True,402,,True,True,True,True,True,True
HI-Small,amlc_03632,e_5048782,986106,False,2469,281646,True,False,2469,e_5069194,True,True,True,True,True,True
HI-Small,amlc_03633,e_5049082,986406,True,828,97123,True,True,828,,True,True,True,True,True,True
HI-Small,amlc_03634,e_5049583,986907,True,340,42651,True,True,340,,True,True,True,True,True,True
HI-Small,amlc_03635,e_5049584,986908,True,47,6699,True,True,47,,True,True,True,True,True,True
HI-Small,amlc_03636,e_5049623,986947,True,903,107693,True,True,903,,True,True,True,True,True,True
HI-Small,amlc_03637,e_5049974,987298,True,675,81648,True,True,675,,True,True,True,True,True,True
HI-Small,amlc_03638,e_5050388,987712,True,697,83769,True,True,697,,True,True,True,True,True,True
HI-Small,amlc_03639,e_5050714,988038,True,120,18801,True,True,120,,True,True,True,True,True,True
HI-Small,amlc_03640,e_5050768,988092,True,135,21136,True,True,135,,True,True,True,True,True,True
HI-Small,amlc_03641,e_5051016,988340,True,511,60999,True,True,511,,True,True,True,True,True,True
HI-Small,amlc_03642,e_5051264,988588,True,276,33719,True,True,276,,True,True,True,True,True,True
HI-Small,amlc_03643,e_5051644,988968,True,696,83919,True,True,696,,True,True,True,True,True,True
HI-Small,amlc_03644,e_5051683,989007,True,221,28777,True,True,221,,True,True,True,True,True,True
HI-Small,amlc_03645,e_5051885,989209,True,1033,117027,True,True,1033,,True,True,True,True,True,True
HI-Small,amlc_03646,e_5052477,989801,True,40,4938,True,True,40,,True,True,True,True,True,True
HI-Small,amlc_03647,e_5052797,990121,True,490,56797,True,True,490,,True,True,True,True,True,True
HI-Small,amlc_03648,e_5052932,990256,True,818,98555,True,True,818,,True,True,True,True,True,True
HI-Small,amlc_03649,e_5053355,990679,True,71,10217,True,True,71,,True,True,True,True,True,True
HI-Small,amlc_03650,e_5053646,990970,True,447,55196,True,True,447,,True,True,True,True,True,True
HI-Small,amlc_03651,e_5053711,991035,True,43,6066,True,True,43,,True,True,True,True,True,True
HI-Small,amlc_03652,e_5054177,991501,True,1063,128819,True,True,1063,,True,True,True,True,True,True
HI-Small,amlc_03653,e_5054440,991764,True,1438,173295,True,True,1438,,True,True,True,True,True,True
HI-Small,amlc_03654,e_5054467,991791,True,202,24938,True,True,202,,True,True,True,True,True,True
HI-Small,amlc_03655,e_5054955,992279,True,160,20561,True,True,160,,True,True,True,True,True,True
HI-Small,amlc_03656,e_5055717,993041,True,720,86241,True,True,720,,True,True,True,True,True,True
HI-Small,amlc_03657,e_5056033,993357,True,1114,127457,True,True,1114,,True,True,True,True,True,True
HI-Small,amlc_03658,e_5056035,993359,True,1095,125673,True,True,1095,,True,True,True,True,True,True
HI-Small,amlc_03659,e_5056037,993361,True,1652,197180,True,True,1652,,True,True,True,True,True,True
HI-Small,amlc_03660,e_5056087,993411,True,801,94347,True,True,801,,True,True,True,True,True,True
HI-Small,amlc_03661,e_5056593,993917,True,166,19782,True,True,166,,True,True,True,True,True,True
HI-Small,amlc_03662,e_5056655,993979,True,372,42558,True,True,372,,True,True,True,True,True,True
HI-Small,amlc_03663,e_5056777,994101,True,1196,135677,True,True,1196,,True,True,True,True,True,True
HI-Small,amlc_03664,e_5057278,994602,True,145,17360,True,True,145,,True,True,True,True,True,True
HI-Small,amlc_03665,e_5057334,994658,True,151,18544,True,True,151,,True,True,True,True,True,True
HI-Small,amlc_03666,e_5057916,995240,True,154,19463,True,True,154,,True,True,True,True,True,True
HI-Small,amlc_03667,e_5057966,995290,True,1191,143902,True,True,1191,,True,True,True,True,True,True
HI-Small,amlc_03668,e_5058322,995646,True,67,10442,True,True,67,,True,True,True,True,True,True
HI-Small,amlc_03669,e_5058324,995648,True,42,6519,True,True,42,,True,True,True,True,True,True
HI-Small,amlc_03670,e_5058326,995650,True,127,16822,True,True,127,,True,True,True,True,True,True
HI-Small,amlc_03671,e_5058328,995652,True,214,27855,True,True,214,,True,True,True,True,True,True
HI-Small,amlc_03672,e_5058329,995653,True,770,95920,True,True,770,,True,True,True,True,True,True
HI-Small,amlc_03673,e_5058331,995655,True,42,6519,True,True,42,,True,True,True,True,True,True
HI-Small,amlc_03674,e_5058333,995657,True,72,10176,True,True,72,,True,True,True,True,True,True
HI-Small,amlc_03675,e_5058335,995659,True,197,24290,True,True,197,,True,True,True,True,True,True
HI-Small,amlc_03676,e_5058337,995661,True,191,24908,True,True,191,,True,True,True,True,True,True
HI-Small,amlc_03677,e_5058339,995663,True,48,7502,True,True,48,,True,True,True,True,True,True
HI-Small,amlc_03678,e_5058341,995665,True,87,12630,True,True,87,,True,True,True,True,True,True
HI-Small,amlc_03679,e_5058343,995667,True,175,24334,True,True,175,,True,True,True,True,True,True
HI-Small,amlc_03680,e_5058538,995862,True,773,88503,True,True,773,,True,True,True,True,True,True
HI-Small,amlc_03681,e_5058763,996087,True,236,28737,True,True,236,,True,True,True,True,True,True
HI-Small,amlc_03682,e_5059344,996668,True,165,20875,True,True,165,,True,True,True,True,True,True
HI-Small,amlc_03683,e_5060040,997364,True,398,47429,True,True,398,,True,True,True,True,True,True
HI-Small,amlc_03684,e_5060181,997505,True,604,69987,True,True,604,,True,True,True,True,True,True
HI-Small,amlc_03685,e_5060445,997769,True,199,24369,True,True,199,,True,True,True,True,True,True
HI-Small,amlc_03686,e_5060469,997793,True,26,4203,True,True,26,,True,True,True,True,True,True
HI-Small,amlc_03687,e_5060763,998087,True,371,43745,True,True,371,,True,True,True,True,True,True
HI-Small,amlc_03688,e_5061378,998702,True,528,63596,True,True,528,,True,True,True,True,True,True
HI-Small,amlc_03689,e_5061494,998818,True,167,19931,True,True,167,,True,True,True,True,True,True
HI-Small,amlc_03690,e_5061557,998881,True,721,84382,True,True,721,,True,True,True,True,True,True
HI-Small,amlc_03691,e_5061691,999015,True,82,10661,True,True,82,,True,True,True,True,True,True
HI-Small,amlc_03692,e_5061997,999321,True,434,53474,True,True,434,,True,True,True,True,True,True
HI-Small,amlc_03693,e_5062109,999433,True,637,78133,True,True,637,,True,True,True,True,True,True
HI-Small,amlc_03694,e_5062816,1000140,True,420,50415,True,True,420,,True,True,True,True,True,True
HI-Small,amlc_03695,e_5063042,1000366,True,302,36646,True,True,302,,True,True,True,True,True,True
HI-Small,amlc_03696,e_5063081,1000405,True,620,75053,True,True,620,,True,True,True,True,True,True
HI-Small,amlc_03697,e_5063225,1000549,True,56,8416,True,True,56,,True,True,True,True,True,True
HI-Small,amlc_03698,e_5063438,1000762,True,18,3328,True,True,18,,True,True,True,True,True,True
HI-Small,amlc_03699,e_5063530,1000854,True,730,86602,True,True,730,,True,True,True,True,True,True
HI-Small,amlc_03700,e_5063612,1000936,True,68,10520,True,True,68,,True,True,True,True,True,True
HI-Small,amlc_03701,e_5063807,1001131,True,518,62150,True,True,518,,True,True,True,True,True,True
HI-Small,amlc_03702,e_5064363,1001687,True,37,4778,True,True,37,,True,True,True,True,True,True
HI-Small,amlc_03703,e_5064539,1001863,True,291,33179,True,True,291,,True,True,True,True,True,True
HI-Small,amlc_03704,e_5064589,1001913,True,438,51497,True,True,438,,True,True,True,True,True,True
HI-Small,amlc_03705,e_5064836,1002160,True,446,51406,True,True,446,,True,True,True,True,True,True
HI-Small,amlc_03706,e_5065021,1002345,True,331,39315,True,True,331,,True,True,True,True,True,True
HI-Small,amlc_03707,e_5065561,1002885,True,969,113994,True,True,969,,True,True,True,True,True,True
HI-Small,amlc_03708,e_5065666,1002990,True,671,78110,True,True,671,,True,True,True,True,True,True
HI-Small,amlc_03709,e_5065744,1003068,True,973,123291,True,True,973,,True,True,True,True,True,True
HI-Small,amlc_03710,e_5065784,1003108,True,29,4186,True,True,29,,True,True,True,True,True,True
HI-Small,amlc_03711,e_5066007,1003331,True,309,38846,True,True,309,,True,True,True,True,True,True
HI-Small,amlc_03712,e_5066067,1003391,True,21,3069,True,True,21,,True,True,True,True,True,True
HI-Small,amlc_03713,e_5066763,1004087,False,2340,278994,True,False,2340,e_5071963,True,True,True,True,True,True
HI-Small,amlc_03714,e_5067107,1004431,True,436,49585,True,True,436,,True,True,True,True,True,True
HI-Small,amlc_03715,e_5067270,1004594,True,24,3784,True,True,24,,True,True,True,True,True,True
HI-Small,amlc_03716,e_5067450,1004774,True,92,11337,True,True,92,,True,True,True,True,True,True
HI-Small,amlc_03717,e_5067862,1005186,True,269,32019,True,True,269,,True,True,True,True,True,True
HI-Small,amlc_03718,e_5068365,1005689,True,85,10343,True,True,85,,True,True,True,True,True,True
HI-Small,amlc_03719,e_5068672,1005996,True,298,35989,True,True,298,,True,True,True,True,True,True
HI-Small,amlc_03720,e_5068834,1006158,True,122,15496,True,True,122,,True,True,True,True,True,True
HI-Small,amlc_03721,e_5069166,1006490,True,90,10858,True,True,90,,True,True,True,True,True,True
HI-Small,amlc_03722,e_5069539,1006863,True,1365,159903,True,True,1365,,True,True,True,True,True,True
HI-Small,amlc_03723,e_5069687,1007011,True,809,101308,True,True,809,,True,True,True,True,True,True
HI-Small,amlc_03724,e_5070022,1007346,True,1042,129586,True,True,1042,,True,True,True,True,True,True
HI-Small,amlc_03725,e_5070074,1007398,True,176,25453,True,True,176,,True,True,True,True,True,True
HI-Small,amlc_03726,e_5070174,1007498,False,2219,268580,True,False,2219,e_5058329,True,True,True,True,True,True
HI-Small,amlc_03727,e_5070505,1007829,True,594,73616,True,True,594,,True,True,True,True,True,True
HI-Small,amlc_03728,e_5070515,1007839,True,120,15325,True,True,120,,True,True,True,True,True,True
HI-Small,amlc_03729,e_5070832,1008156,True,503,60153,True,True,503,,True,True,True,True,True,True
HI-Small,amlc_03730,e_5071168,1008492,True,76,9685,True,True,76,,True,True,True,True,True,True
HI-Small,amlc_03731,e_5071532,1008856,False,2231,267135,True,False,2231,e_5071744,True,True,True,True,True,True
HI-Small,amlc_03732,e_5072298,1009622,True,954,111750,True,True,954,,True,True,True,True,True,True
HI-Small,amlc_03733,e_5073342,1010666,True,90,11921,True,True,90,,True,True,True,True,True,True
HI-Small,amlc_03734,e_5073375,1010699,True,170,21056,True,True,170,,True,True,True,True,True,True
HI-Small,amlc_03735,e_5073898,1011222,True,276,35088,True,True,276,,True,True,True,True,True,True
HI-Small,amlc_03736,e_5073943,1011267,True,362,43804,True,True,362,,True,True,True,True,True,True
HI-Small,amlc_03737,e_5074248,1011572,True,890,108253,True,True,890,,True,True,True,True,True,True
HI-Small,amlc_03738,e_5074397,1011721,True,1588,187475,True,True,1588,,True,True,True,True,True,True
HI-Small,amlc_03739,e_5075033,1012357,True,528,62904,True,True,528,,True,True,True,True,True,True
HI-Small,amlc_03740,e_5075056,1012380,True,44,5865,True,True,44,,True,True,True,True,True,True
HI-Small,amlc_03741,e_5075170,1012494,True,350,42922,True,True,350,,True,True,True,True,True,True
HI-Small,amlc_03742,e_5075764,1013088,True,226,29543,True,True,226,,True,True,True,True,True,True
HI-Small,amlc_03743,e_5076334,1013658,True,319,36479,True,True,319,,True,True,True,True,True,True
HI-Small,amlc_03744,e_5076363,1013687,True,115,13793,True,True,115,,True,True,True,True,True,True
HI-Small,amlc_03745,e_5076402,1013726,True,1042,120309,True,True,1042,,True,True,True,True,True,True
HI-Small,amlc_03746,e_5076780,1014104,True,41,6739,True,True,41,,True,True,True,True,True,True
HI-Small,amlc_03747,e_5076913,1014237,True,230,27289,True,True,230,,True,True,True,True,True,True
HI-Small,amlc_03748,e_5077175,1014499,True,579,67433,True,True,579,,True,True,True,True,True,True
HI-Small,amlc_03749,e_5077204,1014528,True,42,6328,True,True,42,,True,True,True,True,True,True
HI-Small,amlc_03750,e_5077322,1014646,False,2447,284777,True,False,2447,e_5077303,True,True,True,True,True,True
HI-Small,amlc_03751,e_5077378,1014702,True,604,71649,True,True,604,,True,True,True,True,True,True
HI-Small,amlc_03752,e_5077507,1014831,False,1845,218432,True,False,1845,e_5077522,True,True,True,True,True,True
LI-Small,amlc_00000,e_5539484,245,True,339,42205,True,True,339,,True,True,True,True,True,True
LI-Small,amlc_00001,e_5540346,1107,True,93,12442,True,True,93,,True,True,True,True,True,True
LI-Small,amlc_00002,e_5540425,1186,False,2166,260627,True,False,2166,e_6919229,True,True,True,True,True,True
LI-Small,amlc_00003,e_5540534,1295,True,184,21423,True,True,184,,True,True,True,True,True,True
LI-Small,amlc_00004,e_5540749,1510,True,161,19991,True,True,161,,True,True,True,True,True,True
LI-Small,amlc_00005,e_5541231,1992,True,40,6705,True,True,40,,True,True,True,True,True,True
LI-Small,amlc_00006,e_5541486,2247,True,265,33841,True,True,265,,True,True,True,True,True,True
LI-Small,amlc_00007,e_5542326,3087,True,51,7823,True,True,51,,True,True,True,True,True,True
LI-Small,amlc_00008,e_5542517,3278,True,461,52277,True,True,461,,True,True,True,True,True,True
LI-Small,amlc_00009,e_5544602,5363,True,681,79340,True,True,681,,True,True,True,True,True,True
LI-Small,amlc_00010,e_5545812,6573,True,243,29160,True,True,243,,True,True,True,True,True,True
LI-Small,amlc_00011,e_5546238,6999,True,446,53493,True,True,446,,True,True,True,True,True,True
LI-Small,amlc_00012,e_5546661,7422,True,869,101035,True,True,869,,True,True,True,True,True,True
LI-Small,amlc_00013,e_5546987,7748,True,550,67735,True,True,550,,True,True,True,True,True,True
LI-Small,amlc_00014,e_5548813,9574,True,914,105999,True,True,914,,True,True,True,True,True,True
LI-Small,amlc_00015,e_5549677,10438,True,958,109705,True,True,958,,True,True,True,True,True,True
LI-Small,amlc_00016,e_5549952,10713,True,382,43777,True,True,382,,True,True,True,True,True,True
LI-Small,amlc_00017,e_5550544,11305,True,1007,120186,True,True,1007,,True,True,True,True,True,True
LI-Small,amlc_00018,e_5550702,11463,False,2734,325737,True,False,2734,e_6919633,True,True,True,True,True,True
LI-Small,amlc_00019,e_5551109,11870,False,1906,228227,True,False,1906,e_6912963,True,True,True,True,True,True
LI-Small,amlc_00020,e_5551223,11984,True,46,6915,True,True,46,,True,True,True,True,True,True
LI-Small,amlc_00021,e_5551534,12295,True,494,59018,True,True,494,,True,True,True,True,True,True
LI-Small,amlc_00022,e_5551669,12430,True,190,24324,True,True,190,,True,True,True,True,True,True
LI-Small,amlc_00023,e_5551885,12646,True,43,7106,True,True,43,,True,True,True,True,True,True
LI-Small,amlc_00024,e_5551960,12721,False,2504,300680,True,False,2504,e_6913901,True,True,True,True,True,True
LI-Small,amlc_00025,e_5553035,13796,True,9,1718,True,True,9,,True,True,True,True,True,True
LI-Small,amlc_00026,e_5553168,13929,True,455,55622,True,True,455,,True,True,True,True,True,True
LI-Small,amlc_00027,e_5554478,15239,True,126,15999,True,True,126,,True,True,True,True,True,True
LI-Small,amlc_00028,e_5554537,15298,True,89,11250,True,True,89,,True,True,True,True,True,True
LI-Small,amlc_00029,e_5555048,15809,True,89,10764,True,True,89,,True,True,True,True,True,True
LI-Small,amlc_00030,e_5555128,15889,False,2005,230274,True,False,2005,e_6916275,True,True,True,True,True,True
LI-Small,amlc_00031,e_5555562,16323,True,451,51793,True,True,451,,True,True,True,True,True,True
LI-Small,amlc_00032,e_5557536,18297,False,2282,262673,True,False,2282,e_6921820,True,True,True,True,True,True
LI-Small,amlc_00033,e_5557719,18480,True,358,41915,True,True,358,,True,True,True,True,True,True
LI-Small,amlc_00034,e_5557827,18588,True,782,90609,True,True,782,,True,True,True,True,True,True
LI-Small,amlc_00035,e_5558273,19034,True,26,3514,True,True,26,,True,True,True,True,True,True
LI-Small,amlc_00036,e_5558631,19392,True,299,35171,True,True,299,,True,True,True,True,True,True
LI-Small,amlc_00037,e_5560088,20849,True,218,25826,True,True,218,,True,True,True,True,True,True
LI-Small,amlc_00038,e_5561768,22529,False,2048,248749,True,False,2048,e_6923492,True,True,True,True,True,True
LI-Small,amlc_00039,e_5562013,22774,False,1813,211774,True,False,1813,e_6923533,True,True,True,True,True,True
LI-Small,amlc_00040,e_5562054,22815,True,496,60018,True,True,496,,True,True,True,True,True,True
LI-Small,amlc_00041,e_5563052,23813,True,494,56753,True,True,494,,True,True,True,True,True,True
LI-Small,amlc_00042,e_5563544,24305,True,58,7425,True,True,58,,True,True,True,True,True,True
LI-Small,amlc_00043,e_5564262,25023,False,2205,265461,True,False,2205,e_6919239,True,True,True,True,True,True
LI-Small,amlc_00044,e_5564908,25669,True,623,75333,True,True,623,,True,True,True,True,True,True
LI-Small,amlc_00045,e_5565263,26024,True,321,38543,True,True,321,,True,True,True,True,True,True
LI-Small,amlc_00046,e_5565323,26084,True,411,49318,True,True,411,,True,True,True,True,True,True
LI-Small,amlc_00047,e_5568819,29580,True,1314,149998,True,True,1314,,True,True,True,True,True,True
LI-Small,amlc_00048,e_5569287,30048,True,303,35708,True,True,303,,True,True,True,True,True,True
LI-Small,amlc_00049,e_5569333,30094,True,1078,123634,True,True,1078,,True,True,True,True,True,True
LI-Small,amlc_00050,e_5570429,31190,False,2229,253427,True,False,2229,e_6909637,True,True,True,True,True,True
LI-Small,amlc_00051,e_5570459,31220,True,352,40103,True,True,352,,True,True,True,True,True,True
LI-Small,amlc_00052,e_5570828,31589,True,350,39730,True,True,350,,True,True,True,True,True,True
LI-Small,amlc_00053,e_5573220,33981,False,1810,211763,True,False,1810,e_6917189,True,True,True,True,True,True
LI-Small,amlc_00054,e_5573347,34108,True,215,26096,True,True,215,,True,True,True,True,True,True
LI-Small,amlc_00055,e_5575238,35999,True,531,63505,True,True,531,,True,True,True,True,True,True
LI-Small,amlc_00056,e_5575481,36242,True,342,40567,True,True,342,,True,True,True,True,True,True
LI-Small,amlc_00057,e_5576063,36824,False,2063,251232,True,False,2063,e_6918237,True,True,True,True,True,True
LI-Small,amlc_00058,e_5576651,37412,True,71,8893,True,True,71,,True,True,True,True,True,True
LI-Small,amlc_00059,e_5578387,39148,True,1011,120353,True,True,1011,,True,True,True,True,True,True
LI-Small,amlc_00060,e_5578519,39280,True,281,33970,True,True,281,,True,True,True,True,True,True
LI-Small,amlc_00061,e_5578829,39590,True,62,7908,True,True,62,,True,True,True,True,True,True
LI-Small,amlc_00062,e_5579148,39909,True,23,3360,True,True,23,,True,True,True,True,True,True
LI-Small,amlc_00063,e_5580577,41338,True,69,9382,True,True,69,,True,True,True,True,True,True
LI-Small,amlc_00064,e_5580973,41734,True,243,30746,True,True,243,,True,True,True,True,True,True
LI-Small,amlc_00065,e_5582577,43338,True,250,28671,True,True,250,,True,True,True,True,True,True
LI-Small,amlc_00066,e_5586522,47283,True,270,33359,True,True,270,,True,True,True,True,True,True
LI-Small,amlc_00067,e_5590695,51456,True,17,2790,True,True,17,,True,True,True,True,True,True
LI-Small,amlc_00068,e_5590861,51622,True,476,56907,True,True,476,,True,True,True,True,True,True
LI-Small,amlc_00069,e_5591791,52552,True,696,85342,True,True,696,,True,True,True,True,True,True
LI-Small,amlc_00070,e_5592279,53040,True,322,40094,True,True,322,,True,True,True,True,True,True
LI-Small,amlc_00071,e_5593137,53898,False,2017,241401,True,False,2017,e_6920246,True,True,True,True,True,True
LI-Small,amlc_00072,e_5593630,54391,True,691,83725,True,True,691,,True,True,True,True,True,True
LI-Small,amlc_00073,e_5594097,54858,True,367,44306,True,True,367,,True,True,True,True,True,True
LI-Small,amlc_00074,e_5594828,55589,True,544,65664,True,True,544,,True,True,True,True,True,True
LI-Small,amlc_00075,e_5595216,55977,True,615,71880,True,True,615,,True,True,True,True,True,True
LI-Small,amlc_00076,e_5595702,56463,True,396,46250,True,True,396,,True,True,True,True,True,True
LI-Small,amlc_00077,e_5595982,56743,True,54,7011,True,True,54,,True,True,True,True,True,True
LI-Small,amlc_00078,e_5596795,57556,True,73,11267,True,True,73,,True,True,True,True,True,True
LI-Small,amlc_00079,e_5597694,58455,True,722,83703,True,True,722,,True,True,True,True,True,True
LI-Small,amlc_00080,e_5598018,58779,True,54,6829,True,True,54,,True,True,True,True,True,True
LI-Small,amlc_00081,e_5598699,59460,True,89,10992,True,True,89,,True,True,True,True,True,True
LI-Small,amlc_00082,e_5598702,59463,True,63,8010,True,True,63,,True,True,True,True,True,True
LI-Small,amlc_00083,e_5599326,60087,True,853,97936,True,True,853,,True,True,True,True,True,True
LI-Small,amlc_00084,e_5600221,60982,False,2205,257154,True,False,2205,e_6922827,True,True,True,True,True,True
LI-Small,amlc_00085,e_5601904,62665,True,861,104590,True,True,861,,True,True,True,True,True,True
LI-Small,amlc_00086,e_5602514,63275,True,1026,125054,True,True,1026,,True,True,True,True,True,True
LI-Small,amlc_00087,e_5603213,63974,False,2061,234983,True,False,2061,e_6907540,True,True,True,True,True,True
LI-Small,amlc_00088,e_5604222,64983,True,1012,120589,True,True,1012,,True,True,True,True,True,True
LI-Small,amlc_00089,e_5605109,65870,True,284,34419,True,True,284,,True,True,True,True,True,True
LI-Small,amlc_00090,e_5605393,66154,True,40,6671,True,True,40,,True,True,True,True,True,True
LI-Small,amlc_00091,e_5605649,66410,True,125,15352,True,True,125,,True,True,True,True,True,True
LI-Small,amlc_00092,e_5606353,67114,False,2045,246081,True,False,2045,e_6914226,True,True,True,True,True,True
LI-Small,amlc_00093,e_5607800,68561,True,232,28130,True,True,232,,True,True,True,True,True,True
LI-Small,amlc_00094,e_5608057,68818,False,2233,267033,True,False,2233,e_6912965,True,True,True,True,True,True
LI-Small,amlc_00095,e_5608277,69038,False,2249,258580,True,False,2249,e_6921525,True,True,True,True,True,True
LI-Small,amlc_00096,e_5610442,71203,False,2407,275361,True,False,2407,e_6249141,True,True,True,True,True,True
LI-Small,amlc_00097,e_5611840,72601,True,691,79916,True,True,691,,True,True,True,True,True,True
LI-Small,amlc_00098,e_5612269,73030,True,14,2389,True,True,14,,True,True,True,True,True,True
LI-Small,amlc_00099,e_5612831,73592,True,131,15532,True,True,131,,True,True,True,True,True,True
LI-Small,amlc_00100,e_5614071,74832,True,713,91386,True,True,713,,True,True,True,True,True,True
LI-Small,amlc_00101,e_5614238,74999,True,11,2115,True,True,11,,True,True,True,True,True,True
LI-Small,amlc_00102,e_5615303,76064,True,193,23414,True,True,193,,True,True,True,True,True,True
LI-Small,amlc_00103,e_5615340,76101,False,2031,237150,True,False,2031,e_6923575,True,True,True,True,True,True
LI-Small,amlc_00104,e_5615886,76647,False,2188,266323,True,False,2188,e_6923674,True,True,True,True,True,True
LI-Small,amlc_00105,e_5616636,77397,True,284,33409,True,True,284,,True,True,True,True,True,True
LI-Small,amlc_00106,e_5616881,77642,True,75,9416,True,True,75,,True,True,True,True,True,True
LI-Small,amlc_00107,e_5616952,77713,True,97,12033,True,True,97,,True,True,True,True,True,True
LI-Small,amlc_00108,e_5617732,78493,True,64,9016,True,True,64,,True,True,True,True,True,True
LI-Small,amlc_00109,e_5618343,79104,True,122,15305,True,True,122,,True,True,True,True,True,True
LI-Small,amlc_00110,e_5620536,81297,True,49,7182,True,True,49,,True,True,True,True,True,True
LI-Small,amlc_00111,e_5621601,82362,True,641,73063,True,True,641,,True,True,True,True,True,True
LI-Small,amlc_00112,e_5622657,83418,True,57,7194,True,True,57,,True,True,True,True,True,True
LI-Small,amlc_00113,e_5623132,83893,True,366,44868,True,True,366,,True,True,True,True,True,True
LI-Small,amlc_00114,e_5623235,83996,True,26,4320,True,True,26,,True,True,True,True,True,True
LI-Small,amlc_00115,e_5623843,84604,False,2302,261797,True,False,2302,e_6921890,True,True,True,True,True,True
LI-Small,amlc_00116,e_5625384,86145,False,2181,251735,True,False,2181,e_6922233,True,True,True,True,True,True
LI-Small,amlc_00117,e_5626273,87034,True,43,5843,True,True,43,,True,True,True,True,True,True
LI-Small,amlc_00118,e_5627512,88273,True,1275,147538,True,True,1275,,True,True,True,True,True,True
LI-Small,amlc_00119,e_5627831,88592,True,1234,150305,True,True,1234,,True,True,True,True,True,True
LI-Small,amlc_00120,e_5628926,89687,False,2446,283800,True,False,2446,e_6923589,True,True,True,True,True,True
LI-Small,amlc_00121,e_5629130,89891,True,688,84614,True,True,688,,True,True,True,True,True,True
LI-Small,amlc_00122,e_5629328,90089,False,1958,239249,True,False,1958,e_6923782,True,True,True,True,True,True
LI-Small,amlc_00123,e_5629624,90385,True,83,9998,True,True,83,,True,True,True,True,True,True
LI-Small,amlc_00124,e_5632383,93144,True,361,43216,True,True,361,,True,True,True,True,True,True
LI-Small,amlc_00125,e_5632706,93467,False,2422,288919,True,False,2422,e_6913092,True,True,True,True,True,True
LI-Small,amlc_00126,e_5635049,95810,False,2250,268612,True,False,2250,e_6919159,True,True,True,True,True,True
LI-Small,amlc_00127,e_5636539,97300,True,1326,151025,True,True,1326,,True,True,True,True,True,True
LI-Small,amlc_00128,e_5637263,98024,False,2078,239045,True,False,2078,e_6921147,True,True,True,True,True,True
LI-Small,amlc_00129,e_5637370,98131,True,762,88742,True,True,762,,True,True,True,True,True,True
LI-Small,amlc_00130,e_5639335,100096,False,2108,242489,True,False,2108,e_6922297,True,True,True,True,True,True
LI-Small,amlc_00131,e_5639525,100286,True,1003,116387,True,True,1003,,True,True,True,True,True,True
LI-Small,amlc_00132,e_5640103,100864,True,205,24656,True,True,205,,True,True,True,True,True,True
LI-Small,amlc_00133,e_5640106,100867,True,46,6080,True,True,46,,True,True,True,True,True,True
LI-Small,amlc_00134,e_5640796,101557,True,53,7877,True,True,53,,True,True,True,True,True,True
LI-Small,amlc_00135,e_5640911,101672,True,444,56142,True,True,444,,True,True,True,True,True,True
LI-Small,amlc_00136,e_5641178,101939,True,82,12863,True,True,82,,True,True,True,True,True,True
LI-Small,amlc_00137,e_5641506,102267,True,162,21951,True,True,162,,True,True,True,True,True,True
LI-Small,amlc_00138,e_5642033,102794,True,189,22963,True,True,189,,True,True,True,True,True,True
LI-Small,amlc_00139,e_5645122,105883,False,1998,239931,True,False,1998,e_6911185,True,True,True,True,True,True
LI-Small,amlc_00140,e_5646314,107075,True,44,7371,True,True,44,,True,True,True,True,True,True
LI-Small,amlc_00141,e_5646760,107521,True,276,34948,True,True,276,,True,True,True,True,True,True
LI-Small,amlc_00142,e_5647164,107925,True,101,12381,True,True,101,,True,True,True,True,True,True
LI-Small,amlc_00143,e_5647757,108518,True,611,75403,True,True,611,,True,True,True,True,True,True
LI-Small,amlc_00144,e_5647851,108612,True,1280,154669,True,True,1280,,True,True,True,True,True,True
LI-Small,amlc_00145,e_5648634,109395,True,833,96878,True,True,833,,True,True,True,True,True,True
LI-Small,amlc_00146,e_5649338,110099,False,2235,256700,True,False,2235,e_6921878,True,True,True,True,True,True
LI-Small,amlc_00147,e_5650290,111051,True,34,4677,True,True,34,,True,True,True,True,True,True
LI-Small,amlc_00148,e_5652605,113366,True,157,18657,True,True,157,,True,True,True,True,True,True
LI-Small,amlc_00149,e_5652864,113625,True,544,63608,True,True,544,,True,True,True,True,True,True
LI-Small,amlc_00150,e_5654088,114849,True,177,23227,True,True,177,,True,True,True,True,True,True
LI-Small,amlc_00151,e_5654656,115417,True,737,90914,True,True,737,,True,True,True,True,True,True
LI-Small,amlc_00152,e_5655082,115843,True,718,86400,True,True,718,,True,True,True,True,True,True
LI-Small,amlc_00153,e_5655226,115987,True,60,8024,True,True,60,,True,True,True,True,True,True
LI-Small,amlc_00154,e_5655491,116252,True,2593,301275,True,True,2593,,True,True,True,True,True,True
LI-Small,amlc_00155,e_5656414,117175,True,227,26587,True,True,227,,True,True,True,True,True,True
LI-Small,amlc_00156,e_5658380,119141,False,2462,293829,True,False,2462,e_6914873,True,True,True,True,True,True
LI-Small,amlc_00157,e_5658680,119441,True,116,14783,True,True,116,,True,True,True,True,True,True
LI-Small,amlc_00158,e_5659735,120496,True,1232,145648,True,True,1232,,True,True,True,True,True,True
LI-Small,amlc_00159,e_5660572,121333,True,180,22888,True,True,180,,True,True,True,True,True,True
LI-Small,amlc_00160,e_5660615,121376,True,24,3480,True,True,24,,True,True,True,True,True,True
LI-Small,amlc_00161,e_5662032,122793,True,43,5386,True,True,43,,True,True,True,True,True,True
LI-Small,amlc_00162,e_5662033,122794,True,236,27243,True,True,236,,True,True,True,True,True,True
LI-Small,amlc_00163,e_5662035,122796,True,181,21785,True,True,181,,True,True,True,True,True,True
LI-Small,amlc_00164,e_5662036,122797,True,181,21785,True,True,181,,True,True,True,True,True,True
LI-Small,amlc_00165,e_5662037,122798,True,975,115454,True,True,975,,True,True,True,True,True,True
LI-Small,amlc_00166,e_5662038,122799,True,211,26351,True,True,211,,True,True,True,True,True,True
LI-Small,amlc_00167,e_5662039,122800,True,211,26351,True,True,211,,True,True,True,True,True,True
LI-Small,amlc_00168,e_5662041,122802,True,46,6188,True,True,46,,True,True,True,True,True,True
LI-Small,amlc_00169,e_5662042,122803,True,46,6188,True,True,46,,True,True,True,True,True,True
LI-Small,amlc_00170,e_5662046,122807,True,1461,166100,True,True,1461,,True,True,True,True,True,True
LI-Small,amlc_00171,e_5662047,122808,True,229,26497,True,True,229,,True,True,True,True,True,True
LI-Small,amlc_00172,e_5662048,122809,True,229,26497,True,True,229,,True,True,True,True,True,True
LI-Small,amlc_00173,e_5662050,122811,True,37,5517,True,True,37,,True,True,True,True,True,True
LI-Small,amlc_00174,e_5662831,123592,True,325,39253,True,True,325,,True,True,True,True,True,True
LI-Small,amlc_00175,e_5663124,123885,True,141,17506,True,True,141,,True,True,True,True,True,True
LI-Small,amlc_00176,e_5664325,125086,False,2785,318566,True,False,2785,e_6920723,True,True,True,True,True,True
LI-Small,amlc_00177,e_5664965,125726,True,336,39487,True,True,336,,True,True,True,True,True,True
LI-Small,amlc_00178,e_5666166,126927,True,39,6500,True,True,39,,True,True,True,True,True,True
LI-Small,amlc_00179,e_5666596,127357,False,2050,239151,True,False,2050,e_6917293,True,True,True,True,True,True
LI-Small,amlc_00180,e_5666735,127496,True,111,14147,True,True,111,,True,True,True,True,True,True
LI-Small,amlc_00181,e_5667275,128036,True,240,31049,True,True,240,,True,True,True,True,True,True
LI-Small,amlc_00182,e_5667438,128199,False,1744,222739,True,False,1744,e_6917613,True,True,True,True,True,True
LI-Small,amlc_00183,e_5667891,128652,True,696,86023,True,True,696,,True,True,True,True,True,True
LI-Small,amlc_00184,e_5668652,129413,True,238,29170,True,True,238,,True,True,True,True,True,True
LI-Small,amlc_00185,e_5670043,130804,True,346,42725,True,True,346,,True,True,True,True,True,True
LI-Small,amlc_00186,e_5671162,131923,True,302,35973,True,True,302,,True,True,True,True,True,True
LI-Small,amlc_00187,e_5671239,132000,False,2579,308314,True,False,2579,e_6907908,True,True,True,True,True,True
LI-Small,amlc_00188,e_5671928,132689,True,289,35117,True,True,289,,True,True,True,True,True,True
LI-Small,amlc_00189,e_5672138,132899,True,832,100139,True,True,832,,True,True,True,True,True,True
LI-Small,amlc_00190,e_5672220,132981,False,2647,315261,True,False,2647,e_6913665,True,True,True,True,True,True
LI-Small,amlc_00191,e_5672360,133121,True,50,7423,True,True,50,,True,True,True,True,True,True
LI-Small,amlc_00192,e_5673112,133873,True,84,11275,True,True,84,,True,True,True,True,True,True
LI-Small,amlc_00193,e_5673905,134666,True,296,39680,True,True,296,,True,True,True,True,True,True
LI-Small,amlc_00194,e_5674065,134826,True,32,5319,True,True,32,,True,True,True,True,True,True
LI-Small,amlc_00195,e_5677413,138174,True,21,3680,True,True,21,,True,True,True,True,True,True
LI-Small,amlc_00196,e_5678653,139414,True,401,45699,True,True,401,,True,True,True,True,True,True
LI-Small,amlc_00197,e_5678878,139639,True,113,14374,True,True,113,,True,True,True,True,True,True
LI-Small,amlc_00198,e_5679116,139877,True,38,6259,True,True,38,,True,True,True,True,True,True
LI-Small,amlc_00199,e_5679836,140597,True,222,27720,True,True,222,,True,True,True,True,True,True
LI-Small,amlc_00200,e_5680650,141411,False,2212,275854,True,False,2212,e_6917455,True,True,True,True,True,True
LI-Small,amlc_00201,e_5681041,141802,False,2405,305017,True,False,2405,e_6923143,True,True,True,True,True,True
LI-Small,amlc_00202,e_5682506,143267,True,238,27337,True,True,238,,True,True,True,True,True,True
LI-Small,amlc_00203,e_5683005,143766,True,53,8169,True,True,53,,True,True,True,True,True,True
LI-Small,amlc_00204,e_5683033,143794,True,106,13672,True,True,106,,True,True,True,True,True,True
LI-Small,amlc_00205,e_5683735,144496,True,1213,142552,True,True,1213,,True,True,True,True,True,True
LI-Small,amlc_00206,e_5685874,146635,False,2080,250904,True,False,2080,e_6920579,True,True,True,True,True,True
LI-Small,amlc_00207,e_5686485,147246,True,530,64030,True,True,530,,True,True,True,True,True,True
LI-Small,amlc_00208,e_5687863,148624,True,1049,127474,True,True,1049,,True,True,True,True,True,True
LI-Small,amlc_00209,e_5688802,149563,True,591,67215,True,True,591,,True,True,True,True,True,True
LI-Small,amlc_00210,e_5690807,151568,True,33,4255,True,True,33,,True,True,True,True,True,True
LI-Small,amlc_00211,e_5690947,151708,True,231,28138,True,True,231,,True,True,True,True,True,True
LI-Small,amlc_00212,e_5691335,152096,False,2431,278282,True,False,2431,e_6919201,True,True,True,True,True,True
LI-Small,amlc_00213,e_5692423,153184,True,191,22026,True,True,191,,True,True,True,True,True,True
LI-Small,amlc_00214,e_5694003,154764,True,38,5520,True,True,38,,True,True,True,True,True,True
LI-Small,amlc_00215,e_5695174,155935,True,163,21119,True,True,163,,True,True,True,True,True,True
LI-Small,amlc_00216,e_5695410,156171,True,568,66810,True,True,568,,True,True,True,True,True,True
LI-Small,amlc_00217,e_5695764,156525,False,2343,283158,True,False,2343,e_6923699,True,True,True,True,True,True
LI-Small,amlc_00218,e_5695872,156633,True,438,53368,True,True,438,,True,True,True,True,True,True
LI-Small,amlc_00219,e_5695978,156739,False,1800,220921,True,False,1800,e_6923810,True,True,True,True,True,True
LI-Small,amlc_00220,e_5696599,157360,True,123,14572,True,True,123,,True,True,True,True,True,True
LI-Small,amlc_00221,e_5696885,157646,False,2099,253876,True,False,2099,e_6920398,True,True,True,True,True,True
LI-Small,amlc_00222,e_5697600,158361,True,300,36395,True,True,300,,True,True,True,True,True,True
LI-Small,amlc_00223,e_5698072,158833,True,101,13118,True,True,101,,True,True,True,True,True,True
LI-Small,amlc_00224,e_5698419,159180,True,60,7648,True,True,60,,True,True,True,True,True,True
LI-Small,amlc_00225,e_5698450,159211,False,2476,294208,True,False,2476,e_6750832,True,True,True,True,True,True
LI-Small,amlc_00226,e_5698871,159632,True,1119,133910,True,True,1119,,True,True,True,True,True,True
LI-Small,amlc_00227,e_5699666,160427,True,220,26163,True,True,220,,True,True,True,True,True,True
LI-Small,amlc_00228,e_5699889,160650,True,68,9575,True,True,68,,True,True,True,True,True,True
LI-Small,amlc_00229,e_5700756,161517,True,391,47948,True,True,391,,True,True,True,True,True,True
LI-Small,amlc_00230,e_5702456,163217,True,1086,125084,True,True,1086,,True,True,True,True,True,True
LI-Small,amlc_00231,e_5703765,164526,True,27,3687,True,True,27,,True,True,True,True,True,True
LI-Small,amlc_00232,e_5704738,165499,True,378,44459,True,True,378,,True,True,True,True,True,True
LI-Small,amlc_00233,e_5704992,165753,True,1088,125700,True,True,1088,,True,True,True,True,True,True
LI-Small,amlc_00234,e_5705418,166179,True,174,20094,True,True,174,,True,True,True,True,True,True
LI-Small,amlc_00235,e_5705713,166474,True,55,7132,True,True,55,,True,True,True,True,True,True
LI-Small,amlc_00236,e_5706277,167038,True,128,17252,True,True,128,,True,True,True,True,True,True
LI-Small,amlc_00237,e_5708919,169680,False,2317,281594,True,False,2317,e_6923782,True,True,True,True,True,True
LI-Small,amlc_00238,e_5709511,170272,False,2385,271297,True,False,2385,e_6912920,True,True,True,True,True,True
LI-Small,amlc_00239,e_5712415,173176,True,1110,133535,True,True,1110,,True,True,True,True,True,True
LI-Small,amlc_00240,e_5713599,174360,False,2582,306744,True,False,2582,e_6919020,True,True,True,True,True,True
LI-Small,amlc_00241,e_5713608,174369,False,1976,237218,True,False,1976,e_6914516,True,True,True,True,True,True
LI-Small,amlc_00242,e_5713758,174519,False,2058,247152,True,False,2058,e_6919899,True,True,True,True,True,True
LI-Small,amlc_00243,e_5714550,175311,False,2077,248843,True,False,2077,e_6919961,True,True,True,True,True,True
LI-Small,amlc_00244,e_5714730,175491,True,14,2254,True,True,14,,True,True,True,True,True,True
LI-Small,amlc_00245,e_5715025,175786,False,1732,200834,True,False,1732,e_6921764,True,True,True,True,True,True
LI-Small,amlc_00246,e_5717761,178522,True,18,2838,True,True,18,,True,True,True,True,True,True
LI-Small,amlc_00247,e_5718137,178898,False,2394,272925,True,False,2394,e_6916717,True,True,True,True,True,True
LI-Small,amlc_00248,e_5718705,179466,True,1560,178369,True,True,1560,,True,True,True,True,True,True
LI-Small,amlc_00249,e_5720591,181352,True,119,16393,True,True,119,,True,True,True,True,True,True
LI-Small,amlc_00250,e_5720850,181611,True,155,20698,True,True,155,,True,True,True,True,True,True
LI-Small,amlc_00251,e_5720920,181681,True,692,84643,True,True,692,,True,True,True,True,True,True
LI-Small,amlc_00252,e_5721664,182425,True,387,46501,True,True,387,,True,True,True,True,True,True
LI-Small,amlc_00253,e_5721910,182671,True,134,17341,True,True,134,,True,True,True,True,True,True
LI-Small,amlc_00254,e_5722109,182870,True,978,118572,True,True,978,,True,True,True,True,True,True
LI-Small,amlc_00255,e_5722284,183045,True,36,5077,True,True,36,,True,True,True,True,True,True
LI-Small,amlc_00256,e_5724491,185252,True,261,32918,True,True,261,,True,True,True,True,True,True
LI-Small,amlc_00257,e_5725034,185795,True,41,6185,True,True,41,,True,True,True,True,True,True
LI-Small,amlc_00258,e_5726250,187011,True,213,26112,True,True,213,,True,True,True,True,True,True
LI-Small,amlc_00259,e_5726263,187024,True,307,37868,True,True,307,,True,True,True,True,True,True
LI-Small,amlc_00260,e_5726425,187186,True,439,51873,True,True,439,,True,True,True,True,True,True
LI-Small,amlc_00261,e_5727360,188121,True,170,21687,True,True,170,,True,True,True,True,True,True
LI-Small,amlc_00262,e_5727569,188330,True,933,111130,True,True,933,,True,True,True,True,True,True
LI-Small,amlc_00263,e_5730976,191737,True,259,30211,True,True,259,,True,True,True,True,True,True
LI-Small,amlc_00264,e_5731302,192063,True,100,11908,True,True,100,,True,True,True,True,True,True
LI-Small,amlc_00265,e_5731818,192579,False,2035,234857,True,False,2035,e_6922223,True,True,True,True,True,True
LI-Small,amlc_00266,e_5731980,192741,True,503,59252,True,True,503,,True,True,True,True,True,True
LI-Small,amlc_00267,e_5734224,194985,True,130,16285,True,True,130,,True,True,True,True,True,True
LI-Small,amlc_00268,e_5734312,195073,True,795,96782,True,True,795,,True,True,True,True,True,True
LI-Small,amlc_00269,e_5735762,196523,True,987,112433,True,True,987,,True,True,True,True,True,True
LI-Small,amlc_00270,e_5736547,197308,False,1861,225825,True,False,1861,e_6919643,True,True,True,True,True,True
LI-Small,amlc_00271,e_5736755,197516,True,434,54458,True,True,434,,True,True,True,True,True,True
LI-Small,amlc_00272,e_5736856,197617,True,613,73491,True,True,613,,True,True,True,True,True,True
LI-Small,amlc_00273,e_5737203,197964,True,571,67517,True,True,571,,True,True,True,True,True,True
LI-Small,amlc_00274,e_5738000,198761,True,1383,166554,True,True,1383,,True,True,True,True,True,True
LI-Small,amlc_00275,e_5738857,199618,True,171,21454,True,True,171,,True,True,True,True,True,True
LI-Small,amlc_00276,e_5739032,199793,False,2180,260166,True,False,2180,e_6919698,True,True,True,True,True,True
LI-Small,amlc_00277,e_5740195,200956,True,738,89341,True,True,738,,True,True,True,True,True,True
LI-Small,amlc_00278,e_5740409,201170,True,266,32873,True,True,266,,True,True,True,True,True,True
LI-Small,amlc_00279,e_5741315,202076,True,1321,150046,True,True,1321,,True,True,True,True,True,True
LI-Small,amlc_00280,e_5741616,202377,True,443,51557,True,True,443,,True,True,True,True,True,True
LI-Small,amlc_00281,e_5742201,202962,True,62,9424,True,True,62,,True,True,True,True,True,True
LI-Small,amlc_00282,e_5742591,203352,True,575,66509,True,True,575,,True,True,True,True,True,True
LI-Small,amlc_00283,e_5743407,204168,True,718,82823,True,True,718,,True,True,True,True,True,True
LI-Small,amlc_00284,e_5743408,204169,True,829,96492,True,True,829,,True,True,True,True,True,True
LI-Small,amlc_00285,e_5743862,204623,True,182,22723,True,True,182,,True,True,True,True,True,True
LI-Small,amlc_00286,e_5745434,206195,True,230,30423,True,True,230,,True,True,True,True,True,True
LI-Small,amlc_00287,e_5746553,207314,False,2761,341977,True,False,2761,e_6922855,True,True,True,True,True,True
LI-Small,amlc_00288,e_5747669,208430,True,130,16791,True,True,130,,True,True,True,True,True,True
LI-Small,amlc_00289,e_5747769,208530,True,656,79871,True,True,656,,True,True,True,True,True,True
LI-Small,amlc_00290,e_5747788,208549,False,1930,235359,True,False,1930,e_6912083,True,True,True,True,True,True
LI-Small,amlc_00291,e_5749067,209828,True,563,69538,True,True,563,,True,True,True,True,True,True
LI-Small,amlc_00292,e_5751119,211880,True,586,73220,True,True,586,,True,True,True,True,True,True
LI-Small,amlc_00293,e_5751625,212386,True,340,40958,True,True,340,,True,True,True,True,True,True
LI-Small,amlc_00294,e_5752665,213426,False,1905,229761,True,False,1905,e_6919329,True,True,True,True,True,True
LI-Small,amlc_00295,e_5755053,215814,True,455,54731,True,True,455,,True,True,True,True,True,True
LI-Small,amlc_00296,e_5755154,215915,True,105,13456,True,True,105,,True,True,True,True,True,True
LI-Small,amlc_00297,e_5755334,216095,True,282,34862,True,True,282,,True,True,True,True,True,True
LI-Small,amlc_00298,e_5755338,216099,True,256,32214,True,True,256,,True,True,True,True,True,True
LI-Small,amlc_00299,e_5756850,217611,True,6,1277,True,True,6,,True,True,True,True,True,True
LI-Small,amlc_00300,e_5757467,218228,True,267,33061,True,True,267,,True,True,True,True,True,True
LI-Small,amlc_00301,e_5759949,220710,True,663,81328,True,True,663,,True,True,True,True,True,True
LI-Small,amlc_00302,e_5762465,223226,True,31,4320,True,True,31,,True,True,True,True,True,True
LI-Small,amlc_00303,e_5762561,223322,True,133,16369,True,True,133,,True,True,True,True,True,True
LI-Small,amlc_00304,e_5762696,223457,True,265,33840,True,True,265,,True,True,True,True,True,True
LI-Small,amlc_00305,e_5762837,223598,True,345,43036,True,True,345,,True,True,True,True,True,True
LI-Small,amlc_00306,e_5763731,224492,True,10,1817,True,True,10,,True,True,True,True,True,True
LI-Small,amlc_00307,e_5765054,225815,True,394,46849,True,True,394,,True,True,True,True,True,True
LI-Small,amlc_00308,e_5766377,227138,True,40,4794,True,True,40,,True,True,True,True,True,True
LI-Small,amlc_00309,e_5767982,228743,True,313,37828,True,True,313,,True,True,True,True,True,True
LI-Small,amlc_00310,e_5768668,229429,True,10,1877,True,True,10,,True,True,True,True,True,True
LI-Small,amlc_00311,e_5769530,230291,True,386,46020,True,True,386,,True,True,True,True,True,True
LI-Small,amlc_00312,e_5771801,232562,True,226,27061,True,True,226,,True,True,True,True,True,True
LI-Small,amlc_00313,e_5772147,232908,True,290,33955,True,True,290,,True,True,True,True,True,True
LI-Small,amlc_00314,e_5772735,233496,True,41,5606,True,True,41,,True,True,True,True,True,True
LI-Small,amlc_00315,e_5773701,234462,True,262,31558,True,True,262,,True,True,True,True,True,True
LI-Small,amlc_00316,e_5773958,234719,True,317,37485,True,True,317,,True,True,True,True,True,True
LI-Small,amlc_00317,e_5774477,235238,True,8,1575,True,True,8,,True,True,True,True,True,True
LI-Small,amlc_00318,e_5775528,236289,True,298,34647,True,True,298,,True,True,True,True,True,True
LI-Small,amlc_00319,e_5775875,236636,True,488,57580,True,True,488,,True,True,True,True,True,True
LI-Small,amlc_00320,e_5777072,237833,True,713,84638,True,True,713,,True,True,True,True,True,True
LI-Small,amlc_00321,e_5777083,237844,True,241,30086,True,True,241,,True,True,True,True,True,True
LI-Small,amlc_00322,e_5778126,238887,True,256,31306,True,True,256,,True,True,True,True,True,True
LI-Small,amlc_00323,e_5779542,240303,True,21,3647,True,True,21,,True,True,True,True,True,True
LI-Small,amlc_00324,e_5779602,240363,True,853,105825,True,True,853,,True,True,True,True,True,True
LI-Small,amlc_00325,e_5781132,241893,True,5,1089,True,True,5,,True,True,True,True,True,True
LI-Small,amlc_00326,e_5781633,242394,True,341,42152,True,True,341,,True,True,True,True,True,True
LI-Small,amlc_00327,e_5782291,243052,True,974,119833,True,True,974,,True,True,True,True,True,True
LI-Small,amlc_00328,e_5782796,243557,True,434,54412,True,True,434,,True,True,True,True,True,True
LI-Small,amlc_00329,e_5783069,243830,True,73,10926,True,True,73,,True,True,True,True,True,True
LI-Small,amlc_00330,e_5783847,244608,True,720,96992,True,True,720,,True,True,True,True,True,True
LI-Small,amlc_00331,e_5783926,244687,True,608,70466,True,True,608,,True,True,True,True,True,True
LI-Small,amlc_00332,e_5784367,245128,True,233,27147,True,True,233,,True,True,True,True,True,True
LI-Small,amlc_00333,e_5784717,245478,True,167,20841,True,True,167,,True,True,True,True,True,True
LI-Small,amlc_00334,e_5784996,245757,True,588,72154,True,True,588,,True,True,True,True,True,True
LI-Small,amlc_00335,e_5785287,246048,True,685,82640,True,True,685,,True,True,True,True,True,True
LI-Small,amlc_00336,e_5785292,246053,True,339,44609,True,True,339,,True,True,True,True,True,True
LI-Small,amlc_00337,e_5786259,247020,True,632,72848,True,True,632,,True,True,True,True,True,True
LI-Small,amlc_00338,e_5787615,248376,True,141,17053,True,True,141,,True,True,True,True,True,True
LI-Small,amlc_00339,e_5787833,248594,True,165,20626,True,True,165,,True,True,True,True,True,True
LI-Small,amlc_00340,e_5788276,249037,True,1457,172269,True,True,1457,,True,True,True,True,True,True
LI-Small,amlc_00341,e_5788587,249348,True,39,5193,True,True,39,,True,True,True,True,True,True
LI-Small,amlc_00342,e_5791410,252171,True,49,6173,True,True,49,,True,True,True,True,True,True
LI-Small,amlc_00343,e_5794212,254973,False,2217,267068,True,False,2217,e_6909187,True,True,True,True,True,True
LI-Small,amlc_00344,e_5794820,255581,True,982,114003,True,True,982,,True,True,True,True,True,True
LI-Small,amlc_00345,e_5795149,255910,True,609,70459,True,True,609,,True,True,True,True,True,True
LI-Small,amlc_00346,e_5795304,256065,True,466,56699,True,True,466,,True,True,True,True,True,True
LI-Small,amlc_00347,e_5795502,256263,True,1232,141213,True,True,1232,,True,True,True,True,True,True
LI-Small,amlc_00348,e_5795539,256300,True,974,111888,True,True,974,,True,True,True,True,True,True
LI-Small,amlc_00349,e_5795794,256555,True,64,8945,True,True,64,,True,True,True,True,True,True
LI-Small,amlc_00350,e_5802736,263497,False,2020,256220,True,False,2020,e_6923023,True,True,True,True,True,True
LI-Small,amlc_00351,e_5803053,263814,True,221,27589,True,True,221,,True,True,True,True,True,True
LI-Small,amlc_00352,e_5804331,265092,True,7,1378,True,True,7,,True,True,True,True,True,True
LI-Small,amlc_00353,e_5804395,265156,True,203,24959,True,True,203,,True,True,True,True,True,True
LI-Small,amlc_00354,e_5804434,265195,True,1092,132105,True,True,1092,,True,True,True,True,True,True
LI-Small,amlc_00355,e_5804798,265559,True,708,86022,True,True,708,,True,True,True,True,True,True
LI-Small,amlc_00356,e_5805867,266628,False,2438,289378,True,False,2438,e_6920421,True,True,True,True,True,True
LI-Small,amlc_00357,e_5806348,267109,True,1162,139495,True,True,1162,,True,True,True,True,True,True
LI-Small,amlc_00358,e_5806882,267643,False,2123,256461,True,False,2123,e_6914182,True,True,True,True,True,True
LI-Small,amlc_00359,e_5807119,267880,True,494,59502,True,True,494,,True,True,True,True,True,True
LI-Small,amlc_00360,e_5808499,269260,True,456,55104,True,True,456,,True,True,True,True,True,True
LI-Small,amlc_00361,e_5809455,270216,True,454,55695,True,True,454,,True,True,True,True,True,True
LI-Small,amlc_00362,e_5809925,270686,True,61,8109,True,True,61,,True,True,True,True,True,True
LI-Small,amlc_00363,e_5810305,271066,True,74,9511,True,True,74,,True,True,True,True,True,True
LI-Small,amlc_00364,e_5810369,271130,True,305,37156,True,True,305,,True,True,True,True,True,True
LI-Small,amlc_00365,e_5810650,271411,True,42,5537,True,True,42,,True,True,True,True,True,True
LI-Small,amlc_00366,e_5811318,272079,True,153,20549,True,True,153,,True,True,True,True,True,True
LI-Small,amlc_00367,e_5812021,272782,True,193,24993,True,True,193,,True,True,True,True,True,True
LI-Small,amlc_00368,e_5813557,274318,True,530,62294,True,True,530,,True,True,True,True,True,True
LI-Small,amlc_00369,e_5813786,274547,True,778,90891,True,True,778,,True,True,True,True,True,True
LI-Small,amlc_00370,e_5814596,275357,False,2243,257151,True,False,2243,e_6899660,True,True,True,True,True,True
LI-Small,amlc_00371,e_5814628,275389,True,338,38932,True,True,338,,True,True,True,True,True,True
LI-Small,amlc_00372,e_5814692,275453,True,432,50998,True,True,432,,True,True,True,True,True,True
LI-Small,amlc_00373,e_5814911,275672,True,283,32730,True,True,283,,True,True,True,True,True,True
LI-Small,amlc_00374,e_5815226,275987,True,100,12578,True,True,100,,True,True,True,True,True,True
LI-Small,amlc_00375,e_5815785,276546,True,32,4333,True,True,32,,True,True,True,True,True,True
LI-Small,amlc_00376,e_5817205,277966,True,167,21219,True,True,167,,True,True,True,True,True,True
LI-Small,amlc_00377,e_5817548,278309,True,7,1466,True,True,7,,True,True,True,True,True,True
LI-Small,amlc_00378,e_5817593,278354,True,729,86386,True,True,729,,True,True,True,True,True,True
LI-Small,amlc_00379,e_5818103,278864,True,118,14009,True,True,118,,True,True,True,True,True,True
LI-Small,amlc_00380,e_5819067,279828,True,367,44152,True,True,367,,True,True,True,True,True,True
LI-Small,amlc_00381,e_5819079,279840,True,78,9817,True,True,78,,True,True,True,True,True,True
LI-Small,amlc_00382,e_5820724,281485,False,2234,283203,True,False,2234,e_6911970,True,True,True,True,True,True
LI-Small,amlc_00383,e_5820904,281665,True,756,93501,True,True,756,,True,True,True,True,True,True
LI-Small,amlc_00384,e_5821533,282294,True,922,113058,True,True,922,,True,True,True,True,True,True
LI-Small,amlc_00385,e_5821575,282336,False,2278,274877,True,False,2278,e_6923430,True,True,True,True,True,True
LI-Small,amlc_00386,e_5821706,282467,True,290,35257,True,True,290,,True,True,True,True,True,True
LI-Small,amlc_00387,e_5823302,284063,True,292,33499,True,True,292,,True,True,True,True,True,True
LI-Small,amlc_00388,e_5823840,284601,True,18,2966,True,True,18,,True,True,True,True,True,True
LI-Small,amlc_00389,e_5823990,284751,True,1823,216198,True,True,1823,,True,True,True,True,True,True
LI-Small,amlc_00390,e_5825004,285765,True,76,9438,True,True,76,,True,True,True,True,True,True
LI-Small,amlc_00391,e_5825449,286210,True,113,14209,True,True,113,,True,True,True,True,True,True
LI-Small,amlc_00392,e_5825454,286215,True,614,72503,True,True,614,,True,True,True,True,True,True
LI-Small,amlc_00393,e_5825796,286557,True,392,49808,True,True,392,,True,True,True,True,True,True
LI-Small,amlc_00394,e_5826066,286827,False,2529,300603,True,False,2529,e_6920604,True,True,True,True,True,True
LI-Small,amlc_00395,e_5827243,288004,True,240,31218,True,True,240,,True,True,True,True,True,True
LI-Small,amlc_00396,e_5827506,288267,True,1202,143175,True,True,1202,,True,True,True,True,True,True
LI-Small,amlc_00397,e_5828688,289449,True,201,24552,True,True,201,,True,True,True,True,True,True
LI-Small,amlc_00398,e_5829003,289764,True,8,1506,True,True,8,,True,True,True,True,True,True
LI-Small,amlc_00399,e_5830178,290939,True,911,118748,True,True,911,,True,True,True,True,True,True
LI-Small,amlc_00400,e_5830570,291331,True,56,7108,True,True,56,,True,True,True,True,True,True
LI-Small,amlc_00401,e_5832856,293617,True,369,43264,True,True,369,,True,True,True,True,True,True
LI-Small,amlc_00402,e_5833031,293792,True,494,57429,True,True,494,,True,True,True,True,True,True
LI-Small,amlc_00403,e_5833398,294159,True,180,21969,True,True,180,,True,True,True,True,True,True
LI-Small,amlc_00404,e_5833839,294600,False,2369,271356,True,False,2369,e_6921508,True,True,True,True,True,True
LI-Small,amlc_00405,e_5835666,296427,True,439,51095,True,True,439,,True,True,True,True,True,True
LI-Small,amlc_00406,e_5835973,296734,True,1563,198803,True,True,1563,,True,True,True,True,True,True
LI-Small,amlc_00407,e_5836648,297409,True,62,7635,True,True,62,,True,True,True,True,True,True
LI-Small,amlc_00408,e_5836853,297614,True,963,126600,True,True,963,,True,True,True,True,True,True
LI-Small,amlc_00409,e_5837782,298543,False,2149,267797,True,False,2149,e_6412149,True,True,True,True,True,True
LI-Small,amlc_00410,e_5840759,301520,True,41,4995,True,True,41,,True,True,True,True,True,True
LI-Small,amlc_00411,e_5841442,302203,True,727,83399,True,True,727,,True,True,True,True,True,True
LI-Small,amlc_00412,e_5843703,304464,True,184,23138,True,True,184,,True,True,True,True,True,True
LI-Small,amlc_00413,e_5844247,305008,True,323,39103,True,True,323,,True,True,True,True,True,True
LI-Small,amlc_00414,e_5844846,305607,True,167,21397,True,True,167,,True,True,True,True,True,True
LI-Small,amlc_00415,e_5846245,307006,True,6,1296,True,True,6,,True,True,True,True,True,True
LI-Small,amlc_00416,e_5846784,307545,True,343,42351,True,True,343,,True,True,True,True,True,True
LI-Small,amlc_00417,e_5847888,308649,True,1020,125176,True,True,1020,,True,True,True,True,True,True
LI-Small,amlc_00418,e_5848206,308967,True,586,65831,True,True,586,,True,True,True,True,True,True
LI-Small,amlc_00419,e_5848522,309283,False,2171,248756,True,False,2171,e_6921638,True,True,True,True,True,True
LI-Small,amlc_00420,e_5848587,309348,True,151,18616,True,True,151,,True,True,True,True,True,True
LI-Small,amlc_00421,e_5849646,310407,True,87,11658,True,True,87,,True,True,True,True,True,True
LI-Small,amlc_00422,e_5849749,310510,True,2804,317509,True,True,2804,,True,True,True,True,True,True
LI-Small,amlc_00423,e_5850172,310933,True,572,65749,True,True,572,,True,True,True,True,True,True
LI-Small,amlc_00424,e_5850648,311409,True,178,21477,True,True,178,,True,True,True,True,True,True
LI-Small,amlc_00425,e_5851187,311948,True,30,4018,True,True,30,,True,True,True,True,True,True
LI-Small,amlc_00426,e_5851217,311978,False,2274,260178,True,False,2274,e_6920938,True,True,True,True,True,True
LI-Small,amlc_00427,e_5851239,312000,False,2606,296025,True,False,2606,e_6920938,True,True,True,True,True,True
LI-Small,amlc_00428,e_5851255,312016,True,1118,128066,True,True,1118,,True,True,True,True,True,True
LI-Small,amlc_00429,e_5852348,313109,True,729,83067,True,True,729,,True,True,True,True,True,True
LI-Small,amlc_00430,e_5852497,313258,True,98,11985,True,True,98,,True,True,True,True,True,True
LI-Small,amlc_00431,e_5854047,314808,False,2328,271270,True,False,2328,e_6917226,True,True,True,True,True,True
LI-Small,amlc_00432,e_5856091,316852,True,14,2696,True,True,14,,True,True,True,True,True,True
LI-Small,amlc_00433,e_5856210,316971,True,247,31080,True,True,247,,True,True,True,True,True,True
LI-Small,amlc_00434,e_5858278,319039,True,22,3557,True,True,22,,True,True,True,True,True,True
LI-Small,amlc_00435,e_5858339,319100,True,21,3136,True,True,21,,True,True,True,True,True,True
LI-Small,amlc_00436,e_5859328,320089,True,156,18721,True,True,156,,True,True,True,True,True,True
LI-Small,amlc_00437,e_5860167,320928,True,409,49734,True,True,409,,True,True,True,True,True,True
LI-Small,amlc_00438,e_5860307,321068,True,183,22393,True,True,183,,True,True,True,True,True,True
LI-Small,amlc_00439,e_5862229,322990,True,208,25474,True,True,208,,True,True,True,True,True,True
LI-Small,amlc_00440,e_5862418,323179,True,95,12094,True,True,95,,True,True,True,True,True,True
LI-Small,amlc_00441,e_5862979,323740,True,94,12184,True,True,94,,True,True,True,True,True,True
LI-Small,amlc_00442,e_5863656,324417,True,296,37612,True,True,296,,True,True,True,True,True,True
LI-Small,amlc_00443,e_5863658,324419,True,187,22832,True,True,187,,True,True,True,True,True,True
LI-Small,amlc_00444,e_5863782,324543,True,220,26629,True,True,220,,True,True,True,True,True,True
LI-Small,amlc_00445,e_5863941,324702,True,176,21159,True,True,176,,True,True,True,True,True,True
LI-Small,amlc_00446,e_5864174,324935,False,2137,257040,True,False,2137,e_6918995,True,True,True,True,True,True
LI-Small,amlc_00447,e_5864591,325352,True,169,21750,True,True,169,,True,True,True,True,True,True
LI-Small,amlc_00448,e_5865020,325781,False,2445,291517,True,False,2445,e_6913329,True,True,True,True,True,True
LI-Small,amlc_00449,e_5865260,326021,True,738,89290,True,True,738,,True,True,True,True,True,True
LI-Small,amlc_00450,e_5866668,327429,True,343,41812,True,True,343,,True,True,True,True,True,True
LI-Small,amlc_00451,e_5866670,327431,True,343,41812,True,True,343,,True,True,True,True,True,True
LI-Small,amlc_00452,e_5866672,327433,True,343,41812,True,True,343,,True,True,True,True,True,True
LI-Small,amlc_00453,e_5866674,327435,True,343,41812,True,True,343,,True,True,True,True,True,True
LI-Small,amlc_00454,e_5866676,327437,True,343,41812,True,True,343,,True,True,True,True,True,True
LI-Small,amlc_00455,e_5866678,327439,True,343,41812,True,True,343,,True,True,True,True,True,True
LI-Small,amlc_00456,e_5866679,327440,True,343,41812,True,True,343,,True,True,True,True,True,True
LI-Small,amlc_00457,e_5867326,328087,True,390,45441,True,True,390,,True,True,True,True,True,True
LI-Small,amlc_00458,e_5868232,328993,True,366,44868,True,True,366,,True,True,True,True,True,True
LI-Small,amlc_00459,e_5869162,329923,True,263,31927,True,True,263,,True,True,True,True,True,True
LI-Small,amlc_00460,e_5869402,330163,True,55,6756,True,True,55,,True,True,True,True,True,True
LI-Small,amlc_00461,e_5870198,330959,True,370,44422,True,True,370,,True,True,True,True,True,True
LI-Small,amlc_00462,e_5870293,331054,True,219,31084,True,True,219,,True,True,True,True,True,True
LI-Small,amlc_00463,e_5870371,331132,True,889,100974,True,True,889,,True,True,True,True,True,True
LI-Small,amlc_00464,e_5871162,331923,True,9,1794,True,True,9,,True,True,True,True,True,True
LI-Small,amlc_00465,e_5872826,333587,True,25,3765,True,True,25,,True,True,True,True,True,True
LI-Small,amlc_00466,e_5873163,333924,False,1842,215616,True,False,1842,e_6922716,True,True,True,True,True,True
LI-Small,amlc_00467,e_5874008,334769,True,125,16565,True,True,125,,True,True,True,True,True,True
LI-Small,amlc_00468,e_5875530,336291,True,159,19494,True,True,159,,True,True,True,True,True,True
LI-Small,amlc_00469,e_5876559,337320,True,5,1174,True,True,5,,True,True,True,True,True,True
LI-Small,amlc_00470,e_5877230,337991,True,128,14618,True,True,128,,True,True,True,True,True,True
LI-Small,amlc_00471,e_5877554,338315,True,1154,135907,True,True,1154,,True,True,True,True,True,True
LI-Small,amlc_00472,e_5877679,338440,True,1315,155217,True,True,1315,,True,True,True,True,True,True
LI-Small,amlc_00473,e_5883027,343788,True,29,4280,True,True,29,,True,True,True,True,True,True
LI-Small,amlc_00474,e_5883180,343941,True,60,8919,True,True,60,,True,True,True,True,True,True
LI-Small,amlc_00475,e_5883265,344026,False,2074,249875,True,False,2074,e_6920268,True,True,True,True,True,True
LI-Small,amlc_00476,e_5883441,344202,True,230,27988,True,True,230,,True,True,True,True,True,True
LI-Small,amlc_00477,e_5883908,344669,True,6,1157,True,True,6,,True,True,True,True,True,True
LI-Small,amlc_00478,e_5885226,345987,True,41,6108,True,True,41,,True,True,True,True,True,True
LI-Small,amlc_00479,e_5886985,347746,True,39,6223,True,True,39,,True,True,True,True,True,True
LI-Small,amlc_00480,e_5887412,348173,True,6,1355,True,True,6,,True,True,True,True,True,True
LI-Small,amlc_00481,e_5888446,349207,True,292,34861,True,True,292,,True,True,True,True,True,True
LI-Small,amlc_00482,e_5888901,349662,False,2229,254964,True,False,2229,e_6922139,True,True,True,True,True,True
LI-Small,amlc_00483,e_5889803,350564,True,111,15527,True,True,111,,True,True,True,True,True,True
LI-Small,amlc_00484,e_5889824,350585,True,6,1364,True,True,6,,True,True,True,True,True,True
LI-Small,amlc_00485,e_5891794,352555,True,528,67165,True,True,528,,True,True,True,True,True,True
LI-Small,amlc_00486,e_5891799,352560,True,1335,168982,True,True,1335,,True,True,True,True,True,True
LI-Small,amlc_00487,e_5891979,352740,True,375,48444,True,True,375,,True,True,True,True,True,True
LI-Small,amlc_00488,e_5893249,354010,True,8,1608,True,True,8,,True,True,True,True,True,True
LI-Small,amlc_00489,e_5893572,354333,False,2160,251555,True,False,2160,e_6918040,True,True,True,True,True,True
LI-Small,amlc_00490,e_5895052,355813,True,932,106142,True,True,932,,True,True,True,True,True,True
LI-Small,amlc_00491,e_5895295,356056,True,379,44434,True,True,379,,True,True,True,True,True,True
LI-Small,amlc_00492,e_5895300,356061,True,10,1870,True,True,10,,True,True,True,True,True,True
LI-Small,amlc_00493,e_5895684,356445,True,18,2966,True,True,18,,True,True,True,True,True,True
LI-Small,amlc_00494,e_5895743,356504,True,13,2118,True,True,13,,True,True,True,True,True,True
LI-Small,amlc_00495,e_5896271,357032,True,250,30893,True,True,250,,True,True,True,True,True,True
LI-Small,amlc_00496,e_5896510,357271,True,159,19533,True,True,159,,True,True,True,True,True,True
LI-Small,amlc_00497,e_5896895,357656,True,110,14255,True,True,110,,True,True,True,True,True,True
LI-Small,amlc_00498,e_5897934,358695,True,171,21645,True,True,171,,True,True,True,True,True,True
LI-Small,amlc_00499,e_5898051,358812,False,2371,284567,True,False,2371,e_6920246,True,True,True,True,True,True
LI-Small,amlc_00500,e_5898491,359252,False,2032,243364,True,False,2032,e_6920546,True,True,True,True,True,True
LI-Small,amlc_00501,e_5898571,359332,True,1231,143612,True,True,1231,,True,True,True,True,True,True
LI-Small,amlc_00502,e_5899821,360582,True,29,4590,True,True,29,,True,True,True,True,True,True
LI-Small,amlc_00503,e_5900295,361056,False,2013,241425,True,False,2013,e_6915030,True,True,True,True,True,True
LI-Small,amlc_00504,e_5901370,362131,True,283,35053,True,True,283,,True,True,True,True,True,True
LI-Small,amlc_00505,e_5902510,363271,True,10,1757,True,True,10,,True,True,True,True,True,True
LI-Small,amlc_00506,e_5902904,363665,True,73,9191,True,True,73,,True,True,True,True,True,True
LI-Small,amlc_00507,e_5905319,366080,True,11,2000,True,True,11,,True,True,True,True,True,True
LI-Small,amlc_00508,e_5905437,366198,False,2236,257985,True,False,2236,e_6915270,True,True,True,True,True,True
LI-Small,amlc_00509,e_5906186,366947,True,44,6006,True,True,44,,True,True,True,True,True,True
LI-Small,amlc_00510,e_5906335,367096,True,960,108666,True,True,960,,True,True,True,True,True,True
LI-Small,amlc_00511,e_5906670,367431,True,960,108666,True,True,960,,True,True,True,True,True,True
LI-Small,amlc_00512,e_5906919,367680,True,144,18345,True,True,144,,True,True,True,True,True,True
LI-Small,amlc_00513,e_5907532,368293,True,50,7287,True,True,50,,True,True,True,True,True,True
LI-Small,amlc_00514,e_5907988,368749,True,204,24283,True,True,204,,True,True,True,True,True,True
LI-Small,amlc_00515,e_5908223,368984,True,9,1560,True,True,9,,True,True,True,True,True,True
LI-Small,amlc_00516,e_5909354,370115,True,719,84063,True,True,719,,True,True,True,True,True,True
LI-Small,amlc_00517,e_5909451,370212,True,1049,124671,True,True,1049,,True,True,True,True,True,True
LI-Small,amlc_00518,e_5909940,370701,True,140,18240,True,True,140,,True,True,True,True,True,True
LI-Small,amlc_00519,e_5910820,371581,True,7,1294,True,True,7,,True,True,True,True,True,True
LI-Small,amlc_00520,e_5911236,371997,False,2078,253798,True,False,2078,e_6912101,True,True,True,True,True,True
LI-Small,amlc_00521,e_5911278,372039,True,112,14168,True,True,112,,True,True,True,True,True,True
LI-Small,amlc_00522,e_5911301,372062,True,62,8663,True,True,62,,True,True,True,True,True,True
LI-Small,amlc_00523,e_5911666,372427,False,2468,295996,True,False,2468,e_6917996,True,True,True,True,True,True
LI-Small,amlc_00524,e_5911938,372699,True,24,3425,True,True,24,,True,True,True,True,True,True
LI-Small,amlc_00525,e_5912379,373140,True,5,1076,True,True,5,,True,True,True,True,True,True
LI-Small,amlc_00526,e_5913241,374002,True,409,46591,True,True,409,,True,True,True,True,True,True
LI-Small,amlc_00527,e_5913879,374640,True,7,1451,True,True,7,,True,True,True,True,True,True
LI-Small,amlc_00528,e_5915456,376217,True,285,33263,True,True,285,,True,True,True,True,True,True
LI-Small,amlc_00529,e_5916570,377331,True,160,20901,True,True,160,,True,True,True,True,True,True
LI-Small,amlc_00530,e_5916928,377689,True,188,23502,True,True,188,,True,True,True,True,True,True
LI-Small,amlc_00531,e_5918132,378893,True,208,25409,True,True,208,,True,True,True,True,True,True
LI-Small,amlc_00532,e_5918452,379213,False,1656,201195,True,False,1656,e_6914054,True,True,True,True,True,True
LI-Small,amlc_00533,e_5920931,381692,True,449,52582,True,True,449,,True,True,True,True,True,True
LI-Small,amlc_00534,e_5921039,381800,True,1299,148627,True,True,1299,,True,True,True,True,True,True
LI-Small,amlc_00535,e_5921844,382605,True,42,6023,True,True,42,,True,True,True,True,True,True
LI-Small,amlc_00536,e_5921867,382628,True,794,93010,True,True,794,,True,True,True,True,True,True
LI-Small,amlc_00537,e_5923005,383766,True,806,92785,True,True,806,,True,True,True,True,True,True
LI-Small,amlc_00538,e_5923047,383808,True,313,36427,True,True,313,,True,True,True,True,True,True
LI-Small,amlc_00539,e_5923591,384352,True,181,22360,True,True,181,,True,True,True,True,True,True
LI-Small,amlc_00540,e_5924086,384847,False,2430,278383,True,False,2430,e_6921291,True,True,True,True,True,True
LI-Small,amlc_00541,e_5926219,386980,True,328,38092,True,True,328,,True,True,True,True,True,True
LI-Small,amlc_00542,e_5926764,387525,True,692,85901,True,True,692,,True,True,True,True,True,True
LI-Small,amlc_00543,e_5927108,387869,True,346,40876,True,True,346,,True,True,True,True,True,True
LI-Small,amlc_00544,e_5927953,388714,True,997,124740,True,True,997,,True,True,True,True,True,True
LI-Small,amlc_00545,e_5928864,389625,True,565,69365,True,True,565,,True,True,True,True,True,True
LI-Small,amlc_00546,e_5930083,390844,True,67,8306,True,True,67,,True,True,True,True,True,True
LI-Small,amlc_00547,e_5930219,390980,False,1958,228083,True,False,1958,e_6918115,True,True,True,True,True,True
LI-Small,amlc_00548,e_5931308,392069,True,16,2424,True,True,16,,True,True,True,True,True,True
LI-Small,amlc_00549,e_5931325,392086,False,2122,240721,True,False,2122,e_6923924,True,True,True,True,True,True
LI-Small,amlc_00550,e_5931867,392628,True,252,29346,True,True,252,,True,True,True,True,True,True
LI-Small,amlc_00551,e_5931982,392743,True,9,1609,True,True,9,,True,True,True,True,True,True
LI-Small,amlc_00552,e_5932707,393468,True,1158,146458,True,True,1158,,True,True,True,True,True,True
LI-Small,amlc_00553,e_5932708,393469,True,236,29092,True,True,236,,True,True,True,True,True,True
LI-Small,amlc_00554,e_5932709,393470,True,253,29819,True,True,253,,True,True,True,True,True,True
LI-Small,amlc_00555,e_5932711,393472,True,284,34509,True,True,284,,True,True,True,True,True,True
LI-Small,amlc_00556,e_5932713,393474,True,88,11869,True,True,88,,True,True,True,True,True,True
LI-Small,amlc_00557,e_5932715,393476,True,304,36439,True,True,304,,True,True,True,True,True,True
LI-Small,amlc_00558,e_5932717,393478,True,295,35595,True,True,295,,True,True,True,True,True,True
LI-Small,amlc_00559,e_5932719,393480,True,248,28900,True,True,248,,True,True,True,True,True,True
LI-Small,amlc_00560,e_5932721,393482,True,1111,128957,True,True,1111,,True,True,True,True,True,True
LI-Small,amlc_00561,e_5932722,393483,True,119,15724,True,True,119,,True,True,True,True,True,True
LI-Small,amlc_00562,e_5932751,393512,True,9,1624,True,True,9,,True,True,True,True,True,True
LI-Small,amlc_00563,e_5932804,393565,True,1857,220952,True,True,1857,,True,True,True,True,True,True
LI-Small,amlc_00564,e_5933903,394664,True,159,20988,True,True,159,,True,True,True,True,True,True
LI-Small,amlc_00565,e_5935263,396024,True,13,2172,True,True,13,,True,True,True,True,True,True
LI-Small,amlc_00566,e_5935297,396058,True,1372,163847,True,True,1372,,True,True,True,True,True,True
LI-Small,amlc_00567,e_5935623,396384,True,280,35502,True,True,280,,True,True,True,True,True,True
LI-Small,amlc_00568,e_5936096,396857,True,306,37870,True,True,306,,True,True,True,True,True,True
LI-Small,amlc_00569,e_5936200,396961,True,5,1163,True,True,5,,True,True,True,True,True,True
LI-Small,amlc_00570,e_5938838,399599,False,2439,278277,True,False,2439,e_6898752,True,True,True,True,True,True
LI-Small,amlc_00571,e_5939289,400050,True,308,35152,True,True,308,,True,True,True,True,True,True
LI-Small,amlc_00572,e_5939481,400242,True,416,48474,True,True,416,,True,True,True,True,True,True
LI-Small,amlc_00573,e_5940456,401217,True,113,13436,True,True,113,,True,True,True,True,True,True
LI-Small,amlc_00574,e_5941167,401928,False,2095,240489,True,False,2095,e_6920757,True,True,True,True,True,True
LI-Small,amlc_00575,e_5942520,403281,True,77,9397,True,True,77,,True,True,True,True,True,True
LI-Small,amlc_00576,e_5942865,403626,True,661,75431,True,True,661,,True,True,True,True,True,True
LI-Small,amlc_00577,e_5942959,403720,True,533,64261,True,True,533,,True,True,True,True,True,True
LI-Small,amlc_00578,e_5943287,404048,True,509,59326,True,True,509,,True,True,True,True,True,True
LI-Small,amlc_00579,e_5945728,406489,True,125,14868,True,True,125,,True,True,True,True,True,True
LI-Small,amlc_00580,e_5945798,406559,True,1034,136413,True,True,1034,,True,True,True,True,True,True
LI-Small,amlc_00581,e_5945904,406665,True,27,4346,True,True,27,,True,True,True,True,True,True
LI-Small,amlc_00582,e_5947076,407837,True,9,1668,True,True,9,,True,True,True,True,True,True
LI-Small,amlc_00583,e_5947083,407844,True,285,36842,True,True,285,,True,True,True,True,True,True
LI-Small,amlc_00584,e_5947333,408094,True,860,106434,True,True,860,,True,True,True,True,True,True
LI-Small,amlc_00585,e_5947758,408519,True,126,16574,True,True,126,,True,True,True,True,True,True
LI-Small,amlc_00586,e_5947804,408565,True,66,8611,True,True,66,,True,True,True,True,True,True
LI-Small,amlc_00587,e_5948799,409560,False,2425,282977,True,False,2425,e_6918069,True,True,True,True,True,True
LI-Small,amlc_00588,e_5949306,410067,False,2099,254288,True,False,2099,e_6912648,True,True,True,True,True,True
LI-Small,amlc_00589,e_5949990,410751,True,64,8271,True,True,64,,True,True,True,True,True,True
LI-Small,amlc_00590,e_5949991,410752,True,155,20223,True,True,155,,True,True,True,True,True,True
LI-Small,amlc_00591,e_5951273,412034,True,336,40065,True,True,336,,True,True,True,True,True,True
LI-Small,amlc_00592,e_5951732,412493,True,493,60738,True,True,493,,True,True,True,True,True,True
LI-Small,amlc_00593,e_5952002,412763,True,337,40591,True,True,337,,True,True,True,True,True,True
LI-Small,amlc_00594,e_5952643,413404,True,19,2836,True,True,19,,True,True,True,True,True,True
LI-Small,amlc_00595,e_5954246,415007,True,503,60864,True,True,503,,True,True,True,True,True,True
LI-Small,amlc_00596,e_5954498,415259,True,590,71711,True,True,590,,True,True,True,True,True,True
LI-Small,amlc_00597,e_5954499,415260,True,590,71711,True,True,590,,True,True,True,True,True,True
LI-Small,amlc_00598,e_5955068,415829,False,1877,226257,True,False,1877,e_6912951,True,True,True,True,True,True
LI-Small,amlc_00599,e_5956182,416943,True,19,2848,True,True,19,,True,True,True,True,True,True
LI-Small,amlc_00600,e_5956278,417039,True,6,1164,True,True,6,,True,True,True,True,True,True
LI-Small,amlc_00601,e_5956659,417420,True,2,726,True,True,2,,True,True,True,True,True,True
LI-Small,amlc_00602,e_5956737,417498,True,64,9136,True,True,64,,True,True,True,True,True,True
LI-Small,amlc_00603,e_5957225,417986,True,33,4266,True,True,33,,True,True,True,True,True,True
LI-Small,amlc_00604,e_5957234,417995,False,2292,263522,True,False,2292,e_6921820,True,True,True,True,True,True
LI-Small,amlc_00605,e_5957859,418620,True,565,66249,True,True,565,,True,True,True,True,True,True
LI-Small,amlc_00606,e_5957867,418628,True,624,71351,True,True,624,,True,True,True,True,True,True
LI-Small,amlc_00607,e_5958463,419224,True,222,28912,True,True,222,,True,True,True,True,True,True
LI-Small,amlc_00608,e_5959077,419838,True,416,48775,True,True,416,,True,True,True,True,True,True
LI-Small,amlc_00609,e_5959203,419964,True,195,23633,True,True,195,,True,True,True,True,True,True
LI-Small,amlc_00610,e_5959363,420124,False,2043,235846,True,False,2043,e_6921447,True,True,True,True,True,True
LI-Small,amlc_00611,e_5959729,420490,True,301,36076,True,True,301,,True,True,True,True,True,True
LI-Small,amlc_00612,e_5960339,421100,True,9,1675,True,True,9,,True,True,True,True,True,True
LI-Small,amlc_00613,e_5961835,422596,True,7,1549,True,True,7,,True,True,True,True,True,True
LI-Small,amlc_00614,e_5962075,422836,True,386,46349,True,True,386,,True,True,True,True,True,True
LI-Small,amlc_00615,e_5962103,422864,True,631,72357,True,True,631,,True,True,True,True,True,True
LI-Small,amlc_00616,e_5962201,422962,True,3,914,True,True,3,,True,True,True,True,True,True
LI-Small,amlc_00617,e_5962375,423136,True,8,1560,True,True,8,,True,True,True,True,True,True
LI-Small,amlc_00618,e_5962588,423349,True,6,1214,True,True,6,,True,True,True,True,True,True
LI-Small,amlc_00619,e_5962600,423361,True,445,51249,True,True,445,,True,True,True,True,True,True
LI-Small,amlc_00620,e_5963044,423805,True,822,95122,True,True,822,,True,True,True,True,True,True
LI-Small,amlc_00621,e_5963420,424181,True,560,65614,True,True,560,,True,True,True,True,True,True
LI-Small,amlc_00622,e_5963633,424394,True,660,78766,True,True,660,,True,True,True,True,True,True
LI-Small,amlc_00623,e_5963930,424691,True,245,29049,True,True,245,,True,True,True,True,True,True
LI-Small,amlc_00624,e_5964022,424783,True,144,17702,True,True,144,,True,True,True,True,True,True
LI-Small,amlc_00625,e_5965314,426075,True,724,83281,True,True,724,,True,True,True,True,True,True
LI-Small,amlc_00626,e_5965704,426465,True,568,71769,True,True,568,,True,True,True,True,True,True
LI-Small,amlc_00627,e_5966101,426862,True,203,26113,True,True,203,,True,True,True,True,True,True
LI-Small,amlc_00628,e_5966546,427307,True,427,52986,True,True,427,,True,True,True,True,True,True
LI-Small,amlc_00629,e_5967117,427878,True,30,4043,True,True,30,,True,True,True,True,True,True
LI-Small,amlc_00630,e_5969091,429852,True,4,1054,True,True,4,,True,True,True,True,True,True
LI-Small,amlc_00631,e_5971184,431945,True,12,2154,True,True,12,,True,True,True,True,True,True
LI-Small,amlc_00632,e_5972222,432983,False,1886,227954,True,False,1886,e_6903138,True,True,True,True,True,True
LI-Small,amlc_00633,e_5972804,433565,True,406,49741,True,True,406,,True,True,True,True,True,True
LI-Small,amlc_00634,e_5972834,433595,True,483,61125,True,True,483,,True,True,True,True,True,True
LI-Small,amlc_00635,e_5973470,434231,True,22,3181,True,True,22,,True,True,True,True,True,True
LI-Small,amlc_00636,e_5973743,434504,True,204,25574,True,True,204,,True,True,True,True,True,True
LI-Small,amlc_00637,e_5973837,434598,True,144,17589,True,True,144,,True,True,True,True,True,True
LI-Small,amlc_00638,e_5974203,434964,True,34,4781,True,True,34,,True,True,True,True,True,True
LI-Small,amlc_00639,e_5976946,437707,True,9,1671,True,True,9,,True,True,True,True,True,True
LI-Small,amlc_00640,e_5977039,437800,True,60,8032,True,True,60,,True,True,True,True,True,True
LI-Small,amlc_00641,e_5977739,438500,True,7,1352,True,True,7,,True,True,True,True,True,True
LI-Small,amlc_00642,e_5978700,439461,True,833,95667,True,True,833,,True,True,True,True,True,True
LI-Small,amlc_00643,e_5979201,439962,True,7,1446,True,True,7,,True,True,True,True,True,True
LI-Small,amlc_00644,e_5981223,441984,True,110,13567,True,True,110,,True,True,True,True,True,True
LI-Small,amlc_00645,e_5981320,442081,True,130,17453,True,True,130,,True,True,True,True,True,True
LI-Small,amlc_00646,e_5981326,442087,True,1081,128136,True,True,1081,,True,True,True,True,True,True
LI-Small,amlc_00647,e_5982054,442815,True,419,49300,True,True,419,,True,True,True,True,True,True
LI-Small,amlc_00648,e_5982230,442991,True,79,11208,True,True,79,,True,True,True,True,True,True
LI-Small,amlc_00649,e_5983623,444384,True,44,7629,True,True,44,,True,True,True,True,True,True
LI-Small,amlc_00650,e_5984207,444968,True,794,93392,True,True,794,,True,True,True,True,True,True
LI-Small,amlc_00651,e_5984868,445629,True,207,26481,True,True,207,,True,True,True,True,True,True
LI-Small,amlc_00652,e_5987248,448009,True,900,107283,True,True,900,,True,True,True,True,True,True
LI-Small,amlc_00653,e_5989641,450402,True,470,56610,True,True,470,,True,True,True,True,True,True
LI-Small,amlc_00654,e_5989753,450514,False,2002,239665,True,False,2002,e_6918827,True,True,True,True,True,True
LI-Small,amlc_00655,e_5989861,450622,True,117,15150,True,True,117,,True,True,True,True,True,True
LI-Small,amlc_00656,e_5990351,451112,True,167,20362,True,True,167,,True,True,True,True,True,True
LI-Small,amlc_00657,e_5991368,452129,False,2151,256221,True,False,2151,e_6918827,True,True,True,True,True,True
LI-Small,amlc_00658,e_5991413,452174,True,49,8154,True,True,49,,True,True,True,True,True,True
LI-Small,amlc_00659,e_5991428,452189,True,49,8138,True,True,49,,True,True,True,True,True,True
LI-Small,amlc_00660,e_5992403,453164,True,48,6157,True,True,48,,True,True,True,True,True,True
LI-Small,amlc_00661,e_5992870,453631,True,174,20882,True,True,174,,True,True,True,True,True,True
LI-Small,amlc_00662,e_5993865,454626,True,1623,184657,True,True,1623,,True,True,True,True,True,True
LI-Small,amlc_00663,e_5994597,455358,True,1145,130928,True,True,1145,,True,True,True,True,True,True
LI-Small,amlc_00664,e_5995082,455843,True,332,38118,True,True,332,,True,True,True,True,True,True
LI-Small,amlc_00665,e_5995112,455873,True,64,8945,True,True,64,,True,True,True,True,True,True
LI-Small,amlc_00666,e_5995235,455996,True,123,14973,True,True,123,,True,True,True,True,True,True
LI-Small,amlc_00667,e_5995696,456457,True,184,21504,True,True,184,,True,True,True,True,True,True
LI-Small,amlc_00668,e_5996173,456934,False,2392,272547,True,False,2392,e_6920956,True,True,True,True,True,True
LI-Small,amlc_00669,e_5996326,457087,True,644,77408,True,True,644,,True,True,True,True,True,True
LI-Small,amlc_00670,e_5997285,458046,True,57,7906,True,True,57,,True,True,True,True,True,True
LI-Small,amlc_00671,e_5998541,459302,True,155,18746,True,True,155,,True,True,True,True,True,True
LI-Small,amlc_00672,e_5999825,460586,True,6,1148,True,True,6,,True,True,True,True,True,True
LI-Small,amlc_00673,e_6000147,460908,True,904,106578,True,True,904,,True,True,True,True,True,True
LI-Small,amlc_00674,e_6000443,461204,True,381,45218,True,True,381,,True,True,True,True,True,True
LI-Small,amlc_00675,e_6000917,461678,True,899,103362,True,True,899,,True,True,True,True,True,True
LI-Small,amlc_00676,e_6001388,462149,True,104,12903,True,True,104,,True,True,True,True,True,True
LI-Small,amlc_00677,e_6002320,463081,True,612,76454,True,True,612,,True,True,True,True,True,True
LI-Small,amlc_00678,e_6004045,464806,True,322,40747,True,True,322,,True,True,True,True,True,True
LI-Small,amlc_00679,e_6004580,465341,True,523,59263,True,True,523,,True,True,True,True,True,True
LI-Small,amlc_00680,e_6008057,468818,True,89,12075,True,True,89,,True,True,True,True,True,True
LI-Small,amlc_00681,e_6009603,470364,True,372,45198,True,True,372,,True,True,True,True,True,True
LI-Small,amlc_00682,e_6009765,470526,True,793,93189,True,True,793,,True,True,True,True,True,True
LI-Small,amlc_00683,e_6009951,470712,False,2219,265079,True,False,2219,e_6920505,True,True,True,True,True,True
LI-Small,amlc_00684,e_6010815,471576,True,372,45323,True,True,372,,True,True,True,True,True,True
LI-Small,amlc_00685,e_6011595,472356,True,110,17957,True,True,110,,True,True,True,True,True,True
LI-Small,amlc_00686,e_6011757,472518,True,629,76218,True,True,629,,True,True,True,True,True,True
LI-Small,amlc_00687,e_6013386,474147,True,835,95148,True,True,835,,True,True,True,True,True,True
LI-Small,amlc_00688,e_6017234,477995,True,10,1780,True,True,10,,True,True,True,True,True,True
LI-Small,amlc_00689,e_6018687,479448,True,98,13305,True,True,98,,True,True,True,True,True,True
LI-Small,amlc_00690,e_6019909,480670,True,621,80343,True,True,621,,True,True,True,True,True,True
LI-Small,amlc_00691,e_6021460,482221,True,464,56905,True,True,464,,True,True,True,True,True,True
LI-Small,amlc_00692,e_6022102,482863,True,285,35631,True,True,285,,True,True,True,True,True,True
LI-Small,amlc_00693,e_6022307,483068,False,2038,247322,True,False,2038,e_6912570,True,True,True,True,True,True
LI-Small,amlc_00694,e_6022943,483704,True,11,2149,True,True,11,,True,True,True,True,True,True
LI-Small,amlc_00695,e_6023194,483955,True,314,35780,True,True,314,,True,True,True,True,True,True
LI-Small,amlc_00696,e_6023930,484691,True,11,2007,True,True,11,,True,True,True,True,True,True
LI-Small,amlc_00697,e_6024009,484770,True,113,13732,True,True,113,,True,True,True,True,True,True
LI-Small,amlc_00698,e_6025482,486243,False,2259,270629,True,False,2259,e_6918998,True,True,True,True,True,True
LI-Small,amlc_00699,e_6026683,487444,True,417,50573,True,True,417,,True,True,True,True,True,True
LI-Small,amlc_00700,e_6027245,488006,False,2614,312297,True,False,2614,e_6918836,True,True,True,True,True,True
LI-Small,amlc_00701,e_6028062,488823,True,610,72378,True,True,610,,True,True,True,True,True,True
LI-Small,amlc_00702,e_6029407,490168,True,10,1820,True,True,10,,True,True,True,True,True,True
LI-Small,amlc_00703,e_6029936,490697,True,102,13262,True,True,102,,True,True,True,True,True,True
LI-Small,amlc_00704,e_6032913,493674,True,28,4119,True,True,28,,True,True,True,True,True,True
LI-Small,amlc_00705,e_6033369,494130,True,30,5043,True,True,30,,True,True,True,True,True,True
LI-Small,amlc_00706,e_6033736,494497,True,494,56499,True,True,494,,True,True,True,True,True,True
LI-Small,amlc_00707,e_6033944,494705,True,7,1357,True,True,7,,True,True,True,True,True,True
LI-Small,amlc_00708,e_6035330,496091,True,317,38050,True,True,317,,True,True,True,True,True,True
LI-Small,amlc_00709,e_6036152,496913,True,293,34451,True,True,293,,True,True,True,True,True,True
LI-Small,amlc_00710,e_6037558,498319,False,2650,310178,True,False,2650,e_6917313,True,True,True,True,True,True
LI-Small,amlc_00711,e_6038305,499066,True,132,17594,True,True,132,,True,True,True,True,True,True
LI-Small,amlc_00712,e_6038427,499188,True,9,1755,True,True,9,,True,True,True,True,True,True
LI-Small,amlc_00713,e_6038680,499441,True,73,10781,True,True,73,,True,True,True,True,True,True
LI-Small,amlc_00714,e_6038839,499600,True,430,52607,True,True,430,,True,True,True,True,True,True
LI-Small,amlc_00715,e_6039379,500140,True,34,4732,True,True,34,,True,True,True,True,True,True
LI-Small,amlc_00716,e_6040222,500983,False,2233,258772,True,False,2233,e_6923533,True,True,True,True,True,True
LI-Small,amlc_00717,e_6040224,500985,True,150,18325,True,True,150,,True,True,True,True,True,True
LI-Small,amlc_00718,e_6041743,502504,True,17,2630,True,True,17,,True,True,True,True,True,True
LI-Small,amlc_00719,e_6041897,502658,True,1221,145912,True,True,1221,,True,True,True,True,True,True
LI-Small,amlc_00720,e_6042685,503446,True,95,12264,True,True,95,,True,True,True,True,True,True
LI-Small,amlc_00721,e_6042945,503706,False,2314,276161,True,False,2314,e_6919427,True,True,True,True,True,True
LI-Small,amlc_00722,e_6046222,506983,True,21,3085,True,True,21,,True,True,True,True,True,True
LI-Small,amlc_00723,e_6047876,508637,True,4,930,True,True,4,,True,True,True,True,True,True
LI-Small,amlc_00724,e_6047880,508641,True,6,1180,True,True,6,,True,True,True,True,True,True
LI-Small,amlc_00725,e_6048034,508795,True,52,6567,True,True,52,,True,True,True,True,True,True
LI-Small,amlc_00726,e_6049010,509771,True,143,21315,True,True,143,,True,True,True,True,True,True
LI-Small,amlc_00727,e_6049211,509972,True,144,18160,True,True,144,,True,True,True,True,True,True
LI-Small,amlc_00728,e_6049212,509973,True,1053,125092,True,True,1053,,True,True,True,True,True,True
LI-Small,amlc_00729,e_6049213,509974,True,716,86123,True,True,716,,True,True,True,True,True,True
LI-Small,amlc_00730,e_6049214,509975,True,1580,185524,True,True,1580,,True,True,True,True,True,True
LI-Small,amlc_00731,e_6049215,509976,True,1580,185524,True,True,1580,,True,True,True,True,True,True
LI-Small,amlc_00732,e_6049216,509977,True,1580,185524,True,True,1580,,True,True,True,True,True,True
LI-Small,amlc_00733,e_6049217,509978,True,1580,185524,True,True,1580,,True,True,True,True,True,True
LI-Small,amlc_00734,e_6049218,509979,True,1580,185524,True,True,1580,,True,True,True,True,True,True
LI-Small,amlc_00735,e_6049219,509980,True,1580,185524,True,True,1580,,True,True,True,True,True,True
LI-Small,amlc_00736,e_6049220,509981,True,1580,185524,True,True,1580,,True,True,True,True,True,True
LI-Small,amlc_00737,e_6049221,509982,True,1580,185524,True,True,1580,,True,True,True,True,True,True
LI-Small,amlc_00738,e_6049222,509983,True,1580,185524,True,True,1580,,True,True,True,True,True,True
LI-Small,amlc_00739,e_6049223,509984,True,1580,185524,True,True,1580,,True,True,True,True,True,True
LI-Small,amlc_00740,e_6049224,509985,True,1580,185524,True,True,1580,,True,True,True,True,True,True
LI-Small,amlc_00741,e_6049225,509986,True,1580,185524,True,True,1580,,True,True,True,True,True,True
LI-Small,amlc_00742,e_6049226,509987,True,1580,185524,True,True,1580,,True,True,True,True,True,True
LI-Small,amlc_00743,e_6049227,509988,True,1580,185524,True,True,1580,,True,True,True,True,True,True
LI-Small,amlc_00744,e_6049229,509990,True,1580,185524,True,True,1580,,True,True,True,True,True,True
LI-Small,amlc_00745,e_6049515,510276,True,707,86245,True,True,707,,True,True,True,True,True,True
LI-Small,amlc_00746,e_6049707,510468,True,692,79619,True,True,692,,True,True,True,True,True,True
LI-Small,amlc_00747,e_6049863,510624,True,451,54421,True,True,451,,True,True,True,True,True,True
LI-Small,amlc_00748,e_6050406,511167,True,98,11811,True,True,98,,True,True,True,True,True,True
LI-Small,amlc_00749,e_6050847,511608,True,68,8181,True,True,68,,True,True,True,True,True,True
LI-Small,amlc_00750,e_6051478,512239,True,234,27098,True,True,234,,True,True,True,True,True,True
LI-Small,amlc_00751,e_6052251,513012,True,637,73107,True,True,637,,True,True,True,True,True,True
LI-Small,amlc_00752,e_6052271,513032,True,13,2079,True,True,13,,True,True,True,True,True,True
LI-Small,amlc_00753,e_6053175,513936,True,8,1571,True,True,8,,True,True,True,True,True,True
LI-Small,amlc_00754,e_6053795,514556,True,352,41078,True,True,352,,True,True,True,True,True,True
LI-Small,amlc_00755,e_6056397,517158,True,292,35790,True,True,292,,True,True,True,True,True,True
LI-Small,amlc_00756,e_6056649,517410,True,203,25980,True,True,203,,True,True,True,True,True,True
LI-Small,amlc_00757,e_6058312,519073,True,139,18031,True,True,139,,True,True,True,True,True,True
LI-Small,amlc_00758,e_6060838,521599,True,1033,123182,True,True,1033,,True,True,True,True,True,True
LI-Small,amlc_00759,e_6061067,521828,True,177,21204,True,True,177,,True,True,True,True,True,True
LI-Small,amlc_00760,e_6061695,522456,True,78,12375,True,True,78,,True,True,True,True,True,True
LI-Small,amlc_00761,e_6062005,522766,True,565,69109,True,True,565,,True,True,True,True,True,True
LI-Small,amlc_00762,e_6064801,525562,True,187,21941,True,True,187,,True,True,True,True,True,True
LI-Small,amlc_00763,e_6065464,526225,True,75,9840,True,True,75,,True,True,True,True,True,True
LI-Small,amlc_00764,e_6067271,528032,True,84,11255,True,True,84,,True,True,True,True,True,True
LI-Small,amlc_00765,e_6067765,528526,True,58,7489,True,True,58,,True,True,True,True,True,True
LI-Small,amlc_00766,e_6068273,529034,True,744,85753,True,True,744,,True,True,True,True,True,True
LI-Small,amlc_00767,e_6068825,529586,True,323,38666,True,True,323,,True,True,True,True,True,True
LI-Small,amlc_00768,e_6068910,529671,True,209,24407,True,True,209,,True,True,True,True,True,True
LI-Small,amlc_00769,e_6069728,530489,True,245,32176,True,True,245,,True,True,True,True,True,True
LI-Small,amlc_00770,e_6071396,532157,True,594,68539,True,True,594,,True,True,True,True,True,True
LI-Small,amlc_00771,e_6073684,534445,True,428,51295,True,True,428,,True,True,True,True,True,True
LI-Small,amlc_00772,e_6073976,534737,True,308,35873,True,True,308,,True,True,True,True,True,True
LI-Small,amlc_00773,e_6074204,534965,False,2594,302905,True,False,2594,e_6922825,True,True,True,True,True,True
LI-Small,amlc_00774,e_6076306,537067,True,54,7477,True,True,54,,True,True,True,True,True,True
LI-Small,amlc_00775,e_6076332,537093,False,2613,314161,True,False,2613,e_6923417,True,True,True,True,True,True
LI-Small,amlc_00776,e_6077525,538286,False,2414,275109,True,False,2414,e_6923875,True,True,True,True,True,True
LI-Small,amlc_00777,e_6078263,539024,True,199,22618,True,True,199,,True,True,True,True,True,True
LI-Small,amlc_00778,e_6078711,539472,False,2126,254043,True,False,2126,e_6918743,True,True,True,True,True,True
LI-Small,amlc_00779,e_6079808,540569,False,2255,269896,True,False,2255,e_6920437,True,True,True,True,True,True
LI-Small,amlc_00780,e_6080580,541341,True,446,54393,True,True,446,,True,True,True,True,True,True
LI-Small,amlc_00781,e_6081657,542418,True,31,5050,True,True,31,,True,True,True,True,True,True
LI-Small,amlc_00782,e_6081725,542486,False,2247,268762,True,False,2247,e_6914714,True,True,True,True,True,True
LI-Small,amlc_00783,e_6081943,542704,True,11,2032,True,True,11,,True,True,True,True,True,True
LI-Small,amlc_00784,e_6083325,544086,True,66,7967,True,True,66,,True,True,True,True,True,True
LI-Small,amlc_00785,e_6084543,545304,False,2275,271379,True,False,2275,e_6913522,True,True,True,True,True,True
LI-Small,amlc_00786,e_6085997,546758,True,389,46439,True,True,389,,True,True,True,True,True,True
LI-Small,amlc_00787,e_6086432,547193,True,6,1251,True,True,6,,True,True,True,True,True,True
LI-Small,amlc_00788,e_6087116,547877,True,190,23168,True,True,190,,True,True,True,True,True,True
LI-Small,amlc_00789,e_6087892,548653,True,78,9445,True,True,78,,True,True,True,True,True,True
LI-Small,amlc_00790,e_6088078,548839,True,949,109567,True,True,949,,True,True,True,True,True,True
LI-Small,amlc_00791,e_6089473,550234,True,399,47552,True,True,399,,True,True,True,True,True,True
LI-Small,amlc_00792,e_6090400,551161,True,49,5964,True,True,49,,True,True,True,True,True,True
LI-Small,amlc_00793,e_6091255,552016,False,2137,250537,True,False,2137,e_6922644,True,True,True,True,True,True
LI-Small,amlc_00794,e_6092995,553756,True,779,100456,True,True,779,,True,True,True,True,True,True
LI-Small,amlc_00795,e_6094121,554882,True,331,40870,True,True,331,,True,True,True,True,True,True
LI-Small,amlc_00796,e_6095034,555795,True,862,105914,True,True,862,,True,True,True,True,True,True
LI-Small,amlc_00797,e_6095238,555999,True,673,83236,True,True,673,,True,True,True,True,True,True
LI-Small,amlc_00798,e_6095285,556046,True,904,111967,True,True,904,,True,True,True,True,True,True
LI-Small,amlc_00799,e_6095434,556195,True,178,22707,True,True,178,,True,True,True,True,True,True
LI-Small,amlc_00800,e_6096565,557326,True,1159,139044,True,True,1159,,True,True,True,True,True,True
LI-Small,amlc_00801,e_6096723,557484,True,540,64304,True,True,540,,True,True,True,True,True,True
LI-Small,amlc_00802,e_6096964,557725,True,590,71711,True,True,590,,True,True,True,True,True,True
LI-Small,amlc_00803,e_6096965,557726,True,590,71711,True,True,590,,True,True,True,True,True,True
LI-Small,amlc_00804,e_6097736,558497,True,571,70260,True,True,571,,True,True,True,True,True,True
LI-Small,amlc_00805,e_6098395,559156,False,1934,232719,True,False,1934,e_6821975,True,True,True,True,True,True
LI-Small,amlc_00806,e_6098399,559160,True,703,85140,True,True,703,,True,True,True,True,True,True
LI-Small,amlc_00807,e_6098655,559416,True,936,111596,True,True,936,,True,True,True,True,True,True
LI-Small,amlc_00808,e_6099416,560177,True,480,56804,True,True,480,,True,True,True,True,True,True
LI-Small,amlc_00809,e_6100688,561449,True,325,39312,True,True,325,,True,True,True,True,True,True
LI-Small,amlc_00810,e_6101365,562126,False,2193,262453,True,False,2193,e_6920453,True,True,True,True,True,True
LI-Small,amlc_00811,e_6102172,562933,True,8,1479,True,True,8,,True,True,True,True,True,True
LI-Small,amlc_00812,e_6102659,563420,False,2321,277733,True,False,2321,e_6919446,True,True,True,True,True,True
LI-Small,amlc_00813,e_6102932,563693,False,2147,247253,True,False,2147,e_6915444,True,True,True,True,True,True
LI-Small,amlc_00814,e_6104355,565116,True,1133,130427,True,True,1133,,True,True,True,True,True,True
LI-Small,amlc_00815,e_6104648,565409,True,257,30585,True,True,257,,True,True,True,True,True,True
LI-Small,amlc_00816,e_6105282,566043,True,1190,134541,True,True,1190,,True,True,True,True,True,True
LI-Small,amlc_00817,e_6105649,566410,True,623,72548,True,True,623,,True,True,True,True,True,True
LI-Small,amlc_00818,e_6105807,566568,True,124,14414,True,True,124,,True,True,True,True,True,True
LI-Small,amlc_00819,e_6106423,567184,True,834,98056,True,True,834,,True,True,True,True,True,True
LI-Small,amlc_00820,e_6106734,567495,True,9,1769,True,True,9,,True,True,True,True,True,True
LI-Small,amlc_00821,e_6107251,568012,True,159,20391,True,True,159,,True,True,True,True,True,True
LI-Small,amlc_00822,e_6108641,569402,False,2124,244212,True,False,2124,e_6922392,True,True,True,True,True,True
LI-Small,amlc_00823,e_6109018,569779,True,871,103380,True,True,871,,True,True,True,True,True,True
LI-Small,amlc_00824,e_6111379,572140,True,135,17915,True,True,135,,True,True,True,True,True,True
LI-Small,amlc_00825,e_6111589,572350,True,50,6574,True,True,50,,True,True,True,True,True,True
LI-Small,amlc_00826,e_6111987,572748,True,530,64502,True,True,530,,True,True,True,True,True,True
LI-Small,amlc_00827,e_6114801,575562,True,648,77316,True,True,648,,True,True,True,True,True,True
LI-Small,amlc_00828,e_6116421,577182,True,23,4019,True,True,23,,True,True,True,True,True,True
LI-Small,amlc_00829,e_6116676,577437,False,2016,241524,True,False,2016,e_6892746,True,True,True,True,True,True
LI-Small,amlc_00830,e_6116781,577542,True,6,1279,True,True,6,,True,True,True,True,True,True
LI-Small,amlc_00831,e_6117439,578200,True,142,17351,True,True,142,,True,True,True,True,True,True
LI-Small,amlc_00832,e_6117523,578284,True,987,117544,True,True,987,,True,True,True,True,True,True
LI-Small,amlc_00833,e_6117859,578620,True,592,71908,True,True,592,,True,True,True,True,True,True
LI-Small,amlc_00834,e_6117972,578733,True,868,103342,True,True,868,,True,True,True,True,True,True
LI-Small,amlc_00835,e_6118250,579011,True,188,23855,True,True,188,,True,True,True,True,True,True
LI-Small,amlc_00836,e_6118996,579757,True,522,63618,True,True,522,,True,True,True,True,True,True
LI-Small,amlc_00837,e_6119782,580543,True,73,11906,True,True,73,,True,True,True,True,True,True
LI-Small,amlc_00838,e_6120807,581568,True,10,1808,True,True,10,,True,True,True,True,True,True
LI-Small,amlc_00839,e_6121670,582431,True,779,90558,True,True,779,,True,True,True,True,True,True
LI-Small,amlc_00840,e_6123120,583881,False,2241,257683,True,False,2241,e_6915268,True,True,True,True,True,True
LI-Small,amlc_00841,e_6123445,584206,True,409,48476,True,True,409,,True,True,True,True,True,True
LI-Small,amlc_00842,e_6123721,584482,True,453,55281,True,True,453,,True,True,True,True,True,True
LI-Small,amlc_00843,e_6124285,585046,True,668,77090,True,True,668,,True,True,True,True,True,True
LI-Small,amlc_00844,e_6124350,585111,True,113,14408,True,True,113,,True,True,True,True,True,True
LI-Small,amlc_00845,e_6126044,586805,True,522,60421,True,True,522,,True,True,True,True,True,True
LI-Small,amlc_00846,e_6126285,587046,True,80,9812,True,True,80,,True,True,True,True,True,True
LI-Small,amlc_00847,e_6126316,587077,False,2160,247800,True,False,2160,e_6916719,True,True,True,True,True,True
LI-Small,amlc_00848,e_6127835,588596,True,40,5531,True,True,40,,True,True,True,True,True,True
LI-Small,amlc_00849,e_6128691,589452,True,219,27841,True,True,219,,True,True,True,True,True,True
LI-Small,amlc_00850,e_6130011,590772,True,236,28915,True,True,236,,True,True,True,True,True,True
LI-Small,amlc_00851,e_6130210,590971,True,45,5992,True,True,45,,True,True,True,True,True,True
LI-Small,amlc_00852,e_6130214,590975,True,894,109679,True,True,894,,True,True,True,True,True,True
LI-Small,amlc_00853,e_6131879,592640,False,2073,236354,True,False,2073,e_6923866,True,True,True,True,True,True
LI-Small,amlc_00854,e_6132525,593286,True,998,120153,True,True,998,,True,True,True,True,True,True
LI-Small,amlc_00855,e_6132853,593614,True,680,82626,True,True,680,,True,True,True,True,True,True
LI-Small,amlc_00856,e_6133597,594358,False,2063,247393,True,False,2063,e_6914434,True,True,True,True,True,True
LI-Small,amlc_00857,e_6134810,595571,True,243,30326,True,True,243,,True,True,True,True,True,True
LI-Small,amlc_00858,e_6135386,596147,True,113,13995,True,True,113,,True,True,True,True,True,True
LI-Small,amlc_00859,e_6136532,597293,True,154,19201,True,True,154,,True,True,True,True,True,True
LI-Small,amlc_00860,e_6137414,598175,True,203,24934,True,True,203,,True,True,True,True,True,True
LI-Small,amlc_00861,e_6137937,598698,True,205,25762,True,True,205,,True,True,True,True,True,True
LI-Small,amlc_00862,e_6138761,599522,False,2110,253247,True,False,2110,e_6914101,True,True,True,True,True,True
LI-Small,amlc_00863,e_6138849,599610,True,192,24347,True,True,192,,True,True,True,True,True,True
LI-Small,amlc_00864,e_6139608,600369,True,361,42124,True,True,361,,True,True,True,True,True,True
LI-Small,amlc_00865,e_6139757,600518,False,2407,273659,True,False,2407,e_6909606,True,True,True,True,True,True
LI-Small,amlc_00866,e_6141545,602306,True,100,12147,True,True,100,,True,True,True,True,True,True
LI-Small,amlc_00867,e_6141945,602706,True,314,38504,True,True,314,,True,True,True,True,True,True
LI-Small,amlc_00868,e_6142311,603072,True,10,1671,True,True,10,,True,True,True,True,True,True
LI-Small,amlc_00869,e_6143261,604022,True,170,20236,True,True,170,,True,True,True,True,True,True
LI-Small,amlc_00870,e_6143498,604259,True,370,43543,True,True,370,,True,True,True,True,True,True
LI-Small,amlc_00871,e_6145538,606299,False,2395,279855,True,False,2395,e_6917053,True,True,True,True,True,True
LI-Small,amlc_00872,e_6146084,606845,True,108,14162,True,True,108,,True,True,True,True,True,True
LI-Small,amlc_00873,e_6146107,606868,True,7,1360,True,True,7,,True,True,True,True,True,True
LI-Small,amlc_00874,e_6146139,606900,True,256,29696,True,True,256,,True,True,True,True,True,True
LI-Small,amlc_00875,e_6146384,607145,True,320,39647,True,True,320,,True,True,True,True,True,True
LI-Small,amlc_00876,e_6146932,607693,True,70,9285,True,True,70,,True,True,True,True,True,True
LI-Small,amlc_00877,e_6147249,608010,True,11,2004,True,True,11,,True,True,True,True,True,True
LI-Small,amlc_00878,e_6147616,608377,True,265,32250,True,True,265,,True,True,True,True,True,True
LI-Small,amlc_00879,e_6147732,608493,True,427,53101,True,True,427,,True,True,True,True,True,True
LI-Small,amlc_00880,e_6148269,609030,True,187,23575,True,True,187,,True,True,True,True,True,True
LI-Small,amlc_00881,e_6149282,610043,True,296,36332,True,True,296,,True,True,True,True,True,True
LI-Small,amlc_00882,e_6149391,610152,True,6,1276,True,True,6,,True,True,True,True,True,True
LI-Small,amlc_00883,e_6149398,610159,True,60,7908,True,True,60,,True,True,True,True,True,True
LI-Small,amlc_00884,e_6150104,610865,False,2149,244094,True,False,2149,e_6923840,True,True,True,True,True,True
LI-Small,amlc_00885,e_6150450,611211,True,183,22240,True,True,183,,True,True,True,True,True,True
LI-Small,amlc_00886,e_6150594,611355,True,842,95944,True,True,842,,True,True,True,True,True,True
LI-Small,amlc_00887,e_6151076,611837,True,187,24560,True,True,187,,True,True,True,True,True,True
LI-Small,amlc_00888,e_6151806,612567,True,142,17406,True,True,142,,True,True,True,True,True,True
LI-Small,amlc_00889,e_6152625,613386,True,15,2354,True,True,15,,True,True,True,True,True,True
LI-Small,amlc_00890,e_6153470,614231,True,407,48789,True,True,407,,True,True,True,True,True,True
LI-Small,amlc_00891,e_6154513,615274,True,857,101253,True,True,857,,True,True,True,True,True,True
LI-Small,amlc_00892,e_6154824,615585,True,590,71711,True,True,590,,True,True,True,True,True,True
LI-Small,amlc_00893,e_6154825,615586,True,590,71711,True,True,590,,True,True,True,True,True,True
LI-Small,amlc_00894,e_6155625,616386,True,149,18576,True,True,149,,True,True,True,True,True,True
LI-Small,amlc_00895,e_6158600,619361,True,88,12006,True,True,88,,True,True,True,True,True,True
LI-Small,amlc_00896,e_6159942,620703,True,360,42701,True,True,360,,True,True,True,True,True,True
LI-Small,amlc_00897,e_6161666,622427,True,92,11062,True,True,92,,True,True,True,True,True,True
LI-Small,amlc_00898,e_6162141,622902,False,2549,291914,True,False,2549,e_6911089,True,True,True,True,True,True
LI-Small,amlc_00899,e_6162492,623253,True,218,26816,True,True,218,,True,True,True,True,True,True
LI-Small,amlc_00900,e_6163028,623789,True,21,2943,True,True,21,,True,True,True,True,True,True
LI-Small,amlc_00901,e_6163287,624048,True,69,8314,True,True,69,,True,True,True,True,True,True
LI-Small,amlc_00902,e_6163738,624499,True,120,14730,True,True,120,,True,True,True,True,True,True
LI-Small,amlc_00903,e_6164817,625578,False,2142,250613,True,False,2142,e_6917362,True,True,True,True,True,True
LI-Small,amlc_00904,e_6166290,627051,True,252,31160,True,True,252,,True,True,True,True,True,True
LI-Small,amlc_00905,e_6167183,627944,True,247,28993,True,True,247,,True,True,True,True,True,True
LI-Small,amlc_00906,e_6168721,629482,True,365,43266,True,True,365,,True,True,True,True,True,True
LI-Small,amlc_00907,e_6169370,630131,False,1676,203571,True,False,1676,e_6913602,True,True,True,True,True,True
LI-Small,amlc_00908,e_6170140,630901,True,529,64944,True,True,529,,True,True,True,True,True,True
LI-Small,amlc_00909,e_6172571,633332,True,160,19531,True,True,160,,True,True,True,True,True,True
LI-Small,amlc_00910,e_6172816,633577,True,92,11324,True,True,92,,True,True,True,True,True,True
LI-Small,amlc_00911,e_6174125,634886,True,93,12442,True,True,93,,True,True,True,True,True,True
LI-Small,amlc_00912,e_6175635,636396,True,40,5572,True,True,40,,True,True,True,True,True,True
LI-Small,amlc_00913,e_6175863,636624,True,349,41749,True,True,349,,True,True,True,True,True,True
LI-Small,amlc_00914,e_6176361,637122,False,2328,267154,True,False,2328,e_6249141,True,True,True,True,True,True
LI-Small,amlc_00915,e_6177345,638106,True,31,4533,True,True,31,,True,True,True,True,True,True
LI-Small,amlc_00916,e_6177554,638315,True,9,1746,True,True,9,,True,True,True,True,True,True
LI-Small,amlc_00917,e_6177555,638316,True,3,814,True,True,3,,True,True,True,True,True,True
LI-Small,amlc_00918,e_6177837,638598,True,120,13719,True,True,120,,True,True,True,True,True,True
LI-Small,amlc_00919,e_6180442,641203,True,69,9216,True,True,69,,True,True,True,True,True,True
LI-Small,amlc_00920,e_6181209,641970,False,2301,264213,True,False,2301,e_6922096,True,True,True,True,True,True
LI-Small,amlc_00921,e_6181922,642683,True,551,64178,True,True,551,,True,True,True,True,True,True
LI-Small,amlc_00922,e_6182531,643292,True,4,918,True,True,4,,True,True,True,True,True,True
LI-Small,amlc_00923,e_6184021,644782,True,465,60921,True,True,465,,True,True,True,True,True,True
LI-Small,amlc_00924,e_6184482,645243,True,285,36267,True,True,285,,True,True,True,True,True,True
LI-Small,amlc_00925,e_6184498,645259,True,54,7075,True,True,54,,True,True,True,True,True,True
LI-Small,amlc_00926,e_6184710,645471,False,2538,307444,True,False,2538,e_6923329,True,True,True,True,True,True
LI-Small,amlc_00927,e_6184753,645514,True,24,3409,True,True,24,,True,True,True,True,True,True
LI-Small,amlc_00928,e_6185889,646650,True,191,22895,True,True,191,,True,True,True,True,True,True
LI-Small,amlc_00929,e_6186199,646960,True,987,121028,True,True,987,,True,True,True,True,True,True
LI-Small,amlc_00930,e_6189307,650068,True,590,69682,True,True,590,,True,True,True,True,True,True
LI-Small,amlc_00931,e_6189854,650615,True,45,5696,True,True,45,,True,True,True,True,True,True
LI-Small,amlc_00932,e_6191086,651847,True,42,5864,True,True,42,,True,True,True,True,True,True
LI-Small,amlc_00933,e_6191102,651863,True,6,1282,True,True,6,,True,True,True,True,True,True
LI-Small,amlc_00934,e_6192095,652856,True,10,1824,True,True,10,,True,True,True,True,True,True
LI-Small,amlc_00935,e_6192763,653524,True,418,54223,True,True,418,,True,True,True,True,True,True
LI-Small,amlc_00936,e_6192769,653530,True,172,20325,True,True,172,,True,True,True,True,True,True
LI-Small,amlc_00937,e_6192857,653618,True,8,1595,True,True,8,,True,True,True,True,True,True
LI-Small,amlc_00938,e_6192998,653759,True,2,718,True,True,2,,True,True,True,True,True,True
LI-Small,amlc_00939,e_6194097,654858,True,40,5513,True,True,40,,True,True,True,True,True,True
LI-Small,amlc_00940,e_6194808,655569,True,990,114903,True,True,990,,True,True,True,True,True,True
LI-Small,amlc_00941,e_6196373,657134,True,369,43097,True,True,369,,True,True,True,True,True,True
LI-Small,amlc_00942,e_6197571,658332,True,1003,114104,True,True,1003,,True,True,True,True,True,True
LI-Small,amlc_00943,e_6198152,658913,True,244,29004,True,True,244,,True,True,True,True,True,True
LI-Small,amlc_00944,e_6198348,659109,True,10,1643,True,True,10,,True,True,True,True,True,True
LI-Small,amlc_00945,e_6198707,659468,True,291,33752,True,True,291,,True,True,True,True,True,True
LI-Small,amlc_00946,e_6198953,659714,True,415,48008,True,True,415,,True,True,True,True,True,True
LI-Small,amlc_00947,e_6199748,660509,True,7,1364,True,True,7,,True,True,True,True,True,True
LI-Small,amlc_00948,e_6199966,660727,True,7,1359,True,True,7,,True,True,True,True,True,True
LI-Small,amlc_00949,e_6200514,661275,False,2480,289322,True,False,2480,e_6922573,True,True,True,True,True,True
LI-Small,amlc_00950,e_6201354,662115,True,365,44523,True,True,365,,True,True,True,True,True,True
LI-Small,amlc_00951,e_6202893,663654,True,42,5848,True,True,42,,True,True,True,True,True,True
LI-Small,amlc_00952,e_6203126,663887,True,192,23312,True,True,192,,True,True,True,True,True,True
LI-Small,amlc_00953,e_6203162,663923,True,810,100713,True,True,810,,True,True,True,True,True,True
LI-Small,amlc_00954,e_6203795,664556,True,41,5199,True,True,41,,True,True,True,True,True,True
LI-Small,amlc_00955,e_6203838,664599,False,2030,236693,True,False,2030,e_6918170,True,True,True,True,True,True
LI-Small,amlc_00956,e_6205126,665887,False,2651,301582,True,False,2651,e_6923902,True,True,True,True,True,True
LI-Small,amlc_00957,e_6205304,666065,True,1057,120596,True,True,1057,,True,True,True,True,True,True
LI-Small,amlc_00958,e_6205445,666206,True,140,16570,True,True,140,,True,True,True,True,True,True
LI-Small,amlc_00959,e_6205924,666685,True,4,1039,True,True,4,,True,True,True,True,True,True
LI-Small,amlc_00960,e_6206504,667265,True,124,15149,True,True,124,,True,True,True,True,True,True
LI-Small,amlc_00961,e_6207308,668069,True,500,59004,True,True,500,,True,True,True,True,True,True
LI-Small,amlc_00962,e_6207846,668607,True,97,11834,True,True,97,,True,True,True,True,True,True
LI-Small,amlc_00963,e_6208150,668911,True,833,98611,True,True,833,,True,True,True,True,True,True
LI-Small,amlc_00964,e_6208560,669321,True,140,17236,True,True,140,,True,True,True,True,True,True
LI-Small,amlc_00965,e_6209177,669938,False,2320,277166,True,False,2320,e_6919171,True,True,True,True,True,True
LI-Small,amlc_00966,e_6210111,670872,True,68,11159,True,True,68,,True,True,True,True,True,True
LI-Small,amlc_00967,e_6212234,672995,True,114,14359,True,True,114,,True,True,True,True,True,True
LI-Small,amlc_00968,e_6212786,673547,True,3,822,True,True,3,,True,True,True,True,True,True
LI-Small,amlc_00969,e_6213618,674379,True,575,65521,True,True,575,,True,True,True,True,True,True
LI-Small,amlc_00970,e_6214391,675152,False,2348,267808,True,False,2348,e_6915141,True,True,True,True,True,True
LI-Small,amlc_00971,e_6215432,676193,True,759,88727,True,True,759,,True,True,True,True,True,True
LI-Small,amlc_00972,e_6216970,677731,True,74,9142,True,True,74,,True,True,True,True,True,True
LI-Small,amlc_00973,e_6217072,677833,True,6,1250,True,True,6,,True,True,True,True,True,True
LI-Small,amlc_00974,e_6219123,679884,True,52,6255,True,True,52,,True,True,True,True,True,True
LI-Small,amlc_00975,e_6219495,680256,True,381,44175,True,True,381,,True,True,True,True,True,True
LI-Small,amlc_00976,e_6219518,680279,True,232,29241,True,True,232,,True,True,True,True,True,True
LI-Small,amlc_00977,e_6219577,680338,True,33,4306,True,True,33,,True,True,True,True,True,True
LI-Small,amlc_00978,e_6219808,680569,True,196,25330,True,True,196,,True,True,True,True,True,True
LI-Small,amlc_00979,e_6219856,680617,True,251,32555,True,True,251,,True,True,True,True,True,True
LI-Small,amlc_00980,e_6221160,681921,True,10,2033,True,True,10,,True,True,True,True,True,True
LI-Small,amlc_00981,e_6223334,684095,True,343,39041,True,True,343,,True,True,True,True,True,True
LI-Small,amlc_00982,e_6224804,685565,True,590,71711,True,True,590,,True,True,True,True,True,True
LI-Small,amlc_00983,e_6224805,685566,True,590,71711,True,True,590,,True,True,True,True,True,True
LI-Small,amlc_00984,e_6224806,685567,True,590,71711,True,True,590,,True,True,True,True,True,True
LI-Small,amlc_00985,e_6225501,686262,True,727,90603,True,True,727,,True,True,True,True,True,True
LI-Small,amlc_00986,e_6225881,686642,False,2476,295861,True,False,2476,e_6914422,True,True,True,True,True,True
LI-Small,amlc_00987,e_6226503,687264,True,288,34300,True,True,288,,True,True,True,True,True,True
LI-Small,amlc_00988,e_6226536,687297,True,53,6853,True,True,53,,True,True,True,True,True,True
LI-Small,amlc_00989,e_6228616,689377,False,2472,295557,True,False,2472,e_6919691,True,True,True,True,True,True
LI-Small,amlc_00990,e_6229195,689956,True,195,24530,True,True,195,,True,True,True,True,True,True
LI-Small,amlc_00991,e_6229956,690717,True,959,115296,True,True,959,,True,True,True,True,True,True
LI-Small,amlc_00992,e_6231765,692526,False,2479,282521,True,False,2479,e_6916062,True,True,True,True,True,True
LI-Small,amlc_00993,e_6232745,693506,True,264,30821,True,True,264,,True,True,True,True,True,True
LI-Small,amlc_00994,e_6233221,693982,True,140,21460,True,True,140,,True,True,True,True,True,True
LI-Small,amlc_00995,e_6233478,694239,True,164,20294,True,True,164,,True,True,True,True,True,True
LI-Small,amlc_00996,e_6233753,694514,True,363,42211,True,True,363,,True,True,True,True,True,True
LI-Small,amlc_00997,e_6233808,694569,True,78,9517,True,True,78,,True,True,True,True,True,True
LI-Small,amlc_00998,e_6235712,696473,False,2911,331269,True,False,2911,e_6922061,True,True,True,True,True,True
LI-Small,amlc_00999,e_6236099,696860,True,330,38804,True,True,330,,True,True,True,True,True,True
LI-Small,amlc_01000,e_6237174,697935,True,640,75546,True,True,640,,True,True,True,True,True,True
LI-Small,amlc_01001,e_6239551,700312,True,9,1761,True,True,9,,True,True,True,True,True,True
LI-Small,amlc_01002,e_6240587,701348,True,120,15257,True,True,120,,True,True,True,True,True,True
LI-Small,amlc_01003,e_6241110,701871,True,819,99754,True,True,819,,True,True,True,True,True,True
LI-Small,amlc_01004,e_6242838,703599,True,734,88039,True,True,734,,True,True,True,True,True,True
LI-Small,amlc_01005,e_6242882,703643,True,284,34638,True,True,284,,True,True,True,True,True,True
LI-Small,amlc_01006,e_6242954,703715,True,702,83246,True,True,702,,True,True,True,True,True,True
LI-Small,amlc_01007,e_6244841,705602,True,350,42313,True,True,350,,True,True,True,True,True,True
LI-Small,amlc_01008,e_6245675,706436,True,82,11228,True,True,82,,True,True,True,True,True,True
LI-Small,amlc_01009,e_6245916,706677,True,355,43071,True,True,355,,True,True,True,True,True,True
LI-Small,amlc_01010,e_6247783,708544,False,2279,271623,True,False,2279,e_6918878,True,True,True,True,True,True
LI-Small,amlc_01011,e_6248891,709652,True,804,94831,True,True,804,,True,True,True,True,True,True
LI-Small,amlc_01012,e_6248956,709717,True,389,44897,True,True,389,,True,True,True,True,True,True
LI-Small,amlc_01013,e_6249096,709857,False,1870,215272,True,False,1870,e_6921082,True,True,True,True,True,True
LI-Small,amlc_01014,e_6249118,709879,True,1821,211324,True,True,1821,,True,True,True,True,True,True
LI-Small,amlc_01015,e_6249120,709881,True,420,50804,True,True,420,,True,True,True,True,True,True
LI-Small,amlc_01016,e_6249122,709883,True,1821,211324,True,True,1821,,True,True,True,True,True,True
LI-Small,amlc_01017,e_6249124,709885,True,1206,139048,True,True,1206,,True,True,True,True,True,True
LI-Small,amlc_01018,e_6249125,709886,True,1821,211324,True,True,1821,,True,True,True,True,True,True
LI-Small,amlc_01019,e_6249127,709888,True,295,36699,True,True,295,,True,True,True,True,True,True
LI-Small,amlc_01020,e_6249128,709889,True,1821,211324,True,True,1821,,True,True,True,True,True,True
LI-Small,amlc_01021,e_6249129,709890,True,538,65478,True,True,538,,True,True,True,True,True,True
LI-Small,amlc_01022,e_6249131,709892,True,1821,211324,True,True,1821,,True,True,True,True,True,True
LI-Small,amlc_01023,e_6249134,709895,True,222,27139,True,True,222,,True,True,True,True,True,True
LI-Small,amlc_01024,e_6249135,709896,True,1821,211324,True,True,1821,,True,True,True,True,True,True
LI-Small,amlc_01025,e_6249136,709897,True,1110,132574,True,True,1110,,True,True,True,True,True,True
LI-Small,amlc_01026,e_6249137,709898,True,1821,211324,True,True,1821,,True,True,True,True,True,True
LI-Small,amlc_01027,e_6249138,709899,True,1047,125885,True,True,1047,,True,True,True,True,True,True
LI-Small,amlc_01028,e_6249140,709901,True,1821,211324,True,True,1821,,True,True,True,True,True,True
LI-Small,amlc_01029,e_6249142,709903,True,746,87389,True,True,746,,True,True,True,True,True,True
LI-Small,amlc_01030,e_6249143,709904,True,746,87389,True,True,746,,True,True,True,True,True,True
LI-Small,amlc_01031,e_6249145,709906,True,1821,211324,True,True,1821,,True,True,True,True,True,True
LI-Small,amlc_01032,e_6249147,709908,True,840,97376,True,True,840,,True,True,True,True,True,True
LI-Small,amlc_01033,e_6249149,709910,True,1821,211324,True,True,1821,,True,True,True,True,True,True
LI-Small,amlc_01034,e_6249151,709912,True,1604,183736,True,True,1604,,True,True,True,True,True,True
LI-Small,amlc_01035,e_6249153,709914,True,1821,211324,True,True,1821,,True,True,True,True,True,True
LI-Small,amlc_01036,e_6249155,709916,True,577,68632,True,True,577,,True,True,True,True,True,True
LI-Small,amlc_01037,e_6249157,709918,True,1821,211324,True,True,1821,,True,True,True,True,True,True
LI-Small,amlc_01038,e_6249159,709920,True,1200,136671,True,True,1200,,True,True,True,True,True,True
LI-Small,amlc_01039,e_6249160,709921,True,1821,211324,True,True,1821,,True,True,True,True,True,True
LI-Small,amlc_01040,e_6249161,709922,True,797,96163,True,True,797,,True,True,True,True,True,True
LI-Small,amlc_01041,e_6249162,709923,True,1821,211324,True,True,1821,,True,True,True,True,True,True
LI-Small,amlc_01042,e_6249163,709924,True,887,104874,True,True,887,,True,True,True,True,True,True
LI-Small,amlc_01043,e_6250017,710778,True,23,3976,True,True,23,,True,True,True,True,True,True
LI-Small,amlc_01044,e_6250408,711169,True,161,18782,True,True,161,,True,True,True,True,True,True
LI-Small,amlc_01045,e_6250434,711195,True,39,6571,True,True,39,,True,True,True,True,True,True
LI-Small,amlc_01046,e_6255776,716537,True,217,26501,True,True,217,,True,True,True,True,True,True
LI-Small,amlc_01047,e_6256635,717396,True,705,90190,True,True,705,,True,True,True,True,True,True
LI-Small,amlc_01048,e_6256851,717612,True,401,51931,True,True,401,,True,True,True,True,True,True
LI-Small,amlc_01049,e_6257333,718094,True,646,79298,True,True,646,,True,True,True,True,True,True
LI-Small,amlc_01050,e_6257506,718267,True,5,1190,True,True,5,,True,True,True,True,True,True
LI-Small,amlc_01051,e_6258446,719207,True,306,36869,True,True,306,,True,True,True,True,True,True
LI-Small,amlc_01052,e_6261965,722726,False,1957,236399,True,False,1957,e_6920484,True,True,True,True,True,True
LI-Small,amlc_01053,e_6262502,723263,True,262,32861,True,True,262,,True,True,True,True,True,True
LI-Small,amlc_01054,e_6262567,723328,True,662,80283,True,True,662,,True,True,True,True,True,True
LI-Small,amlc_01055,e_6263139,723900,True,287,34497,True,True,287,,True,True,True,True,True,True
LI-Small,amlc_01056,e_6264002,724763,True,445,54658,True,True,445,,True,True,True,True,True,True
LI-Small,amlc_01057,e_6264495,725256,True,321,37315,True,True,321,,True,True,True,True,True,True
LI-Small,amlc_01058,e_6264502,725263,True,811,97096,True,True,811,,True,True,True,True,True,True
LI-Small,amlc_01059,e_6264653,725414,True,40,6339,True,True,40,,True,True,True,True,True,True
LI-Small,amlc_01060,e_6265529,726290,True,147,19085,True,True,147,,True,True,True,True,True,True
LI-Small,amlc_01061,e_6266775,727536,False,2393,286703,True,False,2393,e_6913478,True,True,True,True,True,True
LI-Small,amlc_01062,e_6266856,727617,True,80,10162,True,True,80,,True,True,True,True,True,True
LI-Small,amlc_01063,e_6267648,728409,True,104,13457,True,True,104,,True,True,True,True,True,True
LI-Small,amlc_01064,e_6268555,729316,True,282,34473,True,True,282,,True,True,True,True,True,True
LI-Small,amlc_01065,e_6272328,733089,True,1388,159447,True,True,1388,,True,True,True,True,True,True
LI-Small,amlc_01066,e_6272763,733524,True,687,79539,True,True,687,,True,True,True,True,True,True
LI-Small,amlc_01067,e_6272997,733758,True,8,1559,True,True,8,,True,True,True,True,True,True
LI-Small,amlc_01068,e_6277298,738059,True,52,6798,True,True,52,,True,True,True,True,True,True
LI-Small,amlc_01069,e_6277382,738143,True,191,23897,True,True,191,,True,True,True,True,True,True
LI-Small,amlc_01070,e_6277485,738246,True,516,62622,True,True,516,,True,True,True,True,True,True
LI-Small,amlc_01071,e_6277678,738439,False,2326,267207,True,False,2326,e_6923952,True,True,True,True,True,True
LI-Small,amlc_01072,e_6277920,738681,True,478,54516,True,True,478,,True,True,True,True,True,True
LI-Small,amlc_01073,e_6278651,739412,True,533,66678,True,True,533,,True,True,True,True,True,True
LI-Small,amlc_01074,e_6278835,739596,True,14,2294,True,True,14,,True,True,True,True,True,True
LI-Small,amlc_01075,e_6279471,740232,False,2154,259017,True,False,2154,e_6919629,True,True,True,True,True,True
LI-Small,amlc_01076,e_6280101,740862,False,2151,257488,True,False,2151,e_6923656,True,True,True,True,True,True
LI-Small,amlc_01077,e_6280705,741466,True,298,37241,True,True,298,,True,True,True,True,True,True
LI-Small,amlc_01078,e_6281061,741822,False,2473,295022,True,False,2473,e_6914015,True,True,True,True,True,True
LI-Small,amlc_01079,e_6281090,741851,True,112,13791,True,True,112,,True,True,True,True,True,True
LI-Small,amlc_01080,e_6281262,742023,True,359,44437,True,True,359,,True,True,True,True,True,True
LI-Small,amlc_01081,e_6281325,742086,True,378,46336,True,True,378,,True,True,True,True,True,True
LI-Small,amlc_01082,e_6281567,742328,True,63,9194,True,True,63,,True,True,True,True,True,True
LI-Small,amlc_01083,e_6282314,743075,True,33,4557,True,True,33,,True,True,True,True,True,True
LI-Small,amlc_01084,e_6283065,743826,True,307,37828,True,True,307,,True,True,True,True,True,True
LI-Small,amlc_01085,e_6283843,744604,False,2526,300402,True,False,2526,e_6918827,True,True,True,True,True,True
LI-Small,amlc_01086,e_6284440,745201,True,7,1487,True,True,7,,True,True,True,True,True,True
LI-Small,amlc_01087,e_6284500,745261,True,83,10400,True,True,83,,True,True,True,True,True,True
LI-Small,amlc_01088,e_6285000,745761,True,506,57992,True,True,506,,True,True,True,True,True,True
LI-Small,amlc_01089,e_6285414,746175,True,828,96089,True,True,828,,True,True,True,True,True,True
LI-Small,amlc_01090,e_6286319,747080,True,86,11748,True,True,86,,True,True,True,True,True,True
LI-Small,amlc_01091,e_6286719,747480,True,247,29480,True,True,247,,True,True,True,True,True,True
LI-Small,amlc_01092,e_6286866,747627,True,1137,128532,True,True,1137,,True,True,True,True,True,True
LI-Small,amlc_01093,e_6286897,747658,True,222,25761,True,True,222,,True,True,True,True,True,True
LI-Small,amlc_01094,e_6286920,747681,False,2654,303438,True,False,2654,e_6750845,True,True,True,True,True,True
LI-Small,amlc_01095,e_6287029,747790,True,56,7081,True,True,56,,True,True,True,True,True,True
LI-Small,amlc_01096,e_6288079,748840,True,252,28773,True,True,252,,True,True,True,True,True,True
LI-Small,amlc_01097,e_6288494,749255,True,84,10881,True,True,84,,True,True,True,True,True,True
LI-Small,amlc_01098,e_6288626,749387,True,169,20715,True,True,169,,True,True,True,True,True,True
LI-Small,amlc_01099,e_6288782,749543,True,125,15174,True,True,125,,True,True,True,True,True,True
LI-Small,amlc_01100,e_6288909,749670,True,375,44455,True,True,375,,True,True,True,True,True,True
LI-Small,amlc_01101,e_6289188,749949,False,1928,223096,True,False,1928,e_6921481,True,True,True,True,True,True
LI-Small,amlc_01102,e_6289427,750188,True,240,28696,True,True,240,,True,True,True,True,True,True
LI-Small,amlc_01103,e_6290468,751229,True,48,6181,True,True,48,,True,True,True,True,True,True
LI-Small,amlc_01104,e_6290958,751719,True,347,46073,True,True,347,,True,True,True,True,True,True
LI-Small,amlc_01105,e_6291253,752014,False,2289,266638,True,False,2289,e_6922512,True,True,True,True,True,True
LI-Small,amlc_01106,e_6292767,753528,True,152,19856,True,True,152,,True,True,True,True,True,True
LI-Small,amlc_01107,e_6293876,754637,True,23,3451,True,True,23,,True,True,True,True,True,True
LI-Small,amlc_01108,e_6294306,755067,True,350,42652,True,True,350,,True,True,True,True,True,True
LI-Small,amlc_01109,e_6294610,755371,True,390,45463,True,True,390,,True,True,True,True,True,True
LI-Small,amlc_01110,e_6294971,755732,True,569,68451,True,True,569,,True,True,True,True,True,True
LI-Small,amlc_01111,e_6295097,755858,False,2042,248769,True,False,2042,e_6918345,True,True,True,True,True,True
LI-Small,amlc_01112,e_6295730,756491,True,692,79772,True,True,692,,True,True,True,True,True,True
LI-Small,amlc_01113,e_6296195,756956,True,535,61331,True,True,535,,True,True,True,True,True,True
LI-Small,amlc_01114,e_6296809,757570,True,235,29039,True,True,235,,True,True,True,True,True,True
LI-Small,amlc_01115,e_6297110,757871,True,836,101217,True,True,836,,True,True,True,True,True,True
LI-Small,amlc_01116,e_6299355,760116,True,448,56415,True,True,448,,True,True,True,True,True,True
LI-Small,amlc_01117,e_6299707,760468,True,118,15596,True,True,118,,True,True,True,True,True,True
LI-Small,amlc_01118,e_6301637,762398,True,7,1390,True,True,7,,True,True,True,True,True,True
LI-Small,amlc_01119,e_6301749,762510,True,590,71711,True,True,590,,True,True,True,True,True,True
LI-Small,amlc_01120,e_6301750,762511,True,590,71711,True,True,590,,True,True,True,True,True,True
LI-Small,amlc_01121,e_6301751,762512,True,590,71711,True,True,590,,True,True,True,True,True,True
LI-Small,amlc_01122,e_6303654,764415,True,577,65638,True,True,577,,True,True,True,True,True,True
LI-Small,amlc_01123,e_6303666,764427,True,494,58337,True,True,494,,True,True,True,True,True,True
LI-Small,amlc_01124,e_6303667,764428,True,585,68978,True,True,585,,True,True,True,True,True,True
LI-Small,amlc_01125,e_6303825,764586,True,501,58173,True,True,501,,True,True,True,True,True,True
LI-Small,amlc_01126,e_6304173,764934,True,480,55379,True,True,480,,True,True,True,True,True,True
LI-Small,amlc_01127,e_6304960,765721,True,98,13119,True,True,98,,True,True,True,True,True,True
LI-Small,amlc_01128,e_6305881,766642,True,5,1149,True,True,5,,True,True,True,True,True,True
LI-Small,amlc_01129,e_6306318,767079,True,182,20519,True,True,182,,True,True,True,True,True,True
LI-Small,amlc_01130,e_6306333,767094,True,139,16484,True,True,139,,True,True,True,True,True,True
LI-Small,amlc_01131,e_6307523,768284,True,358,42032,True,True,358,,True,True,True,True,True,True
LI-Small,amlc_01132,e_6308821,769582,True,13,2183,True,True,13,,True,True,True,True,True,True
LI-Small,amlc_01133,e_6312377,773138,False,2497,287328,True,False,2497,e_6918170,True,True,True,True,True,True
LI-Small,amlc_01134,e_6313314,774075,True,10,1927,True,True,10,,True,True,True,True,True,True
LI-Small,amlc_01135,e_6315163,775924,True,366,45177,True,True,366,,True,True,True,True,True,True
LI-Small,amlc_01136,e_6315315,776076,True,3,829,True,True,3,,True,True,True,True,True,True
LI-Small,amlc_01137,e_6315376,776137,True,674,80953,True,True,674,,True,True,True,True,True,True
LI-Small,amlc_01138,e_6315934,776695,True,7,1498,True,True,7,,True,True,True,True,True,True
LI-Small,amlc_01139,e_6315946,776707,True,1051,126318,True,True,1051,,True,True,True,True,True,True
LI-Small,amlc_01140,e_6316423,777184,True,353,44483,True,True,353,,True,True,True,True,True,True
LI-Small,amlc_01141,e_6316482,777243,True,667,78727,True,True,667,,True,True,True,True,True,True
LI-Small,amlc_01142,e_6316510,777271,True,87,10745,True,True,87,,True,True,True,True,True,True
LI-Small,amlc_01143,e_6317223,777984,True,10,1924,True,True,10,,True,True,True,True,True,True
LI-Small,amlc_01144,e_6317301,778062,True,386,48994,True,True,386,,True,True,True,True,True,True
LI-Small,amlc_01145,e_6317596,778357,True,634,76693,True,True,634,,True,True,True,True,True,True
LI-Small,amlc_01146,e_6318510,779271,True,299,35804,True,True,299,,True,True,True,True,True,True
LI-Small,amlc_01147,e_6318837,779598,False,1976,237844,True,False,1976,e_6914238,True,True,True,True,True,True
LI-Small,amlc_01148,e_6319570,780331,True,240,29110,True,True,240,,True,True,True,True,True,True
LI-Small,amlc_01149,e_6321689,782450,True,1308,149542,True,True,1308,,True,True,True,True,True,True
LI-Small,amlc_01150,e_6321690,782451,True,22,3339,True,True,22,,True,True,True,True,True,True
LI-Small,amlc_01151,e_6321692,782453,True,215,25203,True,True,215,,True,True,True,True,True,True
LI-Small,amlc_01152,e_6322344,783105,True,277,32294,True,True,277,,True,True,True,True,True,True
LI-Small,amlc_01153,e_6322661,783422,True,95,11811,True,True,95,,True,True,True,True,True,True
LI-Small,amlc_01154,e_6323269,784030,True,91,12174,True,True,91,,True,True,True,True,True,True
LI-Small,amlc_01155,e_6323376,784137,True,251,31358,True,True,251,,True,True,True,True,True,True
LI-Small,amlc_01156,e_6324221,784982,True,301,34650,True,True,301,,True,True,True,True,True,True
LI-Small,amlc_01157,e_6324813,785574,True,88,11120,True,True,88,,True,True,True,True,True,True
LI-Small,amlc_01158,e_6325313,786074,False,2467,281385,True,False,2467,e_6916719,True,True,True,True,True,True
LI-Small,amlc_01159,e_6325554,786315,True,156,19193,True,True,156,,True,True,True,True,True,True
LI-Small,amlc_01160,e_6326011,786772,False,2173,248788,True,False,2173,e_6904515,True,True,True,True,True,True
LI-Small,amlc_01161,e_6327128,787889,True,429,51109,True,True,429,,True,True,True,True,True,True
LI-Small,amlc_01162,e_6327579,788340,False,2573,298062,True,False,2573,e_6916997,True,True,True,True,True,True
LI-Small,amlc_01163,e_6328168,788929,True,64,8348,True,True,64,,True,True,True,True,True,True
LI-Small,amlc_01164,e_6329511,790272,True,53,7109,True,True,53,,True,True,True,True,True,True
LI-Small,amlc_01165,e_6329942,790703,True,735,90229,True,True,735,,True,True,True,True,True,True
LI-Small,amlc_01166,e_6330609,791370,True,1163,134772,True,True,1163,,True,True,True,True,True,True
LI-Small,amlc_01167,e_6330652,791413,True,187,21888,True,True,187,,True,True,True,True,True,True
LI-Small,amlc_01168,e_6330717,791478,True,208,27564,True,True,208,,True,True,True,True,True,True
LI-Small,amlc_01169,e_6331174,791935,True,289,36120,True,True,289,,True,True,True,True,True,True
LI-Small,amlc_01170,e_6331218,791979,True,29,4051,True,True,29,,True,True,True,True,True,True
LI-Small,amlc_01171,e_6334563,795324,True,7,1472,True,True,7,,True,True,True,True,True,True
LI-Small,amlc_01172,e_6334888,795649,False,1854,224474,True,False,1854,e_6914736,True,True,True,True,True,True
LI-Small,amlc_01173,e_6335098,795859,True,310,37151,True,True,310,,True,True,True,True,True,True
LI-Small,amlc_01174,e_6336920,797681,False,2081,248498,True,False,2081,e_6914257,True,True,True,True,True,True
LI-Small,amlc_01175,e_6339064,799825,True,560,66691,True,True,560,,True,True,True,True,True,True
LI-Small,amlc_01176,e_6339608,800369,True,561,65093,True,True,561,,True,True,True,True,True,True
LI-Small,amlc_01177,e_6339859,800620,True,48,6816,True,True,48,,True,True,True,True,True,True
LI-Small,amlc_01178,e_6339860,800621,True,417,52265,True,True,417,,True,True,True,True,True,True
LI-Small,amlc_01179,e_6339861,800622,True,334,41164,True,True,334,,True,True,True,True,True,True
LI-Small,amlc_01180,e_6339863,800624,True,239,27982,True,True,239,,True,True,True,True,True,True
LI-Small,amlc_01181,e_6339865,800626,True,1266,150164,True,True,1266,,True,True,True,True,True,True
LI-Small,amlc_01182,e_6339867,800628,True,6,1235,True,True,6,,True,True,True,True,True,True
LI-Small,amlc_01183,e_6339868,800629,True,1146,131798,True,True,1146,,True,True,True,True,True,True
LI-Small,amlc_01184,e_6339870,800631,True,666,78019,True,True,666,,True,True,True,True,True,True
LI-Small,amlc_01185,e_6339871,800632,True,1463,172251,True,True,1463,,True,True,True,True,True,True
LI-Small,amlc_01186,e_6339873,800634,True,1463,164599,True,True,1463,,True,True,True,True,True,True
LI-Small,amlc_01187,e_6339875,800636,True,1206,139048,True,True,1206,,True,True,True,True,True,True
LI-Small,amlc_01188,e_6339876,800637,True,100,12975,True,True,100,,True,True,True,True,True,True
LI-Small,amlc_01189,e_6339878,800639,True,311,37899,True,True,311,,True,True,True,True,True,True
LI-Small,amlc_01190,e_6339880,800641,True,292,35214,True,True,292,,True,True,True,True,True,True
LI-Small,amlc_01191,e_6340973,801734,True,346,40896,True,True,346,,True,True,True,True,True,True
LI-Small,amlc_01192,e_6341062,801823,True,29,3932,True,True,29,,True,True,True,True,True,True
LI-Small,amlc_01193,e_6341780,802541,True,5,1135,True,True,5,,True,True,True,True,True,True
LI-Small,amlc_01194,e_6343236,803997,True,56,8879,True,True,56,,True,True,True,True,True,True
LI-Small,amlc_01195,e_6344467,805228,True,7,1331,True,True,7,,True,True,True,True,True,True
LI-Small,amlc_01196,e_6345114,805875,True,883,103763,True,True,883,,True,True,True,True,True,True
LI-Small,amlc_01197,e_6345538,806299,True,82,11409,True,True,82,,True,True,True,True,True,True
LI-Small,amlc_01198,e_6347314,808075,True,4,987,True,True,4,,True,True,True,True,True,True
LI-Small,amlc_01199,e_6348225,808986,True,44,6305,True,True,44,,True,True,True,True,True,True
LI-Small,amlc_01200,e_6348493,809254,True,377,47346,True,True,377,,True,True,True,True,True,True
LI-Small,amlc_01201,e_6348498,809259,True,697,85032,True,True,697,,True,True,True,True,True,True
LI-Small,amlc_01202,e_6348698,809459,True,270,35475,True,True,270,,True,True,True,True,True,True
LI-Small,amlc_01203,e_6349534,810295,True,255,34205,True,True,255,,True,True,True,True,True,True
LI-Small,amlc_01204,e_6351838,812599,True,1195,143196,True,True,1195,,True,True,True,True,True,True
LI-Small,amlc_01205,e_6352638,813399,False,2312,276168,True,False,2312,e_6913786,True,True,True,True,True,True
LI-Small,amlc_01206,e_6353489,814250,True,381,45285,True,True,381,,True,True,True,True,True,True
LI-Small,amlc_01207,e_6353624,814385,True,390,46547,True,True,390,,True,True,True,True,True,True
LI-Small,amlc_01208,e_6353881,814642,True,152,19182,True,True,152,,True,True,True,True,True,True
LI-Small,amlc_01209,e_6354110,814871,False,1890,228828,True,False,1890,e_6920279,True,True,True,True,True,True
LI-Small,amlc_01210,e_6355355,816116,True,697,85583,True,True,697,,True,True,True,True,True,True
LI-Small,amlc_01211,e_6355641,816402,True,73,9095,True,True,73,,True,True,True,True,True,True
LI-Small,amlc_01212,e_6355751,816512,True,164,20619,True,True,164,,True,True,True,True,True,True
LI-Small,amlc_01213,e_6355948,816709,True,6,1162,True,True,6,,True,True,True,True,True,True
LI-Small,amlc_01214,e_6355979,816740,True,22,3380,True,True,22,,True,True,True,True,True,True
LI-Small,amlc_01215,e_6356907,817668,True,956,115560,True,True,956,,True,True,True,True,True,True
LI-Small,amlc_01216,e_6357512,818273,True,83,11126,True,True,83,,True,True,True,True,True,True
LI-Small,amlc_01217,e_6357747,818508,False,2074,239302,True,False,2074,e_6921481,True,True,True,True,True,True
LI-Small,amlc_01218,e_6360023,820784,True,137,16298,True,True,137,,True,True,True,True,True,True
LI-Small,amlc_01219,e_6360274,821035,True,88,10549,True,True,88,,True,True,True,True,True,True
LI-Small,amlc_01220,e_6360517,821278,True,5,1134,True,True,5,,True,True,True,True,True,True
LI-Small,amlc_01221,e_6360645,821406,True,92,11168,True,True,92,,True,True,True,True,True,True
LI-Small,amlc_01222,e_6360797,821558,False,2395,274116,True,False,2395,e_3593984,True,True,True,True,True,True
LI-Small,amlc_01223,e_6360803,821564,True,322,38328,True,True,322,,True,True,True,True,True,True
LI-Small,amlc_01224,e_6360941,821702,True,181,22319,True,True,181,,True,True,True,True,True,True
LI-Small,amlc_01225,e_6361601,822362,True,49,7929,True,True,49,,True,True,True,True,True,True
LI-Small,amlc_01226,e_6362807,823568,True,32,4187,True,True,32,,True,True,True,True,True,True
LI-Small,amlc_01227,e_6362972,823733,True,32,4204,True,True,32,,True,True,True,True,True,True
LI-Small,amlc_01228,e_6363889,824650,True,1234,144085,True,True,1234,,True,True,True,True,True,True
LI-Small,amlc_01229,e_6364797,825558,True,21,3284,True,True,21,,True,True,True,True,True,True
LI-Small,amlc_01230,e_6365556,826317,True,383,50075,True,True,383,,True,True,True,True,True,True
LI-Small,amlc_01231,e_6366613,827374,True,446,54581,True,True,446,,True,True,True,True,True,True
LI-Small,amlc_01232,e_6367089,827850,True,22,3717,True,True,22,,True,True,True,True,True,True
LI-Small,amlc_01233,e_6367621,828382,True,64,7721,True,True,64,,True,True,True,True,True,True
LI-Small,amlc_01234,e_6369632,830393,True,195,23600,True,True,195,,True,True,True,True,True,True
LI-Small,amlc_01235,e_6370001,830762,True,308,37149,True,True,308,,True,True,True,True,True,True
LI-Small,amlc_01236,e_6370456,831217,True,473,56093,True,True,473,,True,True,True,True,True,True
LI-Small,amlc_01237,e_6371079,831840,True,517,61993,True,True,517,,True,True,True,True,True,True
LI-Small,amlc_01238,e_6371131,831892,True,256,31527,True,True,256,,True,True,True,True,True,True
LI-Small,amlc_01239,e_6371502,832263,True,9,1602,True,True,9,,True,True,True,True,True,True
LI-Small,amlc_01240,e_6371886,832647,True,242,30430,True,True,242,,True,True,True,True,True,True
LI-Small,amlc_01241,e_6371888,832649,True,239,28381,True,True,239,,True,True,True,True,True,True
LI-Small,amlc_01242,e_6372256,833017,True,39,5665,True,True,39,,True,True,True,True,True,True
LI-Small,amlc_01243,e_6372368,833129,True,67,9026,True,True,67,,True,True,True,True,True,True
LI-Small,amlc_01244,e_6373110,833871,False,1946,235109,True,False,1946,e_6909016,True,True,True,True,True,True
LI-Small,amlc_01245,e_6373111,833872,False,2004,240238,True,False,2004,e_6919639,True,True,True,True,True,True
LI-Small,amlc_01246,e_6373270,834031,True,820,100254,True,True,820,,True,True,True,True,True,True
LI-Small,amlc_01247,e_6373360,834121,True,26,3643,True,True,26,,True,True,True,True,True,True
LI-Small,amlc_01248,e_6374236,834997,True,53,7202,True,True,53,,True,True,True,True,True,True
LI-Small,amlc_01249,e_6375048,835809,True,195,22921,True,True,195,,True,True,True,True,True,True
LI-Small,amlc_01250,e_6375570,836331,True,793,95059,True,True,793,,True,True,True,True,True,True
LI-Small,amlc_01251,e_6375641,836402,True,52,7099,True,True,52,,True,True,True,True,True,True
LI-Small,amlc_01252,e_6376045,836806,False,1846,213294,True,False,1846,e_6916294,True,True,True,True,True,True
LI-Small,amlc_01253,e_6376187,836948,True,27,4419,True,True,27,,True,True,True,True,True,True
LI-Small,amlc_01254,e_6376305,837066,True,292,33069,True,True,292,,True,True,True,True,True,True
LI-Small,amlc_01255,e_6376859,837620,False,2196,252783,True,False,2196,e_6707300,True,True,True,True,True,True
LI-Small,amlc_01256,e_6377805,838566,False,2355,268394,True,False,2355,e_6915302,True,True,True,True,True,True
LI-Small,amlc_01257,e_6377901,838662,True,832,95626,True,True,832,,True,True,True,True,True,True
LI-Small,amlc_01258,e_6379096,839857,True,40,5105,True,True,40,,True,True,True,True,True,True
LI-Small,amlc_01259,e_6380309,841070,True,1279,146898,True,True,1279,,True,True,True,True,True,True
LI-Small,amlc_01260,e_6380368,841129,False,2113,241078,True,False,2113,e_6922076,True,True,True,True,True,True
LI-Small,amlc_01261,e_6380566,841327,True,514,60266,True,True,514,,True,True,True,True,True,True
LI-Small,amlc_01262,e_6380734,841495,True,3,921,True,True,3,,True,True,True,True,True,True
LI-Small,amlc_01263,e_6381269,842030,True,18,2933,True,True,18,,True,True,True,True,True,True
LI-Small,amlc_01264,e_6381374,842135,True,887,101305,True,True,887,,True,True,True,True,True,True
LI-Small,amlc_01265,e_6381387,842148,True,914,105490,True,True,914,,True,True,True,True,True,True
LI-Small,amlc_01266,e_6381884,842645,True,337,40821,True,True,337,,True,True,True,True,True,True
LI-Small,amlc_01267,e_6382321,843082,False,2122,248935,True,False,2122,e_6917160,True,True,True,True,True,True
LI-Small,amlc_01268,e_6382636,843397,True,983,113689,True,True,983,,True,True,True,True,True,True
LI-Small,amlc_01269,e_6384615,845376,True,793,97954,True,True,793,,True,True,True,True,True,True
LI-Small,amlc_01270,e_6384823,845584,True,300,36552,True,True,300,,True,True,True,True,True,True
LI-Small,amlc_01271,e_6385433,846194,True,24,3489,True,True,24,,True,True,True,True,True,True
LI-Small,amlc_01272,e_6389959,850720,True,116,14288,True,True,116,,True,True,True,True,True,True
LI-Small,amlc_01273,e_6390334,851095,True,248,31073,True,True,248,,True,True,True,True,True,True
LI-Small,amlc_01274,e_6390642,851403,False,2183,262123,True,False,2183,e_6913628,True,True,True,True,True,True
LI-Small,amlc_01275,e_6390889,851650,False,2156,258743,True,False,2156,e_6913808,True,True,True,True,True,True
LI-Small,amlc_01276,e_6391278,852039,True,12,2130,True,True,12,,True,True,True,True,True,True
LI-Small,amlc_01277,e_6391433,852194,True,172,20694,True,True,172,,True,True,True,True,True,True
LI-Small,amlc_01278,e_6397089,857850,True,95,11257,True,True,95,,True,True,True,True,True,True
LI-Small,amlc_01279,e_6397343,858104,True,12,2092,True,True,12,,True,True,True,True,True,True
LI-Small,amlc_01280,e_6399481,860242,False,1952,225452,True,False,1952,e_6916917,True,True,True,True,True,True
LI-Small,amlc_01281,e_6399799,860560,True,328,40011,True,True,328,,True,True,True,True,True,True
LI-Small,amlc_01282,e_6402887,863648,True,296,36127,True,True,296,,True,True,True,True,True,True
LI-Small,amlc_01283,e_6405104,865865,True,574,68501,True,True,574,,True,True,True,True,True,True
LI-Small,amlc_01284,e_6405514,866275,True,7,1383,True,True,7,,True,True,True,True,True,True
LI-Small,amlc_01285,e_6406433,867194,True,6,1149,True,True,6,,True,True,True,True,True,True
LI-Small,amlc_01286,e_6406640,867401,True,722,86058,True,True,722,,True,True,True,True,True,True
LI-Small,amlc_01287,e_6406852,867613,True,284,35617,True,True,284,,True,True,True,True,True,True
LI-Small,amlc_01288,e_6407163,867924,True,8,1514,True,True,8,,True,True,True,True,True,True
LI-Small,amlc_01289,e_6407255,868016,True,116,15106,True,True,116,,True,True,True,True,True,True
LI-Small,amlc_01290,e_6407682,868443,True,10,2057,True,True,10,,True,True,True,True,True,True
LI-Small,amlc_01291,e_6407740,868501,True,463,55257,True,True,463,,True,True,True,True,True,True
LI-Small,amlc_01292,e_6410793,871554,True,5,1064,True,True,5,,True,True,True,True,True,True
LI-Small,amlc_01293,e_6410945,871706,False,2121,254582,True,False,2121,e_6920423,True,True,True,True,True,True
LI-Small,amlc_01294,e_6411062,871823,True,250,31097,True,True,250,,True,True,True,True,True,True
LI-Small,amlc_01295,e_6411619,872380,True,139,17429,True,True,139,,True,True,True,True,True,True
LI-Small,amlc_01296,e_6412137,872898,True,166,20323,True,True,166,,True,True,True,True,True,True
LI-Small,amlc_01297,e_6412140,872901,True,57,8709,True,True,57,,True,True,True,True,True,True
LI-Small,amlc_01298,e_6412142,872903,True,704,84422,True,True,704,,True,True,True,True,True,True
LI-Small,amlc_01299,e_6412145,872906,True,182,22225,True,True,182,,True,True,True,True,True,True
LI-Small,amlc_01300,e_6412147,872908,True,892,103660,True,True,892,,True,True,True,True,True,True
LI-Small,amlc_01301,e_6412148,872909,True,160,19571,True,True,160,,True,True,True,True,True,True
LI-Small,amlc_01302,e_6412150,872911,True,574,70564,True,True,574,,True,True,True,True,True,True
LI-Small,amlc_01303,e_6412152,872913,True,521,63285,True,True,521,,True,True,True,True,True,True
LI-Small,amlc_01304,e_6412514,873275,True,361,41035,True,True,361,,True,True,True,True,True,True
LI-Small,amlc_01305,e_6412997,873758,True,54,6404,True,True,54,,True,True,True,True,True,True
LI-Small,amlc_01306,e_6413383,874144,True,154,18719,True,True,154,,True,True,True,True,True,True
LI-Small,amlc_01307,e_6413492,874253,True,44,5505,True,True,44,,True,True,True,True,True,True
LI-Small,amlc_01308,e_6413551,874312,True,6,1266,True,True,6,,True,True,True,True,True,True
LI-Small,amlc_01309,e_6414269,875030,False,2662,304978,True,False,2662,e_6916230,True,True,True,True,True,True
LI-Small,amlc_01310,e_6414937,875698,True,266,32540,True,True,266,,True,True,True,True,True,True
LI-Small,amlc_01311,e_6415066,875827,True,9,1688,True,True,9,,True,True,True,True,True,True
LI-Small,amlc_01312,e_6415673,876434,True,192,22524,True,True,192,,True,True,True,True,True,True
LI-Small,amlc_01313,e_6415886,876647,True,407,45829,True,True,407,,True,True,True,True,True,True
LI-Small,amlc_01314,e_6416296,877057,True,1303,148483,True,True,1303,,True,True,True,True,True,True
LI-Small,amlc_01315,e_6417345,878106,True,610,70865,True,True,610,,True,True,True,True,True,True
LI-Small,amlc_01316,e_6417883,878644,True,35,4720,True,True,35,,True,True,True,True,True,True
LI-Small,amlc_01317,e_6418198,878959,True,39,6043,True,True,39,,True,True,True,True,True,True
LI-Small,amlc_01318,e_6419736,880497,True,422,53575,True,True,422,,True,True,True,True,True,True
LI-Small,amlc_01319,e_6421987,882748,True,1206,138088,True,True,1206,,True,True,True,True,True,True
LI-Small,amlc_01320,e_6422276,883037,True,797,91367,True,True,797,,True,True,True,True,True,True
LI-Small,amlc_01321,e_6422382,883143,True,270,31637,True,True,270,,True,True,True,True,True,True
LI-Small,amlc_01322,e_6422442,883203,True,1068,121640,True,True,1068,,True,True,True,True,True,True
LI-Small,amlc_01323,e_6423020,883781,True,126,15425,True,True,126,,True,True,True,True,True,True
LI-Small,amlc_01324,e_6423112,883873,True,662,79664,True,True,662,,True,True,True,True,True,True
LI-Small,amlc_01325,e_6423501,884262,False,1830,221062,True,False,1830,e_6913438,True,True,True,True,True,True
LI-Small,amlc_01326,e_6423510,884271,False,2504,298388,True,False,2504,e_6919227,True,True,True,True,True,True
LI-Small,amlc_01327,e_6423643,884404,True,23,3395,True,True,23,,True,True,True,True,True,True
LI-Small,amlc_01328,e_6423980,884741,True,207,24546,True,True,207,,True,True,True,True,True,True
LI-Small,amlc_01329,e_6424206,884967,True,35,5940,True,True,35,,True,True,True,True,True,True
LI-Small,amlc_01330,e_6424722,885483,True,7,1368,True,True,7,,True,True,True,True,True,True
LI-Small,amlc_01331,e_6425342,886103,False,2437,291663,True,False,2437,e_6920228,True,True,True,True,True,True
LI-Small,amlc_01332,e_6426311,887072,True,332,42836,True,True,332,,True,True,True,True,True,True
LI-Small,amlc_01333,e_6426333,887094,True,883,106741,True,True,883,,True,True,True,True,True,True
LI-Small,amlc_01334,e_6426383,887144,True,299,36875,True,True,299,,True,True,True,True,True,True
LI-Small,amlc_01335,e_6426527,887288,True,145,17603,True,True,145,,True,True,True,True,True,True
LI-Small,amlc_01336,e_6427870,888631,True,22,3269,True,True,22,,True,True,True,True,True,True
LI-Small,amlc_01337,e_6428377,889138,True,111,13493,True,True,111,,True,True,True,True,True,True
LI-Small,amlc_01338,e_6429077,889838,True,334,39977,True,True,334,,True,True,True,True,True,True
LI-Small,amlc_01339,e_6431182,891943,True,283,33063,True,True,283,,True,True,True,True,True,True
LI-Small,amlc_01340,e_6431456,892217,True,6,1232,True,True,6,,True,True,True,True,True,True
LI-Small,amlc_01341,e_6431559,892320,True,10,1856,True,True,10,,True,True,True,True,True,True
LI-Small,amlc_01342,e_6432327,893088,True,4,928,True,True,4,,True,True,True,True,True,True
LI-Small,amlc_01343,e_6433517,894278,True,628,72037,True,True,628,,True,True,True,True,True,True
LI-Small,amlc_01344,e_6434050,894811,True,6,1267,True,True,6,,True,True,True,True,True,True
LI-Small,amlc_01345,e_6436889,897650,True,100,14996,True,True,100,,True,True,True,True,True,True
LI-Small,amlc_01346,e_6437001,897762,True,210,27066,True,True,210,,True,True,True,True,True,True
LI-Small,amlc_01347,e_6437115,897876,False,2157,274316,True,False,2157,e_6923161,True,True,True,True,True,True
LI-Small,amlc_01348,e_6437735,898496,False,2475,303935,True,False,2475,e_6923231,True,True,True,True,True,True
LI-Small,amlc_01349,e_6438099,898860,True,146,21674,True,True,146,,True,True,True,True,True,True
LI-Small,amlc_01350,e_6438228,898989,True,137,18211,True,True,137,,True,True,True,True,True,True
LI-Small,amlc_01351,e_6438325,899086,True,155,20420,True,True,155,,True,True,True,True,True,True
LI-Small,amlc_01352,e_6441641,902402,True,7,1500,True,True,7,,True,True,True,True,True,True
LI-Small,amlc_01353,e_6441694,902455,True,367,43976,True,True,367,,True,True,True,True,True,True
LI-Small,amlc_01354,e_6442002,902763,True,89,11471,True,True,89,,True,True,True,True,True,True
LI-Small,amlc_01355,e_6442373,903134,True,10,1896,True,True,10,,True,True,True,True,True,True
LI-Small,amlc_01356,e_6443123,903884,False,2314,277892,True,False,2314,e_6914444,True,True,True,True,True,True
LI-Small,amlc_01357,e_6443351,904112,False,2356,281747,True,False,2356,e_6908389,True,True,True,True,True,True
LI-Small,amlc_01358,e_6445556,906317,True,6,1161,True,True,6,,True,True,True,True,True,True
LI-Small,amlc_01359,e_6446662,907423,True,130,16197,True,True,130,,True,True,True,True,True,True
LI-Small,amlc_01360,e_6447863,908624,True,410,47213,True,True,410,,True,True,True,True,True,True
LI-Small,amlc_01361,e_6448312,909073,True,929,111435,True,True,929,,True,True,True,True,True,True
LI-Small,amlc_01362,e_6448721,909482,True,139,16646,True,True,139,,True,True,True,True,True,True
LI-Small,amlc_01363,e_6449625,910386,True,8,1465,True,True,8,,True,True,True,True,True,True
LI-Small,amlc_01364,e_6450156,910917,True,339,40640,True,True,339,,True,True,True,True,True,True
LI-Small,amlc_01365,e_6453101,913862,True,744,87109,True,True,744,,True,True,True,True,True,True
LI-Small,amlc_01366,e_6453532,914293,True,23,3141,True,True,23,,True,True,True,True,True,True
LI-Small,amlc_01367,e_6455481,916242,True,1143,146386,True,True,1143,,True,True,True,True,True,True
LI-Small,amlc_01368,e_6455674,916435,True,8,1770,True,True,8,,True,True,True,True,True,True
LI-Small,amlc_01369,e_6455913,916674,True,577,70215,True,True,577,,True,True,True,True,True,True
LI-Small,amlc_01370,e_6456243,917004,True,149,19535,True,True,149,,True,True,True,True,True,True
LI-Small,amlc_01371,e_6456522,917283,True,216,26938,True,True,216,,True,True,True,True,True,True
LI-Small,amlc_01372,e_6457345,918106,True,781,90824,True,True,781,,True,True,True,True,True,True
LI-Small,amlc_01373,e_6457900,918661,False,2033,247221,True,False,2033,e_6923776,True,True,True,True,True,True
LI-Small,amlc_01374,e_6458575,919336,False,2131,243057,True,False,2131,e_6918638,True,True,True,True,True,True
LI-Small,amlc_01375,e_6458747,919508,True,2,712,True,True,2,,True,True,True,True,True,True
LI-Small,amlc_01376,e_6460413,921174,True,416,47797,True,True,416,,True,True,True,True,True,True
LI-Small,amlc_01377,e_6461584,922345,True,73,10469,True,True,73,,True,True,True,True,True,True
LI-Small,amlc_01378,e_6462018,922779,True,593,72294,True,True,593,,True,True,True,True,True,True
LI-Small,amlc_01379,e_6462111,922872,True,135,17004,True,True,135,,True,True,True,True,True,True
LI-Small,amlc_01380,e_6462299,923060,True,263,31860,True,True,263,,True,True,True,True,True,True
LI-Small,amlc_01381,e_6462540,923301,True,733,92175,True,True,733,,True,True,True,True,True,True
LI-Small,amlc_01382,e_6463726,924487,True,115,18488,True,True,115,,True,True,True,True,True,True
LI-Small,amlc_01383,e_6464156,924917,True,652,78572,True,True,652,,True,True,True,True,True,True
LI-Small,amlc_01384,e_6465216,925977,True,377,46142,True,True,377,,True,True,True,True,True,True
LI-Small,amlc_01385,e_6465288,926049,False,2164,260460,True,False,2164,e_6915035,True,True,True,True,True,True
LI-Small,amlc_01386,e_6466623,927384,False,2085,239943,True,False,2085,e_6915270,True,True,True,True,True,True
LI-Small,amlc_01387,e_6467336,928097,True,733,85426,True,True,733,,True,True,True,True,True,True
LI-Small,amlc_01388,e_6468077,928838,True,748,86080,True,True,748,,True,True,True,True,True,True
LI-Small,amlc_01389,e_6469811,930572,False,1966,225577,True,False,1966,e_6921695,True,True,True,True,True,True
LI-Small,amlc_01390,e_6470529,931290,True,9,1659,True,True,9,,True,True,True,True,True,True
LI-Small,amlc_01391,e_6470933,931694,True,35,4679,True,True,35,,True,True,True,True,True,True
LI-Small,amlc_01392,e_6470934,931695,True,60,7599,True,True,60,,True,True,True,True,True,True
LI-Small,amlc_01393,e_6470946,931707,True,225,26838,True,True,225,,True,True,True,True,True,True
LI-Small,amlc_01394,e_6471057,931818,True,36,4388,True,True,36,,True,True,True,True,True,True
LI-Small,amlc_01395,e_6472129,932890,True,86,11145,True,True,86,,True,True,True,True,True,True
LI-Small,amlc_01396,e_6472729,933490,False,1914,225688,True,False,1914,e_6922621,True,True,True,True,True,True
LI-Small,amlc_01397,e_6472809,933570,True,60,7724,True,True,60,,True,True,True,True,True,True
LI-Small,amlc_01398,e_6473018,933779,False,2241,261136,True,False,2241,e_6922727,True,True,True,True,True,True
LI-Small,amlc_01399,e_6475786,936547,True,117,15268,True,True,117,,True,True,True,True,True,True
LI-Small,amlc_01400,e_6475841,936602,False,2213,256407,True,False,2213,e_6907062,True,True,True,True,True,True
LI-Small,amlc_01401,e_6476413,937174,True,5,1046,True,True,5,,True,True,True,True,True,True
LI-Small,amlc_01402,e_6477923,938684,True,544,66574,True,True,544,,True,True,True,True,True,True
LI-Small,amlc_01403,e_6478435,939196,True,95,12362,True,True,95,,True,True,True,True,True,True
LI-Small,amlc_01404,e_6478641,939402,True,1450,173540,True,True,1450,,True,True,True,True,True,True
LI-Small,amlc_01405,e_6478642,939403,True,237,30477,True,True,237,,True,True,True,True,True,True
LI-Small,amlc_01406,e_6479142,939903,False,2340,280199,True,False,2340,e_6912990,True,True,True,True,True,True
LI-Small,amlc_01407,e_6481136,941897,True,836,100507,True,True,836,,True,True,True,True,True,True
LI-Small,amlc_01408,e_6482574,943335,False,1957,234885,True,False,1957,e_6920327,True,True,True,True,True,True
LI-Small,amlc_01409,e_6483186,943947,True,326,38989,True,True,326,,True,True,True,True,True,True
LI-Small,amlc_01410,e_6485352,946113,True,124,15024,True,True,124,,True,True,True,True,True,True
LI-Small,amlc_01411,e_6487202,947963,True,89,11163,True,True,89,,True,True,True,True,True,True
LI-Small,amlc_01412,e_6488188,948949,True,166,20494,True,True,166,,True,True,True,True,True,True
LI-Small,amlc_01413,e_6488189,948950,True,8,1574,True,True,8,,True,True,True,True,True,True
LI-Small,amlc_01414,e_6490597,951358,True,216,26358,True,True,216,,True,True,True,True,True,True
LI-Small,amlc_01415,e_6490733,951494,True,2,724,True,True,2,,True,True,True,True,True,True
LI-Small,amlc_01416,e_6491543,952304,True,269,33554,True,True,269,,True,True,True,True,True,True
LI-Small,amlc_01417,e_6491816,952577,True,137,17836,True,True,137,,True,True,True,True,True,True
LI-Small,amlc_01418,e_6492386,953147,True,54,8403,True,True,54,,True,True,True,True,True,True
LI-Small,amlc_01419,e_6493459,954220,True,362,44645,True,True,362,,True,True,True,True,True,True
LI-Small,amlc_01420,e_6493894,954655,True,476,55074,True,True,476,,True,True,True,True,True,True
LI-Small,amlc_01421,e_6494355,955116,False,1987,243601,True,False,1987,e_6918302,True,True,True,True,True,True
LI-Small,amlc_01422,e_6494538,955299,True,25,4341,True,True,25,,True,True,True,True,True,True
LI-Small,amlc_01423,e_6496440,957201,True,438,53485,True,True,438,,True,True,True,True,True,True
LI-Small,amlc_01424,e_6496701,957462,True,38,6269,True,True,38,,True,True,True,True,True,True
LI-Small,amlc_01425,e_6496708,957469,True,42,6905,True,True,42,,True,True,True,True,True,True
LI-Small,amlc_01426,e_6497754,958515,True,558,67827,True,True,558,,True,True,True,True,True,True
LI-Small,amlc_01427,e_6498368,959129,False,2418,286773,True,False,2418,e_6913555,True,True,True,True,True,True
LI-Small,amlc_01428,e_6498426,959187,True,534,64871,True,True,534,,True,True,True,True,True,True
LI-Small,amlc_01429,e_6499414,960175,True,401,48332,True,True,401,,True,True,True,True,True,True
LI-Small,amlc_01430,e_6500629,961390,True,417,49560,True,True,417,,True,True,True,True,True,True
LI-Small,amlc_01431,e_6501309,962070,True,377,46113,True,True,377,,True,True,True,True,True,True
LI-Small,amlc_01432,e_6502134,962895,False,2316,275215,True,False,2316,e_6913943,True,True,True,True,True,True
LI-Small,amlc_01433,e_6502609,963370,True,143,17296,True,True,143,,True,True,True,True,True,True
LI-Small,amlc_01434,e_6502972,963733,True,922,104578,True,True,922,,True,True,True,True,True,True
LI-Small,amlc_01435,e_6504807,965568,True,904,103963,True,True,904,,True,True,True,True,True,True
LI-Small,amlc_01436,e_6504957,965718,False,2169,247764,True,False,2169,e_6921722,True,True,True,True,True,True
LI-Small,amlc_01437,e_6507195,967956,True,107,12792,True,True,107,,True,True,True,True,True,True
LI-Small,amlc_01438,e_6509224,969985,True,865,100713,True,True,865,,True,True,True,True,True,True
LI-Small,amlc_01439,e_6509990,970751,True,31,4441,True,True,31,,True,True,True,True,True,True
LI-Small,amlc_01440,e_6511128,971889,True,684,83775,True,True,684,,True,True,True,True,True,True
LI-Small,amlc_01441,e_6513405,974166,True,154,17575,True,True,154,,True,True,True,True,True,True
LI-Small,amlc_01442,e_6513650,974411,True,1106,127345,True,True,1106,,True,True,True,True,True,True
LI-Small,amlc_01443,e_6514155,974916,True,678,80117,True,True,678,,True,True,True,True,True,True
LI-Small,amlc_01444,e_6514407,975168,True,26,3584,True,True,26,,True,True,True,True,True,True
LI-Small,amlc_01445,e_6514857,975618,False,2165,259011,True,False,2165,e_6913347,True,True,True,True,True,True
LI-Small,amlc_01446,e_6515962,976723,False,2515,300886,True,False,2515,e_6913873,True,True,True,True,True,True
LI-Small,amlc_01447,e_6516070,976831,False,2177,260729,True,False,2177,e_6908986,True,True,True,True,True,True
LI-Small,amlc_01448,e_6516705,977466,True,68,8463,True,True,68,,True,True,True,True,True,True
LI-Small,amlc_01449,e_6517187,977948,True,123,15588,True,True,123,,True,True,True,True,True,True
LI-Small,amlc_01450,e_6517762,978523,True,6,1150,True,True,6,,True,True,True,True,True,True
LI-Small,amlc_01451,e_6517986,978747,True,40,5270,True,True,40,,True,True,True,True,True,True
LI-Small,amlc_01452,e_6517988,978749,False,2086,250252,True,False,2086,e_6919645,True,True,True,True,True,True
LI-Small,amlc_01453,e_6518857,979618,True,366,44634,True,True,366,,True,True,True,True,True,True
LI-Small,amlc_01454,e_6518907,979668,True,956,113596,True,True,956,,True,True,True,True,True,True
LI-Small,amlc_01455,e_6519332,980093,True,168,20814,True,True,168,,True,True,True,True,True,True
LI-Small,amlc_01456,e_6521183,981944,True,545,63011,True,True,545,,True,True,True,True,True,True
LI-Small,amlc_01457,e_6521361,982122,True,358,42603,True,True,358,,True,True,True,True,True,True
LI-Small,amlc_01458,e_6521670,982431,False,2379,271530,True,False,2379,e_6909775,True,True,True,True,True,True
LI-Small,amlc_01459,e_6522914,983675,True,1390,158074,True,True,1390,,True,True,True,True,True,True
LI-Small,amlc_01460,e_6524258,985019,True,869,100390,True,True,869,,True,True,True,True,True,True
LI-Small,amlc_01461,e_6525739,986500,True,7,1464,True,True,7,,True,True,True,True,True,True
LI-Small,amlc_01462,e_6525894,986655,True,400,46689,True,True,400,,True,True,True,True,True,True
LI-Small,amlc_01463,e_6527830,988591,True,853,98937,True,True,853,,True,True,True,True,True,True
LI-Small,amlc_01464,e_6528470,989231,True,140,18191,True,True,140,,True,True,True,True,True,True
LI-Small,amlc_01465,e_6528668,989429,True,1213,150739,True,True,1213,,True,True,True,True,True,True
LI-Small,amlc_01466,e_6528704,989465,True,209,27567,True,True,209,,True,True,True,True,True,True
LI-Small,amlc_01467,e_6528731,989492,False,2195,273328,True,False,2195,e_6922950,True,True,True,True,True,True
LI-Small,amlc_01468,e_6528955,989716,True,188,27192,True,True,188,,True,True,True,True,True,True
LI-Small,amlc_01469,e_6529013,989774,True,941,119421,True,True,941,,True,True,True,True,True,True
LI-Small,amlc_01470,e_6529054,989815,True,70,9849,True,True,70,,True,True,True,True,True,True
LI-Small,amlc_01471,e_6529099,989860,True,1166,147132,True,True,1166,,True,True,True,True,True,True
LI-Small,amlc_01472,e_6529537,990298,True,12,2285,True,True,12,,True,True,True,True,True,True
LI-Small,amlc_01473,e_6529856,990617,True,28,3807,True,True,28,,True,True,True,True,True,True
LI-Small,amlc_01474,e_6531500,992261,True,376,46982,True,True,376,,True,True,True,True,True,True
LI-Small,amlc_01475,e_6531935,992696,True,177,20367,True,True,177,,True,True,True,True,True,True
LI-Small,amlc_01476,e_6533421,994182,True,37,4995,True,True,37,,True,True,True,True,True,True
LI-Small,amlc_01477,e_6533778,994539,True,26,3458,True,True,26,,True,True,True,True,True,True
LI-Small,amlc_01478,e_6534185,994946,True,480,58241,True,True,480,,True,True,True,True,True,True
LI-Small,amlc_01479,e_6534218,994979,False,2073,248380,True,False,2073,e_6919921,True,True,True,True,True,True
LI-Small,amlc_01480,e_6534238,994999,True,68,8333,True,True,68,,True,True,True,True,True,True
LI-Small,amlc_01481,e_6534347,995108,True,266,32165,True,True,266,,True,True,True,True,True,True
LI-Small,amlc_01482,e_6534668,995429,False,1830,219495,True,False,1830,e_6913808,True,True,True,True,True,True
LI-Small,amlc_01483,e_6534760,995521,True,144,19472,True,True,144,,True,True,True,True,True,True
LI-Small,amlc_01484,e_6535021,995782,True,731,88254,True,True,731,,True,True,True,True,True,True
LI-Small,amlc_01485,e_6535059,995820,True,511,59706,True,True,511,,True,True,True,True,True,True
LI-Small,amlc_01486,e_6535211,995972,True,69,8386,True,True,69,,True,True,True,True,True,True
LI-Small,amlc_01487,e_6536166,996927,True,128,16686,True,True,128,,True,True,True,True,True,True
LI-Small,amlc_01488,e_6537634,998395,True,363,45240,True,True,363,,True,True,True,True,True,True
LI-Small,amlc_01489,e_6539932,1000693,False,2470,281381,True,False,2470,e_6916230,True,True,True,True,True,True
LI-Small,amlc_01490,e_6540171,1000932,True,660,76631,True,True,660,,True,True,True,True,True,True
LI-Small,amlc_01491,e_6541067,1001828,False,2081,238849,True,False,2081,e_6921147,True,True,True,True,True,True
LI-Small,amlc_01492,e_6541661,1002422,True,452,54214,True,True,452,,True,True,True,True,True,True
LI-Small,amlc_01493,e_6541744,1002505,False,1852,214423,True,False,1852,e_6921033,True,True,True,True,True,True
LI-Small,amlc_01494,e_6542737,1003498,True,334,38727,True,True,334,,True,True,True,True,True,True
LI-Small,amlc_01495,e_6544594,1005355,True,591,69363,True,True,591,,True,True,True,True,True,True
LI-Small,amlc_01496,e_6545666,1006427,True,110,17636,True,True,110,,True,True,True,True,True,True
LI-Small,amlc_01497,e_6548065,1008826,True,216,27883,True,True,216,,True,True,True,True,True,True
LI-Small,amlc_01498,e_6548664,1009425,True,359,41700,True,True,359,,True,True,True,True,True,True
LI-Small,amlc_01499,e_6548679,1009440,False,2240,259988,True,False,2240,e_6923533,True,True,True,True,True,True
LI-Small,amlc_01500,e_6549054,1009815,True,1368,166635,True,True,1368,,True,True,True,True,True,True
LI-Small,amlc_01501,e_6549710,1010471,True,322,37853,True,True,322,,True,True,True,True,True,True
LI-Small,amlc_01502,e_6550206,1010967,True,233,27358,True,True,233,,True,True,True,True,True,True
LI-Small,amlc_01503,e_6550382,1011143,False,2047,234179,True,False,2047,e_6924036,True,True,True,True,True,True
LI-Small,amlc_01504,e_6550479,1011240,False,2367,268723,True,False,2367,e_6924011,True,True,True,True,True,True
LI-Small,amlc_01505,e_6550830,1011591,True,1231,143612,True,True,1231,,True,True,True,True,True,True
LI-Small,amlc_01506,e_6551159,1011920,True,137,17424,True,True,137,,True,True,True,True,True,True
LI-Small,amlc_01507,e_6552017,1012778,False,2817,334366,True,False,2817,e_6913597,True,True,True,True,True,True
LI-Small,amlc_01508,e_6552256,1013017,False,2232,265139,True,False,2232,e_6920310,True,True,True,True,True,True
LI-Small,amlc_01509,e_6552325,1013086,True,197,23734,True,True,197,,True,True,True,True,True,True
LI-Small,amlc_01510,e_6552571,1013332,True,635,73939,True,True,635,,True,True,True,True,True,True
LI-Small,amlc_01511,e_6552711,1013472,True,459,55061,True,True,459,,True,True,True,True,True,True
LI-Small,amlc_01512,e_6552744,1013505,True,44,6739,True,True,44,,True,True,True,True,True,True
LI-Small,amlc_01513,e_6552770,1013531,False,1906,228533,True,False,1906,e_6908227,True,True,True,True,True,True
LI-Small,amlc_01514,e_6553511,1014272,True,496,60497,True,True,496,,True,True,True,True,True,True
LI-Small,amlc_01515,e_6553806,1014567,False,2352,281238,True,False,2352,e_6339869,True,True,True,True,True,True
LI-Small,amlc_01516,e_6555855,1016616,True,143,17649,True,True,143,,True,True,True,True,True,True
LI-Small,amlc_01517,e_6556216,1016977,True,1169,140125,True,True,1169,,True,True,True,True,True,True
LI-Small,amlc_01518,e_6556345,1017106,True,35,4958,True,True,35,,True,True,True,True,True,True
LI-Small,amlc_01519,e_6557073,1017834,True,5,1059,True,True,5,,True,True,True,True,True,True
LI-Small,amlc_01520,e_6557081,1017842,True,167,20462,True,True,167,,True,True,True,True,True,True
LI-Small,amlc_01521,e_6558145,1018906,True,925,106856,True,True,925,,True,True,True,True,True,True
LI-Small,amlc_01522,e_6558449,1019210,False,1884,217928,True,False,1884,e_6249141,True,True,True,True,True,True
LI-Small,amlc_01523,e_6558751,1019512,True,435,51954,True,True,435,,True,True,True,True,True,True
LI-Small,amlc_01524,e_6558953,1019714,True,353,40884,True,True,353,,True,True,True,True,True,True
LI-Small,amlc_01525,e_6560125,1020886,True,180,21557,True,True,180,,True,True,True,True,True,True
LI-Small,amlc_01526,e_6560485,1021246,True,765,87956,True,True,765,,True,True,True,True,True,True
LI-Small,amlc_01527,e_6561200,1021961,True,817,93696,True,True,817,,True,True,True,True,True,True
LI-Small,amlc_01528,e_6561213,1021974,True,1075,128124,True,True,1075,,True,True,True,True,True,True
LI-Small,amlc_01529,e_6563240,1024001,False,2648,307929,True,False,2648,e_6922512,True,True,True,True,True,True
LI-Small,amlc_01530,e_6564743,1025504,True,10,1877,True,True,10,,True,True,True,True,True,True
LI-Small,amlc_01531,e_6567233,1027994,True,41,5484,True,True,41,,True,True,True,True,True,True
LI-Small,amlc_01532,e_6567899,1028660,True,73,9129,True,True,73,,True,True,True,True,True,True
LI-Small,amlc_01533,e_6567951,1028712,True,93,11136,True,True,93,,True,True,True,True,True,True
LI-Small,amlc_01534,e_6568258,1029019,True,1163,138888,True,True,1163,,True,True,True,True,True,True
LI-Small,amlc_01535,e_6568390,1029151,True,22,3179,True,True,22,,True,True,True,True,True,True
LI-Small,amlc_01536,e_6568544,1029305,True,1614,190820,True,True,1614,,True,True,True,True,True,True
LI-Small,amlc_01537,e_6569494,1030255,True,1061,128532,True,True,1061,,True,True,True,True,True,True
LI-Small,amlc_01538,e_6569731,1030492,False,2024,242037,True,False,2024,e_6920449,True,True,True,True,True,True
LI-Small,amlc_01539,e_6570648,1031409,True,8,1514,True,True,8,,True,True,True,True,True,True
LI-Small,amlc_01540,e_6572991,1033752,True,907,108500,True,True,907,,True,True,True,True,True,True
LI-Small,amlc_01541,e_6573865,1034626,True,6,1171,True,True,6,,True,True,True,True,True,True
LI-Small,amlc_01542,e_6574471,1035232,True,251,30027,True,True,251,,True,True,True,True,True,True
LI-Small,amlc_01543,e_6575678,1036439,True,217,26212,True,True,217,,True,True,True,True,True,True
LI-Small,amlc_01544,e_6576017,1036778,True,33,4418,True,True,33,,True,True,True,True,True,True
LI-Small,amlc_01545,e_6577087,1037848,True,55,6995,True,True,55,,True,True,True,True,True,True
LI-Small,amlc_01546,e_6577397,1038158,True,331,40049,True,True,331,,True,True,True,True,True,True
LI-Small,amlc_01547,e_6578515,1039276,True,154,21108,True,True,154,,True,True,True,True,True,True
LI-Small,amlc_01548,e_6578595,1039356,False,2103,240723,True,False,2103,e_6921601,True,True,True,True,True,True
LI-Small,amlc_01549,e_6578753,1039514,True,1129,130121,True,True,1129,,True,True,True,True,True,True
LI-Small,amlc_01550,e_6579832,1040593,False,2304,262688,True,False,2304,e_6922115,True,True,True,True,True,True
LI-Small,amlc_01551,e_6581892,1042653,True,730,85214,True,True,730,,True,True,True,True,True,True
LI-Small,amlc_01552,e_6582146,1042907,True,764,89755,True,True,764,,True,True,True,True,True,True
LI-Small,amlc_01553,e_6582193,1042954,True,267,31870,True,True,267,,True,True,True,True,True,True
LI-Small,amlc_01554,e_6584760,1045521,True,128,16065,True,True,128,,True,True,True,True,True,True
LI-Small,amlc_01555,e_6585462,1046223,True,46,6211,True,True,46,,True,True,True,True,True,True
LI-Small,amlc_01556,e_6586062,1046823,False,2286,259146,True,False,2286,e_6923995,True,True,True,True,True,True
LI-Small,amlc_01557,e_6586963,1047724,True,272,32835,True,True,272,,True,True,True,True,True,True
LI-Small,amlc_01558,e_6587584,1048345,True,167,20417,True,True,167,,True,True,True,True,True,True
LI-Small,amlc_01559,e_6588330,1049091,True,1297,153537,True,True,1297,,True,True,True,True,True,True
LI-Small,amlc_01560,e_6588429,1049190,False,2788,331304,True,False,2788,e_6913310,True,True,True,True,True,True
LI-Small,amlc_01561,e_6589162,1049923,True,199,24868,True,True,199,,True,True,True,True,True,True
LI-Small,amlc_01562,e_6589689,1050450,True,965,115989,True,True,965,,True,True,True,True,True,True
LI-Small,amlc_01563,e_6589833,1050594,True,52,6729,True,True,52,,True,True,True,True,True,True
LI-Small,amlc_01564,e_6590637,1051398,True,90,11330,True,True,90,,True,True,True,True,True,True
LI-Small,amlc_01565,e_6590649,1051410,True,821,98200,True,True,821,,True,True,True,True,True,True
LI-Small,amlc_01566,e_6591168,1051929,True,642,76929,True,True,642,,True,True,True,True,True,True
LI-Small,amlc_01567,e_6591610,1052371,True,114,14879,True,True,114,,True,True,True,True,True,True
LI-Small,amlc_01568,e_6592007,1052768,True,4,1054,True,True,4,,True,True,True,True,True,True
LI-Small,amlc_01569,e_6592245,1053006,True,18,3024,True,True,18,,True,True,True,True,True,True
LI-Small,amlc_01570,e_6592337,1053098,True,426,51150,True,True,426,,True,True,True,True,True,True
LI-Small,amlc_01571,e_6593050,1053811,True,6,1158,True,True,6,,True,True,True,True,True,True
LI-Small,amlc_01572,e_6593069,1053830,True,1510,170836,True,True,1510,,True,True,True,True,True,True
LI-Small,amlc_01573,e_6593404,1054165,True,13,2299,True,True,13,,True,True,True,True,True,True
LI-Small,amlc_01574,e_6593621,1054382,True,425,48182,True,True,425,,True,True,True,True,True,True
LI-Small,amlc_01575,e_6593731,1054492,True,948,107158,True,True,948,,True,True,True,True,True,True
LI-Small,amlc_01576,e_6594852,1055613,True,359,41561,True,True,359,,True,True,True,True,True,True
LI-Small,amlc_01577,e_6595059,1055820,True,14,2279,True,True,14,,True,True,True,True,True,True
LI-Small,amlc_01578,e_6595126,1055887,True,794,91242,True,True,794,,True,True,True,True,True,True
LI-Small,amlc_01579,e_6596448,1057209,False,2308,265139,True,False,2308,e_6915194,True,True,True,True,True,True
LI-Small,amlc_01580,e_6596624,1057385,False,2809,319166,True,False,2809,e_6921383,True,True,True,True,True,True
LI-Small,amlc_01581,e_6597285,1058046,False,2418,277430,True,False,2418,e_6249150,True,True,True,True,True,True
LI-Small,amlc_01582,e_6597656,1058417,True,85,10344,True,True,85,,True,True,True,True,True,True
LI-Small,amlc_01583,e_6598721,1059482,True,539,62916,True,True,539,,True,True,True,True,True,True
LI-Small,amlc_01584,e_6598825,1059586,True,209,25110,True,True,209,,True,True,True,True,True,True
LI-Small,amlc_01585,e_6599467,1060228,True,5,1158,True,True,5,,True,True,True,True,True,True
LI-Small,amlc_01586,e_6599493,1060254,True,2267,265013,True,True,2267,,True,True,True,True,True,True
LI-Small,amlc_01587,e_6599739,1060500,False,1998,235403,True,False,1998,e_6911349,True,True,True,True,True,True
LI-Small,amlc_01588,e_6601586,1062347,True,577,71270,True,True,577,,True,True,True,True,True,True
LI-Small,amlc_01589,e_6601870,1062631,True,73,9395,True,True,73,,True,True,True,True,True,True
LI-Small,amlc_01590,e_6602428,1063189,False,2119,255991,True,False,2119,e_6923417,True,True,True,True,True,True
LI-Small,amlc_01591,e_6604597,1065358,True,92,11162,True,True,92,,True,True,True,True,True,True
LI-Small,amlc_01592,e_6604665,1065426,True,731,87600,True,True,731,,True,True,True,True,True,True
LI-Small,amlc_01593,e_6605800,1066561,True,810,98098,True,True,810,,True,True,True,True,True,True
LI-Small,amlc_01594,e_6606636,1067397,True,396,49097,True,True,396,,True,True,True,True,True,True
LI-Small,amlc_01595,e_6606958,1067719,True,197,24869,True,True,197,,True,True,True,True,True,True
LI-Small,amlc_01596,e_6607282,1068043,False,2458,294228,True,False,2458,e_6920591,True,True,True,True,True,True
LI-Small,amlc_01597,e_6607379,1068140,False,2407,287857,True,False,2407,e_6918848,True,True,True,True,True,True
LI-Small,amlc_01598,e_6607428,1068189,True,556,66558,True,True,556,,True,True,True,True,True,True
LI-Small,amlc_01599,e_6607690,1068451,True,128,15516,True,True,128,,True,True,True,True,True,True
LI-Small,amlc_01600,e_6607715,1068476,True,447,54923,True,True,447,,True,True,True,True,True,True
LI-Small,amlc_01601,e_6608129,1068890,False,2306,276193,True,False,2306,e_6919280,True,True,True,True,True,True
LI-Small,amlc_01602,e_6608934,1069695,True,32,4170,True,True,32,,True,True,True,True,True,True
LI-Small,amlc_01603,e_6609244,1070005,True,69,8859,True,True,69,,True,True,True,True,True,True
LI-Small,amlc_01604,e_6609822,1070583,True,199,26519,True,True,199,,True,True,True,True,True,True
LI-Small,amlc_01605,e_6610892,1071653,True,8,1596,True,True,8,,True,True,True,True,True,True
LI-Small,amlc_01606,e_6610960,1071721,True,810,97912,True,True,810,,True,True,True,True,True,True
LI-Small,amlc_01607,e_6611250,1072011,True,328,38355,True,True,328,,True,True,True,True,True,True
LI-Small,amlc_01608,e_6612327,1073088,True,866,100194,True,True,866,,True,True,True,True,True,True
LI-Small,amlc_01609,e_6614570,1075331,True,124,14350,True,True,124,,True,True,True,True,True,True
LI-Small,amlc_01610,e_6614673,1075434,False,2459,280782,True,False,2459,e_6921074,True,True,True,True,True,True
LI-Small,amlc_01611,e_6615138,1075899,True,10,1759,True,True,10,,True,True,True,True,True,True
LI-Small,amlc_01612,e_6617198,1077959,True,64,7876,True,True,64,,True,True,True,True,True,True
LI-Small,amlc_01613,e_6617356,1078117,True,240,28440,True,True,240,,True,True,True,True,True,True
LI-Small,amlc_01614,e_6617456,1078217,True,12,2128,True,True,12,,True,True,True,True,True,True
LI-Small,amlc_01615,e_6617627,1078388,True,119,18654,True,True,119,,True,True,True,True,True,True
LI-Small,amlc_01616,e_6617784,1078545,True,567,67312,True,True,567,,True,True,True,True,True,True
LI-Small,amlc_01617,e_6618677,1079438,True,581,70335,True,True,581,,True,True,True,True,True,True
LI-Small,amlc_01618,e_6619344,1080105,True,596,73841,True,True,596,,True,True,True,True,True,True
LI-Small,amlc_01619,e_6621825,1082586,True,34,4607,True,True,34,,True,True,True,True,True,True
LI-Small,amlc_01620,e_6621873,1082634,True,5,1151,True,True,5,,True,True,True,True,True,True
LI-Small,amlc_01621,e_6622954,1083715,True,1629,194101,True,True,1629,,True,True,True,True,True,True
LI-Small,amlc_01622,e_6624070,1084831,True,1174,139953,True,True,1174,,True,True,True,True,True,True
LI-Small,amlc_01623,e_6624671,1085432,True,290,34976,True,True,290,,True,True,True,True,True,True
LI-Small,amlc_01624,e_6628007,1088768,True,91,11419,True,True,91,,True,True,True,True,True,True
LI-Small,amlc_01625,e_6628673,1089434,True,6,1175,True,True,6,,True,True,True,True,True,True
LI-Small,amlc_01626,e_6629425,1090186,True,52,7749,True,True,52,,True,True,True,True,True,True
LI-Small,amlc_01627,e_6629601,1090362,True,7,1373,True,True,7,,True,True,True,True,True,True
LI-Small,amlc_01628,e_6629718,1090479,True,213,26037,True,True,213,,True,True,True,True,True,True
LI-Small,amlc_01629,e_6630484,1091245,True,164,20112,True,True,164,,True,True,True,True,True,True
LI-Small,amlc_01630,e_6631423,1092184,True,9,1746,True,True,9,,True,True,True,True,True,True
LI-Small,amlc_01631,e_6632455,1093216,True,161,19190,True,True,161,,True,True,True,True,True,True
LI-Small,amlc_01632,e_6635935,1096696,False,2036,239824,True,False,2036,e_6922510,True,True,True,True,True,True
LI-Small,amlc_01633,e_6636338,1097099,True,11,2093,True,True,11,,True,True,True,True,True,True
LI-Small,amlc_01634,e_6636588,1097349,True,402,46636,True,True,402,,True,True,True,True,True,True
LI-Small,amlc_01635,e_6637041,1097802,True,133,17871,True,True,133,,True,True,True,True,True,True
LI-Small,amlc_01636,e_6638100,1098861,True,15,2512,True,True,15,,True,True,True,True,True,True
LI-Small,amlc_01637,e_6638423,1099184,True,12,2153,True,True,12,,True,True,True,True,True,True
LI-Small,amlc_01638,e_6639635,1100396,True,287,34247,True,True,287,,True,True,True,True,True,True
LI-Small,amlc_01639,e_6639815,1100576,False,2172,264415,True,False,2172,e_6923792,True,True,True,True,True,True
LI-Small,amlc_01640,e_6640235,1100996,True,267,32997,True,True,267,,True,True,True,True,True,True
LI-Small,amlc_01641,e_6641649,1102410,True,870,105435,True,True,870,,True,True,True,True,True,True
LI-Small,amlc_01642,e_6641687,1102448,True,945,113165,True,True,945,,True,True,True,True,True,True
LI-Small,amlc_01643,e_6641710,1102471,True,121,15613,True,True,121,,True,True,True,True,True,True
LI-Small,amlc_01644,e_6641906,1102667,True,2005,239681,True,True,2005,,True,True,True,True,True,True
LI-Small,amlc_01645,e_6642056,1102817,True,187,23543,True,True,187,,True,True,True,True,True,True
LI-Small,amlc_01646,e_6642091,1102852,True,447,54414,True,True,447,,True,True,True,True,True,True
LI-Small,amlc_01647,e_6642776,1103537,True,1155,139784,True,True,1155,,True,True,True,True,True,True
LI-Small,amlc_01648,e_6643234,1103995,True,1024,122306,True,True,1024,,True,True,True,True,True,True
LI-Small,amlc_01649,e_6645315,1106076,True,510,62310,True,True,510,,True,True,True,True,True,True
LI-Small,amlc_01650,e_6646160,1106921,True,635,77719,True,True,635,,True,True,True,True,True,True
LI-Small,amlc_01651,e_6646335,1107096,True,544,65400,True,True,544,,True,True,True,True,True,True
LI-Small,amlc_01652,e_6647720,1108481,True,466,56472,True,True,466,,True,True,True,True,True,True
LI-Small,amlc_01653,e_6648038,1108799,True,239,30366,True,True,239,,True,True,True,True,True,True
LI-Small,amlc_01654,e_6649108,1109869,True,365,45189,True,True,365,,True,True,True,True,True,True
LI-Small,amlc_01655,e_6649851,1110612,True,222,27984,True,True,222,,True,True,True,True,True,True
LI-Small,amlc_01656,e_6649857,1110618,True,612,73824,True,True,612,,True,True,True,True,True,True
LI-Small,amlc_01657,e_6650915,1111676,True,984,113665,True,True,984,,True,True,True,True,True,True
LI-Small,amlc_01658,e_6651272,1112033,True,548,65563,True,True,548,,True,True,True,True,True,True
LI-Small,amlc_01659,e_6651834,1112595,True,609,69684,True,True,609,,True,True,True,True,True,True
LI-Small,amlc_01660,e_6653863,1114624,True,256,31057,True,True,256,,True,True,True,True,True,True
LI-Small,amlc_01661,e_6654539,1115300,True,224,27262,True,True,224,,True,True,True,True,True,True
LI-Small,amlc_01662,e_6655226,1115987,True,109,13118,True,True,109,,True,True,True,True,True,True
LI-Small,amlc_01663,e_6655663,1116424,True,396,46158,True,True,396,,True,True,True,True,True,True
LI-Small,amlc_01664,e_6655704,1116465,True,31,4137,True,True,31,,True,True,True,True,True,True
LI-Small,amlc_01665,e_6656384,1117145,True,261,31291,True,True,261,,True,True,True,True,True,True
LI-Small,amlc_01666,e_6657122,1117883,True,293,33633,True,True,293,,True,True,True,True,True,True
LI-Small,amlc_01667,e_6658208,1118969,True,312,37126,True,True,312,,True,True,True,True,True,True
LI-Small,amlc_01668,e_6658761,1119522,True,420,49486,True,True,420,,True,True,True,True,True,True
LI-Small,amlc_01669,e_6658776,1119537,True,614,70749,True,True,614,,True,True,True,True,True,True
LI-Small,amlc_01670,e_6659557,1120318,True,538,63828,True,True,538,,True,True,True,True,True,True
LI-Small,amlc_01671,e_6659946,1120707,True,136,16531,True,True,136,,True,True,True,True,True,True
LI-Small,amlc_01672,e_6661441,1122202,True,215,28178,True,True,215,,True,True,True,True,True,True
LI-Small,amlc_01673,e_6663348,1124109,True,197,25806,True,True,197,,True,True,True,True,True,True
LI-Small,amlc_01674,e_6663777,1124538,True,419,51535,True,True,419,,True,True,True,True,True,True
LI-Small,amlc_01675,e_6664408,1125169,True,560,65912,True,True,560,,True,True,True,True,True,True
LI-Small,amlc_01676,e_6665319,1126080,True,405,50736,True,True,405,,True,True,True,True,True,True
LI-Small,amlc_01677,e_6665364,1126125,True,316,39500,True,True,316,,True,True,True,True,True,True
LI-Small,amlc_01678,e_6666291,1127052,True,516,60017,True,True,516,,True,True,True,True,True,True
LI-Small,amlc_01679,e_6666333,1127094,True,202,24137,True,True,202,,True,True,True,True,True,True
LI-Small,amlc_01680,e_6666399,1127160,True,110,13555,True,True,110,,True,True,True,True,True,True
LI-Small,amlc_01681,e_6666534,1127295,True,27,3904,True,True,27,,True,True,True,True,True,True
LI-Small,amlc_01682,e_6667078,1127839,True,334,40714,True,True,334,,True,True,True,True,True,True
LI-Small,amlc_01683,e_6667348,1128109,True,136,16364,True,True,136,,True,True,True,True,True,True
LI-Small,amlc_01684,e_6667878,1128639,True,832,98205,True,True,832,,True,True,True,True,True,True
LI-Small,amlc_01685,e_6668041,1128802,True,17,2904,True,True,17,,True,True,True,True,True,True
LI-Small,amlc_01686,e_6668099,1128860,True,349,42038,True,True,349,,True,True,True,True,True,True
LI-Small,amlc_01687,e_6669089,1129850,False,2259,260420,True,False,2259,e_6910231,True,True,True,True,True,True
LI-Small,amlc_01688,e_6671291,1132052,True,293,35711,True,True,293,,True,True,True,True,True,True
LI-Small,amlc_01689,e_6671654,1132415,True,88,10774,True,True,88,,True,True,True,True,True,True
LI-Small,amlc_01690,e_6672270,1133031,True,144,18063,True,True,144,,True,True,True,True,True,True
LI-Small,amlc_01691,e_6672751,1133512,True,59,8559,True,True,59,,True,True,True,True,True,True
LI-Small,amlc_01692,e_6674067,1134828,False,1823,219395,True,False,1823,e_6919427,True,True,True,True,True,True
LI-Small,amlc_01693,e_6674238,1134999,True,811,93902,True,True,811,,True,True,True,True,True,True
LI-Small,amlc_01694,e_6674381,1135142,True,535,62882,True,True,535,,True,True,True,True,True,True
LI-Small,amlc_01695,e_6674578,1135339,True,8,1567,True,True,8,,True,True,True,True,True,True
LI-Small,amlc_01696,e_6676572,1137333,True,504,62940,True,True,504,,True,True,True,True,True,True
LI-Small,amlc_01697,e_6676946,1137707,True,10,2033,True,True,10,,True,True,True,True,True,True
LI-Small,amlc_01698,e_6677224,1137985,True,172,21993,True,True,172,,True,True,True,True,True,True
LI-Small,amlc_01699,e_6677239,1138000,True,96,12626,True,True,96,,True,True,True,True,True,True
LI-Small,amlc_01700,e_6677241,1138002,True,366,46479,True,True,366,,True,True,True,True,True,True
LI-Small,amlc_01701,e_6677243,1138004,True,260,31787,True,True,260,,True,True,True,True,True,True
LI-Small,amlc_01702,e_6677245,1138006,True,303,36388,True,True,303,,True,True,True,True,True,True
LI-Small,amlc_01703,e_6678142,1138903,False,2296,274735,True,False,2296,e_6919132,True,True,True,True,True,True
LI-Small,amlc_01704,e_6680208,1140969,False,2329,264872,True,False,2329,e_6821975,True,True,True,True,True,True
LI-Small,amlc_01705,e_6680874,1141635,True,103,12053,True,True,103,,True,True,True,True,True,True
LI-Small,amlc_01706,e_6680913,1141674,True,77,10227,True,True,77,,True,True,True,True,True,True
LI-Small,amlc_01707,e_6682922,1143683,True,79,9265,True,True,79,,True,True,True,True,True,True
LI-Small,amlc_01708,e_6683567,1144328,True,586,69436,True,True,586,,True,True,True,True,True,True
LI-Small,amlc_01709,e_6683611,1144372,True,28,4755,True,True,28,,True,True,True,True,True,True
LI-Small,amlc_01710,e_6683861,1144622,True,231,27984,True,True,231,,True,True,True,True,True,True
LI-Small,amlc_01711,e_6684312,1145073,False,1999,239504,True,False,1999,e_6909877,True,True,True,True,True,True
LI-Small,amlc_01712,e_6684317,1145078,True,148,17965,True,True,148,,True,True,True,True,True,True
LI-Small,amlc_01713,e_6685183,1145944,True,11,1903,True,True,11,,True,True,True,True,True,True
LI-Small,amlc_01714,e_6685435,1146196,True,35,4339,True,True,35,,True,True,True,True,True,True
LI-Small,amlc_01715,e_6686437,1147198,True,433,52464,True,True,433,,True,True,True,True,True,True
LI-Small,amlc_01716,e_6686494,1147255,True,74,9515,True,True,74,,True,True,True,True,True,True
LI-Small,amlc_01717,e_6688314,1149075,True,84,10979,True,True,84,,True,True,True,True,True,True
LI-Small,amlc_01718,e_6688597,1149358,True,230,27165,True,True,230,,True,True,True,True,True,True
LI-Small,amlc_01719,e_6688957,1149718,True,77,9829,True,True,77,,True,True,True,True,True,True
LI-Small,amlc_01720,e_6690067,1150828,True,107,13413,True,True,107,,True,True,True,True,True,True
LI-Small,amlc_01721,e_6691061,1151822,True,111,13934,True,True,111,,True,True,True,True,True,True
LI-Small,amlc_01722,e_6691856,1152617,True,159,21228,True,True,159,,True,True,True,True,True,True
LI-Small,amlc_01723,e_6692011,1152772,False,2482,285296,True,False,2482,e_6916580,True,True,True,True,True,True
LI-Small,amlc_01724,e_6692693,1153454,True,631,80339,True,True,631,,True,True,True,True,True,True
LI-Small,amlc_01725,e_6694080,1154841,True,120,15400,True,True,120,,True,True,True,True,True,True
LI-Small,amlc_01726,e_6694262,1155023,True,117,14771,True,True,117,,True,True,True,True,True,True
LI-Small,amlc_01727,e_6694587,1155348,True,571,70573,True,True,571,,True,True,True,True,True,True
LI-Small,amlc_01728,e_6694656,1155417,True,131,16259,True,True,131,,True,True,True,True,True,True
LI-Small,amlc_01729,e_6695667,1156428,True,34,5575,True,True,34,,True,True,True,True,True,True
LI-Small,amlc_01730,e_6695792,1156553,True,188,23586,True,True,188,,True,True,True,True,True,True
LI-Small,amlc_01731,e_6695887,1156648,True,14,2502,True,True,14,,True,True,True,True,True,True
LI-Small,amlc_01732,e_6697332,1158093,True,632,73792,True,True,632,,True,True,True,True,True,True
LI-Small,amlc_01733,e_6697439,1158200,True,58,7191,True,True,58,,True,True,True,True,True,True
LI-Small,amlc_01734,e_6697581,1158342,True,65,8579,True,True,65,,True,True,True,True,True,True
LI-Small,amlc_01735,e_6697858,1158619,True,573,68560,True,True,573,,True,True,True,True,True,True
LI-Small,amlc_01736,e_6698856,1159617,False,2064,251129,True,False,2064,e_6923288,True,True,True,True,True,True
LI-Small,amlc_01737,e_6699219,1159980,True,38,5959,True,True,38,,True,True,True,True,True,True
LI-Small,amlc_01738,e_6699696,1160457,True,299,37149,True,True,299,,True,True,True,True,True,True
LI-Small,amlc_01739,e_6699901,1160662,True,70,9307,True,True,70,,True,True,True,True,True,True
LI-Small,amlc_01740,e_6700542,1161303,True,358,42947,True,True,358,,True,True,True,True,True,True
LI-Small,amlc_01741,e_6701954,1162715,True,76,11510,True,True,76,,True,True,True,True,True,True
LI-Small,amlc_01742,e_6702080,1162841,True,466,54892,True,True,466,,True,True,True,True,True,True
LI-Small,amlc_01743,e_6703640,1164401,True,131,15749,True,True,131,,True,True,True,True,True,True
LI-Small,amlc_01744,e_6704136,1164897,True,788,101070,True,True,788,,True,True,True,True,True,True
LI-Small,amlc_01745,e_6704802,1165563,True,174,21076,True,True,174,,True,True,True,True,True,True
LI-Small,amlc_01746,e_6705624,1166385,True,71,10825,True,True,71,,True,True,True,True,True,True
LI-Small,amlc_01747,e_6706570,1167331,True,311,36999,True,True,311,,True,True,True,True,True,True
LI-Small,amlc_01748,e_6706699,1167460,True,292,34186,True,True,292,,True,True,True,True,True,True
LI-Small,amlc_01749,e_6706792,1167553,True,747,89972,True,True,747,,True,True,True,True,True,True
LI-Small,amlc_01750,e_6706842,1167603,True,743,90329,True,True,743,,True,True,True,True,True,True
LI-Small,amlc_01751,e_6706915,1167676,True,221,26414,True,True,221,,True,True,True,True,True,True
LI-Small,amlc_01752,e_6706965,1167726,True,150,18662,True,True,150,,True,True,True,True,True,True
LI-Small,amlc_01753,e_6707292,1168053,True,138,17747,True,True,138,,True,True,True,True,True,True
LI-Small,amlc_01754,e_6707293,1168054,True,184,23458,True,True,184,,True,True,True,True,True,True
LI-Small,amlc_01755,e_6707294,1168055,True,986,119214,True,True,986,,True,True,True,True,True,True
LI-Small,amlc_01756,e_6707296,1168057,True,175,21659,True,True,175,,True,True,True,True,True,True
LI-Small,amlc_01757,e_6707297,1168058,True,417,50745,True,True,417,,True,True,True,True,True,True
LI-Small,amlc_01758,e_6707298,1168059,True,1601,191077,True,True,1601,,True,True,True,True,True,True
LI-Small,amlc_01759,e_6707299,1168060,True,439,53482,True,True,439,,True,True,True,True,True,True
LI-Small,amlc_01760,e_6707301,1168062,True,882,102243,True,True,882,,True,True,True,True,True,True
LI-Small,amlc_01761,e_6707303,1168064,True,336,42401,True,True,336,,True,True,True,True,True,True
LI-Small,amlc_01762,e_6707304,1168065,True,1602,189962,True,True,1602,,True,True,True,True,True,True
LI-Small,amlc_01763,e_6707305,1168066,True,32,4090,True,True,32,,True,True,True,True,True,True
LI-Small,amlc_01764,e_6707317,1168078,True,36,4881,True,True,36,,True,True,True,True,True,True
LI-Small,amlc_01765,e_6707521,1168282,True,690,80716,True,True,690,,True,True,True,True,True,True
LI-Small,amlc_01766,e_6707848,1168609,True,819,95014,True,True,819,,True,True,True,True,True,True
LI-Small,amlc_01767,e_6708499,1169260,True,70,8602,True,True,70,,True,True,True,True,True,True
LI-Small,amlc_01768,e_6708737,1169498,True,419,49835,True,True,419,,True,True,True,True,True,True
LI-Small,amlc_01769,e_6708996,1169757,True,524,62897,True,True,524,,True,True,True,True,True,True
LI-Small,amlc_01770,e_6709305,1170066,True,35,5122,True,True,35,,True,True,True,True,True,True
LI-Small,amlc_01771,e_6709421,1170182,True,702,89740,True,True,702,,True,True,True,True,True,True
LI-Small,amlc_01772,e_6709521,1170282,True,5,1203,True,True,5,,True,True,True,True,True,True
LI-Small,amlc_01773,e_6709763,1170524,True,248,31424,True,True,248,,True,True,True,True,True,True
LI-Small,amlc_01774,e_6710136,1170897,True,123,15232,True,True,123,,True,True,True,True,True,True
LI-Small,amlc_01775,e_6710534,1171295,False,2161,245200,True,False,2161,e_6923828,True,True,True,True,True,True
LI-Small,amlc_01776,e_6710613,1171374,True,208,24744,True,True,208,,True,True,True,True,True,True
LI-Small,amlc_01777,e_6711087,1171848,True,91,11098,True,True,91,,True,True,True,True,True,True
LI-Small,amlc_01778,e_6711153,1171914,True,457,54088,True,True,457,,True,True,True,True,True,True
LI-Small,amlc_01779,e_6711242,1172003,False,1885,226439,True,False,1885,e_6920462,True,True,True,True,True,True
LI-Small,amlc_01780,e_6711816,1172577,True,33,4772,True,True,33,,True,True,True,True,True,True
LI-Small,amlc_01781,e_6712009,1172770,False,2030,244260,True,False,2030,e_6903254,True,True,True,True,True,True
LI-Small,amlc_01782,e_6712279,1173040,True,84,10911,True,True,84,,True,True,True,True,True,True
LI-Small,amlc_01783,e_6712477,1173238,False,2619,312844,True,False,2619,e_6918908,True,True,True,True,True,True
LI-Small,amlc_01784,e_6712630,1173391,True,52,7749,True,True,52,,True,True,True,True,True,True
LI-Small,amlc_01785,e_6713049,1173810,True,581,65810,True,True,581,,True,True,True,True,True,True
LI-Small,amlc_01786,e_6713613,1174374,True,103,14444,True,True,103,,True,True,True,True,True,True
LI-Small,amlc_01787,e_6713671,1174432,False,1823,210027,True,False,1823,e_6909497,True,True,True,True,True,True
LI-Small,amlc_01788,e_6714217,1174978,True,9,1764,True,True,9,,True,True,True,True,True,True
LI-Small,amlc_01789,e_6716045,1176806,True,351,41059,True,True,351,,True,True,True,True,True,True
LI-Small,amlc_01790,e_6716132,1176893,True,133,16461,True,True,133,,True,True,True,True,True,True
LI-Small,amlc_01791,e_6716424,1177185,True,8,1586,True,True,8,,True,True,True,True,True,True
LI-Small,amlc_01792,e_6717071,1177832,True,20,3254,True,True,20,,True,True,True,True,True,True
LI-Small,amlc_01793,e_6717666,1178427,True,231,28351,True,True,231,,True,True,True,True,True,True
LI-Small,amlc_01794,e_6718693,1179454,True,119,14309,True,True,119,,True,True,True,True,True,True
LI-Small,amlc_01795,e_6718769,1179530,True,782,90466,True,True,782,,True,True,True,True,True,True
LI-Small,amlc_01796,e_6719006,1179767,True,49,6148,True,True,49,,True,True,True,True,True,True
LI-Small,amlc_01797,e_6719122,1179883,True,66,8341,True,True,66,,True,True,True,True,True,True
LI-Small,amlc_01798,e_6719629,1180390,True,821,95192,True,True,821,,True,True,True,True,True,True
LI-Small,amlc_01799,e_6719977,1180738,True,707,83237,True,True,707,,True,True,True,True,True,True
LI-Small,amlc_01800,e_6720483,1181244,True,330,39931,True,True,330,,True,True,True,True,True,True
LI-Small,amlc_01801,e_6720942,1181703,True,167,20666,True,True,167,,True,True,True,True,True,True
LI-Small,amlc_01802,e_6721149,1181910,True,281,32330,True,True,281,,True,True,True,True,True,True
LI-Small,amlc_01803,e_6721274,1182035,True,1376,163327,True,True,1376,,True,True,True,True,True,True
LI-Small,amlc_01804,e_6722287,1183048,True,336,42222,True,True,336,,True,True,True,True,True,True
LI-Small,amlc_01805,e_6722668,1183429,False,2164,260618,True,False,2164,e_6920276,True,True,True,True,True,True
LI-Small,amlc_01806,e_6722691,1183452,True,93,12442,True,True,93,,True,True,True,True,True,True
LI-Small,amlc_01807,e_6723201,1183962,True,234,28366,True,True,234,,True,True,True,True,True,True
LI-Small,amlc_01808,e_6724987,1185748,True,154,18912,True,True,154,,True,True,True,True,True,True
LI-Small,amlc_01809,e_6725871,1186632,True,422,51662,True,True,422,,True,True,True,True,True,True
LI-Small,amlc_01810,e_6725993,1186754,True,871,106262,True,True,871,,True,True,True,True,True,True
LI-Small,amlc_01811,e_6726094,1186855,True,58,7188,True,True,58,,True,True,True,True,True,True
LI-Small,amlc_01812,e_6726196,1186957,False,2082,251610,True,False,2082,e_6912339,True,True,True,True,True,True
LI-Small,amlc_01813,e_6728839,1189600,True,745,91042,True,True,745,,True,True,True,True,True,True
LI-Small,amlc_01814,e_6729632,1190393,False,2685,305584,True,False,2685,e_6910621,True,True,True,True,True,True
LI-Small,amlc_01815,e_6729716,1190477,False,1882,217195,True,False,1882,e_6909625,True,True,True,True,True,True
LI-Small,amlc_01816,e_6730008,1190769,True,269,30744,True,True,269,,True,True,True,True,True,True
LI-Small,amlc_01817,e_6730359,1191120,True,9,1659,True,True,9,,True,True,True,True,True,True
LI-Small,amlc_01818,e_6730916,1191677,True,119,14199,True,True,119,,True,True,True,True,True,True
LI-Small,amlc_01819,e_6730981,1191742,False,2475,288353,True,False,2475,e_6922444,True,True,True,True,True,True
LI-Small,amlc_01820,e_6731026,1191787,True,281,33124,True,True,281,,True,True,True,True,True,True
LI-Small,amlc_01821,e_6731418,1192179,True,900,110003,True,True,900,,True,True,True,True,True,True
LI-Small,amlc_01822,e_6732045,1192806,False,2231,270931,True,False,2231,e_6923666,True,True,True,True,True,True
LI-Small,amlc_01823,e_6732164,1192925,True,944,107638,True,True,944,,True,True,True,True,True,True
LI-Small,amlc_01824,e_6732592,1193353,True,321,38653,True,True,321,,True,True,True,True,True,True
LI-Small,amlc_01825,e_6733014,1193775,True,1068,129816,True,True,1068,,True,True,True,True,True,True
LI-Small,amlc_01826,e_6733130,1193891,False,2090,250399,True,False,2090,e_6913029,True,True,True,True,True,True
LI-Small,amlc_01827,e_6733702,1194463,True,388,45879,True,True,388,,True,True,True,True,True,True
LI-Small,amlc_01828,e_6734303,1195064,True,198,24288,True,True,198,,True,True,True,True,True,True
LI-Small,amlc_01829,e_6735448,1196209,True,114,13539,True,True,114,,True,True,True,True,True,True
LI-Small,amlc_01830,e_6735464,1196225,True,145,16865,True,True,145,,True,True,True,True,True,True
LI-Small,amlc_01831,e_6735877,1196638,True,406,47988,True,True,406,,True,True,True,True,True,True
LI-Small,amlc_01832,e_6737926,1198687,True,17,2969,True,True,17,,True,True,True,True,True,True
LI-Small,amlc_01833,e_6737948,1198709,True,129,15519,True,True,129,,True,True,True,True,True,True
LI-Small,amlc_01834,e_6738698,1199459,True,341,42440,True,True,341,,True,True,True,True,True,True
LI-Small,amlc_01835,e_6738997,1199758,True,550,67096,True,True,550,,True,True,True,True,True,True
LI-Small,amlc_01836,e_6739233,1199994,True,18,3158,True,True,18,,True,True,True,True,True,True
LI-Small,amlc_01837,e_6739337,1200098,True,17,2931,True,True,17,,True,True,True,True,True,True
LI-Small,amlc_01838,e_6740442,1201203,True,221,28126,True,True,221,,True,True,True,True,True,True
LI-Small,amlc_01839,e_6742111,1202872,True,128,17322,True,True,128,,True,True,True,True,True,True
LI-Small,amlc_01840,e_6742931,1203692,True,881,108360,True,True,881,,True,True,True,True,True,True
LI-Small,amlc_01841,e_6743648,1204409,True,78,11535,True,True,78,,True,True,True,True,True,True
LI-Small,amlc_01842,e_6743788,1204549,True,289,34922,True,True,289,,True,True,True,True,True,True
LI-Small,amlc_01843,e_6743804,1204565,True,478,58671,True,True,478,,True,True,True,True,True,True
LI-Small,amlc_01844,e_6743937,1204698,True,450,53487,True,True,450,,True,True,True,True,True,True
LI-Small,amlc_01845,e_6745188,1205949,True,837,100255,True,True,837,,True,True,True,True,True,True
LI-Small,amlc_01846,e_6745588,1206349,True,603,70581,True,True,603,,True,True,True,True,True,True
LI-Small,amlc_01847,e_6745733,1206494,True,564,64619,True,True,564,,True,True,True,True,True,True
LI-Small,amlc_01848,e_6746060,1206821,True,59,8717,True,True,59,,True,True,True,True,True,True
LI-Small,amlc_01849,e_6746251,1207012,False,2047,233060,True,False,2047,e_6904501,True,True,True,True,True,True
LI-Small,amlc_01850,e_6746764,1207525,True,318,37691,True,True,318,,True,True,True,True,True,True
LI-Small,amlc_01851,e_6747046,1207807,True,21,3426,True,True,21,,True,True,True,True,True,True
LI-Small,amlc_01852,e_6747301,1208062,True,113,16965,True,True,113,,True,True,True,True,True,True
LI-Small,amlc_01853,e_6747585,1208346,True,62,8590,True,True,62,,True,True,True,True,True,True
LI-Small,amlc_01854,e_6747785,1208546,True,441,53717,True,True,441,,True,True,True,True,True,True
LI-Small,amlc_01855,e_6748678,1209439,True,934,113383,True,True,934,,True,True,True,True,True,True
LI-Small,amlc_01856,e_6748739,1209500,True,619,75891,True,True,619,,True,True,True,True,True,True
LI-Small,amlc_01857,e_6749151,1209912,False,2247,268888,True,False,2247,e_6920367,True,True,True,True,True,True
LI-Small,amlc_01858,e_6749453,1210214,True,81,13080,True,True,81,,True,True,True,True,True,True
LI-Small,amlc_01859,e_6750655,1211416,True,10,1767,True,True,10,,True,True,True,True,True,True
LI-Small,amlc_01860,e_6750825,1211586,True,928,107155,True,True,928,,True,True,True,True,True,True
LI-Small,amlc_01861,e_6750827,1211588,True,261,32739,True,True,261,,True,True,True,True,True,True
LI-Small,amlc_01862,e_6750829,1211590,True,147,18906,True,True,147,,True,True,True,True,True,True
LI-Small,amlc_01863,e_6750831,1211592,True,324,38291,True,True,324,,True,True,True,True,True,True
LI-Small,amlc_01864,e_6750833,1211594,True,805,95375,True,True,805,,True,True,True,True,True,True
LI-Small,amlc_01865,e_6750835,1211596,True,458,55922,True,True,458,,True,True,True,True,True,True
LI-Small,amlc_01866,e_6750836,1211597,True,420,54361,True,True,420,,True,True,True,True,True,True
LI-Small,amlc_01867,e_6750837,1211598,True,1314,156144,True,True,1314,,True,True,True,True,True,True
LI-Small,amlc_01868,e_6750838,1211599,True,743,91731,True,True,743,,True,True,True,True,True,True
LI-Small,amlc_01869,e_6750840,1211601,True,194,24068,True,True,194,,True,True,True,True,True,True
LI-Small,amlc_01870,e_6750842,1211603,True,461,53680,True,True,461,,True,True,True,True,True,True
LI-Small,amlc_01871,e_6750843,1211604,True,106,13167,True,True,106,,True,True,True,True,True,True
LI-Small,amlc_01872,e_6750845,1211606,True,154,19786,True,True,154,,True,True,True,True,True,True
LI-Small,amlc_01873,e_6751324,1212085,True,920,106280,True,True,920,,True,True,True,True,True,True
LI-Small,amlc_01874,e_6752013,1212774,True,58,8512,True,True,58,,True,True,True,True,True,True
LI-Small,amlc_01875,e_6752791,1213552,True,296,36715,True,True,296,,True,True,True,True,True,True
LI-Small,amlc_01876,e_6753183,1213944,False,2179,266888,True,False,2179,e_6923233,True,True,True,True,True,True
LI-Small,amlc_01877,e_6753677,1214438,True,1082,130042,True,True,1082,,True,True,True,True,True,True
LI-Small,amlc_01878,e_6753863,1214624,True,113,13187,True,True,113,,True,True,True,True,True,True
LI-Small,amlc_01879,e_6754241,1215002,True,229,29959,True,True,229,,True,True,True,True,True,True
LI-Small,amlc_01880,e_6755337,1216098,True,112,14021,True,True,112,,True,True,True,True,True,True
LI-Small,amlc_01881,e_6755816,1216577,True,303,40406,True,True,303,,True,True,True,True,True,True
LI-Small,amlc_01882,e_6756306,1217067,True,104,13274,True,True,104,,True,True,True,True,True,True
LI-Small,amlc_01883,e_6756313,1217074,False,2458,282095,True,False,2458,e_6921743,True,True,True,True,True,True
LI-Small,amlc_01884,e_6756658,1217419,True,977,113409,True,True,977,,True,True,True,True,True,True
LI-Small,amlc_01885,e_6756673,1217434,True,34,4407,True,True,34,,True,True,True,True,True,True
LI-Small,amlc_01886,e_6757813,1218574,True,1084,126489,True,True,1084,,True,True,True,True,True,True
LI-Small,amlc_01887,e_6758251,1219012,True,264,33173,True,True,264,,True,True,True,True,True,True
LI-Small,amlc_01888,e_6758612,1219373,False,2826,339520,True,False,2826,e_6917870,True,True,True,True,True,True
LI-Small,amlc_01889,e_6759352,1220113,True,171,19972,True,True,171,,True,True,True,True,True,True
LI-Small,amlc_01890,e_6760760,1221521,False,1966,238351,True,False,1966,e_6913786,True,True,True,True,True,True
LI-Small,amlc_01891,e_6760881,1221642,True,153,18663,True,True,153,,True,True,True,True,True,True
LI-Small,amlc_01892,e_6761272,1222033,True,87,12942,True,True,87,,True,True,True,True,True,True
LI-Small,amlc_01893,e_6761737,1222498,True,109,15795,True,True,109,,True,True,True,True,True,True
LI-Small,amlc_01894,e_6761742,1222503,True,76,11510,True,True,76,,True,True,True,True,True,True
LI-Small,amlc_01895,e_6761743,1222504,True,79,11922,True,True,79,,True,True,True,True,True,True
LI-Small,amlc_01896,e_6761746,1222507,True,450,52288,True,True,450,,True,True,True,True,True,True
LI-Small,amlc_01897,e_6761874,1222635,True,170,20212,True,True,170,,True,True,True,True,True,True
LI-Small,amlc_01898,e_6762823,1223584,True,297,34995,True,True,297,,True,True,True,True,True,True
LI-Small,amlc_01899,e_6763380,1224141,False,2456,285877,True,False,2456,e_6917273,True,True,True,True,True,True
LI-Small,amlc_01900,e_6764440,1225201,True,299,36675,True,True,299,,True,True,True,True,True,True
LI-Small,amlc_01901,e_6764716,1225477,True,186,22501,True,True,186,,True,True,True,True,True,True
LI-Small,amlc_01902,e_6764801,1225562,True,542,65464,True,True,542,,True,True,True,True,True,True
LI-Small,amlc_01903,e_6764890,1225651,True,164,20300,True,True,164,,True,True,True,True,True,True
LI-Small,amlc_01904,e_6765841,1226602,True,55,8343,True,True,55,,True,True,True,True,True,True
LI-Small,amlc_01905,e_6765934,1226695,True,931,110674,True,True,931,,True,True,True,True,True,True
LI-Small,amlc_01906,e_6766035,1226796,True,226,28478,True,True,226,,True,True,True,True,True,True
LI-Small,amlc_01907,e_6766226,1226987,False,1921,230431,True,False,1921,e_6919026,True,True,True,True,True,True
LI-Small,amlc_01908,e_6767041,1227802,True,624,71337,True,True,624,,True,True,True,True,True,True
LI-Small,amlc_01909,e_6767115,1227876,True,88,11518,True,True,88,,True,True,True,True,True,True
LI-Small,amlc_01910,e_6767584,1228345,True,46,5985,True,True,46,,True,True,True,True,True,True
LI-Small,amlc_01911,e_6767709,1228470,False,1935,224644,True,False,1935,e_6915809,True,True,True,True,True,True
LI-Small,amlc_01912,e_6768124,1228885,False,2008,231377,True,False,2008,e_6908849,True,True,True,True,True,True
LI-Small,amlc_01913,e_6769055,1229816,True,620,76959,True,True,620,,True,True,True,True,True,True
LI-Small,amlc_01914,e_6769478,1230239,True,490,61326,True,True,490,,True,True,True,True,True,True
LI-Small,amlc_01915,e_6770610,1231371,True,735,87814,True,True,735,,True,True,True,True,True,True
LI-Small,amlc_01916,e_6771094,1231855,True,24,3324,True,True,24,,True,True,True,True,True,True
LI-Small,amlc_01917,e_6772464,1233225,False,2149,257543,True,False,2149,e_6908691,True,True,True,True,True,True
LI-Small,amlc_01918,e_6773072,1233833,True,151,18405,True,True,151,,True,True,True,True,True,True
LI-Small,amlc_01919,e_6773175,1233936,True,669,78033,True,True,669,,True,True,True,True,True,True
LI-Small,amlc_01920,e_6774793,1235554,True,860,107364,True,True,860,,True,True,True,True,True,True
LI-Small,amlc_01921,e_6775538,1236299,True,685,82415,True,True,685,,True,True,True,True,True,True
LI-Small,amlc_01922,e_6775826,1236587,True,57,6770,True,True,57,,True,True,True,True,True,True
LI-Small,amlc_01923,e_6775939,1236700,True,813,92758,True,True,813,,True,True,True,True,True,True
LI-Small,amlc_01924,e_6776007,1236768,True,18,2966,True,True,18,,True,True,True,True,True,True
LI-Small,amlc_01925,e_6776733,1237494,True,447,54489,True,True,447,,True,True,True,True,True,True
LI-Small,amlc_01926,e_6776794,1237555,True,347,41682,True,True,347,,True,True,True,True,True,True
LI-Small,amlc_01927,e_6776864,1237625,False,2434,289277,True,False,2434,e_6919545,True,True,True,True,True,True
LI-Small,amlc_01928,e_6777608,1238369,True,148,18797,True,True,148,,True,True,True,True,True,True
LI-Small,amlc_01929,e_6778269,1239030,True,326,37945,True,True,326,,True,True,True,True,True,True
LI-Small,amlc_01930,e_6778395,1239156,True,100,11816,True,True,100,,True,True,True,True,True,True
LI-Small,amlc_01931,e_6778631,1239392,True,629,73342,True,True,629,,True,True,True,True,True,True
LI-Small,amlc_01932,e_6778746,1239507,False,2116,242130,True,False,2116,e_6921525,True,True,True,True,True,True
LI-Small,amlc_01933,e_6779809,1240570,True,2478,290040,True,True,2478,,True,True,True,True,True,True
LI-Small,amlc_01934,e_6780218,1240979,True,36,6085,True,True,36,,True,True,True,True,True,True
LI-Small,amlc_01935,e_6781130,1241891,True,302,36942,True,True,302,,True,True,True,True,True,True
LI-Small,amlc_01936,e_6782033,1242794,True,8,1709,True,True,8,,True,True,True,True,True,True
LI-Small,amlc_01937,e_6782147,1242908,True,525,64568,True,True,525,,True,True,True,True,True,True
LI-Small,amlc_01938,e_6782919,1243680,True,22,3806,True,True,22,,True,True,True,True,True,True
LI-Small,amlc_01939,e_6783458,1244219,True,577,66059,True,True,577,,True,True,True,True,True,True
LI-Small,amlc_01940,e_6784162,1244923,True,15,2718,True,True,15,,True,True,True,True,True,True
LI-Small,amlc_01941,e_6784431,1245192,True,55,7682,True,True,55,,True,True,True,True,True,True
LI-Small,amlc_01942,e_6785011,1245772,True,703,81338,True,True,703,,True,True,True,True,True,True
LI-Small,amlc_01943,e_6785316,1246077,True,745,86922,True,True,745,,True,True,True,True,True,True
LI-Small,amlc_01944,e_6785801,1246562,True,30,5287,True,True,30,,True,True,True,True,True,True
LI-Small,amlc_01945,e_6786010,1246771,True,1129,137252,True,True,1129,,True,True,True,True,True,True
LI-Small,amlc_01946,e_6786221,1246982,True,898,110600,True,True,898,,True,True,True,True,True,True
LI-Small,amlc_01947,e_6786230,1246991,True,404,50053,True,True,404,,True,True,True,True,True,True
LI-Small,amlc_01948,e_6787390,1248151,True,257,32863,True,True,257,,True,True,True,True,True,True
LI-Small,amlc_01949,e_6787558,1248319,True,186,22727,True,True,186,,True,True,True,True,True,True
LI-Small,amlc_01950,e_6787974,1248735,True,37,6308,True,True,37,,True,True,True,True,True,True
LI-Small,amlc_01951,e_6788189,1248950,False,2146,257217,True,False,2146,e_6909456,True,True,True,True,True,True
LI-Small,amlc_01952,e_6788338,1249099,True,44,6106,True,True,44,,True,True,True,True,True,True
LI-Small,amlc_01953,e_6788761,1249522,True,210,24730,True,True,210,,True,True,True,True,True,True
LI-Small,amlc_01954,e_6788884,1249645,True,535,60979,True,True,535,,True,True,True,True,True,True
LI-Small,amlc_01955,e_6788885,1249646,True,535,60979,True,True,535,,True,True,True,True,True,True
LI-Small,amlc_01956,e_6788886,1249647,True,359,40818,True,True,359,,True,True,True,True,True,True
LI-Small,amlc_01957,e_6789046,1249807,True,39,4967,True,True,39,,True,True,True,True,True,True
LI-Small,amlc_01958,e_6789290,1250051,True,48,5995,True,True,48,,True,True,True,True,True,True
LI-Small,amlc_01959,e_6789299,1250060,True,142,17047,True,True,142,,True,True,True,True,True,True
LI-Small,amlc_01960,e_6789404,1250165,True,238,26593,True,True,238,,True,True,True,True,True,True
LI-Small,amlc_01961,e_6789444,1250205,True,18,2606,True,True,18,,True,True,True,True,True,True
LI-Small,amlc_01962,e_6790082,1250843,True,20,2883,True,True,20,,True,True,True,True,True,True
LI-Small,amlc_01963,e_6790084,1250845,True,207,25218,True,True,207,,True,True,True,True,True,True
LI-Small,amlc_01964,e_6790262,1251023,True,696,81548,True,True,696,,True,True,True,True,True,True
LI-Small,amlc_01965,e_6790841,1251602,True,42,6640,True,True,42,,True,True,True,True,True,True
LI-Small,amlc_01966,e_6792305,1253066,True,1079,128715,True,True,1079,,True,True,True,True,True,True
LI-Small,amlc_01967,e_6792374,1253135,True,10,1937,True,True,10,,True,True,True,True,True,True
LI-Small,amlc_01968,e_6792508,1253269,True,718,86924,True,True,718,,True,True,True,True,True,True
LI-Small,amlc_01969,e_6792757,1253518,True,302,37146,True,True,302,,True,True,True,True,True,True
LI-Small,amlc_01970,e_6792876,1253637,True,92,11727,True,True,92,,True,True,True,True,True,True
LI-Small,amlc_01971,e_6792945,1253706,False,2477,296024,True,False,2477,e_6914360,True,True,True,True,True,True
LI-Small,amlc_01972,e_6793009,1253770,True,249,31714,True,True,249,,True,True,True,True,True,True
LI-Small,amlc_01973,e_6793745,1254506,True,970,117997,True,True,970,,True,True,True,True,True,True
LI-Small,amlc_01974,e_6793891,1254652,True,132,16049,True,True,132,,True,True,True,True,True,True
LI-Small,amlc_01975,e_6794243,1255004,True,929,111435,True,True,929,,True,True,True,True,True,True
LI-Small,amlc_01976,e_6795878,1256639,True,83,10299,True,True,83,,True,True,True,True,True,True
LI-Small,amlc_01977,e_6795992,1256753,True,9,1797,True,True,9,,True,True,True,True,True,True
LI-Small,amlc_01978,e_6796464,1257225,True,13,2583,True,True,13,,True,True,True,True,True,True
LI-Small,amlc_01979,e_6796478,1257239,True,126,16851,True,True,126,,True,True,True,True,True,True
LI-Small,amlc_01980,e_6796508,1257269,False,1985,243436,True,False,1985,e_6923197,True,True,True,True,True,True
LI-Small,amlc_01981,e_6797657,1258418,True,201,24145,True,True,201,,True,True,True,True,True,True
LI-Small,amlc_01982,e_6797732,1258493,True,7,1383,True,True,7,,True,True,True,True,True,True
LI-Small,amlc_01983,e_6797870,1258631,True,1461,175249,True,True,1461,,True,True,True,True,True,True
LI-Small,amlc_01984,e_6797978,1258739,True,297,36001,True,True,297,,True,True,True,True,True,True
LI-Small,amlc_01985,e_6798382,1259143,True,64,9101,True,True,64,,True,True,True,True,True,True
LI-Small,amlc_01986,e_6799530,1260291,True,79,10116,True,True,79,,True,True,True,True,True,True
LI-Small,amlc_01987,e_6800123,1260884,True,80,11379,True,True,80,,True,True,True,True,True,True
LI-Small,amlc_01988,e_6800628,1261389,True,133,16052,True,True,133,,True,True,True,True,True,True
LI-Small,amlc_01989,e_6800846,1261607,True,209,24480,True,True,209,,True,True,True,True,True,True
LI-Small,amlc_01990,e_6801167,1261928,True,116,16340,True,True,116,,True,True,True,True,True,True
LI-Small,amlc_01991,e_6801487,1262248,True,702,83326,True,True,702,,True,True,True,True,True,True
LI-Small,amlc_01992,e_6802401,1263162,True,135,18275,True,True,135,,True,True,True,True,True,True
LI-Small,amlc_01993,e_6802848,1263609,True,247,29483,True,True,247,,True,True,True,True,True,True
LI-Small,amlc_01994,e_6803720,1264481,True,127,16795,True,True,127,,True,True,True,True,True,True
LI-Small,amlc_01995,e_6804092,1264853,True,76,9448,True,True,76,,True,True,True,True,True,True
LI-Small,amlc_01996,e_6804093,1264854,True,127,15841,True,True,127,,True,True,True,True,True,True
LI-Small,amlc_01997,e_6804459,1265220,True,119,15928,True,True,119,,True,True,True,True,True,True
LI-Small,amlc_01998,e_6805029,1265790,True,6,1290,True,True,6,,True,True,True,True,True,True
LI-Small,amlc_01999,e_6805558,1266319,True,836,95686,True,True,836,,True,True,True,True,True,True
LI-Small,amlc_02000,e_6805614,1266375,True,20,3246,True,True,20,,True,True,True,True,True,True
LI-Small,amlc_02001,e_6805697,1266458,True,97,12588,True,True,97,,True,True,True,True,True,True
LI-Small,amlc_02002,e_6806094,1266855,True,386,44195,True,True,386,,True,True,True,True,True,True
LI-Small,amlc_02003,e_6806420,1267181,True,34,4584,True,True,34,,True,True,True,True,True,True
LI-Small,amlc_02004,e_6806633,1267394,True,38,5079,True,True,38,,True,True,True,True,True,True
LI-Small,amlc_02005,e_6808527,1269288,True,128,15376,True,True,128,,True,True,True,True,True,True
LI-Small,amlc_02006,e_6808968,1269729,True,125,16527,True,True,125,,True,True,True,True,True,True
LI-Small,amlc_02007,e_6809147,1269908,True,324,38950,True,True,324,,True,True,True,True,True,True
LI-Small,amlc_02008,e_6809215,1269976,True,170,22219,True,True,170,,True,True,True,True,True,True
LI-Small,amlc_02009,e_6809577,1270338,True,88,14457,True,True,88,,True,True,True,True,True,True
LI-Small,amlc_02010,e_6810687,1271448,True,843,100583,True,True,843,,True,True,True,True,True,True
LI-Small,amlc_02011,e_6810925,1271686,True,701,81262,True,True,701,,True,True,True,True,True,True
LI-Small,amlc_02012,e_6811776,1272537,True,37,5070,True,True,37,,True,True,True,True,True,True
LI-Small,amlc_02013,e_6813055,1273816,True,6,1331,True,True,6,,True,True,True,True,True,True
LI-Small,amlc_02014,e_6814061,1274822,True,24,3252,True,True,24,,True,True,True,True,True,True
LI-Small,amlc_02015,e_6814845,1275606,True,283,34224,True,True,283,,True,True,True,True,True,True
LI-Small,amlc_02016,e_6815499,1276260,True,174,22356,True,True,174,,True,True,True,True,True,True
LI-Small,amlc_02017,e_6815666,1276427,False,2629,314492,True,False,2629,e_6919742,True,True,True,True,True,True
LI-Small,amlc_02018,e_6815716,1276477,True,308,38899,True,True,308,,True,True,True,True,True,True
LI-Small,amlc_02019,e_6816175,1276936,False,2430,289224,True,False,2430,e_6914360,True,True,True,True,True,True
LI-Small,amlc_02020,e_6816736,1277497,True,20,3330,True,True,20,,True,True,True,True,True,True
LI-Small,amlc_02021,e_6816849,1277610,True,9,1768,True,True,9,,True,True,True,True,True,True
LI-Small,amlc_02022,e_6816879,1277640,True,310,35563,True,True,310,,True,True,True,True,True,True
LI-Small,amlc_02023,e_6816951,1277712,True,587,68555,True,True,587,,True,True,True,True,True,True
LI-Small,amlc_02024,e_6817444,1278205,True,716,82138,True,True,716,,True,True,True,True,True,True
LI-Small,amlc_02025,e_6817745,1278506,True,50,6502,True,True,50,,True,True,True,True,True,True
LI-Small,amlc_02026,e_6818545,1279306,True,669,83336,True,True,669,,True,True,True,True,True,True
LI-Small,amlc_02027,e_6818750,1279511,False,2425,306519,True,False,2425,e_6923143,True,True,True,True,True,True
LI-Small,amlc_02028,e_6818778,1279539,True,259,32417,True,True,259,,True,True,True,True,True,True
LI-Small,amlc_02029,e_6819407,1280168,False,2607,315732,True,False,2607,e_6912567,True,True,True,True,True,True
LI-Small,amlc_02030,e_6820726,1281487,True,410,50602,True,True,410,,True,True,True,True,True,True
LI-Small,amlc_02031,e_6821057,1281818,True,915,110541,True,True,915,,True,True,True,True,True,True
LI-Small,amlc_02032,e_6821115,1281876,False,2613,312794,True,False,2613,e_6914499,True,True,True,True,True,True
LI-Small,amlc_02033,e_6821963,1282724,True,309,39686,True,True,309,,True,True,True,True,True,True
LI-Small,amlc_02034,e_6821965,1282726,True,106,13449,True,True,106,,True,True,True,True,True,True
LI-Small,amlc_02035,e_6821966,1282727,True,104,13131,True,True,104,,True,True,True,True,True,True
LI-Small,amlc_02036,e_6821967,1282728,True,1277,146509,True,True,1277,,True,True,True,True,True,True
LI-Small,amlc_02037,e_6821968,1282729,True,1277,146509,True,True,1277,,True,True,True,True,True,True
LI-Small,amlc_02038,e_6821969,1282730,True,1277,146509,True,True,1277,,True,True,True,True,True,True
LI-Small,amlc_02039,e_6821970,1282731,True,1277,146509,True,True,1277,,True,True,True,True,True,True
LI-Small,amlc_02040,e_6821971,1282732,True,1277,146509,True,True,1277,,True,True,True,True,True,True
LI-Small,amlc_02041,e_6821972,1282733,True,1277,146509,True,True,1277,,True,True,True,True,True,True
LI-Small,amlc_02042,e_6821974,1282735,True,1277,146509,True,True,1277,,True,True,True,True,True,True
LI-Small,amlc_02043,e_6821976,1282737,True,1277,146509,True,True,1277,,True,True,True,True,True,True
LI-Small,amlc_02044,e_6821977,1282738,True,1277,146509,True,True,1277,,True,True,True,True,True,True
LI-Small,amlc_02045,e_6821978,1282739,True,427,50710,True,True,427,,True,True,True,True,True,True
LI-Small,amlc_02046,e_6821979,1282740,True,427,50710,True,True,427,,True,True,True,True,True,True
LI-Small,amlc_02047,e_6821981,1282742,True,427,50710,True,True,427,,True,True,True,True,True,True
LI-Small,amlc_02048,e_6821982,1282743,True,427,50710,True,True,427,,True,True,True,True,True,True
LI-Small,amlc_02049,e_6821984,1282745,True,427,50710,True,True,427,,True,True,True,True,True,True
LI-Small,amlc_02050,e_6821985,1282746,True,427,50710,True,True,427,,True,True,True,True,True,True
LI-Small,amlc_02051,e_6821986,1282747,True,427,50710,True,True,427,,True,True,True,True,True,True
LI-Small,amlc_02052,e_6821988,1282749,True,427,50710,True,True,427,,True,True,True,True,True,True
LI-Small,amlc_02053,e_6822125,1282886,True,280,32904,True,True,280,,True,True,True,True,True,True
LI-Small,amlc_02054,e_6822696,1283457,False,2541,288908,True,False,2541,e_6915555,True,True,True,True,True,True
LI-Small,amlc_02055,e_6823801,1284562,False,1991,233961,True,False,1991,e_6917102,True,True,True,True,True,True
LI-Small,amlc_02056,e_6823852,1284613,True,216,26455,True,True,216,,True,True,True,True,True,True
LI-Small,amlc_02057,e_6824380,1285141,True,223,27828,True,True,223,,True,True,True,True,True,True
LI-Small,amlc_02058,e_6824907,1285668,True,88,11914,True,True,88,,True,True,True,True,True,True
LI-Small,amlc_02059,e_6825519,1286280,True,815,98287,True,True,815,,True,True,True,True,True,True
LI-Small,amlc_02060,e_6825829,1286590,True,402,48142,True,True,402,,True,True,True,True,True,True
LI-Small,amlc_02061,e_6825991,1286752,True,149,18526,True,True,149,,True,True,True,True,True,True
LI-Small,amlc_02062,e_6826106,1286867,True,86,10454,True,True,86,,True,True,True,True,True,True
LI-Small,amlc_02063,e_6827045,1287806,True,104,13636,True,True,104,,True,True,True,True,True,True
LI-Small,amlc_02064,e_6827197,1287958,False,2382,285525,True,False,2382,e_6920213,True,True,True,True,True,True
LI-Small,amlc_02065,e_6828042,1288803,True,78,9824,True,True,78,,True,True,True,True,True,True
LI-Small,amlc_02066,e_6829304,1290065,True,20,3014,True,True,20,,True,True,True,True,True,True
LI-Small,amlc_02067,e_6830258,1291019,True,440,50541,True,True,440,,True,True,True,True,True,True
LI-Small,amlc_02068,e_6830520,1291281,True,647,77300,True,True,647,,True,True,True,True,True,True
LI-Small,amlc_02069,e_6830528,1291289,True,443,54003,True,True,443,,True,True,True,True,True,True
LI-Small,amlc_02070,e_6831198,1291959,True,100,12580,True,True,100,,True,True,True,True,True,True
LI-Small,amlc_02071,e_6831363,1292124,True,864,102840,True,True,864,,True,True,True,True,True,True
LI-Small,amlc_02072,e_6831439,1292200,True,654,78046,True,True,654,,True,True,True,True,True,True
LI-Small,amlc_02073,e_6832249,1293010,True,17,2712,True,True,17,,True,True,True,True,True,True
LI-Small,amlc_02074,e_6832834,1293595,True,263,31681,True,True,263,,True,True,True,True,True,True
LI-Small,amlc_02075,e_6832867,1293628,True,967,112183,True,True,967,,True,True,True,True,True,True
LI-Small,amlc_02076,e_6832886,1293647,True,25,3689,True,True,25,,True,True,True,True,True,True
LI-Small,amlc_02077,e_6833755,1294516,True,520,60747,True,True,520,,True,True,True,True,True,True
LI-Small,amlc_02078,e_6834430,1295191,True,137,17390,True,True,137,,True,True,True,True,True,True
LI-Small,amlc_02079,e_6836251,1297012,True,365,44981,True,True,365,,True,True,True,True,True,True
LI-Small,amlc_02080,e_6836272,1297033,True,789,95264,True,True,789,,True,True,True,True,True,True
LI-Small,amlc_02081,e_6836467,1297228,True,393,48417,True,True,393,,True,True,True,True,True,True
LI-Small,amlc_02082,e_6837984,1298745,True,10,1757,True,True,10,,True,True,True,True,True,True
LI-Small,amlc_02083,e_6838403,1299164,True,214,29264,True,True,214,,True,True,True,True,True,True
LI-Small,amlc_02084,e_6839897,1300658,True,69,9184,True,True,69,,True,True,True,True,True,True
LI-Small,amlc_02085,e_6840217,1300978,True,99,14050,True,True,99,,True,True,True,True,True,True
LI-Small,amlc_02086,e_6840596,1301357,True,57,7096,True,True,57,,True,True,True,True,True,True
LI-Small,amlc_02087,e_6841405,1302166,True,772,87963,True,True,772,,True,True,True,True,True,True
LI-Small,amlc_02088,e_6842596,1303357,False,2294,275815,True,False,2294,e_6920081,True,True,True,True,True,True
LI-Small,amlc_02089,e_6842727,1303488,True,34,5672,True,True,34,,True,True,True,True,True,True
LI-Small,amlc_02090,e_6842728,1303489,True,699,85266,True,True,699,,True,True,True,True,True,True
LI-Small,amlc_02091,e_6842749,1303510,True,56,7016,True,True,56,,True,True,True,True,True,True
LI-Small,amlc_02092,e_6843459,1304220,True,54,7108,True,True,54,,True,True,True,True,True,True
LI-Small,amlc_02093,e_6844109,1304870,True,258,30186,True,True,258,,True,True,True,True,True,True
LI-Small,amlc_02094,e_6844290,1305051,True,182,23310,True,True,182,,True,True,True,True,True,True
LI-Small,amlc_02095,e_6844511,1305272,True,7,1462,True,True,7,,True,True,True,True,True,True
LI-Small,amlc_02096,e_6844715,1305476,True,1078,123727,True,True,1078,,True,True,True,True,True,True
LI-Small,amlc_02097,e_6844815,1305576,True,212,26454,True,True,212,,True,True,True,True,True,True
LI-Small,amlc_02098,e_6845062,1305823,True,71,10027,True,True,71,,True,True,True,True,True,True
LI-Small,amlc_02099,e_6845064,1305825,False,2476,282437,True,False,2476,e_6922306,True,True,True,True,True,True
LI-Small,amlc_02100,e_6845619,1306380,True,333,39718,True,True,333,,True,True,True,True,True,True
LI-Small,amlc_02101,e_6847348,1308109,True,1053,121404,True,True,1053,,True,True,True,True,True,True
LI-Small,amlc_02102,e_6847740,1308501,True,36,5254,True,True,36,,True,True,True,True,True,True
LI-Small,amlc_02103,e_6849560,1310321,True,60,7572,True,True,60,,True,True,True,True,True,True
LI-Small,amlc_02104,e_6849701,1310462,True,819,94942,True,True,819,,True,True,True,True,True,True
LI-Small,amlc_02105,e_6850001,1310762,True,60,7230,True,True,60,,True,True,True,True,True,True
LI-Small,amlc_02106,e_6850943,1311704,True,19,3226,True,True,19,,True,True,True,True,True,True
LI-Small,amlc_02107,e_6852180,1312941,True,136,17291,True,True,136,,True,True,True,True,True,True
LI-Small,amlc_02108,e_6853537,1314298,True,300,36135,True,True,300,,True,True,True,True,True,True
LI-Small,amlc_02109,e_6854315,1315076,True,17,2712,True,True,17,,True,True,True,True,True,True
LI-Small,amlc_02110,e_6854316,1315077,True,185,23136,True,True,185,,True,True,True,True,True,True
LI-Small,amlc_02111,e_6854865,1315626,True,130,15385,True,True,130,,True,True,True,True,True,True
LI-Small,amlc_02112,e_6856171,1316932,True,692,78427,True,True,692,,True,True,True,True,True,True
LI-Small,amlc_02113,e_6857123,1317884,True,358,45499,True,True,358,,True,True,True,True,True,True
LI-Small,amlc_02114,e_6857492,1318253,True,238,29578,True,True,238,,True,True,True,True,True,True
LI-Small,amlc_02115,e_6857494,1318255,True,221,27087,True,True,221,,True,True,True,True,True,True
LI-Small,amlc_02116,e_6857496,1318257,True,90,11694,True,True,90,,True,True,True,True,True,True
LI-Small,amlc_02117,e_6857497,1318258,True,114,15625,True,True,114,,True,True,True,True,True,True
LI-Small,amlc_02118,e_6857499,1318260,True,266,34299,True,True,266,,True,True,True,True,True,True
LI-Small,amlc_02119,e_6857501,1318262,True,67,9091,True,True,67,,True,True,True,True,True,True
LI-Small,amlc_02120,e_6857503,1318264,True,23,3706,True,True,23,,True,True,True,True,True,True
LI-Small,amlc_02121,e_6857504,1318265,True,23,3706,True,True,23,,True,True,True,True,True,True
LI-Small,amlc_02122,e_6857506,1318267,True,34,5094,True,True,34,,True,True,True,True,True,True
LI-Small,amlc_02123,e_6857508,1318269,True,64,8912,True,True,64,,True,True,True,True,True,True
LI-Small,amlc_02124,e_6857510,1318271,True,63,9613,True,True,63,,True,True,True,True,True,True
LI-Small,amlc_02125,e_6857511,1318272,True,182,24597,True,True,182,,True,True,True,True,True,True
LI-Small,amlc_02126,e_6857513,1318274,True,146,18845,True,True,146,,True,True,True,True,True,True
LI-Small,amlc_02127,e_6857514,1318275,True,146,18845,True,True,146,,True,True,True,True,True,True
LI-Small,amlc_02128,e_6857516,1318277,True,332,40216,True,True,332,,True,True,True,True,True,True
LI-Small,amlc_02129,e_6857825,1318586,True,16,2420,True,True,16,,True,True,True,True,True,True
LI-Small,amlc_02130,e_6857933,1318694,True,792,94780,True,True,792,,True,True,True,True,True,True
LI-Small,amlc_02131,e_6857992,1318753,True,95,12693,True,True,95,,True,True,True,True,True,True
LI-Small,amlc_02132,e_6859203,1319964,True,408,49441,True,True,408,,True,True,True,True,True,True
LI-Small,amlc_02133,e_6861017,1321778,True,31,4040,True,True,31,,True,True,True,True,True,True
LI-Small,amlc_02134,e_6862565,1323326,True,15,2653,True,True,15,,True,True,True,True,True,True
LI-Small,amlc_02135,e_6862649,1323410,True,213,29838,True,True,213,,True,True,True,True,True,True
LI-Small,amlc_02136,e_6863044,1323805,True,321,40903,True,True,321,,True,True,True,True,True,True
LI-Small,amlc_02137,e_6864031,1324792,True,416,48172,True,True,416,,True,True,True,True,True,True
LI-Small,amlc_02138,e_6864303,1325064,True,423,51592,True,True,423,,True,True,True,True,True,True
LI-Small,amlc_02139,e_6865164,1325925,False,2254,270370,True,False,2254,e_6920342,True,True,True,True,True,True
LI-Small,amlc_02140,e_6865301,1326062,False,2309,275288,True,False,2309,e_6919629,True,True,True,True,True,True
LI-Small,amlc_02141,e_6865678,1326439,True,749,85503,True,True,749,,True,True,True,True,True,True
LI-Small,amlc_02142,e_6865768,1326529,True,195,23925,True,True,195,,True,True,True,True,True,True
LI-Small,amlc_02143,e_6866372,1327133,True,43,5649,True,True,43,,True,True,True,True,True,True
LI-Small,amlc_02144,e_6866916,1327677,True,229,27041,True,True,229,,True,True,True,True,True,True
LI-Small,amlc_02145,e_6867375,1328136,False,2292,260890,True,False,2292,e_6916893,True,True,True,True,True,True
LI-Small,amlc_02146,e_6868140,1328901,True,23,3905,True,True,23,,True,True,True,True,True,True
LI-Small,amlc_02147,e_6868621,1329382,True,99,13220,True,True,99,,True,True,True,True,True,True
LI-Small,amlc_02148,e_6869070,1329831,True,2,814,True,True,2,,True,True,True,True,True,True
LI-Small,amlc_02149,e_6870436,1331197,True,237,29206,True,True,237,,True,True,True,True,True,True
LI-Small,amlc_02150,e_6871229,1331990,True,32,5249,True,True,32,,True,True,True,True,True,True
LI-Small,amlc_02151,e_6871951,1332712,False,2017,231953,True,False,2017,e_6915922,True,True,True,True,True,True
LI-Small,amlc_02152,e_6872431,1333192,True,18,2741,True,True,18,,True,True,True,True,True,True
LI-Small,amlc_02153,e_6872670,1333431,True,19,2825,True,True,19,,True,True,True,True,True,True
LI-Small,amlc_02154,e_6873076,1333837,True,46,6223,True,True,46,,True,True,True,True,True,True
LI-Small,amlc_02155,e_6873685,1334446,True,962,123156,True,True,962,,True,True,True,True,True,True
LI-Small,amlc_02156,e_6873944,1334705,True,1508,182037,True,True,1508,,True,True,True,True,True,True
LI-Small,amlc_02157,e_6874702,1335463,True,73,9902,True,True,73,,True,True,True,True,True,True
LI-Small,amlc_02158,e_6874961,1335722,True,500,58990,True,True,500,,True,True,True,True,True,True
LI-Small,amlc_02159,e_6875267,1336028,True,394,47654,True,True,394,,True,True,True,True,True,True
LI-Small,amlc_02160,e_6875644,1336405,True,7,1508,True,True,7,,True,True,True,True,True,True
LI-Small,amlc_02161,e_6876386,1337147,True,182,22965,True,True,182,,True,True,True,True,True,True
LI-Small,amlc_02162,e_6876734,1337495,False,2052,246444,True,False,2052,e_6920228,True,True,True,True,True,True
LI-Small,amlc_02163,e_6876921,1337682,True,16,2717,True,True,16,,True,True,True,True,True,True
LI-Small,amlc_02164,e_6877005,1337766,True,945,112551,True,True,945,,True,True,True,True,True,True
LI-Small,amlc_02165,e_6877226,1337987,True,11,1989,True,True,11,,True,True,True,True,True,True
LI-Small,amlc_02166,e_6878061,1338822,False,2633,300466,True,False,2633,e_6910786,True,True,True,True,True,True
LI-Small,amlc_02167,e_6878600,1339361,True,277,33854,True,True,277,,True,True,True,True,True,True
LI-Small,amlc_02168,e_6878966,1339727,True,131,16742,True,True,131,,True,True,True,True,True,True
LI-Small,amlc_02169,e_6879786,1340547,True,151,19293,True,True,151,,True,True,True,True,True,True
LI-Small,amlc_02170,e_6880178,1340939,False,2586,293712,True,False,2586,e_6923915,True,True,True,True,True,True
LI-Small,amlc_02171,e_6880401,1341162,True,527,62505,True,True,527,,True,True,True,True,True,True
LI-Small,amlc_02172,e_6880489,1341250,True,590,71711,True,True,590,,True,True,True,True,True,True
LI-Small,amlc_02173,e_6880490,1341251,True,590,71711,True,True,590,,True,True,True,True,True,True
LI-Small,amlc_02174,e_6880491,1341252,True,590,71711,True,True,590,,True,True,True,True,True,True
LI-Small,amlc_02175,e_6880492,1341253,True,590,71711,True,True,590,,True,True,True,True,True,True
LI-Small,amlc_02176,e_6880568,1341329,False,2633,315395,True,False,2633,e_6920443,True,True,True,True,True,True
LI-Small,amlc_02177,e_6880572,1341333,True,23,3786,True,True,23,,True,True,True,True,True,True
LI-Small,amlc_02178,e_6882992,1343753,False,1980,227165,True,False,1980,e_6915335,True,True,True,True,True,True
LI-Small,amlc_02179,e_6885155,1345916,True,98,13992,True,True,98,,True,True,True,True,True,True
LI-Small,amlc_02180,e_6885537,1346298,True,242,30810,True,True,242,,True,True,True,True,True,True
LI-Small,amlc_02181,e_6887558,1348319,True,77,10564,True,True,77,,True,True,True,True,True,True
LI-Small,amlc_02182,e_6887582,1348343,True,554,63482,True,True,554,,True,True,True,True,True,True
LI-Small,amlc_02183,e_6887605,1348366,True,353,41456,True,True,353,,True,True,True,True,True,True
LI-Small,amlc_02184,e_6887705,1348466,True,93,13531,True,True,93,,True,True,True,True,True,True
LI-Small,amlc_02185,e_6888429,1349190,False,1619,188358,True,False,1619,e_6921438,True,True,True,True,True,True
LI-Small,amlc_02186,e_6888569,1349330,True,19,3284,True,True,19,,True,True,True,True,True,True
LI-Small,amlc_02187,e_6889524,1350285,True,54,7478,True,True,54,,True,True,True,True,True,True
LI-Small,amlc_02188,e_6889529,1350290,True,571,68742,True,True,571,,True,True,True,True,True,True
LI-Small,amlc_02189,e_6890050,1350811,True,124,15941,True,True,124,,True,True,True,True,True,True
LI-Small,amlc_02190,e_6890420,1351181,True,1475,172613,True,True,1475,,True,True,True,True,True,True
LI-Small,amlc_02191,e_6890422,1351183,True,1323,156175,True,True,1323,,True,True,True,True,True,True
LI-Small,amlc_02192,e_6890424,1351185,True,1421,166736,True,True,1421,,True,True,True,True,True,True
LI-Small,amlc_02193,e_6890426,1351187,True,1335,157647,True,True,1335,,True,True,True,True,True,True
LI-Small,amlc_02194,e_6890428,1351189,True,1409,165821,True,True,1409,,True,True,True,True,True,True
LI-Small,amlc_02195,e_6890430,1351191,True,1226,145673,True,True,1226,,True,True,True,True,True,True
LI-Small,amlc_02196,e_6890432,1351193,True,1344,158429,True,True,1344,,True,True,True,True,True,True
LI-Small,amlc_02197,e_6890434,1351195,True,1275,151233,True,True,1275,,True,True,True,True,True,True
LI-Small,amlc_02198,e_6890436,1351197,True,1385,162776,True,True,1385,,True,True,True,True,True,True
LI-Small,amlc_02199,e_6890438,1351199,True,1407,165356,True,True,1407,,True,True,True,True,True,True
LI-Small,amlc_02200,e_6890440,1351201,True,1326,156430,True,True,1326,,True,True,True,True,True,True
LI-Small,amlc_02201,e_6890442,1351203,True,1403,164805,True,True,1403,,True,True,True,True,True,True
LI-Small,amlc_02202,e_6890444,1351205,True,1373,161647,True,True,1373,,True,True,True,True,True,True
LI-Small,amlc_02203,e_6890446,1351207,True,1452,169952,True,True,1452,,True,True,True,True,True,True
LI-Small,amlc_02204,e_6890579,1351340,True,108,13752,True,True,108,,True,True,True,True,True,True
LI-Small,amlc_02205,e_6890720,1351481,True,1044,120505,True,True,1044,,True,True,True,True,True,True
LI-Small,amlc_02206,e_6891049,1351810,True,25,4303,True,True,25,,True,True,True,True,True,True
LI-Small,amlc_02207,e_6891326,1352087,True,71,10168,True,True,71,,True,True,True,True,True,True
LI-Small,amlc_02208,e_6891480,1352241,True,37,6267,True,True,37,,True,True,True,True,True,True
LI-Small,amlc_02209,e_6891691,1352452,True,341,42500,True,True,341,,True,True,True,True,True,True
LI-Small,amlc_02210,e_6892338,1353099,True,78,10101,True,True,78,,True,True,True,True,True,True
LI-Small,amlc_02211,e_6894161,1354922,True,133,15520,True,True,133,,True,True,True,True,True,True
LI-Small,amlc_02212,e_6894385,1355146,True,61,7462,True,True,61,,True,True,True,True,True,True
LI-Small,amlc_02213,e_6894868,1355629,True,915,106935,True,True,915,,True,True,True,True,True,True
LI-Small,amlc_02214,e_6895995,1356756,True,150,18735,True,True,150,,True,True,True,True,True,True
LI-Small,amlc_02215,e_6896741,1357502,True,169,21682,True,True,169,,True,True,True,True,True,True
LI-Small,amlc_02216,e_6897313,1358074,True,437,51896,True,True,437,,True,True,True,True,True,True
LI-Small,amlc_02217,e_6897543,1358304,True,943,112698,True,True,943,,True,True,True,True,True,True
LI-Small,amlc_02218,e_6898064,1358825,True,251,31295,True,True,251,,True,True,True,True,True,True
LI-Small,amlc_02219,e_6898338,1359099,True,122,15113,True,True,122,,True,True,True,True,True,True
LI-Small,amlc_02220,e_6898941,1359702,True,545,62846,True,True,545,,True,True,True,True,True,True
LI-Small,amlc_02221,e_6899799,1360560,True,804,94831,True,True,804,,True,True,True,True,True,True
LI-Small,amlc_02222,e_6900005,1360766,True,6,1262,True,True,6,,True,True,True,True,True,True
LI-Small,amlc_02223,e_6900853,1361614,True,473,55949,True,True,473,,True,True,True,True,True,True
LI-Small,amlc_02224,e_6900911,1361672,True,234,31285,True,True,234,,True,True,True,True,True,True
LI-Small,amlc_02225,e_6901201,1361962,True,236,30885,True,True,236,,True,True,True,True,True,True
LI-Small,amlc_02226,e_6901289,1362050,True,559,69380,True,True,559,,True,True,True,True,True,True
LI-Small,amlc_02227,e_6901321,1362082,True,835,104284,True,True,835,,True,True,True,True,True,True
LI-Small,amlc_02228,e_6901549,1362310,False,1780,208040,True,False,1780,e_6923570,True,True,True,True,True,True
LI-Small,amlc_02229,e_6902243,1363004,True,57,7600,True,True,57,,True,True,True,True,True,True
LI-Small,amlc_02230,e_6903843,1364604,True,271,33768,True,True,271,,True,True,True,True,True,True
LI-Small,amlc_02231,e_6903900,1364661,True,297,35241,True,True,297,,True,True,True,True,True,True
LI-Small,amlc_02232,e_6904208,1364969,True,741,84149,True,True,741,,True,True,True,True,True,True
LI-Small,amlc_02233,e_6904209,1364970,True,407,46768,True,True,407,,True,True,True,True,True,True
LI-Small,amlc_02234,e_6904324,1365085,True,32,4304,True,True,32,,True,True,True,True,True,True
LI-Small,amlc_02235,e_6904428,1365189,True,364,41572,True,True,364,,True,True,True,True,True,True
LI-Small,amlc_02236,e_6906203,1366964,True,38,4703,True,True,38,,True,True,True,True,True,True
LI-Small,amlc_02237,e_6906406,1367167,True,237,29977,True,True,237,,True,True,True,True,True,True
LI-Small,amlc_02238,e_6907649,1368410,True,662,79664,True,True,662,,True,True,True,True,True,True
LI-Small,amlc_02239,e_6907811,1368572,True,1151,137817,True,True,1151,,True,True,True,True,True,True
LI-Small,amlc_02240,e_6908433,1369194,True,587,69323,True,True,587,,True,True,True,True,True,True
LI-Small,amlc_02241,e_6908921,1369682,True,248,29624,True,True,248,,True,True,True,True,True,True
LI-Small,amlc_02242,e_6909492,1370253,True,700,81006,True,True,700,,True,True,True,True,True,True
LI-Small,amlc_02243,e_6911953,1372714,False,2136,272172,True,False,2136,e_6917613,True,True,True,True,True,True
LI-Small,amlc_02244,e_6912442,1373203,True,318,38042,True,True,318,,True,True,True,True,True,True
LI-Small,amlc_02245,e_6913864,1374625,True,57,8702,True,True,57,,True,True,True,True,True,True
LI-Small,amlc_02246,e_6914067,1374828,True,105,13779,True,True,105,,True,True,True,True,True,True
LI-Small,amlc_02247,e_6914370,1375131,True,153,19457,True,True,153,,True,True,True,True,True,True
LI-Small,amlc_02248,e_6914392,1375153,True,329,39376,True,True,329,,True,True,True,True,True,True
LI-Small,amlc_02249,e_6914618,1375379,True,290,34081,True,True,290,,True,True,True,True,True,True
LI-Small,amlc_02250,e_6914734,1375495,True,147,19093,True,True,147,,True,True,True,True,True,True
LI-Small,amlc_02251,e_6914797,1375558,False,2281,273432,True,False,2281,e_6919382,True,True,True,True,True,True
LI-Small,amlc_02252,e_6917505,1378266,True,62,8618,True,True,62,,True,True,True,True,True,True
LI-Small,amlc_02253,e_6917630,1378391,True,11,2115,True,True,11,,True,True,True,True,True,True
LI-Small,amlc_02254,e_6918531,1379292,True,638,74271,True,True,638,,True,True,True,True,True,True
LI-Small,amlc_02255,e_6920167,1380928,True,119,15510,True,True,119,,True,True,True,True,True,True
LI-Small,amlc_02256,e_6920381,1381142,True,184,22462,True,True,184,,True,True,True,True,True,True
LI-Small,amlc_02257,e_6920574,1381335,True,236,28396,True,True,236,,True,True,True,True,True,True
LI-Small,amlc_02258,e_6921098,1381859,True,15,2617,True,True,15,,True,True,True,True,True,True
LI-Small,amlc_02259,e_6921156,1381917,True,271,32073,True,True,271,,True,True,True,True,True,True
LI-Small,amlc_02260,e_6921684,1382445,True,89,10657,True,True,89,,True,True,True,True,True,True
LI-Small,amlc_02261,e_6921723,1382484,True,184,21393,True,True,184,,True,True,True,True,True,True
LI-Small,amlc_02262,e_6921858,1382619,True,322,37359,True,True,322,,True,True,True,True,True,True
LI-Small,amlc_02263,e_6922352,1383113,True,1266,146311,True,True,1266,,True,True,True,True,True,True
LI-Small,amlc_02264,e_6922486,1383247,False,2143,250270,True,False,2143,e_6917050,True,True,True,True,True,True
LI-Small,amlc_02265,e_6923119,1383880,False,2301,292832,True,False,2301,e_6923021,True,True,True,True,True,True
LI-Small,amlc_02266,e_6923185,1383946,True,265,32250,True,True,265,,True,True,True,True,True,True
LI-Small,amlc_02267,e_6923934,1384695,True,83,10658,True,True,83,,True,True,True,True,True,True
