case_id,dataset,gt_label,gt_typology,weight,LightGBM_GFP_prob,LightGBM_GFP_pred,LightGBM_GFP_typo,XGBoost_GFP_prob,XGBoost_GFP_pred,XGBoost_GFP_typo,GCPAL+GFP_prob,GCPAL+GFP_pred,GCPAL+GFP_typo,Ensemble_Soft_prob,Ensemble_Soft_pred,Ensemble_Soft_typo,GPT_OSS_120B_pred,GPT_OSS_120B_typo,GPT_OSS_120B_conf,GPT_OSS_20B_pred,GPT_OSS_20B_typo,GPT_OSS_20B_conf,Nemotron_3_Super_120B_pred,Nemotron_3_Super_120B_typo,Nemotron_3_Super_120B_conf,Nemotron_3_Nano_30B_pred,Nemotron_3_Nano_30B_typo,Nemotron_3_Nano_30B_conf,Qwen3_5_397B_A17B_pred,Qwen3_5_397B_A17B_typo,Qwen3_5_397B_A17B_conf,Qwen3_5_35B_A3B_pred,Qwen3_5_35B_A3B_typo,Qwen3_5_35B_A3B_conf,Qwen3_5_27B_pred,Qwen3_5_27B_typo,Qwen3_5_27B_conf
amlc_00000,HI-Small,1,legit,1.0,0.0005049450221243,0,fan-out,0.0010607265,0,fan-out,0.007782919,0,fan-out,0.0031161967863873,0,fan-out,0,,0.5,0,,0.5,0,,0.7,1,fan-out,0.8,1,fan-out,0.8,0,,0.7,0,,0.5
amlc_00001,HI-Small,0,legit,469.33800841514727,3.481841649525707e-05,0,bipartite,1.7953738e-05,0,stack,0.109928094,0,bipartite,0.0366602886684623,0,bipartite,1,fan-out,0.6,1,gather-scatter,0.6,1,random,0.8,1,gather-scatter,0.6,1,gather-scatter,0.8,1,gather-scatter,0.8,0,,0.5
amlc_00002,HI-Small,0,legit,483.5610098176718,0.0008326453538066,0,fan-out,0.0005694627,0,fan-out,0.026032632,0,fan-out,0.0091449134295314,0,fan-out,0,,0.5,0,,0.5,0,,0.5,0,,0.5,1,fan-out,0.8,1,gather-scatter,0.8,0,,0.5
amlc_00003,HI-Small,0,legit,469.33800841514727,0.0002548692974527,0,bipartite,8.0073114e-05,0,stack,0.13734457,0,fan-out,0.045893170459783,0,fan-out,1,fan-out,0.6,1,fan-out,0.6,1,fan-out,0.8,1,gather-scatter,0.8,1,fan-out,0.8,1,random,0.8,0,,0.5
amlc_00004,HI-Small,0,legit,469.33800841514727,1.229276207527934e-05,0,bipartite,3.4427165e-05,0,bipartite,0.008565301,0,bipartite,0.0028706736674816,0,bipartite,1,scatter-gather,0.8,1,fan-in,0.8,0,,0.7,1,gather-scatter,0.6,1,fan-in,0.8,1,random,0.8,1,fan-in,0.8
amlc_00005,HI-Small,1,legit,1.0,0.0162043244937415,0,bipartite,0.015963104,0,bipartite,0.4588953,0,bipartite,0.1636875746581076,0,bipartite,1,gather-scatter,0.6,1,gather-scatter,0.6,1,random,0.8,1,gather-scatter,0.8,1,gather-scatter,0.8,1,stack,0.8,1,stack,0.8
amlc_00006,HI-Small,1,legit,1.0,0.0414171813040614,0,fan-in,0.032043096,0,fan-in,0.0151289,0,fan-in,0.0295297257597128,0,fan-in,1,fan-out,0.6,1,fan-out,0.6,1,fan-out,0.8,1,bipartite,0.8,1,fan-out,0.8,1,fan-out,0.8,0,,0.5
amlc_00007,HI-Small,1,legit,1.0,0.0658079102577759,0,bipartite,0.019870669,0,bipartite,0.44089097,0,bipartite,0.175523182251122,0,bipartite,1,fan-out,0.6,1,fan-out,0.6,0,,0.7,1,gather-scatter,0.8,1,gather-scatter,0.8,1,gather-scatter,0.8,1,gather-scatter,0.8
amlc_00008,HI-Small,0,legit,483.5610098176718,1.9742995347744965e-05,0,bipartite,9.401114e-06,0,bipartite,0.0154846655,0,bipartite,0.0051712698765647,0,bipartite,1,gather-scatter,0.6,1,scatter-gather,0.6,1,fan-out,0.8,1,gather-scatter,0.6,1,gather-scatter,0.8,1,fan-out,0.8,1,gather-scatter,0.8
amlc_00009,HI-Small,1,legit,1.0,0.00132111039197,0,fan-out,0.000728128,0,fan-out,0.016923051,0,fan-out,0.0063240965772355,0,fan-out,0,,0.5,0,,0.5,1,fan-out,0.8,0,,0.7,1,fan-out,0.8,0,,0.7,0,,0.5
amlc_00010,HI-Small,0,legit,483.5610098176718,4.43931711972873e-05,0,bipartite,1.7103934e-05,0,stack,0.017781258,0,stack,0.0059475849114354,0,stack,1,fan-out,0.6,1,fan-out,0.8,1,random,0.8,1,gather-scatter,0.6,1,scatter-gather,0.8,1,gather-scatter,0.8,1,scatter-gather,0.8
amlc_00011,HI-Small,1,legit,1.0,0.0005584509445539,0,fan-out,0.0005333155,0,fan-out,0.0032251645,0,fan-out,0.0014389769867434,0,fan-out,0,,0.5,0,,0.5,0,,0.5,0,,0.5,0,,0.5,0,,0.5,0,,0.5
amlc_00012,HI-Small,0,legit,469.33800841514727,1.3255851763661052e-05,0,bipartite,3.4789562e-06,0,fan-in,0.0015873,0,scatter-gather,0.000534678262405,0,fan-in,1,fan-out,0.6,1,fan-out,0.6,1,fan-out,0.6,1,gather-scatter,0.8,1,fan-out,0.8,1,gather-scatter,0.8,1,scatter-gather,0.8
amlc_00013,HI-Small,0,legit,483.5610098176718,0.0001044972731755,0,random,8.8791094e-05,0,stack,0.026808187,0,random,0.0090004919108127,0,random,1,gather-scatter,0.6,1,gather-scatter,0.8,1,gather-scatter,0.8,1,gather-scatter,0.6,1,gather-scatter,0.8,0,,0.7,1,gather-scatter,0.8
amlc_00014,HI-Small,0,legit,469.33800841514727,0.0004749519857335,0,bipartite,0.00032102191,0,bipartite,0.32795066,0,bipartite,0.1095822101048268,0,bipartite,1,fan-out,0.6,1,fan-out,0.6,1,fan-out,0.6,1,gather-scatter,0.8,1,fan-out,0.8,1,fan-out,0.8,0,,0.5
amlc_00015,HI-Small,0,legit,469.33800841514727,0.0001264900112498,0,bipartite,0.0001237084,0,bipartite,0.007386876,0,bipartite,0.0025456914076029,0,bipartite,1,gather-scatter,0.6,0,,0.5,1,fan-out,0.6,1,gather-scatter,0.8,1,fan-out,0.8,1,gather-scatter,0.8,1,gather-scatter,0.8
amlc_00016,HI-Small,0,legit,469.33800841514727,1.601444885599165e-05,0,random,6.7149367e-06,0,bipartite,0.08490602,0,bipartite,0.0283095828853309,0,bipartite,1,stack,0.8,1,fan-out,0.6,1,fan-out,0.8,1,gather-scatter,0.8,1,scatter-gather,0.8,1,gather-scatter,0.8,1,gather-scatter,0.8
amlc_00017,HI-Small,0,legit,469.33800841514727,3.295261080005379e-05,0,bipartite,1.4886263e-05,0,bipartite,0.05954677,0,bipartite,0.0198648691796249,0,bipartite,1,fan-out,0.6,0,,0.5,1,gather-scatter,0.8,1,gather-scatter,0.6,1,stack,0.8,1,gather-scatter,0.8,1,scatter-gather,0.8
amlc_00018,HI-Small,0,legit,469.33800841514727,5.5651990530656087e-05,0,bipartite,1.3660807e-05,0,stack,0.010974847,0,random,0.0036813865259007,0,stack,1,scatter-gather,0.6,1,random,0.8,1,random,0.8,1,gather-scatter,0.6,1,scatter-gather,0.8,1,random,0.8,1,gather-scatter,0.8
amlc_00019,HI-Small,0,legit,469.33800841514727,1.4493819258598095e-05,0,bipartite,5.384002e-06,0,stack,0.010693498,0,bipartite,0.0035711252590789,0,bipartite,1,gather-scatter,0.6,1,scatter-gather,0.6,1,fan-out,0.8,1,gather-scatter,0.8,1,gather-scatter,0.8,1,gather-scatter,0.8,1,gather-scatter,0.8
amlc_00020,HI-Small,0,legit,469.33800841514727,0.0004845502221629,0,fan-out,0.00032140157,0,fan-out,0.008758779,0,fan-out,0.0031882434933957,0,fan-out,0,,0.5,0,,0.5,1,random,0.8,1,gather-scatter,0.8,1,fan-out,0.8,0,,0.7,0,,0.5
amlc_00021,HI-Small,0,legit,469.33800841514727,0.0001947284711723,0,bipartite,0.000109806424,0,bipartite,0.14008985,0,bipartite,0.0467981298310748,0,bipartite,1,gather-scatter,0.6,1,gather-scatter,0.6,1,scatter-gather,0.8,1,gather-scatter,0.8,1,gather-scatter,0.8,1,gather-scatter,0.8,0,,0.5
amlc_00022,HI-Small,0,legit,483.5610098176718,1.234037654866832e-05,0,bipartite,1.9468085e-05,0,bipartite,0.015263893,0,bipartite,0.0050985670573046,0,bipartite,1,fan-out,0.6,1,fan-out,0.8,1,fan-out,0.6,1,gather-scatter,0.8,1,fan-out,0.8,1,fan-out,0.8,0,,0.5
amlc_00023,HI-Small,0,legit,469.33800841514727,1.908756673753545e-05,0,bipartite,7.3785777e-06,0,stack,0.008541443,0,bipartite,0.0028559698432139,0,bipartite,1,gather-scatter,0.6,0,,0.5,1,scatter-gather,0.6,1,gather-scatter,0.6,1,gather-scatter,0.8,1,gather-scatter,0.8,1,gather-scatter,0.8
amlc_00024,HI-Small,0,legit,469.33800841514727,1.2639135322731143e-05,0,bipartite,5.9889217e-06,0,fan-in,0.0041706203,0,bipartite,0.0013964161350948,0,bipartite,1,fan-out,0.6,1,fan-out,0.6,1,fan-out,0.8,1,scatter-gather,0.6,1,fan-out,0.8,1,fan-out,0.8,1,fan-out,0.8
amlc_00025,HI-Small,0,legit,483.5610098176718,1.3770494125370188e-05,0,bipartite,7.780871e-06,0,stack,0.03721151,0,stack,0.0124110208830373,0,stack,1,scatter-gather,0.8,1,scatter-gather,0.6,0,,0.7,1,gather-scatter,0.6,1,fan-out,0.8,1,fan-out,0.8,0,,0.5
amlc_00026,HI-Small,0,legit,469.33800841514727,0.0001823004105771,0,bipartite,0.00042784665,0,bipartite,0.044458378,0,bipartite,0.0150228417227414,0,bipartite,1,gather-scatter,0.6,1,gather-scatter,0.6,1,gather-scatter,0.8,1,gather-scatter,0.6,1,gather-scatter,0.8,1,gather-scatter,0.8,1,gather-scatter,0.8
amlc_00027,HI-Small,0,legit,483.5610098176718,1.3858188279908273e-05,0,stack,1.4105503e-05,0,stack,0.021055449,0,bipartite,0.0070278041640005,0,stack,1,fan-out,0.6,1,cycle,0.8,1,fan-in,0.8,1,gather-scatter,0.6,1,scatter-gather,0.8,1,gather-scatter,0.8,1,random,0.8
amlc_00028,HI-Small,0,legit,469.33800841514727,0.000150638207391,0,bipartite,0.00013972065,0,bipartite,0.13390468,0,bipartite,0.0447316798225722,0,bipartite,1,gather-scatter,0.6,1,gather-scatter,0.6,1,fan-out,0.6,1,bipartite,0.8,1,bipartite,0.8,1,fan-out,0.8,0,,0.5
amlc_00029,HI-Small,0,legit,469.33800841514727,0.0002509147248988,0,bipartite,0.00025545384,0,bipartite,0.22652444,0,bipartite,0.0756769369986937,0,bipartite,1,fan-out,0.6,1,fan-out,0.6,1,fan-out,0.6,1,gather-scatter,0.6,1,fan-out,0.8,1,fan-out,0.8,0,,0.5
amlc_00030,HI-Small,1,legit,1.0,0.0248919814649088,0,bipartite,0.008735802,0,bipartite,0.05030486,0,bipartite,0.0279775477887147,0,bipartite,1,fan-out,0.6,1,fan-out,0.8,1,random,0.8,1,gather-scatter,0.6,1,scatter-gather,0.8,1,scatter-gather,0.8,1,scatter-gather,0.8
amlc_00031,HI-Small,1,legit,1.0,0.0140944766388895,0,stack,0.029735714,0,stack,0.17133436,0,stack,0.0717215156352043,0,stack,1,fan-out,0.6,1,fan-out,0.6,1,fan-out,0.6,1,gather-scatter,0.6,1,gather-scatter,0.8,1,scatter-gather,0.8,1,gather-scatter,0.8
amlc_00032,HI-Small,0,legit,469.33800841514727,4.950466761737632e-05,0,fan-in,4.673138e-05,0,fan-in,0.011461678,0,fan-in,0.0038526380029829,0,fan-in,1,fan-out,0.8,1,fan-out,0.6,1,fan-out,0.6,1,gather-scatter,0.6,1,fan-out,0.8,0,,0.7,0,,0.5
amlc_00033,HI-Small,0,legit,483.5610098176718,2.774025923544516e-05,0,bipartite,6.4631167e-06,0,stack,0.01906157,0,bipartite,0.006365257500143,0,bipartite,1,fan-in,0.6,1,fan-in,0.6,1,gather-scatter,0.6,1,gather-scatter,0.6,1,gather-scatter,0.8,0,,0.7,1,gather-scatter,0.8
amlc_00034,HI-Small,0,legit,483.5610098176718,0.0004675757154807,0,fan-out,0.00053827965,0,fan-out,0.013563325,0,fan-out,0.0048563933548202,0,fan-out,0,,0.5,0,,0.5,1,scatter-gather,0.8,1,gather-scatter,0.6,1,fan-out,0.8,1,fan-out,0.8,0,,0.5
amlc_00035,HI-Small,0,legit,1.0,0.4250677636220457,0,bipartite,0.15544514,0,bipartite,0.93119794,1,bipartite,0.5039036161685785,0,bipartite,1,fan-in,0.8,1,gather-scatter,0.6,1,gather-scatter,0.8,1,gather-scatter,0.8,1,gather-scatter,0.8,1,gather-scatter,0.8,1,gather-scatter,0.8
amlc_00036,HI-Small,1,legit,1.0,0.0524719947474397,0,fan-in,0.01946858,0,fan-in,0.09972512,0,fan-in,0.0572218979861073,0,fan-in,1,fan-out,0.6,1,fan-out,0.6,0,,0.7,1,gather-scatter,0.6,1,scatter-gather,0.8,1,fan-out,0.8,0,,0.5
amlc_00037,HI-Small,0,legit,469.33800841514727,8.076704666487515e-05,0,random,0.00013743047,0,scatter-gather,0.00611261,0,random,0.0021102691689366,0,random,1,fan-out,0.6,1,fan-out,0.8,1,fan-out,0.8,1,gather-scatter,0.8,1,fan-out,0.8,1,fan-out,0.8,0,,0.5
amlc_00038,HI-Small,1,legit,1.0,0.0005600281658629,0,fan-out,0.0001323666,0,fan-out,0.027698454,0,fan-out,0.0094636160915034,0,fan-out,0,,0.5,0,,0.5,0,fan-out,0.7,1,stack,0.8,1,fan-out,0.8,1,fan-out,0.8,0,,0.5
amlc_00039,HI-Small,0,legit,469.33800841514727,0.0006396892682222,0,random,0.0001569837,0,stack,0.005362254,0,stack,0.0020529756913595,0,stack,1,fan-out,0.8,1,fan-out,0.6,1,fan-out,0.8,1,gather-scatter,0.8,1,scatter-gather,0.8,1,stack,0.8,0,,0.5
amlc_00040,HI-Small,0,legit,483.5610098176718,1.2615720676718874e-05,0,bipartite,4.5280726e-06,0,fan-in,0.015502861,0,bipartite,0.0051733348543096,0,bipartite,1,gather-scatter,0.6,1,fan-out,0.6,1,fan-out,0.8,1,gather-scatter,0.6,1,gather-scatter,0.8,1,gather-scatter,0.8,1,gather-scatter,0.8
amlc_00041,HI-Small,1,legit,1.0,0.0304735379642418,0,fan-in,0.028356705,0,fan-in,0.42816013,0,fan-in,0.1623301246009327,0,fan-in,1,fan-in,0.6,1,fan-in,0.6,1,fan-in,0.6,1,gather-scatter,0.6,1,fan-in,0.8,1,fan-in,0.8,1,fan-in,0.8
amlc_00042,HI-Small,0,legit,483.5610098176718,1.937753914518556e-05,0,stack,1.58542e-05,0,stack,0.023483764,0,random,0.0078396653733482,0,stack,1,fan-out,0.6,1,scatter-gather,0.6,1,fan-out,0.6,1,gather-scatter,0.6,1,gather-scatter,0.8,1,gather-scatter,0.8,1,gather-scatter,0.8
amlc_00043,HI-Small,0,legit,469.33800841514727,7.087194033131788e-05,0,bipartite,2.0003823e-05,0,stack,0.08827163,0,stack,0.029454169517969,0,stack,1,fan-out,0.6,1,fan-out,0.6,1,fan-out,0.8,1,bipartite,0.8,1,fan-out,0.8,1,fan-out,0.8,0,,0.5
amlc_00044,HI-Small,0,legit,483.5610098176718,1.2212260796681123e-05,0,bipartite,5.327758e-06,0,fan-in,0.015225408,0,bipartite,0.005080982562124,0,bipartite,1,fan-out,0.6,0,,0.5,1,fan-out,0.8,1,gather-scatter,0.8,1,fan-out,0.8,1,gather-scatter,0.8,0,,0.7
amlc_00045,HI-Small,0,legit,483.5610098176718,1.2505212531712911e-05,0,bipartite,6.081857e-06,0,stack,0.014026744,0,bipartite,0.0046817771202423,0,bipartite,1,fan-out,0.6,0,,0.5,0,,0.7,1,bipartite,0.8,1,bipartite,0.8,1,gather-scatter,0.8,1,gather-scatter,0.8
amlc_00046,HI-Small,0,legit,469.33800841514727,6.0471459230352514e-05,0,random,1.7786038e-05,0,bipartite,0.16897763,0,bipartite,0.0563519635387433,0,bipartite,1,gather-scatter,0.6,1,gather-scatter,0.6,1,gather-scatter,0.8,1,scatter-gather,0.6,1,fan-out,0.8,0,,0.7,0,,0.5
amlc_00047,HI-Small,0,legit,1.0,0.6699160107719121,0,stack,0.42290872,0,stack,0.7941149,0,stack,0.6289798739468792,0,stack,1,fan-out,0.8,1,gather-scatter,0.6,1,random,0.8,1,gather-scatter,0.8,1,fan-out,0.8,1,gather-scatter,0.8,1,gather-scatter,0.8
amlc_00048,HI-Small,0,legit,469.33800841514727,3.1214956331647705e-05,0,bipartite,9.772036e-06,0,bipartite,0.04225441,0,bipartite,0.0140984658920834,0,bipartite,1,fan-out,0.8,0,,0.5,1,fan-out,0.6,1,gather-scatter,0.8,1,fan-out,0.8,0,,0.7,0,,0.5
amlc_00049,HI-Small,0,legit,483.5610098176718,0.001567306962699,0,fan-out,0.0005703828,0,fan-out,0.010123148,0,fan-out,0.0040869457994576,0,fan-out,0,,0.5,0,,0.5,1,fan-out,0.8,1,fan-out,0.6,1,fan-out,0.8,1,fan-out,0.8,0,,0.5
amlc_00050,HI-Small,0,legit,469.33800841514727,2.886839971931322e-05,0,bipartite,5.645303e-06,0,stack,0.0020280583,0,stack,0.0006875239953135,0,stack,1,fan-out,0.8,1,fan-out,0.6,1,random,0.8,1,gather-scatter,0.8,1,scatter-gather,0.8,1,gather-scatter,0.8,0,,0.5
amlc_00051,HI-Small,0,legit,483.5610098176718,6.824644557802097e-05,0,bipartite,5.178555e-05,0,stack,0.03468042,0,fan-out,0.0116001502224109,0,fan-out,1,gather-scatter,0.6,1,gather-scatter,0.6,1,fan-out,0.8,1,gather-scatter,0.8,1,gather-scatter,0.8,1,random,0.8,1,gather-scatter,0.8
amlc_00052,HI-Small,1,legit,1.0,0.0230371656303635,0,fan-in,0.005076002,0,fan-in,0.36461815,0,fan-in,0.1309104399580933,0,fan-in,1,scatter-gather,0.6,0,,0.5,1,fan-out,0.6,1,gather-scatter,0.6,1,scatter-gather,0.8,1,gather-scatter,0.8,1,scatter-gather,0.8
amlc_00053,HI-Small,0,legit,483.5610098176718,1.4924306537842188e-05,0,random,1.4298863e-05,0,fan-in,0.018061657,0,bipartite,0.0060302932247622,0,fan-in,1,gather-scatter,0.8,1,scatter-gather,0.6,0,random,0.7,1,gather-scatter,0.8,1,gather-scatter,0.8,1,gather-scatter,0.8,1,gather-scatter,0.8
amlc_00054,HI-Small,1,legit,1.0,0.0114338493777124,0,bipartite,0.026305463,0,bipartite,0.19068141,0,bipartite,0.0761402417862683,0,bipartite,1,fan-out,0.6,1,fan-out,0.6,1,fan-out,0.6,1,gather-scatter,0.6,1,gather-scatter,0.8,1,random,0.8,1,random,0.8
amlc_00055,HI-Small,0,legit,469.33800841514727,0.0092769385401239,0,bipartite,0.0009625014,0,bipartite,0.2348556,0,bipartite,0.0816983490279591,0,bipartite,1,gather-scatter,0.6,1,fan-out,0.6,0,,0.7,1,gather-scatter,0.6,1,gather-scatter,0.8,1,gather-scatter,0.8,1,gather-scatter,0.8
amlc_00056,HI-Small,1,legit,1.0,0.0009156397281588,0,fan-out,0.0025829177,0,fan-out,0.013507428,0,fan-out,0.0056686616880943,0,fan-out,0,,0.5,0,,0.5,0,,0.5,0,,0.5,1,fan-out,0.8,1,fan-out,0.8,0,,0.5
amlc_00057,HI-Small,1,legit,1.0,0.1129860066652498,0,bipartite,0.17120472,0,bipartite,0.5994081,0,bipartite,0.2945329375823405,0,bipartite,1,fan-in,0.8,1,random,0.8,1,random,0.8,1,gather-scatter,0.6,1,fan-in,0.8,1,gather-scatter,0.8,1,fan-in,0.8
amlc_00058,HI-Small,0,legit,483.5610098176718,3.702494777926445e-05,0,random,1.8899538e-05,0,bipartite,0.016522374,0,bipartite,0.0055260994966984,0,bipartite,1,fan-out,0.6,1,fan-out,0.6,0,,0.7,1,gather-scatter,0.8,1,fan-out,0.8,1,fan-out,0.8,0,,0.5
amlc_00059,HI-Small,0,legit,469.33800841514727,1.4280649309312957e-05,0,bipartite,2.6707808e-06,0,stack,0.0027120141,0,bipartite,0.0009096551871055,0,bipartite,1,scatter-gather,0.6,1,scatter-gather,0.8,1,fan-out,0.6,1,scatter-gather,0.8,1,fan-out,0.8,1,gather-scatter,0.8,1,fan-out,0.8
amlc_00060,HI-Small,1,legit,1.0,0.0003532873590351,0,fan-out,0.00037333835,0,fan-out,0.007821975,0,fan-out,0.0028495336613576,0,fan-out,0,,0.5,0,,0.5,0,,0.7,1,gather-scatter,0.8,1,fan-out,0.8,0,,0.7,0,,0.5
amlc_00061,HI-Small,1,legit,1.0,0.0421478255978439,0,stack,0.038285665,0,stack,0.1237369,0,stack,0.068056797961103,0,stack,1,gather-scatter,0.6,0,,0.5,1,fan-out,0.6,1,gather-scatter,0.8,1,gather-scatter,0.8,1,gather-scatter,0.8,1,gather-scatter,0.8
amlc_00062,HI-Small,0,legit,469.33800841514727,3.002041121116838e-05,0,bipartite,1.9056231e-05,0,stack,0.08741573,0,stack,0.0291549363619794,0,stack,1,gather-scatter,0.6,1,gather-scatter,0.6,1,gather-scatter,0.8,1,gather-scatter,0.8,1,gather-scatter,0.8,0,,0.7,1,gather-scatter,0.8
amlc_00063,HI-Small,0,legit,483.5610098176718,0.0002254044288561,0,fan-out,0.0003700139,0,fan-out,0.013429755,0,fan-out,0.004675057893255,0,fan-out,0,,0.5,0,,0.5,1,fan-out,0.8,1,gather-scatter,0.6,1,fan-out,0.8,0,,0.7,0,,0.5
amlc_00064,HI-Small,1,legit,1.0,0.0140999316736075,0,stack,0.014182409,0,stack,0.6230817,0,stack,0.217121341685918,0,stack,1,fan-out,0.8,1,fan-out,0.6,1,gather-scatter,0.6,1,cycle,0.8,1,scatter-gather,0.8,1,scatter-gather,0.8,1,fan-out,0.8
amlc_00065,HI-Small,0,legit,469.33800841514727,4.831013209520532e-05,0,random,2.2180837e-05,0,fan-out,0.04135885,0,stack,0.0138097806217586,0,fan-out,1,fan-out,0.6,1,gather-scatter,0.6,1,scatter-gather,0.8,1,gather-scatter,0.6,1,scatter-gather,0.8,1,gather-scatter,0.8,1,gather-scatter,0.8
amlc_00066,HI-Small,0,legit,469.33800841514727,1.6081219326782793e-05,0,bipartite,9.702637e-06,0,bipartite,0.0111902105,0,bipartite,0.0037386647750701,0,bipartite,1,gather-scatter,0.6,1,gather-scatter,0.6,1,gather-scatter,0.8,1,gather-scatter,0.8,1,gather-scatter,0.8,1,gather-scatter,0.8,1,gather-scatter,0.8
amlc_00067,HI-Small,1,legit,1.0,0.1725151265058613,0,fan-in,0.13987112,0,fan-in,0.25734946,0,fan-in,0.1899119027586015,0,fan-in,1,gather-scatter,0.6,1,fan-in,0.6,0,,0.7,1,gather-scatter,0.8,1,scatter-gather,0.8,1,scatter-gather,0.8,1,gather-scatter,0.8
amlc_00068,HI-Small,0,legit,469.33800841514727,0.000264846136345,0,bipartite,0.00020775998,0,bipartite,0.52099663,0,bipartite,0.173823078768838,0,bipartite,1,stack,0.8,1,stack,0.8,1,gather-scatter,0.6,1,gather-scatter,0.8,1,scatter-gather,0.8,1,scatter-gather,0.8,1,scatter-gather,0.8
amlc_00069,HI-Small,0,legit,483.5610098176718,1.2887135807663964e-05,0,stack,4.417191e-06,0,stack,0.01479313,0,bipartite,0.0049368113215887,0,stack,1,fan-out,0.6,0,,0.5,1,scatter-gather,0.6,1,random,0.8,1,fan-out,0.8,1,fan-out,0.8,1,fan-out,0.8
amlc_00070,HI-Small,0,legit,469.33800841514727,3.3465027964637325e-05,0,bipartite,1.0711464e-05,0,bipartite,0.106326126,0,bipartite,0.0354567673513189,0,bipartite,1,fan-out,0.6,1,cycle,0.8,1,fan-out,0.8,1,gather-scatter,0.8,1,gather-scatter,0.8,1,gather-scatter,0.8,1,gather-scatter,0.8
amlc_00071,HI-Small,1,legit,1.0,0.0057499472086436,0,fan-in,0.0074141314,0,fan-in,0.33125705,0,fan-in,0.1148070413009924,0,fan-in,1,scatter-gather,0.6,1,fan-out,0.6,1,gather-scatter,0.8,1,gather-scatter,0.6,1,scatter-gather,0.8,1,scatter-gather,0.8,1,scatter-gather,0.8
amlc_00072,HI-Small,0,legit,483.5610098176718,1.489144385981237e-05,0,random,5.2114915e-06,0,fan-in,0.0175402,0,bipartite,0.0058534342058247,0,fan-in,1,gather-scatter,0.6,1,gather-scatter,0.6,1,gather-scatter,0.6,1,gather-scatter,0.8,1,gather-scatter,0.8,1,gather-scatter,0.8,1,gather-scatter,0.8
amlc_00073,HI-Small,0,legit,469.33800841514727,0.0001361982038033,0,bipartite,8.120046e-05,0,bipartite,0.010016387,0,bipartite,0.0034112619968448,0,bipartite,0,,0.5,0,,0.5,1,fan-out,0.8,1,gather-scatter,0.8,1,fan-out,0.8,1,gather-scatter,0.8,0,,0.5
amlc_00074,HI-Small,0,legit,469.33800841514727,0.0159905338710872,0,fan-in,0.0308579,0,fan-in,0.02292649,0,fan-in,0.023258308260849,0,fan-in,1,fan-in,0.6,1,fan-in,0.6,1,fan-in,0.8,1,fan-in,0.6,1,fan-in,0.8,1,fan-in,0.8,1,fan-in,0.8
amlc_00075,HI-Small,0,legit,469.33800841514727,0.0004390689734517,0,fan-out,0.0004950921,0,fan-out,0.25907663,0,fan-out,0.0866702620701913,0,fan-out,0,,0.5,0,,0.5,1,fan-out,0.8,1,cycle,0.8,1,fan-out,0.8,1,fan-out,0.8,0,,0.5
amlc_00076,HI-Small,0,legit,483.5610098176718,1.874238983627418e-05,0,bipartite,1.0879109e-05,0,bipartite,0.018483303,0,bipartite,0.0061709749954259,0,bipartite,1,fan-in,0.6,1,fan-in,0.6,1,gather-scatter,0.8,1,gather-scatter,0.6,1,gather-scatter,0.8,1,gather-scatter,0.8,1,gather-scatter,0.8
amlc_00077,HI-Small,0,legit,469.33800841514727,1.7555437072580206e-05,0,bipartite,5.4332627e-06,0,bipartite,0.044783253,0,bipartite,0.0149354139741541,0,bipartite,1,fan-out,0.6,1,fan-out,0.6,1,scatter-gather,0.8,1,gather-scatter,0.8,1,scatter-gather,0.8,0,,0.7,0,,0.5
amlc_00078,HI-Small,1,cycle,1.0,0.9923015103632096,1,cycle,0.9978439,1,cycle,0.99830735,1,cycle,0.996150926281806,1,cycle,1,gather-scatter,0.6,1,gather-scatter,0.6,1,gather-scatter,0.8,1,gather-scatter,0.6,1,gather-scatter,0.8,1,gather-scatter,0.8,1,gather-scatter,0.8
amlc_00079,HI-Small,1,cycle,1.0,0.9926491079461084,1,cycle,0.9979416,1,cycle,0.9978013,1,cycle,0.99613067500232,1,cycle,1,scatter-gather,0.6,1,fan-in,0.6,1,fan-in,0.6,1,gather-scatter,0.6,1,fan-in,0.8,1,stack,0.8,1,fan-in,0.8
amlc_00080,HI-Small,1,cycle,1.0,0.9910212304135456,1,cycle,0.9952391,1,cycle,0.9969889,1,cycle,0.9944164006557826,1,cycle,1,scatter-gather,0.8,1,fan-in,0.6,1,random,0.8,1,gather-scatter,0.6,1,gather-scatter,0.8,1,gather-scatter,0.8,1,gather-scatter,0.8
amlc_00081,HI-Small,1,cycle,1.0,0.992999872384796,1,cycle,0.99775445,1,cycle,0.99755305,1,cycle,0.9961024591718548,1,cycle,1,stack,0.8,1,gather-scatter,0.6,1,gather-scatter,0.8,1,gather-scatter,0.8,1,gather-scatter,0.8,1,stack,0.8,1,stack,0.8
amlc_00082,HI-Small,0,legit,1.0,0.3136228055673922,0,cycle,0.0248865,0,cycle,0.9805795,1,cycle,0.4396962670292485,0,cycle,1,fan-in,0.8,1,gather-scatter,0.6,1,gather-scatter,0.8,1,gather-scatter,0.6,1,gather-scatter,0.8,1,gather-scatter,0.8,1,gather-scatter,0.8
amlc_00083,HI-Small,1,cycle,1.0,0.945974499648798,1,random,0.98807085,1,cycle,0.9753295,1,cycle,0.9697916211903056,1,cycle,1,fan-out,0.8,1,gather-scatter,0.6,1,fan-out,0.8,1,gather-scatter,0.8,1,gather-scatter,0.8,1,gather-scatter,0.8,1,gather-scatter,0.8
amlc_00084,HI-Small,1,cycle,1.0,0.9785534862148484,1,cycle,0.9645748,1,cycle,0.989291,1,cycle,0.9774731041149206,1,cycle,1,stack,0.8,1,fan-out,0.6,1,fan-out,0.6,1,gather-scatter,0.6,1,gather-scatter,0.8,1,random,0.8,0,,0.5
amlc_00085,HI-Small,0,legit,1.0,0.6534741443845172,0,cycle,0.15303782,0,cycle,0.92812645,1,cycle,0.578212805007979,0,cycle,1,fan-out,0.6,1,fan-out,0.6,1,gather-scatter,0.8,1,gather-scatter,0.6,1,gather-scatter,0.8,1,gather-scatter,0.8,1,gather-scatter,0.8
amlc_00086,HI-Small,1,cycle,1.0,0.9785737745509,1,cycle,0.9914387,1,cycle,0.92249507,1,cycle,0.9641691761727283,1,cycle,1,gather-scatter,0.6,1,gather-scatter,0.6,1,fan-out,0.6,1,gather-scatter,0.8,1,gather-scatter,0.8,1,gather-scatter,0.8,1,gather-scatter,0.8
amlc_00087,HI-Small,0,legit,1.0,0.3218840074484779,0,cycle,0.049046993,0,cycle,0.99322283,1,cycle,0.4547179444612805,0,cycle,1,fan-in,0.8,1,fan-in,0.6,1,random,0.8,1,gather-scatter,0.6,1,fan-in,0.8,1,stack,0.8,1,gather-scatter,0.8
amlc_00088,HI-Small,1,cycle,1.0,0.9578582093307674,1,cycle,0.992869,1,cycle,0.9928487,1,cycle,0.9811919743878742,1,cycle,1,gather-scatter,0.6,1,fan-in,0.6,1,fan-in,0.8,1,gather-scatter,0.6,1,fan-in,0.8,1,gather-scatter,0.8,1,fan-in,0.8
amlc_00089,HI-Small,0,legit,469.33800841514727,1.4663975155758634e-05,0,bipartite,9.222413e-06,0,fan-in,0.011811474,0,stack,0.0039451202420099,0,fan-in,1,fan-out,0.6,1,fan-out,0.6,1,scatter-gather,0.8,1,gather-scatter,0.6,1,gather-scatter,0.8,1,gather-scatter,0.8,0,,0.5
amlc_00090,HI-Small,0,legit,469.33800841514727,1.4271260502172802e-05,0,bipartite,1.6922186e-05,0,bipartite,0.0018740533,0,bipartite,0.0006350822383153,0,bipartite,1,gather-scatter,0.8,1,fan-out,0.6,0,,0.7,1,gather-scatter,0.8,1,scatter-gather,0.8,0,,0.7,0,,0.5
amlc_00091,HI-Small,0,legit,483.5610098176718,1.2038678570837343e-05,0,bipartite,3.5508078e-06,0,bipartite,0.020180652,0,bipartite,0.0067320804681523,0,bipartite,1,fan-out,0.8,1,gather-scatter,0.6,0,,0.7,1,random,0.8,1,gather-scatter,0.8,1,gather-scatter,0.8,0,,0.5
amlc_00092,HI-Small,1,legit,1.0,0.0205123101961597,0,bipartite,0.041240115,0,bipartite,0.547417,0,bipartite,0.2030564699832593,0,bipartite,1,fan-out,0.6,1,fan-out,0.6,1,fan-out,0.8,1,gather-scatter,0.6,1,fan-out,0.8,1,gather-scatter,0.8,1,scatter-gather,0.8
amlc_00093,HI-Small,0,legit,469.33800841514727,6.135808313312325e-05,0,stack,2.2862954e-05,0,stack,0.09471923,0,stack,0.0316011507220121,0,stack,1,fan-out,0.6,1,fan-out,0.6,1,fan-out,0.8,0,,0.7,1,fan-out,0.8,1,stack,0.8,0,,0.5
amlc_00094,HI-Small,0,legit,483.5610098176718,6.180050434485075e-05,0,stack,1.0990936e-05,0,stack,0.019595321,0,stack,0.0065560375694166,0,stack,1,fan-out,0.8,0,,0.5,0,,0.7,1,gather-scatter,0.6,1,fan-out,0.8,1,gather-scatter,0.8,0,,0.5
amlc_00095,HI-Small,0,legit,469.33800841514727,0.0010648031974216,0,stack,0.0046989946,0,stack,0.40630493,0,stack,0.1373562411490208,0,stack,1,fan-out,0.6,1,gather-scatter,0.6,1,fan-out,0.6,1,scatter-gather,0.6,1,fan-out,0.8,1,gather-scatter,0.8,0,,0.5
amlc_00096,HI-Small,0,legit,483.5610098176718,0.0004951778812671,0,fan-out,0.00032257618,0,fan-out,0.013224688,0,fan-out,0.0046808141385162,0,fan-out,0,,0.5,0,,0.5,1,fan-out,0.8,1,fan-out,0.8,1,fan-out,0.8,0,,0.7,0,,0.5
amlc_00097,HI-Small,0,legit,483.5610098176718,4.677929780067618e-05,0,stack,1.630621e-05,0,stack,0.018011723,0,stack,0.0060249360739881,0,stack,1,fan-out,0.6,1,scatter-gather,0.8,1,fan-out,0.6,1,gather-scatter,0.8,1,gather-scatter,0.8,1,fan-out,0.8,1,gather-scatter,0.8
amlc_00098,HI-Small,0,legit,469.33800841514727,1.271577052368468e-05,0,bipartite,3.887917e-06,0,fan-in,0.0066343388,0,fan-out,0.0022169808154852,0,fan-out,1,fan-out,0.6,0,,0.5,1,fan-in,0.6,1,gather-scatter,0.6,1,gather-scatter,0.8,1,stack,0.8,1,scatter-gather,0.8
amlc_00099,HI-Small,0,legit,483.5610098176718,0.0008958284399859,0,fan-out,0.0032055043,0,fan-out,0.009088966,0,fan-out,0.0043967662575163,0,fan-out,0,,0.5,0,,0.5,1,fan-out,0.8,1,gather-scatter,0.8,1,fan-out,0.8,1,fan-out,0.8,0,,0.5
amlc_00100,HI-Small,0,legit,469.33800841514727,0.0002313172634722,0,bipartite,0.00022322273,0,bipartite,0.13612631,0,bipartite,0.0455269498745999,0,bipartite,1,fan-out,0.8,1,fan-out,0.6,1,scatter-gather,0.6,1,gather-scatter,0.6,1,fan-out,0.8,1,gather-scatter,0.8,0,,0.5
amlc_00101,HI-Small,0,legit,483.5610098176718,0.0012194823579653,0,fan-out,0.00029204605,0,fan-out,0.017905306,0,fan-out,0.0064722781609363,0,fan-out,0,,0.5,0,,0.5,1,fan-out,0.8,1,bipartite,0.8,1,scatter-gather,0.8,1,fan-out,0.8,0,,0.5
amlc_00102,HI-Small,1,legit,1.0,0.0262070090254652,0,fan-in,0.036894143,0,fan-in,0.6747197,0,fan-in,0.2459402809765772,0,fan-in,1,fan-out,0.6,1,scatter-gather,0.6,1,fan-out,0.6,1,gather-scatter,0.8,1,scatter-gather,0.8,1,gather-scatter,0.8,1,gather-scatter,0.8
amlc_00103,HI-Small,0,legit,483.5610098176718,0.0006653083742216,0,fan-out,0.0011487178,0,fan-out,0.021503285,0,fan-out,0.00777243692498,0,fan-out,0,,0.5,0,,0.5,0,,0.7,1,gather-scatter,0.6,1,fan-out,0.8,0,,0.7,0,,0.5
amlc_00104,HI-Small,1,legit,1.0,0.0394964461431592,0,bipartite,0.10819101,0,bipartite,0.20707917,0,bipartite,0.1182555438712467,0,bipartite,1,fan-out,0.6,1,gather-scatter,0.6,1,fan-out,0.6,1,gather-scatter,0.8,1,fan-out,0.8,1,fan-out,0.8,0,,0.5
amlc_00105,HI-Small,0,legit,483.5610098176718,3.566447460042802e-05,0,stack,2.3964058e-05,0,stack,0.016167406,0,stack,0.0054090115083216,0,stack,1,gather-scatter,0.6,1,gather-scatter,0.6,1,fan-out,0.8,1,gather-scatter,0.6,1,gather-scatter,0.8,1,gather-scatter,0.8,0,,0.5
amlc_00106,HI-Small,0,legit,1.0,0.2096644147363034,0,fan-in,0.18852,0,fan-in,0.8214412,1,fan-in,0.4065418625582167,0,fan-in,1,fan-in,0.6,1,gather-scatter,0.6,1,fan-in,0.6,1,gather-scatter,0.8,1,fan-in,0.8,1,scatter-gather,0.8,1,fan-in,0.8
amlc_00107,HI-Small,0,legit,483.5610098176718,4.003957800628953e-05,0,stack,1.67351e-05,0,stack,0.034840085,0,bipartite,0.0116322864304157,0,stack,1,fan-out,0.6,1,fan-out,0.6,0,,0.7,1,fan-out,0.6,1,scatter-gather,0.8,1,fan-out,0.8,1,scatter-gather,0.8
amlc_00108,HI-Small,0,legit,469.33800841514727,3.682975678389914e-05,0,stack,1.20519e-05,0,stack,0.10207923,0,bipartite,0.0340427030744443,0,stack,1,fan-out,0.6,1,fan-out,0.6,0,fan-out,0.7,1,gather-scatter,0.6,1,gather-scatter,0.8,1,gather-scatter,0.8,1,gather-scatter,0.8
amlc_00109,HI-Small,0,legit,469.33800841514727,0.0006007028683737,0,fan-out,0.00038583385,0,fan-out,0.08581416,0,fan-out,0.0289335666010372,0,fan-out,0,,0.5,0,,0.5,0,,0.7,1,scatter-gather,0.8,1,fan-out,0.8,1,fan-out,0.8,0,,0.5
amlc_00110,HI-Small,0,legit,469.33800841514727,0.0005412641657058,0,bipartite,0.00024499677,0,bipartite,0.16573665,0,bipartite,0.0555076354660717,0,bipartite,1,fan-out,0.8,1,fan-out,0.6,0,,0.7,1,gather-scatter,0.8,1,fan-out,0.8,1,scatter-gather,0.8,0,,0.5
amlc_00111,HI-Small,0,legit,469.33800841514727,5.3595232739978905e-05,0,stack,1.3907132e-05,0,stack,0.10165272,0,bipartite,0.0339067404816253,0,stack,1,cycle,0.8,1,fan-out,0.6,1,gather-scatter,0.8,1,gather-scatter,0.6,1,fan-out,0.8,1,fan-out,0.8,1,fan-out,0.8
amlc_00112,HI-Small,1,legit,1.0,0.00953223600108,0,fan-in,0.0056056255,0,fan-in,0.64912695,0,fan-in,0.2214216027938444,0,fan-in,1,scatter-gather,0.6,1,gather-scatter,0.6,1,fan-in,0.6,1,gather-scatter,0.6,1,fan-in,0.8,1,gather-scatter,0.8,0,,0.5
amlc_00113,HI-Small,0,legit,469.33800841514727,0.0001842981668593,0,random,0.00022616106,0,fan-out,0.632893,0,fan-out,0.2111011617020994,0,fan-out,1,fan-out,0.6,1,fan-out,0.6,1,fan-out,0.8,1,gather-scatter,0.8,1,fan-out,0.8,0,,0.7,0,,0.5
amlc_00114,HI-Small,0,legit,483.5610098176718,0.0005247339359213,0,fan-out,0.000918795,0,fan-out,0.02439608,0,fan-out,0.008613203155023,0,fan-out,0,,0.5,0,,0.5,1,fan-out,0.8,1,gather-scatter,0.8,1,fan-out,0.8,0,,0.7,0,,0.5
amlc_00115,HI-Small,0,legit,483.5610098176718,5.050971989117394e-05,0,random,2.0973534e-05,0,stack,0.034698628,0,random,0.0115900370475283,0,random,1,fan-out,0.6,0,,0.5,1,fan-out,0.8,1,gather-scatter,0.6,1,fan-out,0.8,1,fan-out,0.8,0,,0.5
amlc_00116,HI-Small,0,legit,483.5610098176718,0.0004201767612886,0,fan-out,0.00041732128,0,fan-out,0.019255454,0,fan-out,0.0066976505873626,0,fan-out,0,,0.5,0,,0.5,0,,0.7,0,,0.7,1,fan-out,0.8,0,,0.7,0,,0.5
amlc_00117,HI-Small,0,legit,483.5610098176718,2.032020479094878e-05,0,bipartite,1.2225323e-05,0,bipartite,0.0139607135,0,random,0.0046644196828754,0,bipartite,1,gather-scatter,0.6,1,gather-scatter,0.8,0,random,0.7,1,random,0.8,1,gather-scatter,0.8,1,gather-scatter,0.8,1,gather-scatter,0.8
amlc_00118,HI-Small,0,legit,483.5610098176718,2.6457862558134792e-05,0,bipartite,4.5176766e-05,0,bipartite,0.028447926,0,bipartite,0.0095065202244855,0,bipartite,0,,0.5,0,,0.5,1,fan-out,0.8,1,gather-scatter,0.6,1,fan-out,0.8,1,fan-out,0.8,0,,0.5
amlc_00119,HI-Small,0,legit,483.5610098176718,0.0009015724613035,0,fan-out,0.00039411997,0,fan-out,0.015370932,0,fan-out,0.0055555416124619,0,fan-out,0,,0.5,0,,0.5,1,fan-out,0.8,1,gather-scatter,0.8,1,fan-out,0.8,0,,0.7,0,,0.5
amlc_00120,HI-Small,0,legit,483.5610098176718,2.75064830952357e-05,0,stack,6.729818e-06,0,stack,0.012934899,0,stack,0.0043230450861915,0,stack,1,gather-scatter,0.6,0,,0.5,1,random,0.8,1,gather-scatter,0.8,1,gather-scatter,0.8,1,gather-scatter,0.8,1,gather-scatter,0.8
amlc_00121,HI-Small,0,legit,469.33800841514727,1.726157758294793e-05,0,scatter-gather,1.8612769e-05,0,scatter-gather,0.0036589573,0,gather-scatter,0.001231610553461,0,scatter-gather,1,fan-out,0.6,0,,0.5,1,fan-out,0.8,1,gather-scatter,0.8,1,fan-out,0.8,1,fan-out,0.8,0,,0.5
amlc_00122,HI-Small,0,legit,469.33800841514727,1.515649650237676e-05,0,fan-in,9.159695e-06,0,fan-in,0.0029372373,0,fan-out,0.0009871844859361,0,fan-in,1,fan-out,0.8,1,gather-scatter,0.8,1,fan-out,0.6,1,gather-scatter,0.6,1,gather-scatter,0.8,1,gather-scatter,0.8,1,gather-scatter,0.8
amlc_00123,HI-Small,1,legit,1.0,0.0009910868109707,0,fan-out,0.0011137102,0,fan-out,0.01083407,0,fan-out,0.0043129556533427,0,fan-out,0,,0.5,0,,0.5,1,fan-out,0.8,1,gather-scatter,0.6,1,fan-out,0.8,1,fan-out,0.8,0,,0.5
amlc_00124,HI-Small,0,legit,469.33800841514727,0.0003592687448322,0,bipartite,0.00091564504,0,bipartite,0.10919336,0,bipartite,0.0368227586933667,0,bipartite,1,gather-scatter,0.6,1,gather-scatter,0.6,1,fan-out,0.8,1,gather-scatter,0.6,1,gather-scatter,0.8,1,gather-scatter,0.8,1,gather-scatter,0.8
amlc_00125,HI-Small,0,legit,469.33800841514727,1.3729678859628784e-05,0,bipartite,7.465295e-06,0,bipartite,0.011515424,0,bipartite,0.0038455395430755,0,bipartite,1,gather-scatter,0.6,1,gather-scatter,0.6,1,fan-out,0.8,1,gather-scatter,0.6,1,gather-scatter,0.8,1,cycle,0.8,0,,0.5
amlc_00126,HI-Small,0,legit,469.33800841514727,1.3558730456661776e-05,0,bipartite,6.0098196e-06,0,bipartite,0.010634967,0,stack,0.0035515118919935,0,bipartite,1,random,0.8,1,random,0.8,1,scatter-gather,0.6,1,gather-scatter,0.8,1,gather-scatter,0.8,1,gather-scatter,0.8,1,gather-scatter,0.8
amlc_00127,HI-Small,0,legit,469.33800841514727,1.3185751125405592e-05,0,bipartite,7.758701e-06,0,bipartite,0.00537262,0,bipartite,0.001797854879952,0,bipartite,1,fan-out,0.6,1,fan-out,0.6,1,fan-out,0.8,1,gather-scatter,0.6,1,gather-scatter,0.8,1,gather-scatter,0.8,1,gather-scatter,0.8
amlc_00128,HI-Small,0,legit,469.33800841514727,1.2462318040681292e-05,0,bipartite,2.7724527e-05,0,fan-in,0.052363724,0,bipartite,0.0174679701205589,0,bipartite,1,fan-out,0.8,1,gather-scatter,0.6,1,gather-scatter,0.6,1,gather-scatter,0.6,1,gather-scatter,0.8,1,gather-scatter,0.8,1,gather-scatter,0.8
amlc_00129,HI-Small,1,fan-out,1.0,0.9525536043751908,1,fan-out,0.9942242,1,fan-out,0.9673417,1,fan-out,0.9713731720483526,1,fan-out,1,scatter-gather,0.6,1,fan-out,0.6,1,fan-out,0.8,1,gather-scatter,0.6,1,fan-out,0.8,1,gather-scatter,0.8,0,,0.5
amlc_00130,HI-Small,1,fan-out,1.0,0.964497240093419,1,fan-out,0.9935007,1,fan-out,0.9799675,1,fan-out,0.9793218081881832,1,fan-out,1,gather-scatter,0.6,0,,0.7,1,scatter-gather,0.8,1,gather-scatter,0.6,1,fan-out,0.8,0,,0.7,0,,0.5
amlc_00131,HI-Small,1,fan-out,1.0,0.9915639839775846,1,scatter-gather,0.99889404,1,scatter-gather,0.99192774,1,scatter-gather,0.9941285875839486,1,scatter-gather,1,fan-out,0.8,1,fan-out,0.6,1,fan-out,0.8,1,gather-scatter,0.8,1,scatter-gather,0.8,0,,0.7,0,,0.5
amlc_00132,HI-Small,1,fan-out,1.0,0.8810680077501776,1,fan-out,0.98570853,1,fan-out,0.9823548,1,fan-out,0.9497104540807882,1,fan-out,1,stack,0.8,1,fan-out,0.6,1,fan-out,0.6,1,random,0.8,1,fan-out,0.8,1,bipartite,0.8,0,,0.5
amlc_00133,HI-Small,1,fan-out,1.0,0.9712932996335482,1,fan-out,0.9979491,1,fan-out,0.99534833,1,fan-out,0.9881969191095186,1,fan-out,1,random,0.8,1,fan-out,0.6,1,random,0.8,0,,0.7,1,fan-out,0.8,1,fan-out,0.8,0,,0.5
amlc_00134,HI-Small,1,fan-out,1.0,0.977630007122212,1,fan-out,0.99796903,1,fan-out,0.9856278,1,fan-out,0.9870756029600082,1,fan-out,1,fan-out,0.8,1,fan-out,0.6,0,,0.7,1,gather-scatter,0.6,1,fan-out,0.8,1,gather-scatter,0.8,0,,0.5
amlc_00135,HI-Small,1,fan-out,1.0,0.955123122939165,1,fan-out,0.99682474,1,fan-out,0.95289767,1,fan-out,0.9682818440625056,1,fan-out,1,fan-out,0.8,1,fan-out,0.6,1,fan-out,0.8,1,scatter-gather,0.8,1,scatter-gather,0.8,1,fan-out,0.8,0,,0.5
amlc_00136,HI-Small,0,legit,483.5610098176718,3.068946196166683e-05,0,bipartite,9.406827e-06,0,stack,0.01797512,0,bipartite,0.0060050720543819,0,bipartite,1,gather-scatter,0.6,1,gather-scatter,0.6,1,gather-scatter,0.6,1,scatter-gather,0.8,1,gather-scatter,0.8,1,gather-scatter,0.8,1,gather-scatter,0.8
amlc_00137,HI-Small,0,legit,483.5610098176718,1.891553838403322e-05,0,bipartite,3.925051e-05,0,bipartite,0.019758474,0,bipartite,0.0066055467100034,0,bipartite,1,fan-out,0.6,1,fan-out,0.8,0,,0.7,0,cycle,0.7,1,random,0.8,1,gather-scatter,0.8,1,fan-out,0.8
amlc_00138,HI-Small,0,legit,483.5610098176718,0.0013312526954675,0,fan-out,0.0007203593,0,fan-out,0.021718081,0,fan-out,0.0079232310363824,0,fan-out,0,,0.5,0,,0.5,1,fan-out,0.8,1,gather-scatter,0.8,1,fan-out,0.8,1,fan-out,0.8,0,,0.5
amlc_00139,HI-Small,0,legit,469.33800841514727,0.0001057207559363,0,stack,2.7942337e-05,0,stack,0.09617663,0,stack,0.0321034316137378,0,stack,1,fan-out,0.6,1,fan-out,0.6,1,gather-scatter,0.8,1,scatter-gather,0.8,1,scatter-gather,0.8,1,gather-scatter,0.8,0,,0.5
amlc_00140,HI-Small,0,legit,483.5610098176718,0.0018758116174948,0,fan-in,0.0020465325,0,fan-in,0.025561571,0,fan-in,0.0098279717339976,0,fan-in,1,fan-in,0.6,0,,0.5,1,fan-in,0.6,1,gather-scatter,0.6,1,fan-in,0.8,1,fan-in,0.8,1,fan-in,0.8
amlc_00141,HI-Small,0,legit,483.5610098176718,2.146450104821273e-05,0,bipartite,2.2151604e-05,0,bipartite,0.035238687,0,bipartite,0.0117607676846355,0,bipartite,1,gather-scatter,0.6,0,,0.5,1,scatter-gather,0.8,1,gather-scatter,0.6,1,fan-out,0.8,1,gather-scatter,0.8,1,gather-scatter,0.8
amlc_00142,HI-Small,0,legit,469.33800841514727,1.397335878915008e-05,0,bipartite,5.3524373e-06,0,stack,0.004070742,0,stack,0.0013633559506063,0,stack,1,fan-in,0.6,1,fan-in,0.6,0,,0.7,1,gather-scatter,0.8,1,fan-in,0.8,0,,0.7,1,fan-in,0.8
amlc_00143,HI-Small,0,legit,469.33800841514727,1.800752186850811e-05,0,stack,6.7040346e-06,0,bipartite,0.00885428,0,bipartite,0.0029596639274683,0,bipartite,1,fan-out,0.8,0,,0.5,1,scatter-gather,0.6,1,gather-scatter,0.6,1,gather-scatter,0.8,1,fan-out,0.8,1,gather-scatter,0.8
amlc_00144,HI-Small,0,legit,469.33800841514727,1.4860515286818648e-05,0,fan-in,5.6130943e-06,0,fan-in,0.07487278,0,fan-out,0.0249644168251969,0,fan-in,1,cycle,0.8,1,fan-out,0.6,1,scatter-gather,0.6,1,gather-scatter,0.8,1,gather-scatter,0.8,1,gather-scatter,0.8,1,gather-scatter,0.8
amlc_00145,HI-Small,0,legit,469.33800841514727,8.254202088790613e-05,0,stack,1.762788e-05,0,bipartite,0.10251778,0,stack,0.0342059845145275,0,stack,1,bipartite,0.8,0,,0.7,0,,0.7,1,cycle,0.8,1,stack,0.8,1,gather-scatter,0.8,1,gather-scatter,0.8
amlc_00146,HI-Small,1,legit,1.0,0.0042071566733154,0,fan-in,0.0110516455,0,fan-in,0.7394077,0,fan-in,0.2515555067857912,0,fan-in,1,fan-out,0.6,0,,0.5,1,fan-out,0.8,1,gather-scatter,0.6,1,gather-scatter,0.8,1,scatter-gather,0.8,1,gather-scatter,0.8
amlc_00147,HI-Small,0,legit,469.33800841514727,0.0006454857592849,0,fan-out,0.00083566376,0,fan-out,0.15731803,0,fan-out,0.0529330584473723,0,fan-out,0,,0.5,0,,0.5,1,fan-out,0.8,1,bipartite,0.8,1,fan-out,0.8,0,,0.7,0,,0.5
amlc_00148,HI-Small,0,legit,469.33800841514727,1.2370536002115503e-05,0,bipartite,4.9862765e-06,0,fan-in,0.065859266,0,bipartite,0.0219588741459956,0,bipartite,1,fan-out,0.8,1,fan-out,0.6,1,fan-out,0.8,1,cycle,0.8,1,fan-out,0.8,1,fan-out,0.8,0,,0.5
amlc_00149,HI-Small,0,legit,469.33800841514727,1.5797301411912686e-05,0,bipartite,1.233551e-05,0,bipartite,0.0072581945,0,bipartite,0.0024287757701403,0,bipartite,1,fan-out,0.6,1,fan-out,0.6,1,gather-scatter,0.8,1,gather-scatter,0.8,1,scatter-gather,0.8,1,gather-scatter,0.8,1,fan-out,0.8
amlc_00150,HI-Small,0,legit,469.33800841514727,0.0011570682605154,0,bipartite,0.0016576471,0,bipartite,0.17546126,0,bipartite,0.0594253259352527,0,bipartite,1,gather-scatter,0.8,1,bipartite,0.8,1,random,0.8,1,gather-scatter,0.6,1,gather-scatter,0.8,1,cycle,0.8,1,gather-scatter,0.8
amlc_00151,HI-Small,1,legit,1.0,0.0503787405567112,0,bipartite,0.13098352,0,bipartite,0.18912725,0,bipartite,0.1234965028788229,0,bipartite,1,scatter-gather,0.6,1,scatter-gather,0.8,1,fan-out,0.6,1,gather-scatter,0.6,1,fan-out,0.8,1,gather-scatter,0.8,1,gather-scatter,0.8
amlc_00152,HI-Small,1,legit,1.0,0.0010381249303707,0,fan-out,0.0005171325,0,fan-out,0.013882342,0,fan-out,0.0051458664141521,0,fan-out,0,,0.5,0,,0.5,0,,0.5,0,,0.5,0,,0.5,0,,0.5,0,,0.5
amlc_00153,HI-Small,0,legit,483.5610098176718,3.0023188389515563e-05,0,stack,1.3564914e-05,0,stack,0.020409483,0,stack,0.006817690521753,0,stack,1,scatter-gather,0.6,1,scatter-gather,0.8,1,fan-out,0.8,1,cycle,0.8,1,scatter-gather,0.8,1,gather-scatter,0.8,0,,0.5
amlc_00154,HI-Small,0,legit,469.33800841514727,1.2703337634433192e-05,0,bipartite,1.9398472e-06,0,bipartite,0.0031807055,0,bipartite,0.0010651162204463,0,bipartite,1,fan-out,0.6,1,fan-out,0.6,1,fan-out,0.8,1,gather-scatter,0.6,1,fan-out,0.8,0,,0.7,0,,0.5
amlc_00155,HI-Small,0,legit,483.5610098176718,1.3698537294185036e-05,0,bipartite,5.8198334e-06,0,bipartite,0.025216896,0,bipartite,0.0084121381525433,0,bipartite,1,fan-out,0.8,1,fan-out,0.6,1,random,0.8,1,gather-scatter,0.6,1,scatter-gather,0.8,1,gather-scatter,0.8,1,fan-out,0.8
amlc_00156,HI-Small,0,legit,483.5610098176718,0.0001588065549028,0,stack,5.2547886e-05,0,stack,0.02271992,0,stack,0.0076437580409167,0,stack,1,fan-out,0.6,1,fan-out,0.6,0,,0.7,1,gather-scatter,0.6,1,scatter-gather,0.8,0,,0.7,0,,0.5
amlc_00157,HI-Small,0,legit,469.33800841514727,1.2512197933719058e-05,0,bipartite,8.227612e-06,0,fan-in,0.010672417,0,bipartite,0.0035643854492922,0,bipartite,1,fan-out,0.8,1,cycle,0.8,1,scatter-gather,0.8,1,gather-scatter,0.6,1,scatter-gather,0.8,1,fan-out,0.8,0,,0.5
amlc_00158,HI-Small,0,legit,469.33800841514727,6.445043737522658e-05,0,scatter-gather,2.2673716e-05,0,scatter-gather,0.005288914,0,scatter-gather,0.0017920126663464,0,scatter-gather,1,fan-out,0.8,1,fan-out,0.6,1,fan-out,0.8,1,gather-scatter,0.8,1,fan-out,0.8,1,random,0.8,0,,0.5
amlc_00159,HI-Small,0,legit,483.5610098176718,3.799378406768034e-05,0,bipartite,1.2930928e-05,0,stack,0.02757367,0,bipartite,0.0092081980138772,0,bipartite,1,fan-out,0.6,0,,0.5,1,fan-out,0.8,1,random,0.8,1,fan-out,0.8,1,gather-scatter,0.8,0,,0.5
amlc_00160,HI-Small,0,legit,483.5610098176718,1.444573423725321e-05,0,stack,8.189198e-06,0,stack,0.029652337,0,bipartite,0.0098916571813987,0,stack,1,gather-scatter,0.6,1,gather-scatter,0.6,1,fan-out,0.8,1,gather-scatter,0.6,1,gather-scatter,0.8,1,gather-scatter,0.8,1,gather-scatter,0.8
amlc_00161,HI-Small,0,legit,469.33800841514727,1.506445600213812e-05,0,stack,6.1222054e-06,0,stack,0.043760683,0,bipartite,0.0145939566829657,0,stack,1,fan-out,0.6,1,fan-out,0.6,1,fan-out,0.8,1,gather-scatter,0.8,1,scatter-gather,0.8,1,gather-scatter,0.8,1,scatter-gather,0.8
amlc_00162,HI-Small,0,legit,483.5610098176718,1.2394346943765216e-05,0,random,2.2788669e-05,0,fan-in,0.024119888,0,scatter-gather,0.0080516901721491,0,fan-in,1,fan-in,0.6,1,fan-in,0.8,0,,0.7,1,fan-out,0.8,1,fan-in,0.8,1,fan-in,0.8,1,fan-in,0.8
amlc_00163,HI-Small,1,legit,1.0,0.0805785601314387,0,stack,0.11064948,0,stack,0.5794584,0,stack,0.2568954856851525,0,stack,1,random,0.8,1,gather-scatter,0.6,1,fan-in,0.8,1,gather-scatter,0.8,1,gather-scatter,0.8,1,gather-scatter,0.8,1,gather-scatter,0.8
amlc_00164,HI-Small,0,legit,469.33800841514727,1.4439414631067236e-05,0,fan-in,1.2126759e-05,0,fan-in,0.048693486,0,bipartite,0.0162400172440311,0,fan-in,1,fan-out,0.6,1,fan-out,0.6,1,fan-out,0.6,1,stack,0.8,1,fan-out,0.8,1,fan-out,0.8,0,,0.5
amlc_00165,HI-Small,0,legit,469.33800841514727,1.3077242026597008e-05,0,random,2.565293e-06,0,fan-in,0.0015610745,0,random,0.0005255723509033,0,random,1,fan-out,0.6,1,gather-scatter,0.6,1,gather-scatter,0.8,1,gather-scatter,0.8,1,fan-out,0.8,1,gather-scatter,0.8,1,fan-out,0.8
amlc_00166,HI-Small,0,legit,469.33800841514727,1.4824913205843136e-05,0,stack,9.326714e-06,0,fan-in,0.07902068,0,bipartite,0.0263482768745994,0,fan-in,1,fan-out,0.6,1,fan-out,0.6,0,,0.7,1,gather-scatter,0.8,1,fan-out,0.8,1,fan-out,0.8,0,,0.5
amlc_00167,HI-Small,0,legit,483.5610098176718,1.4138307238239205e-05,0,bipartite,1.3730916e-05,0,fan-in,0.039545085,0,bipartite,0.0131909848348506,0,bipartite,1,fan-out,0.6,1,gather-scatter,0.8,1,fan-out,0.6,1,gather-scatter,0.8,1,gather-scatter,0.8,1,gather-scatter,0.8,0,,0.5
amlc_00168,HI-Small,1,legit,1.0,0.052780501486066,0,bipartite,0.043502294,0,bipartite,0.4412233,0,bipartite,0.1791686961853514,0,bipartite,1,fan-out,0.8,1,gather-scatter,0.6,1,fan-out,0.8,1,gather-scatter,0.6,1,fan-out,0.8,1,gather-scatter,0.8,0,,0.5
amlc_00169,HI-Small,0,legit,469.33800841514727,1.560575989961104e-05,0,stack,1.2075904e-05,0,stack,0.06420461,0,bipartite,0.0214107641827376,0,stack,1,fan-out,0.8,1,fan-in,0.8,1,gather-scatter,0.8,1,gather-scatter,0.6,1,gather-scatter,0.8,1,gather-scatter,0.8,1,stack,0.8
amlc_00170,HI-Small,0,legit,469.33800841514727,1.6016511725073987e-05,0,bipartite,6.4504975e-06,0,bipartite,0.14945246,0,bipartite,0.0498249766005386,0,bipartite,1,fan-out,0.6,1,fan-out,0.6,1,fan-out,0.6,1,gather-scatter,0.8,1,fan-out,0.8,0,,0.7,1,fan-out,0.8
amlc_00171,HI-Small,0,legit,483.5610098176718,1.775486136571274e-05,0,bipartite,7.5572484e-06,0,bipartite,0.035215903,0,bipartite,0.0117470717277747,0,bipartite,1,fan-out,0.6,1,fan-out,0.6,1,fan-out,0.8,1,gather-scatter,0.8,1,scatter-gather,0.8,1,gather-scatter,0.8,0,,0.5
amlc_00172,HI-Small,1,stack,1.0,0.95713329716362,1,stack,0.91651404,1,stack,0.92723715,1,stack,0.9336281630855052,1,stack,1,fan-out,0.6,1,fan-out,0.6,1,fan-out,0.8,1,gather-scatter,0.6,1,fan-out,0.8,1,fan-out,0.8,0,,0.5
amlc_00173,HI-Small,1,stack,1.0,0.9750729129413404,1,stack,0.99632704,1,stack,0.9830247,1,stack,0.9848082239660833,1,stack,1,random,0.8,1,fan-out,0.6,0,,0.7,1,gather-scatter,0.6,1,random,0.8,1,stack,0.8,1,gather-scatter,0.8
amlc_00174,HI-Small,1,stack,1.0,0.8642416677311016,1,stack,0.82762146,1,stack,0.7453072,0,stack,0.812390111599861,1,stack,1,fan-out,0.6,1,fan-out,0.6,1,fan-out,0.8,1,fan-out,0.8,1,fan-out,0.8,1,fan-out,0.8,0,,0.5
amlc_00175,HI-Small,1,stack,1.0,0.9322013900580884,1,stack,0.97412217,1,stack,0.95864713,1,stack,0.9549902295371852,1,stack,1,fan-out,0.6,1,fan-out,0.6,1,fan-out,0.8,1,scatter-gather,0.6,1,fan-out,0.8,1,fan-out,0.8,0,,0.5
amlc_00176,HI-Small,1,stack,1.0,0.8844986384482008,1,random,0.9719407,1,stack,0.9295947,1,random,0.9286780100852524,1,random,1,fan-out,0.6,1,fan-out,0.8,1,fan-out,0.8,1,gather-scatter,0.6,1,fan-out,0.8,1,fan-out,0.8,0,,0.5
amlc_00177,HI-Small,1,stack,1.0,0.9581117701894014,1,stack,0.99383146,1,stack,0.9567114,1,stack,0.9695515457910288,1,stack,1,fan-out,0.6,1,fan-out,0.6,1,scatter-gather,0.6,1,gather-scatter,0.6,1,scatter-gather,0.8,1,fan-out,0.8,0,,0.7
amlc_00178,HI-Small,1,stack,1.0,0.986875491485763,1,stack,0.9930569,1,stack,0.9724978,1,stack,0.9841434018962146,1,stack,1,fan-in,0.6,1,fan-in,0.6,1,fan-out,0.8,1,gather-scatter,0.6,1,fan-in,0.8,1,fan-in,0.8,1,fan-in,0.8
amlc_00179,HI-Small,1,stack,1.0,0.944419883416736,1,stack,0.9926011,1,stack,0.93031657,1,stack,0.955779182489264,1,stack,1,fan-out,0.6,1,fan-out,0.6,1,fan-out,0.6,1,gather-scatter,0.6,1,stack,0.8,1,stack,0.8,1,fan-out,0.8
amlc_00180,HI-Small,1,stack,1.0,0.987373872537836,1,stack,0.99940383,1,stack,0.98890674,1,stack,0.9918948160076884,1,stack,1,fan-out,0.6,1,fan-out,0.6,1,fan-out,0.8,1,bipartite,0.8,1,fan-out,0.8,0,,0.7,0,,0.5
amlc_00181,HI-Small,1,stack,1.0,0.9835428740478408,1,stack,0.99757516,1,stack,0.9937434,1,stack,0.9916204858454352,1,stack,1,fan-out,0.6,1,gather-scatter,0.6,1,fan-out,0.6,1,gather-scatter,0.6,1,fan-in,0.8,1,gather-scatter,0.8,1,gather-scatter,0.8
amlc_00182,HI-Small,1,stack,1.0,0.9884881169427696,1,stack,0.99809587,1,stack,0.9373024,1,stack,0.9746287991877814,1,stack,1,fan-out,0.6,1,gather-scatter,0.6,1,gather-scatter,0.8,1,gather-scatter,0.6,1,scatter-gather,0.8,1,gather-scatter,0.8,0,,0.5
amlc_00183,HI-Small,1,stack,1.0,0.9367074827092764,1,stack,0.9697437,1,stack,0.3258966,0,stack,0.7441159340983589,0,stack,1,fan-out,0.6,0,,0.5,1,fan-out,0.8,1,gather-scatter,0.8,1,fan-out,0.8,1,fan-out,0.8,0,,0.5
amlc_00184,HI-Small,1,stack,1.0,0.9782708708226516,1,stack,0.9849477,1,stack,0.9876281,1,stack,0.9836155515174017,1,stack,1,gather-scatter,0.6,1,gather-scatter,0.6,1,gather-scatter,0.8,1,gather-scatter,0.6,1,gather-scatter,0.8,1,gather-scatter,0.8,1,gather-scatter,0.8
amlc_00185,HI-Small,1,stack,1.0,0.8732926630187908,1,stack,0.9072555,1,stack,0.92193097,1,stack,0.9008263675109835,1,stack,1,gather-scatter,0.6,1,,0.6,1,stack,0.8,1,gather-scatter,0.6,1,random,0.8,1,gather-scatter,0.8,1,gather-scatter,0.8
amlc_00186,HI-Small,0,legit,469.33800841514727,1.445657424430534e-05,0,bipartite,4.301266e-06,0,bipartite,0.0025332286,0,bipartite,0.0008506621475072,0,bipartite,1,stack,0.8,1,random,0.8,1,random,0.8,1,gather-scatter,0.6,1,gather-scatter,0.8,1,gather-scatter,0.8,1,gather-scatter,0.8
amlc_00187,HI-Small,0,legit,483.5610098176718,3.321840714142198e-05,0,bipartite,5.486114e-06,0,bipartite,0.016490052,0,bipartite,0.0055095853479567,0,bipartite,1,fan-out,0.6,1,gather-scatter,0.6,1,fan-out,0.8,1,fan-out,0.8,1,fan-out,0.8,1,fan-out,0.8,0,,0.5
amlc_00188,HI-Small,1,legit,1.0,0.0153332806610234,0,fan-in,0.01783623,0,fan-in,0.552616,0,fan-in,0.1952618369040611,0,fan-in,1,fan-out,0.6,1,gather-scatter,0.6,0,,0.7,1,gather-scatter,0.8,1,scatter-gather,0.8,1,gather-scatter,0.8,1,fan-in,0.8
amlc_00189,HI-Small,0,legit,483.5610098176718,0.0008167389010566,0,fan-out,0.0009971693,0,fan-out,0.012789169,0,fan-out,0.004867692506671,0,fan-out,0,,0.5,0,,0.5,0,,0.5,0,,0.5,0,,0.5,0,,0.5,0,,0.5
amlc_00190,HI-Small,0,legit,469.33800841514727,0.0015877501050526,0,bipartite,0.0004041045,0,stack,0.20245528,0,stack,0.0681490456064869,0,stack,1,random,0.8,1,scatter-gather,0.8,1,random,0.8,1,gather-scatter,0.6,1,fan-in,0.8,0,,0.7,1,stack,0.8
amlc_00191,HI-Small,0,legit,1.0,0.7759958337704698,0,fan-in,0.71757257,0,fan-in,0.45474952,0,fan-in,0.6494393094036434,0,fan-in,1,fan-in,0.6,1,fan-out,0.6,1,fan-in,0.8,1,gather-scatter,0.6,1,fan-in,0.8,1,fan-in,0.8,1,fan-in,0.8
amlc_00192,HI-Small,1,legit,1.0,0.050344430481162,0,fan-in,0.078508124,0,fan-in,0.4289852,0,fan-in,0.185945920836517,0,fan-in,1,fan-out,0.8,1,fan-out,0.6,1,fan-out,0.6,1,gather-scatter,0.8,1,gather-scatter,0.8,1,gather-scatter,0.8,1,gather-scatter,0.8
amlc_00193,HI-Small,0,legit,483.5610098176718,1.2987607301406464e-05,0,bipartite,7.042451e-06,0,stack,0.017407995,0,bipartite,0.0058093415919589,0,bipartite,1,fan-out,0.6,1,gather-scatter,0.6,0,,0.7,1,gather-scatter,0.8,1,fan-out,0.8,1,fan-out,0.8,0,,0.5
amlc_00194,HI-Small,1,legit,1.0,0.0218491206885079,0,bipartite,0.031511765,0,bipartite,0.04884897,0,bipartite,0.03406995246214,0,bipartite,1,fan-out,0.6,1,fan-out,0.8,1,fan-out,0.8,1,gather-scatter,0.6,1,fan-out,0.8,0,fan-out,0.7,1,fan-out,0.8
amlc_00195,HI-Small,0,legit,469.33800841514727,1.2565988706703188e-05,0,bipartite,1.8371715e-05,0,fan-in,0.011900978,0,fan-out,0.0039773052887835,0,fan-out,1,fan-out,0.6,0,,0.5,1,fan-out,0.6,1,gather-scatter,0.8,1,fan-out,0.8,0,,0.7,0,,0.5
amlc_00196,HI-Small,1,legit,1.0,0.0144469083473804,0,fan-in,0.010952862,0,fan-in,0.20988972,0,fan-in,0.0784298317258796,0,fan-in,1,fan-out,0.6,1,random,0.8,1,gather-scatter,0.6,1,gather-scatter,0.8,1,scatter-gather,0.8,1,scatter-gather,0.8,1,scatter-gather,0.8
amlc_00197,HI-Small,0,legit,469.33800841514727,0.0001717761066875,0,stack,2.2599426e-05,0,stack,0.07270949,0,stack,0.024301289624017,0,stack,1,fan-out,0.8,0,,0.7,0,,0.7,1,gather-scatter,0.6,1,gather-scatter,0.8,1,gather-scatter,0.8,1,gather-scatter,0.8
amlc_00198,HI-Small,0,legit,469.33800841514727,1.4432145220845958e-05,0,stack,6.174094e-06,0,stack,0.005699002,0,stack,0.0019065361410212,0,stack,1,scatter-gather,0.6,1,cycle,0.8,1,gather-scatter,0.8,1,gather-scatter,0.6,1,gather-scatter,0.8,0,,0.7,1,gather-scatter,0.8
amlc_00199,HI-Small,1,legit,1.0,0.0094514083776118,0,fan-in,0.0055777035,0,fan-in,0.071619555,0,fan-in,0.0288828890679857,0,fan-in,1,gather-scatter,0.6,1,gather-scatter,0.6,1,fan-in,0.8,1,fan-in,0.6,1,fan-in,0.8,1,gather-scatter,0.8,1,gather-scatter,0.8
amlc_00200,HI-Small,0,legit,469.33800841514727,1.491170031657945e-05,0,random,4.570935e-06,0,random,0.0077461675,0,random,0.0025885500386987,0,random,1,gather-scatter,0.6,1,gather-scatter,0.6,1,random,0.8,1,gather-scatter,0.6,1,gather-scatter,0.8,1,gather-scatter,0.8,1,gather-scatter,0.8
amlc_00201,HI-Small,0,legit,483.5610098176718,1.2962280320819976e-05,0,bipartite,5.9759946e-06,0,stack,0.018687475,0,bipartite,0.0062354712491879,0,bipartite,1,fan-out,0.6,1,gather-scatter,0.6,1,gather-scatter,0.8,1,gather-scatter,0.6,1,gather-scatter,0.8,1,gather-scatter,0.8,1,gather-scatter,0.8
amlc_00202,HI-Small,0,legit,469.33800841514727,1.5638852569614782e-05,0,bipartite,1.0606205e-05,0,bipartite,0.011965209,0,bipartite,0.0039971512482362,0,bipartite,1,fan-out,0.6,1,fan-out,0.6,1,fan-out,0.8,1,random,0.8,1,fan-out,0.8,1,fan-out,0.8,0,,0.5
amlc_00203,HI-Small,0,legit,483.5610098176718,1.7342375437135754e-05,0,bipartite,9.909416e-06,0,bipartite,0.03757673,0,bipartite,0.0125346610285749,0,bipartite,1,fan-out,0.8,1,gather-scatter,0.6,1,fan-out,0.6,1,gather-scatter,0.8,1,scatter-gather,0.8,1,gather-scatter,0.8,1,gather-scatter,0.8
amlc_00204,HI-Small,0,legit,483.5610098176718,9.318814648893129e-05,0,bipartite,1.8890214e-05,0,stack,0.02453178,0,stack,0.0082146193904419,0,stack,1,gather-scatter,0.6,1,fan-out,0.8,1,gather-scatter,0.8,1,gather-scatter,0.8,1,gather-scatter,0.8,1,gather-scatter,0.8,1,gather-scatter,0.8
amlc_00205,HI-Small,0,legit,469.33800841514727,0.0001113650209805,0,stack,0.000143171,0,stack,0.008676352,0,stack,0.0029769626657967,0,stack,1,fan-out,0.6,1,fan-out,0.6,1,fan-out,0.8,1,gather-scatter,0.8,1,scatter-gather,0.8,1,fan-out,0.8,0,,0.5
amlc_00206,HI-Small,0,legit,469.33800841514727,0.0001832059383048,0,stack,4.078818e-05,0,stack,0.068938695,0,stack,0.0230542296714228,0,stack,1,fan-out,0.6,1,gather-scatter,0.6,1,gather-scatter,0.8,1,gather-scatter,0.8,1,scatter-gather,0.8,1,gather-scatter,0.8,0,,0.5
amlc_00207,HI-Small,0,legit,469.33800841514727,5.101214635356351e-05,0,bipartite,7.176569e-05,0,fan-in,0.0032560364,0,bipartite,0.0011262714227612,0,bipartite,1,fan-out,0.6,1,gather-scatter,0.6,1,random,0.8,1,gather-scatter,0.8,1,fan-out,0.8,0,,0.7,0,,0.5
amlc_00208,HI-Small,0,legit,469.33800841514727,0.0007022391919567,0,fan-out,0.00082881266,0,fan-out,0.12831727,0,fan-out,0.0432827728500453,0,fan-out,0,,0.5,0,,0.5,1,fan-out,0.8,1,gather-scatter,0.8,1,fan-out,0.8,1,fan-out,0.8,0,,0.5
amlc_00209,HI-Small,1,legit,1.0,0.0038362678359233,0,fan-out,0.000814516,0,fan-out,0.2748292,0,fan-out,0.0931599975558919,0,fan-out,0,,0.5,0,,0.5,1,fan-out,0.8,1,gather-scatter,0.6,1,fan-out,0.8,0,,0.7,0,,0.5
amlc_00210,HI-Small,0,legit,1.0,0.6768371728785987,0,stack,0.4520668,0,stack,0.718027,0,stack,0.6156436591588178,0,stack,1,fan-out,0.6,1,random,0.8,1,fan-out,0.8,1,gather-scatter,0.6,1,fan-out,0.8,0,,0.7,0,,0.5
amlc_00211,HI-Small,0,legit,469.33800841514727,0.000772724076218,0,fan-out,0.00071712595,0,fan-out,0.049782787,0,fan-out,0.017090878848001,0,fan-out,0,,0.5,0,,0.5,1,fan-out,0.8,1,gather-scatter,0.8,1,fan-out,0.8,1,scatter-gather,0.8,0,,0.5
amlc_00212,HI-Small,0,legit,469.33800841514727,9.660386554496618e-05,0,scatter-gather,1.5965848e-05,0,scatter-gather,0.111784294,0,scatter-gather,0.0372989546538685,0,scatter-gather,1,fan-out,0.6,1,fan-out,0.6,1,scatter-gather,0.8,1,gather-scatter,0.8,1,fan-out,0.8,0,,0.7,0,,0.5
amlc_00213,HI-Small,1,fan-in,1.0,0.9813102741743632,1,fan-in,0.9962861,1,fan-in,0.9838293,1,fan-in,0.9871418959467114,1,fan-in,1,gather-scatter,0.6,1,gather-scatter,0.6,1,gather-scatter,0.8,1,gather-scatter,0.6,1,gather-scatter,0.8,1,gather-scatter,0.8,1,gather-scatter,0.8
amlc_00214,HI-Small,1,fan-in,1.0,0.1216609881364553,0,fan-in,0.08780445,0,fan-in,0.9557128,1,fan-in,0.3883927449929465,0,fan-in,1,gather-scatter,0.6,1,fan-out,0.6,1,fan-in,0.6,1,gather-scatter,0.6,1,scatter-gather,0.8,1,gather-scatter,0.8,1,gather-scatter,0.8
amlc_00215,HI-Small,1,fan-in,1.0,0.983980453658888,1,fan-in,0.99845505,1,fan-in,0.99489367,1,fan-in,0.992443057116134,1,fan-in,1,gather-scatter,0.6,1,fan-out,0.6,1,fan-out,0.8,1,random,0.8,1,scatter-gather,0.8,1,gather-scatter,0.8,1,gather-scatter,0.8
amlc_00216,HI-Small,1,fan-in,1.0,0.9679664288214556,1,fan-in,0.9958185,1,fan-in,0.97466993,1,fan-in,0.979484952630325,1,fan-in,1,gather-scatter,0.8,1,fan-out,0.8,1,fan-out,0.8,1,gather-scatter,0.6,1,scatter-gather,0.8,1,scatter-gather,0.8,1,gather-scatter,0.8
amlc_00217,HI-Small,1,fan-in,1.0,0.319229622569008,0,fan-in,0.31749666,0,fan-in,0.9856483,1,fan-in,0.5407915181207402,0,fan-in,1,fan-in,0.6,0,,0.7,0,,0.7,1,gather-scatter,0.6,1,fan-in,0.8,1,fan-in,0.8,1,fan-in,0.8
amlc_00218,HI-Small,1,fan-in,1.0,0.9789497224226782,1,fan-in,0.99701804,1,fan-in,0.97810936,1,fan-in,0.9846923737968072,1,fan-in,1,fan-out,0.8,1,gather-scatter,0.6,1,random,0.8,1,gather-scatter,0.6,1,fan-out,0.8,0,,0.7,0,,0.5
amlc_00219,HI-Small,1,fan-in,1.0,0.9101898958225346,1,fan-in,0.9676895,1,fan-in,0.9761654,1,fan-in,0.9513482746130658,1,fan-in,1,gather-scatter,0.6,1,gather-scatter,0.6,1,gather-scatter,0.8,1,scatter-gather,0.8,1,scatter-gather,0.8,1,gather-scatter,0.8,1,gather-scatter,0.8
amlc_00220,HI-Small,1,fan-in,1.0,0.9811479648249792,1,fan-in,0.9970657,1,fan-in,0.9917318,1,fan-in,0.9899818367526746,1,fan-in,1,fan-in,0.8,1,fan-in,0.6,1,fan-in,0.8,1,gather-scatter,0.6,1,fan-in,0.8,1,fan-in,0.8,1,fan-in,0.8
amlc_00221,HI-Small,1,fan-in,1.0,0.2632966381082706,0,fan-in,0.21344812,0,fan-in,0.96461487,1,fan-in,0.4804532094720262,0,fan-in,1,fan-in,0.6,1,fan-in,0.6,1,fan-in,0.8,1,gather-scatter,0.6,1,fan-in,0.8,1,fan-in,0.8,1,fan-in,0.8
amlc_00222,HI-Small,1,fan-in,1.0,0.9826481498968777,1,fan-in,0.99669874,1,fan-in,0.9932882,1,fan-in,0.9908783686721382,1,fan-in,1,stack,0.8,1,fan-out,0.6,1,fan-out,0.6,1,gather-scatter,0.8,1,scatter-gather,0.8,1,gather-scatter,0.8,1,scatter-gather,0.8
amlc_00223,HI-Small,1,fan-in,1.0,0.2386024812279251,0,fan-in,0.12486587,0,fan-in,0.9698717,1,fan-in,0.4444466827451556,0,fan-in,1,gather-scatter,0.6,1,gather-scatter,0.6,0,,0.7,1,gather-scatter,0.6,1,fan-in,0.8,1,gather-scatter,0.8,1,gather-scatter,0.8
amlc_00224,HI-Small,1,fan-in,1.0,0.1847955135607732,0,fan-in,0.14762011,0,fan-in,0.9874821,1,fan-in,0.4399658987291658,0,fan-in,1,fan-in,0.6,1,fan-in,0.6,1,fan-in,0.6,1,gather-scatter,0.6,1,fan-in,0.8,1,fan-in,0.8,1,fan-in,0.8
amlc_00225,HI-Small,1,fan-in,1.0,0.1078473711550226,0,fan-in,0.26221696,0,fan-in,0.9686717,1,fan-in,0.446245335358381,0,fan-in,1,fan-out,0.6,1,scatter-gather,0.6,1,fan-out,0.6,1,gather-scatter,0.6,1,scatter-gather,0.8,1,random,0.8,1,scatter-gather,0.8
amlc_00226,HI-Small,1,fan-in,1.0,0.9819809459576856,1,fan-in,0.9966919,1,fan-in,0.99880636,1,fan-in,0.9924930619839116,1,fan-in,1,gather-scatter,0.6,0,,0.7,1,fan-in,0.8,1,gather-scatter,0.8,1,fan-in,0.8,1,fan-in,0.8,1,fan-in,0.8
amlc_00227,HI-Small,1,fan-in,1.0,0.0146490352223755,0,fan-in,0.008694047,0,fan-in,0.9697732,1,fan-in,0.3310387518876275,0,fan-in,1,fan-out,0.8,1,gather-scatter,0.6,1,fan-out,0.8,1,gather-scatter,0.8,1,scatter-gather,0.8,1,random,0.8,1,gather-scatter,0.8
amlc_00228,HI-Small,1,fan-in,1.0,0.9822227836094332,1,fan-in,0.998129,1,fan-in,0.9951401,1,fan-in,0.9918306231645092,1,fan-in,1,fan-in,0.6,0,,0.7,1,fan-in,0.8,1,gather-scatter,0.6,1,fan-in,0.8,1,fan-in,0.8,1,fan-in,0.8
amlc_00229,HI-Small,0,legit,469.33800841514727,1.41618879956316e-05,0,fan-in,2.239606e-05,0,fan-in,0.0073563023,0,bipartite,0.0024642867648928,0,fan-in,1,fan-out,0.8,1,gather-scatter,0.6,1,fan-out,0.6,1,gather-scatter,0.6,1,gather-scatter,0.8,1,gather-scatter,0.8,1,gather-scatter,0.8
amlc_00230,HI-Small,1,legit,1.0,0.0018515550941875,0,fan-out,0.0008142543,0,fan-out,0.012420555,0,fan-out,0.0050287880062651,0,fan-out,0,,0.5,0,,0.5,0,,0.5,0,,0.5,1,fan-out,0.8,0,,0.7,0,,0.5
amlc_00231,HI-Small,0,legit,469.33800841514727,1.6583386012708757e-05,0,stack,9.434827e-06,0,stack,0.007790168,0,bipartite,0.0026053953430009,0,stack,1,gather-scatter,0.6,0,,0.5,1,fan-out,0.8,1,bipartite,0.8,1,fan-out,0.8,1,fan-out,0.8,1,scatter-gather,0.8
amlc_00232,HI-Small,0,legit,469.33800841514727,0.0002762822484831,0,stack,0.00013576435,0,bipartite,0.29487437,0,bipartite,0.098428805565089,0,bipartite,1,gather-scatter,0.6,1,fan-out,0.8,1,scatter-gather,0.8,1,gather-scatter,0.6,1,scatter-gather,0.8,1,bipartite,0.8,1,gather-scatter,0.8
amlc_00233,HI-Small,1,legit,1.0,0.0342396105180749,0,bipartite,0.048849225,0,bipartite,0.19362624,0,bipartite,0.0922383584860486,0,bipartite,1,fan-out,0.6,1,fan-out,0.6,1,fan-out,0.6,1,gather-scatter,0.8,1,fan-out,0.8,1,fan-out,0.8,0,,0.5
amlc_00234,HI-Small,0,legit,483.5610098176718,0.0005428036900587,0,fan-out,0.00037459703,0,fan-out,0.012914849,0,fan-out,0.0046107500556352,0,fan-out,0,,0.5,0,,0.5,1,random,0.8,0,,0.7,1,fan-out,0.8,0,,0.7,0,,0.5
amlc_00235,HI-Small,0,legit,469.33800841514727,1.8554863978295596e-05,0,bipartite,1.1007333e-05,0,bipartite,0.0087637175,0,bipartite,0.0029310932282581,0,bipartite,1,gather-scatter,0.6,0,,0.5,1,fan-out,0.8,1,gather-scatter,0.6,1,gather-scatter,0.8,1,gather-scatter,0.8,1,scatter-gather,0.8
amlc_00236,HI-Small,0,legit,469.33800841514727,0.0004249589910379,0,bipartite,0.0005741392,0,bipartite,0.045223717,0,bipartite,0.0154076049390442,0,bipartite,1,fan-out,0.6,1,gather-scatter,0.6,0,,0.7,1,random,0.8,1,fan-out,0.8,1,gather-scatter,0.8,0,,0.5
amlc_00237,HI-Small,0,legit,469.33800841514727,3.85078045158905e-05,0,random,1.9333862e-05,0,stack,0.0058924244,0,stack,0.001983422014996,0,stack,1,fan-out,0.6,1,fan-out,0.6,1,fan-out,0.8,1,fan-out,0.6,1,fan-out,0.8,1,gather-scatter,0.8,0,,0.5
amlc_00238,HI-Small,0,legit,483.5610098176718,1.454840805657795e-05,0,fan-in,2.0527561e-05,0,fan-in,0.038652766,0,bipartite,0.0128959474883303,0,fan-in,1,scatter-gather,0.6,1,fan-out,0.6,1,fan-out,0.6,1,random,0.8,1,scatter-gather,0.8,1,fan-out,0.8,0,,0.5
amlc_00239,HI-Small,0,legit,469.33800841514727,1.0309801165891047e-05,0,bipartite,5.0630447e-06,0,stack,0.003438729,0,bipartite,0.0011513673133964,0,bipartite,1,gather-scatter,0.6,1,fan-out,0.6,1,fan-out,0.6,1,gather-scatter,0.6,1,gather-scatter,0.8,1,gather-scatter,0.8,1,gather-scatter,0.8
amlc_00240,HI-Small,0,legit,469.33800841514727,1.3279177953278211e-05,0,stack,9.804442e-06,0,fan-in,0.004165087,0,scatter-gather,0.0013960568383987,0,fan-in,1,fan-out,0.6,1,fan-out,0.6,1,bipartite,0.8,1,gather-scatter,0.8,1,gather-scatter,0.8,1,gather-scatter,0.8,1,gather-scatter,0.8
amlc_00241,HI-Small,0,legit,469.33800841514727,0.0042548632900026,0,fan-out,0.0007506974,0,fan-out,0.10013398,0,fan-out,0.0350465128376391,0,fan-out,0,,0.5,0,,0.5,0,,0.5,0,,0.5,1,fan-out,0.8,0,,0.7,0,,0.5
amlc_00242,HI-Small,0,legit,483.5610098176718,0.0013938054622051,0,fan-out,0.00040215315,0,fan-out,0.010741209,0,fan-out,0.0041790557638863,0,fan-out,0,,0.5,0,,0.5,0,,0.5,0,,0.5,1,fan-out,0.8,1,fan-out,0.8,0,,0.5
amlc_00243,HI-Small,0,legit,469.33800841514727,8.965307489806323e-05,0,bipartite,7.555333e-05,0,bipartite,0.19151834,0,bipartite,0.063894514314087,0,bipartite,1,fan-out,0.8,1,gather-scatter,0.6,1,cycle,0.8,1,gather-scatter,0.8,1,gather-scatter,0.8,1,gather-scatter,0.8,0,,0.5
amlc_00244,HI-Small,0,legit,469.33800841514727,0.0002428716502475,0,bipartite,9.118692e-05,0,bipartite,0.29035753,0,bipartite,0.0968971962294455,0,bipartite,0,,0.7,0,,0.7,0,,0.7,0,,0.7,1,legitimate,0.6,1,random,0.8,1,legitimate,0.6
amlc_00245,HI-Small,0,legit,1.0,0.8008236958862216,1,bipartite,0.7404307,0,bipartite,0.8359334,1,bipartite,0.7923959319552075,0,bipartite,1,fan-out,0.6,1,fan-out,0.6,1,fan-out,0.8,1,gather-scatter,0.8,1,fan-out,0.8,1,scatter-gather,0.8,1,scatter-gather,0.8
amlc_00246,HI-Small,1,legit,1.0,0.0099892333683737,0,fan-in,0.0048510474,0,fan-in,0.28377724,0,fan-in,0.0995391725740455,0,fan-in,1,gather-scatter,0.6,1,gather-scatter,0.6,1,gather-scatter,0.6,1,gather-scatter,0.8,1,gather-scatter,0.8,1,gather-scatter,0.8,1,gather-scatter,0.8
amlc_00247,HI-Small,0,legit,469.33800841514727,2.1745456163403843e-05,0,bipartite,8.903111e-06,0,bipartite,0.1623965,0,bipartite,0.0541423846807153,0,bipartite,1,fan-out,0.6,1,scatter-gather,0.8,1,fan-out,0.8,1,gather-scatter,0.8,1,fan-out,0.8,1,gather-scatter,0.8,0,,0.5
amlc_00248,HI-Small,0,legit,483.5610098176718,1.3899587762263383e-05,0,bipartite,4.714775e-06,0,stack,0.031177372,0,bipartite,0.0103986620343875,0,bipartite,1,fan-out,0.6,1,fan-out,0.6,1,fan-out,0.8,1,gather-scatter,0.8,1,gather-scatter,0.8,1,gather-scatter,0.8,0,,0.5
amlc_00249,HI-Small,0,legit,1.0,0.7061476497140466,0,stack,0.035766076,0,stack,0.8313004,1,stack,0.5244047012854596,0,stack,1,fan-out,0.8,0,,0.7,1,fan-out,0.8,1,scatter-gather,0.8,1,gather-scatter,0.8,1,gather-scatter,0.8,0,,0.5
amlc_00250,HI-Small,0,legit,469.33800841514727,8.40598752563794e-05,0,stack,3.116746e-05,0,stack,0.057232033,0,bipartite,0.0191157535986572,0,stack,1,fan-out,0.6,1,fan-out,0.6,0,,0.7,1,gather-scatter,0.6,1,fan-out,0.8,1,gather-scatter,0.8,0,,0.5
amlc_00251,HI-Small,0,legit,1.0,0.2487968451826344,0,stack,0.3285649,0,stack,0.76195383,0,stack,0.4464385293274645,0,stack,1,fan-out,0.6,1,scatter-gather,0.6,1,fan-in,0.6,1,gather-scatter,0.8,1,stack,0.8,1,gather-scatter,0.8,1,cycle,0.8
amlc_00252,HI-Small,0,legit,469.33800841514727,0.0007410075386503,0,bipartite,0.000537555,0,bipartite,0.1775009,0,bipartite,0.0595931553898528,0,bipartite,1,gather-scatter,0.6,1,fan-out,0.6,1,fan-out,0.8,1,random,0.8,1,scatter-gather,0.8,1,cycle,0.8,0,,0.5
amlc_00253,HI-Small,0,legit,469.33800841514727,1.4461037131918296e-05,0,stack,6.2312565e-06,0,stack,0.009071295,0,stack,0.0030306624810922,0,stack,1,gather-scatter,0.8,0,,0.5,0,,0.7,1,gather-scatter,0.6,1,gather-scatter,0.8,1,gather-scatter,0.8,1,gather-scatter,0.8
amlc_00254,HI-Small,0,legit,469.33800841514727,2.8318122956165708e-05,0,bipartite,2.880253e-05,0,bipartite,0.0115513075,0,bipartite,0.00386947605556,0,bipartite,1,gather-scatter,0.6,1,fan-out,0.6,1,scatter-gather,0.8,1,gather-scatter,0.6,1,fan-out,0.8,1,gather-scatter,0.8,0,,0.5
amlc_00255,HI-Small,0,legit,469.33800841514727,1.3568287610241803e-05,0,bipartite,6.7311908e-06,0,stack,0.007922875,0,bipartite,0.0026477247473232,0,bipartite,1,fan-out,0.8,1,gather-scatter,0.6,1,gather-scatter,0.8,1,gather-scatter,0.8,1,gather-scatter,0.8,1,gather-scatter,0.8,1,gather-scatter,0.8
amlc_00256,HI-Small,0,legit,469.33800841514727,0.0005327812046969,0,scatter-gather,8.882248e-05,0,scatter-gather,0.003949574,0,scatter-gather,0.0015237259605858,0,scatter-gather,1,fan-out,0.6,1,fan-out,0.6,1,fan-out,0.8,1,gather-scatter,0.6,1,fan-out,0.8,0,,0.7,0,,0.5
amlc_00257,HI-Small,0,legit,469.33800841514727,2.283283078801577e-05,0,stack,2.5814541e-05,0,stack,0.0017367785,0,bipartite,0.0005951419682928,0,stack,1,fan-out,0.8,1,fan-out,0.6,1,fan-out,0.6,1,gather-scatter,0.6,1,scatter-gather,0.8,1,gather-scatter,0.8,0,,0.5
amlc_00258,HI-Small,0,legit,483.5610098176718,3.29295716570204e-05,0,bipartite,8.447183e-06,0,stack,0.027344484,0,bipartite,0.009128620212303,0,bipartite,1,fan-out,0.6,1,scatter-gather,0.8,0,,0.7,1,gather-scatter,0.8,1,fan-out,0.8,0,,0.7,0,,0.5
amlc_00259,HI-Small,0,legit,1.0,0.6599682795873553,0,random,0.6607066,0,stack,0.4140934,0,stack,0.5782560880936275,0,stack,1,fan-in,0.8,1,stack,0.8,1,fan-in,0.8,1,gather-scatter,0.8,1,bipartite,0.8,1,stack,0.8,1,fan-in,0.8
amlc_00260,HI-Small,1,legit,1.0,0.0577433095914774,0,fan-in,0.036413543,0,fan-in,0.21220005,0,fan-in,0.1021189660344737,0,fan-in,1,gather-scatter,0.6,1,gather-scatter,0.6,1,cycle,0.8,1,gather-scatter,0.6,1,cycle,0.8,1,gather-scatter,0.8,1,fan-out,0.8
amlc_00261,HI-Small,0,legit,483.5610098176718,2.2087300447251656e-05,0,stack,5.700343e-06,0,stack,0.016180998,0,stack,0.0054029284526428,0,stack,1,fan-out,0.6,0,,0.7,1,random,0.8,1,gather-scatter,0.6,1,fan-out,0.8,1,bipartite,0.8,0,,0.5
amlc_00262,HI-Small,1,legit,1.0,0.0033743813202228,0,fan-in,0.0075169266,0,fan-in,0.2048088,0,fan-in,0.0719000364509869,0,fan-in,1,fan-in,0.6,1,fan-in,0.6,1,fan-in,0.6,1,gather-scatter,0.6,1,fan-in,0.8,1,fan-in,0.8,1,fan-in,0.8
amlc_00263,HI-Small,0,legit,469.33800841514727,1.6526685119905836e-05,0,scatter-gather,2.8457294e-05,0,scatter-gather,0.0047678165,0,stack,0.0016042668310722,0,scatter-gather,1,gather-scatter,0.8,1,gather-scatter,0.6,1,scatter-gather,0.6,1,random,0.8,1,scatter-gather,0.8,1,gather-scatter,0.8,1,gather-scatter,0.8
amlc_00264,HI-Small,0,legit,469.33800841514727,0.000352091023622,0,fan-out,0.00025145052,0,fan-out,0.010674558,0,fan-out,0.0037593663966339,0,fan-out,0,,0.5,0,,0.5,1,random,0.8,1,gather-scatter,0.8,1,fan-out,0.8,1,fan-out,0.8,0,,0.5
amlc_00265,HI-Small,0,legit,483.5610098176718,1.401246841792528e-05,0,bipartite,5.611535e-06,0,bipartite,0.019985128,0,bipartite,0.0066682507325092,0,bipartite,1,gather-scatter,0.6,1,scatter-gather,0.8,1,scatter-gather,0.8,1,gather-scatter,0.6,1,gather-scatter,0.8,1,gather-scatter,0.8,1,gather-scatter,0.8
amlc_00266,HI-Small,0,legit,483.5610098176718,3.0688206059193886e-05,0,stack,5.0920544e-06,0,stack,0.025659025,0,stack,0.0085649349919542,0,stack,1,fan-out,0.6,1,fan-out,0.6,1,fan-out,0.8,1,gather-scatter,0.8,1,fan-out,0.8,0,,0.7,0,,0.5
amlc_00267,HI-Small,0,legit,469.33800841514727,2.082259374850062e-05,0,bipartite,7.0075416e-06,0,bipartite,0.00070957455,0,bipartite,0.0002458015628529,0,bipartite,1,gather-scatter,0.6,1,gather-scatter,0.6,1,fan-out,0.8,1,random,0.8,1,gather-scatter,0.8,1,gather-scatter,0.8,1,fan-out,0.8
amlc_00268,HI-Small,1,legit,1.0,0.0024876702856051,0,fan-in,0.0031505935,0,fan-in,0.050148536,0,fan-in,0.0185955997649506,0,fan-in,1,gather-scatter,0.6,1,fan-in,0.6,1,fan-in,0.6,1,gather-scatter,0.6,1,fan-in,0.8,1,fan-in,0.8,1,fan-in,0.8
amlc_00269,HI-Small,0,legit,469.33800841514727,1.3018956936597887e-05,0,bipartite,7.628691e-06,0,bipartite,0.0085804565,0,stack,0.002867034711936,0,bipartite,1,gather-scatter,0.8,1,gather-scatter,0.6,1,fan-out,0.8,1,gather-scatter,0.8,1,scatter-gather,0.8,0,,0.7,1,scatter-gather,0.8
amlc_00270,HI-Small,0,legit,483.5610098176718,1.2856887546672875e-05,0,bipartite,1.0157373e-05,0,fan-in,0.02772609,0,bipartite,0.0092497012808824,0,bipartite,1,fan-out,0.6,1,fan-out,0.6,1,fan-out,0.8,1,gather-scatter,0.8,1,fan-out,0.8,0,,0.7,0,,0.5
amlc_00271,HI-Small,0,legit,469.33800841514727,4.5458832994245424e-05,0,random,5.1997526e-05,0,stack,0.044394735,0,random,0.0148307305351597,0,random,1,fan-in,0.8,1,gather-scatter,0.6,1,random,0.8,1,gather-scatter,0.6,1,scatter-gather,0.8,1,stack,0.8,1,gather-scatter,0.8
amlc_00272,HI-Small,1,legit,1.0,0.0437798586890504,0,bipartite,0.01707039,0,bipartite,0.28839993,0,bipartite,0.1164167279139295,0,bipartite,1,stack,0.8,0,,0.5,1,cycle,0.8,1,gather-scatter,0.6,1,scatter-gather,0.8,1,cycle,0.8,1,stack,0.8
amlc_00273,HI-Small,0,legit,483.5610098176718,4.609609438742667e-05,0,stack,4.2969864e-06,0,stack,0.037015263,0,stack,0.0123552186906557,0,stack,1,fan-out,0.8,1,fan-out,0.6,1,gather-scatter,0.8,1,cycle,0.8,1,bipartite,0.8,1,scatter-gather,0.8,1,scatter-gather,0.8
amlc_00274,HI-Small,1,legit,1.0,0.0396208144106137,0,bipartite,0.019271385,0,bipartite,0.22437158,0,bipartite,0.0944212605349775,0,bipartite,1,stack,0.8,1,gather-scatter,0.6,1,gather-scatter,0.6,1,gather-scatter,0.6,1,gather-scatter,0.8,1,gather-scatter,0.8,1,gather-scatter,0.8
amlc_00275,HI-Small,1,legit,1.0,0.000792021478896,0,fan-out,0.0026605614,0,fan-out,0.24843755,0,fan-out,0.0839633788253482,0,fan-out,0,,0.5,0,,0.5,0,,0.5,0,,0.5,1,fan-out,0.8,0,,0.7,0,,0.5
amlc_00276,HI-Small,1,legit,1.0,0.0004898725762562,0,fan-out,0.00061367307,0,fan-out,0.2244213,0,fan-out,0.0751749510290278,0,fan-out,0,,0.5,0,,0.5,1,fan-out,0.8,1,gather-scatter,0.6,1,fan-out,0.8,1,fan-out,0.8,0,,0.5
amlc_00277,HI-Small,0,legit,483.5610098176718,0.0001713659630778,0,bipartite,0.000105734354,0,bipartite,0.040311743,0,bipartite,0.0135296142971156,0,bipartite,1,fan-in,0.6,1,fan-in,0.6,1,fan-in,0.8,1,scatter-gather,0.8,1,fan-in,0.8,1,gather-scatter,0.8,1,gather-scatter,0.8
amlc_00278,HI-Small,0,legit,469.33800841514727,1.668259558906447e-05,0,stack,1.9390798e-05,0,stack,0.38672966,0,fan-out,0.1289219103478995,0,stack,1,fan-out,0.8,1,fan-out,0.6,1,fan-out,0.6,1,gather-scatter,0.8,1,fan-out,0.8,1,scatter-gather,0.8,0,,0.5
amlc_00279,HI-Small,1,legit,1.0,0.0005263331981798,0,fan-out,0.00028492018,0,fan-out,0.031877413,0,fan-out,0.0108962222582956,0,fan-out,0,,0.5,0,,0.5,1,random,0.8,1,gather-scatter,0.6,1,fan-out,0.8,0,,0.7,0,,0.5
amlc_00280,HI-Small,0,legit,483.5610098176718,1.238975933211377e-05,0,bipartite,6.5946997e-06,0,bipartite,0.020928245,0,bipartite,0.0069824098322748,0,bipartite,1,fan-out,0.8,1,random,0.8,1,random,0.8,1,gather-scatter,0.6,1,scatter-gather,0.8,1,fan-out,0.8,1,scatter-gather,0.8
amlc_00281,HI-Small,0,legit,469.33800841514727,0.0002854238536903,0,bipartite,0.00016591541,0,bipartite,0.058227193,0,bipartite,0.0195595106239662,0,bipartite,1,fan-out,0.6,1,fan-out,0.6,1,fan-out,0.8,1,gather-scatter,0.6,1,fan-out,0.8,1,fan-out,0.8,0,,0.5
amlc_00282,HI-Small,0,legit,483.5610098176718,0.0001275869318409,0,bipartite,0.00014550927,0,bipartite,0.012584227,0,bipartite,0.0042857744468805,0,bipartite,1,fan-in,0.6,1,fan-in,0.6,1,fan-in,0.6,1,fan-in,0.6,1,fan-in,0.8,1,fan-in,0.8,1,fan-in,0.8
amlc_00283,HI-Small,0,legit,469.33800841514727,1.2657458331682834e-05,0,scatter-gather,2.93919e-06,0,fan-out,0.0033381295,0,fan-out,0.0011179087135781,0,fan-out,1,scatter-gather,0.6,1,gather-scatter,0.6,1,gather-scatter,0.8,1,gather-scatter,0.8,1,gather-scatter,0.8,1,gather-scatter,0.8,1,gather-scatter,0.8
amlc_00284,HI-Small,0,legit,469.33800841514727,0.0024912015416401,0,fan-in,0.00053766486,0,fan-in,0.10014756,0,fan-in,0.0343921422142759,0,fan-in,1,gather-scatter,0.6,1,fan-in,0.6,1,gather-scatter,0.6,1,gather-scatter,0.8,1,fan-in,0.8,1,gather-scatter,0.8,1,fan-in,0.8
amlc_00285,HI-Small,1,legit,1.0,0.0319851312801261,0,bipartite,0.021052878,0,bipartite,0.28419527,0,bipartite,0.1124110945815847,0,bipartite,1,gather-scatter,0.6,1,random,0.8,1,random,0.8,1,gather-scatter,0.6,1,gather-scatter,0.8,1,gather-scatter,0.8,1,gather-scatter,0.8
amlc_00286,HI-Small,0,legit,469.33800841514727,1.8928673948363085e-05,0,bipartite,1.4037478e-05,0,stack,0.06186383,0,stack,0.0206322648673766,0,stack,1,fan-out,0.6,1,fan-out,0.6,1,scatter-gather,0.6,1,gather-scatter,0.8,1,fan-out,0.8,1,scatter-gather,0.8,0,,0.5
amlc_00287,HI-Small,0,legit,483.5610098176718,1.3188593609559776e-05,0,bipartite,6.813373e-06,0,stack,0.033826593,0,stack,0.0112821984254659,0,stack,1,fan-out,0.6,0,,0.5,1,scatter-gather,0.8,1,gather-scatter,0.6,1,gather-scatter,0.8,1,scatter-gather,0.8,1,gather-scatter,0.8
amlc_00288,HI-Small,0,legit,483.5610098176718,3.714351873382758e-05,0,random,1.566749e-05,0,stack,0.01280001,0,bipartite,0.0042842736434808,0,stack,1,gather-scatter,0.6,0,,0.7,1,gather-scatter,0.8,1,gather-scatter,0.8,1,fan-out,0.8,0,,0.7,1,scatter-gather,0.8
amlc_00289,HI-Small,0,legit,469.33800841514727,1.8157828488465053e-05,0,bipartite,1.9484913e-05,0,bipartite,0.06166343,0,bipartite,0.0205670243084139,0,bipartite,1,fan-out,0.6,1,gather-scatter,0.6,1,fan-out,0.8,1,gather-scatter,0.8,1,gather-scatter,0.8,1,gather-scatter,0.8,1,fan-out,0.8
amlc_00290,HI-Small,0,legit,483.5610098176718,3.8815324161009525e-05,0,stack,2.0160896e-05,0,bipartite,0.01212768,0,bipartite,0.0040622186644065,0,bipartite,1,fan-out,0.6,1,fan-out,0.6,1,random,0.8,1,gather-scatter,0.8,1,gather-scatter,0.8,1,gather-scatter,0.8,0,,0.5
amlc_00291,HI-Small,0,legit,469.33800841514727,0.1515105161937391,0,fan-in,0.13756248,0,fan-in,0.4811483,0,fan-in,0.2567404340993138,0,fan-in,1,fan-in,0.6,1,fan-in,0.6,1,fan-in,0.6,1,gather-scatter,0.6,1,fan-in,0.8,1,fan-in,0.8,1,fan-in,0.8
amlc_00292,HI-Small,0,legit,469.33800841514727,1.3507222912407164e-05,0,bipartite,2.494239e-06,0,fan-in,0.002300453,0,bipartite,0.0007721514561736,0,bipartite,1,fan-out,0.6,1,fan-out,0.6,1,fan-in,0.6,1,gather-scatter,0.6,1,gather-scatter,0.8,1,gather-scatter,0.8,1,gather-scatter,0.8
amlc_00293,HI-Small,0,legit,469.33800841514727,4.275088771494904e-05,0,bipartite,1.9482552e-05,0,stack,0.06335703,0,stack,0.0211397554249258,0,stack,1,fan-out,0.6,0,,0.5,1,fan-out,0.8,1,gather-scatter,0.6,1,fan-out,0.8,0,,0.7,0,,0.5
amlc_00294,HI-Small,1,legit,1.0,0.000610382904127,0,fan-out,0.00026373606,0,fan-out,0.01847708,0,fan-out,0.0064503997844693,0,fan-out,0,,0.5,0,,0.5,1,fan-out,0.8,1,bipartite,0.8,1,fan-out,0.8,1,fan-out,0.8,0,,0.5
amlc_00295,HI-Small,1,legit,1.0,0.0301912105093212,0,stack,0.06283041,0,stack,0.09215405,0,stack,0.0617252232634296,0,stack,1,fan-in,0.6,1,fan-in,0.6,1,fan-in,0.8,1,gather-scatter,0.6,1,fan-in,0.8,1,fan-in,0.8,1,fan-in,0.8
amlc_00296,HI-Small,0,legit,469.33800841514727,1.4681388851206524e-05,0,bipartite,3.6971808e-06,0,bipartite,0.0007048019,0,bipartite,0.0002410601479531,0,bipartite,1,gather-scatter,0.8,1,scatter-gather,0.6,0,,0.7,1,gather-scatter,0.6,1,gather-scatter,0.8,1,gather-scatter,0.8,1,gather-scatter,0.8
amlc_00297,HI-Small,0,legit,483.5610098176718,3.211004805280355e-05,0,stack,9.797744e-06,0,stack,0.02431727,0,bipartite,0.00811972597882,0,stack,1,gather-scatter,0.6,1,fan-out,0.8,1,fan-out,0.8,1,scatter-gather,0.8,1,fan-out,0.8,1,fan-out,0.8,0,,0.5
amlc_00298,HI-Small,1,legit,1.0,0.0033125118648153,0,fan-in,0.008042607,0,fan-in,0.36313003,0,fan-in,0.1248283841124886,0,fan-in,1,fan-out,0.6,1,scatter-gather,0.6,0,,0.7,1,gather-scatter,0.6,1,fan-out,0.8,1,cycle,0.8,1,bipartite,0.8
amlc_00299,HI-Small,0,legit,1.0,0.5550780946663229,0,fan-in,0.51578224,0,fan-in,0.73369455,0,fan-in,0.6015182950314948,0,fan-in,1,stack,0.8,1,stack,0.8,1,gather-scatter,0.6,1,gather-scatter,0.6,1,scatter-gather,0.8,1,gather-scatter,0.8,1,fan-in,0.8
amlc_00300,HI-Small,0,legit,483.5610098176718,1.3578589829353691e-05,0,bipartite,5.4078905e-06,0,bipartite,0.01561421,0,bipartite,0.0052110653923307,0,bipartite,1,gather-scatter,0.8,1,gather-scatter,0.8,1,fan-out,0.6,1,gather-scatter,0.6,1,fan-out,0.8,1,gather-scatter,0.8,1,scatter-gather,0.8
amlc_00301,HI-Small,0,legit,483.5610098176718,2.767728151530515e-05,0,stack,9.477858e-06,0,bipartite,0.03259512,0,bipartite,0.0108774251699443,0,bipartite,1,gather-scatter,0.6,1,gather-scatter,0.6,1,fan-out,0.8,1,gather-scatter,0.6,1,stack,0.8,1,gather-scatter,0.8,1,gather-scatter,0.8
amlc_00302,HI-Small,1,legit,1.0,0.0178578817097209,0,bipartite,0.05832365,0,bipartite,0.037042707,0,bipartite,0.0377414134889133,0,bipartite,1,scatter-gather,0.6,1,fan-in,0.6,1,gather-scatter,0.8,1,gather-scatter,0.6,1,gather-scatter,0.8,1,gather-scatter,0.8,1,gather-scatter,0.8
amlc_00303,HI-Small,0,legit,469.33800841514727,0.0010316624435613,0,bipartite,0.0006242384,0,bipartite,0.16302624,0,bipartite,0.0548940480962711,0,bipartite,1,fan-out,0.6,1,gather-scatter,0.6,1,scatter-gather,0.8,1,scatter-gather,0.6,1,scatter-gather,0.8,0,,0.7,1,gather-scatter,0.8
amlc_00304,HI-Small,0,legit,469.33800841514727,3.820309693280514e-05,0,bipartite,2.7731818e-05,0,bipartite,0.1202306,0,bipartite,0.0400988450508201,0,bipartite,1,fan-out,0.6,1,gather-scatter,0.6,0,,0.7,1,gather-scatter,0.6,1,fan-out,0.8,1,gather-scatter,0.8,1,gather-scatter,0.8
amlc_00305,HI-Small,0,legit,469.33800841514727,8.58516716763183e-05,0,stack,4.5253786e-05,0,stack,0.21490979,0,stack,0.0716802991347237,0,stack,1,fan-out,0.6,1,fan-out,0.6,1,fan-out,0.8,1,gather-scatter,0.8,1,fan-out,0.8,1,fan-out,0.8,1,fan-out,0.8
amlc_00306,HI-Small,1,legit,1.0,0.0090279562176392,0,fan-in,0.010156644,0,fan-in,0.17224108,0,fan-in,0.0638085588738695,0,fan-in,1,gather-scatter,0.6,1,gather-scatter,0.8,1,gather-scatter,0.6,1,gather-scatter,0.8,1,gather-scatter,0.8,1,gather-scatter,0.8,1,gather-scatter,0.8
amlc_00307,HI-Small,0,legit,483.5610098176718,1.408697095201994e-05,0,bipartite,1.2489407e-05,0,stack,0.030740138,0,bipartite,0.0102555715070174,0,bipartite,1,fan-out,0.6,1,fan-out,0.6,1,random,0.8,1,gather-scatter,0.8,1,gather-scatter,0.8,0,,0.7,0,,0.5
amlc_00308,HI-Small,0,legit,469.33800841514727,1.5104683686282136e-05,0,bipartite,1.189534e-05,0,bipartite,0.05851062,0,random,0.0195125400569992,0,bipartite,1,scatter-gather,0.6,1,cycle,0.8,1,fan-out,0.6,1,gather-scatter,0.6,1,gather-scatter,0.8,1,gather-scatter,0.8,1,gather-scatter,0.8
amlc_00309,HI-Small,0,legit,469.33800841514727,2.2593359999595423e-05,0,bipartite,1.4081476e-05,0,bipartite,0.059902012,0,stack,0.0199795623948466,0,bipartite,1,fan-out,0.6,1,fan-out,0.6,1,fan-out,0.6,1,gather-scatter,0.8,1,fan-out,0.8,1,fan-out,0.8,0,,0.5
amlc_00310,HI-Small,0,legit,469.33800841514727,0.0009417217654704,0,bipartite,0.0013356202,0,bipartite,0.26448068,0,bipartite,0.088919340724795,0,bipartite,1,fan-out,0.8,1,gather-scatter,0.6,1,bipartite,0.8,1,gather-scatter,0.6,1,scatter-gather,0.8,1,gather-scatter,0.8,0,,0.5
amlc_00311,HI-Small,0,legit,1.0,0.5055828343603639,0,bipartite,0.48337945,0,bipartite,0.45685273,0,bipartite,0.4819383406233002,0,bipartite,1,scatter-gather,0.6,1,gather-scatter,0.6,1,fan-out,0.8,1,gather-scatter,0.6,1,gather-scatter,0.8,1,gather-scatter,0.8,1,gather-scatter,0.8
amlc_00312,HI-Small,1,fan-in,1.0,0.0125807383585064,0,stack,0.025810113,0,stack,0.094082,0,stack,0.0441576164688696,0,stack,1,fan-in,0.8,1,fan-out,0.6,1,fan-out,0.8,1,gather-scatter,0.6,1,gather-scatter,0.8,1,gather-scatter,0.8,1,stack,0.8
amlc_00313,HI-Small,1,fan-in,1.0,0.9587291491852729,1,stack,0.98989564,1,stack,0.8428887,1,stack,0.93050450129067,1,stack,1,fan-in,0.6,1,fan-in,0.6,1,scatter-gather,0.8,1,gather-scatter,0.6,1,fan-in,0.8,1,fan-in,0.8,1,fan-in,0.8
amlc_00314,HI-Small,1,legit,1.0,0.0081507951915232,0,stack,0.011239244,0,stack,0.6220807,0,stack,0.2138235741903373,0,stack,1,fan-out,0.6,1,fan-out,0.8,0,,0.7,1,gather-scatter,0.6,1,fan-out,0.8,1,random,0.8,1,fan-out,0.8
amlc_00315,HI-Small,0,legit,469.33800841514727,1.3819124487358557e-05,0,stack,8.976413e-06,0,stack,0.04941636,0,bipartite,0.0164797183503528,0,stack,1,fan-out,0.8,1,fan-out,0.6,1,fan-out,0.8,1,gather-scatter,0.8,1,gather-scatter,0.8,1,random,0.8,0,,0.5
amlc_00316,HI-Small,0,legit,483.5610098176718,1.2830202042681308e-05,0,bipartite,1.1400143e-05,0,bipartite,0.022402547,0,bipartite,0.0074755925483661,0,bipartite,1,gather-scatter,0.8,1,fan-out,0.6,1,scatter-gather,0.8,1,gather-scatter,0.6,1,scatter-gather,0.8,1,gather-scatter,0.8,1,scatter-gather,0.8
amlc_00317,HI-Small,1,legit,1.0,0.0004620990301933,0,fan-out,0.00045958217,0,fan-out,0.008074652,0,fan-out,0.0029987778667666,0,fan-out,0,,0.5,0,,0.5,0,,0.7,1,gather-scatter,0.8,1,fan-out,0.8,1,fan-out,0.8,0,,0.5
amlc_00318,HI-Small,0,legit,483.5610098176718,5.5039586616082186e-05,0,bipartite,6.075881e-06,0,stack,0.016911108,0,stack,0.0056574078381867,0,stack,1,fan-out,0.6,1,fan-out,0.6,1,random,0.8,1,gather-scatter,0.8,1,gather-scatter,0.8,1,gather-scatter,0.8,1,gather-scatter,0.8
amlc_00319,HI-Small,0,legit,469.33800841514727,7.491179010682075e-05,0,scatter-gather,4.1203955e-05,0,scatter-gather,0.009678959,0,stack,0.0032650248868715,0,scatter-gather,1,gather-scatter,0.6,1,gather-scatter,0.6,1,fan-out,0.8,1,gather-scatter,0.8,1,fan-out,0.8,1,gather-scatter,0.8,1,scatter-gather,0.8
amlc_00320,HI-Small,0,legit,483.5610098176718,3.703086336439096e-05,0,stack,1.2851357e-05,0,bipartite,0.018828329,0,stack,0.0062927369729416,0,stack,1,fan-out,0.6,0,,0.5,1,gather-scatter,0.8,1,gather-scatter,0.6,1,gather-scatter,0.8,1,stack,0.8,1,gather-scatter,0.8
amlc_00321,HI-Small,1,legit,1.0,0.0087369606927933,0,bipartite,0.0316973,0,bipartite,0.10153659,0,bipartite,0.0473236156349679,0,bipartite,1,gather-scatter,0.6,1,gather-scatter,0.6,1,random,0.8,1,bipartite,0.8,1,gather-scatter,0.8,1,random,0.8,1,gather-scatter,0.8
amlc_00322,HI-Small,1,legit,1.0,0.0008292814466688,0,fan-out,0.0011621601,0,fan-out,0.0064982385,0,fan-out,0.0028298933518912,0,fan-out,0,,0.5,0,,0.5,0,,0.5,0,,0.5,0,,0.5,0,,0.5,0,,0.5
amlc_00323,HI-Small,1,legit,1.0,0.0131933353926544,0,fan-in,0.01243505,0,fan-in,0.66249496,0,fan-in,0.2293744475298724,0,fan-in,1,fan-out,0.8,1,fan-in,0.6,1,fan-in,0.6,1,gather-scatter,0.6,1,gather-scatter,0.8,1,gather-scatter,0.8,0,,0.5
amlc_00324,HI-Small,1,legit,1.0,0.0692107161794585,0,bipartite,0.048046373,0,bipartite,0.22154021,0,bipartite,0.1129324338805173,0,bipartite,1,fan-out,0.8,1,fan-out,0.6,1,fan-out,0.8,1,fan-out,0.6,1,fan-out,0.8,1,fan-out,0.8,0,,0.5
amlc_00325,HI-Small,1,legit,1.0,0.0351762492901127,0,bipartite,0.10669893,0,bipartite,0.25537673,0,bipartite,0.1324173019808544,0,bipartite,1,fan-in,0.6,1,fan-in,0.6,1,fan-in,0.6,1,gather-scatter,0.6,1,fan-in,0.8,1,fan-in,0.8,1,fan-in,0.8
amlc_00326,HI-Small,0,legit,1.0,0.5096649001430276,0,stack,0.6242444,0,stack,0.21660976,0,stack,0.4501730177266996,0,stack,1,fan-out,0.8,1,gather-scatter,0.8,1,scatter-gather,0.8,1,gather-scatter,0.8,1,gather-scatter,0.8,1,gather-scatter,0.8,1,gather-scatter,0.8
amlc_00327,HI-Small,0,legit,483.5610098176718,1.3013837654509243e-05,0,bipartite,4.850505e-06,0,bipartite,0.012200063,0,stack,0.0040726424790055,0,bipartite,1,fan-in,0.6,1,fan-in,0.6,1,gather-scatter,0.8,1,gather-scatter,0.6,1,fan-in,0.8,1,random,0.8,1,fan-in,0.8
amlc_00328,HI-Small,0,legit,469.33800841514727,6.081951747548168e-05,0,scatter-gather,8.94409e-06,0,scatter-gather,0.0049861367,0,scatter-gather,0.0016853000978577,0,scatter-gather,1,gather-scatter,0.6,1,fan-out,0.8,1,gather-scatter,0.6,1,gather-scatter,0.8,1,gather-scatter,0.8,1,gather-scatter,0.8,1,gather-scatter,0.8
amlc_00329,HI-Small,0,legit,469.33800841514727,0.000164247905742,0,stack,5.5851306e-05,0,stack,0.14363201,0,stack,0.0479507029456124,0,stack,1,gather-scatter,0.6,1,fan-out,0.8,1,scatter-gather,0.6,1,gather-scatter,0.8,1,gather-scatter,0.8,1,gather-scatter,0.8,1,gather-scatter,0.8
amlc_00330,HI-Small,1,legit,1.0,0.0402521415157043,0,fan-in,0.035766277,0,fan-in,0.028213363,0,fan-in,0.0347439273729232,0,fan-in,1,fan-in,0.6,1,fan-in,0.6,1,fan-in,0.6,1,gather-scatter,0.6,1,fan-in,0.8,1,fan-in,0.8,1,fan-in,0.8
amlc_00331,HI-Small,1,legit,1.0,0.0158619611984828,0,bipartite,0.009289846,0,bipartite,0.9101089,1,bipartite,0.3117535769782576,0,bipartite,1,fan-out,0.6,1,gather-scatter,0.6,1,gather-scatter,0.8,1,gather-scatter,0.8,1,fan-out,0.8,1,fan-out,0.8,0,,0.5
amlc_00332,HI-Small,0,legit,1.0,0.8036131943215231,1,bipartite,0.757427,0,bipartite,0.73219496,0,bipartite,0.7644117105321521,0,bipartite,1,fan-out,0.6,1,scatter-gather,0.8,1,fan-out,0.8,1,gather-scatter,0.8,1,fan-out,0.8,1,scatter-gather,0.8,1,gather-scatter,0.8
amlc_00333,HI-Small,0,legit,469.33800841514727,0.0006320869814288,0,bipartite,9.649486e-05,0,bipartite,0.13126561,0,bipartite,0.0439980641003321,0,bipartite,1,scatter-gather,0.8,1,gather-scatter,0.8,1,scatter-gather,0.8,1,bipartite,0.8,1,scatter-gather,0.8,0,,0.7,0,,0.5
amlc_00334,HI-Small,0,legit,1.0,0.2107325800727068,0,stack,0.23156264,0,stack,0.85814935,1,stack,0.4334815246684769,0,stack,1,fan-out,0.6,1,fan-out,0.6,1,fan-out,0.6,1,gather-scatter,0.8,1,scatter-gather,0.8,1,gather-scatter,0.8,1,scatter-gather,0.8
amlc_00335,HI-Small,0,legit,469.33800841514727,3.1256999802077615e-05,0,bipartite,1.2286233e-05,0,stack,0.109989926,0,bipartite,0.0366778231505825,0,bipartite,1,fan-out,0.6,1,fan-out,0.6,1,fan-out,0.8,1,stack,0.8,1,fan-out,0.8,0,,0.7,0,,0.5
amlc_00336,HI-Small,0,legit,483.5610098176718,4.744021958805503e-05,0,bipartite,2.146097e-05,0,bipartite,0.04060265,0,bipartite,0.0135571838943061,0,bipartite,1,scatter-gather,0.6,0,,0.5,1,gather-scatter,0.8,1,gather-scatter,0.6,1,gather-scatter,0.8,1,gather-scatter,0.8,1,gather-scatter,0.8
amlc_00337,HI-Small,0,legit,469.33800841514727,1.2241936999592872e-05,0,bipartite,2.675833e-05,0,fan-in,0.2220315,0,fan-out,0.0740235013939665,0,fan-out,1,fan-out,0.6,1,gather-scatter,0.8,1,gather-scatter,0.8,1,gather-scatter,0.6,1,fan-out,0.8,1,fan-out,0.8,1,fan-out,0.8
amlc_00338,HI-Small,0,legit,469.33800841514727,2.603688969388661e-05,0,bipartite,8.778882e-06,0,bipartite,0.007632038,0,bipartite,0.0025556179540731,0,bipartite,1,fan-out,0.8,0,,0.5,1,fan-out,0.8,1,gather-scatter,0.8,1,fan-out,0.8,1,fan-out,0.8,0,,0.5
amlc_00339,HI-Small,1,legit,1.0,0.000716837664889,0,bipartite,0.0014134953,0,stack,0.38304082,0,random,0.1283903828455166,0,stack,1,fan-out,0.6,1,fan-out,0.6,1,random,0.8,1,gather-scatter,0.8,1,fan-out,0.8,1,scatter-gather,0.8,1,scatter-gather,0.8
amlc_00340,HI-Small,0,legit,1.0,0.9089729799342974,1,stack,0.82677877,1,stack,0.75700265,0,stack,0.8309181337062791,1,stack,1,fan-out,0.6,0,,0.5,1,fan-out,0.8,1,gather-scatter,0.8,1,fan-out,0.8,0,,0.7,1,fan-out,0.8
amlc_00341,HI-Small,0,legit,469.33800841514727,3.0819507592177773e-05,0,bipartite,9.072274e-06,0,stack,0.04605703,0,bipartite,0.0153656407801342,0,bipartite,1,fan-out,0.8,1,fan-out,0.6,1,scatter-gather,0.8,1,gather-scatter,0.6,1,gather-scatter,0.8,1,random,0.8,0,,0.5
amlc_00342,HI-Small,0,legit,469.33800841514727,3.5984997401886654e-05,0,random,2.356242e-05,0,stack,0.1295773,0,bipartite,0.0432122804695818,0,stack,1,gather-scatter,0.6,1,stack,0.8,0,,0.7,1,gather-scatter,0.6,1,gather-scatter,0.8,1,random,0.8,1,gather-scatter,0.8
amlc_00343,HI-Small,0,legit,483.5610098176718,1.84333393644591e-05,0,bipartite,2.105087e-05,0,bipartite,0.017263524,0,bipartite,0.0057676694811167,0,bipartite,1,fan-out,0.6,1,fan-out,0.6,1,scatter-gather,0.8,1,gather-scatter,0.6,1,fan-out,0.8,1,gather-scatter,0.8,0,,0.5
amlc_00344,HI-Small,0,legit,469.33800841514727,0.000101610179667,0,stack,2.6443799e-05,0,stack,0.002159131,0,stack,0.0007623949901985,0,stack,1,fan-out,0.8,1,gather-scatter,0.6,1,fan-out,0.8,1,gather-scatter,0.6,1,scatter-gather,0.8,1,random,0.8,1,gather-scatter,0.8
amlc_00345,HI-Small,0,legit,483.5610098176718,0.0023388202679499,0,fan-out,0.0017315068,0,fan-out,0.017842041,0,fan-out,0.0073041227927172,0,fan-out,0,,0.5,0,,0.5,0,,0.5,0,,0.5,1,fan-out,0.8,1,fan-out,0.8,0,,0.5
amlc_00346,HI-Small,0,legit,469.33800841514727,0.0001257717373919,0,bipartite,7.431307e-05,0,bipartite,0.08703211,0,bipartite,0.0290773981031658,0,bipartite,1,fan-out,0.6,1,gather-scatter,0.6,1,gather-scatter,0.6,1,fan-out,0.8,1,fan-out,0.8,1,fan-out,0.8,0,,0.5
amlc_00347,HI-Small,0,legit,483.5610098176718,0.0002240731007303,0,stack,4.5145214e-05,0,stack,0.012328563,0,stack,0.0041992605243421,0,stack,1,fan-out,0.6,1,fan-out,0.6,1,fan-out,0.8,1,gather-scatter,0.8,1,fan-out,0.8,1,fan-out,0.8,0,,0.5
amlc_00348,HI-Small,0,legit,483.5610098176718,3.276572374965292e-05,0,bipartite,5.921731e-06,0,stack,0.026666999,0,stack,0.0089018954392956,0,stack,1,gather-scatter,0.6,1,stack,0.8,1,fan-out,0.8,1,gather-scatter,0.6,1,gather-scatter,0.8,1,gather-scatter,0.8,1,gather-scatter,0.8
amlc_00349,HI-Small,0,legit,483.5610098176718,0.0020556251541926,0,fan-out,0.0006981689,0,fan-out,0.010644296,0,fan-out,0.0044660300722727,0,fan-out,0,,0.5,0,,0.5,1,fan-out,0.8,1,gather-scatter,0.8,1,fan-out,0.8,0,,0.7,0,,0.5
amlc_00350,HI-Small,1,legit,1.0,0.0059887627495085,0,fan-in,0.003848703,0,fan-in,0.41802096,0,fan-in,0.1426194765102616,0,fan-in,1,scatter-gather,0.8,1,stack,0.8,1,random,0.8,1,gather-scatter,0.6,1,gather-scatter,0.8,1,gather-scatter,0.8,1,gather-scatter,0.8
amlc_00351,HI-Small,0,legit,483.5610098176718,7.197051995279277e-05,0,bipartite,2.4603394e-05,0,bipartite,0.0136588495,0,bipartite,0.0045851411455396,0,bipartite,1,fan-out,0.8,1,fan-out,0.6,1,fan-out,0.8,1,random,0.8,1,fan-out,0.8,1,fan-out,0.8,0,,0.5
amlc_00352,HI-Small,0,legit,469.33800841514727,1.424553297653432e-05,0,bipartite,5.906165e-06,0,bipartite,0.010804393,0,bipartite,0.0036081816755393,0,bipartite,1,gather-scatter,0.8,1,fan-out,0.6,1,scatter-gather,0.8,1,gather-scatter,0.6,1,scatter-gather,0.8,1,gather-scatter,0.8,1,gather-scatter,0.8
amlc_00353,HI-Small,0,legit,469.33800841514727,0.0003220985529165,0,bipartite,0.00019895537,0,bipartite,0.066628754,0,bipartite,0.0223832693543413,0,bipartite,1,fan-out,0.8,1,scatter-gather,0.6,1,bipartite,0.8,1,fan-out,0.6,1,gather-scatter,0.8,1,gather-scatter,0.8,0,,0.5
amlc_00354,HI-Small,0,legit,469.33800841514727,1.555075942592963e-05,0,bipartite,5.973544e-06,0,stack,0.0015698305,0,bipartite,0.0005304515888715,0,bipartite,1,gather-scatter,0.6,1,gather-scatter,0.6,1,gather-scatter,0.8,1,gather-scatter,0.6,1,gather-scatter,0.8,1,gather-scatter,0.8,0,,0.5
amlc_00355,HI-Small,0,legit,469.33800841514727,6.545524428300478e-05,0,stack,1.50308815e-05,0,stack,0.19730592,0,stack,0.0657954679552216,0,stack,1,gather-scatter,0.6,1,scatter-gather,0.6,1,bipartite,0.8,1,gather-scatter,0.6,1,stack,0.8,1,gather-scatter,0.8,1,stack,0.8
amlc_00356,HI-Small,0,legit,469.33800841514727,2.1049596014576232e-05,0,bipartite,1.1463182e-05,0,bipartite,0.05133102,0,bipartite,0.0171211778899238,0,bipartite,1,fan-out,0.6,1,fan-out,0.6,0,cycle,0.7,1,gather-scatter,0.6,1,scatter-gather,0.8,1,scatter-gather,0.8,0,,0.5
amlc_00357,HI-Small,0,legit,469.33800841514727,3.306076468072005e-05,0,bipartite,9.697479e-06,0,stack,0.045130484,0,bipartite,0.015057747349962,0,bipartite,1,gather-scatter,0.6,1,fan-out,0.6,1,random,0.8,1,cycle,0.8,1,scatter-gather,0.8,1,gather-scatter,0.8,1,gather-scatter,0.8
amlc_00358,HI-Small,1,legit,1.0,0.0003528231698329,0,fan-out,0.00029306705,0,fan-out,0.011049269,0,fan-out,0.0038983863274491,0,fan-out,0,,0.5,0,,0.5,1,fan-out,0.8,1,gather-scatter,0.6,1,fan-out,0.8,1,fan-out,0.8,0,,0.5
amlc_00359,HI-Small,0,legit,469.33800841514727,1.476446754617222e-05,0,bipartite,6.5819017e-06,0,bipartite,0.010675941,0,bipartite,0.0035657623439707,0,bipartite,1,fan-out,0.8,0,,0.5,1,gather-scatter,0.8,1,gather-scatter,0.6,1,gather-scatter,0.8,1,gather-scatter,0.8,1,gather-scatter,0.8
amlc_00360,HI-Small,0,legit,469.33800841514727,5.767422332599657e-05,0,stack,1.648146e-05,0,stack,0.0606466,0,bipartite,0.0202402522345952,0,stack,1,gather-scatter,0.6,1,gather-scatter,0.8,1,scatter-gather,0.8,1,stack,0.8,1,gather-scatter,0.8,1,gather-scatter,0.8,0,,0.5
amlc_00361,HI-Small,1,legit,1.0,0.0641807895748284,0,bipartite,0.052447814,0,bipartite,0.3680613,0,bipartite,0.1615633027205357,0,bipartite,1,gather-scatter,0.6,1,gather-scatter,0.6,1,gather-scatter,0.6,1,gather-scatter,0.8,1,gather-scatter,0.8,1,gather-scatter,0.8,1,gather-scatter,0.8
amlc_00362,HI-Small,0,legit,469.33800841514727,1.3105887864885145e-05,0,fan-in,7.936314e-06,0,fan-in,0.0025211743,0,bipartite,0.0008474054878812,0,fan-in,1,fan-out,0.8,1,gather-scatter,0.6,1,fan-out,0.8,1,gather-scatter,0.6,1,gather-scatter,0.8,0,,0.7,1,gather-scatter,0.8
amlc_00363,HI-Small,1,legit,1.0,0.0003754774686035,0,fan-out,0.0012722046,0,fan-out,0.008592266,0,fan-out,0.0034133158971894,0,fan-out,0,,0.5,0,,0.5,0,fan-out,0.7,1,gather-scatter,0.6,1,fan-out,0.8,1,fan-out,0.8,0,,0.5
amlc_00364,HI-Small,0,legit,1.0,0.1426917622531456,0,fan-in,0.18491232,0,fan-in,0.9367713,1,fan-in,0.4214584532726143,0,fan-in,1,fan-out,0.6,1,fan-in,0.6,1,fan-in,0.6,1,gather-scatter,0.8,1,fan-in,0.8,1,gather-scatter,0.8,1,gather-scatter,0.8
amlc_00365,HI-Small,0,legit,469.33800841514727,1.434552733223216e-05,0,bipartite,4.227431e-06,0,bipartite,0.0050741495,0,bipartite,0.0016975741405404,0,bipartite,1,fan-out,0.6,0,,0.7,0,,0.7,1,random,0.8,0,,0.7,0,,0.7,1,random,0.8
amlc_00366,HI-Small,0,legit,469.33800841514727,0.0005705907482436,0,bipartite,0.00016677797,0,bipartite,0.17646107,0,bipartite,0.0590661464989035,0,bipartite,1,gather-scatter,0.6,1,scatter-gather,0.6,1,scatter-gather,0.8,1,gather-scatter,0.6,1,gather-scatter,0.8,1,gather-scatter,0.8,1,scatter-gather,0.8
amlc_00367,HI-Small,1,legit,1.0,0.0116022961119052,0,fan-in,0.039402656,0,fan-in,0.0048723565,0,fan-in,0.0186257696368375,0,fan-in,1,fan-out,0.8,1,fan-out,0.6,1,fan-out,0.8,1,gather-scatter,0.6,1,scatter-gather,0.8,1,scatter-gather,0.8,1,scatter-gather,0.8
amlc_00368,HI-Small,0,legit,469.33800841514727,0.0025301456122529,0,fan-in,0.0010549389,0,fan-in,0.041336864,0,fan-in,0.0149739829092864,0,fan-in,1,fan-in,0.6,0,,0.5,1,fan-in,0.6,1,gather-scatter,0.6,1,fan-in,0.8,1,fan-in,0.8,1,fan-in,0.8
amlc_00369,HI-Small,0,legit,469.33800841514727,1.513464719764694e-05,0,bipartite,5.2520472e-06,0,stack,0.047410857,0,stack,0.0158104145422767,0,stack,1,fan-out,0.6,1,fan-out,0.6,1,fan-out,0.6,1,fan-out,0.8,1,fan-out,0.8,1,fan-out,0.8,0,,0.5
amlc_00370,HI-Small,0,legit,469.33800841514727,3.7496016884036536e-05,0,stack,1.194452e-05,0,bipartite,0.07625047,0,stack,0.0254333039039797,0,stack,1,gather-scatter,0.8,1,fan-out,0.6,0,,0.7,1,random,0.8,1,gather-scatter,0.8,1,gather-scatter,0.8,1,gather-scatter,0.8
amlc_00371,HI-Small,0,legit,469.33800841514727,8.77667448123754e-05,0,scatter-gather,1.18759435e-05,0,scatter-gather,0.0012156203,0,scatter-gather,0.0004384210013247,0,scatter-gather,1,cycle,0.8,1,gather-scatter,0.6,1,scatter-gather,0.8,1,gather-scatter,0.6,1,gather-scatter,0.8,1,gather-scatter,0.8,1,gather-scatter,0.8
amlc_00372,HI-Small,0,legit,469.33800841514727,5.871687012996884e-05,0,bipartite,2.7046714e-05,0,stack,0.0026158798,0,stack,0.0009005477797031,0,stack,1,fan-in,0.6,1,fan-in,0.6,1,fan-in,0.8,1,gather-scatter,0.6,1,fan-in,0.8,1,fan-in,0.8,1,fan-in,0.8
amlc_00373,HI-Small,1,legit,1.0,0.0221181330787685,0,bipartite,0.018954787,0,bipartite,0.07934302,0,bipartite,0.0401386471326995,0,bipartite,1,gather-scatter,0.8,1,fan-in,0.6,1,gather-scatter,0.8,1,gather-scatter,0.8,1,gather-scatter,0.8,1,gather-scatter,0.8,1,gather-scatter,0.8
amlc_00374,HI-Small,0,legit,483.5610098176718,1.998990721164612e-05,0,fan-in,1.7101422e-05,0,fan-in,0.024542946,0,bipartite,0.0081933458991192,0,fan-in,1,fan-out,0.6,1,fan-out,0.6,1,fan-out,0.8,1,gather-scatter,0.8,1,gather-scatter,0.8,1,gather-scatter,0.8,0,,0.5
amlc_00375,HI-Small,0,legit,469.33800841514727,1.9923752361711423e-05,0,bipartite,8.578672e-06,0,bipartite,0.06788773,0,bipartite,0.0226387444403949,0,bipartite,1,gather-scatter,0.6,1,gather-scatter,0.6,1,fan-out,0.6,1,gather-scatter,0.8,1,gather-scatter,0.8,1,gather-scatter,0.8,1,stack,0.8
amlc_00376,HI-Small,1,legit,1.0,0.1200738000363824,0,fan-in,0.101249956,0,fan-in,0.033229154,0,fan-in,0.0848509697447458,0,fan-in,1,gather-scatter,0.6,1,gather-scatter,0.6,0,,0.7,1,gather-scatter,0.8,1,gather-scatter,0.8,1,gather-scatter,0.8,1,gather-scatter,0.8
amlc_00377,HI-Small,0,legit,469.33800841514727,0.0004796543499723,0,fan-out,0.00034062768,0,fan-out,0.0796417,0,fan-out,0.0268206606073084,0,fan-out,0,,0.5,0,,0.5,1,scatter-gather,0.8,1,gather-scatter,0.8,1,fan-out,0.8,0,,0.7,0,,0.5
amlc_00378,HI-Small,0,legit,1.0,0.688601332952847,0,stack,0.68048394,0,stack,0.67877567,0,stack,0.6826203127868539,0,stack,1,fan-out,0.6,1,fan-out,0.6,1,random,0.8,1,fan-out,0.8,1,fan-out,0.8,1,fan-out,0.8,0,,0.5
amlc_00379,HI-Small,1,legit,1.0,0.0010183049743996,0,fan-out,0.0010937194,0,fan-out,0.3466455,0,fan-out,0.1162525095326826,0,fan-out,0,,0.5,0,,0.5,1,fan-out,0.8,1,gather-scatter,0.8,1,fan-out,0.8,1,fan-out,0.8,0,,0.5
amlc_00380,HI-Small,0,legit,483.5610098176718,3.0757959443850855e-05,0,stack,1.6398528e-05,0,cycle,0.03546367,0,stack,0.0118369416310861,0,stack,1,random,0.8,1,fan-out,0.6,1,random,0.8,1,random,0.8,1,fan-out,0.8,1,random,0.8,1,gather-scatter,0.8
amlc_00381,HI-Small,1,legit,1.0,0.0019575350067565,0,stack,0.0134777455,0,stack,0.21184102,0,stack,0.0757587658268395,0,stack,1,fan-in,0.6,1,fan-in,0.6,1,fan-in,0.6,1,gather-scatter,0.6,1,fan-in,0.8,1,fan-in,0.8,1,fan-in,0.8
amlc_00382,HI-Small,0,legit,483.5610098176718,1.2454949710270214e-05,0,bipartite,2.4872484e-06,0,bipartite,0.02581219,0,bipartite,0.0086090440747071,0,bipartite,1,gather-scatter,0.6,0,,0.7,1,fan-in,0.8,1,bipartite,0.8,1,scatter-gather,0.8,1,random,0.8,1,random,0.8
amlc_00383,HI-Small,0,legit,483.5610098176718,1.4653987818287346e-05,0,bipartite,6.5952104e-06,0,stack,0.016284142,0,bipartite,0.0054351302959122,0,bipartite,1,gather-scatter,0.6,1,gather-scatter,0.6,1,scatter-gather,0.8,1,gather-scatter,0.8,1,gather-scatter,0.8,1,gather-scatter,0.8,1,fan-out,0.8
amlc_00384,HI-Small,0,legit,469.33800841514727,1.474767537811264e-05,0,bipartite,7.95004e-06,0,bipartite,0.005954532,0,bipartite,0.0019924098892445,0,bipartite,1,fan-out,0.8,1,gather-scatter,0.6,1,scatter-gather,0.8,1,gather-scatter,0.8,1,gather-scatter,0.8,1,gather-scatter,0.8,1,gather-scatter,0.8
amlc_00385,HI-Small,0,legit,469.33800841514727,3.116681611046053e-05,0,stack,9.451228e-06,0,stack,0.047790695,0,stack,0.0159437710086162,0,stack,1,fan-out,0.6,0,,0.5,1,scatter-gather,0.6,1,bipartite,0.8,1,scatter-gather,0.8,1,stack,0.8,0,,0.5
amlc_00386,HI-Small,0,legit,483.5610098176718,0.0004638767116636,0,fan-out,0.0007203327,0,fan-out,0.012523902,0,fan-out,0.0045693703621293,0,fan-out,0,,0.5,0,,0.5,1,fan-out,0.8,1,gather-scatter,0.8,1,fan-out,0.8,0,,0.7,0,,0.5
amlc_00387,HI-Small,0,legit,483.5610098176718,1.249217205679289e-05,0,bipartite,9.089646e-06,0,bipartite,0.015426609,0,bipartite,0.0051493968504875,0,bipartite,1,fan-out,0.6,1,fan-out,0.6,1,gather-scatter,0.8,1,gather-scatter,0.8,1,fan-out,0.8,0,,0.7,0,,0.5
amlc_00388,HI-Small,0,legit,469.33800841514727,3.66992224917702e-05,0,stack,2.0427095e-05,0,bipartite,0.011880867,0,random,0.0039793311667563,0,stack,1,fan-out,0.6,1,fan-out,0.6,1,fan-out,0.6,1,gather-scatter,0.6,1,fan-out,0.8,1,fan-out,0.8,0,,0.5
amlc_00389,HI-Small,0,legit,469.33800841514727,1.8486910072976986e-05,0,bipartite,9.095512e-06,0,bipartite,0.04272892,0,bipartite,0.014252167319254,0,bipartite,1,gather-scatter,0.8,1,fan-in,0.6,1,gather-scatter,0.8,1,gather-scatter,0.6,1,fan-in,0.8,1,gather-scatter,0.8,1,scatter-gather,0.8
amlc_00390,HI-Small,0,legit,469.33800841514727,1.2709426178082907e-05,0,bipartite,2.7416354e-06,0,bipartite,0.0010169996,0,bipartite,0.0003441502188146,0,bipartite,1,fan-out,0.6,1,fan-out,0.6,0,,0.7,1,stack,0.8,1,fan-out,0.8,1,fan-out,0.8,0,,0.5
amlc_00391,HI-Small,0,legit,469.33800841514727,2.6321751118899765e-05,0,stack,1.7644266e-05,0,stack,0.06193738,0,bipartite,0.0206604488665163,0,stack,1,fan-out,0.6,1,fan-out,0.6,1,fan-out,0.6,1,gather-scatter,0.6,1,fan-out,0.8,0,,0.7,0,,0.5
amlc_00392,HI-Small,0,legit,469.33800841514727,0.0002382146149094,0,bipartite,0.00012324753,0,bipartite,0.00674216,0,bipartite,0.0023678739947472,0,bipartite,1,fan-out,0.8,1,scatter-gather,0.6,1,fan-out,0.8,1,gather-scatter,0.8,1,fan-out,0.8,0,,0.7,1,fan-out,0.8
amlc_00393,HI-Small,0,legit,469.33800841514727,0.0006061586344675,0,bipartite,0.0009254854,0,bipartite,0.1162853,0,bipartite,0.0392723152577897,0,bipartite,1,fan-out,0.6,1,gather-scatter,0.8,0,,0.7,1,gather-scatter,0.6,1,fan-out,0.8,1,fan-out,0.8,0,,0.5
amlc_00394,HI-Small,0,legit,483.5610098176718,0.001086872379572,0,fan-in,0.001190659,0,fan-in,0.020875376,0,fan-in,0.007717635701813,0,fan-in,1,gather-scatter,0.6,1,gather-scatter,0.6,1,fan-in,0.8,1,gather-scatter,0.6,1,fan-in,0.8,1,fan-in,0.8,1,gather-scatter,0.8
amlc_00395,HI-Small,0,legit,469.33800841514727,3.2281482845004896e-05,0,stack,7.304271e-06,0,stack,0.079044744,0,stack,0.0263614433754355,0,stack,1,gather-scatter,0.6,1,gather-scatter,0.6,1,gather-scatter,0.6,1,gather-scatter,0.6,1,gather-scatter,0.8,1,gather-scatter,0.8,1,gather-scatter,0.8
amlc_00396,HI-Small,0,legit,469.33800841514727,8.307314013533721e-05,0,bipartite,6.943524e-05,0,stack,0.422213,0,scatter-gather,0.1407884988401246,0,scatter-gather,1,fan-out,0.6,1,fan-out,0.6,1,fan-out,0.6,1,random,0.8,1,fan-out,0.8,0,,0.7,0,,0.5
amlc_00397,HI-Small,0,legit,469.33800841514727,1.8933176170006588e-05,0,stack,9.732005e-06,0,stack,0.06624206,0,bipartite,0.0220902422456218,0,stack,1,fan-out,0.6,1,fan-out,0.6,1,random,0.8,1,gather-scatter,0.8,1,gather-scatter,0.8,1,gather-scatter,0.8,0,,0.5
amlc_00398,HI-Small,1,legit,1.0,0.0408229804718864,0,bipartite,0.029734205,0,bipartite,0.7947652,0,bipartite,0.2884407867717866,0,bipartite,1,fan-out,0.8,1,fan-out,0.8,1,fan-out,0.6,1,scatter-gather,0.8,1,fan-out,0.8,1,gather-scatter,0.8,1,fan-out,0.8
amlc_00399,HI-Small,0,legit,469.33800841514727,0.0004386540433053,0,bipartite,0.0003231991,0,bipartite,0.25802833,0,bipartite,0.0862633938587002,0,bipartite,1,fan-out,0.6,1,fan-in,0.6,1,gather-scatter,0.8,1,gather-scatter,0.8,1,scatter-gather,0.8,1,gather-scatter,0.8,1,fan-out,0.8
amlc_00400,HI-Small,0,legit,469.33800841514727,4.459830314484145e-05,0,stack,8.176955e-06,0,bipartite,0.05470439,0,bipartite,0.018252388574755,0,bipartite,1,fan-out,0.6,0,,0.7,1,fan-out,0.8,1,bipartite,0.8,1,gather-scatter,0.8,1,gather-scatter,0.8,1,gather-scatter,0.8
amlc_00401,HI-Small,1,legit,1.0,0.0321646961878034,0,stack,0.035648335,0,stack,0.6138183,0,stack,0.2272104396028748,0,stack,1,fan-out,0.6,1,gather-scatter,0.6,1,scatter-gather,0.8,1,gather-scatter,0.8,1,gather-scatter,0.8,1,fan-out,0.8,0,,0.5
amlc_00402,HI-Small,0,legit,1.0,0.5436859197209424,0,fan-out,0.1065593,0,stack,0.8331745,1,fan-out,0.4944732484483105,0,fan-out,1,scatter-gather,0.8,1,gather-scatter,0.6,1,fan-out,0.8,1,gather-scatter,0.6,1,fan-out,0.8,1,gather-scatter,0.8,0,,0.5
amlc_00403,HI-Small,0,legit,469.33800841514727,6.18187025975908e-05,0,stack,2.6350963e-05,0,stack,0.009048898,0,stack,0.0030456891461411,0,stack,1,fan-out,0.6,1,gather-scatter,0.6,1,fan-out,0.8,1,fan-out,0.8,1,fan-out,0.8,1,gather-scatter,0.8,1,fan-out,0.8
amlc_00404,HI-Small,0,legit,483.5610098176718,0.0001507872411163,0,stack,2.5306425e-05,0,stack,0.02733244,0,stack,0.0091695112280915,0,stack,1,fan-out,0.8,1,gather-scatter,0.6,1,scatter-gather,0.8,1,gather-scatter,0.8,1,gather-scatter,0.8,1,gather-scatter,0.8,0,,0.5
amlc_00405,HI-Small,0,legit,469.33800841514727,3.1082858797461386e-05,0,stack,7.475612e-06,0,stack,0.0071703405,0,bipartite,0.0024029663276367,0,stack,1,fan-out,0.6,1,fan-out,0.6,1,fan-out,0.8,1,gather-scatter,0.8,1,fan-out,0.8,1,fan-out,0.8,0,,0.5
amlc_00406,HI-Small,1,legit,1.0,0.0021714929743275,0,fan-in,0.0025302775,0,fan-in,0.055482484,0,fan-in,0.0200614182828173,0,fan-in,1,fan-in,0.6,1,fan-in,0.6,1,fan-in,0.6,1,fan-in,0.6,1,fan-in,0.8,1,fan-in,0.8,1,fan-in,0.8
amlc_00407,HI-Small,0,legit,483.5610098176718,0.000836404652033,0,fan-out,0.00047098706,0,fan-out,0.012508039,0,fan-out,0.0046051436900707,0,fan-out,0,,0.5,0,,0.5,0,,0.7,1,fan-out,0.8,1,fan-out,0.8,1,fan-out,0.8,0,,0.5
amlc_00408,HI-Small,0,legit,469.33800841514727,1.4640034929787689e-05,0,bipartite,7.09764e-06,0,stack,0.008759463,0,bipartite,0.0029270669602241,0,bipartite,1,fan-out,0.6,1,fan-out,0.6,1,bipartite,0.8,1,gather-scatter,0.6,1,gather-scatter,0.8,1,gather-scatter,0.8,1,gather-scatter,0.8
amlc_00409,HI-Small,0,legit,483.5610098176718,1.4701920126096725e-05,0,bipartite,4.436683e-06,0,bipartite,0.017701708,0,bipartite,0.0059069487944814,0,bipartite,1,fan-out,0.6,1,fan-out,0.6,1,fan-out,0.6,1,gather-scatter,0.8,1,fan-out,0.8,1,random,0.8,1,fan-out,0.8
amlc_00410,HI-Small,1,legit,1.0,0.0127955238668288,0,bipartite,0.02977716,0,bipartite,0.11110703,0,bipartite,0.0512265709339964,0,bipartite,1,fan-out,0.8,1,gather-scatter,0.6,1,fan-out,0.8,1,bipartite,0.8,1,gather-scatter,0.8,0,,0.7,1,gather-scatter,0.8
amlc_00411,HI-Small,0,legit,469.33800841514727,1.6094841540182732e-05,0,bipartite,9.04018e-06,0,bipartite,0.0071876408,0,stack,0.0024042585938697,0,bipartite,1,fan-in,0.6,1,fan-in,0.6,1,fan-in,0.8,1,gather-scatter,0.6,1,fan-in,0.8,1,fan-in,0.8,1,fan-in,0.8
amlc_00412,HI-Small,0,legit,483.5610098176718,6.12766718451782e-05,0,scatter-gather,2.7143586e-05,0,scatter-gather,0.0198505,0,scatter-gather,0.0066463067284849,0,scatter-gather,1,gather-scatter,0.8,1,gather-scatter,0.6,1,bipartite,0.8,1,gather-scatter,0.6,1,gather-scatter,0.8,1,gather-scatter,0.8,1,gather-scatter,0.8
amlc_00413,HI-Small,0,legit,469.33800841514727,6.868559392025197e-05,0,scatter-gather,3.1484447e-05,0,stack,0.14309624,0,stack,0.0477321361386736,0,stack,1,fan-out,0.6,1,gather-scatter,0.6,1,fan-out,0.8,1,gather-scatter,0.8,1,fan-out,0.8,1,scatter-gather,0.8,1,scatter-gather,0.8
amlc_00414,HI-Small,1,legit,1.0,0.0276612724455931,0,stack,0.035919122,0,stack,0.56574047,0,stack,0.2097736203204505,0,stack,1,scatter-gather,0.6,0,,0.5,1,fan-in,0.6,1,gather-scatter,0.6,1,fan-out,0.8,0,,0.7,1,scatter-gather,0.8
amlc_00415,HI-Small,0,legit,483.5610098176718,0.0017549417462142,0,fan-out,0.00047149844,0,fan-out,0.015642013,0,fan-out,0.0059561511952876,0,fan-out,0,,0.5,0,,0.5,0,,0.5,0,,0.5,1,fan-out,0.8,0,,0.7,0,,0.5
amlc_00416,HI-Small,0,legit,483.5610098176718,0.0011616146410107,0,fan-out,0.0029867939,0,fan-out,0.018566297,0,fan-out,0.0075715686267316,0,fan-out,0,,0.5,0,,0.5,0,,0.7,0,,0.7,1,fan-out,0.8,1,fan-out,0.8,0,,0.5
amlc_00417,HI-Small,0,legit,469.33800841514727,1.2828396768872557e-05,0,bipartite,3.336186e-06,0,fan-out,0.0016247239,0,bipartite,0.0005469628263693,0,bipartite,1,random,0.8,1,,0.6,0,,0.7,1,gather-scatter,0.6,1,stack,0.8,1,stack,0.8,1,stack,0.8
amlc_00418,HI-Small,0,legit,469.33800841514727,0.0006316835277757,0,stack,0.00022937768,0,bipartite,0.09560824,0,bipartite,0.0321564343539236,0,bipartite,1,fan-out,0.6,1,gather-scatter,0.6,1,fan-out,0.6,1,fan-out,0.8,1,fan-out,0.8,0,,0.7,0,,0.5
amlc_00419,HI-Small,0,legit,483.5610098176718,1.2823605053516632e-05,0,bipartite,1.2947139e-05,0,stack,0.04039727,0,bipartite,0.0134743474193681,0,bipartite,1,fan-out,0.6,0,,0.7,1,scatter-gather,0.8,1,gather-scatter,0.6,1,gather-scatter,0.8,0,,0.7,1,gather-scatter,0.8
amlc_00420,HI-Small,0,legit,469.33800841514727,1.710257360825575e-05,0,scatter-gather,2.1330674e-05,0,scatter-gather,0.00081188884,0,scatter-gather,0.0002834406946164,0,scatter-gather,1,fan-in,0.6,1,fan-in,0.6,1,fan-in,0.6,1,gather-scatter,0.6,1,fan-in,0.8,1,fan-in,0.8,1,fan-in,0.8
amlc_00421,HI-Small,1,legit,1.0,0.09090556049616,0,fan-in,0.07101939,0,fan-in,0.03793263,0,fan-in,0.0666191932866006,0,fan-in,1,fan-in,0.8,1,fan-in,0.6,1,gather-scatter,0.6,1,gather-scatter,0.8,1,fan-in,0.8,1,gather-scatter,0.8,1,fan-in,0.8
amlc_00422,HI-Small,0,legit,483.5610098176718,1.5928383439863598e-05,0,bipartite,1.29886175e-05,0,bipartite,0.023613628,0,bipartite,0.0078808483336627,0,bipartite,1,fan-in,0.6,1,gather-scatter,0.6,1,gather-scatter,0.8,1,gather-scatter,0.6,1,gather-scatter,0.8,1,gather-scatter,0.8,1,gather-scatter,0.8
amlc_00423,HI-Small,0,legit,469.33800841514727,0.0009457201552653,0,bipartite,0.00030760744,0,bipartite,0.58673096,0,bipartite,0.1959947615406346,0,bipartite,1,fan-out,0.6,1,scatter-gather,0.6,1,gather-scatter,0.8,1,gather-scatter,0.8,1,fan-out,0.8,0,,0.7,0,,0.5
amlc_00424,HI-Small,1,legit,1.0,0.0256645466595439,0,stack,0.038679697,0,stack,0.8960899,1,stack,0.3201447182466437,0,stack,1,fan-out,0.6,1,fan-out,0.6,1,scatter-gather,0.8,1,gather-scatter,0.6,1,fan-out,0.8,1,fan-out,0.8,0,,0.5
amlc_00425,HI-Small,0,legit,469.33800841514727,5.12827846032917e-05,0,stack,6.550671e-06,0,stack,0.08210908,0,stack,0.0273889707401928,0,stack,1,cycle,0.8,1,gather-scatter,0.6,1,fan-out,0.8,1,gather-scatter,0.6,1,scatter-gather,0.8,1,fan-out,0.8,1,scatter-gather,0.8
amlc_00426,HI-Small,0,legit,1.0,0.9166867708743462,1,bipartite,0.9417318,1,bipartite,0.7703122,0,bipartite,0.8762435904999855,1,bipartite,1,scatter-gather,0.6,0,,0.5,1,fan-out,0.8,1,gather-scatter,0.6,1,scatter-gather,0.8,1,gather-scatter,0.8,1,fan-out,0.8
amlc_00427,HI-Small,1,legit,1.0,0.0612819031853057,0,bipartite,0.052291263,0,bipartite,0.053476084,0,bipartite,0.0556830833679628,0,bipartite,1,gather-scatter,0.8,1,fan-out,0.6,1,fan-out,0.6,1,scatter-gather,0.6,1,gather-scatter,0.8,0,,0.7,1,gather-scatter,0.8
amlc_00428,HI-Small,0,legit,469.33800841514727,4.822491760031601e-05,0,bipartite,1.6236469e-05,0,bipartite,0.11310278,0,bipartite,0.0377224133928545,0,bipartite,1,fan-out,0.6,1,fan-out,0.6,1,fan-out,0.8,1,gather-scatter,0.8,1,fan-out,0.8,0,,0.7,0,,0.5
amlc_00429,HI-Small,0,legit,483.5610098176718,3.5828839293108655e-05,0,bipartite,1.7409697e-05,0,bipartite,0.022079919,0,bipartite,0.0073777190231983,0,bipartite,1,fan-out,0.8,0,,0.5,1,gather-scatter,0.8,1,gather-scatter,0.6,1,gather-scatter,0.8,1,stack,0.8,1,gather-scatter,0.8
amlc_00430,HI-Small,0,legit,469.33800841514727,1.483643305619611e-05,0,bipartite,3.6368024e-06,0,bipartite,0.0018620298,0,bipartite,0.0006268343377572,0,bipartite,1,fan-out,0.8,1,fan-out,0.6,1,scatter-gather,0.8,1,fan-out,0.8,1,fan-out,0.8,1,gather-scatter,0.8,0,,0.5
amlc_00431,HI-Small,0,legit,469.33800841514727,7.544748074810539e-05,0,bipartite,0.000118327196,0,fan-out,0.24711359,0,fan-out,0.0824357867163201,0,fan-out,1,fan-out,0.8,1,fan-out,0.6,1,fan-out,0.6,1,scatter-gather,0.8,1,fan-out,0.8,1,gather-scatter,0.8,0,,0.5
amlc_00432,HI-Small,0,legit,469.33800841514727,0.0010632573951381,0,stack,0.00041360548,0,stack,0.04255418,0,stack,0.0146770146473115,0,stack,1,scatter-gather,0.6,1,scatter-gather,0.8,0,,0.7,1,gather-scatter,0.8,1,gather-scatter,0.8,1,gather-scatter,0.8,0,,0.5
amlc_00433,HI-Small,0,legit,469.33800841514727,5.372524952323532e-05,0,bipartite,3.6636706e-05,0,stack,0.0018470979,0,bipartite,0.0006458199460988,0,bipartite,1,stack,0.8,1,fan-out,0.8,0,,0.7,1,gather-scatter,0.8,1,stack,0.8,1,gather-scatter,0.8,1,stack,0.8
amlc_00434,HI-Small,1,legit,1.0,0.0110806444617561,0,random,0.011474448,0,stack,0.49620515,0,random,0.1729200812663453,0,random,1,scatter-gather,0.6,1,gather-scatter,0.6,1,random,0.8,1,gather-scatter,0.6,1,gather-scatter,0.8,1,gather-scatter,0.8,1,gather-scatter,0.8
amlc_00435,HI-Small,0,legit,483.5610098176718,5.6164471141573786e-05,0,stack,2.5726267e-05,0,stack,0.030774549,0,fan-out,0.0102854797960656,0,stack,1,gather-scatter,0.6,1,fan-out,0.6,1,scatter-gather,0.8,1,gather-scatter,0.6,1,scatter-gather,0.8,1,gather-scatter,0.8,1,scatter-gather,0.8
amlc_00436,HI-Small,0,legit,483.5610098176718,2.778695478196956e-05,0,bipartite,5.841322e-06,0,stack,0.02185455,0,stack,0.0072960593077317,0,stack,1,fan-out,0.8,1,fan-out,0.6,1,fan-out,0.8,1,gather-scatter,0.8,1,gather-scatter,0.8,0,,0.7,1,gather-scatter,0.8
amlc_00437,HI-Small,1,legit,1.0,0.0171925397503877,0,bipartite,0.048711386,0,bipartite,0.59694767,0,bipartite,0.220950531770405,0,bipartite,0,cycle,0.7,0,cycle,0.7,1,fan-in,0.8,1,gather-scatter,0.6,1,fan-in,0.8,1,gather-scatter,0.8,1,gather-scatter,0.8
amlc_00438,HI-Small,0,legit,469.33800841514727,1.5234845535228412e-05,0,bipartite,6.448949e-06,0,stack,0.010879742,0,bipartite,0.0036338085920801,0,bipartite,1,gather-scatter,0.6,1,fan-out,0.6,0,,0.7,1,gather-scatter,0.8,1,fan-out,0.8,0,,0.7,0,,0.5
amlc_00439,HI-Small,1,legit,1.0,0.0246161403257863,0,random,0.021634918,0,stack,0.06712451,0,random,0.0377918554511075,0,random,1,random,0.8,0,,0.7,1,random,0.8,1,random,0.8,1,fan-in,0.8,1,gather-scatter,0.8,1,fan-in,0.8
amlc_00440,HI-Small,0,legit,469.33800841514727,1.2391801419795558e-05,0,scatter-gather,3.5483358e-06,0,scatter-gather,0.0009513854,0,scatter-gather,0.0003224418512673,0,scatter-gather,1,gather-scatter,0.6,1,gather-scatter,0.6,1,scatter-gather,0.8,1,gather-scatter,0.8,1,stack,0.8,1,gather-scatter,0.8,1,stack,0.8
amlc_00441,HI-Small,0,legit,483.5610098176718,3.298118395458635e-05,0,bipartite,7.862176e-06,0,stack,0.018471757,0,bipartite,0.0061708667700125,0,bipartite,1,fan-out,0.6,1,fan-out,0.6,1,fan-out,0.8,1,random,0.8,1,gather-scatter,0.8,0,,0.7,1,fan-out,0.8
amlc_00442,HI-Small,0,legit,469.33800841514727,1.2895226105718756e-05,0,bipartite,3.635517e-06,0,fan-in,0.001781694,0,bipartite,0.0005994082507022,0,bipartite,1,fan-out,0.6,1,fan-out,0.8,1,fan-in,0.6,1,gather-scatter,0.6,1,fan-in,0.8,0,,0.7,1,stack,0.8
amlc_00443,HI-Small,0,legit,483.5610098176718,0.0004200147866955,0,fan-out,0.00066122785,0,fan-out,0.011721797,0,fan-out,0.0042676799754219,0,fan-out,0,,0.5,0,,0.5,0,,0.7,1,gather-scatter,0.6,1,fan-out,0.8,0,,0.7,0,,0.5
amlc_00444,HI-Small,1,legit,1.0,0.0119127948647759,0,fan-in,0.019223928,0,fan-in,0.08261554,0,fan-in,0.037917420915962,0,fan-in,1,fan-out,0.6,1,gather-scatter,0.6,1,fan-out,0.8,1,fan-out,0.8,1,fan-out,0.8,1,fan-out,0.8,1,gather-scatter,0.8
amlc_00445,HI-Small,0,legit,469.33800841514727,1.275328146588249e-05,0,bipartite,2.6880123e-06,0,fan-in,0.0011853179,0,bipartite,0.0004002530555875,0,bipartite,1,gather-scatter,0.8,1,gather-scatter,0.6,0,,0.7,1,gather-scatter,0.8,1,gather-scatter,0.8,1,gather-scatter,0.8,1,gather-scatter,0.8
amlc_00446,HI-Small,0,legit,483.5610098176718,0.0004644793848438,0,fan-out,0.00017283217,0,fan-out,0.015619653,0,fan-out,0.0054189882759292,0,fan-out,0,,0.5,0,,0.5,1,fan-out,0.8,1,gather-scatter,0.8,1,fan-out,0.8,1,fan-out,0.8,0,,0.5
amlc_00447,HI-Small,0,legit,469.33800841514727,1.921030254616505e-05,0,stack,1.3077477e-05,0,stack,0.0912104,0,stack,0.0304142301092793,0,stack,1,fan-out,0.8,1,gather-scatter,0.6,1,fan-out,0.6,1,gather-scatter,0.6,1,scatter-gather,0.8,1,gather-scatter,0.8,1,gather-scatter,0.8
amlc_00448,HI-Small,0,legit,469.33800841514727,1.53838452387935e-05,0,random,9.656795e-06,0,fan-in,0.0076804818,0,stack,0.0025685074684345,0,fan-in,1,gather-scatter,0.8,0,,0.5,1,bipartite,0.8,1,gather-scatter,0.8,1,gather-scatter,0.8,1,gather-scatter,0.8,1,gather-scatter,0.8
amlc_00449,HI-Small,1,legit,1.0,0.1012023774533881,0,bipartite,0.2112587,0,bipartite,0.13727358,0,bipartite,0.1499115506062711,0,bipartite,1,gather-scatter,0.8,1,gather-scatter,0.6,1,scatter-gather,0.8,1,gather-scatter,0.6,1,gather-scatter,0.8,1,gather-scatter,0.8,1,gather-scatter,0.8
amlc_00450,HI-Small,0,legit,469.33800841514727,5.701590739504775e-05,0,bipartite,1.7108898e-05,0,bipartite,0.35785818,0,bipartite,0.1193107686016292,0,bipartite,1,fan-out,0.8,1,fan-out,0.8,1,random,0.8,1,gather-scatter,0.8,1,fan-out,0.8,0,,0.7,0,,0.5
amlc_00451,HI-Small,0,legit,469.33800841514727,2.258207308443165e-05,0,stack,9.234127e-06,0,fan-in,0.0058161276,0,bipartite,0.0019493146131134,0,fan-in,1,fan-out,0.6,1,gather-scatter,0.6,1,bipartite,0.8,1,gather-scatter,0.8,1,scatter-gather,0.8,1,gather-scatter,0.8,0,,0.5
amlc_00452,HI-Small,0,legit,483.5610098176718,3.058360428094903e-05,0,stack,5.3539175e-06,0,stack,0.029951442,0,stack,0.0099957931849307,0,stack,1,fan-out,0.6,0,,0.5,1,fan-out,0.8,1,gather-scatter,0.8,1,fan-out,0.8,1,fan-out,0.8,0,,0.5
amlc_00453,HI-Small,0,legit,483.5610098176718,1.4761601572631612e-05,0,bipartite,8.171906e-06,0,bipartite,0.025389392,0,bipartite,0.0084707751455952,0,bipartite,1,scatter-gather,0.6,1,scatter-gather,0.6,1,fan-out,0.8,1,gather-scatter,0.8,1,fan-out,0.8,1,scatter-gather,0.8,1,fan-out,0.8
amlc_00454,HI-Small,0,legit,469.33800841514727,1.3717268870867967e-05,0,stack,7.410945e-06,0,stack,0.069341876,0,bipartite,0.0231210012754748,0,stack,1,fan-out,0.6,1,gather-scatter,0.6,1,gather-scatter,0.8,1,scatter-gather,0.8,1,fan-out,0.8,1,gather-scatter,0.8,1,fan-out,0.8
amlc_00455,HI-Small,0,legit,483.5610098176718,1.2889260392740696e-05,0,bipartite,2.2652898e-06,0,fan-in,0.019468242,0,bipartite,0.006494465617584,0,bipartite,1,fan-out,0.6,1,fan-out,0.6,0,,0.7,1,gather-scatter,0.8,1,fan-out,0.8,1,gather-scatter,0.8,1,fan-out,0.8
amlc_00456,HI-Small,0,legit,483.5610098176718,0.0002364988085122,0,stack,4.5390243e-05,0,stack,0.013782911,0,stack,0.0046882666847263,0,stack,1,gather-scatter,0.6,1,scatter-gather,0.8,1,gather-scatter,0.6,1,gather-scatter,0.8,1,gather-scatter,0.8,1,gather-scatter,0.8,1,gather-scatter,0.8
amlc_00457,HI-Small,0,legit,469.33800841514727,0.000635871130922,0,bipartite,0.00061424286,0,bipartite,0.32379472,0,bipartite,0.1083482788496791,0,bipartite,1,fan-out,0.6,1,fan-out,0.6,1,random,0.8,1,gather-scatter,0.8,1,fan-out,0.8,1,gather-scatter,0.8,1,fan-out,0.8
amlc_00458,HI-Small,0,legit,469.33800841514727,1.403107140230436e-05,0,stack,1.018117e-05,0,fan-in,0.11194058,0,bipartite,0.0373215966226043,0,fan-in,1,scatter-gather,0.6,1,scatter-gather,0.6,1,fan-out,0.8,1,gather-scatter,0.6,1,scatter-gather,0.8,1,gather-scatter,0.8,0,,0.5
amlc_00459,HI-Small,0,legit,469.33800841514727,0.00011915316738,0,bipartite,3.1453525e-05,0,bipartite,0.041439153,0,bipartite,0.0138632533153276,0,bipartite,1,fan-out,0.6,1,fan-out,0.8,1,scatter-gather,0.8,1,gather-scatter,0.8,1,gather-scatter,0.8,1,gather-scatter,0.8,0,,0.5
amlc_00460,HI-Small,0,legit,469.33800841514727,6.246707137869175e-05,0,stack,1.2204153e-05,0,bipartite,0.079864584,0,bipartite,0.0266464183779238,0,bipartite,1,fan-out,0.6,1,gather-scatter,0.6,1,scatter-gather,0.8,1,gather-scatter,0.8,1,scatter-gather,0.8,0,,0.7,1,gather-scatter,0.8
amlc_00461,HI-Small,0,legit,469.33800841514727,1.2401659089743766e-05,0,bipartite,6.5049985e-06,0,bipartite,0.0068355375,0,bipartite,0.0022848147181845,0,bipartite,1,fan-in,0.6,1,fan-out,0.6,1,random,0.8,1,scatter-gather,0.8,1,gather-scatter,0.8,1,stack,0.8,1,gather-scatter,0.8
amlc_00462,HI-Small,0,legit,469.33800841514727,0.0003826971677731,0,bipartite,0.0005251033,0,bipartite,0.28546575,0,bipartite,0.0954578491952159,0,bipartite,1,gather-scatter,0.6,1,scatter-gather,0.8,1,scatter-gather,0.6,1,gather-scatter,0.8,1,gather-scatter,0.8,1,gather-scatter,0.8,1,gather-scatter,0.8
amlc_00463,HI-Small,0,legit,469.33800841514727,1.381207742965004e-05,0,stack,1.9644178e-05,0,stack,0.0062294486,0,bipartite,0.0020876349510634,0,stack,1,fan-out,0.8,1,fan-out,0.6,1,fan-out,0.6,1,gather-scatter,0.6,1,gather-scatter,0.8,1,gather-scatter,0.8,0,,0.5
amlc_00464,HI-Small,0,legit,469.33800841514727,0.0010765863905863,0,fan-out,0.0012696787,0,fan-out,0.008073907,0,fan-out,0.0034733908125887,0,fan-out,0,,0.5,0,,0.5,1,fan-out,0.6,1,gather-scatter,0.8,1,fan-out,0.8,1,fan-out,0.8,0,,0.5
amlc_00465,HI-Small,0,legit,483.5610098176718,2.8563772319656274e-05,0,bipartite,8.447126e-06,0,bipartite,0.018302973,0,stack,0.0061133280859693,0,bipartite,1,gather-scatter,0.6,1,scatter-gather,0.6,1,fan-out,0.6,1,gather-scatter,0.8,1,scatter-gather,0.8,1,scatter-gather,0.8,1,scatter-gather,0.8
amlc_00466,HI-Small,0,legit,483.5610098176718,0.0001262000618493,0,stack,0.00011509919,0,stack,0.027287576,0,stack,0.0091762918659482,0,stack,1,fan-out,0.6,1,fan-out,0.6,1,scatter-gather,0.8,1,gather-scatter,0.8,1,fan-out,0.8,0,,0.7,0,,0.5
amlc_00467,HI-Small,0,legit,469.33800841514727,1.2891491284155358e-05,0,bipartite,5.4474685e-06,0,fan-in,0.005257659,0,bipartite,0.0017586660286319,0,bipartite,1,fan-out,0.6,1,fan-out,0.6,0,,0.7,1,gather-scatter,0.8,1,scatter-gather,0.8,1,fan-out,0.8,0,,0.5
amlc_00468,HI-Small,0,legit,469.33800841514727,0.0010661249845799,0,bipartite,0.00018094403,0,bipartite,0.12950838,0,bipartite,0.0435851483784087,0,bipartite,1,fan-out,0.6,1,fan-out,0.6,1,fan-out,0.8,1,bipartite,0.8,1,fan-out,0.8,1,fan-out,0.8,0,,0.5
amlc_00469,HI-Small,0,legit,483.5610098176718,1.503880762316046e-05,0,stack,1.3791851e-05,0,bipartite,0.01274471,0,bipartite,0.0042578468361321,0,bipartite,1,random,0.8,1,scatter-gather,0.6,1,random,0.8,1,gather-scatter,0.8,1,scatter-gather,0.8,1,gather-scatter,0.8,1,gather-scatter,0.8
amlc_00470,HI-Small,0,legit,483.5610098176718,0.0005771414090762,0,fan-out,0.00034328428,0,fan-out,0.013975734,0,fan-out,0.0049653865262827,0,fan-out,0,,0.5,0,,0.5,1,fan-out,0.8,1,stack,0.8,1,fan-out,0.8,0,,0.7,0,,0.5
amlc_00471,HI-Small,0,legit,469.33800841514727,1.405119512434434e-05,0,stack,9.822782e-06,0,stack,0.057306923,0,bipartite,0.0191102656497676,0,stack,1,fan-out,0.6,1,fan-out,0.6,1,fan-out,0.8,1,random,0.8,1,fan-out,0.8,1,fan-out,0.8,0,,0.5
amlc_00472,HI-Small,0,legit,469.33800841514727,1.4568477240691784e-05,0,stack,4.912783e-06,0,stack,0.007910982,0,stack,0.0026434876781801,0,stack,1,gather-scatter,0.8,1,gather-scatter,0.6,0,,0.7,1,gather-scatter,0.6,1,scatter-gather,0.8,1,gather-scatter,0.8,1,gather-scatter,0.8
amlc_00473,HI-Small,0,legit,469.33800841514727,1.4606240565501612e-05,0,random,3.5383833e-05,0,fan-in,0.05153172,0,bipartite,0.0171939036600754,0,fan-in,1,fan-out,0.8,1,gather-scatter,0.6,0,,0.7,1,gather-scatter,0.6,1,fan-out,0.8,1,gather-scatter,0.8,0,,0.5
amlc_00474,HI-Small,1,legit,1.0,0.009467637256969,0,fan-in,0.017474608,0,fan-in,0.5595851,0,fan-in,0.1955091134015683,0,fan-in,1,fan-out,0.6,1,fan-out,0.6,1,gather-scatter,0.8,1,gather-scatter,0.8,1,gather-scatter,0.8,1,gather-scatter,0.8,1,gather-scatter,0.8
amlc_00475,HI-Small,0,legit,469.33800841514727,7.647807932345558e-05,0,stack,1.5235819e-05,0,stack,0.40305442,0,stack,0.1343820433592815,0,stack,1,gather-scatter,0.8,1,scatter-gather,0.8,1,fan-out,0.8,1,gather-scatter,0.8,1,gather-scatter,0.8,1,gather-scatter,0.8,1,gather-scatter,0.8
amlc_00476,HI-Small,0,legit,483.5610098176718,0.000334741563225,0,random,7.026763e-05,0,stack,0.016569933,0,random,0.0056583140397881,0,random,1,gather-scatter,0.6,0,,0.5,1,gather-scatter,0.8,1,gather-scatter,0.8,1,gather-scatter,0.8,1,gather-scatter,0.8,1,gather-scatter,0.8
amlc_00477,HI-Small,1,legit,1.0,0.006964093396435,0,fan-in,0.00283121,0,fan-in,0.012066722,0,fan-in,0.007287341743085,0,fan-in,1,fan-in,0.6,1,fan-in,0.6,1,fan-in,0.6,1,gather-scatter,0.6,1,fan-in,0.8,1,fan-in,0.8,1,fan-in,0.8
amlc_00478,HI-Small,0,legit,469.33800841514727,1.5230861549248986e-05,0,fan-out,1.5635731e-05,0,fan-in,0.1575255,0,scatter-gather,0.0525187870957398,0,fan-out,1,gather-scatter,0.6,1,gather-scatter,0.6,1,fan-out,0.8,1,gather-scatter,0.8,1,gather-scatter,0.8,1,gather-scatter,0.8,1,gather-scatter,0.8
amlc_00479,HI-Small,0,legit,469.33800841514727,0.0004209152220717,0,fan-out,0.00023913351,0,fan-out,0.05522726,0,fan-out,0.0186291032578009,0,fan-out,0,,0.5,0,,0.5,1,fan-out,0.6,1,stack,0.8,1,fan-out,0.8,1,fan-out,0.8,0,,0.5
amlc_00480,HI-Small,0,legit,469.33800841514727,4.022505043900926e-05,0,stack,9.0377125e-06,0,bipartite,0.083651975,0,bipartite,0.027900412520068,0,bipartite,1,fan-out,0.6,1,gather-scatter,0.6,1,scatter-gather,0.6,1,gather-scatter,0.6,1,scatter-gather,0.8,1,gather-scatter,0.8,1,gather-scatter,0.8
amlc_00481,HI-Small,1,legit,1.0,0.0004532407213331,0,fan-out,0.00037411667,0,fan-out,0.23570776,0,fan-out,0.0788450390838041,0,fan-out,0,,0.5,0,,0.5,0,,0.7,1,gather-scatter,0.8,1,scatter-gather,0.8,1,gather-scatter,0.8,0,,0.5
amlc_00482,HI-Small,0,legit,483.5610098176718,0.0009904154857738,0,fan-in,0.00076305843,0,fan-in,0.017314687,0,fan-in,0.0063560537622039,0,fan-in,1,fan-in,0.6,1,fan-in,0.6,1,fan-in,0.6,1,gather-scatter,0.6,1,fan-in,0.8,1,fan-in,0.8,1,fan-in,0.8
amlc_00483,HI-Small,0,legit,469.33800841514727,5.092951036175517e-05,0,stack,1.5057854e-05,0,stack,0.07791419,0,stack,0.0259933935457834,0,stack,1,scatter-gather,0.6,1,gather-scatter,0.8,1,fan-out,0.8,1,gather-scatter,0.8,1,gather-scatter,0.8,1,gather-scatter,0.8,1,gather-scatter,0.8
amlc_00484,HI-Small,0,legit,1.0,0.2749555497748482,0,stack,0.46386036,0,random,0.76796997,0,stack,0.5022619594925916,0,stack,1,fan-out,0.6,1,fan-out,0.6,1,fan-out,0.8,1,gather-scatter,0.8,1,fan-out,0.8,1,fan-out,0.8,0,,0.5
amlc_00485,HI-Small,1,legit,1.0,0.0056580291818268,0,fan-in,0.0062581114,0,fan-in,0.010103948,0,fan-in,0.0073400296810827,0,fan-in,1,fan-in,0.6,1,fan-in,0.6,1,fan-in,0.6,1,gather-scatter,0.6,1,fan-in,0.8,1,fan-in,0.8,1,fan-in,0.8
amlc_00486,HI-Small,0,legit,469.33800841514727,0.0007659881053801,0,fan-in,0.001535317,0,fan-in,0.005685286,0,fan-in,0.0026621970939242,0,fan-in,1,fan-in,0.8,1,gather-scatter,0.6,1,fan-in,0.8,1,gather-scatter,0.6,1,fan-in,0.8,1,fan-in,0.8,1,fan-in,0.8
amlc_00487,HI-Small,0,legit,469.33800841514727,1.456171106078507e-05,0,fan-in,1.3256479e-05,0,fan-in,0.048816793,0,bipartite,0.0162815369523837,0,fan-in,1,fan-out,0.6,1,gather-scatter,0.6,0,,0.7,1,gather-scatter,0.8,1,scatter-gather,0.8,1,gather-scatter,0.8,0,,0.5
amlc_00488,HI-Small,0,legit,1.0,0.6255882488014646,0,fan-in,0.25615257,0,fan-in,0.5116249,0,fan-in,0.4644552305778645,0,fan-in,1,fan-out,0.6,1,gather-scatter,0.6,1,fan-out,0.8,1,gather-scatter,0.8,1,scatter-gather,0.8,1,fan-out,0.8,0,,0.5
amlc_00489,HI-Small,1,bipartite,1.0,0.727869631278789,0,random,0.90416414,1,random,0.69729215,0,random,0.776441971933933,0,random,1,cycle,0.8,1,cycle,0.8,1,random,0.8,1,cycle,0.8,1,stack,0.8,1,cycle,0.8,1,gather-scatter,0.8
amlc_00490,HI-Small,1,scatter-gather,1.0,0.993937571630608,1,scatter-gather,0.99971247,1,scatter-gather,0.96816266,1,scatter-gather,0.9872708982181982,1,scatter-gather,1,gather-scatter,0.8,0,,0.5,0,,0.7,1,gather-scatter,0.6,1,scatter-gather,0.8,1,gather-scatter,0.8,0,,0.5
amlc_00491,HI-Small,1,scatter-gather,1.0,0.9708480596453212,1,scatter-gather,0.998075,1,fan-in,0.9025917,1,scatter-gather,0.9571715911199736,1,scatter-gather,1,scatter-gather,0.8,1,gather-scatter,0.6,1,random,0.8,1,gather-scatter,0.6,1,scatter-gather,0.8,1,scatter-gather,0.8,1,scatter-gather,0.8
amlc_00492,HI-Small,1,scatter-gather,1.0,0.9939362399393292,1,scatter-gather,0.999681,1,scatter-gather,0.99760896,1,scatter-gather,0.9970753985184424,1,scatter-gather,1,fan-out,0.8,1,gather-scatter,0.6,0,,0.7,1,gather-scatter,0.6,1,scatter-gather,0.8,1,scatter-gather,0.8,0,,0.5
amlc_00493,HI-Small,1,scatter-gather,1.0,0.9692325831898714,1,scatter-gather,0.99775,1,fan-in,0.9832845,1,scatter-gather,0.9834223469578116,1,scatter-gather,1,gather-scatter,0.6,1,gather-scatter,0.6,1,gather-scatter,0.8,1,gather-scatter,0.8,1,scatter-gather,0.8,1,gather-scatter,0.8,1,gather-scatter,0.8
amlc_00494,HI-Small,1,scatter-gather,1.0,0.9938570216098842,1,scatter-gather,0.99981296,1,scatter-gather,0.9954816,1,scatter-gather,0.9963838641775786,1,scatter-gather,1,fan-out,0.8,1,gather-scatter,0.6,1,scatter-gather,0.6,1,random,0.8,1,scatter-gather,0.8,1,fan-in,0.8,0,,0.5
amlc_00495,HI-Small,1,scatter-gather,1.0,0.970120140306465,1,scatter-gather,0.9962692,1,fan-in,0.97896147,1,scatter-gather,0.9817836113745344,1,scatter-gather,1,scatter-gather,0.6,1,fan-out,0.6,1,scatter-gather,0.6,1,gather-scatter,0.8,1,scatter-gather,0.8,1,scatter-gather,0.8,0,,0.5
amlc_00496,HI-Small,1,scatter-gather,1.0,0.9931165450986684,1,scatter-gather,0.9996208,1,scatter-gather,0.9979788,1,scatter-gather,0.9969053822814248,1,scatter-gather,1,gather-scatter,0.6,1,fan-out,0.6,0,fan-out,0.7,1,random,0.8,1,scatter-gather,0.8,1,gather-scatter,0.8,0,,0.5
amlc_00497,HI-Small,0,legit,483.5610098176718,0.0011928285968822,0,cycle,0.0042463057,0,cycle,0.016794603,0,cycle,0.0074112458630575,0,cycle,1,fan-out,0.6,1,fan-out,0.6,1,scatter-gather,0.8,1,gather-scatter,0.8,1,scatter-gather,0.8,1,scatter-gather,0.8,1,scatter-gather,0.8
amlc_00498,HI-Small,1,scatter-gather,1.0,0.970466808147307,1,scatter-gather,0.9976451,1,fan-in,0.97617567,1,scatter-gather,0.981429184697428,1,scatter-gather,1,fan-out,0.6,1,scatter-gather,0.6,1,scatter-gather,0.8,1,gather-scatter,0.8,1,scatter-gather,0.8,1,fan-out,0.8,1,scatter-gather,0.8
amlc_00499,HI-Small,1,scatter-gather,1.0,0.991908214108028,1,scatter-gather,0.99956006,1,scatter-gather,0.9993008,1,scatter-gather,0.9969230167123604,1,scatter-gather,1,fan-out,0.6,1,scatter-gather,0.8,0,random,0.7,1,random,0.8,1,scatter-gather,0.8,1,gather-scatter,0.8,0,,0.5
amlc_00500,HI-Small,0,legit,1.0,0.3582261470748973,0,scatter-gather,0.34993526,0,fan-in,0.9441205,1,scatter-gather,0.5507606455946629,0,scatter-gather,1,fan-out,0.6,1,gather-scatter,0.6,1,fan-out,0.8,1,gather-scatter,0.8,1,scatter-gather,0.8,1,scatter-gather,0.8,1,scatter-gather,0.8
amlc_00501,HI-Small,1,scatter-gather,1.0,0.9316575857449412,1,scatter-gather,0.99639416,1,fan-in,0.9435695,1,scatter-gather,0.9572070748424808,1,scatter-gather,1,gather-scatter,0.6,1,gather-scatter,0.6,0,cycle,0.7,1,gather-scatter,0.6,1,scatter-gather,0.8,1,gather-scatter,0.8,1,scatter-gather,0.8
amlc_00502,HI-Small,1,scatter-gather,1.0,0.99341195406616,1,scatter-gather,0.99950475,1,scatter-gather,0.9991892,1,scatter-gather,0.9973686323632808,1,scatter-gather,1,fan-out,0.8,0,,0.5,1,gather-scatter,0.8,1,gather-scatter,0.8,1,scatter-gather,0.8,1,scatter-gather,0.8,0,,0.5
amlc_00503,HI-Small,1,scatter-gather,1.0,0.9720968504869344,1,scatter-gather,0.99667275,1,fan-in,0.97096664,1,scatter-gather,0.979912079046945,1,scatter-gather,1,fan-out,0.8,1,gather-scatter,0.6,1,scatter-gather,0.8,1,gather-scatter,0.6,1,scatter-gather,0.8,1,gather-scatter,0.8,1,scatter-gather,0.8
amlc_00504,HI-Small,1,scatter-gather,1.0,0.9932218991776588,1,scatter-gather,0.99963456,1,scatter-gather,0.99976146,1,scatter-gather,0.9975393084373833,1,scatter-gather,1,gather-scatter,0.6,0,,0.5,1,bipartite,0.8,1,gather-scatter,0.8,1,scatter-gather,0.8,1,stack,0.8,0,,0.5
amlc_00505,HI-Small,1,scatter-gather,1.0,0.97460810994529,1,scatter-gather,0.998421,1,fan-in,0.99394053,1,scatter-gather,0.9889898851693448,1,scatter-gather,1,gather-scatter,0.6,1,gather-scatter,0.6,1,gather-scatter,0.8,1,random,0.8,1,fan-in,0.8,1,gather-scatter,0.8,1,gather-scatter,0.8
amlc_00506,HI-Small,1,scatter-gather,1.0,0.9929215494676256,1,scatter-gather,0.9993669,1,scatter-gather,0.9993447,1,scatter-gather,0.9972110451553868,1,scatter-gather,1,fan-out,0.8,1,scatter-gather,0.6,1,fan-out,0.8,1,cycle,0.8,1,scatter-gather,0.8,1,gather-scatter,0.8,0,,0.5
amlc_00507,HI-Small,1,scatter-gather,1.0,0.9643507282199314,1,scatter-gather,0.99564105,1,fan-in,0.9715788,1,scatter-gather,0.9771901859264192,1,scatter-gather,1,gather-scatter,0.6,1,gather-scatter,0.6,1,fan-out,0.6,1,gather-scatter,0.8,1,fan-out,0.8,1,scatter-gather,0.8,0,,0.5
amlc_00508,HI-Small,1,scatter-gather,1.0,0.9921693229728684,1,scatter-gather,0.9994257,1,scatter-gather,0.99969214,1,scatter-gather,0.9970957247433976,1,scatter-gather,1,gather-scatter,0.6,1,gather-scatter,0.6,0,,0.7,1,stack,0.8,1,scatter-gather,0.8,1,gather-scatter,0.8,0,,0.5
amlc_00509,HI-Small,1,scatter-gather,1.0,0.9690861637280496,1,scatter-gather,0.99603015,1,fan-in,0.9876838,1,scatter-gather,0.984266696204282,1,scatter-gather,1,gather-scatter,0.8,1,gather-scatter,0.8,1,fan-out,0.8,1,gather-scatter,0.8,1,scatter-gather,0.8,1,gather-scatter,0.8,0,,0.5
amlc_00510,HI-Small,1,scatter-gather,1.0,0.9926463954914496,1,scatter-gather,0.999619,1,scatter-gather,0.99965096,1,scatter-gather,0.9973054526007468,1,scatter-gather,1,fan-out,0.6,1,fan-out,0.6,1,scatter-gather,0.6,1,gather-scatter,0.8,1,scatter-gather,0.8,1,scatter-gather,0.8,0,,0.5
amlc_00511,HI-Small,1,scatter-gather,1.0,0.9712709484992516,1,scatter-gather,0.9988657,1,fan-in,0.9960866,1,scatter-gather,0.9887410898506008,1,scatter-gather,1,gather-scatter,0.8,1,gather-scatter,0.6,1,fan-out,0.8,1,gather-scatter,0.6,1,scatter-gather,0.8,1,gather-scatter,0.8,1,gather-scatter,0.8
amlc_00512,HI-Small,1,scatter-gather,1.0,0.9929481972899348,1,scatter-gather,0.99955577,1,scatter-gather,0.99885607,1,scatter-gather,0.9971200105099648,1,scatter-gather,1,gather-scatter,0.6,1,gather-scatter,0.6,1,gather-scatter,0.8,1,gather-scatter,0.8,1,scatter-gather,0.8,1,scatter-gather,0.8,0,,0.5
amlc_00513,HI-Small,1,scatter-gather,1.0,0.962390945887868,1,scatter-gather,0.996771,1,fan-in,0.9790243,1,scatter-gather,0.9793954049667732,1,scatter-gather,1,gather-scatter,0.6,1,gather-scatter,0.6,1,scatter-gather,0.8,1,gather-scatter,0.8,1,scatter-gather,0.8,0,,0.7,1,gather-scatter,0.8
amlc_00514,HI-Small,1,scatter-gather,1.0,0.993692744011814,1,scatter-gather,0.9997198,1,scatter-gather,0.9938383,1,scatter-gather,0.995750284272808,1,scatter-gather,1,fan-out,0.6,0,,0.5,0,,0.7,1,gather-scatter,0.6,1,scatter-gather,0.8,1,scatter-gather,0.8,0,,0.5
amlc_00515,HI-Small,1,scatter-gather,1.0,0.9586312897152764,1,scatter-gather,0.99559784,1,fan-in,0.9562688,1,scatter-gather,0.9701659721515928,1,scatter-gather,1,gather-scatter,0.6,1,scatter-gather,0.8,1,random,0.8,1,gather-scatter,0.6,1,gather-scatter,0.8,1,gather-scatter,0.8,1,gather-scatter,0.8
amlc_00516,HI-Small,1,scatter-gather,1.0,0.9940584076700768,1,scatter-gather,0.9997857,1,scatter-gather,0.9938124,1,scatter-gather,0.9958855037311104,1,scatter-gather,1,gather-scatter,0.6,1,gather-scatter,0.6,1,scatter-gather,0.6,1,gather-scatter,0.6,1,scatter-gather,0.8,0,,0.7,0,,0.5
amlc_00517,HI-Small,1,scatter-gather,1.0,0.9657511223801604,1,scatter-gather,0.9982154,1,fan-in,0.9803974,1,scatter-gather,0.981454634317048,1,scatter-gather,1,gather-scatter,0.8,1,gather-scatter,0.6,1,scatter-gather,0.8,1,gather-scatter,0.6,1,scatter-gather,0.8,1,scatter-gather,0.8,1,gather-scatter,0.8
amlc_00518,HI-Small,1,fan-in,1.0,0.9214288001042296,1,stack,0.985915,1,stack,0.9904332,1,stack,0.9659256738020874,1,stack,1,fan-out,0.6,1,fan-out,0.6,1,cycle,0.8,1,gather-scatter,0.8,1,cycle,0.8,1,cycle,0.8,0,,0.5
amlc_00519,HI-Small,1,fan-in,1.0,0.8709760737514024,1,stack,0.9474765,1,scatter-gather,0.99100864,1,stack,0.93648707310675,1,stack,1,cycle,0.8,1,cycle,0.8,1,cycle,0.8,1,cycle,0.8,1,cycle,0.8,1,cycle,0.8,0,,0.5
amlc_00520,HI-Small,0,legit,483.5610098176718,0.0006786536683627,0,fan-out,0.00046250364,0,fan-out,0.018646156,0,fan-out,0.0065957712406081,0,fan-out,1,fan-out,0.6,1,gather-scatter,0.6,1,fan-out,0.8,0,,0.7,1,fan-out,0.8,1,fan-out,0.8,0,,0.5
amlc_00521,HI-Small,0,legit,469.33800841514727,0.0002306761172422,0,bipartite,5.543207e-05,0,bipartite,0.07886998,0,bipartite,0.0263853639132497,0,bipartite,1,fan-out,0.6,1,fan-out,0.6,1,random,0.8,1,gather-scatter,0.8,1,gather-scatter,0.8,0,,0.7,0,,0.5
amlc_00522,HI-Small,0,legit,469.33800841514727,0.0001055405568963,0,bipartite,6.9774615e-05,0,bipartite,0.16327989,0,bipartite,0.0544850687285086,0,bipartite,1,gather-scatter,0.6,1,gather-scatter,0.8,1,bipartite,0.8,1,gather-scatter,0.8,1,gather-scatter,0.8,1,gather-scatter,0.8,0,,0.5
amlc_00523,HI-Small,0,legit,469.33800841514727,7.684133802971874e-05,0,bipartite,0.00012245188,0,bipartite,0.55813754,0,bipartite,0.1861122764217293,0,bipartite,1,random,0.8,1,gather-scatter,0.8,0,,0.7,1,gather-scatter,0.6,1,gather-scatter,0.8,0,,0.7,0,,0.5
amlc_00524,HI-Small,0,legit,483.5610098176718,3.395687494864377e-05,0,stack,1.2065901e-05,0,stack,0.029938096,0,stack,0.0099947063186994,0,stack,1,fan-out,0.6,1,fan-out,0.6,1,fan-out,0.8,1,gather-scatter,0.8,1,fan-out,0.8,1,gather-scatter,0.8,0,,0.5
amlc_00525,HI-Small,0,legit,483.5610098176718,0.0004690249784689,0,stack,0.00019631023,0,stack,0.027830074,0,stack,0.0094984696047637,0,stack,1,fan-out,0.8,1,fan-out,0.6,1,fan-out,0.6,1,gather-scatter,0.6,1,gather-scatter,0.8,1,gather-scatter,0.8,1,gather-scatter,0.8
amlc_00526,HI-Small,0,legit,469.33800841514727,1.2666693244226278e-05,0,fan-in,7.965221e-06,0,fan-in,0.0048004366,0,fan-out,0.0016070228222535,0,fan-in,1,scatter-gather,0.6,1,fan-out,0.6,1,random,0.8,1,gather-scatter,0.8,1,gather-scatter,0.8,1,gather-scatter,0.8,1,gather-scatter,0.8
amlc_00527,HI-Small,0,legit,483.5610098176718,1.2489530797557124e-05,0,random,9.664071e-06,0,fan-in,0.016417207,0,scatter-gather,0.0054797869325852,0,fan-in,1,random,0.8,1,gather-scatter,0.6,0,,0.7,1,bipartite,0.8,1,scatter-gather,0.8,1,gather-scatter,0.8,1,scatter-gather,0.8
amlc_00528,HI-Small,0,legit,483.5610098176718,9.593444637041611e-05,0,bipartite,5.3705695e-05,0,bipartite,0.030358154,0,bipartite,0.010169264822643,0,bipartite,1,fan-out,0.6,1,gather-scatter,0.6,1,gather-scatter,0.8,1,scatter-gather,0.6,1,scatter-gather,0.8,1,gather-scatter,0.8,1,scatter-gather,0.8
amlc_00529,HI-Small,0,legit,469.33800841514727,1.368934413752769e-05,0,bipartite,6.0006832e-06,0,fan-in,0.001722669,0,bipartite,0.0005807863411536,0,bipartite,1,fan-out,0.8,1,fan-out,0.6,1,fan-out,0.6,1,gather-scatter,0.6,1,fan-out,0.8,1,fan-out,0.8,0,,0.5
amlc_00530,HI-Small,0,legit,483.5610098176718,0.0050726348326957,0,gather-scatter,0.004333266,0,gather-scatter,0.024726957,0,gather-scatter,0.0113776193241727,0,gather-scatter,0,,0.5,0,,0.5,1,fan-out,0.8,0,,0.7,1,fan-out,0.8,0,,0.7,0,,0.5
amlc_00531,HI-Small,0,legit,469.33800841514727,2.0720951039659648e-05,0,bipartite,9.36413e-06,0,bipartite,0.0004022602,0,bipartite,0.0001441150915242,0,bipartite,1,fan-out,0.6,1,gather-scatter,0.6,1,fan-out,0.6,1,random,0.8,1,fan-out,0.8,0,,0.7,0,,0.5
amlc_00532,HI-Small,0,legit,483.5610098176718,5.315389500583403e-05,0,bipartite,2.8313469e-05,0,stack,0.021794844,0,stack,0.0072921039274723,0,stack,1,gather-scatter,0.8,1,scatter-gather,0.8,0,,0.7,1,gather-scatter,0.6,1,gather-scatter,0.8,1,stack,0.8,1,gather-scatter,0.8
amlc_00533,HI-Small,0,legit,1.0,0.9390791614048482,1,bipartite,0.96623546,1,bipartite,0.029577633,0,bipartite,0.6449640845405659,0,bipartite,1,fan-in,0.6,1,fan-out,0.6,1,fan-in,0.8,1,gather-scatter,0.6,1,fan-in,0.8,1,fan-in,0.8,1,fan-in,0.8
amlc_00534,HI-Small,0,legit,469.33800841514727,0.0002078353767577,0,bipartite,0.00011472567,0,bipartite,0.065130375,0,bipartite,0.0218176454574278,0,bipartite,1,gather-scatter,0.6,1,gather-scatter,0.6,1,fan-out,0.8,1,gather-scatter,0.6,1,gather-scatter,0.8,0,,0.7,0,,0.5
amlc_00535,HI-Small,0,legit,469.33800841514727,0.0005409990526189,0,stack,0.0008015692,0,stack,0.08922931,0,stack,0.0301906254404973,0,stack,1,gather-scatter,0.6,1,fan-out,0.6,1,scatter-gather,0.6,1,gather-scatter,0.6,1,bipartite,0.8,1,gather-scatter,0.8,1,gather-scatter,0.8
amlc_00536,HI-Small,0,legit,469.33800841514727,0.0001045833305462,0,bipartite,0.00010313771,0,bipartite,0.09798122,0,bipartite,0.0327296476716604,0,bipartite,1,stack,0.8,1,gather-scatter,0.6,1,random,0.8,1,gather-scatter,0.8,1,bipartite,0.8,0,,0.7,1,random,0.8
amlc_00537,HI-Small,0,legit,469.33800841514727,4.589748792879074e-05,0,bipartite,6.791256e-05,0,bipartite,0.044689264,0,bipartite,0.0149343580650454,0,bipartite,1,fan-out,0.8,0,,0.5,1,fan-out,0.8,1,random,0.8,1,gather-scatter,0.8,1,fan-out,0.8,0,,0.5
amlc_00538,HI-Small,0,legit,469.33800841514727,0.0001638461651348,0,bipartite,0.00014047326,0,stack,0.12023479,0,fan-out,0.040179702296801,0,fan-out,1,gather-scatter,0.8,1,gather-scatter,0.6,1,fan-out,0.6,1,gather-scatter,0.8,1,scatter-gather,0.8,1,gather-scatter,0.8,0,,0.5
amlc_00539,HI-Small,0,legit,469.33800841514727,1.4025579662709826e-05,0,bipartite,1.2429581e-05,0,stack,0.08747093,0,bipartite,0.0291657938350682,0,bipartite,1,scatter-gather,0.6,1,gather-scatter,0.6,1,random,0.8,1,gather-scatter,0.8,1,fan-out,0.8,1,random,0.8,1,scatter-gather,0.8
amlc_00540,HI-Small,0,legit,469.33800841514727,7.656891543679975e-05,0,stack,8.267655e-05,0,stack,0.010652833,0,stack,0.0036040260519709,0,stack,1,gather-scatter,0.6,1,gather-scatter,0.6,1,gather-scatter,0.8,1,bipartite,0.8,1,scatter-gather,0.8,1,gather-scatter,0.8,1,gather-scatter,0.8
amlc_00541,HI-Small,0,legit,483.5610098176718,8.609193784224921e-05,0,bipartite,6.2488514e-05,0,bipartite,0.036606897,0,bipartite,0.0122518257069154,0,bipartite,1,fan-out,0.6,1,fan-out,0.6,0,,0.7,1,scatter-gather,0.8,1,gather-scatter,0.8,1,gather-scatter,0.8,1,gather-scatter,0.8
amlc_00542,HI-Small,0,legit,469.33800841514727,3.484897428715783e-05,0,bipartite,9.960567e-06,0,bipartite,0.0027158267,0,bipartite,0.0009202120913701,0,bipartite,1,fan-out,0.8,1,gather-scatter,0.6,1,fan-out,0.8,1,gather-scatter,0.6,1,gather-scatter,0.8,1,gather-scatter,0.8,1,gather-scatter,0.8
amlc_00543,HI-Small,0,legit,469.33800841514727,0.0001140036384764,0,bipartite,5.7345278e-05,0,bipartite,0.18450503,0,bipartite,0.0615587931431078,0,bipartite,1,scatter-gather,0.6,1,fan-in,0.6,0,,0.7,1,gather-scatter,0.6,1,gather-scatter,0.8,1,gather-scatter,0.8,1,gather-scatter,0.8
amlc_00544,HI-Small,0,legit,469.33800841514727,0.000214539552139,0,stack,0.00020610476,0,stack,0.16184197,0,stack,0.0540875393235773,0,stack,1,fan-out,0.6,0,,0.5,1,gather-scatter,0.8,1,random,0.8,1,scatter-gather,0.8,1,gather-scatter,0.8,1,gather-scatter,0.8
amlc_00545,HI-Small,0,legit,469.33800841514727,0.0001299195034103,0,bipartite,4.8245012e-05,0,bipartite,0.09241833,0,bipartite,0.030865497481098,0,bipartite,1,fan-out,0.8,1,gather-scatter,0.6,1,scatter-gather,0.8,1,gather-scatter,0.8,1,gather-scatter,0.8,1,gather-scatter,0.8,1,gather-scatter,0.8
amlc_00546,HI-Small,0,legit,483.5610098176718,0.000684081324411,0,bipartite,0.00036119498,0,bipartite,0.017568666,0,bipartite,0.0062046475973251,0,bipartite,1,fan-out,0.6,1,fan-out,0.6,0,,0.7,1,gather-scatter,0.6,1,scatter-gather,0.8,1,gather-scatter,0.8,1,gather-scatter,0.8
amlc_00547,HI-Small,0,legit,469.33800841514727,1.4078036433837084e-05,0,bipartite,1.7641461e-05,0,bipartite,0.010679831,0,bipartite,0.0035705167649682,0,bipartite,1,fan-out,0.8,1,fan-out,0.6,1,scatter-gather,0.8,1,gather-scatter,0.6,1,fan-out,0.8,1,gather-scatter,0.8,1,scatter-gather,0.8
amlc_00548,HI-Small,0,legit,469.33800841514727,0.000141385522891,0,bipartite,6.584988e-05,0,bipartite,0.7226714,0,bipartite,0.2409595416618739,0,bipartite,1,fan-out,0.6,1,fan-out,0.6,1,fan-out,0.8,1,gather-scatter,0.6,1,scatter-gather,0.8,1,gather-scatter,0.8,0,,0.7
amlc_00549,HI-Small,0,legit,469.33800841514727,6.369520837306683e-05,0,bipartite,6.052813e-05,0,bipartite,0.044462353,0,bipartite,0.0148621921102069,0,bipartite,1,random,0.8,1,scatter-gather,0.8,0,,0.7,1,gather-scatter,0.6,1,gather-scatter,0.8,1,fan-in,0.8,1,fan-in,0.8
amlc_00550,HI-Small,0,legit,483.5610098176718,7.529902213005984e-05,0,bipartite,7.1325456e-05,0,bipartite,0.023517458,0,bipartite,0.0078880274154144,0,bipartite,1,gather-scatter,0.6,1,fan-out,0.6,1,gather-scatter,0.6,1,scatter-gather,0.8,1,gather-scatter,0.8,1,gather-scatter,0.8,1,gather-scatter,0.8
amlc_00551,HI-Small,1,legit,1.0,0.0031549134488253,0,gather-scatter,0.00076759805,0,gather-scatter,0.084365055,0,gather-scatter,0.0294291888196343,0,gather-scatter,0,,0.5,0,,0.5,0,,0.5,0,,0.5,0,,0.5,0,,0.5,0,,0.5
amlc_00552,HI-Small,1,legit,1.0,0.0023017169103284,0,gather-scatter,0.00082191965,0,gather-scatter,0.16340528,0,gather-scatter,0.0555096402806626,0,gather-scatter,0,,0.5,0,,0.5,0,,0.5,0,,0.5,0,,0.5,0,,0.5,0,,0.5
amlc_00553,HI-Small,0,legit,1.0,0.6684629181787681,0,stack,0.6899186,0,stack,0.80520535,1,stack,0.7211956136678759,0,stack,1,fan-out,0.8,1,fan-out,0.6,1,gather-scatter,0.8,1,gather-scatter,0.8,1,scatter-gather,0.8,1,gather-scatter,0.8,1,gather-scatter,0.8
amlc_00554,HI-Small,0,legit,469.33800841514727,0.001087926035457,0,bipartite,0.00040397752,0,bipartite,0.67282367,0,bipartite,0.2247718570282647,0,bipartite,1,gather-scatter,0.6,1,gather-scatter,0.8,1,scatter-gather,0.6,1,gather-scatter,0.8,1,gather-scatter,0.8,1,gather-scatter,0.8,1,gather-scatter,0.8
amlc_00555,HI-Small,0,legit,469.33800841514727,0.0003580171799521,0,stack,0.00025769562,0,stack,0.061632913,0,stack,0.0207495418011909,0,stack,1,fan-out,0.8,1,fan-out,0.6,1,fan-out,0.6,1,random,0.8,1,fan-out,0.8,0,fan-out,0.7,1,gather-scatter,0.8
amlc_00556,HI-Small,0,legit,469.33800841514727,0.0002690646377854,0,bipartite,0.00025812254,0,bipartite,0.23387644,0,bipartite,0.0781345413760901,0,bipartite,1,fan-out,0.6,0,,0.5,1,fan-out,0.8,1,gather-scatter,0.8,1,scatter-gather,0.8,1,scatter-gather,0.8,0,,0.5
amlc_00557,HI-Small,0,legit,469.33800841514727,0.000410148551179,0,bipartite,0.00065421266,0,stack,0.2714742,0,stack,0.0908461912080192,0,stack,1,fan-out,0.6,1,fan-out,0.6,1,fan-out,0.6,1,scatter-gather,0.8,1,scatter-gather,0.8,1,gather-scatter,0.8,0,,0.5
amlc_00558,HI-Small,0,legit,469.33800841514727,0.0006513173663273,0,fan-in,0.00028675847,0,fan-in,0.12419599,0,fan-in,0.0417113562609451,0,fan-in,1,scatter-gather,0.6,1,fan-in,0.6,1,scatter-gather,0.6,1,gather-scatter,0.6,1,gather-scatter,0.8,1,gather-scatter,0.8,1,gather-scatter,0.8
amlc_00559,HI-Small,0,legit,483.5610098176718,0.0016099088146109,0,stack,0.0011722692,0,fan-out,0.033496395,0,stack,0.0120928575989709,0,stack,0,,0.5,0,,0.5,1,fan-out,0.8,1,fan-out,0.6,1,fan-out,0.8,0,,0.7,0,,0.5
amlc_00560,HI-Small,0,legit,469.33800841514727,0.0001811962858408,0,bipartite,0.00012361287,0,bipartite,0.0055566817,0,bipartite,0.0019538302728784,0,bipartite,1,fan-in,0.6,1,gather-scatter,0.6,1,random,0.8,1,gather-scatter,0.6,1,fan-in,0.8,1,fan-in,0.8,1,fan-in,0.8
amlc_00561,HI-Small,0,legit,469.33800841514727,1.2778260128175024e-05,0,bipartite,9.578968e-06,0,bipartite,0.0041770185,0,stack,0.0013997919209316,0,bipartite,1,random,0.8,1,fan-in,0.6,1,random,0.8,1,gather-scatter,0.8,1,fan-in,0.8,1,random,0.8,0,,0.7
amlc_00562,HI-Small,0,legit,469.33800841514727,7.963464424409688e-05,0,scatter-gather,4.6947687e-05,0,scatter-gather,0.0029051867,0,scatter-gather,0.0010105896876121,0,scatter-gather,1,fan-in,0.8,1,fan-in,0.6,1,scatter-gather,0.8,1,gather-scatter,0.8,1,gather-scatter,0.8,1,gather-scatter,0.8,1,gather-scatter,0.8
amlc_00563,HI-Small,0,legit,469.33800841514727,1.2528994506629368e-05,0,bipartite,1.8624687e-05,0,fan-in,0.099165455,0,bipartite,0.0330655360628177,0,bipartite,1,fan-out,0.8,1,fan-out,0.6,1,fan-out,0.6,1,gather-scatter,0.8,1,fan-out,0.8,1,fan-out,0.8,1,fan-out,0.8
amlc_00564,HI-Small,1,legit,1.0,0.0080179248353171,0,bipartite,0.016935572,0,bipartite,0.12091033,0,bipartite,0.0486212761567807,0,bipartite,1,random,0.8,0,,0.5,1,fan-in,0.6,1,gather-scatter,0.6,1,fan-in,0.8,1,fan-in,0.8,1,random,0.8
amlc_00565,HI-Small,0,legit,469.33800841514727,5.311622033365192e-05,0,fan-out,2.7565038e-05,0,fan-out,0.54742277,0,scatter-gather,0.1825011493146668,0,fan-out,1,fan-out,0.6,0,,0.5,0,,0.7,1,gather-scatter,0.6,1,scatter-gather,0.8,0,,0.7,0,,0.5
amlc_00566,HI-Small,0,legit,469.33800841514727,6.763066003783537e-05,0,bipartite,3.9250845e-05,0,bipartite,0.17010406,0,bipartite,0.0567369793671198,0,bipartite,1,fan-in,0.6,1,fan-out,0.8,0,,0.7,1,gather-scatter,0.8,1,fan-in,0.8,1,gather-scatter,0.8,1,gather-scatter,0.8
amlc_00567,HI-Small,0,legit,469.33800841514727,0.0003406592455347,0,stack,0.00012969426,0,stack,0.09656752,0,stack,0.032345957506421,0,stack,1,fan-in,0.6,1,gather-scatter,0.6,1,scatter-gather,0.8,1,gather-scatter,0.8,1,scatter-gather,0.8,0,,0.7,1,scatter-gather,0.8
amlc_00568,HI-Small,0,legit,469.33800841514727,0.0027938768119107,0,fan-out,0.0015463841,0,fan-out,0.20032325,0,fan-out,0.0682211715833756,0,fan-out,0,,0.5,0,,0.5,0,,0.5,0,,0.5,1,fan-out,0.8,0,,0.7,0,,0.5
amlc_00569,HI-Small,0,legit,469.33800841514727,0.0002073385637091,0,bipartite,0.00040007662,0,stack,0.48611957,0,stack,0.1622423278439736,0,stack,1,gather-scatter,0.6,0,,0.5,1,scatter-gather,0.8,1,gather-scatter,0.8,1,gather-scatter,0.8,1,gather-scatter,0.8,1,gather-scatter,0.8
amlc_00570,HI-Small,0,legit,469.33800841514727,1.5119925201981282e-05,0,stack,4.4631042e-06,0,stack,0.0063093686,0,stack,0.0021096505590232,0,stack,1,fan-in,0.6,1,fan-in,0.6,0,,0.7,1,fan-in,0.6,1,fan-in,0.8,1,fan-in,0.8,1,fan-in,0.8
amlc_00571,HI-Small,0,legit,469.33800841514727,0.0013870157427862,0,bipartite,0.0025205829,0,bipartite,0.4202487,0,bipartite,0.1413854286272004,0,bipartite,0,,0.5,0,,0.5,1,fan-out,0.8,1,gather-scatter,0.8,1,scatter-gather,0.8,0,,0.7,0,,0.5
amlc_00572,HI-Small,0,legit,469.33800841514727,0.0001917779157336,0,stack,0.00018190284,0,stack,0.089863084,0,stack,0.0300789216708835,0,stack,1,gather-scatter,0.6,1,fan-in,0.6,1,scatter-gather,0.8,1,gather-scatter,0.8,1,fan-in,0.8,0,,0.7,1,gather-scatter,0.8
amlc_00573,HI-Small,0,legit,483.5610098176718,0.0035550257096057,0,cycle,0.008362244,0,cycle,0.0017955136,0,cycle,0.0045709277161083,0,cycle,1,gather-scatter,0.8,1,fan-out,0.6,1,gather-scatter,0.8,1,gather-scatter,0.8,1,gather-scatter,0.8,1,gather-scatter,0.8,1,gather-scatter,0.8
amlc_00574,HI-Small,0,legit,469.33800841514727,0.0074769064358513,0,fan-out,0.0008652549,0,fan-out,0.047765907,0,fan-out,0.0187026894121456,0,fan-out,0,,0.5,0,,0.5,1,fan-out,0.6,1,gather-scatter,0.8,1,fan-out,0.8,0,,0.7,0,,0.5
amlc_00575,HI-Small,0,legit,469.33800841514727,0.0051932488629986,0,stack,0.0028178275,0,stack,0.65019166,0,stack,0.2194009136894848,0,stack,0,,0.5,0,,0.5,1,fan-out,0.8,1,random,0.8,1,fan-out,0.8,1,fan-out,0.8,0,,0.5
amlc_00576,HI-Small,0,legit,1.0,0.8089980074410835,1,stack,0.14162774,0,stack,0.29568124,0,stack,0.4154356631519132,0,stack,1,gather-scatter,0.6,1,fan-out,0.6,1,gather-scatter,0.6,1,gather-scatter,0.6,1,gather-scatter,0.8,1,gather-scatter,0.8,1,gather-scatter,0.8
amlc_00577,HI-Small,0,legit,469.33800841514727,0.0028612277991866,0,fan-out,0.001094037,0,fan-out,0.13308445,0,fan-out,0.0456799036531331,0,fan-out,0,,0.5,0,,0.5,0,,0.5,0,,0.5,1,fan-out,0.8,0,,0.7,0,,0.5
amlc_00578,HI-Small,0,legit,469.33800841514727,9.630464214271132e-05,0,bipartite,2.7290695e-05,0,bipartite,0.12251717,0,bipartite,0.0408802546195283,0,bipartite,1,gather-scatter,0.8,0,,0.5,1,fan-out,0.6,1,gather-scatter,0.8,1,fan-out,0.8,1,gather-scatter,0.8,1,scatter-gather,0.8
amlc_00579,HI-Small,0,legit,469.33800841514727,0.0001843785015841,0,bipartite,7.862064e-05,0,bipartite,0.043159653,0,bipartite,0.0144742172131384,0,bipartite,1,fan-out,0.6,1,fan-out,0.6,1,scatter-gather,0.8,1,gather-scatter,0.8,1,fan-out,0.8,1,fan-out,0.8,1,fan-out,0.8
amlc_00580,HI-Small,0,legit,1.0,0.901774961885372,1,bipartite,0.82196856,1,bipartite,0.051264305,0,bipartite,0.5916692740011743,0,bipartite,0,stack,0.7,0,,0.7,0,,0.7,1,cycle,0.8,0,,0.7,0,,0.7,0,,0.7
amlc_00581,HI-Small,0,legit,469.33800841514727,0.0002667174391892,0,fan-in,0.00039830184,0,fan-in,0.11332272,0,fan-in,0.0379959130701291,0,fan-in,1,fan-out,0.6,1,gather-scatter,0.6,1,random,0.8,1,gather-scatter,0.6,1,scatter-gather,0.8,1,gather-scatter,0.8,0,,0.5
amlc_00582,HI-Small,0,legit,469.33800841514727,0.0002566838593494,0,bipartite,0.00036613128,0,bipartite,0.20201094,0,bipartite,0.0675445865417766,0,bipartite,1,fan-out,0.6,1,fan-out,0.6,1,random,0.8,1,gather-scatter,0.8,1,fan-out,0.8,1,fan-out,0.8,1,fan-out,0.8
amlc_00583,HI-Small,0,legit,469.33800841514727,0.0001497135021629,0,bipartite,0.00013777512,0,bipartite,0.2838435,0,bipartite,0.0947103253736905,0,bipartite,1,gather-scatter,0.6,1,fan-out,0.6,1,fan-out,0.8,1,gather-scatter,0.8,1,fan-out,0.8,1,fan-out,0.8,0,,0.5
amlc_00584,HI-Small,1,random,1.0,0.9926212928622092,1,stack,0.9992527,1,stack,0.9934031,1,stack,0.9950923489838548,1,stack,1,fan-out,0.8,1,fan-out,0.8,1,fan-out,0.8,1,random,0.8,1,fan-out,0.8,1,fan-out,0.8,1,fan-out,0.8
amlc_00585,HI-Small,0,legit,1.0,0.9004881529569337,1,cycle,0.9851387,1,cycle,0.9914206,1,cycle,0.9590158313035868,1,cycle,1,fan-in,0.6,1,gather-scatter,0.6,1,scatter-gather,0.8,1,cycle,0.8,1,gather-scatter,0.8,1,gather-scatter,0.8,1,gather-scatter,0.8
amlc_00586,HI-Small,1,random,1.0,0.8967719952606948,1,cycle,0.98665273,1,cycle,0.9897927,1,cycle,0.9577391439127854,1,cycle,1,gather-scatter,0.6,1,scatter-gather,0.6,1,scatter-gather,0.8,1,gather-scatter,0.6,1,fan-in,0.8,1,gather-scatter,0.8,1,fan-in,0.8
amlc_00587,HI-Small,1,random,1.0,0.9915499340261522,1,cycle,0.9971598,1,cycle,0.9987322,1,cycle,0.995813974101196,1,cycle,1,cycle,0.8,1,gather-scatter,0.8,1,scatter-gather,0.6,1,scatter-gather,0.8,1,gather-scatter,0.8,1,gather-scatter,0.8,1,gather-scatter,0.8
amlc_00588,HI-Small,0,legit,1.0,0.5263659268826952,0,cycle,0.30093136,0,cycle,0.96268225,1,cycle,0.5966598461141425,0,cycle,1,scatter-gather,0.6,0,,0.5,1,gather-scatter,0.8,1,gather-scatter,0.6,1,gather-scatter,0.8,1,gather-scatter,0.8,1,gather-scatter,0.8
amlc_00589,HI-Small,1,random,1.0,0.9639949597642636,1,cycle,0.9979288,1,cycle,0.96127653,1,cycle,0.9744000963941488,1,cycle,1,gather-scatter,0.6,1,gather-scatter,0.6,1,random,0.8,1,gather-scatter,0.6,1,fan-in,0.8,1,gather-scatter,0.8,1,gather-scatter,0.8
amlc_00590,HI-Small,0,legit,1.0,0.9865096390272786,1,cycle,0.91177636,1,cycle,0.96015704,1,random,0.9528143465527432,1,cycle,1,fan-out,0.6,0,,0.7,1,gather-scatter,0.8,1,fan-out,0.8,1,gather-scatter,0.8,1,gather-scatter,0.8,1,gather-scatter,0.8
amlc_00591,HI-Small,1,random,1.0,0.9937782644212028,1,cycle,0.9917191,1,cycle,0.939217,1,cycle,0.9749047875066528,1,cycle,1,stack,0.8,0,,0.7,1,gather-scatter,0.8,1,gather-scatter,0.6,1,gather-scatter,0.8,1,gather-scatter,0.8,1,gather-scatter,0.8
amlc_00592,HI-Small,0,legit,1.0,0.2466841862519856,0,cycle,0.1873561,0,cycle,0.9710876,1,cycle,0.4683759535657126,0,cycle,1,fan-out,0.6,1,fan-out,0.6,0,,0.7,1,gather-scatter,0.6,1,gather-scatter,0.8,1,gather-scatter,0.8,1,gather-scatter,0.8
amlc_00593,HI-Small,1,random,1.0,0.9283645525840256,1,cycle,0.9982351,1,cycle,0.9728323,1,cycle,0.966477327057631,1,cycle,1,fan-out,0.6,1,fan-out,0.6,1,gather-scatter,0.8,1,gather-scatter,0.8,1,gather-scatter,0.8,1,gather-scatter,0.8,1,gather-scatter,0.8
amlc_00594,HI-Small,1,random,1.0,0.9900073792869934,1,cycle,0.998491,1,cycle,0.9765631,1,cycle,0.9883538215138876,1,cycle,1,fan-out,0.8,1,gather-scatter,0.6,0,cycle,0.7,1,gather-scatter,0.8,1,fan-out,0.8,1,gather-scatter,0.8,0,,0.5
amlc_00595,HI-Small,1,random,1.0,0.9480398115707744,1,stack,0.9696148,1,stack,0.7738886,0,stack,0.8971810677711601,1,stack,1,scatter-gather,0.6,1,gather-scatter,0.6,1,scatter-gather,0.8,1,gather-scatter,0.8,1,gather-scatter,0.8,1,stack,0.8,1,gather-scatter,0.8
amlc_00596,HI-Small,0,legit,469.33800841514727,0.0005695443210444,0,fan-out,0.00032765963,0,fan-out,0.041551135,0,fan-out,0.0141494464755918,0,fan-out,0,,0.5,0,,0.5,0,,0.7,1,random,0.8,1,scatter-gather,0.8,0,,0.7,0,,0.5
amlc_00597,HI-Small,0,legit,469.33800841514727,0.000709021377887,0,bipartite,0.00018203128,0,bipartite,0.056654572,0,bipartite,0.0191818750467453,0,bipartite,1,random,0.8,1,random,0.8,1,random,0.8,1,random,0.8,1,gather-scatter,0.8,1,gather-scatter,0.8,1,bipartite,0.8
amlc_00598,HI-Small,0,legit,469.33800841514727,0.0009080621830855,0,cycle,0.00014341796,0,cycle,0.6923363,0,cycle,0.2311292670059163,0,cycle,1,fan-out,0.8,1,gather-scatter,0.6,1,random,0.8,1,gather-scatter,0.6,1,gather-scatter,0.8,1,gather-scatter,0.8,1,gather-scatter,0.8
amlc_00599,HI-Small,0,legit,469.33800841514727,1.7920956452375062e-05,0,bipartite,1.5863372e-05,0,bipartite,0.0068474757,0,random,0.0022937533279522,0,bipartite,1,fan-out,0.8,1,fan-out,0.6,1,fan-in,0.8,1,random,0.8,1,fan-in,0.8,1,random,0.8,1,fan-in,0.8
amlc_00600,HI-Small,0,legit,469.33800841514727,2.2382102857286385e-05,0,bipartite,5.60847e-06,0,fan-in,0.008878214,0,bipartite,0.0029687349525513,0,bipartite,1,fan-out,0.6,1,fan-out,0.6,1,fan-out,0.8,1,gather-scatter,0.8,1,fan-out,0.8,0,fan-out,0.7,0,,0.5
amlc_00601,HI-Small,0,legit,483.5610098176718,3.380739540099441e-05,0,stack,1.0832186e-05,0,stack,0.03311016,0,stack,0.0110515999871944,0,stack,1,fan-out,0.6,1,fan-out,0.8,1,scatter-gather,0.8,1,scatter-gather,0.8,1,random,0.8,1,random,0.8,1,random,0.8
amlc_00602,HI-Small,0,legit,469.33800841514727,2.3171342219373417e-05,0,bipartite,5.41802e-06,0,stack,0.0089206295,0,fan-out,0.0029830729570074,0,fan-out,1,fan-out,0.8,1,fan-out,0.6,1,gather-scatter,0.8,1,gather-scatter,0.6,1,scatter-gather,0.8,1,cycle,0.8,0,,0.5
amlc_00603,HI-Small,0,legit,469.33800841514727,1.2541860350433322e-05,0,bipartite,5.1764546e-06,0,fan-in,0.0030294894,0,bipartite,0.0010157359130029,0,bipartite,1,scatter-gather,0.6,1,gather-scatter,0.6,1,legitimate,0.8,1,gather-scatter,0.8,1,gather-scatter,0.8,1,gather-scatter,0.8,1,gather-scatter,0.8
amlc_00604,HI-Small,0,legit,469.33800841514727,3.435301935924732e-05,0,stack,1.305981e-05,0,stack,0.009783057,0,stack,0.0032768231313441,0,stack,1,fan-out,0.6,1,stack,0.8,1,gather-scatter,0.8,1,gather-scatter,0.6,1,gather-scatter,0.8,1,scatter-gather,0.8,1,stack,0.8
amlc_00605,HI-Small,0,legit,1.0,0.8323708404175661,1,bipartite,0.6825958,0,bipartite,0.49637443,0,bipartite,0.6704470193741131,0,bipartite,0,,0.7,0,,0.7,1,fan-in,0.8,1,fan-in,0.6,1,fan-in,0.8,1,fan-in,0.8,1,fan-in,0.8
amlc_00606,HI-Small,0,legit,483.5610098176718,0.0060847290867968,0,bipartite,0.006881222,0,bipartite,0.019602494,0,bipartite,0.0108561485099926,0,bipartite,1,random,0.8,0,stack,0.7,1,fan-in,0.8,1,gather-scatter,0.6,1,fan-in,0.8,1,fan-in,0.8,1,fan-in,0.8
amlc_00607,HI-Small,0,legit,469.33800841514727,0.0141360642297155,0,fan-in,0.013488431,0,fan-in,0.2857806,0,fan-in,0.1044683681149644,0,fan-in,1,fan-out,0.6,1,fan-out,0.6,1,fan-out,0.6,1,gather-scatter,0.6,1,fan-out,0.8,1,fan-out,0.8,1,fan-out,0.8
amlc_00608,HI-Small,0,legit,469.33800841514727,9.026135994129387e-05,0,bipartite,0.0001324622,0,bipartite,0.08353032,0,bipartite,0.027917681758722,0,bipartite,1,fan-in,0.6,0,,0.7,1,fan-in,0.8,1,,0.6,1,fan-in,0.8,0,,0.7,0,,0.7
amlc_00609,HI-Small,0,legit,483.5610098176718,3.512091458659652e-05,0,stack,1.911834e-05,0,stack,0.028563071,0,bipartite,0.0095391034325578,0,stack,1,fan-out,0.6,1,fan-out,0.6,1,fan-out,0.8,1,gather-scatter,0.8,1,fan-out,0.8,1,fan-out,0.8,0,,0.5
amlc_00610,HI-Small,0,legit,483.5610098176718,1.4272804122244052e-05,0,bipartite,7.3416063e-06,0,stack,0.03311081,0,bipartite,0.0110441409971806,0,bipartite,1,gather-scatter,0.8,1,gather-scatter,0.8,1,random,0.8,1,gather-scatter,0.8,1,stack,0.8,1,gather-scatter,0.8,1,gather-scatter,0.8
amlc_00611,HI-Small,0,legit,469.33800841514727,0.0048033344278568,0,gather-scatter,0.0046723206,0,gather-scatter,0.032850362,0,gather-scatter,0.0141086724493183,0,gather-scatter,0,,0.5,0,,0.5,1,scatter-gather,0.8,1,gather-scatter,0.8,1,scatter-gather,0.8,0,,0.7,0,,0.5
amlc_00612,HI-Small,0,legit,1.0,0.7254022174974271,0,bipartite,0.62044156,0,bipartite,0.69731617,0,bipartite,0.6810533144043548,0,bipartite,0,,0.7,0,cycle,0.7,1,gather-scatter,0.6,1,gather-scatter,0.6,1,fan-in,0.8,1,gather-scatter,0.8,0,,0.7
amlc_00613,HI-Small,0,legit,469.33800841514727,2.1260448584769333e-05,0,bipartite,1.5463973e-05,0,fan-in,0.0003142195,0,bipartite,0.000116981308999,0,bipartite,1,gather-scatter,0.8,1,scatter-gather,0.6,1,fan-out,0.8,1,gather-scatter,0.6,1,scatter-gather,0.8,1,gather-scatter,0.8,1,scatter-gather,0.8
amlc_00614,HI-Small,1,legit,1.0,0.0048182615456886,0,fan-in,0.0034194402,0,fan-in,0.032769494,0,fan-in,0.013669065181345,0,fan-in,1,fan-in,0.6,1,fan-in,0.6,1,fan-in,0.8,1,gather-scatter,0.6,1,fan-in,0.8,1,gather-scatter,0.8,1,fan-in,0.8
amlc_00615,HI-Small,0,legit,469.33800841514727,0.002152587679754,0,fan-in,0.002601458,0,fan-in,0.20540889,0,fan-in,0.0700543105824474,0,fan-in,1,fan-in,0.6,1,fan-in,0.6,1,fan-in,0.6,1,gather-scatter,0.6,1,fan-in,0.8,1,fan-in,0.8,1,fan-in,0.8
amlc_00616,HI-Small,0,legit,469.33800841514727,7.686420378058934e-05,0,stack,2.4810137e-05,0,stack,0.043579366,0,stack,0.0145603467995947,0,stack,1,fan-out,0.6,1,fan-out,0.6,0,,0.7,1,random,0.8,1,scatter-gather,0.8,1,gather-scatter,0.8,0,,0.5
amlc_00617,HI-Small,1,legit,1.0,0.0713215726721584,0,fan-out,0.0023446917,0,fan-out,0.021301532,0,fan-out,0.0316559321655432,0,fan-out,0,,0.5,0,,0.5,0,fan-out,0.7,1,gather-scatter,0.8,1,fan-out,0.8,0,,0.7,0,,0.5
amlc_00618,HI-Small,0,legit,469.33800841514727,1.395271677497147e-05,0,bipartite,2.9458624e-06,0,stack,0.002044075,0,bipartite,0.0006869911716825,0,bipartite,1,fan-out,0.6,1,scatter-gather,0.6,0,,0.7,1,gather-scatter,0.8,1,scatter-gather,0.8,1,gather-scatter,0.8,0,,0.5
amlc_00619,HI-Small,0,legit,469.33800841514727,1.6687174081046563e-05,0,bipartite,6.2057006e-06,0,fan-in,0.009498686,0,random,0.0031738594910277,0,fan-in,1,gather-scatter,0.6,1,gather-scatter,0.6,1,cycle,0.8,1,gather-scatter,0.8,1,gather-scatter,0.8,1,gather-scatter,0.8,1,gather-scatter,0.8
amlc_00620,HI-Small,0,legit,469.33800841514727,0.0040455427709599,0,gather-scatter,0.0026602126,0,gather-scatter,0.20445211,0,gather-scatter,0.070385955886903,0,gather-scatter,0,,0.5,0,,0.5,0,,0.5,0,,0.5,1,fan-out,0.8,0,,0.7,0,,0.5
amlc_00621,HI-Small,0,legit,469.33800841514727,1.252835974955556e-05,0,random,5.26692e-06,0,fan-in,0.0034043596,0,bipartite,0.0011407182819983,0,fan-in,1,random,0.8,1,fan-out,0.6,1,fan-out,0.6,1,gather-scatter,0.6,1,scatter-gather,0.8,1,fan-out,0.8,1,scatter-gather,0.8
amlc_00622,HI-Small,0,legit,483.5610098176718,0.0056392117095582,0,fan-in,0.0031047107,0,fan-in,0.017946169,0,fan-in,0.0088966970695006,0,fan-in,1,fan-in,0.6,1,fan-in,0.6,1,fan-in,0.8,1,gather-scatter,0.6,1,fan-in,0.8,1,fan-in,0.8,1,fan-in,0.8
amlc_00623,HI-Small,0,legit,483.5610098176718,0.0046032232319802,0,bipartite,0.0044753384,0,bipartite,0.028237808,0,bipartite,0.0124387900374164,0,bipartite,0,,0.7,0,,0.7,0,,0.7,1,gather-scatter,0.6,1,gather-scatter,0.8,1,stack,0.8,1,stack,0.8
amlc_00624,HI-Small,0,legit,469.33800841514727,3.10785715260218e-05,0,bipartite,2.2981905e-05,0,stack,0.04396933,0,bipartite,0.0146744633077613,0,bipartite,1,gather-scatter,0.8,1,gather-scatter,0.6,1,fan-out,0.8,1,gather-scatter,0.8,1,fan-out,0.8,0,,0.7,0,,0.5
amlc_00625,HI-Small,0,legit,469.33800841514727,1.235676246055325e-05,0,bipartite,2.9154684e-05,0,fan-in,0.0072088437,0,bipartite,0.0024167850539643,0,bipartite,1,fan-out,0.6,1,fan-out,0.6,1,fan-out,0.8,1,gather-scatter,0.6,1,fan-out,0.8,1,gather-scatter,0.8,0,,0.5
amlc_00626,HI-Small,0,legit,469.33800841514727,5.85695155564488e-05,0,stack,2.8922814e-05,0,stack,0.007714347,0,stack,0.0026006131039404,0,stack,1,gather-scatter,0.6,1,gather-scatter,0.6,1,fan-out,0.8,1,gather-scatter,0.8,1,gather-scatter,0.8,1,fan-out,0.8,1,gather-scatter,0.8
amlc_00627,HI-Small,0,legit,1.0,0.9245143211382992,1,bipartite,0.9690086,1,bipartite,0.0023887595,0,bipartite,0.6319705684027197,0,bipartite,1,gather-scatter,0.6,1,gather-scatter,0.6,1,gather-scatter,0.8,1,gather-scatter,0.6,1,gather-scatter,0.8,1,gather-scatter,0.8,1,gather-scatter,0.8
amlc_00628,HI-Small,0,legit,469.33800841514727,1.4211005607251164e-05,0,bipartite,3.8699827e-06,0,fan-in,0.0018198807,0,bipartite,0.0006126538891923,0,bipartite,1,fan-out,0.6,1,scatter-gather,0.6,1,fan-out,0.8,1,gather-scatter,0.8,1,fan-out,0.8,1,fan-out,0.8,1,fan-out,0.8
amlc_00629,HI-Small,0,legit,469.33800841514727,3.24601524010127e-05,0,stack,9.763836e-06,0,stack,0.0800188,0,stack,0.0266870091551646,0,stack,1,fan-out,0.6,1,fan-out,0.6,1,scatter-gather,0.8,1,gather-scatter,0.8,1,scatter-gather,0.8,1,gather-scatter,0.8,0,,0.5
amlc_00630,HI-Small,0,legit,469.33800841514727,0.000163857374526,0,bipartite,0.00027034403,0,bipartite,0.12005557,0,bipartite,0.0401632575329701,0,bipartite,1,fan-out,0.6,1,gather-scatter,0.6,1,fan-out,0.8,1,gather-scatter,0.8,1,fan-out,0.8,1,fan-out,0.8,0,,0.5
amlc_00631,HI-Small,0,legit,469.33800841514727,1.3216869962824854e-05,0,bipartite,4.9412492e-06,0,fan-in,0.06475262,0,random,0.0215902605193474,0,fan-in,1,fan-out,0.6,1,fan-out,0.6,1,gather-scatter,0.6,1,gather-scatter,0.8,1,fan-out,0.8,1,fan-out,0.8,0,,0.5
amlc_00632,HI-Small,0,legit,1.0,0.4613316112120951,0,stack,0.18788,0,stack,0.74091893,0,stack,0.4633768466896482,0,stack,1,scatter-gather,0.8,1,fan-out,0.6,0,,0.7,1,gather-scatter,0.8,1,gather-scatter,0.8,1,gather-scatter,0.8,1,gather-scatter,0.8
amlc_00633,HI-Small,0,legit,1.0,0.619110712813878,0,stack,0.2671091,0,stack,0.5952672,0,stack,0.4938289951640844,0,stack,1,gather-scatter,0.6,1,gather-scatter,0.6,1,random,0.8,1,gather-scatter,0.6,1,gather-scatter,0.8,1,gather-scatter,0.8,1,gather-scatter,0.8
amlc_00634,HI-Small,1,legit,1.0,0.2085417828285227,0,bipartite,0.1970931,0,bipartite,0.25062758,0,bipartite,0.2187541531630201,0,bipartite,1,random,0.8,1,fan-out,0.6,1,fan-out,0.8,1,gather-scatter,0.6,1,fan-out,0.8,1,gather-scatter,0.8,1,gather-scatter,0.8
amlc_00635,HI-Small,0,legit,469.33800841514727,3.427397392202152e-05,0,stack,2.7570422e-05,0,stack,0.19274482,0,scatter-gather,0.0642688885687849,0,stack,1,fan-out,0.6,1,gather-scatter,0.6,1,fan-out,0.6,1,gather-scatter,0.8,1,fan-out,0.8,1,fan-out,0.8,1,fan-out,0.8
amlc_00636,HI-Small,0,legit,469.33800841514727,0.0001293192568497,0,bipartite,2.227301e-05,0,bipartite,0.055937756,0,bipartite,0.0186964493734199,0,bipartite,1,fan-out,0.6,1,gather-scatter,0.6,1,scatter-gather,0.6,1,gather-scatter,0.8,1,scatter-gather,0.8,1,gather-scatter,0.8,0,,0.5
amlc_00637,HI-Small,0,legit,469.33800841514727,2.078667035888444e-05,0,bipartite,1.6114955e-05,0,bipartite,0.010144296,0,bipartite,0.0033937325757392,0,bipartite,1,bipartite,0.8,1,scatter-gather,0.6,1,random,0.8,1,random,0.8,1,scatter-gather,0.8,1,random,0.8,1,scatter-gather,0.8
amlc_00638,HI-Small,0,legit,469.33800841514727,1.4719683535979656e-05,0,stack,4.486582e-06,0,stack,0.0057983594,0,stack,0.001939188555663,0,stack,1,gather-scatter,0.6,1,gather-scatter,0.6,1,scatter-gather,0.6,1,gather-scatter,0.8,1,gather-scatter,0.8,1,gather-scatter,0.8,1,gather-scatter,0.8
amlc_00639,HI-Small,0,legit,483.5610098176718,2.2569407343429705e-05,0,stack,1.8283274e-05,0,stack,0.03355554,0,stack,0.0111987979561812,0,stack,1,fan-in,0.6,0,,0.7,1,fan-in,0.8,1,gather-scatter,0.6,1,fan-in,0.8,1,fan-in,0.8,1,fan-in,0.8
amlc_00640,HI-Small,1,legit,1.0,0.003161094764045,0,gather-scatter,0.0023495464,0,gather-scatter,0.11695361,0,gather-scatter,0.0408214175166508,0,gather-scatter,0,,0.5,0,,0.5,1,fan-out,0.8,1,gather-scatter,0.6,1,fan-out,0.8,1,fan-out,0.8,0,,0.5
amlc_00641,HI-Small,0,legit,469.33800841514727,0.0002930402411821,0,bipartite,0.0005757055,0,bipartite,0.36823636,0,bipartite,0.1230350362216347,0,bipartite,1,gather-scatter,0.8,1,gather-scatter,0.6,1,random,0.8,1,gather-scatter,0.8,1,gather-scatter,0.8,1,gather-scatter,0.8,0,,0.5
amlc_00642,HI-Small,0,legit,469.33800841514727,1.2958380103161237e-05,0,random,5.3191625e-06,0,fan-in,0.0015827069,0,random,0.0005336614905901,0,random,1,scatter-gather,0.6,1,fan-out,0.6,1,gather-scatter,0.8,1,gather-scatter,0.8,1,gather-scatter,0.8,1,gather-scatter,0.8,0,,0.7
amlc_00643,HI-Small,1,legit,1.0,0.0065042384628722,0,gather-scatter,0.011805977,0,gather-scatter,0.16609386,0,gather-scatter,0.0614680237667186,0,gather-scatter,0,,0.5,0,,0.5,0,,0.5,0,,0.5,0,,0.5,0,,0.5,0,,0.5
amlc_00644,HI-Small,0,legit,469.33800841514727,1.2466651749867592e-05,0,bipartite,9.387602e-06,0,fan-in,0.0036438792,0,bipartite,0.0012219111518056,0,bipartite,1,fan-out,0.6,1,fan-out,0.8,0,,0.7,1,gather-scatter,0.8,1,gather-scatter,0.8,1,gather-scatter,0.8,1,bipartite,0.8
amlc_00645,HI-Small,0,legit,1.0,0.6022051144038848,0,fan-in,0.7867619,0,fan-in,0.07641286,0,fan-in,0.4884599503012237,0,fan-in,1,fan-in,0.6,0,,0.5,1,fan-in,0.8,1,gather-scatter,0.6,1,fan-in,0.8,1,gather-scatter,0.8,1,fan-in,0.8
amlc_00646,HI-Small,0,legit,469.33800841514727,0.0002455225398046,0,stack,6.055286e-05,0,stack,0.23544411,0,random,0.0785833963368217,0,stack,1,fan-out,0.8,1,scatter-gather,0.6,1,fan-out,0.8,1,gather-scatter,0.8,1,random,0.8,1,gather-scatter,0.8,1,gather-scatter,0.8
amlc_00647,HI-Small,0,legit,469.33800841514727,1.991502112039395e-05,0,fan-out,9.7531865e-06,0,fan-out,0.0031784368,0,fan-out,0.001069368327471,0,fan-out,1,fan-out,0.6,1,gather-scatter,0.6,1,scatter-gather,0.6,1,gather-scatter,0.8,1,fan-out,0.8,1,gather-scatter,0.8,0,,0.5
amlc_00648,HI-Small,0,legit,469.33800841514727,0.0001466137618472,0,stack,6.549937e-05,0,stack,0.12836173,0,stack,0.0428579483001592,0,stack,1,gather-scatter,0.6,1,gather-scatter,0.6,1,gather-scatter,0.6,1,random,0.8,1,gather-scatter,0.8,1,gather-scatter,0.8,1,gather-scatter,0.8
amlc_00649,HI-Small,0,legit,483.5610098176718,1.34984941448606e-05,0,stack,1.3323661e-05,0,fan-in,0.029142952,0,bipartite,0.0097232579159237,0,fan-in,1,gather-scatter,0.6,1,gather-scatter,0.6,1,scatter-gather,0.8,1,gather-scatter,0.6,1,scatter-gather,0.8,1,gather-scatter,0.8,1,scatter-gather,0.8
amlc_00650,HI-Small,0,legit,1.0,0.6925323483958248,0,stack,0.72088695,0,stack,0.38577232,0,stack,0.599730537256082,0,stack,1,scatter-gather,0.8,1,fan-in,0.8,1,gather-scatter,0.6,1,gather-scatter,0.8,1,gather-scatter,0.8,1,gather-scatter,0.8,1,gather-scatter,0.8
amlc_00651,HI-Small,0,legit,469.33800841514727,1.2530289470605662e-05,0,bipartite,2.027069e-06,0,fan-in,0.0058766985,0,bipartite,0.0019637519632464,0,bipartite,1,fan-out,0.6,1,gather-scatter,0.8,0,,0.7,1,gather-scatter,0.6,1,fan-out,0.8,0,,0.7,0,,0.5
amlc_00652,HI-Small,0,legit,469.33800841514727,1.3786098581226906e-05,0,bipartite,5.8305577e-06,0,stack,0.00824388,0,bipartite,0.0027544989636504,0,bipartite,1,fan-out,0.6,1,fan-out,0.6,1,fan-out,0.8,1,gather-scatter,0.6,1,fan-out,0.8,1,fan-out,0.8,0,,0.5
amlc_00653,HI-Small,0,legit,469.33800841514727,0.0017806240120588,0,bipartite,0.0005769987,0,bipartite,0.0012836258,0,bipartite,0.0012137495135162,0,bipartite,1,cycle,0.8,1,cycle,0.8,1,cycle,0.8,1,gather-scatter,0.8,1,cycle,0.8,1,cycle,0.8,1,fan-in,0.8
amlc_00654,HI-Small,0,legit,483.5610098176718,1.4892571411147673e-05,0,bipartite,1.7919057e-05,0,fan-in,0.022140449,0,bipartite,0.0073910868472721,0,bipartite,1,scatter-gather,0.6,1,gather-scatter,0.6,1,fan-out,0.6,1,gather-scatter,0.6,1,stack,0.8,0,,0.7,1,bipartite,0.8
amlc_00655,HI-Small,0,legit,469.33800841514727,0.0001807383396531,0,bipartite,0.00019373422,0,bipartite,0.00633299,0,bipartite,0.0022358207794949,0,bipartite,1,gather-scatter,0.6,1,fan-in,0.6,1,gather-scatter,0.8,1,gather-scatter,0.8,1,fan-in,0.8,1,gather-scatter,0.8,1,fan-in,0.8
amlc_00656,HI-Small,0,legit,469.33800841514727,0.0126640369032449,0,gather-scatter,0.0008347813,0,gather-scatter,0.1024221,0,gather-scatter,0.0386403071721064,0,gather-scatter,0,,0.5,0,,0.5,1,gather-scatter,0.8,1,gather-scatter,0.8,1,fan-out,0.8,0,,0.7,0,,0.5
amlc_00657,HI-Small,0,legit,469.33800841514727,1.357411334726555e-05,0,bipartite,8.002795e-06,0,bipartite,0.0031153534,0,random,0.0010456434385141,0,bipartite,1,random,0.8,1,random,0.8,0,,0.7,0,,0.7,0,,0.7,1,bipartite,0.8,0,,0.7
amlc_00658,HI-Small,0,legit,483.5610098176718,1.5871972999767147e-05,0,bipartite,7.4122618e-06,0,stack,0.012611429,0,stack,0.0042115711472642,0,stack,1,fan-out,0.6,1,gather-scatter,0.6,1,fan-out,0.6,1,gather-scatter,0.8,1,fan-out,0.8,1,fan-out,0.8,0,,0.5
amlc_00659,HI-Small,0,legit,469.33800841514727,4.939372717215263e-05,0,bipartite,2.1929884e-05,0,bipartite,0.09060633,0,bipartite,0.0302258851453385,0,bipartite,1,fan-out,0.8,1,fan-out,0.6,1,fan-out,0.8,1,gather-scatter,0.8,1,fan-out,0.8,1,fan-out,0.8,0,,0.5
amlc_00660,HI-Small,0,legit,469.33800841514727,1.4303379814697932e-05,0,random,1.8825112e-05,0,fan-in,0.003737795,0,bipartite,0.0012569744753584,0,fan-in,1,fan-out,0.6,1,gather-scatter,0.6,1,fan-in,0.6,1,gather-scatter,0.8,1,gather-scatter,0.8,1,gather-scatter,0.8,1,gather-scatter,0.8
amlc_00661,HI-Small,0,legit,483.5610098176718,5.940774618278156e-05,0,stack,2.515898e-05,0,stack,0.029292066,0,stack,0.0097922107924229,0,stack,1,fan-out,0.6,1,gather-scatter,0.6,1,scatter-gather,0.8,1,gather-scatter,0.8,1,scatter-gather,0.8,1,gather-scatter,0.8,0,,0.5
amlc_00662,HI-Small,0,legit,469.33800841514727,1.8084550899449355e-05,0,stack,3.747017e-06,0,stack,0.0075443103,0,stack,0.0025220472885688,0,stack,1,fan-out,0.8,1,gather-scatter,0.6,1,gather-scatter,0.8,1,gather-scatter,0.8,1,gather-scatter,0.8,1,gather-scatter,0.8,1,gather-scatter,0.8
amlc_00663,HI-Small,0,legit,483.5610098176718,1.4075367829929198e-05,0,fan-in,8.517832e-06,0,fan-in,0.03000183,0,bipartite,0.0100081411697205,0,fan-in,1,fan-out,0.6,1,stack,0.8,1,scatter-gather,0.8,1,gather-scatter,0.8,1,scatter-gather,0.8,1,gather-scatter,0.8,1,gather-scatter,0.8
amlc_00664,HI-Small,0,legit,469.33800841514727,6.361985325808669e-05,0,fan-out,9.160528e-05,0,stack,0.04971937,0,fan-out,0.0166248653453945,0,fan-out,1,fan-out,0.8,0,,0.5,1,fan-out,0.6,1,gather-scatter,0.6,1,fan-out,0.8,1,gather-scatter,0.8,1,scatter-gather,0.8
amlc_00665,HI-Small,0,legit,469.33800841514727,1.2931503811956362e-05,0,random,4.795237e-06,0,random,0.009392575,0,random,0.0031367673672641,0,random,1,gather-scatter,0.8,1,gather-scatter,0.6,1,gather-scatter,0.8,1,random,0.8,1,gather-scatter,0.8,1,gather-scatter,0.8,1,gather-scatter,0.8
amlc_00666,HI-Small,0,legit,469.33800841514727,0.0004020333221071,0,bipartite,0.00022725298,0,bipartite,0.0869344,0,bipartite,0.0291878962963317,0,bipartite,1,fan-in,0.6,1,fan-out,0.6,1,gather-scatter,0.6,1,gather-scatter,0.6,1,fan-in,0.8,1,scatter-gather,0.8,1,scatter-gather,0.8
amlc_00667,HI-Small,0,legit,483.5610098176718,1.294976787711671e-05,0,bipartite,9.112011e-06,0,stack,0.031135092,0,bipartite,0.0103857177789777,0,bipartite,1,fan-out,0.6,1,fan-out,0.6,1,bipartite,0.8,1,gather-scatter,0.8,1,gather-scatter,0.8,1,gather-scatter,0.8,1,scatter-gather,0.8
amlc_00668,HI-Small,0,legit,469.33800841514727,0.0001023533858671,0,scatter-gather,8.1606886e-05,0,scatter-gather,0.007164954,0,scatter-gather,0.0024496381598822,0,scatter-gather,1,fan-out,0.6,1,fan-out,0.6,1,fan-out,0.8,1,scatter-gather,0.6,1,legitimate,0.8,1,gather-scatter,0.8,1,gather-scatter,0.8
amlc_00669,HI-Small,0,legit,1.0,0.4146724110433394,0,bipartite,0.5202079,0,bipartite,0.59839976,0,bipartite,0.5110933504365859,0,bipartite,1,scatter-gather,0.8,1,scatter-gather,0.6,1,scatter-gather,0.6,1,gather-scatter,0.8,1,gather-scatter,0.8,1,gather-scatter,0.8,0,,0.5
amlc_00670,HI-Small,0,legit,1.0,0.9267992679595414,1,bipartite,0.9525302,1,bipartite,0.010220105,0,bipartite,0.6298498593459348,0,bipartite,1,cycle,0.8,0,,0.7,0,,0.7,1,random,0.8,1,random,0.8,1,fan-out,0.8,0,,0.7
amlc_00671,HI-Small,0,legit,1.0,0.9438653466573332,1,cycle,0.8699498,1,cycle,0.9427357,1,cycle,0.9188502787706248,1,cycle,1,fan-out,0.6,1,scatter-gather,0.8,1,gather-scatter,0.8,1,gather-scatter,0.8,1,fan-out,0.8,1,gather-scatter,0.8,0,,0.5
amlc_00672,HI-Small,0,legit,1.0,0.91428226293356,1,bipartite,0.9340209,1,bipartite,0.8718708,1,bipartite,0.906724651857319,1,bipartite,1,gather-scatter,0.6,1,scatter-gather,0.6,1,gather-scatter,0.8,1,gather-scatter,0.8,1,gather-scatter,0.8,1,random,0.8,1,gather-scatter,0.8
amlc_00673,HI-Small,0,legit,1.0,0.7203764297256912,0,fan-in,0.60611045,0,fan-in,0.65909445,0,fan-in,0.6618604453964381,0,fan-in,1,fan-out,0.6,1,fan-out,0.6,1,fan-out,0.8,1,cycle,0.8,1,fan-out,0.8,1,scatter-gather,0.8,1,fan-out,0.8
amlc_00674,HI-Small,0,legit,469.33800841514727,1.8443363076633035e-05,0,random,1.6225684e-05,0,bipartite,0.11250397,0,bipartite,0.0375128790753654,0,bipartite,1,fan-out,0.6,1,fan-out,0.8,1,fan-out,0.8,1,gather-scatter,0.8,1,scatter-gather,0.8,1,scatter-gather,0.8,0,,0.5
amlc_00675,HI-Small,0,legit,483.5610098176718,2.3896733689399392e-05,0,bipartite,1.3535228e-05,0,bipartite,0.038227864,0,bipartite,0.0127550985239569,0,bipartite,1,gather-scatter,0.8,1,fan-out,0.8,1,fan-in,0.6,1,gather-scatter,0.6,1,gather-scatter,0.8,1,gather-scatter,0.8,1,gather-scatter,0.8
amlc_00676,HI-Small,1,random,1.0,0.7936120953129888,0,stack,0.52772844,0,stack,0.67161006,0,stack,0.6643168636814475,0,stack,1,scatter-gather,0.6,1,stack,0.8,1,fan-out,0.6,1,gather-scatter,0.8,1,fan-out,0.8,1,gather-scatter,0.8,1,fan-out,0.8
amlc_00677,HI-Small,1,random,1.0,0.9770217327974722,1,cycle,0.99389666,1,cycle,0.9809635,1,cycle,0.9839606413808956,1,cycle,1,fan-out,0.8,0,,0.5,1,scatter-gather,0.8,1,gather-scatter,0.6,1,scatter-gather,0.8,0,,0.7,0,,0.5
amlc_00678,HI-Small,1,random,1.0,0.9908743979881512,1,cycle,0.99586886,1,cycle,0.9974338,1,cycle,0.9947256804290846,1,cycle,1,scatter-gather,0.6,1,fan-in,0.6,1,fan-out,0.6,1,gather-scatter,0.8,1,gather-scatter,0.8,1,scatter-gather,0.8,1,gather-scatter,0.8
amlc_00679,HI-Small,1,random,1.0,0.9799995129926666,1,cycle,0.99249744,1,cycle,0.9757403,1,cycle,0.9827457568918222,1,cycle,1,gather-scatter,0.6,1,gather-scatter,0.6,1,fan-out,0.6,1,gather-scatter,0.8,1,scatter-gather,0.8,1,gather-scatter,0.8,1,gather-scatter,0.8
amlc_00680,HI-Small,1,random,1.0,0.57903159309724,0,stack,0.71764827,0,stack,0.67156065,0,stack,0.6560801686488887,0,stack,1,fan-in,0.6,1,gather-scatter,0.6,1,random,0.8,1,gather-scatter,0.6,1,gather-scatter,0.8,1,gather-scatter,0.8,1,gather-scatter,0.8
amlc_00681,HI-Small,1,bipartite,1.0,0.047707521264173,0,random,0.045060344,0,fan-out,0.8760064,1,fan-out,0.3229247632438664,0,fan-out,1,fan-out,0.6,1,gather-scatter,0.6,1,fan-out,0.8,1,gather-scatter,0.8,1,fan-out,0.8,1,gather-scatter,0.8,0,,0.5
amlc_00682,HI-Small,0,legit,1.0,0.9859934653214788,1,random,0.9287987,1,stack,0.82431346,1,stack,0.913035200879712,1,stack,1,fan-out,0.6,1,fan-out,0.6,1,fan-out,0.8,1,gather-scatter,0.8,1,scatter-gather,0.8,1,scatter-gather,0.8,1,scatter-gather,0.8
amlc_00683,HI-Small,1,cycle,1.0,0.9856781643502288,1,cycle,0.92287475,1,stack,0.7007803,0,stack,0.8697777285136241,1,stack,1,fan-out,0.6,1,fan-out,0.6,1,fan-in,0.8,1,gather-scatter,0.8,1,scatter-gather,0.8,1,scatter-gather,0.8,1,scatter-gather,0.8
amlc_00684,HI-Small,1,cycle,1.0,0.9890817349735022,1,cycle,0.99253446,1,cycle,0.9689522,1,cycle,0.9835227908552726,1,cycle,1,gather-scatter,0.6,0,,0.5,1,scatter-gather,0.8,1,gather-scatter,0.6,1,scatter-gather,0.8,1,fan-in,0.8,0,,0.5
amlc_00685,HI-Small,1,cycle,1.0,0.978268353778582,1,stack,0.9860325,1,stack,0.9544225,1,stack,0.9729077712159888,1,stack,1,gather-scatter,0.6,1,fan-out,0.8,1,fan-out,0.8,1,gather-scatter,0.8,1,scatter-gather,0.8,0,,0.7,0,,0.5
amlc_00686,HI-Small,1,cycle,1.0,0.9833257211691852,1,cycle,0.9965639,1,scatter-gather,0.9780768,1,cycle,0.9859888160707788,1,cycle,1,fan-out,0.8,1,fan-out,0.8,1,scatter-gather,0.8,1,gather-scatter,0.8,1,fan-in,0.8,1,gather-scatter,0.8,0,,0.5
amlc_00687,HI-Small,1,cycle,1.0,0.967824596254196,1,cycle,0.98881036,1,cycle,0.8996498,1,stack,0.9520949185186512,1,cycle,1,fan-out,0.8,1,fan-out,0.6,1,gather-scatter,0.6,1,gather-scatter,0.6,1,fan-out,0.8,0,,0.7,0,,0.5
amlc_00688,HI-Small,1,cycle,1.0,0.987959736602237,1,cycle,0.99766433,1,cycle,0.80614406,1,cycle,0.930589375898815,1,cycle,1,gather-scatter,0.8,1,cycle,0.8,1,gather-scatter,0.8,1,gather-scatter,0.8,1,scatter-gather,0.8,1,gather-scatter,0.8,1,gather-scatter,0.8
amlc_00689,HI-Small,1,cycle,1.0,0.9902864104244976,1,cycle,0.9967148,1,cycle,0.95232916,1,cycle,0.979776780000457,1,cycle,1,fan-out,0.6,1,fan-out,0.6,1,fan-in,0.8,1,gather-scatter,0.6,1,fan-out,0.8,0,,0.7,0,,0.5
amlc_00690,HI-Small,1,cycle,1.0,0.9889493274068382,1,cycle,0.9967327,1,stack,0.9827221,1,cycle,0.989468047598188,1,cycle,1,gather-scatter,0.6,0,,0.5,1,scatter-gather,0.8,1,cycle,0.8,1,gather-scatter,0.8,0,,0.7,1,scatter-gather,0.8
amlc_00691,HI-Small,0,legit,1.0,0.961200371433928,1,cycle,0.97907525,1,cycle,0.8525354,1,stack,0.9309370170201308,1,cycle,1,fan-out,0.8,1,fan-out,0.6,1,fan-out,0.8,1,scatter-gather,0.8,1,scatter-gather,0.8,1,fan-out,0.8,0,,0.5
amlc_00692,HI-Small,1,cycle,1.0,0.9096459597431892,1,stack,0.8932497,1,cycle,0.8808464,1,stack,0.8945806771544375,1,stack,1,fan-out,0.6,1,fan-out,0.6,1,fan-out,0.6,1,gather-scatter,0.6,1,scatter-gather,0.8,1,fan-out,0.8,0,,0.5
amlc_00693,HI-Small,1,cycle,1.0,0.98508465253181,1,cycle,0.9902668,1,scatter-gather,0.9920678,1,cycle,0.9891397554439528,1,cycle,1,fan-out,0.8,1,fan-out,0.8,1,cycle,0.8,1,gather-scatter,0.6,1,scatter-gather,0.8,1,gather-scatter,0.8,0,,0.5
amlc_00694,HI-Small,1,cycle,1.0,0.9871333709722256,1,cycle,0.994774,1,cycle,0.93823737,1,cycle,0.9733815746627084,1,cycle,1,fan-out,0.6,1,fan-out,0.6,1,gather-scatter,0.8,1,gather-scatter,0.8,1,scatter-gather,0.8,0,,0.7,0,,0.5
amlc_00695,HI-Small,0,legit,469.33800841514727,0.0002453816967009,0,fan-out,6.36273e-05,0,fan-out,0.1327326,0,fan-out,0.0443472029912803,0,fan-out,0,,0.5,0,,0.5,1,random,0.8,1,gather-scatter,0.8,1,scatter-gather,0.8,1,gather-scatter,0.8,0,,0.5
amlc_00696,HI-Small,0,legit,483.5610098176718,3.9923022693190416e-05,0,stack,9.870274e-06,0,stack,0.015783498,0,stack,0.0052777637867824,0,stack,1,fan-out,0.6,1,fan-out,0.6,1,fan-out,0.8,1,gather-scatter,0.8,1,fan-out,0.8,1,fan-out,0.8,0,,0.5
amlc_00697,HI-Small,0,legit,469.33800841514727,0.000243972899688,0,bipartite,0.0001044309,0,bipartite,0.07665142,0,bipartite,0.0256666068405045,0,bipartite,0,,0.7,0,,0.7,1,random,0.8,1,random,0.8,1,random,0.8,0,,0.7,0,,0.7
amlc_00698,HI-Small,0,legit,469.33800841514727,5.968979811569379e-05,0,random,0.00017021367,0,bipartite,0.008639043,0,bipartite,0.002956315553422,0,bipartite,1,stack,0.8,1,gather-scatter,0.8,1,gather-scatter,0.8,1,gather-scatter,0.6,1,gather-scatter,0.8,1,gather-scatter,0.8,1,gather-scatter,0.8
amlc_00699,HI-Small,0,legit,469.33800841514727,0.0002474338548733,0,bipartite,8.957394e-05,0,bipartite,0.3373053,0,bipartite,0.1125474383954311,0,bipartite,1,fan-out,0.6,0,,0.7,0,,0.7,0,,0.7,1,legitimate,0.6,1,random,0.8,1,random,0.6
amlc_00700,HI-Small,0,legit,469.33800841514727,4.01680300099643e-05,0,stack,1.4498599e-05,0,fan-in,0.00039243576,0,bipartite,0.0001490341292267,0,fan-in,1,fan-out,0.8,1,fan-out,0.6,1,random,0.8,1,gather-scatter,0.6,1,gather-scatter,0.8,0,,0.7,0,,0.5
amlc_00701,HI-Small,0,legit,483.5610098176718,1.4738174518493254e-05,0,bipartite,1.0979498e-05,0,stack,0.013180897,0,bipartite,0.0044022047708662,0,bipartite,1,fan-out,0.8,0,,0.5,1,fan-out,0.8,1,gather-scatter,0.8,1,fan-out,0.8,1,gather-scatter,0.8,1,gather-scatter,0.8
amlc_00702,HI-Small,0,legit,469.33800841514727,1.70742265663654e-05,0,scatter-gather,2.198713e-05,0,scatter-gather,0.004439424,0,scatter-gather,0.0014928283831507,0,scatter-gather,1,fan-out,0.8,1,fan-out,0.6,1,fan-out,0.8,1,gather-scatter,0.8,1,gather-scatter,0.8,1,gather-scatter,0.8,1,gather-scatter,0.8
amlc_00703,HI-Small,0,legit,469.33800841514727,3.082884553485347e-05,0,bipartite,7.580524e-06,0,bipartite,0.001755077,0,bipartite,0.0005978288041164,0,bipartite,1,fan-out,0.8,1,fan-out,0.6,1,gather-scatter,0.8,1,gather-scatter,0.8,1,gather-scatter,0.8,1,gather-scatter,0.8,1,gather-scatter,0.8
amlc_00704,HI-Small,0,legit,469.33800841514727,2.4461518725841637e-05,0,stack,8.063183e-06,0,stack,0.0069588334,0,bipartite,0.0023304527104216,0,stack,1,fan-out,0.6,1,fan-out,0.6,1,fan-out,0.8,1,gather-scatter,0.8,1,fan-out,0.8,1,fan-out,0.8,0,,0.5
amlc_00705,HI-Small,0,legit,469.33800841514727,0.012579474080198,0,bipartite,0.0010253418,0,bipartite,0.02979193,0,bipartite,0.0144655821903399,0,bipartite,0,,0.7,0,,0.7,1,fan-in,0.8,1,fan-in,0.6,1,fan-in,0.8,1,fan-in,0.8,1,fan-in,0.8
amlc_00706,HI-Small,0,legit,1.0,0.6706755497594716,0,bipartite,0.4644223,0,bipartite,0.31123555,0,bipartite,0.4821111274606666,0,bipartite,1,cycle,0.8,0,,0.7,0,,0.7,1,cycle,0.8,0,,0.7,0,,0.7,0,,0.7
amlc_00707,HI-Small,0,legit,1.0,0.8721438070227647,1,fan-in,0.931872,1,fan-in,0.5114666,0,fan-in,0.7718274798687942,0,fan-in,1,gather-scatter,0.6,1,gather-scatter,0.6,1,fan-out,0.6,1,gather-scatter,0.6,1,gather-scatter,0.8,1,gather-scatter,0.8,1,gather-scatter,0.8
amlc_00708,HI-Small,0,legit,1.0,0.7212754233539735,0,stack,0.098713495,0,stack,0.64466274,0,stack,0.4882172186792107,0,stack,1,gather-scatter,0.8,1,gather-scatter,0.6,1,fan-in,0.6,1,gather-scatter,0.8,1,fan-in,0.8,1,gather-scatter,0.8,1,fan-in,0.8
amlc_00709,HI-Small,0,legit,469.33800841514727,1.360875528324442e-05,0,bipartite,8.136058e-06,0,bipartite,0.0043342137,0,bipartite,0.0014519861635785,0,bipartite,1,stack,0.8,1,scatter-gather,0.6,1,stack,0.8,1,scatter-gather,0.6,1,stack,0.8,1,stack,0.8,1,stack,0.8
amlc_00710,HI-Small,0,legit,469.33800841514727,0.0003136211199463,0,bipartite,0.00014698567,0,bipartite,0.22270742,0,bipartite,0.0743893424575608,0,bipartite,1,gather-scatter,0.6,1,fan-out,0.6,0,,0.7,1,gather-scatter,0.8,1,scatter-gather,0.8,1,gather-scatter,0.8,0,,0.5
amlc_00711,HI-Small,0,legit,469.33800841514727,0.0002667455490846,0,bipartite,0.00017585722,0,bipartite,0.14341778,0,bipartite,0.0479534594660059,0,bipartite,1,gather-scatter,0.6,1,gather-scatter,0.8,0,,0.7,1,gather-scatter,0.6,1,gather-scatter,0.8,1,stack,0.8,1,gather-scatter,0.8
amlc_00712,HI-Small,0,legit,469.33800841514727,0.0010488152731468,0,random,0.0009186782,0,stack,0.074042544,0,random,0.0253366790748908,0,random,1,fan-in,0.6,1,fan-in,0.6,1,fan-in,0.6,1,,0.6,1,fan-in,0.8,1,fan-in,0.8,1,fan-in,0.8
amlc_00713,HI-Small,1,legit,1.0,0.042049102540503,0,bipartite,0.046850022,0,bipartite,0.22746122,0,bipartite,0.1054534477676583,0,bipartite,1,fan-out,0.6,1,fan-out,0.8,0,,0.7,1,gather-scatter,0.8,1,fan-out,0.8,1,fan-out,0.8,1,fan-out,0.8
amlc_00714,HI-Small,0,legit,469.33800841514727,1.4052601005717062e-05,0,bipartite,1.3641406e-05,0,stack,0.009946164,0,bipartite,0.0033246192503933,0,bipartite,1,fan-out,0.8,1,fan-out,0.6,1,fan-out,0.8,1,random,0.8,1,fan-out,0.8,0,,0.7,0,,0.5
amlc_00715,HI-Small,0,legit,483.5610098176718,2.6668898245729245e-05,0,stack,1.00169145e-05,0,bipartite,0.03801609,0,stack,0.0126842580398931,0,stack,1,gather-scatter,0.6,1,gather-scatter,0.6,1,scatter-gather,0.6,1,random,0.8,1,gather-scatter,0.8,1,gather-scatter,0.8,0,,0.5
amlc_00716,HI-Small,0,legit,1.0,0.8895139804933496,1,bipartite,0.8547252,1,bipartite,0.07497387,0,bipartite,0.6064043429644249,0,bipartite,0,,0.7,1,fan-in,0.6,0,,0.7,0,stack,0.7,0,,0.7,0,,0.7,0,,0.7
amlc_00717,HI-Small,0,legit,483.5610098176718,2.525895067346589e-05,0,bipartite,1.6881097e-05,0,bipartite,0.03434632,0,bipartite,0.0114628199274408,0,bipartite,1,fan-out,0.6,1,gather-scatter,0.8,1,fan-out,0.8,1,scatter-gather,0.8,1,fan-out,0.8,1,fan-out,0.8,0,,0.5
amlc_00718,HI-Small,1,legit,1.0,0.0072867102470507,0,gather-scatter,0.0012375305,0,gather-scatter,0.23946545,0,gather-scatter,0.0826632286737448,0,gather-scatter,0,,0.5,0,,0.5,1,fan-out,0.8,0,,0.7,1,fan-out,0.8,1,fan-out,0.8,0,,0.5
amlc_00719,HI-Small,0,legit,483.5610098176718,0.0002561953554634,0,bipartite,0.0005170297,0,bipartite,0.0123265255,0,bipartite,0.0043665835341362,0,bipartite,1,gather-scatter,0.6,1,gather-scatter,0.6,1,scatter-gather,0.8,1,gather-scatter,0.6,1,gather-scatter,0.8,1,gather-scatter,0.8,1,gather-scatter,0.8
amlc_00720,HI-Small,0,legit,1.0,0.8509122656002983,1,bipartite,0.7429675,0,bipartite,0.14035375,0,bipartite,0.5780778353815391,0,bipartite,0,,0.7,0,,0.7,0,,0.7,0,cycle,0.7,0,,0.7,0,,0.7,0,,0.7
amlc_00721,HI-Small,0,legit,469.33800841514727,6.295999101341244e-05,0,bipartite,0.00011453642,0,fan-out,0.06271005,0,stack,0.0209625143937967,0,fan-out,1,gather-scatter,0.6,1,gather-scatter,0.6,0,,0.7,1,gather-scatter,0.6,1,gather-scatter,0.8,1,stack,0.8,1,gather-scatter,0.8
amlc_00722,HI-Small,0,legit,469.33800841514727,2.1604812002638528e-05,0,bipartite,1.1166491e-05,0,bipartite,0.010015702,0,bipartite,0.0033494910594565,0,bipartite,1,fan-out,0.8,1,fan-out,0.6,1,fan-out,0.6,1,gather-scatter,0.6,1,fan-out,0.8,1,gather-scatter,0.8,1,fan-out,0.8
amlc_00723,HI-Small,0,legit,469.33800841514727,2.1234198784638957e-05,0,stack,1.1493044e-05,0,fan-in,0.00049628457,0,bipartite,0.0001763372712564,0,fan-in,1,fan-out,0.6,1,scatter-gather,0.8,1,scatter-gather,0.8,1,gather-scatter,0.8,1,gather-scatter,0.8,1,gather-scatter,0.8,0,,0.5
amlc_00724,HI-Small,0,legit,469.33800841514727,0.0004303982706077,0,bipartite,0.00021566679,0,bipartite,0.3751698,0,bipartite,0.1252719595647273,0,bipartite,1,fan-out,0.8,0,,0.5,1,fan-out,0.6,1,gather-scatter,0.6,1,fan-out,0.8,0,,0.7,0,,0.5
amlc_00725,HI-Small,0,legit,469.33800841514727,3.573113202126497e-05,0,stack,1.24510025e-05,0,stack,0.2025541,0,bipartite,0.0675340962822795,0,stack,1,gather-scatter,0.6,1,gather-scatter,0.6,1,cycle,0.8,1,gather-scatter,0.8,1,gather-scatter,0.8,0,,0.7,1,gather-scatter,0.8
amlc_00726,HI-Small,0,legit,1.0,0.7922803213791837,0,bipartite,0.68009317,0,bipartite,0.038635664,0,bipartite,0.5036697180932359,0,bipartite,0,random,0.7,0,,0.7,0,,0.7,1,gather-scatter,0.6,0,,0.7,0,,0.7,0,,0.7
amlc_00727,HI-Small,0,legit,469.33800841514727,0.0111650111666733,0,fan-out,0.0011793668,0,fan-out,0.07200929,0,fan-out,0.028117888593141,0,fan-out,0,,0.5,0,,0.5,1,fan-out,0.8,1,fan-out,0.8,1,fan-out,0.8,0,,0.7,0,,0.5
amlc_00728,HI-Small,0,legit,469.33800841514727,2.0517231788893665e-05,0,stack,1.54033e-05,0,stack,0.085319065,0,bipartite,0.0284516616966119,0,stack,1,scatter-gather,0.6,1,gather-scatter,0.6,1,fan-out,0.6,1,gather-scatter,0.6,1,gather-scatter,0.8,1,gather-scatter,0.8,1,gather-scatter,0.8
amlc_00729,HI-Small,0,legit,469.33800841514727,3.978833234106627e-05,0,stack,2.8718863e-05,0,stack,0.09585752,0,stack,0.0319753435257428,0,stack,1,fan-out,0.8,1,gather-scatter,0.6,1,fan-out,0.8,1,gather-scatter,0.6,1,scatter-gather,0.8,1,scatter-gather,0.8,0,,0.5
amlc_00730,HI-Small,0,legit,469.33800841514727,0.0002041977557286,0,bipartite,0.00016588019,0,fan-in,0.06878572,0,scatter-gather,0.0230519325070992,0,fan-in,1,fan-out,0.6,1,fan-out,0.6,1,fan-out,0.8,1,random,0.8,1,fan-out,0.8,0,,0.7,0,,0.5
amlc_00731,HI-Small,0,legit,469.33800841514727,0.0002420536638418,0,bipartite,0.00011957218,0,bipartite,0.13707183,0,bipartite,0.0458111529520889,0,bipartite,1,gather-scatter,0.8,1,gather-scatter,0.6,0,,0.7,1,gather-scatter,0.6,1,scatter-gather,0.8,1,gather-scatter,0.8,1,gather-scatter,0.8
amlc_00732,HI-Small,1,legit,1.0,0.0430740218689441,0,fan-in,0.013575397,0,fan-in,0.09043529,0,fan-in,0.0490282360490957,0,fan-in,1,fan-in,0.6,1,fan-in,0.6,1,fan-in,0.6,1,scatter-gather,0.6,1,fan-in,0.8,1,fan-in,0.8,1,fan-in,0.8
amlc_00733,HI-Small,0,legit,469.33800841514727,9.877134069045638e-05,0,bipartite,5.0226383e-05,0,bipartite,0.008609674,0,bipartite,0.0029195572210726,0,bipartite,0,,0.7,0,,0.7,0,,0.7,1,gather-scatter,0.8,0,,0.7,0,,0.7,0,,0.7
amlc_00734,HI-Small,1,legit,1.0,0.0023257888245468,0,gather-scatter,0.0023270058,0,gather-scatter,0.035204712,0,gather-scatter,0.0132858356568675,0,gather-scatter,0,,0.5,0,,0.5,1,fan-out,0.8,1,gather-scatter,0.8,1,fan-out,0.8,0,,0.7,0,,0.5
amlc_00735,HI-Small,1,legit,1.0,0.0099301282248452,0,fan-in,0.019879637,0,fan-in,0.011529012,0,fan-in,0.0137795923875952,0,fan-in,1,fan-in,0.6,1,fan-in,0.6,1,fan-in,0.6,1,gather-scatter,0.6,1,fan-in,0.8,1,fan-in,0.8,1,fan-in,0.8
amlc_00736,HI-Small,0,legit,469.33800841514727,1.3057277446754702e-05,0,bipartite,6.5686872e-06,0,bipartite,0.009201157,0,bipartite,0.0030735942904902,0,bipartite,1,fan-out,0.8,1,gather-scatter,0.6,1,fan-out,0.8,1,gather-scatter,0.6,1,gather-scatter,0.8,1,gather-scatter,0.8,1,gather-scatter,0.8
amlc_00737,HI-Small,0,legit,469.33800841514727,8.303608765724584e-05,0,bipartite,7.704995e-05,0,bipartite,0.06293435,0,bipartite,0.0210314775103761,0,bipartite,0,,0.7,0,,0.7,0,,0.7,1,gather-scatter,0.6,0,,0.7,1,stack,0.8,0,,0.7
amlc_00738,HI-Small,0,legit,483.5610098176718,1.2776256557053052e-05,0,random,3.6282058e-06,0,bipartite,0.019270387,0,random,0.006428930336413,0,random,1,fan-out,0.6,1,gather-scatter,0.6,0,,0.7,1,gather-scatter,0.6,1,scatter-gather,0.8,1,fan-out,0.8,0,,0.5
amlc_00739,HI-Small,0,legit,483.5610098176718,1.5607149044329025e-05,0,stack,1.2117907e-05,0,stack,0.012075128,0,bipartite,0.004034284363373,0,stack,1,fan-out,0.6,1,fan-out,0.6,1,fan-out,0.8,1,gather-scatter,0.8,1,fan-out,0.8,1,fan-out,0.8,0,,0.5
amlc_00740,HI-Small,0,legit,469.33800841514727,1.316378165067925e-05,0,bipartite,4.622122e-06,0,fan-in,0.00090645964,0,bipartite,0.0003080818472245,0,bipartite,1,scatter-gather,0.8,1,gather-scatter,0.6,1,fan-in,0.8,1,gather-scatter,0.6,1,gather-scatter,0.8,1,stack,0.8,1,gather-scatter,0.8
amlc_00741,HI-Small,0,legit,469.33800841514727,1.7015514315951866e-05,0,scatter-gather,3.4917455e-05,0,scatter-gather,0.0051283846,0,random,0.0017267725124362,0,scatter-gather,1,random,0.8,1,fan-out,0.6,1,scatter-gather,0.8,1,gather-scatter,0.6,1,gather-scatter,0.8,1,gather-scatter,0.8,1,gather-scatter,0.8
amlc_00742,HI-Small,1,legit,1.0,0.0041478152954418,0,gather-scatter,0.0024484259,0,gather-scatter,0.071842566,0,gather-scatter,0.0261462690963542,0,gather-scatter,0,,0.5,0,,0.5,1,gather-scatter,0.8,1,scatter-gather,0.8,1,fan-out,0.8,1,fan-out,0.8,0,,0.5
amlc_00743,HI-Small,1,legit,1.0,0.0036333947659292,0,fan-in,0.0026738197,0,fan-in,0.38731536,0,fan-in,0.1312075257063163,0,fan-in,1,gather-scatter,0.6,1,gather-scatter,0.6,0,random,0.7,1,gather-scatter,0.6,1,fan-in,0.8,1,gather-scatter,0.8,1,gather-scatter,0.8
amlc_00744,HI-Small,0,legit,483.5610098176718,2.852950816454253e-05,0,stack,1.1581934e-05,0,stack,0.023693215,0,stack,0.0079111088480087,0,stack,1,fan-out,0.6,1,gather-scatter,0.8,1,fan-out,0.8,1,gather-scatter,0.6,1,fan-out,0.8,0,,0.7,0,,0.5
amlc_00745,HI-Small,0,legit,469.33800841514727,2.3597671907753853e-05,0,bipartite,1.4376131e-05,0,stack,0.0043712254,0,stack,0.0014697330569867,0,stack,1,gather-scatter,0.8,1,gather-scatter,0.6,1,random,0.8,1,gather-scatter,0.8,1,scatter-gather,0.8,0,,0.7,0,,0.5
amlc_00746,HI-Small,1,legit,1.0,0.012909812498433,0,stack,0.031625036,0,stack,0.5292512,0,stack,0.191262022163584,0,stack,0,,0.7,1,gather-scatter,0.6,1,stack,0.8,1,gather-scatter,0.6,1,gather-scatter,0.8,1,gather-scatter,0.8,1,stack,0.8
amlc_00747,HI-Small,0,legit,469.33800841514727,1.2649616666637268e-05,0,bipartite,2.772514e-06,0,bipartite,0.0011923866,0,bipartite,0.0004026029140464,0,bipartite,1,random,0.8,0,,0.7,1,gather-scatter,0.6,1,gather-scatter,0.8,1,gather-scatter,0.8,1,gather-scatter,0.8,1,gather-scatter,0.8
amlc_00748,HI-Small,0,legit,1.0,0.5787977993797458,0,bipartite,0.46042338,0,bipartite,0.41440177,0,bipartite,0.4845409830514324,0,bipartite,0,,0.7,0,,0.7,0,,0.7,1,gather-scatter,0.6,0,,0.7,1,gather-scatter,0.8,0,,0.7
amlc_00749,HI-Small,0,legit,469.33800841514727,1.7307091978383984e-05,0,scatter-gather,7.2572416e-06,0,fan-in,0.0025786648,0,fan-out,0.0008677430458111,0,fan-out,1,fan-in,0.8,1,fan-out,0.6,1,gather-scatter,0.6,1,gather-scatter,0.6,1,scatter-gather,0.8,1,gather-scatter,0.8,1,gather-scatter,0.8
amlc_00750,HI-Small,0,legit,469.33800841514727,1.2843849358916686e-05,0,bipartite,5.4312277e-06,0,fan-in,0.0014556411,0,bipartite,0.00049130539862,0,bipartite,1,fan-out,0.6,1,fan-out,0.6,1,fan-out,0.6,1,scatter-gather,0.6,1,fan-out,0.8,1,fan-out,0.8,0,,0.5
amlc_00751,HI-Small,0,legit,469.33800841514727,0.000243972899688,0,bipartite,9.156325e-05,0,bipartite,0.082685396,0,bipartite,0.0276736440743568,0,bipartite,1,gather-scatter,0.8,0,,0.7,1,random,0.8,1,random,0.8,1,random,0.8,1,random,0.8,0,,0.7
amlc_00752,HI-Small,0,legit,469.33800841514727,8.12510986194095e-05,0,scatter-gather,4.560437e-05,0,scatter-gather,0.0057737376,0,scatter-gather,0.0019668643434675,0,scatter-gather,1,fan-out,0.8,1,fan-out,0.8,1,fan-out,0.8,1,gather-scatter,0.6,1,fan-out,0.8,0,,0.7,0,,0.5
amlc_00753,HI-Small,0,legit,469.33800841514727,3.683412662265746e-05,0,stack,7.7172135e-06,0,stack,0.057978995,0,bipartite,0.0193411821615035,0,stack,1,fan-out,0.6,1,scatter-gather,0.6,1,scatter-gather,0.8,1,gather-scatter,0.8,1,fan-out,0.8,1,fan-out,0.8,1,scatter-gather,0.8
amlc_00754,HI-Small,0,legit,469.33800841514727,0.0005592364207571,0,bipartite,0.00082618865,0,bipartite,0.26692444,0,bipartite,0.0894366219785595,0,bipartite,1,fan-out,0.8,1,stack,0.8,1,fan-out,0.6,1,bipartite,0.8,1,gather-scatter,0.8,1,gather-scatter,0.8,1,gather-scatter,0.8
amlc_00755,HI-Small,0,legit,1.0,0.9503305855732912,1,bipartite,0.9953209,1,bipartite,0.13654533,0,bipartite,0.6940656106783866,0,bipartite,1,fan-out,0.6,1,fan-in,0.6,1,fan-in,0.6,1,gather-scatter,0.6,1,fan-in,0.8,1,gather-scatter,0.8,1,fan-in,0.8
amlc_00756,HI-Small,0,legit,483.5610098176718,0.0107932486317263,0,gather-scatter,0.0021323855,0,gather-scatter,0.0061632297,0,gather-scatter,0.0063629546118016,0,gather-scatter,0,,0.5,0,,0.5,0,,0.5,0,,0.5,1,fan-out,0.8,0,,0.7,0,,0.5
amlc_00757,HI-Small,1,legit,1.0,0.1160083650865068,0,fan-in,0.07333231,0,fan-in,0.7758795,0,fan-in,0.3217400590352849,0,fan-in,1,fan-in,0.6,1,fan-in,0.6,1,fan-in,0.8,1,gather-scatter,0.6,1,fan-in,0.8,1,fan-in,0.8,1,fan-in,0.8
amlc_00758,HI-Small,0,legit,483.5610098176718,1.4507835880747524e-05,0,stack,1.9039397e-05,0,bipartite,0.01960793,0,random,0.0065471589151289,0,stack,1,fan-out,0.8,1,scatter-gather,0.6,1,fan-out,0.6,1,gather-scatter,0.6,1,gather-scatter,0.8,1,gather-scatter,0.8,1,stack,0.8
amlc_00759,HI-Small,0,legit,483.5610098176718,9.12695774828207e-05,0,bipartite,5.4342498e-05,0,bipartite,0.013631267,0,bipartite,0.0045922928722892,0,bipartite,0,,0.7,0,,0.7,0,,0.7,0,cycle,0.7,0,,0.7,0,,0.7,0,,0.7
amlc_00760,HI-Small,1,legit,1.0,0.0024272352893335,0,fan-in,0.0025170823,0,fan-in,0.08486161,0,fan-in,0.0299353079705331,0,fan-in,1,fan-in,0.6,1,fan-in,0.6,1,fan-out,0.8,1,gather-scatter,0.6,1,fan-in,0.8,1,fan-in,0.8,1,fan-in,0.8
amlc_00761,HI-Small,1,legit,1.0,0.0511579487238026,0,bipartite,0.037593953,0,bipartite,0.61653316,0,bipartite,0.2350950207483005,0,bipartite,1,gather-scatter,0.6,1,gather-scatter,0.6,1,gather-scatter,0.6,1,gather-scatter,0.6,1,gather-scatter,0.8,1,gather-scatter,0.8,1,gather-scatter,0.8
amlc_00762,HI-Small,0,legit,469.33800841514727,1.4452841396290882e-05,0,bipartite,6.2484614e-06,0,bipartite,0.008285897,0,stack,0.0027688660518135,0,bipartite,1,fan-in,0.6,1,fan-in,0.6,0,,0.7,1,gather-scatter,0.8,1,fan-in,0.8,1,fan-in,0.8,1,bipartite,0.8
amlc_00763,HI-Small,0,legit,469.33800841514727,0.0004355102743081,0,fan-out,0.00017739116,0,fan-out,0.15773478,0,fan-out,0.0527825609808186,0,fan-out,0,,0.5,0,,0.5,1,fan-out,0.6,1,gather-scatter,0.8,1,fan-out,0.8,1,gather-scatter,0.8,0,,0.5
amlc_00764,HI-Small,0,legit,1.0,0.7082224598255389,0,stack,0.8555252,1,stack,0.90479165,1,stack,0.8228464361934739,1,stack,1,gather-scatter,0.6,0,,0.7,0,,0.7,1,stack,0.8,1,stack,0.8,1,gather-scatter,0.8,1,gather-scatter,0.8
amlc_00765,HI-Small,0,legit,469.33800841514727,0.0006802061981149,0,fan-out,0.0015056202,0,fan-out,0.13026342,0,fan-out,0.0441497481176195,0,fan-out,0,,0.5,0,,0.5,1,fan-out,0.8,1,scatter-gather,0.6,1,scatter-gather,0.8,0,,0.7,0,,0.5
amlc_00766,HI-Small,0,legit,1.0,0.7361743310068832,0,bipartite,0.5933408,0,bipartite,0.23197469,0,bipartite,0.5204966120910243,0,bipartite,1,random,0.8,1,random,0.8,0,,0.7,1,stack,0.8,1,gather-scatter,0.8,1,gather-scatter,0.8,1,random,0.8
amlc_00767,HI-Small,0,legit,469.33800841514727,1.3610511133318952e-05,0,bipartite,1.2486625e-05,0,bipartite,0.05714599,0,stack,0.0190573625223657,0,bipartite,1,fan-out,0.6,1,fan-out,0.6,1,fan-out,0.8,1,gather-scatter,0.6,1,gather-scatter,0.8,1,gather-scatter,0.8,1,gather-scatter,0.8
amlc_00768,HI-Small,0,legit,469.33800841514727,0.0181357492002431,0,bipartite,0.0029141686,0,bipartite,0.036536023,0,bipartite,0.019195313620032,0,bipartite,0,,0.7,0,,0.7,0,,0.7,0,stack,0.7,0,,0.7,0,,0.7,0,,0.7
amlc_00769,HI-Small,0,legit,1.0,0.8047840202606207,1,bipartite,0.5807444,0,bipartite,0.044319235,0,bipartite,0.4766158802561126,0,bipartite,0,,0.7,0,,0.5,0,,0.7,1,stack,0.8,0,,0.7,0,,0.7,0,,0.7
amlc_00770,HI-Small,0,legit,469.33800841514727,1.5169639045118588e-05,0,bipartite,7.2417506e-06,0,fan-in,0.05338518,0,bipartite,0.0178025302931683,0,bipartite,1,fan-out,0.6,1,fan-out,0.6,1,fan-out,0.8,1,gather-scatter,0.8,1,fan-out,0.8,1,fan-out,0.8,0,,0.5
amlc_00771,HI-Small,0,legit,1.0,0.1401619358828807,0,fan-in,0.24786434,0,fan-in,0.88171005,1,fan-in,0.4232454413828301,0,fan-in,1,fan-in,0.6,1,fan-in,0.6,1,gather-scatter,0.8,1,gather-scatter,0.6,1,gather-scatter,0.8,1,gather-scatter,0.8,1,fan-in,0.8
amlc_00772,HI-Small,1,scatter-gather,1.0,0.9898539764882404,1,cycle,0.99682075,1,cycle,0.99752253,1,cycle,0.9947324190934924,1,cycle,1,fan-out,0.6,1,gather-scatter,0.8,1,gather-scatter,0.8,1,gather-scatter,0.8,1,fan-out,0.8,1,fan-out,0.8,0,,0.5
amlc_00773,HI-Small,1,scatter-gather,1.0,0.9903237357884898,1,cycle,0.9993386,1,cycle,0.99874765,1,cycle,0.996136669819562,1,cycle,1,fan-out,0.8,0,,0.5,1,fan-out,0.8,1,gather-scatter,0.8,1,fan-out,0.8,1,fan-out,0.8,0,,0.5
amlc_00774,HI-Small,1,scatter-gather,1.0,0.990379781027835,1,cycle,0.9977969,1,cycle,0.9967577,1,cycle,0.9949781200952668,1,cycle,1,fan-out,0.6,0,,0.5,0,,0.7,1,gather-scatter,0.6,1,fan-out,0.8,1,gather-scatter,0.8,0,,0.5
amlc_00775,HI-Small,1,scatter-gather,1.0,0.9898477995076174,1,cycle,0.99934673,1,cycle,0.9977175,1,stack,0.9956373441112836,1,cycle,1,fan-out,0.6,1,cycle,0.8,1,scatter-gather,0.8,1,gather-scatter,0.6,1,cycle,0.8,1,gather-scatter,0.8,1,gather-scatter,0.8
amlc_00776,HI-Small,1,legit,1.0,0.0224738225702657,0,stack,0.017449226,0,stack,0.53632426,0,stack,0.192082437139889,0,stack,1,fan-out,0.8,1,gather-scatter,0.6,1,random,0.8,1,gather-scatter,0.6,1,fan-out,0.8,1,gather-scatter,0.8,1,fan-out,0.8
amlc_00777,HI-Small,0,legit,469.33800841514727,1.2531621942777607e-05,0,bipartite,6.673593e-06,0,bipartite,0.00221026,0,bipartite,0.0007431550393572,0,bipartite,1,fan-out,0.6,1,fan-out,0.6,1,fan-out,0.8,1,scatter-gather,0.6,1,fan-out,0.8,0,,0.7,0,,0.5
amlc_00778,HI-Small,0,legit,469.33800841514727,0.008169821107759,0,bipartite,0.0011416179,0,bipartite,0.09285694,0,bipartite,0.0340561275348684,0,bipartite,1,gather-scatter,0.6,1,stack,0.8,1,random,0.8,1,gather-scatter,0.8,1,gather-scatter,0.8,1,gather-scatter,0.8,1,gather-scatter,0.8
amlc_00779,HI-Small,0,legit,469.33800841514727,1.3677216398623677e-05,0,bipartite,9.483791e-06,0,fan-in,0.0031007505,0,bipartite,0.001041303836387,0,bipartite,1,fan-out,0.6,1,fan-out,0.6,1,fan-out,0.8,1,gather-scatter,0.8,1,fan-out,0.8,0,,0.7,0,,0.5
amlc_00780,HI-Small,0,legit,483.5610098176718,0.0002059559070693,0,bipartite,3.872604e-05,0,bipartite,0.013627005,0,bipartite,0.0046238955858012,0,bipartite,1,fan-in,0.6,1,gather-scatter,0.6,1,gather-scatter,0.6,1,gather-scatter,0.8,1,gather-scatter,0.8,1,gather-scatter,0.8,1,gather-scatter,0.8
amlc_00781,HI-Small,1,legit,1.0,0.0780380027109328,0,fan-in,0.049280338,0,fan-in,0.046638556,0,fan-in,0.0579856321750065,0,fan-in,1,gather-scatter,0.6,0,,0.5,1,fan-in,0.6,1,gather-scatter,0.6,1,fan-in,0.8,1,gather-scatter,0.8,1,fan-in,0.8
amlc_00782,HI-Small,0,legit,1.0,0.8363852110409142,1,bipartite,0.8328331,1,bipartite,0.06935246,0,bipartite,0.5795235950716139,0,bipartite,0,,0.7,0,,0.7,0,,0.7,1,stack,0.8,1,stack,0.8,1,stack,0.8,0,,0.7
amlc_00783,HI-Small,0,legit,469.33800841514727,1.4155511432000986e-05,0,bipartite,1.1615158e-05,0,bipartite,0.003893099,0,bipartite,0.0013062898986441,0,bipartite,1,fan-out,0.6,1,gather-scatter,0.6,1,fan-out,0.8,1,gather-scatter,0.6,1,fan-out,0.8,1,gather-scatter,0.8,0,,0.5
amlc_00784,HI-Small,0,legit,469.33800841514727,9.31937882935406e-05,0,bipartite,7.721146e-05,0,bipartite,0.0029889517,0,bipartite,0.0010531189975958,0,bipartite,1,gather-scatter,0.6,0,,0.7,1,gather-scatter,0.8,1,gather-scatter,0.6,1,fan-in,0.8,1,cycle,0.8,1,gather-scatter,0.8
amlc_00785,HI-Small,1,legit,1.0,0.061172770154141,0,gather-scatter,0.0037941001,0,gather-scatter,0.074793294,0,gather-scatter,0.0465867214539523,0,gather-scatter,0,,0.5,0,,0.5,1,fan-out,0.6,1,gather-scatter,0.8,1,fan-out,0.8,1,fan-out,0.8,0,,0.5
amlc_00786,HI-Small,0,legit,469.33800841514727,1.4148714900682685e-05,0,bipartite,3.9920915e-06,0,bipartite,0.006294121,0,bipartite,0.0021040872802742,0,bipartite,1,fan-out,0.6,1,fan-out,0.6,1,fan-out,0.6,1,fan-out,0.6,1,fan-out,0.8,0,,0.7,0,,0.5
amlc_00787,HI-Small,0,legit,483.5610098176718,1.358931880392046e-05,0,fan-out,7.5558696e-06,0,fan-in,0.016406944,0,fan-out,0.0054760297366672,0,fan-out,1,gather-scatter,0.6,1,fan-out,0.6,1,random,0.8,1,gather-scatter,0.6,1,stack,0.8,1,gather-scatter,0.8,1,gather-scatter,0.8
amlc_00788,HI-Small,0,legit,1.0,0.4665702654473438,0,fan-in,0.4271589,0,fan-in,0.5315081,0,fan-in,0.4750790819046382,0,fan-in,1,fan-in,0.6,0,,0.7,1,fan-in,0.6,1,gather-scatter,0.6,1,fan-in,0.8,1,gather-scatter,0.8,1,fan-in,0.8
amlc_00789,HI-Small,0,legit,1.0,0.572706118220464,0,stack,0.5514315,0,stack,0.9073125,1,stack,0.6771500358960282,0,stack,1,fan-out,0.8,0,,0.5,1,scatter-gather,0.6,1,cycle,0.8,1,gather-scatter,0.8,1,gather-scatter,0.8,1,gather-scatter,0.8
amlc_00790,HI-Small,1,legit,1.0,0.0096823377161852,0,gather-scatter,0.004808648,0,gather-scatter,0.038278915,0,gather-scatter,0.0175899669093268,0,gather-scatter,0,,0.5,0,,0.5,1,fan-out,0.8,1,bipartite,0.8,1,fan-out,0.8,1,fan-out,0.8,0,,0.5
amlc_00791,HI-Small,0,legit,483.5610098176718,3.941077502900448e-05,0,bipartite,1.3944428e-05,0,stack,0.02269664,0,bipartite,0.0075833318485832,0,bipartite,1,gather-scatter,0.6,1,gather-scatter,0.6,0,,0.7,1,gather-scatter,0.6,1,fan-out,0.8,1,gather-scatter,0.8,0,,0.5
amlc_00792,HI-Small,0,legit,483.5610098176718,9.776101623608024e-05,0,bipartite,0.00022007074,0,bipartite,0.018734898,0,bipartite,0.0063509100576674,0,bipartite,1,gather-scatter,0.6,1,gather-scatter,0.6,1,fan-in,0.8,1,bipartite,0.8,1,gather-scatter,0.8,1,gather-scatter,0.8,1,gather-scatter,0.8
amlc_00793,HI-Small,0,legit,469.33800841514727,2.10643820603557e-05,0,fan-in,8.935482e-06,0,fan-in,0.0008132119,0,bipartite,0.0002810705867302,0,fan-in,1,gather-scatter,0.6,1,gather-scatter,0.6,1,gather-scatter,0.8,1,gather-scatter,0.6,1,gather-scatter,0.8,1,gather-scatter,0.8,1,gather-scatter,0.8
amlc_00794,HI-Small,0,legit,469.33800841514727,1.3153219417932224e-05,0,fan-out,1.15949515e-05,0,fan-in,0.011972768,0,bipartite,0.0039991721343821,0,fan-out,1,fan-out,0.6,1,fan-out,0.6,1,scatter-gather,0.6,1,gather-scatter,0.8,1,scatter-gather,0.8,1,gather-scatter,0.8,0,,0.5
amlc_00795,HI-Small,0,legit,483.5610098176718,0.0001535714130279,0,bipartite,0.0001119181,0,bipartite,0.016961291,0,bipartite,0.0057422603162553,0,bipartite,1,fan-in,0.6,1,random,0.8,0,,0.7,1,gather-scatter,0.6,0,,0.7,1,fan-in,0.8,1,fan-in,0.8
amlc_00796,HI-Small,0,legit,469.33800841514727,1.339832926114848e-05,0,stack,1.0424101e-05,0,stack,0.011570218,0,bipartite,0.0038646801497377,0,stack,1,fan-out,0.8,1,scatter-gather,0.6,1,fan-out,0.8,1,fan-out,0.8,1,fan-out,0.8,1,gather-scatter,0.8,1,gather-scatter,0.8
amlc_00797,HI-Small,0,legit,469.33800841514727,1.5968593425043595e-05,0,stack,1.2416263e-05,0,stack,0.011410537,0,stack,0.0038129740108919,0,stack,1,fan-out,0.6,1,gather-scatter,0.6,1,gather-scatter,0.6,1,gather-scatter,0.8,1,gather-scatter,0.8,1,gather-scatter,0.8,0,,0.5
amlc_00798,HI-Small,0,legit,483.5610098176718,3.704969042740912e-05,0,stack,9.500626e-06,0,stack,0.026702777,0,stack,0.008916442289298,0,stack,1,scatter-gather,0.6,1,fan-out,0.6,1,gather-scatter,0.8,1,random,0.8,1,stack,0.8,1,gather-scatter,0.8,1,stack,0.8
amlc_00799,HI-Small,0,legit,1.0,0.9292098540624562,1,bipartite,0.9322365,1,bipartite,0.049355973,0,bipartite,0.6369341064181785,0,bipartite,0,stack,0.7,0,,0.7,0,,0.7,1,cycle,0.8,0,,0.7,0,,0.7,0,,0.7
amlc_00800,HI-Small,0,legit,1.0,0.4767826551041947,0,stack,0.17729592,0,stack,0.7638866,0,stack,0.4726550497559026,0,stack,1,gather-scatter,0.6,1,gather-scatter,0.8,1,random,0.8,1,gather-scatter,0.6,1,gather-scatter,0.8,1,gather-scatter,0.8,1,gather-scatter,0.8
amlc_00801,HI-Small,0,legit,469.33800841514727,3.888898192543299e-05,0,bipartite,1.2929531e-05,0,bipartite,0.082008556,0,bipartite,0.0273534580149072,0,bipartite,1,fan-out,0.6,1,fan-out,0.6,1,fan-out,0.8,1,gather-scatter,0.8,1,fan-out,0.8,1,gather-scatter,0.8,0,,0.5
amlc_00802,HI-Small,1,legit,1.0,0.0058451288840115,0,bipartite,0.0043898444,0,bipartite,0.06761324,0,bipartite,0.0259494032864252,0,bipartite,1,fan-out,0.6,1,fan-out,0.6,1,gather-scatter,0.8,1,bipartite,0.8,1,fan-out,0.8,1,fan-out,0.8,0,,0.5
amlc_00803,HI-Small,1,legit,1.0,0.0032764298498231,0,scatter-gather,0.002039642,0,scatter-gather,0.020129865,0,scatter-gather,0.0084819789861506,0,scatter-gather,0,,0.5,0,,0.5,0,,0.5,0,,0.5,1,fan-out,0.8,0,,0.7,0,,0.5
amlc_00804,HI-Small,0,legit,483.5610098176718,1.44060941170048e-05,0,bipartite,7.55157e-06,0,fan-in,0.015570288,0,bipartite,0.0051974150856017,0,bipartite,1,fan-out,0.6,1,fan-out,0.6,1,bipartite,0.8,1,gather-scatter,0.6,1,gather-scatter,0.8,0,fan-out,0.7,1,gather-scatter,0.8
amlc_00805,HI-Small,0,legit,483.5610098176718,0.0010070626891721,0,bipartite,0.0002806612,0,bipartite,0.02971316,0,bipartite,0.0103336277681725,0,bipartite,1,random,0.8,0,,0.7,0,,0.7,1,gather-scatter,0.6,0,,0.7,0,,0.7,0,,0.7
amlc_00806,HI-Small,0,legit,469.33800841514727,9.176224762506908e-05,0,bipartite,3.2223186e-05,0,fan-in,0.043064132,0,fan-in,0.0143960392555693,0,fan-in,1,cycle,0.8,1,fan-in,0.6,1,fan-in,0.8,1,cycle,0.8,1,fan-in,0.8,1,gather-scatter,0.8,1,gather-scatter,0.8
amlc_00807,HI-Small,0,legit,483.5610098176718,1.2567272075198077e-05,0,bipartite,8.869787e-06,0,stack,0.041105393,0,bipartite,0.0137089434598165,0,bipartite,1,gather-scatter,0.6,1,gather-scatter,0.6,1,scatter-gather,0.8,1,gather-scatter,0.8,1,gather-scatter,0.8,1,gather-scatter,0.8,1,gather-scatter,0.8
amlc_00808,HI-Small,0,legit,1.0,0.7426875210798303,0,stack,0.683632,0,stack,0.63823056,0,stack,0.6881833664906196,0,stack,1,fan-out,0.8,1,gather-scatter,0.6,1,fan-in,0.6,1,gather-scatter,0.6,1,gather-scatter,0.8,0,,0.7,1,fan-in,0.8
amlc_00809,HI-Small,0,legit,469.33800841514727,3.239586950928927e-05,0,random,2.0834337e-05,0,bipartite,0.04243982,0,bipartite,0.0141643495296549,0,bipartite,1,fan-out,0.6,1,scatter-gather,0.8,1,gather-scatter,0.6,1,gather-scatter,0.6,1,scatter-gather,0.8,1,fan-out,0.8,0,,0.5
amlc_00810,HI-Small,0,legit,483.5610098176718,1.264215585312409e-05,0,bipartite,8.481444e-06,0,fan-in,0.025363246,0,bipartite,0.0084614565261777,0,bipartite,1,fan-out,0.8,1,gather-scatter,0.8,1,bipartite,0.8,1,gather-scatter,0.8,1,fan-out,0.8,1,gather-scatter,0.8,0,,0.5
amlc_00811,HI-Small,0,legit,469.33800841514727,0.0002270829731949,0,random,2.4367699e-05,0,stack,0.1811831,0,random,0.0604781834728473,0,random,1,gather-scatter,0.6,1,gather-scatter,0.6,1,fan-out,0.6,1,gather-scatter,0.6,1,scatter-gather,0.8,1,scatter-gather,0.8,1,scatter-gather,0.8
amlc_00812,HI-Small,0,legit,483.5610098176718,2.026913822618832e-05,0,bipartite,2.0068212e-05,0,bipartite,0.022942137,0,random,0.007660824774322,0,bipartite,1,gather-scatter,0.6,1,scatter-gather,0.8,1,random,0.8,1,cycle,0.8,1,gather-scatter,0.8,1,gather-scatter,0.8,1,gather-scatter,0.8
amlc_00813,HI-Small,0,legit,483.5610098176718,0.0001854528999653,0,bipartite,0.00012632152,0,bipartite,0.029401723,0,fan-out,0.0099044992396607,0,bipartite,1,fan-out,0.8,1,gather-scatter,0.6,1,random,0.8,1,gather-scatter,0.8,1,fan-out,0.8,1,gather-scatter,0.8,0,,0.5
amlc_00814,HI-Small,0,legit,483.5610098176718,0.0001008401556013,0,bipartite,0.00038490852,0,bipartite,0.040117078,0,bipartite,0.0135342754012618,0,bipartite,0,,0.7,0,,0.7,0,,0.7,1,gather-scatter,0.6,0,,0.7,0,,0.7,0,,0.7
amlc_00815,HI-Small,1,legit,1.0,0.0034890828032164,0,gather-scatter,0.000994105,0,gather-scatter,0.15161347,0,gather-scatter,0.052032220567953,0,gather-scatter,0,,0.5,0,,0.5,1,fan-out,0.8,1,gather-scatter,0.8,1,fan-out,0.8,0,,0.7,0,,0.5
amlc_00816,HI-Small,0,legit,1.0,0.7563818171575294,0,bipartite,0.7359745,0,bipartite,0.38790917,0,bipartite,0.6267551605885103,0,bipartite,1,fan-in,0.6,1,fan-out,0.6,1,gather-scatter,0.8,1,gather-scatter,0.6,1,gather-scatter,0.8,1,gather-scatter,0.8,1,gather-scatter,0.8
amlc_00817,HI-Small,0,legit,469.33800841514727,0.0001601984923963,0,bipartite,7.4106516e-05,0,stack,0.09603022,0,stack,0.0320881751325766,0,stack,1,fan-out,0.8,1,fan-out,0.6,1,fan-out,0.6,1,gather-scatter,0.6,1,fan-out,0.8,0,,0.7,1,gather-scatter,0.8
amlc_00818,HI-Small,0,legit,483.5610098176718,1.86952413975872e-05,0,bipartite,2.2001748e-05,0,bipartite,0.018459447,0,stack,0.0061667145726159,0,bipartite,1,scatter-gather,0.6,1,fan-out,0.6,1,fan-out,0.8,1,fan-out,0.6,1,gather-scatter,0.8,1,gather-scatter,0.8,1,gather-scatter,0.8
amlc_00819,HI-Small,0,legit,469.33800841514727,1.556196890268003e-05,0,bipartite,9.332407e-06,0,stack,0.005595786,0,bipartite,0.0018735601357425,0,bipartite,1,gather-scatter,0.6,0,,0.7,1,gather-scatter,0.8,1,gather-scatter,0.6,1,gather-scatter,0.8,1,gather-scatter,0.8,1,gather-scatter,0.8
amlc_00820,HI-Small,0,legit,469.33800841514727,0.0058201043478855,0,gather-scatter,0.004705587,0,gather-scatter,0.09823147,0,gather-scatter,0.0362523877863986,0,gather-scatter,0,,0.5,0,,0.5,0,,0.5,0,,0.5,1,fan-out,0.8,0,,0.7,0,,0.5
amlc_00821,HI-Small,0,legit,469.33800841514727,0.0218710289058964,0,fan-in,0.03216777,0,fan-in,0.26166576,0,fan-in,0.1052348534484002,0,fan-in,1,fan-in,0.6,1,fan-in,0.6,1,fan-in,0.8,1,gather-scatter,0.6,1,fan-in,0.8,1,fan-in,0.8,1,fan-in,0.8
amlc_00822,HI-Small,0,legit,483.5610098176718,1.2824264138055723e-05,0,bipartite,8.772413e-06,0,stack,0.02666971,0,bipartite,0.0088971025172023,0,bipartite,1,gather-scatter,0.6,1,fan-out,0.6,1,fan-out,0.8,1,random,0.8,1,fan-out,0.8,1,gather-scatter,0.8,0,,0.5
amlc_00823,HI-Small,1,legit,1.0,0.0490178503986262,0,bipartite,0.04729621,0,bipartite,0.089060016,0,bipartite,0.0617913591661739,0,bipartite,1,fan-out,0.6,1,fan-in,0.6,1,fan-in,0.6,1,gather-scatter,0.6,1,scatter-gather,0.8,0,,0.7,1,scatter-gather,0.8
amlc_00824,HI-Small,0,legit,469.33800841514727,0.0025728108474178,0,fan-in,0.0016453272,0,fan-in,0.123605624,0,fan-in,0.0426079206283866,0,fan-in,1,fan-in,0.6,1,fan-in,0.6,1,fan-in,0.6,1,gather-scatter,0.6,1,fan-in,0.8,1,fan-in,0.8,1,fan-in,0.8
amlc_00825,HI-Small,0,legit,469.33800841514727,0.0248906504818534,0,gather-scatter,0.0024632006,0,gather-scatter,0.118800715,0,gather-scatter,0.0487181885630301,0,gather-scatter,0,,0.5,0,,0.5,1,fan-out,0.8,1,gather-scatter,0.8,1,fan-out,0.8,0,,0.7,0,,0.5
amlc_00826,HI-Small,0,legit,483.5610098176718,2.078107613591701e-05,0,bipartite,2.6500475e-05,0,bipartite,0.027752701,0,bipartite,0.0092666609146208,0,bipartite,1,fan-out,0.8,0,,0.5,1,fan-out,0.8,1,bipartite,0.8,1,stack,0.8,1,random,0.8,1,gather-scatter,0.8
amlc_00827,HI-Small,0,legit,469.33800841514727,1.8161892888171848e-05,0,stack,1.7648603e-05,0,stack,0.0049296133,0,random,0.0016551412725714,0,stack,1,fan-out,0.8,1,stack,0.8,1,scatter-gather,0.6,1,gather-scatter,0.6,1,fan-out,0.8,1,fan-out,0.8,1,fan-out,0.8
amlc_00828,HI-Small,1,legit,1.0,0.0050627246118115,0,fan-in,0.0026424378,0,fan-in,0.25562352,0,fan-in,0.0877762272827005,0,fan-in,1,fan-in,0.6,1,fan-in,0.6,1,fan-in,0.6,1,gather-scatter,0.6,1,fan-in,0.8,1,fan-in,0.8,1,fan-in,0.8
amlc_00829,HI-Small,0,legit,1.0,0.4653313380316179,0,fan-in,0.51928747,0,fan-in,0.29969582,0,fan-in,0.4281048748836014,0,fan-in,1,fan-in,0.6,1,fan-in,0.6,1,fan-in,0.8,1,gather-scatter,0.6,1,fan-in,0.8,1,fan-in,0.8,1,fan-in,0.8
amlc_00830,HI-Small,1,cycle,1.0,0.96717829192632,1,cycle,0.9923555,1,cycle,0.92720973,1,cycle,0.9622478507788764,1,cycle,1,fan-out,0.8,0,,0.5,1,fan-out,0.8,1,gather-scatter,0.8,1,gather-scatter,0.8,1,gather-scatter,0.8,0,,0.5
amlc_00831,HI-Small,1,cycle,1.0,0.9656419095967894,1,stack,0.98866814,1,cycle,0.92700374,1,cycle,0.96043793153679,1,cycle,1,fan-out,0.6,1,fan-out,0.6,1,fan-out,0.6,1,gather-scatter,0.6,1,fan-out,0.8,1,fan-out,0.8,0,,0.5
amlc_00832,HI-Small,1,cycle,1.0,0.7146952944336673,0,cycle,0.92547303,1,cycle,0.4649334,0,cycle,0.7017005747337587,0,cycle,1,fan-out,0.6,1,gather-scatter,0.6,1,scatter-gather,0.8,1,gather-scatter,0.6,1,scatter-gather,0.8,1,scatter-gather,0.8,0,,0.5
amlc_00833,HI-Small,1,cycle,1.0,0.9830627933642828,1,cycle,0.9897295,1,cycle,0.9477414,1,cycle,0.9735112354325444,1,cycle,1,fan-out,0.6,1,fan-out,0.6,0,,0.7,1,scatter-gather,0.8,1,scatter-gather,0.8,1,scatter-gather,0.8,0,,0.5
amlc_00834,HI-Small,1,cycle,1.0,0.9893977546994844,1,cycle,0.9947752,1,stack,0.9568286,1,cycle,0.9803338416518425,1,cycle,1,scatter-gather,0.6,1,fan-out,0.6,0,,0.7,1,gather-scatter,0.6,1,gather-scatter,0.8,1,fan-out,0.8,1,gather-scatter,0.8
amlc_00835,HI-Small,1,cycle,1.0,0.8721092728240274,1,cycle,0.9744153,1,cycle,0.6448903,0,cycle,0.8304716278269219,1,cycle,1,fan-out,0.8,1,random,0.8,0,,0.7,1,gather-scatter,0.6,1,fan-out,0.8,1,scatter-gather,0.8,0,,0.5
amlc_00836,HI-Small,1,cycle,1.0,0.9846117650723014,1,cycle,0.9926546,1,cycle,0.96172845,1,cycle,0.9796649467698586,1,cycle,1,fan-out,0.6,1,gather-scatter,0.6,0,,0.7,1,gather-scatter,0.8,1,fan-out,0.8,1,fan-out,0.8,0,,0.5
amlc_00837,HI-Small,1,cycle,1.0,0.9777947457546852,1,cycle,0.99292547,1,cycle,0.9839612,1,cycle,0.9848938118058728,1,cycle,1,random,0.8,0,stack,0.7,1,fan-out,0.6,1,random,0.8,1,scatter-gather,0.8,1,scatter-gather,0.8,0,,0.5
amlc_00838,HI-Small,1,cycle,1.0,0.9826152319245048,1,cycle,0.99571115,1,cycle,0.98474854,1,cycle,0.9876916406728328,1,cycle,1,fan-out,0.8,1,gather-scatter,0.6,0,,0.7,1,gather-scatter,0.6,1,scatter-gather,0.8,0,,0.7,0,,0.5
amlc_00839,HI-Small,1,cycle,1.0,0.9788482748267128,1,cycle,0.9909984,1,cycle,0.9664348,1,cycle,0.9787604796488112,1,cycle,0,,0.5,0,,0.5,0,,0.7,1,stack,0.8,1,fan-out,0.8,1,gather-scatter,0.8,0,,0.5
amlc_00840,HI-Small,0,legit,469.33800841514727,0.0114377605961194,0,stack,0.00844205,0,fan-out,0.07157256,0,stack,0.0304841225112951,0,stack,0,,0.5,0,,0.5,0,,0.7,1,scatter-gather,0.8,1,fan-out,0.8,1,fan-out,0.8,0,,0.5
amlc_00841,HI-Small,0,legit,483.5610098176718,1.4661546472999262e-05,0,bipartite,7.5393154e-06,0,bipartite,0.024912277,0,bipartite,0.0083114926995004,0,bipartite,1,gather-scatter,0.8,1,fan-out,0.6,0,,0.7,1,gather-scatter,0.8,1,gather-scatter,0.8,1,gather-scatter,0.8,1,gather-scatter,0.8
amlc_00842,HI-Small,1,legit,1.0,0.0018991371466812,0,fan-in,0.0019399936,0,fan-in,0.15570758,0,fan-in,0.0531822378541975,0,fan-in,1,fan-in,0.6,1,fan-in,0.6,1,fan-in,0.8,1,gather-scatter,0.8,1,fan-in,0.8,1,fan-in,0.8,1,fan-in,0.8
amlc_00843,HI-Small,0,legit,1.0,0.4221339554069391,0,bipartite,0.122917,0,bipartite,0.98338926,1,bipartite,0.509480070090226,0,bipartite,1,fan-out,0.6,1,fan-out,0.6,0,,0.7,1,gather-scatter,0.8,1,scatter-gather,0.8,1,gather-scatter,0.8,1,bipartite,0.8
amlc_00844,HI-Small,0,legit,469.33800841514727,0.0095037638439917,0,gather-scatter,0.0033920798,0,gather-scatter,0.047357865,0,gather-scatter,0.0200845694556562,0,gather-scatter,0,,0.5,0,,0.5,1,gather-scatter,0.8,1,gather-scatter,0.8,1,fan-out,0.8,1,fan-out,0.8,0,,0.5
amlc_00845,HI-Small,0,legit,469.33800841514727,1.2819063184363336e-05,0,bipartite,9.218484e-06,0,bipartite,0.009159042,0,bipartite,0.0030603597051681,0,bipartite,1,gather-scatter,0.6,1,gather-scatter,0.6,1,random,0.8,1,gather-scatter,0.6,1,gather-scatter,0.8,1,gather-scatter,0.8,1,gather-scatter,0.8
amlc_00846,HI-Small,0,legit,483.5610098176718,4.4578897958668325e-05,0,bipartite,1.8416078e-05,0,bipartite,0.023764683,0,bipartite,0.0079425593032462,0,bipartite,1,gather-scatter,0.6,1,scatter-gather,0.6,1,scatter-gather,0.8,1,gather-scatter,0.6,1,scatter-gather,0.8,1,scatter-gather,0.8,1,gather-scatter,0.8
amlc_00847,HI-Small,0,legit,1.0,0.8306783565208411,1,bipartite,0.8367306,1,bipartite,0.29060212,0,bipartite,0.6526703579003644,0,bipartite,1,gather-scatter,0.6,0,stack,0.7,1,gather-scatter,0.8,1,fan-in,0.8,1,fan-in,0.8,1,fan-in,0.8,1,fan-in,0.8
amlc_00848,HI-Small,0,legit,483.5610098176718,0.0009183066449279,0,fan-out,0.0011863997,0,fan-out,0.014852841,0,fan-out,0.0056525159167486,0,fan-out,0,,0.5,0,,0.5,1,scatter-gather,0.8,1,bipartite,0.8,1,scatter-gather,0.8,1,fan-out,0.8,0,,0.5
amlc_00849,HI-Small,0,legit,469.33800841514727,1.3043068776821878e-05,0,fan-in,4.600579e-06,0,fan-in,0.004923173,0,bipartite,0.0016469389580324,0,fan-in,1,fan-in,0.6,1,fan-in,0.6,1,fan-in,0.6,1,fan-in,0.6,1,fan-in,0.8,1,fan-in,0.8,1,fan-in,0.8
amlc_00850,HI-Small,0,legit,1.0,0.8732361842985477,1,bipartite,0.87248343,1,bipartite,0.71084803,0,bipartite,0.8188558833398926,1,bipartite,1,fan-in,0.6,1,fan-in,0.8,1,fan-in,0.6,1,gather-scatter,0.6,1,fan-in,0.8,1,gather-scatter,0.8,1,fan-in,0.8
amlc_00851,HI-Small,0,legit,469.33800841514727,1.5572697456819227e-05,0,bipartite,8.382751e-06,0,bipartite,0.005360985,0,bipartite,0.0017949802076841,0,bipartite,1,gather-scatter,0.6,1,gather-scatter,0.8,1,gather-scatter,0.8,1,gather-scatter,0.6,1,gather-scatter,0.8,1,gather-scatter,0.8,1,gather-scatter,0.8
amlc_00852,HI-Small,0,legit,483.5610098176718,2.375395802397565e-05,0,bipartite,1.4289804e-05,0,stack,0.019931018,0,stack,0.0066563540382816,0,stack,1,fan-out,0.6,1,scatter-gather,0.6,1,scatter-gather,0.8,1,gather-scatter,0.8,1,gather-scatter,0.8,1,gather-scatter,0.8,1,scatter-gather,0.8
amlc_00853,HI-Small,0,legit,483.5610098176718,4.210535949288245e-05,0,bipartite,3.775316e-05,0,stack,0.01230737,0,stack,0.004129076200829,0,stack,1,fan-out,0.6,1,fan-out,0.6,1,fan-out,0.8,1,gather-scatter,0.8,1,fan-out,0.8,1,scatter-gather,0.8,0,,0.5
amlc_00854,HI-Small,0,legit,469.33800841514727,5.608597936849822e-05,0,stack,2.3626912e-05,0,stack,0.0071942033,0,stack,0.0024246387385182,0,stack,1,fan-out,0.6,1,gather-scatter,0.6,1,fan-out,0.8,1,gather-scatter,0.8,1,fan-out,0.8,1,fan-out,0.8,0,,0.5
amlc_00855,HI-Small,0,legit,483.5610098176718,4.178144531055792e-05,0,random,1.2770628e-05,0,stack,0.02216774,0,bipartite,0.0074074308210111,0,stack,1,gather-scatter,0.6,1,fan-out,0.6,1,gather-scatter,0.8,1,gather-scatter,0.6,1,gather-scatter,0.8,0,,0.7,1,gather-scatter,0.8
amlc_00856,HI-Small,0,legit,469.33800841514727,0.0072120101713507,0,stack,0.00476648,0,random,0.7984159,0,random,0.2701314631713221,0,random,1,gather-scatter,0.6,1,fan-out,0.6,1,fan-out,0.8,1,gather-scatter,0.6,1,fan-out,0.8,0,,0.7,1,gather-scatter,0.8
amlc_00857,HI-Small,0,legit,469.33800841514727,0.0003228923390135,0,bipartite,0.0003097901,0,bipartite,0.0049513876,0,bipartite,0.0018613566963616,0,bipartite,1,fan-in,0.6,0,cycle,0.7,1,fan-in,0.6,1,gather-scatter,0.8,1,fan-in,0.8,1,gather-scatter,0.8,1,fan-in,0.8
amlc_00858,HI-Small,0,legit,469.33800841514727,2.037726666296385e-05,0,stack,1.005478e-05,0,stack,0.09086478,0,stack,0.0302984032040325,0,stack,1,scatter-gather,0.6,1,gather-scatter,0.6,1,fan-out,0.8,1,gather-scatter,0.6,1,fan-out,0.8,1,gather-scatter,0.8,1,gather-scatter,0.8
amlc_00859,HI-Small,0,legit,469.33800841514727,0.0001392692784738,0,bipartite,0.00018784936,0,bipartite,0.17486171,0,bipartite,0.0583962776287911,0,bipartite,1,fan-out,0.8,1,stack,0.8,1,random,0.8,1,gather-scatter,0.6,1,fan-in,0.8,1,stack,0.8,1,gather-scatter,0.8
amlc_00860,HI-Small,0,legit,483.5610098176718,1.2537463379870736e-05,0,bipartite,1.0455268e-05,0,fan-in,0.033798143,0,bipartite,0.01127371199975,0,bipartite,1,fan-out,0.8,1,gather-scatter,0.6,1,fan-out,0.6,1,gather-scatter,0.6,1,scatter-gather,0.8,1,scatter-gather,0.8,1,scatter-gather,0.8
amlc_00861,HI-Small,0,legit,469.33800841514727,0.0007415439673088,0,fan-out,0.0009851059,0,fan-out,0.21410775,0,fan-out,0.071944800561615,0,fan-out,0,,0.5,0,,0.5,0,,0.7,1,gather-scatter,0.8,1,fan-out,0.8,0,,0.7,0,,0.5
amlc_00862,HI-Small,1,legit,1.0,0.0061026271043549,0,fan-in,0.0031722146,0,fan-in,0.0653486,0,fan-in,0.024874481514786,0,fan-in,1,scatter-gather,0.6,1,fan-in,0.6,1,scatter-gather,0.6,1,random,0.8,1,fan-in,0.8,1,scatter-gather,0.8,1,fan-in,0.8
amlc_00863,HI-Small,0,legit,1.0,0.9183117746629732,1,bipartite,0.90241927,1,bipartite,0.015891593,0,bipartite,0.6122075455658441,0,bipartite,1,fan-in,0.6,1,fan-in,0.6,1,random,0.8,1,gather-scatter,0.6,1,fan-in,0.8,1,fan-in,0.8,1,fan-in,0.8
amlc_00864,HI-Small,1,legit,1.0,0.0113627902505876,0,gather-scatter,0.05862395,0,gather-scatter,0.11864382,0,gather-scatter,0.0628768538216114,0,gather-scatter,0,,0.5,0,,0.5,1,fan-out,0.8,1,gather-scatter,0.6,1,fan-out,0.8,1,fan-out,0.8,0,,0.5
amlc_00865,HI-Small,0,legit,1.0,0.9180214401492116,1,bipartite,0.9675118,1,bipartite,0.04371059,0,bipartite,0.6430812675558407,0,bipartite,0,,0.7,0,,0.7,1,fan-out,0.8,0,,0.7,1,gather-scatter,0.8,0,,0.7,1,bipartite,0.8
amlc_00866,HI-Small,0,legit,469.33800841514727,7.013707360204145e-05,0,stack,3.7435915e-05,0,stack,0.053918667,0,stack,0.0180087467087904,0,stack,1,gather-scatter,0.8,1,gather-scatter,0.6,1,random,0.8,1,gather-scatter,0.8,1,gather-scatter,0.8,1,gather-scatter,0.8,0,,0.7
amlc_00867,HI-Small,0,legit,469.33800841514727,3.878182335298646e-05,0,stack,8.854078e-06,0,stack,0.006118493,0,stack,0.0020553763520859,0,stack,1,fan-out,0.8,1,gather-scatter,0.6,1,fan-out,0.6,1,gather-scatter,0.6,1,gather-scatter,0.8,1,gather-scatter,0.8,0,,0.5
amlc_00868,HI-Small,0,legit,483.5610098176718,0.0009714727233559,0,fan-out,0.0019778428,0,fan-out,0.023468623,0,fan-out,0.008805979475982,0,fan-out,0,,0.5,0,,0.5,1,random,0.8,1,gather-scatter,0.6,1,fan-out,0.8,0,,0.7,0,,0.5
amlc_00869,HI-Small,0,legit,469.33800841514727,1.4799990302283157e-05,0,bipartite,1.2016251e-05,0,fan-in,0.0021405537,0,bipartite,0.0007224566365731,0,bipartite,1,fan-out,0.6,1,stack,0.8,1,fan-out,0.8,1,gather-scatter,0.6,1,gather-scatter,0.8,1,gather-scatter,0.8,1,gather-scatter,0.8
amlc_00870,HI-Small,0,legit,1.0,0.8308126779229807,1,bipartite,0.7539507,0,bipartite,0.18216246,0,bipartite,0.5889752855509972,0,bipartite,1,fan-in,0.6,0,cycle,0.7,0,,0.7,1,cycle,0.8,0,,0.7,0,,0.7,1,random,0.8
amlc_00871,HI-Small,0,legit,469.33800841514727,7.041947215447809e-05,0,scatter-gather,1.705492e-05,0,scatter-gather,0.002854275,0,scatter-gather,0.0009805831476283,0,scatter-gather,1,gather-scatter,0.8,1,gather-scatter,0.6,1,gather-scatter,0.8,1,gather-scatter,0.6,1,gather-scatter,0.8,1,gather-scatter,0.8,1,gather-scatter,0.8
amlc_00872,HI-Small,0,legit,469.33800841514727,6.234125673455196e-05,0,random,2.5484547e-05,0,random,0.16830596,0,stack,0.056131263027258,0,random,1,fan-out,0.6,1,fan-out,0.6,1,fan-in,0.8,1,gather-scatter,0.6,1,fan-out,0.8,1,gather-scatter,0.8,0,,0.5
amlc_00873,HI-Small,0,legit,1.0,0.8689494964008577,1,bipartite,0.80639875,1,bipartite,0.13310413,0,bipartite,0.6028174587926947,0,bipartite,1,fan-in,0.6,0,,0.7,1,fan-in,0.6,1,gather-scatter,0.8,1,fan-in,0.8,1,fan-in,0.8,1,fan-in,0.8
amlc_00874,HI-Small,0,legit,469.33800841514727,0.0017561369679884,0,bipartite,0.0011039183,0,bipartite,0.08313558,0,bipartite,0.0286652125918622,0,bipartite,1,random,0.8,1,random,0.8,1,random,0.8,1,gather-scatter,0.6,1,fan-in,0.8,1,fan-in,0.8,1,fan-in,0.8
amlc_00875,HI-Small,0,legit,469.33800841514727,3.294222652255535e-05,0,stack,3.435971e-05,0,stack,0.046240114,0,bipartite,0.0154358052038352,0,stack,1,fan-in,0.8,1,gather-scatter,0.6,1,gather-scatter,0.6,1,gather-scatter,0.8,1,gather-scatter,0.8,1,gather-scatter,0.8,1,gather-scatter,0.8
amlc_00876,HI-Small,0,legit,1.0,0.8719779827097834,1,bipartite,0.6727499,0,bipartite,0.43263394,0,bipartite,0.6591205986969929,0,bipartite,1,fan-in,0.6,1,fan-in,0.6,1,fan-in,0.6,1,fan-in,0.6,1,fan-in,0.8,0,,0.7,0,,0.7
amlc_00877,HI-Small,0,legit,469.33800841514727,2.6316636523431182e-05,0,bipartite,1.9723804e-05,0,bipartite,0.011423416,0,stack,0.0038231522921285,0,bipartite,1,fan-in,0.6,1,fan-in,0.6,1,fan-in,0.8,1,gather-scatter,0.6,1,fan-in,0.8,1,fan-in,0.8,1,fan-in,0.8
amlc_00878,HI-Small,0,legit,469.33800841514727,1.4692323397920693e-05,0,bipartite,7.4317695e-06,0,bipartite,0.00485808,0,bipartite,0.0016267346416543,0,bipartite,1,fan-out,0.6,0,,0.5,0,,0.7,1,gather-scatter,0.6,1,fan-out,0.8,0,fan-out,0.7,0,,0.5
amlc_00879,HI-Small,0,legit,469.33800841514727,0.0001173024059013,0,stack,4.283147e-05,0,stack,0.06678388,0,stack,0.0223146721846977,0,stack,1,fan-out,0.6,1,fan-out,0.6,1,fan-out,0.8,1,scatter-gather,0.6,1,fan-out,0.8,1,fan-out,0.8,0,,0.5
amlc_00880,HI-Small,0,legit,483.5610098176718,4.070557991932754e-05,0,random,1.9080631e-05,0,stack,0.019053679,0,random,0.0063711550569486,0,random,1,fan-out,0.8,1,fan-out,0.6,0,,0.7,1,gather-scatter,0.6,1,fan-out,0.8,1,gather-scatter,0.8,0,,0.5
amlc_00881,HI-Small,1,legit,1.0,0.0247280645613071,0,stack,0.033765353,0,stack,0.41417474,0,stack,0.1575560511232812,0,stack,1,gather-scatter,0.6,1,gather-scatter,0.6,1,gather-scatter,0.8,1,gather-scatter,0.6,1,gather-scatter,0.8,1,gather-scatter,0.8,1,gather-scatter,0.8
amlc_00882,HI-Small,0,legit,469.33800841514727,0.0030613009216693,0,stack,0.016769994,0,stack,0.4166667,0,stack,0.1454993271689384,0,stack,1,fan-out,0.6,1,fan-out,0.6,1,fan-out,0.8,1,gather-scatter,0.8,1,scatter-gather,0.8,1,scatter-gather,0.8,1,gather-scatter,0.8
amlc_00883,HI-Small,0,legit,1.0,0.7550962537023993,0,stack,0.7377993,0,stack,0.5907434,0,stack,0.6945463210176618,0,stack,1,gather-scatter,0.6,1,fan-in,0.6,1,fan-in,0.6,1,gather-scatter,0.6,1,fan-in,0.8,1,gather-scatter,0.8,1,gather-scatter,0.8
amlc_00884,HI-Small,0,legit,469.33800841514727,0.0056632660446333,0,gather-scatter,0.0010872806,0,gather-scatter,0.132327,0,gather-scatter,0.0463591839613895,0,gather-scatter,0,,0.5,0,,0.5,1,fan-out,0.8,1,gather-scatter,0.8,1,fan-out,0.8,1,fan-out,0.8,0,,0.5
amlc_00885,HI-Small,1,legit,1.0,0.0034727662407585,0,gather-scatter,0.0043774056,0,gather-scatter,0.08992182,0,gather-scatter,0.0325906630163632,0,gather-scatter,0,,0.5,0,,0.5,0,,0.7,1,cycle,0.8,1,fan-out,0.8,0,,0.7,0,,0.5
amlc_00886,HI-Small,0,legit,469.33800841514727,1.654466680191276e-05,0,bipartite,9.744866e-06,0,bipartite,0.16169164,0,bipartite,0.0539059751264862,0,bipartite,1,gather-scatter,0.6,1,gather-scatter,0.6,1,fan-out,0.6,1,random,0.8,1,scatter-gather,0.8,1,gather-scatter,0.8,1,gather-scatter,0.8
amlc_00887,HI-Small,0,legit,469.33800841514727,0.0002065313159907,0,bipartite,0.0003256071,0,bipartite,0.12280568,0,bipartite,0.0411126052590381,0,bipartite,1,gather-scatter,0.8,1,gather-scatter,0.8,0,,0.7,1,bipartite,0.8,1,gather-scatter,0.8,1,fan-out,0.8,0,,0.5
amlc_00888,HI-Small,0,legit,469.33800841514727,0.0142777267155453,0,stack,0.011906627,0,stack,0.41821733,0,stack,0.1481338948402936,0,stack,1,fan-out,0.6,1,bipartite,0.8,1,fan-out,0.6,1,gather-scatter,0.6,1,fan-out,0.8,1,scatter-gather,0.8,1,scatter-gather,0.8
amlc_00889,HI-Small,0,legit,469.33800841514727,0.0083715962799401,0,bipartite,0.0010203009,0,bipartite,0.10935084,0,bipartite,0.0395809116492093,0,bipartite,0,,0.7,0,stack,0.7,0,,0.7,1,fan-in,0.6,1,fan-in,0.8,1,fan-in,0.8,0,,0.7
amlc_00890,HI-Small,0,legit,469.33800841514727,4.473996589084474e-05,0,stack,1.9151074e-05,0,bipartite,0.041476324,0,stack,0.013846738413341,0,stack,1,fan-out,0.8,1,scatter-gather,0.8,1,fan-out,0.6,1,gather-scatter,0.8,1,scatter-gather,0.8,1,stack,0.8,1,stack,0.8
amlc_00891,HI-Small,0,legit,469.33800841514727,1.2841889791122023e-05,0,bipartite,2.7002918e-06,0,bipartite,0.0021521759,0,bipartite,0.0007225726856625,0,bipartite,1,fan-in,0.6,1,gather-scatter,0.6,1,fan-in,0.6,1,gather-scatter,0.8,1,fan-in,0.8,1,gather-scatter,0.8,1,gather-scatter,0.8
amlc_00892,HI-Small,0,legit,469.33800841514727,1.2855003096801805e-05,0,bipartite,4.179591e-06,0,fan-in,0.002990101,0,bipartite,0.0010023785308718,0,bipartite,1,fan-out,0.6,1,fan-out,0.6,0,,0.7,1,fan-out,0.6,1,fan-out,0.8,0,,0.7,0,,0.5
amlc_00893,HI-Small,0,legit,469.33800841514727,1.749517318433318e-05,0,stack,9.83458e-06,0,stack,0.056800354,0,bipartite,0.018942561341751,0,stack,1,random,0.8,0,,0.5,1,fan-out,0.8,1,gather-scatter,0.6,1,fan-out,0.8,1,random,0.8,0,,0.5
amlc_00894,HI-Small,0,legit,483.5610098176718,1.3396203704307496e-05,0,bipartite,8.121361e-06,0,bipartite,0.02378818,0,bipartite,0.0079365659223612,0,bipartite,1,gather-scatter,0.8,1,gather-scatter,0.6,1,fan-out,0.6,1,gather-scatter,0.6,1,gather-scatter,0.8,1,gather-scatter,0.8,1,gather-scatter,0.8
amlc_00895,HI-Small,0,legit,469.33800841514727,1.2404244652560386e-05,0,bipartite,1.2576238e-05,0,fan-in,0.12960465,0,bipartite,0.0432098776689082,0,bipartite,1,fan-out,0.6,1,scatter-gather,0.6,1,random,0.8,1,gather-scatter,0.6,1,gather-scatter,0.8,1,gather-scatter,0.8,1,gather-scatter,0.8
amlc_00896,HI-Small,1,legit,1.0,0.1133316705841218,0,fan-out,0.010701424,0,fan-out,0.12107895,0,fan-out,0.0817040160577626,0,fan-out,0,,0.5,0,,0.5,0,,0.5,0,,0.5,0,,0.5,0,,0.5,0,,0.5
amlc_00897,HI-Small,0,legit,483.5610098176718,2.8984237604287427e-05,0,bipartite,1.0344518e-05,0,stack,0.038666863,0,bipartite,0.012902063916732,0,bipartite,1,fan-out,0.6,1,gather-scatter,0.6,1,gather-scatter,0.8,1,gather-scatter,0.8,1,gather-scatter,0.8,1,scatter-gather,0.8,1,scatter-gather,0.8
amlc_00898,HI-Small,0,legit,469.33800841514727,0.0007231852963597,0,random,0.0002882806,0,stack,0.010731819,0,stack,0.0039144283274509,0,stack,1,fan-out,0.6,1,fan-out,0.6,1,bipartite,0.8,1,gather-scatter,0.8,1,fan-out,0.8,1,fan-out,0.8,0,,0.5
amlc_00899,HI-Small,0,legit,469.33800841514727,0.0016710156210645,0,scatter-gather,0.0002475249,0,scatter-gather,0.08032746,0,scatter-gather,0.0274153330688192,0,scatter-gather,1,scatter-gather,0.6,1,gather-scatter,0.6,1,gather-scatter,0.8,1,gather-scatter,0.6,1,gather-scatter,0.8,1,gather-scatter,0.8,1,gather-scatter,0.8
amlc_00900,HI-Small,0,legit,483.5610098176718,2.2859977705964572e-05,0,bipartite,1.8251487e-05,0,bipartite,0.016213136,0,stack,0.0054180824194489,0,bipartite,1,fan-in,0.8,1,gather-scatter,0.6,1,gather-scatter,0.8,1,gather-scatter,0.8,1,scatter-gather,0.8,1,gather-scatter,0.8,1,gather-scatter,0.8
amlc_00901,HI-Small,0,legit,483.5610098176718,4.298158935194735e-05,0,bipartite,4.5229775e-05,0,bipartite,0.01202899,0,bipartite,0.0040390672260621,0,bipartite,0,,0.7,0,,0.7,1,fan-in,0.8,1,gather-scatter,0.6,1,fan-in,0.8,1,fan-in,0.8,1,fan-in,0.8
amlc_00902,HI-Small,0,legit,469.33800841514727,0.0001779415987681,0,scatter-gather,0.00010361509,0,scatter-gather,0.008204639,0,cycle,0.0028287318833798,0,scatter-gather,1,gather-scatter,0.6,0,,0.7,0,,0.7,1,gather-scatter,0.8,1,gather-scatter,0.8,1,random,0.8,1,gather-scatter,0.8
amlc_00903,HI-Small,1,legit,1.0,0.0107806507273627,0,fan-in,0.03431509,0,fan-in,0.25423548,0,fan-in,0.0997770725364192,0,fan-in,1,fan-in,0.6,1,fan-in,0.6,1,fan-in,0.8,1,fan-in,0.6,1,fan-in,0.8,1,fan-in,0.8,1,fan-in,0.8
amlc_00904,HI-Small,1,legit,1.0,0.0662484529530555,0,bipartite,0.037533298,0,bipartite,0.34554848,0,bipartite,0.1497767439456632,0,bipartite,1,gather-scatter,0.6,1,gather-scatter,0.6,1,gather-scatter,0.8,1,gather-scatter,0.8,1,gather-scatter,0.8,1,gather-scatter,0.8,1,gather-scatter,0.8
amlc_00905,HI-Small,0,legit,469.33800841514727,1.2591472434425983e-05,0,stack,5.9416157e-06,0,stack,0.011060124,0,stack,0.0036928857837521,0,stack,1,gather-scatter,0.8,1,fan-out,0.6,1,random,0.8,1,gather-scatter,0.6,1,fan-out,0.8,1,gather-scatter,0.8,1,fan-out,0.8
amlc_00906,HI-Small,0,legit,1.0,0.8821261518146903,1,bipartite,0.82070315,1,bipartite,0.032374687,0,bipartite,0.5784013293831319,0,bipartite,0,cycle,0.7,1,fan-in,0.6,0,,0.7,1,gather-scatter,0.6,0,,0.7,0,,0.7,0,,0.7
amlc_00907,HI-Small,0,legit,469.33800841514727,4.5890204582253695e-05,0,random,1.1832853e-05,0,bipartite,0.07730277,0,bipartite,0.0257868306278818,0,bipartite,1,gather-scatter,0.8,1,fan-out,0.6,1,scatter-gather,0.8,1,gather-scatter,0.8,1,fan-out,0.8,0,,0.7,1,scatter-gather,0.8
amlc_00908,HI-Small,0,legit,469.33800841514727,0.0008930031534771,0,cycle,0.00018914923,0,cycle,0.9594493,1,cycle,0.3201771478703718,0,cycle,1,fan-out,0.6,1,gather-scatter,0.6,1,scatter-gather,0.6,1,scatter-gather,0.8,1,random,0.8,1,gather-scatter,0.8,1,gather-scatter,0.8
amlc_00909,HI-Small,0,legit,1.0,0.9553834758777586,1,gather-scatter,0.99186933,1,stack,0.99461555,1,stack,0.9806227870311728,1,stack,1,gather-scatter,0.8,0,,0.7,1,fan-out,0.8,1,gather-scatter,0.8,1,scatter-gather,0.8,1,random,0.8,0,,0.5
amlc_00910,HI-Small,0,legit,483.5610098176718,0.0030061429295398,0,fan-out,0.003230793,0,fan-out,0.009882946,0,fan-out,0.0053732938109489,0,fan-out,0,,0.5,0,,0.5,1,fan-out,0.8,1,gather-scatter,0.8,1,fan-out,0.8,1,random,0.8,0,,0.5
amlc_00911,HI-Small,0,legit,469.33800841514727,3.0470424169211807e-05,0,stack,1.6137088e-05,0,stack,0.007299269,0,stack,0.0024486255320508,0,stack,1,fan-out,0.6,0,,0.7,1,fan-out,0.8,1,gather-scatter,0.6,1,fan-out,0.8,1,fan-out,0.8,1,random,0.8
amlc_00912,HI-Small,0,legit,469.33800841514727,0.0003971256252916,0,bipartite,0.0002905309,0,bipartite,0.0863858,0,bipartite,0.0290244859893985,0,bipartite,1,fan-out,0.6,0,,0.5,1,scatter-gather,0.8,1,gather-scatter,0.8,1,fan-in,0.8,1,scatter-gather,0.8,1,scatter-gather,0.8
amlc_00913,HI-Small,1,legit,1.0,0.0026743785490906,0,gather-scatter,0.0016512715,0,gather-scatter,0.03377696,0,gather-scatter,0.0127008704317631,0,gather-scatter,0,,0.5,0,,0.5,0,,0.5,0,,0.5,1,fan-out,0.8,0,,0.7,0,,0.5
amlc_00914,HI-Small,0,legit,469.33800841514727,0.0023487852947029,0,gather-scatter,0.0025615534,0,gather-scatter,0.04599153,0,gather-scatter,0.0169672891517848,0,gather-scatter,1,fan-out,0.6,1,fan-out,0.8,1,fan-out,0.8,1,gather-scatter,0.8,1,fan-out,0.8,0,,0.7,0,,0.5
amlc_00915,HI-Small,0,legit,469.33800841514727,0.0027261082067014,0,gather-scatter,0.001220514,0,gather-scatter,0.056945145,0,gather-scatter,0.0202972557623203,0,gather-scatter,0,,0.5,0,,0.5,1,fan-out,0.8,0,,0.7,1,fan-out,0.8,0,,0.7,0,,0.5
amlc_00916,HI-Small,0,legit,483.5610098176718,3.255615482564977e-05,0,stack,8.725562e-06,0,stack,0.03106092,0,stack,0.0103674002941826,0,stack,1,fan-out,0.6,1,gather-scatter,0.6,1,random,0.8,1,gather-scatter,0.6,1,gather-scatter,0.8,1,gather-scatter,0.8,1,gather-scatter,0.8
amlc_00917,HI-Small,0,legit,1.0,0.8060515083968699,1,stack,0.4520728,0,stack,0.31903005,0,stack,0.5257181180218876,0,stack,1,fan-in,0.6,0,,0.7,0,,0.7,1,gather-scatter,0.6,1,fan-in,0.8,1,scatter-gather,0.8,1,gather-scatter,0.8
amlc_00918,HI-Small,0,legit,483.5610098176718,1.2865114031588969e-05,0,bipartite,5.847042e-06,0,bipartite,0.012804473,0,bipartite,0.0042743949916167,0,bipartite,1,fan-out,0.6,1,fan-out,0.6,1,fan-in,0.8,1,bipartite,0.8,1,fan-out,0.8,1,random,0.8,1,fan-out,0.8
amlc_00919,HI-Small,0,legit,1.0,0.6528300393618659,0,stack,0.5493968,0,stack,0.68525636,0,stack,0.6291610714130109,0,stack,1,stack,0.8,0,random,0.7,1,fan-in,0.6,1,gather-scatter,0.8,1,gather-scatter,0.8,1,gather-scatter,0.8,1,gather-scatter,0.8
amlc_00920,HI-Small,0,legit,469.33800841514727,5.998289176109133e-05,0,bipartite,7.227501e-05,0,bipartite,0.002662025,0,stack,0.0009314276100239,0,bipartite,1,fan-out,0.6,1,gather-scatter,0.6,1,gather-scatter,0.6,1,gather-scatter,0.8,1,fan-out,0.8,1,gather-scatter,0.8,1,gather-scatter,0.8
amlc_00921,HI-Small,0,legit,1.0,0.7966779580629575,0,bipartite,0.46548623,0,bipartite,0.071765706,0,bipartite,0.4446432974906997,0,bipartite,1,fan-in,0.6,0,,0.7,0,,0.7,1,random,0.8,0,,0.7,0,,0.7,0,,0.7
amlc_00922,HI-Small,0,legit,483.5610098176718,1.7847312517177407e-05,0,bipartite,7.578042e-06,0,stack,0.013275358,0,stack,0.0044335944164344,0,stack,1,fan-out,0.8,1,gather-scatter,0.6,1,gather-scatter,0.6,1,gather-scatter,0.6,1,gather-scatter,0.8,1,gather-scatter,0.8,1,gather-scatter,0.8
amlc_00923,HI-Small,0,legit,469.33800841514727,2.1680015749046763e-05,0,fan-in,1.414542e-05,0,stack,0.0036535047,0,stack,0.0012297766962869,0,stack,1,fan-out,0.6,1,gather-scatter,0.6,1,fan-out,0.6,1,bipartite,0.8,1,fan-out,0.8,1,fan-out,0.8,0,,0.5
amlc_00924,HI-Small,1,legit,1.0,0.0636750504987601,0,bipartite,0.081571504,0,bipartite,0.40294996,0,bipartite,0.1827321713373781,0,bipartite,1,fan-out,0.8,1,fan-out,0.6,0,,0.7,1,gather-scatter,0.6,1,fan-out,0.8,1,fan-out,0.8,0,,0.5
amlc_00925,HI-Small,0,legit,469.33800841514727,1.4314065719827005e-05,0,stack,7.6227925e-06,0,stack,0.0033905965,0,bipartite,0.0011375111130897,0,stack,1,fan-out,0.8,1,fan-out,0.6,1,scatter-gather,0.8,1,gather-scatter,0.6,1,scatter-gather,0.8,1,gather-scatter,0.8,1,scatter-gather,0.8
amlc_00926,HI-Small,0,legit,483.5610098176718,1.516811916176005e-05,0,bipartite,1.3695373e-05,0,bipartite,0.02078313,0,bipartite,0.0069373311905989,0,bipartite,1,gather-scatter,0.6,1,gather-scatter,0.6,0,,0.7,1,gather-scatter,0.8,1,gather-scatter,0.8,1,stack,0.8,1,gather-scatter,0.8
amlc_00927,HI-Small,0,legit,469.33800841514727,5.804346049330781e-05,0,stack,1.4233605e-05,0,stack,0.102564536,0,stack,0.0342122710334566,0,stack,1,fan-out,0.8,1,scatter-gather,0.6,1,bipartite,0.8,1,gather-scatter,0.8,1,scatter-gather,0.8,1,gather-scatter,0.8,0,,0.5
amlc_00928,HI-Small,0,legit,483.5610098176718,3.4455900941681564e-05,0,stack,8.794186e-06,0,stack,0.02721853,0,stack,0.009087260013903,0,stack,1,fan-out,0.6,1,fan-out,0.6,1,fan-out,0.8,1,scatter-gather,0.6,1,scatter-gather,0.8,1,gather-scatter,0.8,0,,0.5
amlc_00929,HI-Small,0,legit,483.5610098176718,0.0126672519554476,0,bipartite,0.0028225163,0,bipartite,0.018879008,0,bipartite,0.0114562585855864,0,bipartite,1,gather-scatter,0.6,1,stack,0.8,1,fan-in,0.8,1,gather-scatter,0.6,1,gather-scatter,0.8,1,gather-scatter,0.8,1,gather-scatter,0.8
amlc_00930,HI-Small,0,legit,469.33800841514727,0.0027292252229413,0,gather-scatter,0.0014412189,0,gather-scatter,0.07881297,0,gather-scatter,0.0276611386081166,0,gather-scatter,0,,0.5,0,,0.5,1,scatter-gather,0.8,1,fan-out,0.8,1,fan-out,0.8,1,fan-out,0.8,0,,0.5
amlc_00931,HI-Small,0,legit,483.5610098176718,3.827838692899504e-05,0,stack,1.7071497e-05,0,stack,0.015662894,0,stack,0.0052394145124468,0,stack,1,fan-out,0.8,1,gather-scatter,0.8,1,scatter-gather,0.6,1,gather-scatter,0.6,1,gather-scatter,0.8,1,gather-scatter,0.8,0,,0.5
amlc_00932,HI-Small,0,legit,1.0,0.8216009814780811,1,stack,0.7819141,0,scatter-gather,0.48118615,0,stack,0.6949004159782284,0,stack,1,stack,0.8,1,fan-out,0.8,0,,0.7,1,gather-scatter,0.6,1,stack,0.8,1,stack,0.8,1,random,0.8
amlc_00933,HI-Small,0,legit,483.5610098176718,0.0002843532037016,0,stack,0.0011710554,0,stack,0.011155983,0,stack,0.0042037973343714,0,stack,1,fan-in,0.6,0,stack,0.7,1,fan-in,0.6,1,gather-scatter,0.6,1,fan-in,0.8,0,gather-scatter,0.7,1,fan-in,0.8
amlc_00934,HI-Small,0,legit,469.33800841514727,1.33228959568653e-05,0,scatter-gather,8.116979e-06,0,fan-in,0.0037180278,0,bipartite,0.0012464892400567,0,fan-in,1,gather-scatter,0.8,1,gather-scatter,0.6,1,fan-out,0.6,1,gather-scatter,0.6,1,gather-scatter,0.8,1,gather-scatter,0.8,1,gather-scatter,0.8
amlc_00935,HI-Small,0,legit,483.5610098176718,3.824673651039712e-05,0,bipartite,3.5054843e-05,0,bipartite,0.026958471,0,bipartite,0.0090105909146943,0,bipartite,1,fan-in,0.6,1,fan-in,0.6,1,fan-in,0.6,1,fan-in,0.6,1,fan-in,0.8,1,fan-in,0.8,1,fan-in,0.8
amlc_00936,HI-Small,0,legit,1.0,0.7987584649216022,0,bipartite,0.8509921,1,bipartite,0.67631936,0,bipartite,0.7753566364013779,0,bipartite,1,gather-scatter,0.8,1,fan-in,0.6,1,gather-scatter,0.8,1,gather-scatter,0.8,1,gather-scatter,0.8,1,gather-scatter,0.8,1,gather-scatter,0.8
amlc_00937,HI-Small,0,legit,1.0,0.7531666953949933,0,stack,0.65036577,0,stack,0.886556,1,stack,0.7633628315259617,0,stack,1,fan-out,0.8,0,,0.7,0,,0.7,1,gather-scatter,0.8,1,gather-scatter,0.8,1,gather-scatter,0.8,0,,0.5
amlc_00938,HI-Small,0,legit,469.33800841514727,2.141589029607394e-05,0,random,1.3008134e-05,0,stack,0.054685682,0,random,0.0182400353610015,0,random,1,scatter-gather,0.8,1,fan-out,0.6,1,fan-out,0.6,1,gather-scatter,0.6,1,scatter-gather,0.8,1,gather-scatter,0.8,1,gather-scatter,0.8
amlc_00939,HI-Small,0,legit,469.33800841514727,4.050828754943881e-05,0,bipartite,1.769391e-05,0,bipartite,0.043091636,0,bipartite,0.0143832794496065,0,bipartite,1,gather-scatter,0.6,0,,0.5,1,gather-scatter,0.6,1,gather-scatter,0.8,1,gather-scatter,0.8,1,gather-scatter,0.8,1,gather-scatter,0.8
amlc_00940,HI-Small,1,legit,1.0,0.0003833801270821,0,fan-out,0.0009267252,0,fan-out,0.026596209,0,fan-out,0.009302104792849,0,fan-out,0,,0.5,0,,0.5,1,fan-out,0.8,1,gather-scatter,0.8,1,scatter-gather,0.8,1,fan-out,0.8,0,,0.5
amlc_00941,HI-Small,0,legit,1.0,0.917458391399735,1,bipartite,0.9077729,1,bipartite,0.043390095,0,bipartite,0.6228737951025545,0,bipartite,1,fan-in,0.6,1,fan-in,0.6,1,fan-in,0.6,1,fan-out,0.8,1,fan-in,0.8,0,,0.7,1,fan-in,0.8
amlc_00942,HI-Small,0,legit,469.33800841514727,1.968706130177906e-05,0,bipartite,1.07590295e-05,0,fan-in,0.0030729026,0,bipartite,0.0010344495503335,0,bipartite,1,fan-out,0.6,1,fan-out,0.6,1,scatter-gather,0.8,1,gather-scatter,0.8,1,fan-out,0.8,0,,0.7,0,,0.5
amlc_00943,HI-Small,0,legit,469.33800841514727,5.019492737485424e-05,0,bipartite,3.9501403e-05,0,bipartite,0.09924902,0,bipartite,0.0331129055164347,0,bipartite,1,stack,0.8,0,,0.5,1,gather-scatter,0.6,1,gather-scatter,0.6,1,gather-scatter,0.8,1,gather-scatter,0.8,1,gather-scatter,0.8
amlc_00944,HI-Small,0,legit,1.0,0.8786662131790198,1,bipartite,0.9503131,1,bipartite,0.0038830128,0,bipartite,0.6109541057534558,0,bipartite,1,fan-in,0.6,0,,0.7,1,fan-in,0.8,1,gather-scatter,0.6,1,fan-in,0.8,1,fan-in,0.8,1,fan-in,0.8
amlc_00945,HI-Small,0,legit,469.33800841514727,4.294084309505513e-05,0,bipartite,6.13144e-05,0,bipartite,0.049942277,0,bipartite,0.0166821775384019,0,bipartite,1,gather-scatter,0.6,1,scatter-gather,0.8,1,random,0.8,1,gather-scatter,0.6,1,gather-scatter,0.8,1,gather-scatter,0.8,1,stack,0.8
amlc_00946,HI-Small,0,legit,469.33800841514727,3.1625490528164274e-05,0,bipartite,9.711194e-06,0,stack,0.045104034,0,stack,0.0150484569765982,0,stack,1,fan-out,0.6,1,fan-out,0.6,1,fan-out,0.8,1,gather-scatter,0.8,1,fan-out,0.8,1,fan-out,0.8,0,,0.5
amlc_00947,HI-Small,0,legit,469.33800841514727,1.3179266400001007e-05,0,bipartite,9.392282e-06,0,bipartite,0.008079068,0,stack,0.0027005464506911,0,bipartite,1,fan-out,0.8,1,fan-out,0.8,1,gather-scatter,0.8,1,gather-scatter,0.6,1,gather-scatter,0.8,1,gather-scatter,0.8,1,gather-scatter,0.8
amlc_00948,HI-Small,0,legit,469.33800841514727,0.0002859166421667,0,bipartite,0.00014745907,0,bipartite,0.009781584,0,bipartite,0.0034049866179693,0,bipartite,1,fan-in,0.6,1,fan-in,0.6,1,fan-in,0.8,1,gather-scatter,0.6,1,fan-in,0.8,1,fan-in,0.8,1,fan-in,0.8
amlc_00949,HI-Small,0,legit,469.33800841514727,1.5456110774550708e-05,0,bipartite,1.0142762e-05,0,fan-in,0.0076772915,0,bipartite,0.0025676301309785,0,bipartite,1,fan-out,0.6,1,fan-out,0.6,1,fan-out,0.8,1,gather-scatter,0.6,1,fan-out,0.8,1,gather-scatter,0.8,1,scatter-gather,0.8
amlc_00950,HI-Small,0,legit,1.0,0.3687459717510574,0,stack,0.08713032,0,stack,0.9700705,1,stack,0.4753155920346059,0,stack,0,,0.5,0,,0.5,0,,0.5,0,,0.5,0,,0.5,0,,0.5,0,,0.5
amlc_00951,HI-Small,0,legit,469.33800841514727,0.0004371604513222,0,bipartite,0.00028742835,0,bipartite,0.010711938,0,bipartite,0.0038121756489492,0,bipartite,1,gather-scatter,0.6,1,gather-scatter,0.6,1,gather-scatter,0.8,1,gather-scatter,0.6,1,gather-scatter,0.8,1,gather-scatter,0.8,1,gather-scatter,0.8
amlc_00952,HI-Small,0,legit,469.33800841514727,8.139276773904547e-05,0,bipartite,0.00013742325,0,bipartite,0.32771745,0,bipartite,0.1093120897538471,0,bipartite,1,fan-out,0.6,1,fan-out,0.6,1,fan-out,0.8,1,gather-scatter,0.8,1,fan-out,0.8,1,fan-out,0.8,0,,0.5
amlc_00953,HI-Small,1,legit,1.0,0.0737027468375845,0,bipartite,0.23833498,0,bipartite,0.20584837,0,bipartite,0.1726286988156532,0,bipartite,1,fan-out,0.6,1,fan-out,0.6,1,fan-out,0.8,1,gather-scatter,0.6,1,fan-out,0.8,1,fan-out,0.8,1,fan-out,0.8
amlc_00954,HI-Small,0,legit,469.33800841514727,1.4706429609088265e-05,0,random,1.0169071e-05,0,stack,0.006164412,0,bipartite,0.0020630958383233,0,stack,1,fan-out,0.6,1,fan-out,0.8,1,fan-out,0.8,1,gather-scatter,0.6,1,fan-out,0.8,1,fan-out,0.8,0,,0.5
amlc_00955,HI-Small,0,legit,469.33800841514727,8.711758514159273e-05,0,stack,0.00011678894,0,stack,0.08655983,0,stack,0.0289212462078306,0,stack,1,fan-out,0.8,1,gather-scatter,0.6,1,gather-scatter,0.8,1,gather-scatter,0.8,1,fan-out,0.8,1,fan-out,0.8,0,,0.5
amlc_00956,HI-Small,0,legit,469.33800841514727,4.551630740069571e-05,0,stack,3.470124e-05,0,bipartite,0.04436248,0,stack,0.0148142330766982,0,stack,1,random,0.8,1,fan-out,0.6,0,,0.7,1,gather-scatter,0.6,1,gather-scatter,0.8,1,gather-scatter,0.8,1,gather-scatter,0.8
amlc_00957,HI-Small,0,legit,483.5610098176718,1.560668882300682e-05,0,bipartite,5.2878866e-05,0,fan-in,0.021494597,0,bipartite,0.007187694250458,0,bipartite,1,fan-out,0.6,1,fan-out,0.6,1,fan-out,0.6,1,random,0.8,1,fan-out,0.8,1,fan-out,0.8,1,fan-out,0.8
amlc_00958,HI-Small,0,legit,469.33800841514727,3.098512069437297e-05,0,stack,1.0610256e-05,0,stack,0.007105673,0,stack,0.0023824228581638,0,stack,1,gather-scatter,0.6,0,,0.5,1,gather-scatter,0.8,1,gather-scatter,0.6,1,stack,0.8,0,,0.7,1,stack,0.8
amlc_00959,HI-Small,0,legit,483.5610098176718,0.0001706293950246,0,bipartite,0.0005025235,0,bipartite,0.013081824,0,bipartite,0.0045849924341594,0,bipartite,1,fan-in,0.6,1,fan-in,0.6,1,fan-in,0.8,1,gather-scatter,0.8,1,fan-in,0.8,1,fan-in,0.8,0,,0.7
amlc_00960,HI-Small,0,legit,483.5610098176718,1.4010159478866715e-05,0,bipartite,1.2303628e-05,0,stack,0.022367654,0,bipartite,0.0074646560519049,0,bipartite,1,fan-out,0.6,1,fan-out,0.6,1,fan-out,0.8,1,gather-scatter,0.6,1,fan-out,0.8,0,,0.7,0,,0.5
amlc_00961,HI-Small,0,legit,469.33800841514727,4.932540092401827e-05,0,bipartite,1.20045925e-05,0,fan-in,0.0005065327,0,bipartite,0.0001892875737093,0,bipartite,1,fan-in,0.8,1,fan-in,0.8,1,fan-in,0.8,1,random,0.8,1,fan-in,0.8,1,fan-in,0.8,1,fan-in,0.8
amlc_00962,HI-Small,0,legit,469.33800841514727,0.0023726804824644,0,bipartite,0.00093097985,0,bipartite,0.041294195,0,bipartite,0.0148659516961036,0,bipartite,1,fan-in,0.6,1,fan-in,0.6,1,fan-in,0.8,1,gather-scatter,0.6,1,fan-in,0.8,1,fan-in,0.8,1,fan-in,0.8
amlc_00963,HI-Small,0,legit,1.0,0.5599298367686059,0,bipartite,0.39192328,0,bipartite,0.26083782,0,bipartite,0.404230312830441,0,bipartite,1,cycle,0.8,0,,0.7,0,,0.7,0,stack,0.7,0,,0.7,0,,0.7,0,,0.7
amlc_00964,HI-Small,0,legit,1.0,0.5596860729414442,0,fan-in,0.46941528,0,fan-in,0.32906094,0,fan-in,0.4527207640395634,0,fan-in,1,fan-out,0.8,1,fan-out,0.6,1,gather-scatter,0.8,1,gather-scatter,0.6,1,gather-scatter,0.8,1,gather-scatter,0.8,1,gather-scatter,0.8
amlc_00965,HI-Small,0,legit,1.0,0.7477445728973532,0,bipartite,0.62118614,0,bipartite,0.24049339,0,bipartite,0.5364746990268755,0,bipartite,0,,0.7,1,fan-in,0.6,1,fan-in,0.6,1,fan-in,0.6,0,,0.7,0,,0.7,0,fan-in,0.7
amlc_00966,HI-Small,0,legit,1.0,0.4580344335731915,0,fan-in,0.3447255,0,fan-in,0.92509586,1,fan-in,0.5759519264597711,0,fan-in,1,fan-in,0.6,0,,0.5,1,fan-in,0.8,1,gather-scatter,0.6,1,fan-in,0.8,1,gather-scatter,0.8,1,fan-in,0.8
amlc_00967,HI-Small,0,legit,469.33800841514727,0.0001712691394192,0,bipartite,0.00017260746,0,bipartite,0.06324675,0,bipartite,0.0211968753120256,0,bipartite,1,fan-out,0.6,1,fan-out,0.6,1,fan-out,0.8,1,gather-scatter,0.6,1,fan-out,0.8,1,fan-out,0.8,0,,0.5
amlc_00968,HI-Small,1,legit,1.0,0.063420162573309,0,gather-scatter,0.003994665,0,gather-scatter,0.07228768,0,gather-scatter,0.046567502133499,0,gather-scatter,0,,0.5,0,,0.5,1,fan-out,0.8,1,gather-scatter,0.8,1,fan-out,0.8,1,fan-out,0.8,0,,0.5
amlc_00969,HI-Small,0,legit,469.33800841514727,0.0055938869403794,0,bipartite,0.003753613,0,bipartite,0.15039624,0,bipartite,0.0532479142200862,0,bipartite,0,cycle,0.7,0,cycle,0.7,0,,0.7,1,gather-scatter,0.8,0,,0.7,0,,0.7,0,,0.7
amlc_00970,HI-Small,0,legit,1.0,0.636812258858379,0,stack,0.5427063,0,stack,0.3069812,0,stack,0.4954999251825598,0,stack,1,fan-in,0.8,0,stack,0.7,1,gather-scatter,0.6,1,gather-scatter,0.6,1,fan-in,0.8,1,gather-scatter,0.8,1,fan-in,0.8
amlc_00971,HI-Small,0,legit,469.33800841514727,3.169944336711167e-05,0,stack,7.77147e-06,0,stack,0.008873137,0,stack,0.0029708692092681,0,stack,1,fan-out,0.6,1,gather-scatter,0.6,1,fan-out,0.8,1,gather-scatter,0.6,1,gather-scatter,0.8,1,gather-scatter,0.8,1,gather-scatter,0.8
amlc_00972,HI-Small,0,legit,469.33800841514727,3.515365542776831e-05,0,bipartite,2.0184145e-05,0,bipartite,0.14910766,0,bipartite,0.0497210008746156,0,bipartite,1,gather-scatter,0.8,1,fan-out,0.6,1,random,0.8,1,gather-scatter,0.6,1,gather-scatter,0.8,1,gather-scatter,0.8,1,gather-scatter,0.8
amlc_00973,HI-Small,1,legit,1.0,0.0063099675439139,0,bipartite,0.010781027,0,bipartite,0.14954463,0,bipartite,0.0555452071316487,0,bipartite,1,fan-out,0.6,1,fan-out,0.6,1,fan-out,0.6,0,,0.7,1,gather-scatter,0.8,0,,0.7,1,gather-scatter,0.8
amlc_00974,HI-Small,0,legit,469.33800841514727,1.4640063071436729e-05,0,bipartite,2.8410907e-06,0,stack,0.0052037127,0,bipartite,0.0017403979617873,0,bipartite,1,gather-scatter,0.6,1,gather-scatter,0.6,1,gather-scatter,0.8,1,gather-scatter,0.6,1,gather-scatter,0.8,1,gather-scatter,0.8,1,gather-scatter,0.8
amlc_00975,HI-Small,0,legit,469.33800841514727,0.0058396576026034,0,gather-scatter,0.0016646646,0,gather-scatter,0.06411588,0,gather-scatter,0.0238734013729278,0,gather-scatter,0,,0.5,0,,0.5,1,fan-out,0.8,1,gather-scatter,0.8,1,fan-out,0.8,0,,0.7,0,,0.5
amlc_00976,HI-Small,0,legit,1.0,0.5436951664925849,0,stack,0.42736426,0,stack,0.46383944,0,stack,0.478299622662903,0,stack,1,fan-out,0.6,1,fan-out,0.6,1,fan-out,0.8,1,fan-out,0.8,1,fan-out,0.8,1,fan-out,0.8,1,fan-out,0.8
amlc_00977,HI-Small,0,legit,469.33800841514727,0.0234059924831284,0,gather-scatter,0.00085820036,0,gather-scatter,0.103792645,0,gather-scatter,0.0426856126283496,0,gather-scatter,0,,0.5,0,,0.5,0,,0.7,1,scatter-gather,0.8,1,fan-out,0.8,0,,0.7,0,,0.5
amlc_00978,HI-Small,0,legit,483.5610098176718,1.785653832586794e-05,0,random,1.6198928e-05,0,random,0.020236332,0,random,0.0067567958120347,0,random,1,scatter-gather,0.6,1,fan-out,0.8,1,scatter-gather,0.8,1,gather-scatter,0.8,1,scatter-gather,0.8,1,gather-scatter,0.8,1,scatter-gather,0.8
amlc_00979,HI-Small,0,legit,1.0,0.795113597237195,0,bipartite,0.8804263,1,bipartite,0.88031846,1,bipartite,0.8519527825789734,1,bipartite,1,gather-scatter,0.6,1,scatter-gather,0.6,0,,0.7,1,gather-scatter,0.6,1,fan-out,0.8,0,,0.7,1,scatter-gather,0.8
amlc_00980,HI-Small,0,legit,483.5610098176718,0.0001051868386795,0,scatter-gather,2.6648024e-05,0,scatter-gather,0.012286556,0,scatter-gather,0.0041394636052601,0,scatter-gather,1,fan-out,0.6,1,fan-out,0.6,1,fan-out,0.6,1,gather-scatter,0.6,1,fan-out,0.8,0,,0.7,0,,0.5
amlc_00981,HI-Small,0,legit,469.33800841514727,1.2766885409968036e-05,0,bipartite,6.09578e-06,0,fan-in,0.004647934,0,bipartite,0.0015555988478077,0,bipartite,1,gather-scatter,0.6,0,,0.5,1,gather-scatter,0.8,1,gather-scatter,0.8,1,fan-in,0.8,1,gather-scatter,0.8,1,fan-in,0.8
amlc_00982,HI-Small,0,legit,469.33800841514727,0.0004410751564434,0,fan-out,0.00043056495,0,fan-out,0.16512488,0,fan-out,0.0553321727976049,0,fan-out,1,fan-out,0.8,0,,0.7,1,fan-out,0.8,1,gather-scatter,0.8,1,fan-out,0.8,0,,0.7,0,,0.5
amlc_00983,HI-Small,0,legit,469.33800841514727,0.0023857166752328,0,fan-out,0.0013642387,0,fan-out,0.59767264,0,fan-out,0.200474198876387,0,fan-out,0,,0.5,0,,0.5,1,bipartite,0.8,1,bipartite,0.8,1,scatter-gather,0.8,0,,0.7,0,,0.5
amlc_00984,HI-Small,0,legit,483.5610098176718,0.0094909993713841,0,bipartite,0.0025187319,0,bipartite,0.0041346,0,bipartite,0.005381443763342,0,bipartite,0,,0.7,0,,0.7,0,,0.7,1,gather-scatter,0.6,1,fan-in,0.8,1,gather-scatter,0.8,1,fan-in,0.8
amlc_00985,HI-Small,0,legit,469.33800841514727,3.459936622195306e-05,0,stack,2.7163118e-05,0,stack,0.08383414,0,bipartite,0.0279653013256619,0,stack,1,fan-out,0.6,1,fan-out,0.6,1,fan-out,0.8,1,random,0.8,1,fan-out,0.8,1,fan-out,0.8,0,,0.5
amlc_00986,HI-Small,0,legit,469.33800841514727,0.0004865435645639,0,fan-out,0.00038810348,0,fan-out,0.095727995,0,fan-out,0.0322008806938834,0,fan-out,0,,0.5,0,,0.5,0,,0.7,1,gather-scatter,0.8,1,fan-out,0.8,0,,0.7,0,,0.5
amlc_00987,HI-Small,0,legit,469.33800841514727,1.4553181369297608e-05,0,bipartite,5.6225213e-06,0,bipartite,0.0018895466,0,bipartite,0.0006365741124187,0,bipartite,1,gather-scatter,0.6,1,gather-scatter,0.8,1,fan-out,0.6,1,bipartite,0.8,1,gather-scatter,0.8,1,gather-scatter,0.8,1,gather-scatter,0.8
amlc_00988,HI-Small,0,legit,469.33800841514727,1.4376853022478124e-05,0,bipartite,8.845544e-06,0,bipartite,0.00986765,0,bipartite,0.0032969576177702,0,bipartite,1,fan-out,0.6,1,fan-out,0.6,1,fan-out,0.6,1,gather-scatter,0.8,1,fan-out,0.8,1,fan-out,0.8,0,,0.5
amlc_00989,HI-Small,0,legit,469.33800841514727,1.953308958002999e-05,0,bipartite,1.1215927e-05,0,bipartite,0.0045596003,0,bipartite,0.0015301164255165,0,bipartite,1,fan-in,0.8,1,scatter-gather,0.8,1,random,0.8,1,gather-scatter,0.6,1,fan-in,0.8,1,fan-in,0.8,1,fan-in,0.8
amlc_00990,HI-Small,0,legit,469.33800841514727,1.256545588271992e-05,0,scatter-gather,1.078772e-05,0,fan-in,0.046359546,0,bipartite,0.0154609665529434,0,fan-in,1,fan-out,0.8,1,cycle,0.8,1,scatter-gather,0.6,1,gather-scatter,0.8,1,gather-scatter,0.8,1,gather-scatter,0.8,1,scatter-gather,0.8
amlc_00991,HI-Small,0,legit,1.0,0.8746262541003919,1,bipartite,0.7114831,0,bipartite,0.031581573,0,bipartite,0.5392303160689903,0,bipartite,0,,0.7,0,,0.7,0,,0.7,1,random,0.8,0,,0.7,1,stack,0.8,0,,0.7
amlc_00992,HI-Small,0,legit,1.0,0.7108202798670888,0,stack,0.6941976,0,stack,0.7206187,0,stack,0.7085455332698544,0,stack,1,stack,0.8,1,fan-in,0.6,1,gather-scatter,0.8,1,gather-scatter,0.6,1,gather-scatter,0.8,1,gather-scatter,0.8,1,gather-scatter,0.8
amlc_00993,HI-Small,0,legit,1.0,0.7440927329286849,0,stack,0.06610358,0,stack,0.5405573,0,stack,0.4502512118096125,0,stack,1,scatter-gather,0.6,1,gather-scatter,0.6,1,fan-out,0.8,1,gather-scatter,0.8,1,fan-out,0.8,1,gather-scatter,0.8,0,,0.5
amlc_00994,HI-Small,0,legit,469.33800841514727,2.08322712509111e-05,0,fan-in,1.8223542e-05,0,stack,0.0076247007,0,bipartite,0.0025545854928087,0,fan-in,1,scatter-gather,0.6,1,scatter-gather,0.6,1,fan-out,0.6,1,gather-scatter,0.8,1,gather-scatter,0.8,1,gather-scatter,0.8,1,gather-scatter,0.8
amlc_00995,HI-Small,1,legit,1.0,0.0037194285636053,0,fan-out,0.0022553776,0,fan-out,0.019006409,0,bipartite,0.0083270716357117,0,fan-out,0,,0.5,0,,0.5,1,fan-out,0.6,1,gather-scatter,0.8,1,fan-out,0.8,0,,0.7,0,,0.5
amlc_00996,HI-Small,0,legit,1.0,0.769019994171862,0,random,0.896002,1,stack,0.27428162,0,random,0.6464345365870012,0,random,1,fan-out,0.6,1,fan-out,0.8,1,fan-out,0.8,1,fan-out,0.8,1,fan-out,0.8,0,,0.7,0,,0.5
amlc_00997,HI-Small,0,legit,469.33800841514727,0.0004186990826086,0,bipartite,6.66526e-05,0,bipartite,0.23551448,0,bipartite,0.0786666095269742,0,bipartite,1,fan-out,0.6,1,fan-out,0.6,1,fan-out,0.6,1,scatter-gather,0.8,1,fan-out,0.8,1,fan-out,0.8,0,,0.5
amlc_00998,HI-Small,0,legit,1.0,0.7001915859400086,0,bipartite,0.45737705,0,bipartite,0.23605812,0,bipartite,0.4645422494152802,0,bipartite,1,gather-scatter,0.6,1,gather-scatter,0.6,1,gather-scatter,0.6,1,gather-scatter,0.6,1,fan-in,0.8,1,gather-scatter,0.8,1,fan-in,0.8
amlc_00999,HI-Small,0,legit,469.33800841514727,1.2239206515964962e-05,0,bipartite,7.3450547e-06,0,bipartite,0.0018654065,0,bipartite,0.0006283302606119,0,bipartite,1,fan-out,0.6,1,fan-out,0.6,1,fan-out,0.6,1,bipartite,0.8,1,fan-out,0.8,1,fan-out,0.8,0,,0.5
amlc_01000,HI-Small,0,legit,483.5610098176718,4.713889931618493e-05,0,bipartite,4.3782366e-05,0,bipartite,0.013698275,0,bipartite,0.0045963988219587,0,bipartite,0,,0.7,0,,0.7,0,,0.7,0,,0.7,0,,0.7,0,,0.7,0,,0.7
amlc_01001,HI-Small,1,legit,1.0,0.0017597115552956,0,gather-scatter,0.0011154066,0,gather-scatter,0.059332974,0,gather-scatter,0.0207360308136471,0,gather-scatter,0,,0.5,0,,0.5,1,gather-scatter,0.8,1,fan-out,0.8,1,fan-out,0.8,0,,0.7,0,,0.5
amlc_01002,HI-Small,0,legit,483.5610098176718,0.0010397798846892,0,stack,0.0006510382,0,stack,0.029255623,0,stack,0.0103154803587262,0,stack,1,fan-out,0.6,1,gather-scatter,0.6,0,,0.7,1,scatter-gather,0.8,1,gather-scatter,0.8,1,gather-scatter,0.8,1,gather-scatter,0.8
amlc_01003,HI-Small,0,legit,469.33800841514727,1.4184384349043028e-05,0,bipartite,9.792503e-06,0,bipartite,0.08651402,0,bipartite,0.028845998454479,0,bipartite,1,gather-scatter,0.8,1,fan-out,0.6,0,,0.7,1,gather-scatter,0.6,1,scatter-gather,0.8,1,random,0.8,1,gather-scatter,0.8
amlc_01004,HI-Small,0,legit,483.5610098176718,1.94687423275107e-05,0,stack,1.18018215e-05,0,stack,0.031364314,0,bipartite,0.0104651949406516,0,stack,1,fan-out,0.6,1,fan-out,0.6,1,scatter-gather,0.8,1,gather-scatter,0.8,1,fan-out,0.8,1,fan-out,0.8,1,fan-out,0.8
amlc_01005,HI-Small,0,legit,483.5610098176718,1.4580123832631977e-05,0,bipartite,6.8255824e-05,0,stack,0.032425858,0,random,0.010836231342694,0,stack,1,fan-out,0.8,1,fan-out,0.6,1,random,0.8,1,bipartite,0.8,1,gather-scatter,0.8,1,gather-scatter,0.8,1,gather-scatter,0.8
amlc_01006,HI-Small,0,legit,469.33800841514727,0.0030382415669963,0,bipartite,0.0042799423,0,bipartite,0.54977894,0,bipartite,0.185699040704065,0,bipartite,0,stack,0.7,0,,0.7,0,,0.7,1,gather-scatter,0.8,1,gather-scatter,0.8,0,,0.7,1,gather-scatter,0.8
amlc_01007,HI-Small,0,legit,469.33800841514727,0.0004008529515509,0,bipartite,0.00034830644,0,bipartite,0.054174148,0,bipartite,0.0183077689778227,0,bipartite,1,fan-out,0.6,1,fan-out,0.6,1,fan-out,0.8,1,gather-scatter,0.6,1,fan-out,0.8,1,fan-out,0.8,0,,0.5
amlc_01008,HI-Small,0,legit,469.33800841514727,0.0009838004601101,0,bipartite,0.00043515582,0,bipartite,0.18164332,0,bipartite,0.0610207594622208,0,bipartite,1,fan-in,0.6,1,fan-in,0.6,1,fan-in,0.6,1,fan-in,0.6,1,fan-in,0.8,1,fan-in,0.8,0,fan-in,0.7
amlc_01009,HI-Small,0,legit,483.5610098176718,1.3420777118668722e-05,0,stack,1.3909221e-05,0,fan-in,0.023656497,0,bipartite,0.0078946089253488,0,fan-in,1,gather-scatter,0.6,1,fan-out,0.6,1,scatter-gather,0.6,1,gather-scatter,0.8,1,scatter-gather,0.8,1,stack,0.8,1,gather-scatter,0.8
amlc_01010,HI-Small,0,legit,469.33800841514727,1.258992834254118e-05,0,fan-in,9.984927e-06,0,fan-in,0.001544568,0,bipartite,0.0005223809480732,0,fan-in,1,fan-out,0.6,1,fan-out,0.8,0,,0.7,1,gather-scatter,0.8,1,fan-out,0.8,1,gather-scatter,0.8,1,gather-scatter,0.8
amlc_01011,HI-Small,0,legit,483.5610098176718,7.894286554391718e-05,0,bipartite,2.56828e-05,0,bipartite,0.039742567,0,bipartite,0.0132823974371287,0,bipartite,1,fan-out,0.8,1,fan-out,0.6,1,fan-out,0.8,1,gather-scatter,0.6,1,fan-out,0.8,0,,0.7,0,,0.5
amlc_01012,HI-Small,0,legit,469.33800841514727,1.3548480662433222e-05,0,stack,2.0100508e-05,0,stack,0.0022043544,0,stack,0.0007460011250644,0,stack,1,fan-out,0.8,1,fan-out,0.6,1,fan-out,0.6,1,gather-scatter,0.6,1,fan-out,0.8,1,fan-out,0.8,0,,0.5
amlc_01013,HI-Small,0,legit,1.0,0.7385975326532085,0,fan-in,0.93327534,1,fan-in,0.48169184,0,fan-in,0.7178549039838699,0,fan-in,1,fan-in,0.6,1,fan-in,0.6,1,fan-in,0.8,1,gather-scatter,0.6,1,fan-in,0.8,1,fan-in,0.8,1,fan-in,0.8
amlc_01014,HI-Small,0,legit,469.33800841514727,1.200082801178547e-05,0,bipartite,7.2572575e-06,0,fan-in,0.0025031473,0,bipartite,0.0008408018114223,0,bipartite,1,fan-out,0.6,0,,0.5,1,scatter-gather,0.8,1,gather-scatter,0.8,1,scatter-gather,0.8,1,gather-scatter,0.8,1,scatter-gather,0.8
amlc_01015,HI-Small,0,legit,469.33800841514727,1.4892229372502744e-05,0,random,2.1996751e-05,0,fan-in,0.08788504,0,bipartite,0.0293073086817938,0,fan-in,1,fan-out,0.6,1,fan-out,0.6,0,,0.7,1,gather-scatter,0.6,1,fan-out,0.8,1,fan-out,0.8,0,,0.5
amlc_01016,HI-Small,0,legit,469.33800841514727,0.0001977301082009,0,bipartite,5.1592127e-05,0,bipartite,0.006859089,0,bipartite,0.0023694703392806,0,bipartite,1,random,0.8,1,fan-in,0.8,0,,0.7,1,random,0.8,1,fan-in,0.8,1,gather-scatter,0.8,1,fan-in,0.8
amlc_01017,HI-Small,0,legit,469.33800841514727,1.477287181337639e-05,0,stack,2.0062758e-05,0,fan-in,0.0076205446,0,bipartite,0.002551793422855,0,fan-in,1,scatter-gather,0.6,1,fan-out,0.6,1,fan-out,0.6,1,gather-scatter,0.6,1,gather-scatter,0.8,1,gather-scatter,0.8,1,gather-scatter,0.8
amlc_01018,HI-Small,0,legit,469.33800841514727,0.0043926187556084,0,bipartite,0.0009515079,0,bipartite,0.16969253,0,bipartite,0.0583455526230495,0,bipartite,1,fan-out,0.6,1,gather-scatter,0.6,1,fan-out,0.8,1,gather-scatter,0.6,1,fan-out,0.8,1,fan-out,0.8,1,fan-out,0.8
amlc_01019,HI-Small,0,legit,483.5610098176718,4.408625841276758e-05,0,stack,1.5600559e-05,0,stack,0.017829658,0,stack,0.0059631150936638,0,stack,1,gather-scatter,0.6,1,fan-out,0.6,1,gather-scatter,0.6,1,gather-scatter,0.6,1,gather-scatter,0.8,1,gather-scatter,0.8,1,gather-scatter,0.8
amlc_01020,HI-Small,0,legit,1.0,0.5230187532771737,0,fan-in,0.5160448,0,fan-in,0.46150008,0,fan-in,0.5001878757433464,0,fan-in,1,fan-in,0.6,1,fan-in,0.6,1,fan-in,0.6,1,gather-scatter,0.6,1,fan-in,0.8,1,fan-in,0.8,1,fan-in,0.8
amlc_01021,HI-Small,0,legit,469.33800841514727,1.2510117662569651e-05,0,bipartite,3.0304623e-06,0,fan-in,0.007933622,0,bipartite,0.0026497209353495,0,bipartite,1,fan-out,0.8,1,fan-out,0.8,0,,0.7,0,,0.7,1,fan-out,0.8,1,fan-out,0.8,0,,0.5
amlc_01022,HI-Small,0,legit,469.33800841514727,1.188047309628796e-05,0,bipartite,4.7698463e-06,0,bipartite,0.010828677,0,bipartite,0.0036151089843202,0,bipartite,1,fan-out,0.6,1,fan-out,0.6,1,fan-out,0.6,1,gather-scatter,0.6,1,fan-out,0.8,1,fan-out,0.8,0,,0.5
amlc_01023,HI-Small,1,legit,1.0,0.023992209603384,0,bipartite,0.023766998,0,bipartite,0.0989719,0,bipartite,0.0489103703763733,0,bipartite,1,fan-out,0.6,1,fan-out,0.8,1,fan-out,0.8,1,gather-scatter,0.6,1,fan-out,0.8,1,fan-out,0.8,0,,0.5
amlc_01024,HI-Small,0,legit,1.0,0.1510098813065499,0,stack,0.3758543,0,stack,0.68097776,0,stack,0.4026139854751895,0,stack,1,fan-in,0.6,1,cycle,0.8,1,fan-in,0.8,1,gather-scatter,0.6,1,fan-in,0.8,1,gather-scatter,0.8,1,fan-in,0.8
amlc_01025,HI-Small,0,legit,469.33800841514727,0.0006282781231639,0,bipartite,0.0007104037,0,bipartite,0.09783685,0,bipartite,0.0330585113060491,0,bipartite,1,fan-out,0.6,1,scatter-gather,0.6,1,fan-out,0.8,1,bipartite,0.8,1,scatter-gather,0.8,1,gather-scatter,0.8,0,,0.5
amlc_01026,HI-Small,0,legit,483.5610098176718,1.4212989191225365e-05,0,bipartite,3.9799816e-06,0,fan-in,0.012131485,0,stack,0.0040498927091543,0,fan-in,1,gather-scatter,0.8,1,scatter-gather,0.8,1,fan-out,0.8,1,gather-scatter,0.8,1,scatter-gather,0.8,1,gather-scatter,0.8,1,scatter-gather,0.8
amlc_01027,HI-Small,0,legit,469.33800841514727,1.5745545732765858e-05,0,bipartite,9.274763e-06,0,bipartite,0.010023954,0,bipartite,0.003349658211124,0,bipartite,1,random,0.8,1,gather-scatter,0.6,0,,0.7,1,gather-scatter,0.8,1,gather-scatter,0.8,1,stack,0.8,1,stack,0.8
amlc_01028,HI-Small,1,legit,1.0,0.0403071958133649,0,bipartite,0.059477292,0,bipartite,0.4061461,0,bipartite,0.1686435323062562,0,bipartite,1,random,0.8,0,,0.7,1,random,0.8,1,random,0.8,1,stack,0.8,1,gather-scatter,0.8,1,stack,0.8
amlc_01029,HI-Small,0,legit,469.33800841514727,4.21218940119479e-05,0,bipartite,4.9157108e-05,0,bipartite,0.09824598,0,bipartite,0.0327790857858569,0,bipartite,1,scatter-gather,0.8,1,gather-scatter,0.6,1,gather-scatter,0.6,1,gather-scatter,0.6,1,gather-scatter,0.8,1,gather-scatter,0.8,1,gather-scatter,0.8
amlc_01030,HI-Small,1,cycle,1.0,0.9765941112234132,1,cycle,0.9928707,1,cycle,0.9905294,1,cycle,0.9866647392178224,1,cycle,1,fan-out,0.8,1,fan-out,0.6,1,fan-out,0.8,1,gather-scatter,0.6,1,fan-out,0.8,1,cycle,0.8,0,,0.5
amlc_01031,HI-Small,1,cycle,1.0,0.965148909337956,1,cycle,0.9512822,1,cycle,0.9875312,1,cycle,0.9679874325618606,1,cycle,1,fan-out,0.8,1,fan-out,0.6,1,fan-out,0.6,1,gather-scatter,0.6,1,scatter-gather,0.8,1,cycle,0.8,0,,0.5
amlc_01032,HI-Small,1,cycle,1.0,0.9885902908751708,1,cycle,0.99506265,1,cycle,0.99113655,1,cycle,0.9915964970095072,1,cycle,1,fan-out,0.8,1,fan-out,0.6,1,gather-scatter,0.8,1,gather-scatter,0.8,1,scatter-gather,0.8,1,gather-scatter,0.8,0,,0.5
amlc_01033,HI-Small,1,cycle,1.0,0.9912099157167628,1,cycle,0.9985752,1,cycle,0.98017025,1,cycle,0.9899851254090056,1,cycle,1,fan-out,0.8,1,gather-scatter,0.8,1,random,0.8,1,gather-scatter,0.8,1,gather-scatter,0.8,1,gather-scatter,0.8,0,,0.5
amlc_01034,HI-Small,1,cycle,1.0,0.991980858299858,1,cycle,0.9962389,1,cycle,0.9927288,1,cycle,0.993649524997912,1,cycle,1,scatter-gather,0.6,1,fan-out,0.6,1,gather-scatter,0.8,1,gather-scatter,0.8,1,scatter-gather,0.8,1,gather-scatter,0.8,0,,0.5
amlc_01035,HI-Small,1,cycle,1.0,0.9914643865418558,1,cycle,0.99827015,1,cycle,0.9982023,1,cycle,0.9959789548182528,1,cycle,1,fan-out,0.8,1,gather-scatter,0.6,1,scatter-gather,0.8,1,gather-scatter,0.8,1,fan-out,0.8,1,gather-scatter,0.8,0,,0.5
amlc_01036,HI-Small,1,cycle,1.0,0.9849603248768448,1,stack,0.9900788,1,cycle,0.9801464,1,stack,0.9850618466116786,1,stack,1,fan-out,0.8,1,fan-out,0.6,1,scatter-gather,0.8,1,gather-scatter,0.8,1,fan-out,0.8,1,gather-scatter,0.8,0,,0.5
amlc_01037,HI-Small,0,legit,469.33800841514727,5.650955501061866e-05,0,bipartite,1.7718472e-05,0,bipartite,0.185503,0,random,0.0618590780028215,0,bipartite,1,gather-scatter,0.8,1,gather-scatter,0.6,1,random,0.8,1,gather-scatter,0.8,1,fan-out,0.8,1,scatter-gather,0.8,1,gather-scatter,0.8
amlc_01038,HI-Small,1,legit,1.0,0.0016479672875741,0,bipartite,0.0027239951,0,bipartite,0.4855546,0,bipartite,0.1633088560468368,0,bipartite,1,cycle,0.8,1,gather-scatter,0.8,1,random,0.8,1,gather-scatter,0.6,1,gather-scatter,0.8,1,gather-scatter,0.8,1,scatter-gather,0.8
amlc_01039,HI-Small,0,legit,469.33800841514727,7.513271060840103e-05,0,bipartite,7.3590774e-05,0,bipartite,0.0015524939,0,bipartite,0.0005670724594711,0,bipartite,1,fan-out,0.6,1,fan-out,0.6,1,fan-out,0.8,1,fan-out,0.8,1,fan-out,0.8,1,random,0.8,1,fan-out,0.8
amlc_01040,HI-Small,1,legit,1.0,0.0018245001518981,0,fan-out,0.001006673,0,fan-out,0.0075244843,0,fan-out,0.003451885809497,0,fan-out,0,,0.5,0,,0.5,0,,0.5,0,,0.5,0,,0.5,0,,0.5,0,,0.5
amlc_01041,HI-Small,0,legit,469.33800841514727,0.0010612698057863,0,cycle,0.0013857948,0,stack,0.009112148,0,stack,0.0038530707520808,0,stack,1,scatter-gather,0.8,1,gather-scatter,0.6,1,gather-scatter,0.8,1,gather-scatter,0.8,1,gather-scatter,0.8,1,gather-scatter,0.8,1,gather-scatter,0.8
amlc_01042,HI-Small,0,legit,469.33800841514727,0.016678777395188,0,fan-in,0.005549903,0,fan-in,0.09388063,0,fan-in,0.0387031038175023,0,fan-in,1,fan-in,0.8,1,fan-in,0.6,1,fan-in,0.6,1,gather-scatter,0.6,1,fan-in,0.8,1,gather-scatter,0.8,1,fan-in,0.8
amlc_01043,HI-Small,0,legit,469.33800841514727,1.8320604444910503e-05,0,bipartite,1.2874567e-05,0,bipartite,0.010313305,0,bipartite,0.003448166747941,0,bipartite,1,scatter-gather,0.6,1,gather-scatter,0.8,1,gather-scatter,0.8,1,gather-scatter,0.6,1,gather-scatter,0.8,1,gather-scatter,0.8,1,gather-scatter,0.8
amlc_01044,HI-Small,0,legit,483.5610098176718,1.4424380645471892e-05,0,random,9.232772e-06,0,fan-in,0.015854403,0,random,0.0052926868430231,0,random,1,scatter-gather,0.6,1,gather-scatter,0.6,1,scatter-gather,0.6,1,gather-scatter,0.6,1,scatter-gather,0.8,1,gather-scatter,0.8,1,scatter-gather,0.8
amlc_01045,HI-Small,0,legit,469.33800841514727,0.0001882534316249,0,random,5.2458647e-05,0,fan-in,0.010244537,0,fan-in,0.0034950830744008,0,fan-in,1,fan-out,0.8,1,gather-scatter,0.6,1,scatter-gather,0.8,1,gather-scatter,0.8,1,scatter-gather,0.8,1,gather-scatter,0.8,1,gather-scatter,0.8
amlc_01046,HI-Small,0,legit,483.5610098176718,1.1938855753963153e-05,0,bipartite,9.321409e-06,0,fan-in,0.025518874,0,bipartite,0.0085133779905311,0,bipartite,1,fan-out,0.6,1,fan-out,0.6,1,random,0.8,1,gather-scatter,0.8,1,gather-scatter,0.8,1,stack,0.8,0,,0.5
amlc_01047,HI-Small,1,legit,1.0,0.0082523619511724,0,bipartite,0.012511638,0,bipartite,0.33617303,0,bipartite,0.1189790092327197,0,bipartite,1,fan-out,0.8,1,gather-scatter,0.8,1,gather-scatter,0.8,1,gather-scatter,0.8,1,fan-out,0.8,1,gather-scatter,0.8,1,gather-scatter,0.8
amlc_01048,HI-Small,0,legit,483.5610098176718,1.568954030250411e-05,0,random,1.26394925e-05,0,stack,0.0152706,0,bipartite,0.0050996430427394,0,stack,1,fan-out,0.6,1,fan-out,0.6,1,fan-out,0.8,1,fan-out,0.6,1,fan-out,0.8,1,fan-out,0.8,0,,0.5
amlc_01049,HI-Small,0,legit,469.33800841514727,0.0005220863571005,0,bipartite,0.00156872,0,bipartite,0.23733728,0,bipartite,0.0798093608913815,0,bipartite,1,fan-out,0.6,1,fan-out,0.8,1,fan-out,0.6,1,gather-scatter,0.8,1,gather-scatter,0.8,1,scatter-gather,0.8,0,,0.5
amlc_01050,HI-Small,0,legit,469.33800841514727,1.3987968412697555e-05,0,stack,5.8490723e-06,0,stack,0.08145038,0,stack,0.0271567391418765,0,stack,1,gather-scatter,0.8,1,gather-scatter,0.6,1,gather-scatter,0.8,1,gather-scatter,0.6,1,gather-scatter,0.8,1,gather-scatter,0.8,1,gather-scatter,0.8
amlc_01051,HI-Small,0,legit,483.5610098176718,4.95913946617811e-05,0,stack,2.3086797e-05,0,bipartite,0.038116034,0,bipartite,0.0127295707707369,0,bipartite,1,fan-out,0.6,1,fan-out,0.6,0,,0.7,1,random,0.8,1,fan-out,0.8,0,,0.7,0,,0.5
amlc_01052,HI-Small,0,legit,469.33800841514727,0.0020425201170149,0,gather-scatter,0.00094751903,0,gather-scatter,0.05708142,0,gather-scatter,0.0200238197074893,0,gather-scatter,0,,0.5,0,,0.5,1,fan-out,0.8,0,,0.7,1,scatter-gather,0.8,0,,0.7,0,,0.5
amlc_01053,HI-Small,0,legit,1.0,0.5629743627056039,0,stack,0.56291026,0,stack,0.8197945,1,stack,0.6485596991692834,0,stack,1,fan-out,0.8,1,stack,0.8,1,fan-out,0.8,1,scatter-gather,0.8,1,scatter-gather,0.8,1,gather-scatter,0.8,1,gather-scatter,0.8
amlc_01054,HI-Small,0,legit,1.0,0.7802656440151173,0,bipartite,0.69845206,0,bipartite,0.7942553,0,bipartite,0.7576576719089494,0,bipartite,1,fan-out,0.8,0,,0.7,1,fan-out,0.8,1,gather-scatter,0.6,1,gather-scatter,0.8,1,gather-scatter,0.8,1,gather-scatter,0.8
amlc_01055,HI-Small,0,legit,469.33800841514727,1.3131267426464135e-05,0,random,7.239574e-06,0,fan-in,0.005155926,0,bipartite,0.0017254323154165,0,fan-in,1,fan-out,0.6,1,fan-out,0.6,1,fan-out,0.6,1,gather-scatter,0.8,1,fan-out,0.8,1,fan-out,0.8,0,,0.5
amlc_01056,HI-Small,0,legit,469.33800841514727,1.552883043372699e-05,0,stack,9.66558e-06,0,stack,0.0049211667,0,bipartite,0.0016487870342424,0,stack,1,fan-out,0.6,1,scatter-gather,0.6,1,gather-scatter,0.8,1,gather-scatter,0.8,1,fan-out,0.8,1,fan-out,0.8,1,scatter-gather,0.8
amlc_01057,HI-Small,0,legit,469.33800841514727,1.3647463958441817e-05,0,bipartite,8.266239e-06,0,bipartite,0.0059040734,0,bipartite,0.0019753290214527,0,bipartite,1,fan-out,0.6,1,fan-out,0.6,1,fan-out,0.6,1,gather-scatter,0.8,1,fan-out,0.8,0,,0.7,0,,0.5
amlc_01058,HI-Small,0,legit,483.5610098176718,3.751512869013386e-05,0,stack,2.3042821e-05,0,stack,0.03266809,0,stack,0.0109095497689281,0,stack,1,fan-out,0.6,0,,0.7,1,scatter-gather,0.8,1,gather-scatter,0.6,1,scatter-gather,0.8,1,gather-scatter,0.8,0,,0.5
amlc_01059,HI-Small,0,legit,469.33800841514727,3.4041702804787154e-05,0,stack,2.4400511e-05,0,stack,0.0667163,0,stack,0.0222582468917193,0,stack,1,fan-out,0.6,1,fan-out,0.6,1,fan-out,0.6,1,gather-scatter,0.6,1,scatter-gather,0.8,1,fan-out,0.8,0,,0.5
amlc_01060,HI-Small,0,legit,1.0,0.8300820412755693,1,bipartite,0.77150995,0,bipartite,0.5066966,0,bipartite,0.7027628561695644,0,bipartite,1,fan-out,0.8,1,gather-scatter,0.6,1,fan-in,0.8,1,gather-scatter,0.6,1,gather-scatter,0.8,1,gather-scatter,0.8,1,gather-scatter,0.8
amlc_01061,HI-Small,0,legit,1.0,0.4938128676634205,0,bipartite,0.29289976,0,stack,0.81934994,1,stack,0.5353541899595384,0,stack,1,fan-out,0.8,1,gather-scatter,0.6,1,legitimate,0.8,1,gather-scatter,0.6,1,gather-scatter,0.8,1,gather-scatter,0.8,1,gather-scatter,0.8
amlc_01062,HI-Small,0,legit,1.0,0.8455769680735497,1,stack,0.7368991,0,stack,0.6085892,0,stack,0.7303550727763781,0,stack,1,fan-out,0.6,1,gather-scatter,0.6,1,fan-out,0.8,1,gather-scatter,0.6,1,gather-scatter,0.8,1,gather-scatter,0.8,1,gather-scatter,0.8
amlc_01063,HI-Small,0,legit,469.33800841514727,1.218052852112622e-05,0,bipartite,7.6113342e-06,0,fan-in,0.002069886,0,bipartite,0.000696559312698,0,bipartite,1,scatter-gather,0.6,1,scatter-gather,0.8,1,gather-scatter,0.8,1,gather-scatter,0.8,1,scatter-gather,0.8,1,gather-scatter,0.8,1,gather-scatter,0.8
amlc_01064,HI-Small,0,legit,483.5610098176718,0.000203515531421,0,bipartite,0.00030157124,0,bipartite,0.02714884,0,bipartite,0.0092179752868197,0,bipartite,1,fan-in,0.6,1,fan-in,0.6,1,fan-in,0.6,1,gather-scatter,0.6,1,fan-in,0.8,1,fan-in,0.8,1,fan-in,0.8
amlc_01065,HI-Small,0,legit,1.0,0.773949217058601,0,bipartite,0.7384847,0,bipartite,0.63074636,0,bipartite,0.7143934207682417,0,bipartite,1,fan-in,0.6,0,,0.7,1,gather-scatter,0.6,1,gather-scatter,0.6,1,gather-scatter,0.8,1,gather-scatter,0.8,1,gather-scatter,0.8
amlc_01066,HI-Small,0,legit,469.33800841514727,4.3503177706470565e-05,0,bipartite,1.0992727e-05,0,bipartite,0.0792995,0,bipartite,0.0264513326597605,0,bipartite,1,fan-out,0.6,1,fan-out,0.8,1,fan-out,0.8,1,gather-scatter,0.6,1,fan-out,0.8,1,gather-scatter,0.8,1,scatter-gather,0.8
amlc_01067,HI-Small,0,legit,469.33800841514727,1.4280968995912373e-05,0,stack,1.0652792e-05,0,stack,0.099803865,0,fan-out,0.0332762662390653,0,stack,1,fan-out,0.6,1,gather-scatter,0.6,1,random,0.8,1,gather-scatter,0.8,1,gather-scatter,0.8,1,gather-scatter,0.8,1,gather-scatter,0.8
amlc_01068,HI-Small,0,legit,1.0,0.9443244560264018,1,stack,0.8156759,1,stack,0.9205486,1,cycle,0.8935163293845941,1,stack,1,random,0.8,0,,0.7,1,random,0.8,1,random,0.8,1,random,0.8,1,gather-scatter,0.8,1,fan-out,0.8
amlc_01069,HI-Small,0,legit,469.33800841514727,2.9444608525356832e-05,0,bipartite,7.355586e-05,0,bipartite,0.0637178,0,bipartite,0.0212735992880118,0,bipartite,1,fan-out,0.6,1,fan-out,0.8,1,scatter-gather,0.6,1,gather-scatter,0.8,1,bipartite,0.8,1,scatter-gather,0.8,1,scatter-gather,0.8
amlc_01070,HI-Small,0,legit,469.33800841514727,1.7799700225216515e-05,0,scatter-gather,5.6352594e-05,0,scatter-gather,0.007733114,0,random,0.002602422119213,0,scatter-gather,1,fan-out,0.8,1,gather-scatter,0.6,1,gather-scatter,0.8,1,gather-scatter,0.6,1,scatter-gather,0.8,1,scatter-gather,0.8,1,scatter-gather,0.8
amlc_01071,HI-Small,0,legit,469.33800841514727,4.528622586886081e-05,0,stack,5.234052e-05,0,bipartite,0.05368613,0,bipartite,0.0179279191797592,0,bipartite,1,scatter-gather,0.6,0,,0.5,1,scatter-gather,0.8,1,gather-scatter,0.8,1,gather-scatter,0.8,1,gather-scatter,0.8,1,gather-scatter,0.8
amlc_01072,HI-Small,0,legit,1.0,0.574289278298447,0,fan-in,0.49454108,0,fan-in,0.4150916,0,fan-in,0.49464065369958,0,fan-in,1,gather-scatter,0.6,1,fan-in,0.6,1,fan-in,0.8,1,gather-scatter,0.6,1,fan-in,0.8,1,gather-scatter,0.8,1,fan-in,0.8
amlc_01073,HI-Small,0,legit,469.33800841514727,0.0003070970521245,0,bipartite,0.0003226399,0,bipartite,0.08763056,0,bipartite,0.0294200998164847,0,bipartite,1,scatter-gather,0.6,1,gather-scatter,0.6,1,gather-scatter,0.8,1,bipartite,0.8,1,gather-scatter,0.8,1,gather-scatter,0.8,1,scatter-gather,0.8
amlc_01074,HI-Small,0,legit,469.33800841514727,1.8212224916101105e-05,0,bipartite,7.927177e-06,0,bipartite,0.0065057515,0,bipartite,0.002177296972775,0,bipartite,1,gather-scatter,0.6,1,gather-scatter,0.6,1,fan-in,0.6,1,gather-scatter,0.8,1,gather-scatter,0.8,1,gather-scatter,0.8,1,gather-scatter,0.8
amlc_01075,HI-Small,0,legit,469.33800841514727,0.0004198308938281,0,fan-out,0.00012027362,0,fan-out,0.20115665,0,fan-out,0.0672322501745728,0,fan-out,0,,0.5,0,,0.5,1,scatter-gather,0.8,1,scatter-gather,0.8,1,fan-out,0.8,0,,0.7,0,,0.5
amlc_01076,HI-Small,1,scatter-gather,1.0,0.9910425591217432,1,cycle,0.998538,1,cycle,0.99237347,1,cycle,0.9939846809621304,1,cycle,1,bipartite,0.8,1,bipartite,0.8,1,bipartite,0.8,1,gather-scatter,0.8,1,bipartite,0.8,1,bipartite,0.8,1,bipartite,0.8
amlc_01077,HI-Small,1,scatter-gather,1.0,0.9905518826155136,1,cycle,0.9989042,1,cycle,0.98777103,1,cycle,0.9924090483555618,1,cycle,1,cycle,0.8,1,cycle,0.8,1,gather-scatter,0.8,1,gather-scatter,0.8,1,bipartite,0.8,1,bipartite,0.8,1,bipartite,0.8
amlc_01078,HI-Small,1,fan-in,1.0,0.898481269367817,1,bipartite,0.98274726,1,bipartite,0.88910615,1,bipartite,0.9234448935218266,1,bipartite,1,fan-out,0.8,1,fan-out,0.6,1,fan-in,0.8,1,gather-scatter,0.8,1,scatter-gather,0.8,1,gather-scatter,0.8,1,gather-scatter,0.8
amlc_01079,HI-Small,1,fan-in,1.0,0.951983558398469,1,fan-in,0.96859455,1,fan-in,0.9162115,1,fan-in,0.9455965317825422,1,fan-in,1,fan-out,0.6,1,fan-out,0.6,1,fan-out,0.8,1,gather-scatter,0.8,1,scatter-gather,0.8,0,,0.7,0,,0.5
amlc_01080,HI-Small,1,fan-in,1.0,0.9707712526443704,1,fan-in,0.9950962,1,fan-in,0.9983696,1,fan-in,0.9880790112854078,1,fan-in,1,scatter-gather,0.6,1,fan-in,0.6,1,fan-out,0.8,1,scatter-gather,0.8,1,fan-in,0.8,1,gather-scatter,0.8,1,fan-in,0.8
amlc_01081,HI-Small,1,fan-in,1.0,0.9730548119768498,1,fan-in,0.99383116,1,fan-in,0.97799045,1,fan-in,0.98162547271202,1,fan-in,1,fan-out,0.6,1,fan-out,0.6,1,fan-out,0.8,1,gather-scatter,0.6,1,fan-out,0.8,1,fan-out,0.8,0,,0.5
amlc_01082,HI-Small,1,fan-in,1.0,0.9707151215369658,1,fan-in,0.9948691,1,fan-in,0.9990671,1,fan-in,0.9882171207366768,1,fan-in,1,fan-out,0.6,1,fan-out,0.6,1,fan-out,0.6,1,gather-scatter,0.6,1,scatter-gather,0.8,1,gather-scatter,0.8,1,scatter-gather,0.8
amlc_01083,HI-Small,1,fan-in,1.0,0.963243171303094,1,fan-in,0.9889988,1,fan-in,0.9991687,1,fan-in,0.9838035453454058,1,fan-in,1,fan-in,0.6,1,fan-in,0.6,1,fan-in,0.8,1,fan-in,0.6,1,fan-in,0.8,1,fan-in,0.8,1,fan-in,0.8
amlc_01084,HI-Small,1,fan-in,1.0,0.9698480136017285,1,fan-in,0.9911372,1,fan-in,0.9995176,1,fan-in,0.9868342799219914,1,fan-in,1,gather-scatter,0.6,1,gather-scatter,0.6,1,random,0.8,1,gather-scatter,0.6,1,scatter-gather,0.8,1,gather-scatter,0.8,1,gather-scatter,0.8
amlc_01085,HI-Small,1,fan-in,1.0,0.9684006351756466,1,fan-in,0.99267024,1,fan-in,0.99913615,1,fan-in,0.9867356743589842,1,fan-in,1,fan-out,0.8,1,gather-scatter,0.6,1,fan-out,0.8,1,random,0.8,1,gather-scatter,0.8,1,gather-scatter,0.8,0,,0.5
amlc_01086,HI-Small,1,fan-in,1.0,0.9771450716541192,1,fan-in,0.9969166,1,fan-in,0.99956673,1,fan-in,0.9912094658707904,1,fan-in,1,fan-in,0.6,0,,0.7,1,fan-in,0.6,1,gather-scatter,0.6,1,fan-in,0.8,1,fan-in,0.8,1,fan-in,0.8
amlc_01087,HI-Small,1,fan-in,1.0,0.9722039602401508,1,fan-in,0.9896654,1,fan-in,0.99827147,1,fan-in,0.9867136048675462,1,fan-in,1,fan-in,0.8,0,,0.7,1,fan-in,0.8,1,bipartite,0.8,1,fan-in,0.8,0,,0.7,1,fan-in,0.8
amlc_01088,HI-Small,1,fan-in,1.0,0.972764526909408,1,fan-in,0.9942538,1,fan-in,0.9976985,1,fan-in,0.9882389423270416,1,fan-in,1,fan-in,0.6,1,fan-in,0.6,1,fan-in,0.8,1,gather-scatter,0.6,1,fan-in,0.8,1,fan-in,0.8,1,fan-in,0.8
amlc_01089,HI-Small,1,legit,1.0,0.0005451598919435,0,random,0.0017608252,0,stack,0.19365434,0,random,0.065320109514441,0,random,1,fan-out,0.6,1,fan-out,0.8,1,random,0.8,1,random,0.8,1,fan-out,0.8,1,fan-out,0.8,1,scatter-gather,0.8
amlc_01090,HI-Small,0,legit,483.5610098176718,3.792985615272787e-05,0,bipartite,1.3015631e-05,0,bipartite,0.0145602245,0,bipartite,0.0048703899919564,0,bipartite,1,scatter-gather,0.6,1,gather-scatter,0.8,1,gather-scatter,0.8,1,gather-scatter,0.6,1,gather-scatter,0.8,0,,0.7,1,gather-scatter,0.8
amlc_01091,HI-Small,1,legit,1.0,0.0408552631123918,0,bipartite,0.047772784,0,bipartite,0.23972435,0,bipartite,0.1094507999514228,0,bipartite,1,scatter-gather,0.8,0,,0.5,0,,0.7,1,gather-scatter,0.8,1,stack,0.8,1,gather-scatter,0.8,0,,0.7
amlc_01092,HI-Small,0,legit,1.0,0.8823745387886517,1,bipartite,0.9601194,1,bipartite,0.0032251198,0,bipartite,0.6152396949411946,0,bipartite,0,,0.7,0,,0.7,0,,0.7,1,gather-scatter,0.6,0,,0.7,1,fan-out,0.8,0,,0.7
amlc_01093,HI-Small,0,legit,469.33800841514727,1.2230260281010117e-05,0,bipartite,1.2208553e-05,0,bipartite,0.095485166,0,bipartite,0.0318365348428383,0,bipartite,1,fan-out,0.6,1,fan-out,0.6,1,fan-out,0.8,1,gather-scatter,0.8,1,scatter-gather,0.8,1,gather-scatter,0.8,0,,0.5
amlc_01094,HI-Small,0,legit,483.5610098176718,0.0001107374551449,0,bipartite,5.4663968e-05,0,bipartite,0.015234893,0,bipartite,0.0051334315368761,0,bipartite,1,fan-out,0.6,1,gather-scatter,0.6,1,fan-out,0.6,1,gather-scatter,0.6,1,gather-scatter,0.8,1,gather-scatter,0.8,0,,0.5
amlc_01095,HI-Small,0,legit,483.5610098176718,5.441851572335686e-05,0,stack,1.0485109e-05,0,stack,0.014146087,0,bipartite,0.0047369967947828,0,stack,1,stack,0.8,1,gather-scatter,0.8,1,gather-scatter,0.8,1,gather-scatter,0.6,1,gather-scatter,0.8,0,,0.7,0,,0.5
amlc_01096,HI-Small,1,legit,1.0,0.0799748350227925,0,fan-in,0.017800182,0,fan-in,0.046469305,0,fan-in,0.0480814406125099,0,fan-in,1,fan-in,0.6,1,fan-in,0.6,1,fan-in,0.6,1,gather-scatter,0.6,1,fan-in,0.8,1,gather-scatter,0.8,1,fan-in,0.8
amlc_01097,HI-Small,1,legit,1.0,0.0029014548676013,0,gather-scatter,0.0022539399,0,gather-scatter,0.026001906,0,gather-scatter,0.010385766917775,0,gather-scatter,0,,0.5,0,,0.5,1,fan-out,0.8,1,gather-scatter,0.6,1,fan-out,0.8,0,,0.7,0,,0.5
amlc_01098,HI-Small,0,legit,469.33800841514727,0.0064507260212393,0,fan-in,0.0011641615,0,fan-in,0.049458954,0,fan-in,0.019024613996089,0,fan-in,1,gather-scatter,0.6,1,fan-in,0.6,1,fan-in,0.6,1,gather-scatter,0.6,1,fan-in,0.8,1,fan-in,0.8,1,stack,0.8
amlc_01099,HI-Small,0,legit,483.5610098176718,1.6000129233501687e-05,0,fan-in,1.5016824e-05,0,fan-in,0.01835467,0,bipartite,0.0061285620556306,0,fan-in,1,gather-scatter,0.6,1,gather-scatter,0.6,0,cycle,0.7,1,gather-scatter,0.6,1,scatter-gather,0.8,1,gather-scatter,0.8,0,,0.7
amlc_01100,HI-Small,0,legit,469.33800841514727,1.27894805518116e-05,0,bipartite,5.421336e-06,0,fan-in,0.0013493503,0,bipartite,0.0004558537125618,0,bipartite,1,fan-out,0.6,1,fan-out,0.8,1,fan-out,0.8,1,gather-scatter,0.6,1,fan-out,0.8,1,gather-scatter,0.8,0,,0.5
amlc_01101,HI-Small,0,legit,1.0,0.8989967668475094,1,bipartite,0.83434755,1,bipartite,0.7109952,0,bipartite,0.8147798367480895,1,bipartite,0,,0.7,0,,0.5,1,fan-in,0.8,1,fan-in,0.6,1,fan-in,0.8,0,fan-in,0.7,0,,0.7
amlc_01102,HI-Small,0,legit,483.5610098176718,0.0038196406897028,0,gather-scatter,0.0023966152,0,gather-scatter,0.03490923,0,gather-scatter,0.0137084952124661,0,gather-scatter,0,,0.5,0,,0.5,1,fan-out,0.8,1,random,0.8,1,fan-out,0.8,0,,0.7,0,,0.5
amlc_01103,HI-Small,0,legit,483.5610098176718,8.97214539989327e-05,0,bipartite,8.16194e-05,0,bipartite,0.017619915,0,bipartite,0.0059304187203854,0,bipartite,1,fan-in,0.6,1,fan-in,0.6,1,fan-in,0.6,1,gather-scatter,0.6,1,fan-in,0.8,1,fan-in,0.8,1,fan-in,0.8
amlc_01104,HI-Small,0,legit,469.33800841514727,0.0157137175258233,0,gather-scatter,0.0035060954,0,gather-scatter,0.13256657,0,gather-scatter,0.0505954613809779,0,gather-scatter,0,,0.5,0,,0.5,1,fan-out,0.8,1,gather-scatter,0.6,1,fan-out,0.8,1,fan-out,0.8,0,,0.5
amlc_01105,HI-Small,0,legit,469.33800841514727,2.9090449939009157e-05,0,stack,1.18578e-05,0,stack,0.008133089,0,stack,0.002724679139939,0,stack,1,gather-scatter,0.8,0,stack,0.7,0,,0.7,1,random,0.8,1,fan-out,0.8,1,bipartite,0.8,1,gather-scatter,0.8
amlc_01106,HI-Small,0,legit,483.5610098176718,3.0104844927036863e-05,0,bipartite,1.2202802e-05,0,stack,0.029387925,0,bipartite,0.009810077489131,0,bipartite,1,fan-out,0.6,1,fan-out,0.6,1,gather-scatter,0.8,1,random,0.8,1,fan-out,0.8,1,fan-out,0.8,0,,0.5
amlc_01107,HI-Small,0,legit,483.5610098176718,3.262223520070093e-05,0,random,1.2917126e-05,0,bipartite,0.03516018,0,bipartite,0.0117352398474174,0,bipartite,1,scatter-gather,0.6,1,scatter-gather,0.6,1,fan-out,0.6,1,random,0.8,1,scatter-gather,0.8,1,stack,0.8,0,,0.5
amlc_01108,HI-Small,0,legit,469.33800841514727,1.3176608751670965e-05,0,bipartite,1.2494193e-05,0,bipartite,0.09007032,0,random,0.0300319976524215,0,bipartite,1,fan-out,0.6,1,fan-out,0.6,1,fan-out,0.6,1,gather-scatter,0.8,1,gather-scatter,0.8,1,bipartite,0.8,1,fan-out,0.8
amlc_01109,HI-Small,1,legit,1.0,0.2830483837318355,0,fan-in,0.42189246,0,fan-in,0.9709566,1,fan-in,0.5586324904823282,0,fan-in,1,fan-out,0.6,1,gather-scatter,0.6,1,gather-scatter,0.8,1,gather-scatter,0.6,1,fan-out,0.8,1,gather-scatter,0.8,1,stack,0.8
amlc_01110,HI-Small,0,legit,483.5610098176718,7.478737044067175e-05,0,stack,2.6550022e-05,0,stack,0.020730395,0,bipartite,0.0069439107541894,0,stack,1,gather-scatter,0.8,1,gather-scatter,0.6,0,,0.7,1,gather-scatter,0.6,1,gather-scatter,0.8,1,stack,0.8,1,gather-scatter,0.8
amlc_01111,HI-Small,0,legit,483.5610098176718,1.4323731996354334e-05,0,bipartite,1.092672e-05,0,stack,0.014049721,0,stack,0.0046916571342332,0,stack,1,gather-scatter,0.6,1,fan-out,0.6,1,gather-scatter,0.6,1,gather-scatter,0.8,1,bipartite,0.8,1,gather-scatter,0.8,1,gather-scatter,0.8
amlc_01112,HI-Small,0,legit,469.33800841514727,0.0019449797120956,0,gather-scatter,0.0017909084,0,gather-scatter,0.06696334,0,gather-scatter,0.0235664084906716,0,gather-scatter,0,,0.5,0,,0.5,0,fan-out,0.7,1,gather-scatter,0.6,1,fan-out,0.8,0,,0.7,0,,0.5
amlc_01113,HI-Small,1,legit,1.0,0.0018885096942631,0,gather-scatter,0.0015186955,0,gather-scatter,0.05792419,0,gather-scatter,0.0204437979555253,0,gather-scatter,0,,0.5,0,,0.5,1,fan-out,0.8,1,gather-scatter,0.8,1,fan-out,0.8,0,,0.7,0,,0.5
amlc_01114,HI-Small,0,legit,469.33800841514727,0.0002092064233655,0,bipartite,0.00011585476,0,bipartite,0.06724111,0,bipartite,0.0225220570304057,0,bipartite,1,gather-scatter,0.6,1,fan-out,0.6,1,scatter-gather,0.6,1,gather-scatter,0.8,1,fan-out,0.8,1,fan-out,0.8,1,fan-out,0.8
amlc_01115,HI-Small,0,legit,483.5610098176718,1.9878188359087688e-05,0,stack,1.38549685e-05,0,stack,0.027662128,0,stack,0.0092319537889852,0,stack,1,fan-out,0.6,1,fan-out,0.6,1,fan-out,0.8,1,gather-scatter,0.6,1,gather-scatter,0.8,1,gather-scatter,0.8,1,gather-scatter,0.8
amlc_01116,HI-Small,0,legit,469.33800841514727,1.2607299679777075e-05,0,bipartite,3.825625e-06,0,fan-in,0.00050636753,0,bipartite,0.000174266819641,0,bipartite,1,scatter-gather,0.8,1,fan-out,0.6,1,fan-out,0.8,1,gather-scatter,0.6,1,scatter-gather,0.8,1,gather-scatter,0.8,1,scatter-gather,0.8
amlc_01117,HI-Small,0,legit,469.33800841514727,1.349058125873383e-05,0,scatter-gather,3.7419209e-06,0,fan-in,0.00319504,0,fan-out,0.001070757476694,0,fan-out,1,fan-out,0.6,1,fan-out,0.6,1,fan-out,0.8,1,gather-scatter,0.6,1,scatter-gather,0.8,0,,0.7,0,,0.5
amlc_01118,HI-Small,0,legit,483.5610098176718,0.0004934070357681,0,scatter-gather,6.4026564e-05,0,stack,0.013973405,0,stack,0.004843612751166,0,stack,1,fan-out,0.6,1,fan-out,0.6,1,fan-out,0.8,1,gather-scatter,0.6,1,gather-scatter,0.8,1,gather-scatter,0.8,1,gather-scatter,0.8
amlc_01119,HI-Small,0,legit,469.33800841514727,1.1878209956312056e-05,0,bipartite,8.146651e-06,0,fan-in,0.006415556,0,bipartite,0.0021451936821189,0,bipartite,1,fan-in,0.6,1,fan-in,0.6,1,fan-in,0.8,1,gather-scatter,0.6,1,fan-in,0.8,1,fan-in,0.8,1,fan-in,0.8
amlc_01120,HI-Small,0,legit,483.5610098176718,0.0008884674398398,0,fan-out,0.00083896704,0,fan-out,0.020643173,0,fan-out,0.0074568690885535,0,fan-out,0,,0.5,0,,0.5,1,fan-out,0.8,1,gather-scatter,0.6,1,fan-out,0.8,0,,0.7,0,,0.5
amlc_01121,HI-Small,1,legit,1.0,0.0066570921574196,0,fan-in,0.008629362,0,fan-in,0.46863332,0,fan-in,0.1613065927213814,0,fan-in,1,fan-out,0.6,1,fan-out,0.6,1,fan-out,0.8,1,gather-scatter,0.6,1,gather-scatter,0.8,1,gather-scatter,0.8,0,,0.5
amlc_01122,HI-Small,0,legit,1.0,0.790062855553427,0,stack,0.3500418,0,stack,0.22291508,0,stack,0.4543399151404032,0,stack,1,fan-in,0.6,0,,0.5,1,fan-in,0.6,1,gather-scatter,0.6,1,fan-in,0.8,1,gather-scatter,0.8,1,gather-scatter,0.8
amlc_01123,HI-Small,0,legit,469.33800841514727,0.0019384019805239,0,stack,0.0013949347,0,fan-out,0.0041157803,0,stack,0.002483039016591,0,stack,0,,0.5,0,,0.5,1,fan-out,0.8,1,gather-scatter,0.8,1,fan-out,0.8,1,fan-out,0.8,0,,0.5
amlc_01124,HI-Small,0,legit,469.33800841514727,4.9729195163664605e-05,0,bipartite,4.4526943e-05,0,fan-in,0.0022806139,0,bipartite,0.0007916233372338,0,bipartite,1,gather-scatter,0.8,1,scatter-gather,0.6,1,bipartite,0.8,1,gather-scatter,0.8,1,scatter-gather,0.8,1,gather-scatter,0.8,1,gather-scatter,0.8
amlc_01125,HI-Small,0,legit,469.33800841514727,1.462536439245956e-05,0,fan-in,9.990255e-06,0,fan-out,0.0016170054,0,bipartite,0.0005472070213151,0,fan-out,0,,0.7,1,fan-out,0.6,1,fan-out,0.8,1,gather-scatter,0.8,1,gather-scatter,0.8,1,gather-scatter,0.8,1,gather-scatter,0.8
amlc_01126,HI-Small,0,legit,483.5610098176718,4.153377249943002e-05,0,stack,1.1543134e-05,0,stack,0.030396482,0,stack,0.0101498529607877,0,stack,1,fan-out,0.8,1,gather-scatter,0.6,1,fan-out,0.8,1,gather-scatter,0.8,1,fan-out,0.8,1,gather-scatter,0.8,1,fan-out,0.8
amlc_01127,HI-Small,0,legit,469.33800841514727,0.0143042075711344,0,gather-scatter,0.008263385,0,gather-scatter,0.4292634,0,gather-scatter,0.1506103351489654,0,gather-scatter,0,,0.5,0,,0.5,0,,0.5,0,,0.5,0,,0.5,0,,0.5,0,,0.5
amlc_01128,HI-Small,0,legit,469.33800841514727,0.0001133004505994,0,bipartite,7.407029e-05,0,bipartite,0.00978522,0,bipartite,0.0033241969221812,0,bipartite,1,fan-in,0.6,0,cycle,0.7,1,fan-in,0.6,1,fan-in,0.6,0,,0.7,1,fan-in,0.8,1,fan-in,0.8
amlc_01129,HI-Small,0,legit,469.33800841514727,4.173102860400776e-05,0,random,0.00030525535,0,stack,0.047457032,0,stack,0.0159346727617925,0,stack,1,scatter-gather,0.6,1,fan-out,0.6,1,fan-out,0.8,1,stack,0.8,1,scatter-gather,0.8,1,gather-scatter,0.8,0,,0.5
amlc_01130,HI-Small,0,legit,483.5610098176718,6.242615558582649e-05,0,scatter-gather,1.744879e-05,0,scatter-gather,0.012061893,0,scatter-gather,0.0040472559848979,0,scatter-gather,1,gather-scatter,0.6,1,gather-scatter,0.6,1,fan-in,0.8,1,gather-scatter,0.8,1,gather-scatter,0.8,1,gather-scatter,0.8,1,gather-scatter,0.8
amlc_01131,HI-Small,0,legit,1.0,0.8277384323951471,1,bipartite,0.660479,0,bipartite,0.026789907,0,bipartite,0.5050024496375477,0,bipartite,0,,0.7,0,cycle,0.7,1,gather-scatter,0.8,1,gather-scatter,0.6,0,,0.7,1,gather-scatter,0.8,0,,0.7
amlc_01132,HI-Small,0,legit,1.0,0.7948159231848827,0,bipartite,0.7025197,0,bipartite,0.030384723,0,bipartite,0.5092401203714249,0,bipartite,0,cycle,0.7,0,,0.7,0,,0.7,0,stack,0.7,0,,0.7,0,,0.7,0,,0.7
amlc_01133,HI-Small,0,legit,1.0,0.8291330892323581,1,bipartite,0.86712825,1,bipartite,0.21022299,0,bipartite,0.6354947771787355,0,bipartite,1,fan-out,0.6,1,fan-out,0.6,1,gather-scatter,0.8,1,gather-scatter,0.8,1,gather-scatter,0.8,1,gather-scatter,0.8,1,gather-scatter,0.8
amlc_01134,HI-Small,0,legit,469.33800841514727,0.0009144669602889,0,bipartite,0.0016499895,0,bipartite,0.11414234,0,bipartite,0.0389022666252927,0,bipartite,0,,0.5,0,,0.5,1,random,0.8,1,gather-scatter,0.8,1,fan-out,0.8,0,,0.7,0,,0.5
amlc_01135,HI-Small,0,legit,469.33800841514727,0.0006733774986775,0,bipartite,0.00025646616,0,bipartite,0.1924067,0,bipartite,0.0644455142384924,0,bipartite,1,gather-scatter,0.6,1,scatter-gather,0.8,1,scatter-gather,0.8,1,gather-scatter,0.8,1,scatter-gather,0.8,1,gather-scatter,0.8,0,,0.5
amlc_01136,HI-Small,0,legit,469.33800841514727,0.000143785453379,0,bipartite,0.0001450722,0,bipartite,0.04309086,0,bipartite,0.0144599063162772,0,bipartite,1,fan-out,0.6,1,fan-out,0.6,1,fan-out,0.8,1,gather-scatter,0.8,1,fan-out,0.8,1,fan-out,0.8,0,,0.5
amlc_01137,HI-Small,0,legit,1.0,0.7964405542576608,0,bipartite,0.7892219,0,bipartite,0.2637959,0,bipartite,0.6164861164478559,0,bipartite,1,fan-in,0.6,1,fan-in,0.6,1,random,0.8,1,gather-scatter,0.6,1,fan-in,0.8,1,fan-in,0.8,1,fan-in,0.8
amlc_01138,HI-Small,0,legit,483.5610098176718,1.2903196330078392e-05,0,bipartite,9.887432e-06,0,bipartite,0.036277875,0,bipartite,0.0121002219773801,0,bipartite,1,fan-out,0.6,1,fan-out,0.6,1,scatter-gather,0.8,1,gather-scatter,0.8,1,gather-scatter,0.8,1,gather-scatter,0.8,1,gather-scatter,0.8
amlc_01139,HI-Small,0,legit,469.33800841514727,3.741049457460389e-05,0,random,2.3236125e-05,0,bipartite,0.049802564,0,bipartite,0.0166210702348161,0,bipartite,1,scatter-gather,0.6,0,cycle,0.7,0,,0.7,1,gather-scatter,0.6,1,gather-scatter,0.8,1,gather-scatter,0.8,1,gather-scatter,0.8
amlc_01140,HI-Small,0,legit,469.33800841514727,1.282353503683149e-05,0,scatter-gather,3.6499564e-06,0,fan-in,0.0040917657,0,bipartite,0.0013694130743358,0,fan-in,1,fan-out,0.6,1,gather-scatter,0.6,1,fan-out,0.6,1,gather-scatter,0.6,1,fan-out,0.8,1,gather-scatter,0.8,1,fan-out,0.8
amlc_01141,HI-Small,0,legit,483.5610098176718,1.3455414700563476e-05,0,bipartite,8.633428e-06,0,bipartite,0.014497255,0,bipartite,0.0048397812724699,0,bipartite,1,fan-out,0.6,1,fan-out,0.6,1,random,0.8,1,gather-scatter,0.8,1,gather-scatter,0.8,1,random,0.8,1,gather-scatter,0.8
amlc_01142,HI-Small,0,legit,469.33800841514727,0.001060118253699,0,random,0.00020363872,0,stack,0.0009642091,0,stack,0.0007426553525752,0,stack,0,cycle,0.7,0,,0.7,0,,0.7,1,random,0.8,0,,0.7,0,,0.7,0,,0.7
amlc_01143,HI-Small,0,legit,1.0,0.8807355187767175,1,bipartite,0.76927125,0,bipartite,0.15188454,0,bipartite,0.6006304380772322,0,bipartite,0,,0.7,0,,0.7,0,,0.7,0,,0.7,0,,0.7,0,,0.7,0,,0.7
amlc_01144,HI-Small,1,legit,1.0,0.0059397272898534,0,gather-scatter,0.01414981,0,gather-scatter,0.1296226,0,gather-scatter,0.0499040436664813,0,gather-scatter,0,,0.5,0,,0.5,0,,0.5,0,,0.5,0,,0.5,0,,0.5,0,,0.5
amlc_01145,HI-Small,0,legit,469.33800841514727,1.273464162312749e-05,0,stack,8.941966e-06,0,bipartite,0.011204748,0,bipartite,0.0037421416741502,0,bipartite,1,fan-out,0.8,1,fan-out,0.6,1,fan-out,0.6,1,gather-scatter,0.6,1,fan-out,0.8,1,fan-out,0.8,0,,0.5
amlc_01146,HI-Small,0,legit,483.5610098176718,1.2889077348254088e-05,0,bipartite,3.9989363e-06,0,bipartite,0.020661244,0,bipartite,0.0068927107275205,0,bipartite,1,scatter-gather,0.6,1,gather-scatter,0.6,1,gather-scatter,0.8,1,gather-scatter,0.6,1,gather-scatter,0.8,1,gather-scatter,0.8,1,gather-scatter,0.8
amlc_01147,HI-Small,0,legit,469.33800841514727,1.2149050491824289e-05,0,bipartite,4.774037e-06,0,bipartite,0.011999883,0,bipartite,0.0040056019483266,0,bipartite,1,fan-in,0.8,0,,0.5,1,fan-out,0.6,1,gather-scatter,0.8,1,stack,0.8,1,stack,0.8,1,scatter-gather,0.8
amlc_01148,HI-Small,0,legit,483.5610098176718,0.0001569856408681,0,bipartite,9.738045e-05,0,bipartite,0.017212642,0,bipartite,0.0058223361488757,0,bipartite,1,gather-scatter,0.6,0,,0.5,0,,0.7,1,gather-scatter,0.8,0,,0.7,0,,0.7,0,,0.7
amlc_01149,HI-Small,1,legit,1.0,0.0185074947539826,0,fan-out,0.000956226,0,fan-out,0.037094038,0,fan-out,0.0188525862525564,0,fan-out,0,,0.5,0,,0.5,0,,0.7,1,fan-out,0.6,1,fan-out,0.8,0,,0.7,0,,0.5
amlc_01150,HI-Small,0,legit,483.5610098176718,1.3939268898268274e-05,0,bipartite,1.3679336e-05,0,stack,0.012064629,0,random,0.0040307492797596,0,stack,1,fan-out,0.6,1,gather-scatter,0.6,1,fan-out,0.8,1,gather-scatter,0.6,1,gather-scatter,0.8,1,gather-scatter,0.8,1,gather-scatter,0.8
amlc_01151,HI-Small,0,legit,483.5610098176718,7.803839707387949e-05,0,bipartite,7.99572e-05,0,bipartite,0.025320996,0,bipartite,0.0084929970656338,0,bipartite,0,,0.7,0,,0.5,0,stack,0.7,1,gather-scatter,0.6,0,,0.7,0,,0.7,0,,0.7
amlc_01152,HI-Small,0,legit,469.33800841514727,5.618795960673378e-05,0,bipartite,7.0745635e-05,0,bipartite,0.0078816,0,bipartite,0.0026695113346942,0,bipartite,1,random,0.8,0,cycle,0.7,1,random,0.8,1,fan-in,0.6,1,random,0.8,1,fan-in,0.8,1,bipartite,0.8
amlc_01153,HI-Small,1,legit,1.0,0.0035205384686836,0,stack,0.010125269,0,stack,0.3297556,0,stack,0.1144671373059434,0,stack,1,gather-scatter,0.8,1,gather-scatter,0.6,1,bipartite,0.8,1,gather-scatter,0.6,1,gather-scatter,0.8,1,gather-scatter,0.8,1,gather-scatter,0.8
amlc_01154,HI-Small,1,legit,1.0,0.0078358459557328,0,gather-scatter,0.013796696,0,gather-scatter,0.0893399,0,gather-scatter,0.0369908131438902,0,gather-scatter,0,,0.5,0,,0.5,1,fan-out,0.8,1,gather-scatter,0.8,1,fan-out,0.8,0,,0.7,0,,0.5
amlc_01155,HI-Small,0,legit,483.5610098176718,1.2961158637451487e-05,0,bipartite,9.551019e-06,0,stack,0.012643622,0,stack,0.004222044803898,0,stack,1,stack,0.8,1,gather-scatter,0.6,1,gather-scatter,0.8,1,gather-scatter,0.8,1,gather-scatter,0.8,1,gather-scatter,0.8,1,gather-scatter,0.8
amlc_01156,HI-Small,0,legit,1.0,0.7946471822682785,0,bipartite,0.8695923,1,bipartite,0.08902373,0,bipartite,0.5844210743051028,0,bipartite,1,fan-out,0.6,0,,0.7,0,,0.7,0,,0.7,1,gather-scatter,0.8,1,gather-scatter,0.8,0,,0.7
amlc_01157,HI-Small,0,legit,483.5610098176718,0.0002417557028681,0,bipartite,0.000103516155,0,bipartite,0.022099804,0,bipartite,0.0074816919969891,0,bipartite,1,fan-in,0.8,1,gather-scatter,0.6,1,random,0.8,1,gather-scatter,0.8,1,gather-scatter,0.8,1,gather-scatter,0.8,1,gather-scatter,0.8
amlc_01158,HI-Small,0,legit,483.5610098176718,0.001864142998315,0,bipartite,0.0004605093,0,bipartite,0.0355281,0,bipartite,0.0126175844411544,0,bipartite,0,,0.7,0,,0.7,0,,0.7,0,,0.7,0,,0.7,0,,0.7,0,,0.7
amlc_01159,HI-Small,0,legit,469.33800841514727,2.120388514272978e-05,0,stack,2.3716511e-05,0,stack,0.05163899,0,stack,0.0172279703457111,0,stack,1,fan-out,0.6,1,fan-out,0.6,1,fan-out,0.8,1,random,0.8,1,scatter-gather,0.8,1,scatter-gather,0.8,0,,0.5
amlc_01160,HI-Small,0,legit,483.5610098176718,6.917637151535405e-05,0,scatter-gather,2.9113668e-05,0,scatter-gather,0.027973205,0,scatter-gather,0.0093571649634057,0,scatter-gather,1,cycle,0.8,1,fan-out,0.8,1,random,0.8,1,gather-scatter,0.6,1,stack,0.8,1,stack,0.8,1,gather-scatter,0.8
amlc_01161,HI-Small,1,legit,1.0,0.1405999891145666,0,fan-in,0.074718684,0,fan-in,0.30624777,0,fan-in,0.1738554812863018,0,fan-in,1,gather-scatter,0.6,1,gather-scatter,0.6,1,random,0.8,1,gather-scatter,0.6,1,gather-scatter,0.8,1,gather-scatter,0.8,1,gather-scatter,0.8
amlc_01162,HI-Small,0,legit,483.5610098176718,2.0183498777974624e-05,0,bipartite,1.762036e-05,0,bipartite,0.02025089,0,random,0.006762898087374,0,bipartite,1,fan-out,0.6,1,fan-out,0.6,1,scatter-gather,0.8,1,cycle,0.8,1,scatter-gather,0.8,1,scatter-gather,0.8,1,scatter-gather,0.8
amlc_01163,HI-Small,0,legit,483.5610098176718,0.0011322012861647,0,fan-out,0.0015282038,0,fan-out,0.033229627,0,fan-out,0.0119633439459967,0,fan-out,0,,0.5,0,,0.5,0,,0.5,0,,0.5,1,fan-out,0.8,1,fan-out,0.8,0,,0.5
amlc_01164,HI-Small,0,legit,469.33800841514727,0.0014020798109459,0,bipartite,0.00032305598,0,bipartite,0.17728399,0,bipartite,0.0596697077317624,0,bipartite,1,fan-in,0.6,0,,0.7,1,fan-in,0.6,1,gather-scatter,0.8,1,fan-in,0.8,1,gather-scatter,0.8,1,fan-in,0.8
amlc_01165,HI-Small,0,legit,483.5610098176718,1.4118732170469724e-05,0,bipartite,1.0489604e-05,0,stack,0.029842332,0,bipartite,0.0099556467806878,0,bipartite,1,fan-out,0.8,1,gather-scatter,0.6,1,scatter-gather,0.8,1,bipartite,0.8,1,gather-scatter,0.8,1,gather-scatter,0.8,1,gather-scatter,0.8
amlc_01166,HI-Small,0,legit,483.5610098176718,1.4511183579624364e-05,0,bipartite,3.9821916e-06,0,bipartite,0.019626567,0,bipartite,0.0065483535051433,0,bipartite,1,fan-out,0.6,1,fan-out,0.6,1,fan-out,0.8,1,scatter-gather,0.6,1,fan-out,0.8,1,scatter-gather,0.8,0,,0.5
amlc_01167,HI-Small,0,legit,483.5610098176718,1.272538632394115e-05,0,fan-in,2.4761586e-05,0,fan-in,0.03841474,0,bipartite,0.012817408681631,0,fan-in,1,gather-scatter,0.6,1,fan-out,0.6,1,scatter-gather,0.8,1,gather-scatter,0.6,1,gather-scatter,0.8,1,gather-scatter,0.8,1,gather-scatter,0.8
amlc_01168,HI-Small,0,legit,1.0,0.8230595891086019,1,bipartite,0.6897944,0,bipartite,0.044113815,0,bipartite,0.5189892750451219,0,bipartite,0,,0.7,0,,0.7,0,,0.7,0,,0.7,0,,0.7,0,,0.7,0,,0.7
amlc_01169,HI-Small,1,legit,1.0,0.0005222847843012,0,fan-out,0.000595514,0,fan-out,0.026341002,0,fan-out,0.0091529337470243,0,fan-out,0,,0.5,0,,0.5,0,,0.5,0,,0.5,1,fan-out,0.8,0,,0.7,0,,0.5
amlc_01170,HI-Small,0,legit,483.5610098176718,0.0004421280487486,0,fan-out,9.283909e-05,0,fan-out,0.020868141,0,fan-out,0.0071343694467229,0,fan-out,0,,0.5,0,,0.5,1,fan-out,0.8,0,,0.7,1,fan-out,0.8,0,,0.7,0,,0.5
amlc_01171,HI-Small,0,legit,469.33800841514727,2.7853820069503135e-05,0,bipartite,2.643144e-05,0,bipartite,0.08092394,0,bipartite,0.0269927408405069,0,bipartite,1,fan-out,0.6,1,fan-out,0.6,1,fan-out,0.6,1,random,0.8,1,gather-scatter,0.8,1,gather-scatter,0.8,1,scatter-gather,0.8
amlc_01172,HI-Small,0,legit,1.0,0.3367644566399921,0,bipartite,0.05706363,0,bipartite,0.8539635,1,bipartite,0.4159305275514082,0,bipartite,1,scatter-gather,0.6,1,fan-out,0.6,1,scatter-gather,0.8,1,random,0.8,1,gather-scatter,0.8,0,,0.7,0,,0.5
amlc_01173,HI-Small,0,legit,469.33800841514727,8.678291847883011e-05,0,random,3.332373e-05,0,stack,0.04894156,0,stack,0.0163538889125022,0,stack,0,,0.5,0,,0.5,1,fan-out,0.8,1,gather-scatter,0.8,1,scatter-gather,0.8,1,fan-out,0.8,0,,0.5
amlc_01174,HI-Small,0,legit,469.33800841514727,0.001017968332169,0,fan-out,0.0009900528,0,fan-out,0.008504257,0,fan-out,0.0035040925873932,0,fan-out,0,,0.5,0,,0.5,1,fan-out,0.8,1,gather-scatter,0.6,1,fan-out,0.8,0,,0.7,0,,0.5
amlc_01175,HI-Small,0,legit,469.33800841514727,0.0270825853001047,0,stack,0.0009820119,0,stack,0.039472006,0,stack,0.0225122011542227,0,stack,1,fan-out,0.6,1,fan-out,0.6,1,fan-out,0.6,1,gather-scatter,0.8,1,fan-out,0.8,1,gather-scatter,0.8,1,scatter-gather,0.8
amlc_01176,HI-Small,1,legit,1.0,0.0363188434472725,0,fan-in,0.0400376,0,fan-in,0.7432682,0,fan-in,0.2732082112408693,0,fan-in,1,fan-in,0.6,1,fan-in,0.6,1,fan-in,0.8,1,gather-scatter,0.6,1,gather-scatter,0.8,1,gather-scatter,0.8,1,gather-scatter,0.8
amlc_01177,HI-Small,0,legit,483.5610098176718,0.0001055870235796,0,bipartite,0.00012495431,0,bipartite,0.011871778,0,bipartite,0.0040341065809019,0,bipartite,1,gather-scatter,0.6,1,fan-in,0.6,1,fan-in,0.6,1,gather-scatter,0.6,1,gather-scatter,0.8,1,gather-scatter,0.8,1,gather-scatter,0.8
amlc_01178,HI-Small,0,legit,483.5610098176718,8.302050597501006e-05,0,bipartite,5.7301782e-05,0,bipartite,0.04116983,0,bipartite,0.0137700506516507,0,bipartite,1,fan-in,0.8,0,cycle,0.7,0,,0.7,1,fan-in,0.6,0,,0.7,0,,0.7,0,,0.7
amlc_01179,HI-Small,0,legit,483.5610098176718,0.0003239221002173,0,random,0.00014537311,0,stack,0.020026239,0,stack,0.0068318446148873,0,stack,1,scatter-gather,0.8,1,gather-scatter,0.6,0,,0.7,1,gather-scatter,0.8,1,gather-scatter,0.8,0,,0.7,1,gather-scatter,0.8
amlc_01180,HI-Small,0,legit,1.0,0.7173610659063195,0,bipartite,0.55147505,0,bipartite,0.4444527,0,bipartite,0.57109627232354,0,bipartite,1,fan-in,0.6,1,fan-in,0.6,1,random,0.8,1,gather-scatter,0.8,1,fan-in,0.8,1,fan-in,0.8,1,fan-in,0.8
amlc_01181,HI-Small,0,legit,1.0,0.7615928844173676,0,bipartite,0.5553615,0,bipartite,0.10078851,0,bipartite,0.4725809683587791,0,bipartite,0,,0.7,0,,0.7,0,,0.7,1,gather-scatter,0.6,1,stack,0.8,0,,0.7,1,stack,0.8
amlc_01182,HI-Small,0,legit,469.33800841514727,0.0245870381337487,0,random,0.023821205,0,random,0.05839331,0,random,0.0356005179299938,0,random,1,fan-out,0.6,1,fan-out,0.6,1,fan-out,0.8,1,gather-scatter,0.8,1,fan-out,0.8,0,,0.7,0,,0.5
amlc_01183,HI-Small,0,legit,469.33800841514727,1.3072350368665204e-05,0,bipartite,1.0971364e-05,0,stack,0.0053515113,0,bipartite,0.0017918516699964,0,bipartite,1,fan-out,0.8,1,gather-scatter,0.6,1,fan-out,0.8,1,gather-scatter,0.8,1,fan-out,0.8,1,fan-out,0.8,0,,0.5
amlc_01184,HI-Small,0,legit,469.33800841514727,3.429041647782785e-05,0,bipartite,3.2883334e-05,0,stack,0.04785096,0,bipartite,0.0159727109177882,0,bipartite,1,gather-scatter,0.6,1,scatter-gather,0.6,1,gather-scatter,0.8,1,gather-scatter,0.8,1,scatter-gather,0.8,1,scatter-gather,0.8,1,scatter-gather,0.8
amlc_01185,HI-Small,1,scatter-gather,1.0,0.9900270432976584,1,scatter-gather,0.9978636,1,scatter-gather,0.9987667,1,scatter-gather,0.9955524514366422,1,scatter-gather,1,gather-scatter,0.6,1,fan-out,0.6,1,gather-scatter,0.8,1,gather-scatter,0.8,1,gather-scatter,0.8,1,gather-scatter,0.8,1,gather-scatter,0.8
amlc_01186,HI-Small,1,scatter-gather,1.0,0.9162761450821716,1,scatter-gather,0.9455242,1,scatter-gather,0.9956029,1,scatter-gather,0.9524677555102294,1,scatter-gather,1,fan-out,0.8,1,gather-scatter,0.6,1,random,0.8,1,gather-scatter,0.6,1,gather-scatter,0.8,1,gather-scatter,0.8,1,gather-scatter,0.8
amlc_01187,HI-Small,1,scatter-gather,1.0,0.987705306046996,1,scatter-gather,0.9991268,1,scatter-gather,0.9968573,1,scatter-gather,0.9945631278335364,1,scatter-gather,1,scatter-gather,0.6,1,gather-scatter,0.6,1,fan-out,0.6,1,random,0.8,1,gather-scatter,0.8,1,gather-scatter,0.8,1,gather-scatter,0.8
amlc_01188,HI-Small,1,scatter-gather,1.0,0.7408420237068271,0,fan-in,0.95884687,1,scatter-gather,0.90029967,1,fan-in,0.8666628530344677,1,fan-in,1,random,0.8,1,fan-in,0.6,1,fan-in,0.6,1,gather-scatter,0.6,1,gather-scatter,0.8,1,gather-scatter,0.8,1,fan-in,0.8
amlc_01189,HI-Small,1,scatter-gather,1.0,0.9928803343941588,1,scatter-gather,0.9997581,1,scatter-gather,0.9954244,1,scatter-gather,0.9960209495282776,1,scatter-gather,1,fan-out,0.8,1,scatter-gather,0.6,1,fan-out,0.8,1,gather-scatter,0.8,1,gather-scatter,0.8,1,gather-scatter,0.8,1,gather-scatter,0.8
amlc_01190,HI-Small,1,scatter-gather,1.0,0.96504455173477,1,scatter-gather,0.9929622,1,scatter-gather,0.99219525,1,scatter-gather,0.9834006606355788,1,scatter-gather,1,fan-out,0.6,1,fan-out,0.6,1,fan-out,0.8,1,gather-scatter,0.6,1,fan-out,0.8,1,gather-scatter,0.8,0,,0.5
amlc_01191,HI-Small,0,legit,483.5610098176718,2.228605159253385e-05,0,bipartite,1.2765884e-05,0,random,0.025869641,0,bipartite,0.008634897796238,0,bipartite,0,,0.5,0,,0.5,0,,0.7,1,gather-scatter,0.8,1,gather-scatter,0.8,0,,0.7,0,,0.5
amlc_01192,HI-Small,0,legit,483.5610098176718,3.191119621331956e-05,0,stack,1.5356414e-05,0,stack,0.021697925,0,stack,0.0072483976713837,0,stack,1,fan-out,0.8,1,gather-scatter,0.6,1,fan-out,0.6,1,cycle,0.8,1,fan-out,0.8,1,stack,0.8,1,gather-scatter,0.8
amlc_01193,HI-Small,0,legit,483.5610098176718,0.0106036878858955,0,fan-out,0.0012546275,0,fan-out,0.017636308,0,fan-out,0.009831541271175,0,fan-out,0,,0.5,0,,0.5,0,,0.7,1,gather-scatter,0.8,1,fan-out,0.8,0,,0.7,0,,0.5
amlc_01194,HI-Small,1,legit,1.0,0.036479526188619,0,fan-in,0.046022475,0,fan-in,0.13296719,0,fan-in,0.0718230633029166,0,fan-in,1,gather-scatter,0.8,1,gather-scatter,0.6,1,fan-in,0.8,1,gather-scatter,0.6,1,fan-in,0.8,1,gather-scatter,0.8,1,fan-in,0.8
amlc_01195,HI-Small,0,legit,483.5610098176718,1.6924726776912153e-05,0,random,1.711943e-05,0,bipartite,0.020772228,0,bipartite,0.0069354240579705,0,bipartite,1,fan-out,0.8,1,fan-out,0.6,1,fan-out,0.8,1,gather-scatter,0.6,1,fan-out,0.8,1,fan-out,0.8,1,fan-out,0.8
amlc_01196,HI-Small,0,legit,469.33800841514727,0.0030045063230866,0,gather-scatter,0.0063518137,0,gather-scatter,0.098145105,0,gather-scatter,0.0358338083139218,0,gather-scatter,0,,0.5,0,,0.5,1,gather-scatter,0.8,1,gather-scatter,0.8,1,scatter-gather,0.8,0,,0.7,0,,0.5
amlc_01197,HI-Small,0,legit,483.5610098176718,0.0011076350688443,0,bipartite,0.00025500875,0,bipartite,0.02946879,0,bipartite,0.0102771445058433,0,bipartite,0,,0.7,0,,0.7,0,,0.7,0,,0.7,0,,0.7,0,,0.7,0,,0.7
amlc_01198,HI-Small,0,legit,469.33800841514727,3.322608090047898e-05,0,bipartite,9.81659e-06,0,stack,0.052779328,0,stack,0.0176074569163561,0,stack,1,fan-out,0.6,0,,0.5,1,fan-out,0.6,1,gather-scatter,0.8,1,gather-scatter,0.8,1,gather-scatter,0.8,1,gather-scatter,0.8
amlc_01199,HI-Small,0,legit,469.33800841514727,2.107847832296104e-05,0,bipartite,1.5155538e-05,0,bipartite,0.05900185,0,bipartite,0.0196793619476653,0,bipartite,1,gather-scatter,0.6,1,gather-scatter,0.6,1,gather-scatter,0.8,1,gather-scatter,0.8,1,scatter-gather,0.8,1,scatter-gather,0.8,1,gather-scatter,0.8
amlc_01200,HI-Small,0,legit,469.33800841514727,1.7127310975195885e-05,0,bipartite,1.2654069e-05,0,bipartite,0.009952204,0,bipartite,0.0033273285606415,0,bipartite,1,fan-out,0.6,1,fan-out,0.8,1,fan-out,0.8,1,scatter-gather,0.8,1,fan-out,0.8,1,fan-out,0.8,0,,0.5
amlc_01201,HI-Small,0,legit,483.5610098176718,4.386921083388649e-05,0,bipartite,1.3648552e-05,0,bipartite,0.030470436,0,bipartite,0.0101759847340306,0,bipartite,1,gather-scatter,0.6,1,gather-scatter,0.6,0,,0.7,1,cycle,0.8,1,stack,0.8,1,gather-scatter,0.8,1,gather-scatter,0.8
amlc_01202,HI-Small,0,legit,483.5610098176718,1.2884119673570863e-05,0,bipartite,9.639986e-06,0,bipartite,0.01475502,0,bipartite,0.0049258480080106,0,bipartite,1,fan-out,0.6,1,scatter-gather,0.6,1,scatter-gather,0.8,1,scatter-gather,0.8,1,fan-out,0.8,0,,0.7,0,,0.5
amlc_01203,HI-Small,0,legit,469.33800841514727,1.2939131598241393e-05,0,random,4.6994182e-06,0,fan-in,0.0070349,0,random,0.0023508462274687,0,random,1,fan-out,0.6,1,gather-scatter,0.6,1,fan-out,0.8,1,gather-scatter,0.8,1,gather-scatter,0.8,1,gather-scatter,0.8,1,gather-scatter,0.8
amlc_01204,HI-Small,0,legit,469.33800841514727,1.5132010332384623e-05,0,bipartite,6.169013e-06,0,stack,0.003988117,0,bipartite,0.001336472667636,0,bipartite,1,scatter-gather,0.6,1,fan-in,0.6,1,scatter-gather,0.8,1,gather-scatter,0.8,1,gather-scatter,0.8,1,scatter-gather,0.8,1,scatter-gather,0.8
amlc_01205,HI-Small,0,legit,469.33800841514727,1.287632751370291e-05,0,bipartite,3.885295e-06,0,fan-in,0.0017397453,0,bipartite,0.0005855022945447,0,bipartite,1,scatter-gather,0.8,1,scatter-gather,0.6,1,fan-out,0.8,1,gather-scatter,0.8,1,scatter-gather,0.8,1,gather-scatter,0.8,1,gather-scatter,0.8
amlc_01206,HI-Small,0,legit,469.33800841514727,1.826348641918432e-05,0,bipartite,1.6507716e-05,0,bipartite,0.103291765,0,bipartite,0.0344421786860286,0,bipartite,1,fan-out,0.6,1,scatter-gather,0.6,1,fan-out,0.8,1,gather-scatter,0.8,1,gather-scatter,0.8,1,gather-scatter,0.8,1,gather-scatter,0.8
amlc_01207,HI-Small,0,legit,469.33800841514727,4.635592420576066e-05,0,stack,1.81519e-05,0,stack,0.09615956,0,stack,0.0320746900978461,0,stack,1,fan-out,0.6,1,fan-in,0.6,1,scatter-gather,0.8,1,gather-scatter,0.6,1,fan-in,0.8,1,scatter-gather,0.8,1,gather-scatter,0.8
amlc_01208,HI-Small,1,legit,1.0,0.0013477615318981,0,fan-out,0.0002314129,0,fan-out,0.024111828,0,fan-out,0.0085636674205159,0,fan-out,0,,0.5,0,,0.5,0,,0.5,0,,0.5,1,scatter-gather,0.8,0,,0.7,0,,0.5
amlc_01209,HI-Small,0,legit,1.0,0.7589510444664748,0,fan-in,0.7716201,0,fan-in,0.8912352,1,fan-in,0.8072687706637313,1,fan-in,1,fan-out,0.6,1,fan-out,0.6,1,fan-out,0.8,1,fan-out,0.8,1,fan-out,0.8,1,scatter-gather,0.8,1,fan-out,0.8
amlc_01210,HI-Small,0,legit,483.5610098176718,1.521516709051261e-05,0,random,5.6615017e-06,0,fan-in,0.016459752,0,bipartite,0.0054935428476815,0,fan-in,1,fan-out,0.8,1,fan-out,0.8,1,fan-out,0.8,1,gather-scatter,0.6,1,scatter-gather,0.8,1,gather-scatter,0.8,1,gather-scatter,0.8
amlc_01211,HI-Small,0,legit,469.33800841514727,0.0002515759712829,0,bipartite,0.00015233654,0,bipartite,0.21239646,0,bipartite,0.0709334567660015,0,bipartite,1,fan-out,0.8,1,fan-out,0.6,1,scatter-gather,0.6,1,gather-scatter,0.6,1,scatter-gather,0.8,1,gather-scatter,0.8,0,,0.5
amlc_01212,HI-Small,0,legit,1.0,0.8212112214117427,1,bipartite,0.83193445,1,bipartite,0.85373497,1,bipartite,0.8356268811871336,1,bipartite,1,fan-out,0.6,1,fan-out,0.6,1,fan-out,0.6,1,gather-scatter,0.6,1,fan-out,0.8,1,fan-out,0.8,1,fan-out,0.8
amlc_01213,HI-Small,0,legit,1.0,0.6914294577440214,0,stack,0.25286406,0,stack,0.83432835,1,stack,0.5928739579783742,0,stack,1,gather-scatter,0.6,1,gather-scatter,0.8,1,random,0.8,1,gather-scatter,0.6,1,gather-scatter,0.8,1,gather-scatter,0.8,1,gather-scatter,0.8
amlc_01214,HI-Small,0,legit,483.5610098176718,1.650012147393403e-05,0,bipartite,1.1508613e-05,0,stack,0.017047424,0,bipartite,0.0056918108680051,0,bipartite,1,fan-out,0.6,1,fan-out,0.6,1,fan-out,0.6,1,gather-scatter,0.8,1,fan-out,0.8,1,fan-out,0.8,0,,0.5
amlc_01215,HI-Small,0,legit,469.33800841514727,8.690643409616916e-05,0,stack,3.845683e-05,0,stack,0.2420493,0,scatter-gather,0.0807248899651365,0,stack,1,scatter-gather,0.6,0,,0.7,0,,0.7,1,gather-scatter,0.8,1,gather-scatter,0.8,1,gather-scatter,0.8,1,bipartite,0.8
amlc_01216,HI-Small,0,legit,483.5610098176718,0.0001105146685983,0,stack,3.2919626e-05,0,stack,0.028577488,0,bipartite,0.0095736407369148,0,stack,1,fan-out,0.6,0,,0.5,1,fan-out,0.8,1,gather-scatter,0.8,1,fan-out,0.8,1,fan-out,0.8,0,,0.5
amlc_01217,HI-Small,0,legit,469.33800841514727,0.00020841387234,0,bipartite,0.0001706586,0,bipartite,0.0022680897,0,bipartite,0.0008823873856053,0,bipartite,1,fan-in,0.6,1,fan-in,0.6,1,fan-in,0.6,1,gather-scatter,0.8,1,fan-in,0.8,1,fan-in,0.8,1,fan-in,0.8
amlc_01218,HI-Small,0,legit,469.33800841514727,0.0003883952539173,0,fan-out,0.00072158757,0,fan-out,0.05423506,0,fan-out,0.0184483475295125,0,fan-out,0,,0.5,0,,0.5,1,fan-out,0.8,1,gather-scatter,0.6,1,fan-out,0.8,0,,0.7,0,,0.5
amlc_01219,HI-Small,0,legit,483.5610098176718,1.2434897542804996e-05,0,fan-in,1.0614658e-05,0,fan-in,0.014079602,0,bipartite,0.0047008839969562,0,fan-in,1,fan-out,0.6,1,fan-out,0.6,1,scatter-gather,0.6,1,bipartite,0.8,1,scatter-gather,0.8,1,stack,0.8,1,scatter-gather,0.8
amlc_01220,HI-Small,0,legit,469.33800841514727,0.0010038987989506,0,fan-out,0.0039381417,0,fan-out,0.14213672,0,fan-out,0.0490262544488834,0,fan-out,0,,0.5,0,,0.5,1,fan-out,0.8,0,,0.7,1,fan-out,0.8,1,fan-out,0.8,0,,0.5
amlc_01221,HI-Small,0,legit,469.33800841514727,2.4074767472917812e-05,0,bipartite,9.143381e-06,0,bipartite,0.093498625,0,bipartite,0.0311772810033206,0,bipartite,1,fan-out,0.6,1,fan-out,0.6,1,scatter-gather,0.8,1,gather-scatter,0.8,1,fan-out,0.8,1,fan-out,0.8,1,fan-out,0.8
amlc_01222,HI-Small,1,legit,1.0,0.0030353392197766,0,fan-in,0.0077197575,0,fan-in,0.203356,0,fan-in,0.0713703648405465,0,fan-in,1,fan-in,0.6,0,,0.7,1,fan-in,0.8,1,gather-scatter,0.6,1,fan-in,0.8,1,fan-in,0.8,1,fan-in,0.8
amlc_01223,HI-Small,0,legit,469.33800841514727,0.016330277094757,0,stack,0.016530897,0,stack,0.08897151,0,stack,0.0406108950308678,0,stack,1,scatter-gather,0.8,1,fan-out,0.8,0,,0.7,1,gather-scatter,0.6,1,gather-scatter,0.8,1,gather-scatter,0.8,1,gather-scatter,0.8
amlc_01224,HI-Small,0,legit,469.33800841514727,1.410211089728886e-05,0,stack,1.6988446e-05,0,stack,0.044882685,0,stack,0.0149712585010116,0,stack,1,gather-scatter,0.6,1,fan-out,0.6,1,fan-out,0.8,1,random,0.8,1,fan-out,0.8,1,gather-scatter,0.8,0,,0.5
amlc_01225,HI-Small,0,legit,483.5610098176718,0.0003494109171062,0,stack,0.00012568416,0,bipartite,0.020561935,0,bipartite,0.0070123434871463,0,bipartite,1,stack,0.8,1,random,0.8,1,gather-scatter,0.8,1,gather-scatter,0.6,1,gather-scatter,0.8,1,stack,0.8,1,gather-scatter,0.8
amlc_01226,HI-Small,1,legit,1.0,0.0012988114146468,0,gather-scatter,0.0014757107,0,gather-scatter,0.03205055,0,gather-scatter,0.0116083573510854,0,gather-scatter,0,,0.5,0,,0.5,0,,0.5,0,,0.5,0,,0.5,0,,0.5,0,,0.5
amlc_01227,HI-Small,1,legit,1.0,0.0022220647292553,0,gather-scatter,0.0009614468,0,gather-scatter,0.06058254,0,gather-scatter,0.0212553508146469,0,gather-scatter,0,,0.5,0,,0.5,1,scatter-gather,0.8,1,gather-scatter,0.8,1,fan-out,0.8,0,,0.7,0,,0.5
amlc_01228,HI-Small,0,legit,483.5610098176718,2.009395989790017e-05,0,bipartite,9.670755e-06,0,fan-in,0.034948207,0,bipartite,0.0116593240510931,0,bipartite,1,fan-out,0.8,1,gather-scatter,0.6,1,fan-out,0.8,1,fan-out,0.6,1,gather-scatter,0.8,1,gather-scatter,0.8,0,,0.5
amlc_01229,HI-Small,0,legit,483.5610098176718,0.000156345186826,0,bipartite,0.00028214947,0,bipartite,0.02671289,0,bipartite,0.0090504617907033,0,bipartite,1,stack,0.8,0,,0.5,1,fan-in,0.8,1,random,0.8,1,fan-in,0.8,1,fan-in,0.8,1,fan-in,0.8
amlc_01230,HI-Small,0,legit,1.0,0.7858757301261261,0,fan-in,0.80608976,1,fan-in,0.013906633,0,fan-in,0.5352907071830576,0,fan-in,1,fan-in,0.6,0,,0.7,1,fan-in,0.8,1,gather-scatter,0.6,1,fan-in,0.8,1,fan-in,0.8,1,fan-in,0.8
amlc_01231,HI-Small,0,legit,469.33800841514727,0.0013586289798807,0,random,0.0047597624,0,fan-in,0.21098915,0,fan-in,0.0723691796135767,0,fan-in,1,fan-out,0.6,1,gather-scatter,0.6,1,fan-out,0.6,1,bipartite,0.8,1,scatter-gather,0.8,1,bipartite,0.8,1,scatter-gather,0.8
amlc_01232,HI-Small,0,legit,469.33800841514727,1.5800663620850432e-05,0,bipartite,5.576808e-06,0,bipartite,0.010095643,0,bipartite,0.003372340117002,0,bipartite,1,gather-scatter,0.6,1,fan-out,0.6,1,random,0.8,1,gather-scatter,0.8,1,scatter-gather,0.8,1,random,0.8,1,fan-out,0.8
amlc_01233,HI-Small,0,legit,1.0,0.8589258867748208,1,bipartite,0.8477379,1,bipartite,0.37604028,0,bipartite,0.6942346916678094,0,bipartite,0,,0.7,0,,0.7,0,,0.7,0,,0.7,0,,0.7,0,,0.7,0,,0.7
amlc_01234,HI-Small,0,legit,1.0,0.8031860329684566,1,bipartite,0.7996285,0,bipartite,0.2807738,0,bipartite,0.6278627726096891,0,bipartite,0,cycle,0.7,1,fan-out,0.6,1,fan-out,0.6,1,gather-scatter,0.6,1,fan-out,0.8,0,,0.7,1,gather-scatter,0.8
amlc_01235,HI-Small,0,legit,483.5610098176718,6.103506589447717e-05,0,stack,9.092818e-06,0,stack,0.030172994,0,stack,0.0100810407480376,0,stack,1,fan-out,0.6,1,fan-out,0.6,0,,0.7,1,gather-scatter,0.6,1,gather-scatter,0.8,1,fan-out,0.8,0,,0.5
amlc_01236,HI-Small,1,legit,1.0,0.0466333307545675,0,bipartite,0.060622644,0,bipartite,0.06289866,0,bipartite,0.0567182108833158,0,bipartite,1,gather-scatter,0.8,1,fan-out,0.6,1,fan-in,0.6,1,gather-scatter,0.6,1,gather-scatter,0.8,1,gather-scatter,0.8,1,gather-scatter,0.8
amlc_01237,HI-Small,0,legit,469.33800841514727,1.371097049063863e-05,0,bipartite,6.7699193e-06,0,stack,0.002185848,0,bipartite,0.0007354429885655,0,bipartite,1,fan-out,0.8,1,fan-out,0.8,1,gather-scatter,0.8,1,gather-scatter,0.6,1,gather-scatter,0.8,1,gather-scatter,0.8,1,gather-scatter,0.8
amlc_01238,HI-Small,0,legit,469.33800841514727,1.394000873891432e-05,0,bipartite,1.647753e-05,0,bipartite,0.054919064,0,bipartite,0.0183164938612813,0,bipartite,1,scatter-gather,0.6,1,fan-out,0.8,1,fan-out,0.8,1,gather-scatter,0.6,1,gather-scatter,0.8,1,gather-scatter,0.8,1,gather-scatter,0.8
amlc_01239,HI-Small,0,legit,1.0,0.4352411855211405,0,stack,0.5051745,0,stack,0.44618535,0,stack,0.462200351190254,0,stack,1,fan-in,0.6,1,fan-in,0.8,1,fan-in,0.6,1,gather-scatter,0.6,1,fan-in,0.8,1,fan-in,0.8,1,fan-in,0.8
amlc_01240,HI-Small,0,legit,469.33800841514727,0.0001281071742079,0,bipartite,9.724169e-05,0,bipartite,0.13383424,0,bipartite,0.0446865305613886,0,bipartite,1,fan-out,0.8,1,gather-scatter,0.6,1,scatter-gather,0.8,1,gather-scatter,0.8,1,gather-scatter,0.8,1,gather-scatter,0.8,1,gather-scatter,0.8
amlc_01241,HI-Small,0,legit,469.33800841514727,0.0067968897777275,0,bipartite,0.002659515,0,bipartite,0.03484934,0,bipartite,0.0147685810077513,0,bipartite,1,fan-in,0.6,1,fan-in,0.6,1,fan-out,0.8,1,gather-scatter,0.8,1,gather-scatter,0.8,1,gather-scatter,0.8,1,gather-scatter,0.8
amlc_01242,HI-Small,0,legit,469.33800841514727,0.00788327527069,0,bipartite,0.021415783,0,bipartite,0.019225292,0,bipartite,0.0161747834236189,0,bipartite,0,stack,0.7,0,,0.7,0,,0.7,0,,0.7,1,fan-out,0.8,0,fan-out,0.7,0,,0.7
amlc_01243,HI-Small,0,legit,1.0,0.6011547254249248,0,bipartite,0.32869872,0,bipartite,0.3511744,0,bipartite,0.4270092880303592,0,bipartite,0,stack,0.7,0,,0.7,0,,0.7,0,,0.7,0,,0.7,1,gather-scatter,0.8,0,,0.7
amlc_01244,HI-Small,0,legit,1.0,0.7838181772107885,0,bipartite,0.76215297,0,bipartite,0.31121105,0,bipartite,0.6190607322015698,0,bipartite,1,random,0.8,1,fan-in,0.6,1,fan-in,0.8,1,gather-scatter,0.6,1,gather-scatter,0.8,1,fan-in,0.8,1,gather-scatter,0.8
amlc_01245,HI-Small,0,legit,1.0,0.5777776463356166,0,bipartite,0.46143627,0,bipartite,0.69159055,0,bipartite,0.5769348218549142,0,bipartite,0,,0.7,0,,0.7,1,fan-in,0.8,1,gather-scatter,0.6,1,fan-in,0.8,0,fan-in,0.7,0,,0.7
amlc_01246,HI-Small,0,legit,483.5610098176718,1.3598164199272254e-05,0,bipartite,1.0606961e-05,0,fan-in,0.012751238,0,bipartite,0.0042584811819486,0,bipartite,1,fan-out,0.6,1,gather-scatter,0.8,1,fan-out,0.6,1,gather-scatter,0.8,1,scatter-gather,0.8,1,fan-out,0.8,1,scatter-gather,0.8
amlc_01247,HI-Small,1,legit,1.0,0.0575945924916641,0,stack,0.086700775,0,stack,0.7172133,0,stack,0.2871695467564389,0,stack,1,fan-in,0.6,1,fan-in,0.6,1,fan-in,0.6,1,gather-scatter,0.8,1,fan-in,0.8,1,fan-in,0.8,1,fan-in,0.8
amlc_01248,HI-Small,0,legit,469.33800841514727,1.6345983519431587e-05,0,bipartite,9.297195e-06,0,bipartite,0.04421901,0,bipartite,0.0147482175855799,0,bipartite,1,fan-out,0.6,1,fan-out,0.6,0,,0.7,1,gather-scatter,0.8,1,bipartite,0.8,1,gather-scatter,0.8,0,,0.5
amlc_01249,HI-Small,0,legit,469.33800841514727,1.2342920879713343e-05,0,bipartite,8.7735e-06,0,fan-in,0.0024511265,0,scatter-gather,0.0008240809614495,0,fan-in,1,fan-out,0.8,0,,0.5,1,fan-out,0.8,1,gather-scatter,0.8,1,gather-scatter,0.8,1,gather-scatter,0.8,1,gather-scatter,0.8
amlc_01250,HI-Small,0,legit,1.0,0.7429820240212168,0,stack,0.6236024,0,stack,0.21491727,0,stack,0.5271672288799513,0,stack,1,fan-out,0.6,1,gather-scatter,0.6,1,fan-out,0.8,1,gather-scatter,0.8,1,fan-out,0.8,1,fan-out,0.8,0,,0.5
amlc_01251,HI-Small,0,legit,469.33800841514727,9.519675725303216e-05,0,stack,4.374212e-05,0,stack,0.07549512,0,stack,0.0252113517628235,0,stack,1,fan-out,0.6,1,gather-scatter,0.6,1,scatter-gather,0.8,1,gather-scatter,0.6,1,scatter-gather,0.8,1,fan-out,0.8,0,,0.5
amlc_01252,HI-Small,0,legit,469.33800841514727,0.0161453439344609,0,bipartite,0.010302092,0,bipartite,0.030786673,0,bipartite,0.0190780361634044,0,bipartite,0,,0.7,0,,0.5,0,,0.7,1,gather-scatter,0.8,0,,0.7,0,,0.7,0,,0.7
amlc_01253,HI-Small,0,legit,483.5610098176718,2.0424699412926216e-05,0,bipartite,1.3535848e-05,0,bipartite,0.038647227,0,bipartite,0.0128937291788128,0,bipartite,1,gather-scatter,0.8,1,scatter-gather,0.6,1,bipartite,0.8,1,gather-scatter,0.6,1,gather-scatter,0.8,1,gather-scatter,0.8,1,gather-scatter,0.8
amlc_01254,HI-Small,0,legit,469.33800841514727,1.6874670234056007e-05,0,bipartite,4.1610812e-05,0,random,0.043113876,0,stack,0.0143907872055743,0,stack,1,stack,0.8,1,gather-scatter,0.6,1,scatter-gather,0.6,1,gather-scatter,0.6,1,gather-scatter,0.8,1,gather-scatter,0.8,1,gather-scatter,0.8
amlc_01255,HI-Small,0,legit,483.5610098176718,0.0177368271483438,0,bipartite,0.006587668,0,bipartite,0.011405498,0,bipartite,0.0119099975980307,0,bipartite,1,fan-in,0.6,0,,0.7,1,fan-in,0.8,1,fan-in,0.6,1,fan-in,0.8,1,fan-in,0.8,0,fan-in,0.7
amlc_01256,HI-Small,0,legit,1.0,0.340217740424021,0,fan-in,0.16351993,0,fan-in,0.7455142,0,fan-in,0.4164172960942136,0,fan-in,1,scatter-gather,0.6,0,,0.5,1,fan-out,0.8,1,gather-scatter,0.8,1,scatter-gather,0.8,1,scatter-gather,0.8,1,scatter-gather,0.8
amlc_01257,HI-Small,0,legit,469.33800841514727,1.521951773234313e-05,0,fan-in,1.13782e-05,0,fan-in,0.0039779907,0,bipartite,0.0013348628089309,0,fan-in,1,fan-out,0.6,0,,0.5,1,fan-out,0.8,1,fan-out,0.8,1,fan-out,0.8,1,fan-out,0.8,0,,0.5
amlc_01258,HI-Small,0,legit,483.5610098176718,4.091968788232578e-05,0,bipartite,1.549294e-05,0,bipartite,0.0403541,0,bipartite,0.0134701705842816,0,bipartite,1,scatter-gather,0.8,0,,0.7,1,gather-scatter,0.8,1,gather-scatter,0.6,1,gather-scatter,0.8,1,gather-scatter,0.8,1,gather-scatter,0.8
amlc_01259,HI-Small,0,legit,469.33800841514727,1.2597868440641284e-05,0,bipartite,1.2388229e-05,0,fan-in,0.007992649,0,bipartite,0.0026725451828302,0,bipartite,1,fan-out,0.6,1,fan-out,0.6,1,fan-out,0.8,1,gather-scatter,0.6,1,fan-out,0.8,1,fan-out,0.8,0,,0.5
amlc_01260,HI-Small,0,legit,469.33800841514727,1.2501802266909404e-05,0,bipartite,7.17249e-06,0,bipartite,0.0113774855,0,bipartite,0.0037990532537031,0,bipartite,1,gather-scatter,0.6,1,random,0.8,1,random,0.8,1,random,0.8,1,random,0.8,1,random,0.8,1,bipartite,0.8
amlc_01261,HI-Small,0,legit,469.33800841514727,0.0018216696630205,0,fan-out,0.005682493,0,fan-out,0.074191235,0,fan-out,0.0272317992544103,0,fan-out,0,,0.5,0,,0.5,0,,0.5,0,,0.5,1,fan-out,0.8,0,,0.7,0,,0.5
amlc_01262,HI-Small,0,legit,469.33800841514727,0.0002289341156425,0,bipartite,5.4243068e-05,0,bipartite,0.0025150399,0,bipartite,0.0009327390186758,0,bipartite,1,fan-out,0.6,1,cycle,0.8,0,,0.7,1,gather-scatter,0.8,1,gather-scatter,0.8,1,cycle,0.8,1,scatter-gather,0.8
amlc_01263,HI-Small,1,legit,1.0,0.0034410866696169,0,stack,0.0044280486,0,stack,0.07644081,0,stack,0.0281033154816604,0,stack,1,fan-out,0.6,1,fan-out,0.6,1,random,0.8,1,gather-scatter,0.6,1,scatter-gather,0.8,1,cycle,0.8,1,gather-scatter,0.8
amlc_01264,HI-Small,0,legit,483.5610098176718,1.537909869084529e-05,0,bipartite,4.3194865e-05,0,bipartite,0.017154995,0,bipartite,0.0057378564384741,0,bipartite,1,fan-out,0.6,1,fan-out,0.6,0,,0.7,1,gather-scatter,0.8,1,scatter-gather,0.8,1,gather-scatter,0.8,0,,0.5
amlc_01265,HI-Small,0,legit,483.5610098176718,5.543281003323506e-05,0,bipartite,2.2935288e-05,0,bipartite,0.02581514,0,bipartite,0.0086311695180459,0,bipartite,1,fan-out,0.8,1,fan-out,0.6,0,fan-out,0.7,1,gather-scatter,0.6,1,scatter-gather,0.8,1,gather-scatter,0.8,0,,0.5
amlc_01266,HI-Small,0,legit,469.33800841514727,3.059233452770909e-05,0,stack,8.601401e-06,0,stack,0.0056817047,0,stack,0.001906966154982,0,stack,1,fan-out,0.6,1,fan-out,0.6,0,,0.7,1,bipartite,0.8,1,fan-out,0.8,1,gather-scatter,0.8,0,,0.5
amlc_01267,HI-Small,0,legit,483.5610098176718,7.030645221050724e-05,0,bipartite,1.4839445e-05,0,bipartite,0.015139121,0,stack,0.0050747555092776,0,bipartite,1,fan-out,0.6,0,,0.5,1,fan-out,0.8,1,fan-out,0.8,1,fan-out,0.8,0,,0.7,0,,0.5
amlc_01268,HI-Small,0,legit,483.5610098176718,1.3984919457772643e-05,0,bipartite,7.0266483e-06,0,stack,0.039264064,0,bipartite,0.0130950252833091,0,bipartite,1,gather-scatter,0.6,1,gather-scatter,0.6,1,scatter-gather,0.8,1,random,0.8,1,gather-scatter,0.8,0,,0.7,0,,0.5
amlc_01269,HI-Small,0,legit,1.0,0.8193847716465135,1,bipartite,0.7005624,0,bipartite,0.048935972,0,bipartite,0.5229610537692752,0,bipartite,1,fan-in,0.6,1,fan-in,0.6,0,,0.7,1,gather-scatter,0.6,1,fan-in,0.8,1,fan-in,0.8,0,fan-in,0.7
amlc_01270,HI-Small,1,legit,1.0,0.0968621602364462,0,gather-scatter,0.007008163,0,gather-scatter,0.17628337,0,gather-scatter,0.0933845658193224,0,gather-scatter,0,,0.5,0,,0.5,1,fan-out,0.8,1,gather-scatter,0.8,1,fan-out,0.8,1,fan-out,0.8,0,,0.5
amlc_01271,HI-Small,0,legit,469.33800841514727,0.0116987125708744,0,stack,0.00804606,0,stack,0.38233906,0,stack,0.1340279442488844,0,stack,1,fan-out,0.6,1,gather-scatter,0.6,1,scatter-gather,0.6,1,gather-scatter,0.8,1,gather-scatter,0.8,1,fan-out,0.8,1,gather-scatter,0.8
amlc_01272,HI-Small,0,legit,469.33800841514727,6.410416829372293e-05,0,scatter-gather,2.4374109e-05,0,scatter-gather,0.15524563,0,scatter-gather,0.0517780367367558,0,scatter-gather,1,gather-scatter,0.6,1,fan-out,0.6,1,scatter-gather,0.8,1,gather-scatter,0.6,1,scatter-gather,0.8,1,gather-scatter,0.8,1,gather-scatter,0.8
amlc_01273,HI-Small,0,legit,483.5610098176718,9.242550757516802e-05,0,bipartite,0.00011294419,0,stack,0.028273057,0,bipartite,0.0094928089627143,0,bipartite,1,fan-out,0.8,0,,0.5,1,gather-scatter,0.8,1,gather-scatter,0.8,1,scatter-gather,0.8,1,gather-scatter,0.8,1,fan-out,0.8
amlc_01274,HI-Small,0,legit,1.0,0.4136626053928786,0,stack,0.35937867,0,stack,0.6477924,0,stack,0.4736112233360428,0,stack,1,fan-out,0.8,1,fan-in,0.6,1,random,0.8,1,gather-scatter,0.6,1,random,0.8,1,random,0.8,1,fan-in,0.8
amlc_01275,HI-Small,1,legit,1.0,0.0518383645349629,0,stack,0.092176005,0,stack,0.9607792,1,stack,0.3682645199475649,0,stack,1,gather-scatter,0.8,1,gather-scatter,0.6,1,gather-scatter,0.8,1,gather-scatter,0.6,1,gather-scatter,0.8,1,gather-scatter,0.8,1,gather-scatter,0.8
amlc_01276,HI-Small,0,legit,483.5610098176718,1.2683699374652162e-05,0,random,8.872363e-06,0,bipartite,0.015756544,0,bipartite,0.0052593665959483,0,bipartite,1,fan-out,0.8,1,gather-scatter,0.6,1,scatter-gather,0.8,1,gather-scatter,0.6,1,gather-scatter,0.8,1,gather-scatter,0.8,1,scatter-gather,0.8
amlc_01277,HI-Small,0,legit,469.33800841514727,0.0001518123296126,0,bipartite,0.00026491357,0,bipartite,0.08962069,0,bipartite,0.0300124709894737,0,bipartite,1,fan-out,0.8,1,fan-out,0.6,1,gather-scatter,0.6,1,gather-scatter,0.8,1,gather-scatter,0.8,1,stack,0.8,1,gather-scatter,0.8
amlc_01278,HI-Small,0,legit,469.33800841514727,1.3004641024157686e-05,0,bipartite,6.7766514e-06,0,bipartite,0.0036127053,0,bipartite,0.0012108288553224,0,bipartite,1,fan-out,0.6,1,gather-scatter,0.6,1,fan-out,0.6,1,gather-scatter,0.6,1,fan-out,0.8,1,gather-scatter,0.8,1,gather-scatter,0.8
amlc_01279,HI-Small,0,legit,1.0,0.7243614205561656,0,bipartite,0.6490325,0,bipartite,0.03464649,0,bipartite,0.4693467942821508,0,bipartite,0,cycle,0.7,0,,0.7,0,,0.7,1,gather-scatter,0.8,0,,0.7,0,,0.7,0,,0.7
amlc_01280,HI-Small,0,legit,483.5610098176718,9.077895804137836e-05,0,bipartite,0.00010194317,0,bipartite,0.019683525,0,bipartite,0.0066254156990677,0,bipartite,0,,0.7,0,,0.7,0,,0.7,1,fan-in,0.6,0,,0.7,0,,0.7,0,,0.7
amlc_01281,HI-Small,0,legit,483.5610098176718,0.0005416967478443,0,bipartite,0.00017809102,0,bipartite,0.020949949,0,bipartite,0.0072232454503995,0,bipartite,0,cycle,0.7,0,,0.7,1,cycle,0.8,1,gather-scatter,0.6,1,fan-out,0.8,1,gather-scatter,0.8,0,,0.7
amlc_01282,HI-Small,0,legit,469.33800841514727,2.478494777682663e-05,0,random,1.4378939e-05,0,fan-in,0.0010594043,0,fan-out,0.0003661894095404,0,fan-out,1,fan-out,0.8,1,gather-scatter,0.6,1,fan-out,0.8,1,random,0.8,1,gather-scatter,0.8,1,gather-scatter,0.8,1,gather-scatter,0.8
amlc_01283,HI-Small,1,gather-scatter,1.0,0.975756481813462,1,gather-scatter,0.954339,1,gather-scatter,0.9992796,1,gather-scatter,0.976458375827164,1,gather-scatter,1,fan-out,0.6,1,fan-out,0.6,1,gather-scatter,0.8,1,gather-scatter,0.8,1,gather-scatter,0.8,1,gather-scatter,0.8,0,,0.5
amlc_01284,HI-Small,1,gather-scatter,1.0,0.9775337588215164,1,gather-scatter,0.9940279,1,gather-scatter,0.9992954,1,gather-scatter,0.990285694977452,1,gather-scatter,1,fan-out,0.6,1,fan-out,0.6,1,fan-out,0.8,1,gather-scatter,0.6,1,gather-scatter,0.8,1,scatter-gather,0.8,0,,0.5
amlc_01285,HI-Small,1,gather-scatter,1.0,0.977720390721023,1,gather-scatter,0.9805058,1,gather-scatter,0.99916446,1,gather-scatter,0.9857968922998708,1,gather-scatter,1,fan-out,0.6,1,stack,0.8,1,fan-out,0.8,1,gather-scatter,0.8,1,fan-out,0.8,1,gather-scatter,0.8,0,,0.5
amlc_01286,HI-Small,1,gather-scatter,1.0,0.9729346524746488,1,gather-scatter,0.9666896,1,gather-scatter,0.9992882,1,gather-scatter,0.9796374801487152,1,gather-scatter,0,,0.5,0,,0.5,1,cycle,0.8,1,gather-scatter,0.6,1,scatter-gather,0.8,0,,0.7,0,,0.5
amlc_01287,HI-Small,1,gather-scatter,1.0,0.9613411908092204,1,gather-scatter,0.9681994,1,gather-scatter,0.9994847,1,gather-scatter,0.9763417603155674,1,gather-scatter,1,fan-out,0.6,1,gather-scatter,0.6,1,fan-in,0.8,1,gather-scatter,0.6,1,gather-scatter,0.8,1,gather-scatter,0.8,0,,0.5
amlc_01288,HI-Small,1,gather-scatter,1.0,0.9775216762861052,1,gather-scatter,0.9932684,1,gather-scatter,0.99947214,1,gather-scatter,0.9900873960601104,1,gather-scatter,1,fan-out,0.8,1,fan-out,0.8,1,scatter-gather,0.8,1,gather-scatter,0.8,1,gather-scatter,0.8,1,gather-scatter,0.8,1,gather-scatter,0.8
amlc_01289,HI-Small,1,gather-scatter,1.0,0.9744556315713796,1,gather-scatter,0.9931043,1,gather-scatter,0.9996721,1,gather-scatter,0.9890773418205868,1,gather-scatter,1,fan-out,0.6,1,fan-out,0.6,1,gather-scatter,0.8,1,gather-scatter,0.6,1,gather-scatter,0.8,1,gather-scatter,0.8,1,gather-scatter,0.8
amlc_01290,HI-Small,1,gather-scatter,1.0,0.97663803207851,1,gather-scatter,0.9663838,1,gather-scatter,0.99956405,1,gather-scatter,0.9808619661727764,1,gather-scatter,1,fan-out,0.6,1,fan-out,0.6,1,gather-scatter,0.6,1,gather-scatter,0.6,1,fan-out,0.8,0,,0.7,0,,0.5
amlc_01291,HI-Small,1,gather-scatter,1.0,0.95679956583106,1,gather-scatter,0.99458563,1,gather-scatter,0.99916106,1,gather-scatter,0.9835154212445798,1,gather-scatter,1,gather-scatter,0.6,1,fan-out,0.6,1,fan-out,0.6,1,random,0.8,1,gather-scatter,0.8,1,gather-scatter,0.8,1,gather-scatter,0.8
amlc_01292,HI-Small,1,gather-scatter,1.0,0.9529158141665762,1,gather-scatter,0.9623286,1,gather-scatter,0.9995071,1,gather-scatter,0.9715838520544472,1,gather-scatter,1,gather-scatter,0.6,1,fan-out,0.6,1,fan-out,0.8,1,gather-scatter,0.8,1,gather-scatter,0.8,1,gather-scatter,0.8,0,,0.5
amlc_01293,HI-Small,1,gather-scatter,1.0,0.9873484608815256,1,gather-scatter,0.9965933,1,gather-scatter,0.9970182,1,gather-scatter,0.9936533251499516,1,gather-scatter,0,,0.5,0,,0.5,0,,0.7,1,gather-scatter,0.8,1,gather-scatter,0.8,1,gather-scatter,0.8,0,,0.5
amlc_01294,HI-Small,1,gather-scatter,1.0,0.9690189951371572,1,gather-scatter,0.9982494,1,gather-scatter,0.9991401,1,gather-scatter,0.9888028301699764,1,gather-scatter,0,,0.5,0,,0.5,1,gather-scatter,0.8,0,random,0.7,1,gather-scatter,0.8,1,gather-scatter,0.8,0,,0.5
amlc_01295,HI-Small,1,gather-scatter,1.0,0.9542197150252772,1,gather-scatter,0.9912385,1,gather-scatter,0.9991229,1,gather-scatter,0.981527035841098,1,gather-scatter,0,,0.5,0,,0.5,0,,0.7,1,cycle,0.8,1,gather-scatter,0.8,1,gather-scatter,0.8,0,,0.5
amlc_01296,HI-Small,1,gather-scatter,1.0,0.9905920929121008,1,gather-scatter,0.9981985,1,gather-scatter,0.99829733,1,gather-scatter,0.995695978615252,1,gather-scatter,0,,0.5,0,,0.5,1,fan-out,0.6,1,random,0.8,1,gather-scatter,0.8,1,gather-scatter,0.8,0,,0.5
amlc_01297,HI-Small,1,gather-scatter,1.0,0.9658253212369428,1,gather-scatter,0.99600136,1,gather-scatter,0.9990152,1,gather-scatter,0.986947298698854,1,gather-scatter,0,,0.5,0,,0.5,1,cycle,0.8,1,gather-scatter,0.8,1,gather-scatter,0.8,1,gather-scatter,0.8,0,,0.5
amlc_01298,HI-Small,1,gather-scatter,1.0,0.9909446989460016,1,gather-scatter,0.99821794,1,gather-scatter,0.9980289,1,gather-scatter,0.9957305045579284,1,gather-scatter,0,,0.5,0,,0.5,1,bipartite,0.8,1,gather-scatter,0.8,1,gather-scatter,0.8,1,gather-scatter,0.8,0,,0.5
amlc_01299,HI-Small,1,gather-scatter,1.0,0.989122307832141,1,gather-scatter,0.99701977,1,gather-scatter,0.99408674,1,gather-scatter,0.9934096059981647,1,gather-scatter,0,,0.5,0,,0.5,1,fan-out,0.8,1,random,0.8,1,fan-out,0.8,1,gather-scatter,0.8,0,,0.5
amlc_01300,HI-Small,1,gather-scatter,1.0,0.9164519450637424,1,gather-scatter,0.98681784,1,gather-scatter,0.99871635,1,gather-scatter,0.9673287120651114,1,gather-scatter,0,,0.5,0,,0.5,1,gather-scatter,0.8,1,gather-scatter,0.8,1,gather-scatter,0.8,0,,0.7,0,,0.5
amlc_01301,HI-Small,1,gather-scatter,1.0,0.9890684424119198,1,gather-scatter,0.997903,1,gather-scatter,0.99821043,1,gather-scatter,0.995060620648232,1,gather-scatter,0,,0.5,0,,0.5,0,stack,0.7,1,random,0.8,1,gather-scatter,0.8,0,,0.7,0,,0.5
amlc_01302,HI-Small,1,gather-scatter,1.0,0.9894095017903436,1,gather-scatter,0.99875224,1,gather-scatter,0.9973687,1,gather-scatter,0.9951768105027872,1,gather-scatter,0,,0.5,0,,0.5,1,gather-scatter,0.6,1,gather-scatter,0.8,1,gather-scatter,0.8,1,gather-scatter,0.8,0,,0.5
amlc_01303,HI-Small,1,gather-scatter,1.0,0.964959558087209,1,gather-scatter,0.9948522,1,gather-scatter,0.9970371,1,gather-scatter,0.9856162853497992,1,gather-scatter,0,,0.5,0,,0.5,0,,0.7,1,gather-scatter,0.6,1,gather-scatter,0.8,1,gather-scatter,0.8,0,,0.5
amlc_01304,HI-Small,1,gather-scatter,1.0,0.9908214961786752,1,gather-scatter,0.998242,1,gather-scatter,0.9968826,1,gather-scatter,0.995315378086424,1,gather-scatter,0,,0.5,0,,0.5,1,gather-scatter,0.8,1,gather-scatter,0.8,1,gather-scatter,0.8,1,gather-scatter,0.8,0,,0.5
amlc_01305,HI-Small,1,legit,1.0,0.0389750662102641,0,stack,0.022338595,0,bipartite,0.12872843,0,bipartite,0.0633473652983487,0,bipartite,1,fan-out,0.6,1,fan-out,0.6,1,fan-out,0.6,1,gather-scatter,0.6,1,fan-out,0.8,1,gather-scatter,0.8,1,fan-out,0.8
amlc_01306,HI-Small,0,legit,469.33800841514727,7.73488307041613e-05,0,stack,1.3026491e-05,0,stack,0.005620704,0,bipartite,0.0019036931179635,0,stack,1,gather-scatter,0.6,1,fan-out,0.8,0,,0.7,1,gather-scatter,0.8,1,gather-scatter,0.8,1,gather-scatter,0.8,0,,0.5
amlc_01307,HI-Small,0,legit,1.0,0.8644474060444335,1,bipartite,0.7753433,0,bipartite,0.3412369,0,bipartite,0.6603425314396056,0,bipartite,1,fan-in,0.6,1,fan-in,0.6,1,fan-in,0.8,1,gather-scatter,0.8,1,fan-in,0.8,1,fan-in,0.8,1,fan-in,0.8
amlc_01308,HI-Small,1,legit,1.0,0.00733855059625,0,gather-scatter,0.03132249,0,gather-scatter,0.057207257,0,gather-scatter,0.0319560991919083,0,gather-scatter,0,,0.5,0,,0.5,0,,0.7,1,gather-scatter,0.6,1,fan-out,0.8,0,,0.7,0,,0.5
amlc_01309,HI-Small,0,legit,483.5610098176718,0.0049506537667183,0,gather-scatter,0.0067337877,0,gather-scatter,0.026384268,0,gather-scatter,0.0126895698114821,0,gather-scatter,0,,0.5,0,,0.5,1,fan-out,0.6,1,gather-scatter,0.6,1,fan-out,0.8,1,fan-out,0.8,0,,0.5
amlc_01310,HI-Small,0,legit,469.33800841514727,0.0004378857276473,0,stack,0.00063842296,0,stack,0.09712939,0,random,0.0327352327783305,0,stack,1,scatter-gather,0.8,1,gather-scatter,0.6,1,gather-scatter,0.8,1,gather-scatter,0.8,1,gather-scatter,0.8,1,gather-scatter,0.8,1,gather-scatter,0.8
amlc_01311,HI-Small,0,legit,1.0,0.7835047613635915,0,bipartite,0.7570698,0,bipartite,0.009565227,0,bipartite,0.5167132714077916,0,bipartite,1,random,0.8,0,,0.7,0,,0.7,0,,0.7,0,,0.7,0,,0.7,0,,0.7
amlc_01312,HI-Small,0,legit,469.33800841514727,1.4235944642548905e-05,0,stack,1.6164131e-05,0,bipartite,0.041635104,0,bipartite,0.013888501199795,0,bipartite,1,scatter-gather,0.6,1,scatter-gather,0.6,0,,0.7,1,gather-scatter,0.8,1,fan-out,0.8,1,gather-scatter,0.8,1,scatter-gather,0.8
amlc_01313,HI-Small,0,legit,1.0,0.66970095193722,0,stack,0.67573464,0,stack,0.7757727,0,random,0.707069427292672,0,stack,1,fan-out,0.8,1,fan-out,0.6,1,fan-out,0.6,1,gather-scatter,0.6,1,fan-out,0.8,1,fan-out,0.8,0,,0.5
amlc_01314,HI-Small,0,legit,469.33800841514727,0.0002875624168084,0,bipartite,0.00025585928,0,bipartite,0.008277312,0,bipartite,0.0029402445400871,0,bipartite,1,scatter-gather,0.8,1,gather-scatter,0.8,1,gather-scatter,0.6,1,gather-scatter,0.8,1,gather-scatter,0.8,1,gather-scatter,0.8,1,gather-scatter,0.8
amlc_01315,HI-Small,0,legit,469.33800841514727,0.0002016290351458,0,bipartite,9.479164e-05,0,bipartite,0.0016840989,0,bipartite,0.0006601731767781,0,bipartite,0,,0.7,0,,0.7,0,,0.7,0,,0.7,0,,0.7,0,,0.7,0,,0.7
amlc_01316,HI-Small,0,legit,469.33800841514727,0.0046553056057683,0,fan-out,0.0027161548,0,fan-out,0.4817918,0,fan-out,0.1630544182324208,0,fan-out,0,,0.5,0,,0.5,1,random,0.8,1,gather-scatter,0.6,1,fan-out,0.8,0,,0.7,0,,0.5
amlc_01317,HI-Small,1,legit,1.0,0.0057796586917723,0,fan-out,0.018917141,0,fan-out,0.8202078,1,fan-out,0.2816348582710453,0,fan-out,0,,0.5,0,,0.5,1,fan-out,0.8,1,gather-scatter,0.6,1,fan-out,0.8,0,,0.7,0,,0.5
amlc_01318,HI-Small,0,legit,469.33800841514727,2.0067137478778568e-05,0,bipartite,4.1030466e-06,0,fan-in,0.0056052976,0,bipartite,0.0018764892709726,0,bipartite,1,gather-scatter,0.6,1,fan-out,0.6,1,fan-out,0.8,1,scatter-gather,0.8,1,scatter-gather,0.8,1,gather-scatter,0.8,1,gather-scatter,0.8
amlc_01319,HI-Small,0,legit,1.0,0.3671879940737472,0,stack,0.13169502,0,fan-out,0.7044842,0,stack,0.4011224118705983,0,stack,0,,0.5,0,,0.5,0,,0.7,1,gather-scatter,0.8,1,fan-out,0.8,0,,0.7,0,,0.5
amlc_01320,HI-Small,0,legit,469.33800841514727,1.5102440266260867e-05,0,bipartite,1.9843581e-05,0,fan-in,0.008641278,0,bipartite,0.0028920747974796,0,bipartite,1,fan-out,0.8,1,gather-scatter,0.6,1,scatter-gather,0.8,1,gather-scatter,0.8,1,gather-scatter,0.8,1,gather-scatter,0.8,0,,0.5
amlc_01321,HI-Small,0,legit,469.33800841514727,3.842931522503388e-05,0,stack,9.941247e-06,0,stack,0.008065694,0,stack,0.002704688191424,0,stack,1,stack,0.8,1,fan-out,0.8,1,fan-out,0.8,1,gather-scatter,0.8,1,gather-scatter,0.8,1,gather-scatter,0.8,1,gather-scatter,0.8
amlc_01322,HI-Small,0,legit,1.0,0.745247767129894,0,bipartite,0.5704489,0,bipartite,0.06382314,0,bipartite,0.4598399279049224,0,bipartite,1,random,0.8,0,stack,0.7,1,random,0.8,1,gather-scatter,0.8,1,gather-scatter,0.8,1,gather-scatter,0.8,1,gather-scatter,0.8
amlc_01323,HI-Small,0,legit,1.0,0.883442309723306,1,bipartite,0.77490866,0,bipartite,0.031028679,0,bipartite,0.5631265500687918,0,bipartite,1,cycle,0.8,0,,0.7,0,,0.7,0,,0.7,0,,0.7,0,,0.7,1,random,0.8
amlc_01324,HI-Small,0,legit,469.33800841514727,6.178891183941006e-05,0,bipartite,2.6533526e-05,0,bipartite,0.07070507,0,bipartite,0.0235977978430537,0,bipartite,1,random,0.8,1,fan-out,0.8,1,gather-scatter,0.8,1,gather-scatter,0.8,1,fan-out,0.8,1,gather-scatter,0.8,1,gather-scatter,0.8
amlc_01325,HI-Small,0,legit,1.0,0.3082944366016623,0,bipartite,0.10627345,0,bipartite,0.8136488,1,bipartite,0.409405568827478,0,bipartite,1,fan-out,0.6,1,gather-scatter,0.6,1,gather-scatter,0.8,1,gather-scatter,0.6,1,gather-scatter,0.8,1,gather-scatter,0.8,1,gather-scatter,0.8
amlc_01326,HI-Small,1,gather-scatter,1.0,0.9897971671453888,1,stack,0.99698937,1,cycle,0.99709636,1,cycle,0.9946276320891836,1,cycle,1,scatter-gather,0.8,1,cycle,0.8,1,fan-in,0.6,1,random,0.8,1,fan-in,0.8,1,gather-scatter,0.8,1,cycle,0.8
amlc_01327,HI-Small,1,gather-scatter,1.0,0.989481694898522,1,cycle,0.9973108,1,stack,0.99868155,1,stack,0.9951580191325864,1,stack,1,cycle,0.8,1,stack,0.8,1,gather-scatter,0.8,1,gather-scatter,0.8,1,gather-scatter,0.8,1,cycle,0.8,1,bipartite,0.8
amlc_01328,HI-Small,0,legit,469.33800841514727,1.3798510560240896e-05,0,bipartite,4.016394e-06,0,stack,0.0031657785,0,bipartite,0.0010611977919346,0,bipartite,1,fan-out,0.8,1,fan-out,0.8,1,fan-out,0.6,1,fan-out,0.8,1,gather-scatter,0.8,1,random,0.8,1,gather-scatter,0.8
amlc_01329,HI-Small,0,legit,469.33800841514727,2.9194586226763624e-05,0,stack,8.553843e-06,0,stack,0.06064087,0,stack,0.0202262066513941,0,stack,1,fan-out,0.8,0,,0.5,0,,0.7,1,gather-scatter,0.6,1,fan-out,0.8,1,gather-scatter,0.8,1,fan-out,0.8
amlc_01330,HI-Small,0,legit,483.5610098176718,0.0022107840839782,0,gather-scatter,0.0040026205,0,gather-scatter,0.0278866,0,gather-scatter,0.0113666679507745,0,gather-scatter,1,fan-out,0.8,1,scatter-gather,0.6,1,fan-out,0.8,1,gather-scatter,0.8,1,scatter-gather,0.8,0,,0.7,0,,0.5
amlc_01331,HI-Small,0,legit,469.33800841514727,1.2465363422969314e-05,0,bipartite,3.1320892e-06,0,fan-in,0.0012948128,0,stack,0.0004368034074189,0,fan-in,1,fan-in,0.6,0,,0.7,1,fan-in,0.8,1,gather-scatter,0.6,1,fan-in,0.8,1,fan-in,0.8,0,,0.5
amlc_01332,HI-Small,1,legit,1.0,0.0377541711928674,0,bipartite,0.05461226,0,bipartite,0.13642037,0,bipartite,0.0762622668843212,0,bipartite,1,random,0.8,0,random,0.7,1,fan-in,0.8,1,random,0.8,1,fan-in,0.8,1,random,0.8,0,,0.7
amlc_01333,HI-Small,1,legit,1.0,0.0972742064937867,0,fan-in,0.050137352,0,fan-in,0.092298195,0,fan-in,0.0799032511527312,0,fan-in,1,gather-scatter,0.6,1,gather-scatter,0.6,1,fan-out,0.8,1,gather-scatter,0.6,1,scatter-gather,0.8,1,scatter-gather,0.8,1,scatter-gather,0.8
amlc_01334,HI-Small,0,legit,469.33800841514727,0.0109631287397715,0,bipartite,0.0012871108,0,bipartite,0.2841033,0,bipartite,0.0987845145786147,0,bipartite,1,fan-out,0.6,1,scatter-gather,0.8,1,gather-scatter,0.8,1,gather-scatter,0.8,1,gather-scatter,0.8,1,gather-scatter,0.8,1,gather-scatter,0.8
amlc_01335,HI-Small,0,legit,469.33800841514727,6.567422020927136e-05,0,stack,8.6760854e-05,0,stack,0.09117714,0,fan-out,0.0304431927436372,0,stack,1,fan-out,0.6,1,stack,0.8,1,fan-out,0.8,1,gather-scatter,0.8,1,scatter-gather,0.8,1,gather-scatter,0.8,1,gather-scatter,0.8
amlc_01336,HI-Small,0,legit,1.0,0.7022501817457643,0,bipartite,0.43465963,0,bipartite,0.06962921,0,bipartite,0.4021796730198054,0,bipartite,0,,0.7,0,,0.7,0,,0.7,1,gather-scatter,0.6,1,stack,0.8,0,,0.7,0,,0.7
amlc_01337,HI-Small,0,legit,1.0,0.8720370898085141,1,bipartite,0.9803904,1,bipartite,0.033310927,0,bipartite,0.6285794822519787,0,bipartite,1,scatter-gather,0.6,0,,0.5,1,gather-scatter,0.8,1,gather-scatter,0.6,1,gather-scatter,0.8,1,gather-scatter,0.8,1,random,0.8
amlc_01338,HI-Small,0,legit,1.0,0.8802985847713612,1,bipartite,0.87604463,1,bipartite,0.3775262,0,bipartite,0.7112898032109626,0,bipartite,1,fan-in,0.8,1,gather-scatter,0.6,1,fan-in,0.8,1,gather-scatter,0.6,1,gather-scatter,0.8,1,gather-scatter,0.8,1,gather-scatter,0.8
amlc_01339,HI-Small,0,legit,483.5610098176718,0.0018768582302769,0,gather-scatter,0.0019468094,0,gather-scatter,0.030109048,0,gather-scatter,0.0113109051574539,0,gather-scatter,0,,0.5,0,,0.5,0,,0.7,1,gather-scatter,0.8,1,fan-out,0.8,0,,0.7,0,,0.5
amlc_01340,HI-Small,0,legit,469.33800841514727,2.8200843596021063e-05,0,bipartite,9.826299e-06,0,bipartite,0.011353907,0,stack,0.0037973114393167,0,bipartite,1,random,0.8,1,fan-out,0.6,1,scatter-gather,0.8,1,gather-scatter,0.8,1,gather-scatter,0.8,1,gather-scatter,0.8,1,gather-scatter,0.8
amlc_01341,HI-Small,0,legit,1.0,0.7475132600358438,0,bipartite,0.51695865,0,bipartite,0.3212975,0,bipartite,0.528589803506643,0,bipartite,0,,0.7,0,,0.7,0,,0.7,0,,0.7,0,,0.7,0,,0.7,0,,0.7
amlc_01342,HI-Small,0,legit,469.33800841514727,1.2702497858277112e-05,0,bipartite,4.7827607e-06,0,stack,0.006326508,0,bipartite,0.0021146643451772,0,bipartite,1,random,0.8,0,,0.7,1,scatter-gather,0.8,1,gather-scatter,0.6,1,gather-scatter,0.8,1,gather-scatter,0.8,1,gather-scatter,0.8
amlc_01343,HI-Small,0,legit,483.5610098176718,1.3472405131655604e-05,0,random,7.951865e-06,0,fan-in,0.03367296,0,random,0.0112314609608487,0,random,1,random,0.8,1,fan-out,0.6,1,gather-scatter,0.8,1,bipartite,0.8,1,stack,0.8,1,gather-scatter,0.8,1,gather-scatter,0.8
amlc_01344,HI-Small,0,legit,469.33800841514727,3.3835400093357333e-05,0,stack,5.5589677e-05,0,stack,0.07886229,0,bipartite,0.0263172373936665,0,stack,1,fan-out,0.6,0,,0.7,0,,0.7,1,gather-scatter,0.6,1,gather-scatter,0.8,1,gather-scatter,0.8,0,,0.5
amlc_01345,HI-Small,1,legit,1.0,0.048591913306342,0,bipartite,0.06595075,0,bipartite,0.08683788,0,bipartite,0.0671268483081216,0,bipartite,1,scatter-gather,0.6,0,cycle,0.7,0,,0.7,1,gather-scatter,0.8,1,stack,0.8,1,gather-scatter,0.8,1,stack,0.8
amlc_01346,HI-Small,0,legit,469.33800841514727,1.4663664360440755e-05,0,fan-in,1.022593e-05,0,fan-in,0.01006594,0,bipartite,0.0033636099343827,0,fan-in,1,gather-scatter,0.6,0,,0.5,1,scatter-gather,0.8,1,stack,0.8,1,gather-scatter,0.8,0,,0.7,1,gather-scatter,0.8
amlc_01347,HI-Small,0,legit,483.5610098176718,1.4463290732003734e-05,0,random,1.5457957e-05,0,bipartite,0.017002206,0,bipartite,0.0056773758479829,0,bipartite,1,fan-out,0.6,1,fan-out,0.6,1,fan-out,0.8,1,gather-scatter,0.8,1,fan-out,0.8,1,fan-out,0.8,0,,0.5
amlc_01348,HI-Small,0,legit,1.0,0.6225350017433854,0,fan-in,0.7664817,0,fan-in,0.5070946,0,fan-in,0.6320371069870224,0,fan-in,1,fan-in,0.6,0,,0.5,1,fan-in,0.6,1,gather-scatter,0.8,1,fan-in,0.8,1,gather-scatter,0.8,1,fan-in,0.8
amlc_01349,HI-Small,0,legit,483.5610098176718,3.5226854024827146e-05,0,bipartite,3.8771414e-05,0,bipartite,0.03089656,0,bipartite,0.0103235192083988,0,bipartite,1,fan-out,0.6,1,fan-out,0.6,1,scatter-gather,0.8,1,gather-scatter,0.6,1,gather-scatter,0.8,1,gather-scatter,0.8,1,stack,0.8
amlc_01350,HI-Small,0,legit,469.33800841514727,3.630733565892299e-05,0,bipartite,3.5270154e-05,0,stack,0.01010825,0,stack,0.0033932758941866,0,stack,1,fan-out,0.6,1,fan-out,0.6,0,,0.7,1,gather-scatter,0.8,1,scatter-gather,0.8,1,fan-out,0.8,0,,0.5
amlc_01351,HI-Small,0,legit,469.33800841514727,0.0003211025737208,0,bipartite,0.00031442737,0,bipartite,0.04220677,0,bipartite,0.0142807672035253,0,bipartite,1,fan-out,0.6,0,,0.5,1,fan-out,0.6,1,stack,0.8,1,gather-scatter,0.8,1,gather-scatter,0.8,1,gather-scatter,0.8
amlc_01352,HI-Small,0,legit,469.33800841514727,1.4088163864922792e-05,0,random,9.920589e-06,0,fan-in,0.0011804517,0,bipartite,0.0004014868218241,0,fan-in,1,gather-scatter,0.6,1,scatter-gather,0.6,1,gather-scatter,0.8,1,gather-scatter,0.6,1,gather-scatter,0.8,1,gather-scatter,0.8,1,gather-scatter,0.8
amlc_01353,HI-Small,0,legit,1.0,0.936306212212832,1,bipartite,0.9678626,1,bipartite,0.4916733,0,bipartite,0.798614036330313,0,bipartite,1,fan-in,0.6,1,fan-in,0.6,1,fan-in,0.8,1,gather-scatter,0.6,1,fan-in,0.8,1,fan-in,0.8,1,fan-in,0.8
amlc_01354,HI-Small,1,legit,1.0,0.0098583993341988,0,bipartite,0.010759083,0,bipartite,0.07699056,0,bipartite,0.0325360138847253,0,bipartite,1,fan-out,0.6,1,gather-scatter,0.6,1,random,0.8,1,gather-scatter,0.6,1,fan-in,0.8,1,gather-scatter,0.8,1,gather-scatter,0.8
amlc_01355,HI-Small,0,legit,469.33800841514727,1.5138557924720553e-05,0,bipartite,6.6588173e-06,0,fan-in,0.0019791652,0,scatter-gather,0.0006669875400093,0,fan-in,1,fan-out,0.6,1,gather-scatter,0.6,1,fan-out,0.8,1,gather-scatter,0.8,1,gather-scatter,0.8,1,gather-scatter,0.8,1,scatter-gather,0.8
amlc_01356,HI-Small,0,legit,469.33800841514727,0.0002106814548756,0,bipartite,7.85187e-05,0,stack,0.30066952,0,fan-out,0.1003195737495215,0,fan-out,1,fan-out,0.6,1,fan-out,0.6,1,random,0.8,0,,0.7,1,fan-out,0.8,1,scatter-gather,0.8,0,,0.5
amlc_01357,HI-Small,0,legit,469.33800841514727,1.4171066167000148e-05,0,random,6.496597e-06,0,fan-in,0.011187353,0,bipartite,0.0037360069448758,0,fan-in,1,fan-out,0.6,1,gather-scatter,0.6,1,fan-out,0.8,1,gather-scatter,0.8,1,fan-out,0.8,1,fan-out,0.8,0,,0.5
amlc_01358,HI-Small,0,legit,469.33800841514727,0.0001551473765372,0,fan-out,0.00015523777,0,fan-in,0.5223435,0,fan-out,0.1742179671638713,0,fan-out,1,fan-out,0.6,1,gather-scatter,0.6,1,scatter-gather,0.8,1,gather-scatter,0.6,1,scatter-gather,0.8,0,,0.7,0,,0.5
amlc_01359,HI-Small,0,legit,1.0,0.8406638268474683,1,bipartite,0.89213693,1,bipartite,0.55476224,0,bipartite,0.7625210008304631,0,bipartite,1,fan-out,0.8,1,gather-scatter,0.6,1,gather-scatter,0.8,1,gather-scatter,0.8,1,gather-scatter,0.8,1,gather-scatter,0.8,1,gather-scatter,0.8
amlc_01360,HI-Small,0,legit,469.33800841514727,4.229020309272227e-05,0,bipartite,1.3579642e-05,0,bipartite,0.10570709,0,bipartite,0.0352543188225176,0,bipartite,1,fan-out,0.6,1,fan-out,0.6,1,fan-out,0.8,1,gather-scatter,0.8,1,fan-out,0.8,1,fan-out,0.8,0,,0.5
amlc_01361,HI-Small,0,legit,483.5610098176718,3.7653618309105766e-05,0,bipartite,1.3555507e-05,0,bipartite,0.019745413,0,bipartite,0.0065988741132237,0,bipartite,1,fan-out,0.6,1,gather-scatter,0.6,1,fan-out,0.8,1,gather-scatter,0.8,1,gather-scatter,0.8,1,bipartite,0.8,0,,0.5
amlc_01362,HI-Small,0,legit,469.33800841514727,0.0071077650352165,0,fan-out,0.0024756503,0,fan-out,0.16159597,0,fan-out,0.0570597952366734,0,fan-out,0,,0.5,0,,0.5,1,fan-out,0.8,1,bipartite,0.8,1,fan-out,0.8,0,,0.7,0,,0.5
amlc_01363,HI-Small,0,legit,469.33800841514727,5.641818317864168e-05,0,fan-in,5.5914563e-05,0,fan-in,0.08611794,0,fan-in,0.0287434236356369,0,fan-in,1,fan-out,0.6,1,gather-scatter,0.6,1,scatter-gather,0.8,1,gather-scatter,0.8,1,gather-scatter,0.8,1,gather-scatter,0.8,1,scatter-gather,0.8
amlc_01364,HI-Small,0,legit,469.33800841514727,0.0047790486092951,0,scatter-gather,0.0015248719,0,scatter-gather,0.28091955,0,scatter-gather,0.0957411574574588,0,scatter-gather,0,,0.5,0,,0.5,1,fan-out,0.8,1,gather-scatter,0.8,1,fan-out,0.8,1,fan-out,0.8,0,,0.5
amlc_01365,HI-Small,0,legit,469.33800841514727,2.9320637884594216e-05,0,bipartite,2.5083727e-05,0,bipartite,0.096533634,0,bipartite,0.0321960127112979,0,bipartite,1,scatter-gather,0.6,1,scatter-gather,0.6,1,gather-scatter,0.8,1,gather-scatter,0.6,1,scatter-gather,0.8,1,scatter-gather,0.8,0,,0.5
amlc_01366,HI-Small,0,legit,469.33800841514727,0.0002536562079173,0,bipartite,0.0008347685,0,bipartite,0.0047267387,0,bipartite,0.0019383877994983,0,bipartite,1,gather-scatter,0.6,1,cycle,0.8,1,gather-scatter,0.8,1,gather-scatter,0.6,1,gather-scatter,0.8,1,gather-scatter,0.8,1,random,0.8
amlc_01367,HI-Small,0,legit,469.33800841514727,7.368851033265639e-05,0,bipartite,2.365381e-05,0,stack,0.0008615005,0,scatter-gather,0.0003196142758025,0,scatter-gather,1,random,0.8,1,fan-out,0.8,1,random,0.8,1,gather-scatter,0.6,1,gather-scatter,0.8,1,gather-scatter,0.8,1,gather-scatter,0.8
amlc_01368,HI-Small,0,legit,469.33800841514727,0.0003797171715879,0,bipartite,0.0004594776,0,bipartite,0.37415737,0,bipartite,0.1249988546349496,0,bipartite,1,fan-out,0.8,1,gather-scatter,0.6,1,random,0.8,1,gather-scatter,0.8,1,scatter-gather,0.8,1,gather-scatter,0.8,0,,0.5
amlc_01369,HI-Small,0,legit,469.33800841514727,4.717397890479245e-05,0,bipartite,2.2735805e-05,0,bipartite,0.006935087,0,bipartite,0.0023349989388511,0,bipartite,1,scatter-gather,0.6,1,gather-scatter,0.6,1,gather-scatter,0.8,1,gather-scatter,0.6,1,gather-scatter,0.8,1,gather-scatter,0.8,1,gather-scatter,0.8
amlc_01370,HI-Small,0,legit,483.5610098176718,3.4908602456993484e-05,0,stack,1.7084047e-05,0,stack,0.023331681,0,stack,0.0077945579718625,0,stack,1,fan-out,0.6,1,gather-scatter,0.6,1,random,0.8,1,gather-scatter,0.6,1,gather-scatter,0.8,1,gather-scatter,0.8,1,fan-out,0.8
amlc_01371,HI-Small,0,legit,469.33800841514727,1.30026355297863e-05,0,random,5.0675785e-06,0,fan-in,0.0049007214,0,random,0.0016395971938305,0,random,1,gather-scatter,0.6,1,gather-scatter,0.6,1,scatter-gather,0.8,1,gather-scatter,0.8,1,gather-scatter,0.8,1,gather-scatter,0.8,1,gather-scatter,0.8
amlc_01372,HI-Small,0,legit,483.5610098176718,3.33637459763836e-05,0,bipartite,6.214365e-06,0,bipartite,0.039259255,0,bipartite,0.0130996110144367,0,bipartite,1,gather-scatter,0.8,1,gather-scatter,0.6,1,bipartite,0.8,1,gather-scatter,0.6,1,gather-scatter,0.8,1,gather-scatter,0.8,1,gather-scatter,0.8
amlc_01373,HI-Small,0,legit,469.33800841514727,1.399836555062174e-05,0,bipartite,2.2763019e-05,0,bipartite,0.08307501,0,bipartite,0.0277039235569623,0,bipartite,1,fan-out,0.6,1,scatter-gather,0.8,1,random,0.8,1,scatter-gather,0.8,1,gather-scatter,0.8,1,gather-scatter,0.8,1,scatter-gather,0.8
amlc_01374,HI-Small,0,legit,469.33800841514727,0.0006325178727772,0,bipartite,0.0015262596,0,bipartite,0.2733227,0,bipartite,0.0918271596370974,0,bipartite,1,fan-out,0.6,1,gather-scatter,0.6,1,scatter-gather,0.8,1,gather-scatter,0.6,1,scatter-gather,0.8,1,gather-scatter,0.8,1,gather-scatter,0.8
amlc_01375,HI-Small,0,legit,469.33800841514727,1.3938525875136674e-05,0,bipartite,1.6951928e-05,0,fan-in,0.04280467,0,bipartite,0.0142785200142418,0,bipartite,1,gather-scatter,0.6,1,gather-scatter,0.6,1,bipartite,0.8,1,gather-scatter,0.6,1,fan-out,0.8,1,gather-scatter,0.8,1,gather-scatter,0.8
amlc_01376,HI-Small,0,legit,1.0,0.7573639337888038,0,bipartite,0.5082635,0,bipartite,0.5073717,0,bipartite,0.5909997285959018,0,bipartite,1,fan-in,0.6,1,fan-in,0.6,0,,0.7,1,gather-scatter,0.6,1,fan-in,0.8,1,fan-in,0.8,1,fan-in,0.8
amlc_01377,HI-Small,0,legit,469.33800841514727,5.048633530606884e-05,0,bipartite,3.0336372e-05,0,bipartite,0.04938792,0,bipartite,0.0164895811184617,0,bipartite,1,fan-out,0.6,1,fan-out,0.6,1,fan-out,0.8,1,gather-scatter,0.8,1,fan-out,0.8,1,fan-out,0.8,0,,0.5
amlc_01378,HI-Small,0,legit,469.33800841514727,0.0006257832433679,0,cycle,0.00022721472,0,scatter-gather,0.011036338,0,cycle,0.0039631120842842,0,cycle,1,gather-scatter,0.6,1,gather-scatter,0.8,1,fan-out,0.8,1,gather-scatter,0.6,1,gather-scatter,0.8,1,gather-scatter,0.8,1,gather-scatter,0.8
amlc_01379,HI-Small,0,legit,483.5610098176718,1.3582780039773975e-05,0,bipartite,1.3216408e-05,0,stack,0.023885058,0,bipartite,0.0079706191422978,0,bipartite,1,fan-out,0.6,1,fan-out,0.8,1,fan-out,0.8,1,gather-scatter,0.6,1,gather-scatter,0.8,1,random,0.8,1,gather-scatter,0.8
amlc_01380,HI-Small,0,legit,469.33800841514727,2.5046938951877265e-05,0,bipartite,1.925239e-05,0,stack,0.045794018,0,bipartite,0.0152794389804263,0,bipartite,1,gather-scatter,0.6,1,gather-scatter,0.6,1,gather-scatter,0.6,1,gather-scatter,0.6,1,gather-scatter,0.8,1,gather-scatter,0.8,1,gather-scatter,0.8
amlc_01381,HI-Small,0,legit,469.33800841514727,0.0338238502441701,0,fan-in,0.013175729,0,fan-in,0.28904957,0,fan-in,0.1120163815890371,0,fan-in,1,fan-in,0.6,1,fan-in,0.6,1,fan-in,0.6,1,gather-scatter,0.6,1,fan-in,0.8,1,gather-scatter,0.8,1,fan-in,0.8
amlc_01382,HI-Small,0,legit,469.33800841514727,0.0949319714470645,0,gather-scatter,0.0054394053,0,gather-scatter,0.08687049,0,gather-scatter,0.062413956093753,0,gather-scatter,0,,0.5,0,,0.5,1,fan-out,0.8,1,gather-scatter,0.8,1,fan-out,0.8,0,,0.7,0,,0.5
amlc_01383,HI-Small,0,legit,469.33800841514727,0.0019836551261622,0,bipartite,0.0007706023,0,bipartite,0.0861649,0,bipartite,0.0296397188712074,0,bipartite,1,gather-scatter,0.6,0,,0.5,1,gather-scatter,0.8,1,gather-scatter,0.6,1,fan-in,0.8,1,gather-scatter,0.8,1,gather-scatter,0.8
amlc_01384,HI-Small,0,legit,469.33800841514727,0.0059245590567783,0,gather-scatter,0.0026894598,0,gather-scatter,0.042716067,0,gather-scatter,0.0171100287226404,0,gather-scatter,1,fan-out,0.6,1,gather-scatter,0.6,0,,0.7,1,scatter-gather,0.8,1,fan-out,0.8,0,,0.7,0,,0.5
amlc_01385,HI-Small,0,legit,1.0,0.7009766174236742,0,bipartite,0.69447124,0,bipartite,0.097126566,0,bipartite,0.4975248077803124,0,bipartite,0,,0.7,0,,0.7,0,,0.7,0,,0.7,0,,0.7,0,,0.7,0,,0.7
amlc_01386,HI-Small,0,legit,1.0,0.7913660336532023,0,stack,0.86133593,1,stack,0.7018506,0,stack,0.7848508533172418,0,stack,1,stack,0.8,1,scatter-gather,0.8,1,scatter-gather,0.8,1,gather-scatter,0.8,1,gather-scatter,0.8,1,gather-scatter,0.8,1,gather-scatter,0.8
amlc_01387,HI-Small,0,legit,469.33800841514727,2.9101508804053724e-05,0,stack,9.78293e-06,0,fan-in,0.0038099221,0,bipartite,0.0012829355268319,0,fan-in,1,fan-out,0.6,1,fan-out,0.8,0,,0.7,1,cycle,0.8,1,fan-out,0.8,1,fan-out,0.8,0,,0.5
amlc_01388,HI-Small,0,legit,469.33800841514727,5.336452519166524e-05,0,stack,1.4808684e-05,0,stack,0.06469098,0,stack,0.0215863835146468,0,stack,1,fan-out,0.8,1,fan-out,0.8,1,fan-out,0.8,1,gather-scatter,0.8,1,scatter-gather,0.8,1,gather-scatter,0.8,0,,0.5
amlc_01389,HI-Small,0,legit,469.33800841514727,1.4216341902568752e-05,0,random,4.3855038e-05,0,fan-in,0.122325376,0,bipartite,0.0407944823519532,0,fan-in,1,fan-out,0.8,1,gather-scatter,0.6,1,scatter-gather,0.8,1,stack,0.8,1,gather-scatter,0.8,0,,0.7,0,,0.5
amlc_01390,HI-Small,0,legit,1.0,0.7433067427796737,0,bipartite,0.7876455,0,bipartite,0.57639515,0,bipartite,0.7024491385195857,0,bipartite,1,fan-in,0.6,1,scatter-gather,0.6,1,fan-in,0.6,1,gather-scatter,0.6,1,gather-scatter,0.8,1,gather-scatter,0.8,1,fan-in,0.8
amlc_01391,HI-Small,0,legit,1.0,0.7710843173495672,0,bipartite,0.70868045,0,bipartite,0.07230871,0,bipartite,0.5173578266578165,0,bipartite,1,cycle,0.8,0,,0.7,0,,0.7,0,,0.7,0,,0.7,0,,0.7,0,,0.7
amlc_01392,HI-Small,0,legit,469.33800841514727,1.4180250272066334e-05,0,bipartite,1.1268394e-05,0,fan-in,0.00418747,0,bipartite,0.0014043061601293,0,bipartite,1,fan-out,0.6,1,fan-out,0.6,1,fan-out,0.6,1,bipartite,0.8,1,fan-out,0.8,1,fan-out,0.8,0,,0.5
amlc_01393,HI-Small,0,legit,469.33800841514727,1.799049205306402e-05,0,scatter-gather,1.9720777e-05,0,cycle,0.0010741242,0,scatter-gather,0.0003706118378133,0,scatter-gather,1,fan-out,0.6,1,gather-scatter,0.8,1,random,0.8,1,gather-scatter,0.8,1,gather-scatter,0.8,1,random,0.8,1,fan-in,0.8
amlc_01394,HI-Small,0,legit,469.33800841514727,1.6764746858256078e-05,0,random,4.2588545e-05,0,scatter-gather,0.0033278465,0,random,0.0011290666061866,0,random,1,fan-out,0.6,1,fan-out,0.6,1,fan-out,0.8,1,cycle,0.8,1,gather-scatter,0.8,1,gather-scatter,0.8,1,gather-scatter,0.8
amlc_01395,HI-Small,0,legit,469.33800841514727,0.0002275718523345,0,bipartite,0.000118759264,0,bipartite,0.10928941,0,bipartite,0.0365452462822445,0,bipartite,1,fan-out,0.6,1,scatter-gather,0.6,1,fan-out,0.8,1,gather-scatter,0.8,1,scatter-gather,0.8,0,,0.7,0,,0.5
amlc_01396,HI-Small,0,legit,1.0,0.9079411843324218,1,bipartite,0.8807656,1,bipartite,0.1239861,0,bipartite,0.6375643012889397,0,bipartite,0,,0.7,0,,0.7,0,,0.7,0,,0.7,0,,0.7,0,,0.7,0,,0.7
amlc_01397,HI-Small,0,legit,1.0,0.8368221359133747,1,bipartite,0.83033323,1,bipartite,0.16496676,0,bipartite,0.610707376952967,0,bipartite,1,random,0.8,0,,0.7,1,random,0.8,1,random,0.8,1,stack,0.8,0,,0.7,1,random,0.8
amlc_01398,HI-Small,0,legit,469.33800841514727,1.2831688076622484e-05,0,bipartite,7.5374455e-06,0,fan-in,0.003221485,0,bipartite,0.0010806180662997,0,bipartite,1,fan-out,0.6,1,scatter-gather,0.8,1,cycle,0.8,1,gather-scatter,0.8,1,fan-out,0.8,1,gather-scatter,0.8,0,,0.5
amlc_01399,HI-Small,0,legit,469.33800841514727,4.345746736133652e-05,0,bipartite,4.7621583e-05,0,bipartite,0.075551346,0,bipartite,0.0252141416648487,0,bipartite,1,fan-out,0.8,1,fan-out,0.8,1,gather-scatter,0.8,1,cycle,0.8,1,gather-scatter,0.8,1,gather-scatter,0.8,1,scatter-gather,0.8
amlc_01400,HI-Small,0,legit,469.33800841514727,1.4715740395480784e-05,0,stack,1.3108109e-05,0,stack,0.0046258094,0,stack,0.0015512110760258,0,stack,1,fan-out,0.8,0,,0.5,1,scatter-gather,0.6,1,gather-scatter,0.6,1,scatter-gather,0.8,1,gather-scatter,0.8,0,,0.5
amlc_01401,HI-Small,0,legit,469.33800841514727,1.4508668593329628e-05,0,bipartite,7.358091e-06,0,bipartite,0.13746923,0,bipartite,0.0458303662806192,0,bipartite,1,fan-out,0.6,1,fan-out,0.8,0,,0.7,1,gather-scatter,0.6,1,gather-scatter,0.8,0,gather-scatter,0.7,0,,0.5
amlc_01402,HI-Small,0,legit,483.5610098176718,1.566638627044033e-05,0,random,1.4667455e-05,0,fan-out,0.014845717,0,random,0.0049586835359967,0,random,1,fan-out,0.6,1,fan-out,0.6,1,fan-out,0.8,1,gather-scatter,0.8,1,fan-out,0.8,0,,0.7,0,,0.5
amlc_01403,HI-Small,0,legit,483.5610098176718,0.0003054439804026,0,bipartite,0.00016538138,0,bipartite,0.016781691,0,bipartite,0.0057508389412417,0,bipartite,1,gather-scatter,0.6,1,fan-out,0.6,1,fan-in,0.8,1,gather-scatter,0.6,1,gather-scatter,0.8,1,gather-scatter,0.8,1,gather-scatter,0.8
amlc_01404,HI-Small,0,legit,469.33800841514727,4.561051968145266e-05,0,bipartite,1.9496541e-05,0,bipartite,0.054808743,0,bipartite,0.0182912834530539,0,bipartite,1,fan-out,0.6,1,gather-scatter,0.8,1,fan-out,0.8,1,bipartite,0.8,1,fan-out,0.8,1,scatter-gather,0.8,0,,0.5
amlc_01405,HI-Small,0,legit,469.33800841514727,0.0006166217018952,0,fan-out,0.0012701243,0,fan-out,0.32547843,0,fan-out,0.1091217268680256,0,fan-out,0,,0.5,0,,0.5,1,fan-out,0.8,1,fan-out,0.6,1,fan-out,0.8,0,,0.7,0,,0.5
amlc_01406,HI-Small,0,legit,469.33800841514727,1.6879111856933498e-05,0,stack,1.067436e-05,0,stack,0.057898916,0,stack,0.0193088232586746,0,stack,1,fan-out,0.8,1,fan-out,0.8,1,fan-out,0.8,1,gather-scatter,0.8,1,fan-out,0.8,1,gather-scatter,0.8,0,,0.5
amlc_01407,HI-Small,0,legit,469.33800841514727,0.0015591067255616,0,stack,0.0005248674,0,stack,0.12858073,0,random,0.0435549027478369,0,stack,1,cycle,0.8,1,fan-out,0.6,1,scatter-gather,0.8,1,gather-scatter,0.6,1,scatter-gather,0.8,1,scatter-gather,0.8,1,gather-scatter,0.8
amlc_01408,HI-Small,1,bipartite,1.0,0.94771074972957,1,bipartite,0.9938668,1,bipartite,0.8729311,1,bipartite,0.9381695579237728,1,bipartite,1,gather-scatter,0.6,1,gather-scatter,0.6,1,gather-scatter,0.6,1,gather-scatter,0.8,1,gather-scatter,0.8,1,gather-scatter,0.8,1,gather-scatter,0.8
amlc_01409,HI-Small,1,bipartite,1.0,0.0230282613189938,0,bipartite,0.032532584,0,bipartite,0.19637355,0,bipartite,0.0839781324417035,0,bipartite,1,fan-out,0.6,1,fan-out,0.6,1,gather-scatter,0.6,1,random,0.8,1,gather-scatter,0.8,1,gather-scatter,0.8,0,,0.5
amlc_01410,HI-Small,1,bipartite,1.0,0.9151612657980982,1,bipartite,0.98174477,1,bipartite,0.8954655,1,bipartite,0.9307905084118864,1,bipartite,1,gather-scatter,0.8,1,scatter-gather,0.6,1,scatter-gather,0.8,1,gather-scatter,0.6,1,scatter-gather,0.8,1,scatter-gather,0.8,1,scatter-gather,0.8
amlc_01411,HI-Small,1,bipartite,1.0,0.9397764895181936,1,bipartite,0.99649316,1,bipartite,0.89736617,1,bipartite,0.9445452721192136,1,bipartite,1,fan-out,0.6,1,gather-scatter,0.8,1,fan-out,0.8,1,gather-scatter,0.6,1,fan-out,0.8,1,gather-scatter,0.8,1,scatter-gather,0.8
amlc_01412,HI-Small,1,bipartite,1.0,0.9358075671805942,1,bipartite,0.9902158,1,bipartite,0.7881538,0,bipartite,0.9047257242406078,1,bipartite,1,fan-in,0.6,1,fan-in,0.6,1,gather-scatter,0.8,1,gather-scatter,0.6,1,fan-in,0.8,1,gather-scatter,0.8,1,fan-in,0.8
amlc_01413,HI-Small,1,bipartite,1.0,0.8965177021022557,1,bipartite,0.9679267,1,bipartite,0.9634768,1,bipartite,0.9426403867402314,1,bipartite,1,gather-scatter,0.6,1,fan-in,0.8,1,fan-in,0.8,1,gather-scatter,0.6,1,gather-scatter,0.8,1,gather-scatter,0.8,1,gather-scatter,0.8
amlc_01414,HI-Small,1,bipartite,1.0,0.9120884543071222,1,bipartite,0.9855293,1,bipartite,0.9447195,1,bipartite,0.9474457504156574,1,bipartite,1,gather-scatter,0.6,1,,0.6,1,gather-scatter,0.8,1,gather-scatter,0.6,1,gather-scatter,0.8,1,gather-scatter,0.8,1,gather-scatter,0.8
amlc_01415,HI-Small,1,bipartite,1.0,0.9446643175625304,1,bipartite,0.9767936,1,bipartite,0.6102134,0,bipartite,0.8438904345679118,1,bipartite,1,random,0.8,1,gather-scatter,0.6,1,gather-scatter,0.8,1,gather-scatter,0.6,1,gather-scatter,0.8,1,gather-scatter,0.8,1,gather-scatter,0.8
amlc_01416,HI-Small,1,bipartite,1.0,0.207039850938935,0,bipartite,0.076523945,0,bipartite,0.6976425,0,bipartite,0.3270687669477923,0,bipartite,1,fan-in,0.6,1,scatter-gather,0.6,1,random,0.8,1,gather-scatter,0.6,1,gather-scatter,0.8,1,gather-scatter,0.8,1,gather-scatter,0.8
amlc_01417,HI-Small,1,bipartite,1.0,0.3670290666387763,0,bipartite,0.80424416,1,bipartite,0.98662966,1,bipartite,0.7193009640629519,0,bipartite,1,fan-out,0.6,1,fan-out,0.6,1,fan-out,0.8,1,gather-scatter,0.6,1,fan-out,0.8,1,fan-out,0.8,0,,0.5
amlc_01418,HI-Small,1,legit,1.0,0.0066813506549912,0,fan-out,0.002253994,0,fan-out,0.03797573,0,fan-out,0.0156370244265452,0,fan-out,0,,0.5,0,,0.5,1,fan-out,0.8,1,gather-scatter,0.8,1,fan-out,0.8,0,,0.7,0,,0.5
amlc_01419,HI-Small,0,legit,469.33800841514727,0.0030276772750121,0,fan-out,0.0006188879,0,fan-out,0.040112924,0,fan-out,0.0145864963321185,0,fan-out,0,,0.5,0,,0.5,1,fan-out,0.8,1,gather-scatter,0.6,1,fan-out,0.8,0,,0.7,0,,0.5
amlc_01420,HI-Small,1,legit,1.0,0.0048649790029467,0,gather-scatter,0.004830978,0,gather-scatter,0.06986633,0,gather-scatter,0.0265207621046483,0,gather-scatter,0,,0.5,0,,0.5,1,cycle,0.8,1,gather-scatter,0.8,1,fan-out,0.8,0,,0.7,0,,0.5
amlc_01421,HI-Small,0,legit,469.33800841514727,3.716191790553741e-05,0,bipartite,1.3145112e-05,0,stack,0.0062891603,0,bipartite,0.0021131557914024,0,bipartite,1,fan-out,0.6,1,gather-scatter,0.6,1,fan-out,0.8,1,random,0.8,1,fan-out,0.8,1,fan-out,0.8,0,,0.5
amlc_01422,HI-Small,0,legit,469.33800841514727,1.2413969586836424e-05,0,bipartite,1.17802865e-05,0,bipartite,0.003480704,0,bipartite,0.00116829943057,0,bipartite,1,fan-out,0.6,1,fan-out,0.6,1,fan-out,0.6,1,gather-scatter,0.8,1,fan-out,0.8,1,fan-out,0.8,0,,0.5
amlc_01423,HI-Small,0,legit,469.33800841514727,2.9547709176773265e-05,0,stack,7.656944e-06,0,stack,0.00722569,0,stack,0.0024209648656972,0,stack,1,fan-out,0.8,1,gather-scatter,0.6,1,fan-in,0.6,1,gather-scatter,0.6,1,gather-scatter,0.8,1,gather-scatter,0.8,1,gather-scatter,0.8
amlc_01424,HI-Small,0,legit,469.33800841514727,0.0003689635310677,0,bipartite,0.0008619066,0,bipartite,0.096055016,0,bipartite,0.0324286286912666,0,bipartite,1,fan-out,0.6,1,fan-out,0.6,0,,0.7,1,bipartite,0.8,1,scatter-gather,0.8,1,gather-scatter,0.8,0,,0.5
amlc_01425,HI-Small,0,legit,469.33800841514727,1.380088224094306e-05,0,bipartite,2.1495209e-05,0,fan-in,0.13491054,0,bipartite,0.0449819449612118,0,bipartite,1,gather-scatter,0.8,1,gather-scatter,0.6,0,,0.7,1,gather-scatter,0.6,1,gather-scatter,0.8,1,gather-scatter,0.8,1,gather-scatter,0.8
amlc_01426,HI-Small,0,legit,469.33800841514727,8.101844200121814e-05,0,bipartite,5.3371972e-05,0,stack,0.13659067,0,stack,0.0455750216445705,0,stack,1,fan-out,0.6,1,fan-out,0.6,1,gather-scatter,0.8,1,gather-scatter,0.8,1,gather-scatter,0.8,0,,0.7,0,,0.5
amlc_01427,HI-Small,0,legit,469.33800841514727,0.0021791763411625,0,bipartite,0.0006489091,0,bipartite,0.061189104,0,bipartite,0.0213390630955117,0,bipartite,0,,0.7,0,,0.7,0,,0.7,1,gather-scatter,0.6,0,,0.7,0,,0.7,0,,0.7
amlc_01428,HI-Small,0,legit,483.5610098176718,3.03088961265282e-05,0,bipartite,9.510815e-06,0,stack,0.031784438,0,bipartite,0.0106080857694045,0,bipartite,1,gather-scatter,0.8,0,,0.5,0,,0.7,1,gather-scatter,0.8,1,gather-scatter,0.8,1,gather-scatter,0.8,1,gather-scatter,0.8
amlc_01429,HI-Small,0,legit,469.33800841514727,1.463654991257677e-05,0,stack,4.2264517e-05,0,stack,0.009854005,0,stack,0.0033036352617938,0,stack,1,gather-scatter,0.6,1,gather-scatter,0.8,1,fan-out,0.8,1,gather-scatter,0.6,1,gather-scatter,0.8,1,gather-scatter,0.8,1,gather-scatter,0.8
amlc_01430,HI-Small,0,legit,469.33800841514727,1.2156036093327502e-05,0,random,1.3173772e-05,0,fan-in,0.0020935156,0,random,0.0007062817997794,0,random,1,fan-out,0.8,1,fan-out,0.6,1,fan-out,0.8,1,gather-scatter,0.6,1,fan-out,0.8,1,fan-out,0.8,0,,0.5
amlc_01431,HI-Small,1,legit,1.0,0.0028287454361517,0,fan-out,0.002392605,0,fan-out,0.011044141,0,fan-out,0.0054218304294612,0,fan-out,0,,0.5,0,,0.5,1,fan-out,0.8,0,,0.7,1,fan-out,0.8,1,stack,0.8,0,,0.5
amlc_01432,HI-Small,0,legit,469.33800841514727,3.8221897431966914e-05,0,stack,8.949503e-06,0,stack,0.006490213,0,stack,0.002179128088653,0,stack,1,gather-scatter,0.6,1,fan-out,0.6,1,fan-out,0.6,1,gather-scatter,0.6,1,gather-scatter,0.8,1,gather-scatter,0.8,1,gather-scatter,0.8
amlc_01433,HI-Small,0,legit,469.33800841514727,4.097019645160149e-05,0,bipartite,2.528661e-05,0,bipartite,0.04267921,0,bipartite,0.0142484886896123,0,bipartite,1,fan-out,0.6,1,fan-out,0.6,1,random,0.8,1,gather-scatter,0.8,1,scatter-gather,0.8,1,gather-scatter,0.8,0,,0.5
amlc_01434,HI-Small,0,legit,469.33800841514727,0.0002958156146657,0,bipartite,0.00038333624,0,bipartite,0.158512,0,bipartite,0.0530637160421376,0,bipartite,1,fan-out,0.6,1,fan-out,0.6,1,fan-out,0.6,1,scatter-gather,0.8,1,fan-out,0.8,0,,0.7,0,,0.5
amlc_01435,HI-Small,0,legit,469.33800841514727,0.0003387133829145,0,bipartite,0.00039046886,0,bipartite,0.19199064,0,bipartite,0.0642399419954617,0,bipartite,1,scatter-gather,0.8,1,scatter-gather,0.6,1,random,0.8,1,gather-scatter,0.8,1,fan-out,0.8,1,fan-out,0.8,0,,0.5
amlc_01436,HI-Small,0,legit,469.33800841514727,0.0083217730688457,0,bipartite,0.002347406,0,bipartite,0.04829557,0,bipartite,0.0196549159145158,0,bipartite,1,scatter-gather,0.6,0,,0.5,1,gather-scatter,0.8,1,gather-scatter,0.6,1,gather-scatter,0.8,1,gather-scatter,0.8,1,gather-scatter,0.8
amlc_01437,HI-Small,1,legit,1.0,0.0023018052952166,0,gather-scatter,0.004192871,0,gather-scatter,0.03868076,0,gather-scatter,0.0150584782213527,0,gather-scatter,0,,0.5,0,,0.5,0,,0.7,0,,0.7,1,fan-out,0.8,1,fan-out,0.8,0,,0.5
amlc_01438,HI-Small,0,legit,483.5610098176718,2.4223481694321205e-05,0,bipartite,1.8971536e-05,0,bipartite,0.03643953,0,bipartite,0.0121609085229126,0,bipartite,1,fan-out,0.6,1,fan-out,0.8,1,gather-scatter,0.8,1,gather-scatter,0.6,1,fan-out,0.8,1,gather-scatter,0.8,1,gather-scatter,0.8
amlc_01439,HI-Small,0,legit,469.33800841514727,1.4982307871237798e-05,0,stack,8.006789e-06,0,fan-in,0.011130545,0,bipartite,0.0037178447951844,0,fan-in,1,gather-scatter,0.6,1,stack,0.8,1,gather-scatter,0.8,1,gather-scatter,0.6,1,gather-scatter,0.8,1,gather-scatter,0.8,1,gather-scatter,0.8
amlc_01440,HI-Small,0,legit,469.33800841514727,1.2091139009244216e-05,0,bipartite,7.412965e-06,0,bipartite,0.0034380318,0,stack,0.0011525119567928,0,bipartite,1,fan-out,0.6,1,fan-out,0.6,1,random,0.8,1,gather-scatter,0.6,1,fan-in,0.8,1,random,0.8,1,gather-scatter,0.8
amlc_01441,HI-Small,0,legit,483.5610098176718,0.0001249246675449,0,bipartite,0.00044117658,0,bipartite,0.02687963,0,bipartite,0.0091485767905886,0,bipartite,0,,0.7,0,,0.7,0,,0.7,0,,0.7,0,,0.7,0,,0.7,0,,0.7
amlc_01442,HI-Small,0,legit,483.5610098176718,4.7921843560990446e-05,0,bipartite,2.449195e-05,0,stack,0.037462212,0,bipartite,0.0125115419796868,0,bipartite,1,fan-out,0.6,0,,0.5,1,fan-out,0.6,1,random,0.8,1,fan-out,0.8,1,fan-out,0.8,0,,0.5
amlc_01443,HI-Small,0,legit,483.5610098176718,1.574282949801661e-05,0,scatter-gather,3.2243515e-05,0,fan-in,0.021190623,0,scatter-gather,0.0070795363887516,0,scatter-gather,1,fan-out,0.6,1,fan-out,0.6,1,fan-out,0.6,1,gather-scatter,0.6,1,fan-out,0.8,1,fan-out,0.8,0,,0.5
amlc_01444,HI-Small,0,legit,1.0,0.3520511328964514,0,scatter-gather,0.047960266,0,stack,0.91044205,1,stack,0.4368178178796862,0,stack,1,gather-scatter,0.6,0,,0.7,1,fan-out,0.8,1,gather-scatter,0.8,1,fan-out,0.8,1,scatter-gather,0.8,0,,0.5
amlc_01445,HI-Small,0,legit,1.0,0.7637720626728102,0,fan-in,0.85707176,1,fan-in,0.55171317,0,fan-in,0.7241856628701543,0,fan-in,1,random,0.8,1,scatter-gather,0.6,1,gather-scatter,0.8,1,gather-scatter,0.6,1,gather-scatter,0.8,1,gather-scatter,0.8,1,gather-scatter,0.8
amlc_01446,HI-Small,1,legit,1.0,0.0003502100390446,0,fan-out,0.0004814405,0,fan-out,0.012666322,0,fan-out,0.0044993242803361,0,fan-out,0,,0.5,0,,0.5,1,fan-out,0.8,1,scatter-gather,0.8,1,fan-out,0.8,0,,0.7,0,,0.5
amlc_01447,HI-Small,0,legit,1.0,0.8367622229467312,1,random,0.19506204,0,stack,0.3082029,0,stack,0.4466757189237567,0,stack,1,fan-in,0.6,1,stack,0.8,1,fan-in,0.6,1,gather-scatter,0.6,1,stack,0.8,1,stack,0.8,1,gather-scatter,0.8
amlc_01448,HI-Small,0,legit,469.33800841514727,0.0024013805851036,0,fan-out,0.006701165,0,fan-out,0.1320289,0,fan-out,0.0470438127001025,0,fan-out,0,,0.5,0,,0.5,0,,0.7,1,gather-scatter,0.6,1,fan-out,0.8,1,fan-out,0.8,0,,0.5
amlc_01449,HI-Small,1,legit,1.0,0.0460948302564566,0,stack,0.027997196,0,stack,0.22972122,0,stack,0.1012710814415595,0,stack,1,gather-scatter,0.8,1,fan-out,0.8,1,scatter-gather,0.8,1,gather-scatter,0.6,1,scatter-gather,0.8,1,gather-scatter,0.8,1,gather-scatter,0.8
amlc_01450,HI-Small,1,legit,1.0,0.6444253400439859,0,stack,0.74857926,0,stack,0.73848724,0,stack,0.7104972824611545,0,stack,1,fan-out,0.6,1,fan-out,0.6,1,fan-out,0.8,1,gather-scatter,0.8,1,scatter-gather,0.8,1,gather-scatter,0.8,1,fan-out,0.8
amlc_01451,HI-Small,0,legit,469.33800841514727,1.930547016656128e-05,0,bipartite,2.7321821e-05,0,bipartite,0.22845443,0,bipartite,0.0761670177407504,0,bipartite,1,fan-out,0.6,1,gather-scatter,0.6,0,,0.7,1,gather-scatter,0.8,1,gather-scatter,0.8,1,gather-scatter,0.8,1,gather-scatter,0.8
amlc_01452,HI-Small,0,legit,469.33800841514727,1.3510997948864897e-05,0,bipartite,1.4594967e-05,0,bipartite,0.06242638,0,bipartite,0.02081816225938,0,bipartite,1,scatter-gather,0.8,1,gather-scatter,0.6,1,bipartite,0.8,1,gather-scatter,0.6,1,fan-out,0.8,1,gather-scatter,0.8,0,,0.5
amlc_01453,HI-Small,0,legit,483.5610098176718,4.377221444410112e-05,0,random,6.465723e-05,0,fan-in,0.020004481,0,bipartite,0.0067043035071506,0,fan-in,1,scatter-gather,0.8,0,stack,0.7,0,,0.7,1,gather-scatter,0.6,1,gather-scatter,0.8,1,gather-scatter,0.8,0,,0.7
amlc_01454,HI-Small,0,legit,469.33800841514727,1.2416715732718574e-05,0,random,1.705319e-05,0,fan-in,0.0029266572,0,bipartite,0.0009853757047576,0,fan-in,1,fan-out,0.6,1,fan-out,0.6,1,scatter-gather,0.8,1,random,0.8,1,scatter-gather,0.8,1,gather-scatter,0.8,1,gather-scatter,0.8
amlc_01455,HI-Small,0,legit,469.33800841514727,3.4454977074456905e-05,0,bipartite,1.3171189e-05,0,bipartite,0.04805238,0,bipartite,0.0160333359632592,0,bipartite,1,gather-scatter,0.6,1,fan-out,0.6,1,gather-scatter,0.8,1,gather-scatter,0.8,1,scatter-gather,0.8,1,gather-scatter,0.8,0,,0.5
amlc_01456,HI-Small,0,legit,469.33800841514727,1.3041775326710832e-05,0,bipartite,4.491827e-06,0,fan-in,0.0020290215,0,bipartite,0.0006821850352385,0,bipartite,1,fan-out,0.6,1,gather-scatter,0.6,1,gather-scatter,0.8,1,gather-scatter,0.6,1,fan-out,0.8,1,fan-out,0.8,0,,0.5
amlc_01457,HI-Small,1,legit,1.0,0.0192426153076068,0,bipartite,0.013558027,0,bipartite,0.7253973,0,bipartite,0.2527326438138013,0,bipartite,1,fan-in,0.6,0,cycle,0.7,1,gather-scatter,0.8,1,gather-scatter,0.6,1,fan-in,0.8,1,gather-scatter,0.8,1,gather-scatter,0.8
amlc_01458,HI-Small,0,legit,1.0,0.7977509951299573,0,bipartite,0.6947921,0,bipartite,0.6340696,0,bipartite,0.7088709028464604,0,bipartite,0,,0.7,0,,0.5,0,,0.7,1,gather-scatter,0.6,1,fan-in,0.8,1,fan-in,0.8,1,fan-in,0.8
amlc_01459,HI-Small,0,legit,483.5610098176718,1.518955771878131e-05,0,bipartite,7.168597e-06,0,stack,0.012897918,0,stack,0.0043067587185858,0,stack,1,fan-out,0.6,1,fan-in,0.6,1,fan-out,0.6,1,gather-scatter,0.6,1,fan-in,0.8,1,scatter-gather,0.8,1,random,0.8
amlc_01460,HI-Small,1,legit,1.0,0.0333045651389279,0,bipartite,0.020963158,0,bipartite,0.3252236,0,bipartite,0.126497106167115,0,bipartite,1,fan-out,0.6,1,fan-out,0.6,1,fan-out,0.6,1,gather-scatter,0.6,1,gather-scatter,0.8,1,gather-scatter,0.8,1,fan-out,0.8
amlc_01461,HI-Small,1,legit,1.0,0.0119890175127503,0,bipartite,0.012425672,0,stack,0.128691,0,stack,0.0510352308340707,0,stack,1,fan-out,0.6,1,scatter-gather,0.6,1,gather-scatter,0.6,1,gather-scatter,0.6,1,gather-scatter,0.8,1,gather-scatter,0.8,1,fan-out,0.8
amlc_01462,HI-Small,0,legit,469.33800841514727,0.0003721025704643,0,bipartite,0.00014401147,0,bipartite,0.08989606,0,bipartite,0.030137391522946,0,bipartite,1,fan-out,0.6,1,fan-out,0.6,1,scatter-gather,0.8,1,gather-scatter,0.6,1,fan-out,0.8,1,fan-out,0.8,0,,0.5
amlc_01463,HI-Small,0,legit,469.33800841514727,1.569432982064882e-05,0,bipartite,1.2818826e-05,0,stack,0.0076952726,0,stack,0.002574595240163,0,stack,1,fan-out,0.6,1,gather-scatter,0.6,1,fan-out,0.8,1,cycle,0.8,1,scatter-gather,0.8,1,bipartite,0.8,1,fan-out,0.8
amlc_01464,HI-Small,0,legit,469.33800841514727,1.2837599351632377e-05,0,fan-in,2.2992713e-06,0,fan-in,0.006008937,0,bipartite,0.0020080246314015,0,fan-in,1,fan-out,0.6,1,fan-out,0.8,1,scatter-gather,0.8,1,gather-scatter,0.6,1,scatter-gather,0.8,0,,0.7,1,scatter-gather,0.8
amlc_01465,HI-Small,0,legit,469.33800841514727,2.770445965942474e-05,0,bipartite,2.947729e-05,0,bipartite,0.011480464,0,random,0.0038458818063908,0,bipartite,1,fan-out,0.6,0,,0.7,1,fan-out,0.6,1,gather-scatter,0.8,1,fan-out,0.8,1,gather-scatter,0.8,1,fan-out,0.8
amlc_01466,HI-Small,1,legit,1.0,0.0016279459280323,0,gather-scatter,0.0009908855,0,gather-scatter,0.062109686,0,gather-scatter,0.0215761726350023,0,gather-scatter,0,,0.5,0,,0.5,1,fan-out,0.8,1,scatter-gather,0.6,1,fan-out,0.8,0,,0.7,0,,0.5
amlc_01467,HI-Small,0,legit,1.0,0.6355929554813347,0,bipartite,0.5147688,0,bipartite,0.96081483,1,bipartite,0.7037255228000628,0,bipartite,1,gather-scatter,0.8,1,gather-scatter,0.6,1,scatter-gather,0.6,1,gather-scatter,0.8,1,gather-scatter,0.8,1,gather-scatter,0.8,1,gather-scatter,0.8
amlc_01468,HI-Small,0,legit,1.0,0.7431385549941667,0,bipartite,0.60734105,0,bipartite,0.44482145,0,bipartite,0.5984336844099564,0,bipartite,1,fan-in,0.6,1,random,0.8,1,fan-in,0.8,1,gather-scatter,0.8,1,fan-in,0.8,1,gather-scatter,0.8,1,fan-in,0.8
amlc_01469,HI-Small,0,legit,483.5610098176718,1.4228422584684286e-05,0,bipartite,6.1747933e-06,0,stack,0.014856902,0,bipartite,0.0049591017223297,0,bipartite,1,gather-scatter,0.6,1,scatter-gather,0.6,1,fan-out,0.8,1,gather-scatter,0.8,1,gather-scatter,0.8,1,stack,0.8,1,gather-scatter,0.8
amlc_01470,HI-Small,0,legit,469.33800841514727,1.3745797095386067e-05,0,bipartite,1.1492446e-05,0,stack,0.0058809915,0,stack,0.0019687432352352,0,stack,1,random,0.8,1,fan-out,0.6,1,fan-out,0.8,1,cycle,0.8,1,fan-in,0.8,1,cycle,0.8,1,stack,0.8
amlc_01471,HI-Small,0,legit,483.5610098176718,2.0765109514189447e-05,0,random,1.4368978e-05,0,stack,0.0257087,0,bipartite,0.0085812778953558,0,stack,1,fan-out,0.8,1,fan-out,0.6,1,gather-scatter,0.8,1,gather-scatter,0.6,1,gather-scatter,0.8,1,gather-scatter,0.8,1,gather-scatter,0.8
amlc_01472,HI-Small,0,legit,469.33800841514727,0.0002352473135092,0,bipartite,0.0006598049,0,bipartite,0.43710056,0,bipartite,0.1459985372313914,0,bipartite,1,scatter-gather,0.6,0,cycle,0.7,1,random,0.8,1,gather-scatter,0.8,1,scatter-gather,0.8,1,gather-scatter,0.8,1,scatter-gather,0.8
amlc_01473,HI-Small,0,legit,1.0,0.8288446751366234,1,fan-in,0.9186411,1,fan-in,0.14166757,0,fan-in,0.6297177800579262,0,fan-in,1,fan-in,0.6,1,fan-in,0.6,1,fan-in,0.6,1,gather-scatter,0.6,1,fan-in,0.8,1,fan-in,0.8,1,fan-in,0.8
amlc_01474,HI-Small,0,legit,469.33800841514727,1.2629897301861252e-05,0,stack,9.128997e-06,0,fan-in,0.0023637943,0,bipartite,0.0007951843814653,0,fan-in,1,fan-out,0.6,1,fan-out,0.6,1,fan-out,0.8,1,random,0.8,1,fan-out,0.8,1,fan-out,0.8,0,,0.5
amlc_01475,HI-Small,0,legit,483.5610098176718,1.4958010791785046e-05,0,random,1.5104066e-05,0,fan-in,0.02921462,0,bipartite,0.0097482275556085,0,fan-in,1,gather-scatter,0.8,1,gather-scatter,0.6,1,random,0.8,1,gather-scatter,0.8,1,gather-scatter,0.8,0,,0.7,0,,0.5
amlc_01476,HI-Small,0,legit,469.33800841514727,1.544248004023549e-05,0,random,7.86102e-06,0,fan-in,0.007428182,0,random,0.0024838284411592,0,random,1,fan-out,0.6,1,scatter-gather,0.6,1,fan-out,0.8,1,gather-scatter,0.8,1,scatter-gather,0.8,1,fan-out,0.8,1,gather-scatter,0.8
amlc_01477,HI-Small,0,legit,469.33800841514727,0.0005991025164142,0,bipartite,0.00032306835,0,bipartite,0.059776824,0,bipartite,0.020232998278221,0,bipartite,1,fan-out,0.8,1,fan-out,0.6,1,fan-out,0.8,1,gather-scatter,0.8,1,gather-scatter,0.8,1,gather-scatter,0.8,1,gather-scatter,0.8
amlc_01478,HI-Small,0,legit,469.33800841514727,8.249172623358058e-05,0,scatter-gather,8.785358e-05,0,scatter-gather,0.0054877857,0,random,0.0018860436600604,0,scatter-gather,1,fan-out,0.8,1,fan-out,0.6,1,gather-scatter,0.8,1,gather-scatter,0.6,1,gather-scatter,0.8,1,gather-scatter,0.8,1,scatter-gather,0.8
amlc_01479,HI-Small,0,legit,469.33800841514727,8.851812537091086e-05,0,stack,2.3599963e-05,0,bipartite,0.047191426,0,stack,0.0157678480821881,0,stack,1,fan-out,0.6,1,gather-scatter,0.6,1,bipartite,0.8,1,gather-scatter,0.6,1,gather-scatter,0.8,1,gather-scatter,0.8,1,gather-scatter,0.8
amlc_01480,HI-Small,0,legit,469.33800841514727,0.001037060993151,0,fan-in,0.002317143,0,fan-in,0.040140577,0,fan-in,0.0144982601864838,0,fan-in,1,fan-in,0.6,1,fan-in,0.6,1,fan-in,0.8,1,gather-scatter,0.8,1,fan-in,0.8,1,fan-in,0.8,1,fan-in,0.8
amlc_01481,HI-Small,0,legit,469.33800841514727,5.6732458807018045e-05,0,stack,1.5353002e-05,0,stack,0.5546663,0,stack,0.1849127887356888,0,stack,1,fan-out,0.6,1,scatter-gather,0.6,1,fan-out,0.8,1,bipartite,0.8,1,scatter-gather,0.8,1,gather-scatter,0.8,0,,0.5
amlc_01482,HI-Small,0,legit,1.0,0.9406910440879044,1,bipartite,0.95945376,1,bipartite,0.2379632,0,bipartite,0.7127026684269965,0,bipartite,1,fan-in,0.6,1,fan-in,0.6,1,fan-in,0.8,1,gather-scatter,0.6,1,fan-in,0.8,1,fan-in,0.8,1,fan-in,0.8
amlc_01483,HI-Small,1,legit,1.0,0.000556955184786,0,fan-out,0.0011900151,0,fan-out,0.075471245,0,fan-out,0.0257394050173456,0,fan-out,0,,0.5,0,,0.5,0,,0.5,0,,0.5,1,fan-out,0.8,0,,0.7,0,,0.5
amlc_01484,HI-Small,0,legit,469.33800841514727,0.0004105424143818,0,stack,0.00013226809,0,cycle,0.12734868,0,stack,0.0426304956097459,0,stack,1,scatter-gather,0.8,1,fan-out,0.6,1,scatter-gather,0.8,1,gather-scatter,0.6,1,gather-scatter,0.8,1,gather-scatter,0.8,1,scatter-gather,0.8
amlc_01485,HI-Small,1,legit,1.0,0.0427796529301116,0,fan-in,0.024164181,0,fan-in,0.36777717,0,fan-in,0.1449070009611749,0,fan-in,1,fan-in,0.6,1,fan-in,0.6,1,fan-in,0.8,1,gather-scatter,0.6,1,fan-in,0.8,1,fan-in,0.8,1,fan-in,0.8
amlc_01486,HI-Small,0,legit,469.33800841514727,2.045249540051521e-05,0,fan-in,1.2309256e-05,0,fan-in,0.17416734,0,bipartite,0.0580666989282417,0,fan-in,1,fan-out,0.6,1,scatter-gather,0.8,1,fan-out,0.6,1,gather-scatter,0.6,1,scatter-gather,0.8,1,scatter-gather,0.8,0,,0.5
amlc_01487,HI-Small,1,gather-scatter,1.0,0.8775104019309621,1,gather-scatter,0.98851454,1,gather-scatter,0.99773407,1,gather-scatter,0.9545863381116106,1,gather-scatter,1,fan-out,0.6,0,stack,0.7,1,fan-out,0.8,1,gather-scatter,0.8,1,gather-scatter,0.8,1,gather-scatter,0.8,1,gather-scatter,0.8
amlc_01488,HI-Small,1,gather-scatter,1.0,0.9370025203707376,1,gather-scatter,0.9923213,1,gather-scatter,0.992017,1,gather-scatter,0.9737802679698518,1,gather-scatter,1,fan-in,0.8,1,gather-scatter,0.6,0,,0.7,1,gather-scatter,0.6,1,gather-scatter,0.8,1,gather-scatter,0.8,1,gather-scatter,0.8
amlc_01489,HI-Small,1,gather-scatter,1.0,0.9523382875756656,1,gather-scatter,0.9886402,1,gather-scatter,0.9967828,1,gather-scatter,0.9792537521467022,1,gather-scatter,1,fan-out,0.8,1,fan-in,0.6,1,random,0.8,1,gather-scatter,0.6,1,gather-scatter,0.8,1,gather-scatter,0.8,1,gather-scatter,0.8
amlc_01490,HI-Small,1,gather-scatter,1.0,0.989171192568262,1,gather-scatter,0.99836195,1,gather-scatter,0.99946845,1,gather-scatter,0.9956671944994792,1,gather-scatter,1,scatter-gather,0.8,1,scatter-gather,0.8,1,fan-out,0.8,1,gather-scatter,0.8,1,gather-scatter,0.8,1,gather-scatter,0.8,1,gather-scatter,0.8
amlc_01491,HI-Small,1,gather-scatter,1.0,0.9866600299470374,1,gather-scatter,0.99943674,1,gather-scatter,0.9993911,1,gather-scatter,0.9951626150009616,1,gather-scatter,1,random,0.8,1,gather-scatter,0.6,1,gather-scatter,0.8,1,gather-scatter,0.6,1,gather-scatter,0.8,1,gather-scatter,0.8,1,gather-scatter,0.8
amlc_01492,HI-Small,1,gather-scatter,1.0,0.9242293961938456,1,gather-scatter,0.98794687,1,gather-scatter,0.99863464,1,gather-scatter,0.9702703001795951,1,gather-scatter,1,fan-out,0.6,0,,0.7,1,bipartite,0.8,1,gather-scatter,0.8,1,gather-scatter,0.8,1,gather-scatter,0.8,0,,0.5
amlc_01493,HI-Small,1,gather-scatter,1.0,0.9256741526122776,1,gather-scatter,0.9508583,1,gather-scatter,0.9991121,1,gather-scatter,0.9585481922625134,1,gather-scatter,1,fan-out,0.6,1,fan-out,0.6,1,gather-scatter,0.8,1,gather-scatter,0.8,1,gather-scatter,0.8,1,gather-scatter,0.8,1,gather-scatter,0.8
amlc_01494,HI-Small,1,gather-scatter,1.0,0.9926197585779418,1,gather-scatter,0.99972963,1,gather-scatter,0.9997099,1,gather-scatter,0.9973530987010396,1,gather-scatter,1,fan-out,0.6,1,gather-scatter,0.6,1,random,0.8,1,gather-scatter,0.8,1,gather-scatter,0.8,1,gather-scatter,0.8,1,gather-scatter,0.8
amlc_01495,HI-Small,1,gather-scatter,1.0,0.9824385935121722,1,gather-scatter,0.99821424,1,gather-scatter,0.9994627,1,gather-scatter,0.9933718540288986,1,gather-scatter,1,gather-scatter,0.8,1,gather-scatter,0.6,1,gather-scatter,0.8,1,gather-scatter,0.6,1,gather-scatter,0.8,1,gather-scatter,0.8,1,gather-scatter,0.8
amlc_01496,HI-Small,1,gather-scatter,1.0,0.9921758846451766,1,gather-scatter,0.9994978,1,gather-scatter,0.9996017,1,gather-scatter,0.9970917925573034,1,gather-scatter,1,fan-out,0.6,1,fan-out,0.6,1,fan-out,0.8,1,gather-scatter,0.6,1,scatter-gather,0.8,0,,0.7,0,,0.5
amlc_01497,HI-Small,1,gather-scatter,1.0,0.944855718041137,1,gather-scatter,0.9908969,1,gather-scatter,0.9965704,1,gather-scatter,0.9774410023373616,1,gather-scatter,1,fan-out,0.6,1,fan-out,0.6,0,fan-out,0.7,1,gather-scatter,0.6,1,fan-out,0.8,1,fan-out,0.8,0,,0.5
amlc_01498,HI-Small,1,gather-scatter,1.0,0.9929273646657611,1,gather-scatter,0.999797,1,gather-scatter,0.99898463,1,gather-scatter,0.9972363287073026,1,gather-scatter,1,fan-out,0.6,1,bipartite,0.8,0,,0.7,1,random,0.8,1,gather-scatter,0.8,1,gather-scatter,0.8,1,gather-scatter,0.8
amlc_01499,HI-Small,1,gather-scatter,1.0,0.9898626158609248,1,gather-scatter,0.9990694,1,gather-scatter,0.9995241,1,gather-scatter,0.9961520416860532,1,gather-scatter,1,fan-out,0.6,0,,0.5,0,,0.7,1,gather-scatter,0.8,1,fan-out,0.8,1,fan-out,0.8,0,,0.5
amlc_01500,HI-Small,1,gather-scatter,1.0,0.9866541863209616,1,gather-scatter,0.99855375,1,gather-scatter,0.99892724,1,gather-scatter,0.9947117249411548,1,gather-scatter,1,fan-out,0.6,1,fan-out,0.6,1,fan-out,0.6,1,gather-scatter,0.8,1,fan-out,0.8,0,,0.7,0,,0.5
amlc_01501,HI-Small,1,gather-scatter,1.0,0.9573116528724916,1,gather-scatter,0.99599016,1,gather-scatter,0.9984884,1,gather-scatter,0.9839300787361228,1,gather-scatter,1,fan-out,0.6,1,gather-scatter,0.6,1,fan-out,0.8,1,gather-scatter,0.6,1,fan-out,0.8,0,,0.7,0,,0.5
amlc_01502,HI-Small,1,gather-scatter,1.0,0.9612649728443128,1,gather-scatter,0.9939497,1,gather-scatter,0.9978471,1,gather-scatter,0.9843539214659368,1,gather-scatter,1,fan-out,0.6,1,fan-out,0.6,0,,0.7,1,gather-scatter,0.8,1,fan-out,0.8,1,fan-out,0.8,0,,0.5
amlc_01503,HI-Small,1,gather-scatter,1.0,0.9786216302459548,1,gather-scatter,0.9975988,1,gather-scatter,0.99775875,1,gather-scatter,0.991326401092778,1,gather-scatter,1,fan-out,0.8,1,fan-out,0.6,1,fan-out,0.8,1,scatter-gather,0.8,1,fan-out,0.8,1,fan-out,0.8,0,,0.5
amlc_01504,HI-Small,1,gather-scatter,1.0,0.9904279392824435,1,gather-scatter,0.99897844,1,gather-scatter,0.9985509,1,gather-scatter,0.9959857557172862,1,gather-scatter,1,fan-out,0.6,1,fan-out,0.6,1,fan-out,0.8,1,gather-scatter,0.8,1,fan-out,0.8,1,fan-out,0.8,0,,0.5
amlc_01505,HI-Small,1,gather-scatter,1.0,0.9929233927285648,1,gather-scatter,0.9995533,1,gather-scatter,0.9988287,1,gather-scatter,0.9971018082153787,1,gather-scatter,1,fan-out,0.6,1,fan-out,0.6,1,fan-out,0.8,1,cycle,0.8,1,scatter-gather,0.8,1,fan-out,0.8,0,,0.5
amlc_01506,HI-Small,1,gather-scatter,1.0,0.983470495745174,1,gather-scatter,0.9964902,1,gather-scatter,0.99658215,1,gather-scatter,0.9921809422322884,1,gather-scatter,1,fan-out,0.6,1,fan-out,0.6,0,,0.7,1,gather-scatter,0.8,1,fan-out,0.8,1,fan-out,0.8,0,,0.5
amlc_01507,HI-Small,1,gather-scatter,1.0,0.9688017904826964,1,gather-scatter,0.9986057,1,gather-scatter,0.99780273,1,gather-scatter,0.9884034176690368,1,gather-scatter,1,fan-out,0.8,0,,0.5,1,fan-out,0.8,1,gather-scatter,0.8,1,scatter-gather,0.8,1,fan-out,0.8,0,,0.5
amlc_01508,HI-Small,1,gather-scatter,1.0,0.9882519240710854,1,gather-scatter,0.9980823,1,gather-scatter,0.99597406,1,gather-scatter,0.9941027560344576,1,gather-scatter,1,fan-out,0.6,1,fan-out,0.6,1,fan-out,0.8,1,gather-scatter,0.8,1,fan-out,0.8,0,,0.7,0,,0.5
amlc_01509,HI-Small,0,legit,1.0,0.922849618119096,1,gather-scatter,0.9459289,1,gather-scatter,0.9961327,1,gather-scatter,0.9549703871945856,1,gather-scatter,1,fan-out,0.8,1,fan-out,0.6,1,fan-out,0.8,1,scatter-gather,0.8,1,scatter-gather,0.8,1,fan-out,0.8,0,,0.5
amlc_01510,HI-Small,1,gather-scatter,1.0,0.6966359522169115,0,gather-scatter,0.71554315,0,gather-scatter,0.99625444,1,gather-scatter,0.8028111824136736,1,gather-scatter,1,fan-out,0.6,1,,0.6,1,fan-out,0.8,1,gather-scatter,0.6,1,scatter-gather,0.8,0,,0.7,0,,0.5
amlc_01511,HI-Small,1,gather-scatter,1.0,0.9622004136171436,1,gather-scatter,0.99655485,1,gather-scatter,0.9976331,1,gather-scatter,0.9854627882350316,1,gather-scatter,1,fan-out,0.8,1,scatter-gather,0.6,1,fan-out,0.8,1,gather-scatter,0.8,1,scatter-gather,0.8,0,,0.7,0,,0.5
amlc_01512,HI-Small,1,gather-scatter,1.0,0.9910775478634098,1,gather-scatter,0.99889386,1,gather-scatter,0.99507725,1,gather-scatter,0.9950162190845564,1,gather-scatter,1,fan-out,0.6,1,fan-out,0.8,1,fan-out,0.8,1,scatter-gather,0.6,1,fan-out,0.8,1,fan-out,0.8,0,,0.5
amlc_01513,HI-Small,1,gather-scatter,1.0,0.9542366206281272,1,gather-scatter,0.9941015,1,gather-scatter,0.99536914,1,gather-scatter,0.9812357604382068,1,gather-scatter,1,fan-out,0.6,1,gather-scatter,0.6,1,fan-out,0.8,1,gather-scatter,0.8,1,fan-out,0.8,0,,0.7,0,,0.5
amlc_01514,HI-Small,1,gather-scatter,1.0,0.9921407665361944,1,gather-scatter,0.99924624,1,gather-scatter,0.98977816,1,gather-scatter,0.9937217224157514,1,gather-scatter,1,fan-out,0.8,1,fan-out,0.6,1,fan-out,0.8,1,gather-scatter,0.8,1,scatter-gather,0.8,1,fan-out,0.8,0,,0.5
amlc_01515,HI-Small,0,legit,469.33800841514727,2.318930855091241e-05,0,bipartite,6.0582074e-06,0,bipartite,0.0075800596,0,bipartite,0.0025364356988247,0,bipartite,1,fan-out,0.8,1,fan-out,0.6,0,,0.7,1,gather-scatter,0.8,1,gather-scatter,0.8,1,gather-scatter,0.8,0,,0.5
amlc_01516,HI-Small,1,legit,1.0,0.0098243648314167,0,bipartite,0.022775913,0,bipartite,0.5417519,0,bipartite,0.191450732888569,0,bipartite,1,fan-out,0.6,1,fan-out,0.6,1,gather-scatter,0.8,1,gather-scatter,0.8,1,gather-scatter,0.8,1,gather-scatter,0.8,1,gather-scatter,0.8
amlc_01517,HI-Small,0,legit,469.33800841514727,8.878106074303854e-05,0,stack,4.1431027e-05,0,stack,0.04983566,0,stack,0.0166552905504471,0,stack,1,fan-out,0.8,1,gather-scatter,0.6,1,fan-out,0.8,1,gather-scatter,0.6,1,fan-out,0.8,1,fan-out,0.8,0,,0.5
amlc_01518,HI-Small,1,legit,1.0,0.0015929520775949,0,fan-in,0.0015571627,0,fan-in,0.16729194,0,fan-in,0.0568140180220645,0,fan-in,1,fan-in,0.6,1,fan-in,0.6,1,fan-in,0.8,1,gather-scatter,0.6,1,fan-in,0.8,1,fan-in,0.8,1,fan-in,0.8
amlc_01519,HI-Small,0,legit,469.33800841514727,0.0003276934148538,0,bipartite,0.00017516235,0,bipartite,0.010631359,0,bipartite,0.0037114049822101,0,bipartite,1,fan-out,0.6,1,cycle,0.8,0,,0.7,1,gather-scatter,0.6,1,gather-scatter,0.8,1,gather-scatter,0.8,1,stack,0.8
amlc_01520,HI-Small,0,legit,469.33800841514727,0.0001089100930569,0,stack,2.8226463e-05,0,stack,0.08399062,0,stack,0.0280425850474476,0,stack,1,fan-out,0.6,1,gather-scatter,0.6,1,gather-scatter,0.8,1,gather-scatter,0.8,1,gather-scatter,0.8,1,gather-scatter,0.8,0,,0.5
amlc_01521,HI-Small,1,legit,1.0,0.0075391052722147,0,fan-in,0.009271888,0,fan-in,0.20462616,0,fan-in,0.073812383738134,0,fan-in,1,fan-in,0.6,1,fan-in,0.6,1,fan-in,0.8,1,gather-scatter,0.6,1,fan-in,0.8,1,fan-in,0.8,1,fan-in,0.8
amlc_01522,HI-Small,0,legit,469.33800841514727,4.520205970989379e-05,0,bipartite,1.1659791e-05,0,stack,0.00670646,0,bipartite,0.0022544405881036,0,bipartite,1,fan-out,0.6,1,fan-out,0.6,1,fan-out,0.8,1,scatter-gather,0.6,1,fan-out,0.8,1,gather-scatter,0.8,0,,0.5
amlc_01523,HI-Small,0,legit,1.0,0.4590876359975867,0,fan-in,0.42210308,0,fan-in,0.3979244,0,fan-in,0.4263717021954236,0,fan-in,1,fan-in,0.6,0,,0.5,1,fan-in,0.6,1,gather-scatter,0.6,1,fan-in,0.8,1,fan-in,0.8,1,fan-in,0.8
amlc_01524,HI-Small,0,legit,483.5610098176718,0.0089802099290854,0,bipartite,0.0032307892,0,bipartite,0.024041232,0,bipartite,0.0120840769537908,0,bipartite,0,,0.7,0,,0.7,0,stack,0.7,1,gather-scatter,0.6,1,gather-scatter,0.8,1,gather-scatter,0.8,1,gather-scatter,0.8
amlc_01525,HI-Small,0,legit,1.0,0.702554815905526,0,stack,0.40610632,0,stack,0.2964101,0,stack,0.4683570841607897,0,stack,1,fan-in,0.6,1,fan-in,0.6,1,fan-in,0.6,1,gather-scatter,0.8,1,fan-in,0.8,1,gather-scatter,0.8,1,fan-in,0.8
amlc_01526,HI-Small,0,legit,1.0,0.6143423048965946,0,stack,0.57305044,0,stack,0.9448923,1,stack,0.710761677169562,0,stack,1,fan-in,0.8,1,fan-in,0.6,1,gather-scatter,0.8,1,gather-scatter,0.6,1,fan-in,0.8,1,gather-scatter,0.8,1,gather-scatter,0.8
amlc_01527,HI-Small,0,legit,1.0,0.8101998166976877,1,bipartite,0.7150933,0,bipartite,0.40379375,0,bipartite,0.6430289611796044,0,bipartite,1,gather-scatter,0.6,0,,0.5,1,fan-in,0.8,1,gather-scatter,0.6,1,fan-in,0.8,1,gather-scatter,0.8,1,gather-scatter,0.8
amlc_01528,HI-Small,0,legit,469.33800841514727,1.4659617589588678e-05,0,bipartite,6.2159875e-06,0,stack,0.0041871676,0,bipartite,0.0014026810757357,0,bipartite,1,scatter-gather,0.8,1,gather-scatter,0.6,1,random,0.8,1,gather-scatter,0.8,1,gather-scatter,0.8,1,gather-scatter,0.8,0,,0.7
amlc_01529,HI-Small,0,legit,469.33800841514727,1.4946839658322391e-05,0,fan-out,4.8342777e-06,0,fan-out,0.00035731183,0,fan-out,0.0001256976491588,0,fan-out,1,fan-out,0.6,1,gather-scatter,0.6,1,scatter-gather,0.8,1,gather-scatter,0.8,1,scatter-gather,0.8,1,gather-scatter,0.8,1,gather-scatter,0.8
amlc_01530,HI-Small,0,legit,1.0,0.8689990310007806,1,bipartite,0.9042503,1,bipartite,0.047190733,0,bipartite,0.6068133626757223,0,bipartite,1,gather-scatter,0.6,1,gather-scatter,0.6,1,gather-scatter,0.8,1,gather-scatter,0.6,1,gather-scatter,0.8,1,gather-scatter,0.8,1,gather-scatter,0.8
amlc_01531,HI-Small,0,legit,469.33800841514727,1.7417290015412848e-05,0,stack,8.7499175e-06,0,stack,0.0031999187,0,bipartite,0.0010753619562505,0,stack,1,fan-out,0.6,1,fan-out,0.6,1,gather-scatter,0.8,1,fan-out,0.8,1,fan-out,0.8,0,,0.7,0,,0.5
amlc_01532,HI-Small,0,legit,469.33800841514727,0.0056541337861866,0,gather-scatter,0.0016627891,0,gather-scatter,0.121642575,0,gather-scatter,0.0429864991998672,0,gather-scatter,0,,0.5,0,,0.5,0,,0.5,0,,0.5,1,fan-out,0.8,0,,0.7,0,,0.5
amlc_01533,HI-Small,1,legit,1.0,0.0007652671173324,0,fan-out,0.0009114418,0,fan-out,0.022542287,0,fan-out,0.0080729985292727,0,fan-out,1,fan-out,0.6,1,fan-out,0.6,1,fan-out,0.6,1,scatter-gather,0.8,1,fan-out,0.8,0,,0.7,0,,0.5
amlc_01534,HI-Small,1,legit,1.0,0.0004071447709667,0,bipartite,0.0015802715,0,bipartite,0.25414354,0,bipartite,0.0853769841274898,0,bipartite,1,fan-out,0.6,1,gather-scatter,0.8,1,fan-out,0.8,1,fan-out,0.8,1,gather-scatter,0.8,1,gather-scatter,0.8,1,fan-out,0.8
amlc_01535,HI-Small,1,legit,1.0,0.0191299145564434,0,bipartite,0.018366927,0,bipartite,0.10122222,0,bipartite,0.0462396863068142,0,bipartite,1,fan-in,0.6,1,fan-in,0.6,1,fan-in,0.6,1,fan-in,0.6,1,fan-in,0.8,1,fan-in,0.8,1,fan-in,0.8
amlc_01536,HI-Small,0,legit,469.33800841514727,0.0058730360009984,0,gather-scatter,0.005372145,0,gather-scatter,0.08503943,0,gather-scatter,0.0320948701935912,0,gather-scatter,0,,0.5,0,,0.5,0,,0.5,0,,0.5,0,,0.5,0,,0.5,0,,0.5
amlc_01537,HI-Small,0,legit,483.5610098176718,1.9037475946850105e-05,0,stack,1.071884e-05,0,stack,0.020100452,0,stack,0.0067100694405377,0,stack,1,fan-out,0.8,1,scatter-gather,0.6,1,fan-out,0.6,1,gather-scatter,0.8,1,scatter-gather,0.8,1,scatter-gather,0.8,1,scatter-gather,0.8
amlc_01538,HI-Small,0,legit,469.33800841514727,0.0007382594434864,0,bipartite,0.00014092436,0,bipartite,0.25304034,0,bipartite,0.0846398424408195,0,bipartite,0,cycle,0.7,0,cycle,0.7,0,,0.7,1,gather-scatter,0.6,1,legitimate,0.8,1,fan-out,0.8,1,gather-scatter,0.8
amlc_01539,HI-Small,0,legit,469.33800841514727,7.781620375209236e-05,0,scatter-gather,4.5600274e-05,0,scatter-gather,0.007817145,0,scatter-gather,0.0026468539717385,0,scatter-gather,1,fan-out,0.8,1,scatter-gather,0.6,1,fan-out,0.8,1,gather-scatter,0.6,1,fan-out,0.8,0,,0.7,0,,0.5
amlc_01540,HI-Small,0,legit,469.33800841514727,1.2861907874642486e-05,0,bipartite,3.1717384e-06,0,bipartite,0.009691393,0,bipartite,0.0032358088830471,0,bipartite,1,fan-out,0.6,1,fan-out,0.6,1,fan-out,0.6,1,gather-scatter,0.8,1,fan-out,0.8,1,fan-out,0.8,0,,0.5
amlc_01541,HI-Small,0,legit,469.33800841514727,0.0127083110411396,0,gather-scatter,0.0094557535,0,gather-scatter,0.10398988,0,gather-scatter,0.0420513137794014,0,gather-scatter,0,,0.5,0,,0.5,1,fan-out,0.8,1,gather-scatter,0.8,1,fan-out,0.8,0,,0.7,0,,0.5
amlc_01542,HI-Small,0,legit,1.0,0.7567956247149106,0,fan-in,0.9261042,1,fan-in,0.2055718,0,fan-in,0.6294905377168852,0,fan-in,1,fan-in,0.8,1,gather-scatter,0.8,1,fan-in,0.8,1,gather-scatter,0.6,1,fan-in,0.8,1,fan-in,0.8,1,fan-in,0.8
amlc_01543,HI-Small,0,legit,469.33800841514727,5.045034049914604e-05,0,bipartite,1.0747639e-05,0,bipartite,0.011928147,0,bipartite,0.0039964482281611,0,bipartite,1,gather-scatter,0.6,1,fan-out,0.6,1,scatter-gather,0.6,1,gather-scatter,0.8,1,gather-scatter,0.8,1,gather-scatter,0.8,1,scatter-gather,0.8
amlc_01544,HI-Small,0,legit,469.33800841514727,0.0914006276881345,0,stack,0.08046486,0,stack,0.00032530242,0,stack,0.0573969307979886,0,stack,1,fan-out,0.6,0,,0.5,1,fan-out,0.8,1,stack,0.8,1,fan-out,0.8,1,fan-out,0.8,0,,0.5
amlc_01545,HI-Small,0,legit,469.33800841514727,0.0001484178826163,0,bipartite,0.00010828682,0,bipartite,0.010312086,0,bipartite,0.0035229302240945,0,bipartite,1,fan-in,0.8,1,fan-in,0.6,1,gather-scatter,0.8,1,gather-scatter,0.6,1,fan-in,0.8,1,fan-in,0.8,1,fan-in,0.8
amlc_01546,HI-Small,0,legit,469.33800841514727,1.3292415689794683e-05,0,bipartite,6.472187e-06,0,fan-in,0.002982099,0,bipartite,0.0010006212258947,0,bipartite,1,fan-out,0.6,1,gather-scatter,0.8,1,gather-scatter,0.8,1,gather-scatter,0.6,1,fan-out,0.8,0,,0.7,0,,0.5
amlc_01547,HI-Small,0,legit,469.33800841514727,4.568526615211296e-05,0,bipartite,1.1003134e-05,0,bipartite,0.13952234,0,bipartite,0.0465263440914448,0,bipartite,1,scatter-gather,0.6,0,,0.5,0,,0.7,1,gather-scatter,0.8,1,fan-out,0.8,1,gather-scatter,0.8,1,gather-scatter,0.8
amlc_01548,HI-Small,0,legit,469.33800841514727,1.5784428795295457e-05,0,bipartite,2.537527e-06,0,fan-out,0.00085443957,0,bipartite,0.0002909205078741,0,bipartite,1,gather-scatter,0.6,1,gather-scatter,0.8,1,gather-scatter,0.8,1,gather-scatter,0.6,1,gather-scatter,0.8,1,gather-scatter,0.8,1,gather-scatter,0.8
amlc_01549,HI-Small,0,legit,483.5610098176718,1.3999797441048873e-05,0,bipartite,6.763111e-06,0,stack,0.01805687,0,bipartite,0.006025877471703,0,bipartite,1,gather-scatter,0.6,1,fan-out,0.6,1,gather-scatter,0.8,1,gather-scatter,0.6,1,gather-scatter,0.8,1,gather-scatter,0.8,1,gather-scatter,0.8
amlc_01550,HI-Small,0,legit,469.33800841514727,1.416918828902788e-05,0,bipartite,3.530145e-06,0,bipartite,0.00096532115,0,bipartite,0.0003276734929325,0,bipartite,1,fan-out,0.6,1,fan-out,0.8,0,,0.7,1,gather-scatter,0.6,1,scatter-gather,0.8,0,,0.7,1,bipartite,0.8
amlc_01551,HI-Small,0,legit,1.0,0.8357481348112419,1,fan-in,0.7970091,0,fan-in,0.12292359,0,fan-in,0.5852269451682831,0,fan-in,1,fan-in,0.6,1,fan-in,0.8,1,gather-scatter,0.8,1,gather-scatter,0.6,1,fan-in,0.8,1,gather-scatter,0.8,1,fan-in,0.8
amlc_01552,HI-Small,1,legit,1.0,0.0423086000121365,0,bipartite,0.08139183,0,bipartite,0.18946764,0,bipartite,0.1043893574885769,0,bipartite,1,gather-scatter,0.6,1,scatter-gather,0.6,1,gather-scatter,0.8,1,gather-scatter,0.6,1,fan-out,0.8,1,gather-scatter,0.8,1,fan-out,0.8
amlc_01553,HI-Small,0,legit,469.33800841514727,0.0152806597930197,0,bipartite,0.028226435,0,bipartite,0.016232122,0,bipartite,0.0199130722377699,0,bipartite,1,gather-scatter,0.6,0,,0.5,1,gather-scatter,0.8,1,gather-scatter,0.6,1,fan-in,0.8,1,gather-scatter,0.8,1,fan-in,0.8
amlc_01554,HI-Small,1,legit,1.0,0.0002936397977356,0,fan-out,0.0007834671,0,fan-out,0.017686402,0,fan-out,0.0062545031020478,0,fan-out,0,,0.5,0,,0.5,1,fan-out,0.8,1,bipartite,0.8,1,fan-out,0.8,1,fan-out,0.8,0,,0.5
amlc_01555,HI-Small,0,legit,469.33800841514727,7.161903424083005e-05,0,stack,2.729496e-05,0,stack,0.08055413,0,stack,0.0268843472291694,0,stack,1,fan-out,0.6,1,fan-out,0.6,1,fan-out,0.8,1,gather-scatter,0.6,1,gather-scatter,0.8,1,fan-out,0.8,1,gather-scatter,0.8
amlc_01556,HI-Small,0,legit,469.33800841514727,1.25773639607514e-05,0,bipartite,7.1605e-06,0,fan-in,0.010944316,0,bipartite,0.00365468467587,0,bipartite,1,scatter-gather,0.6,1,gather-scatter,0.6,1,fan-out,0.8,1,gather-scatter,0.6,1,gather-scatter,0.8,1,gather-scatter,0.8,1,gather-scatter,0.8
amlc_01557,HI-Small,0,legit,469.33800841514727,8.677109743706867e-05,0,stack,5.2005675e-05,0,stack,0.25079775,0,stack,0.0836455084459239,0,stack,1,fan-out,0.8,1,fan-out,0.6,1,fan-out,0.8,1,gather-scatter,0.6,1,fan-out,0.8,1,gather-scatter,0.8,0,,0.5
amlc_01558,HI-Small,0,legit,469.33800841514727,3.494365223557381e-05,0,stack,8.902282e-06,0,bipartite,0.05098325,0,stack,0.0170090320252559,0,stack,1,gather-scatter,0.6,1,gather-scatter,0.6,1,scatter-gather,0.6,1,gather-scatter,0.8,1,fan-out,0.8,1,gather-scatter,0.8,1,gather-scatter,0.8
amlc_01559,HI-Small,0,legit,469.33800841514727,0.0001049018843385,0,stack,3.0308162e-05,0,stack,0.61943185,0,stack,0.2065223544467413,0,stack,1,gather-scatter,0.6,1,fan-out,0.6,1,fan-out,0.8,1,gather-scatter,0.8,1,scatter-gather,0.8,0,,0.7,1,scatter-gather,0.8
amlc_01560,HI-Small,0,legit,1.0,0.8323462787973257,1,bipartite,0.6788643,0,bipartite,0.051766343,0,bipartite,0.5209923074877054,0,bipartite,1,gather-scatter,0.6,1,fan-in,0.6,1,random,0.8,1,gather-scatter,0.8,1,fan-in,0.8,1,gather-scatter,0.8,1,gather-scatter,0.8
amlc_01561,HI-Small,0,legit,483.5610098176718,0.0002976966901394,0,bipartite,0.000108504064,0,bipartite,0.011731254,0,bipartite,0.0040458182303333,0,bipartite,0,,0.7,0,,0.7,0,,0.7,1,fan-in,0.6,0,,0.7,0,,0.7,0,,0.7
amlc_01562,HI-Small,0,legit,469.33800841514727,1.3734614890542305e-05,0,bipartite,7.3771785e-06,0,stack,0.0053286618,0,bipartite,0.0017832578518437,0,bipartite,1,scatter-gather,0.6,1,fan-out,0.6,1,scatter-gather,0.8,1,gather-scatter,0.8,1,scatter-gather,0.8,1,gather-scatter,0.8,0,,0.5
amlc_01563,HI-Small,0,legit,469.33800841514727,6.994734914893231e-05,0,random,9.7001066e-05,0,stack,0.008347778,0,stack,0.0028382420216443,0,stack,1,gather-scatter,0.8,1,random,0.8,1,scatter-gather,0.8,1,gather-scatter,0.8,1,gather-scatter,0.8,1,fan-out,0.8,1,gather-scatter,0.8
amlc_01564,HI-Small,0,legit,469.33800841514727,2.9042043652764957e-05,0,bipartite,2.0301271e-05,0,bipartite,0.054002047,0,bipartite,0.0180171299667231,0,bipartite,1,gather-scatter,0.6,0,,0.5,0,cycle,0.7,1,gather-scatter,0.8,1,gather-scatter,0.8,1,gather-scatter,0.8,1,gather-scatter,0.8
amlc_01565,HI-Small,1,legit,1.0,0.0034337271353907,0,stack,0.006148777,0,fan-out,0.026481096,0,stack,0.0120211999358835,0,stack,0,,0.5,0,,0.5,1,gather-scatter,0.8,0,,0.7,1,fan-out,0.8,0,,0.7,0,,0.5
amlc_01566,HI-Small,0,legit,483.5610098176718,1.4169596662959713e-05,0,bipartite,1.4030619e-05,0,bipartite,0.020870455,0,bipartite,0.0069662182750992,0,bipartite,1,fan-out,0.6,1,fan-out,0.6,1,fan-out,0.8,1,gather-scatter,0.8,1,fan-out,0.8,1,fan-out,0.8,0,,0.5
amlc_01567,HI-Small,0,legit,469.33800841514727,1.254688196356044e-05,0,bipartite,4.5327e-06,0,fan-in,0.0025007888,0,bipartite,0.0008392894521455,0,bipartite,1,fan-out,0.6,1,fan-out,0.6,0,,0.7,1,gather-scatter,0.6,1,gather-scatter,0.8,1,gather-scatter,0.8,1,gather-scatter,0.8
amlc_01568,HI-Small,0,legit,1.0,0.8339236270560793,1,bipartite,0.8484646,1,bipartite,0.39291483,0,bipartite,0.6917676889622865,0,bipartite,1,gather-scatter,0.6,1,fan-in,0.6,1,fan-in,0.8,1,gather-scatter,0.8,1,gather-scatter,0.8,1,gather-scatter,0.8,1,gather-scatter,0.8
amlc_01569,HI-Small,0,legit,483.5610098176718,7.219380929472179e-05,0,stack,3.1647407e-05,0,stack,0.019590283,0,stack,0.0065647080096741,0,stack,1,fan-out,0.6,1,fan-out,0.6,1,fan-out,0.6,1,gather-scatter,0.8,1,scatter-gather,0.8,1,gather-scatter,0.8,1,stack,0.8
amlc_01570,HI-Small,0,legit,469.33800841514727,1.3902962539824683e-05,0,bipartite,7.760563e-06,0,stack,0.049238108,0,stack,0.0164199238746044,0,stack,1,stack,0.8,1,gather-scatter,0.6,1,random,0.8,1,bipartite,0.8,1,fan-out,0.8,0,,0.7,1,gather-scatter,0.8
amlc_01571,HI-Small,0,legit,469.33800841514727,0.0015081729105769,0,bipartite,0.0002868267,0,bipartite,0.07154752,0,bipartite,0.0244475075802487,0,bipartite,0,,0.7,0,,0.7,0,,0.7,1,gather-scatter,0.6,1,fan-in,0.8,1,fan-in,0.8,1,fan-in,0.8
amlc_01572,HI-Small,0,legit,469.33800841514727,1.2591201900222108e-05,0,bipartite,1.7244669e-05,0,stack,0.12937452,0,bipartite,0.0431347849537805,0,bipartite,1,fan-out,0.6,1,fan-in,0.6,1,fan-out,0.6,1,gather-scatter,0.6,1,fan-out,0.8,1,gather-scatter,0.8,1,scatter-gather,0.8
amlc_01573,HI-Small,0,legit,469.33800841514727,0.0287301918060083,0,gather-scatter,0.0052510565,0,gather-scatter,0.020124344,0,gather-scatter,0.0180351974919603,0,gather-scatter,0,,0.5,0,,0.5,0,,0.5,0,,0.5,1,fan-out,0.8,0,,0.7,0,,0.5
amlc_01574,HI-Small,0,legit,469.33800841514727,0.0006292002146931,0,fan-out,0.0005627396,0,fan-out,0.0043760166,0,fan-out,0.0018559854628784,0,fan-out,0,,0.5,0,,0.5,1,fan-out,0.8,1,gather-scatter,0.8,1,fan-out,0.8,0,,0.7,0,,0.5
amlc_01575,HI-Small,0,legit,483.5610098176718,6.406411582302382e-05,0,bipartite,2.873388e-05,0,stack,0.019606788,0,bipartite,0.0065665285693196,0,bipartite,1,fan-out,0.6,1,fan-out,0.6,1,fan-out,0.6,1,gather-scatter,0.8,1,fan-out,0.8,1,fan-out,0.8,0,,0.5
amlc_01576,HI-Small,0,legit,483.5610098176718,5.660619151828453e-05,0,fan-in,0.000113050104,0,fan-in,0.018463561,0,bipartite,0.0062110725356671,0,fan-in,1,gather-scatter,0.6,1,gather-scatter,0.6,1,gather-scatter,0.8,1,gather-scatter,0.6,1,gather-scatter,0.8,1,gather-scatter,0.8,1,gather-scatter,0.8
amlc_01577,HI-Small,1,fan-in,1.0,0.9032511463374772,1,scatter-gather,0.9437598,1,fan-in,0.99778545,1,scatter-gather,0.948265464789698,1,scatter-gather,1,scatter-gather,0.6,1,fan-out,0.6,1,fan-in,0.6,1,scatter-gather,0.8,1,scatter-gather,0.8,1,gather-scatter,0.8,0,,0.5
amlc_01578,HI-Small,1,fan-in,1.0,0.0229681840692639,0,scatter-gather,0.041661836,0,fan-in,0.99664557,1,scatter-gather,0.3537585300258358,0,scatter-gather,1,fan-out,0.6,1,gather-scatter,0.8,1,gather-scatter,0.8,1,gather-scatter,0.6,1,fan-out,0.8,1,gather-scatter,0.8,1,gather-scatter,0.8
amlc_01579,HI-Small,0,legit,1.0,0.034006294868403,0,scatter-gather,0.20451245,0,fan-in,0.9905691,1,scatter-gather,0.4096959522240735,0,scatter-gather,1,gather-scatter,0.8,1,gather-scatter,0.6,1,scatter-gather,0.8,1,random,0.8,1,scatter-gather,0.8,1,gather-scatter,0.8,0,,0.5
amlc_01580,HI-Small,1,fan-in,1.0,0.0015142233752286,0,scatter-gather,0.0058782324,0,fan-in,0.9910811,1,scatter-gather,0.3328245247927995,0,scatter-gather,1,gather-scatter,0.6,1,fan-out,0.8,1,scatter-gather,0.8,1,gather-scatter,0.6,1,gather-scatter,0.8,1,gather-scatter,0.8,0,,0.5
amlc_01581,HI-Small,1,fan-in,1.0,0.037253558528967,0,scatter-gather,0.06983818,0,fan-in,0.9988448,1,scatter-gather,0.3686455140155379,0,scatter-gather,1,gather-scatter,0.8,1,gather-scatter,0.6,1,random,0.8,1,gather-scatter,0.8,1,gather-scatter,0.8,1,gather-scatter,0.8,1,gather-scatter,0.8
amlc_01582,HI-Small,1,fan-in,1.0,0.028217305751641,0,scatter-gather,0.031226497,0,fan-in,0.9975874,1,scatter-gather,0.3523437285628581,0,scatter-gather,1,fan-in,0.8,0,,0.5,0,,0.7,1,gather-scatter,0.8,1,fan-in,0.8,1,gather-scatter,0.8,0,,0.5
amlc_01583,HI-Small,1,fan-in,1.0,0.0407586263295439,0,scatter-gather,0.062268782,0,fan-in,0.99595165,1,scatter-gather,0.3663263537544816,0,scatter-gather,1,fan-out,0.8,1,gather-scatter,0.6,1,random,0.8,1,gather-scatter,0.8,1,scatter-gather,0.8,1,random,0.8,0,,0.5
amlc_01584,HI-Small,1,fan-in,1.0,0.0214237789560862,0,scatter-gather,0.02763712,0,fan-in,0.9888915,1,scatter-gather,0.3459841272151969,0,scatter-gather,1,gather-scatter,0.6,0,,0.5,1,gather-scatter,0.8,1,gather-scatter,0.8,1,scatter-gather,0.8,1,gather-scatter,0.8,0,,0.5
amlc_01585,HI-Small,1,fan-in,1.0,0.0204788727044708,0,scatter-gather,0.07162967,0,fan-in,0.9947597,1,scatter-gather,0.362289408262559,0,scatter-gather,1,fan-out,0.6,0,,0.5,1,scatter-gather,0.6,1,gather-scatter,0.8,1,scatter-gather,0.8,1,scatter-gather,0.8,0,,0.5
amlc_01586,HI-Small,1,fan-in,1.0,0.0503888946456329,0,scatter-gather,0.20742741,0,fan-in,0.98388016,1,scatter-gather,0.4138988230520691,0,scatter-gather,1,fan-out,0.6,1,fan-out,0.6,1,gather-scatter,0.8,1,gather-scatter,0.8,1,fan-out,0.8,1,random,0.8,0,,0.5
amlc_01587,HI-Small,1,fan-in,1.0,0.0096590679936407,0,scatter-gather,0.009088064,0,fan-in,0.98573005,1,scatter-gather,0.3348257278668483,0,scatter-gather,1,random,0.8,1,fan-out,0.6,0,,0.7,1,random,0.8,1,gather-scatter,0.8,1,gather-scatter,0.8,1,gather-scatter,0.8
amlc_01588,HI-Small,1,fan-in,1.0,0.0216137050822493,0,scatter-gather,0.04056927,0,fan-in,0.99100477,1,scatter-gather,0.3510625794276634,0,scatter-gather,1,fan-out,0.6,1,gather-scatter,0.8,0,,0.7,1,gather-scatter,0.8,1,scatter-gather,0.8,0,,0.7,0,,0.5
amlc_01589,HI-Small,1,fan-in,1.0,0.0153512387006568,0,scatter-gather,0.02238166,0,fan-in,0.9502841,1,scatter-gather,0.3293390072395102,0,scatter-gather,1,fan-out,0.6,1,fan-out,0.8,0,,0.7,1,gather-scatter,0.8,1,scatter-gather,0.8,1,gather-scatter,0.8,1,gather-scatter,0.8
amlc_01590,HI-Small,1,fan-in,1.0,0.0260191012964227,0,fan-in,0.03542031,0,fan-in,0.97442275,1,scatter-gather,0.3452873879686189,0,fan-in,1,fan-out,0.8,1,gather-scatter,0.6,1,scatter-gather,0.8,1,random,0.8,1,gather-scatter,0.8,1,gather-scatter,0.8,0,,0.5
amlc_01591,HI-Small,0,legit,483.5610098176718,3.124098605876454e-05,0,stack,8.662347e-06,0,stack,0.0371174,0,stack,0.0123857675360446,0,stack,1,fan-out,0.6,1,random,0.8,0,,0.7,1,gather-scatter,0.6,1,scatter-gather,0.8,1,gather-scatter,0.8,1,stack,0.8
amlc_01592,HI-Small,0,legit,483.5610098176718,1.7278497875034344e-05,0,bipartite,9.304735e-06,0,bipartite,0.01819909,0,bipartite,0.0060752243823796,0,bipartite,1,gather-scatter,0.6,1,fan-out,0.6,1,random,0.8,1,gather-scatter,0.8,1,scatter-gather,0.8,1,gather-scatter,0.8,1,gather-scatter,0.8
amlc_01593,HI-Small,0,legit,469.33800841514727,1.4407628167132364e-05,0,bipartite,4.1066087e-06,0,fan-in,0.008341747,0,bipartite,0.0027867538576472,0,bipartite,1,fan-out,0.6,1,gather-scatter,0.6,1,fan-out,0.8,1,gather-scatter,0.6,1,scatter-gather,0.8,1,gather-scatter,0.8,1,scatter-gather,0.8
amlc_01594,HI-Small,0,legit,483.5610098176718,1.3998328558395933e-05,0,bipartite,8.638865e-06,0,bipartite,0.013135603,0,bipartite,0.0043860799639088,0,bipartite,1,fan-out,0.6,1,fan-out,0.6,1,fan-out,0.8,1,fan-out,0.8,1,fan-out,0.8,1,scatter-gather,0.8,0,,0.5
amlc_01595,HI-Small,0,legit,469.33800841514727,1.2603880865151665e-05,0,bipartite,6.7414485e-06,0,fan-in,0.007772869,0,bipartite,0.0025974047647245,0,bipartite,1,fan-out,0.6,1,gather-scatter,0.6,1,fan-out,0.8,1,cycle,0.8,1,scatter-gather,0.8,1,gather-scatter,0.8,1,gather-scatter,0.8
amlc_01596,HI-Small,0,legit,469.33800841514727,0.0003247781032081,0,bipartite,0.0005263753,0,bipartite,0.13489512,0,bipartite,0.0452487565019583,0,bipartite,1,fan-out,0.6,0,,0.5,1,fan-out,0.8,1,gather-scatter,0.8,1,gather-scatter,0.8,1,gather-scatter,0.8,1,gather-scatter,0.8
amlc_01597,HI-Small,0,legit,469.33800841514727,1.2935318192185512e-05,0,fan-in,5.8217456e-06,0,fan-in,0.0041679875,0,bipartite,0.0013955815210651,0,fan-in,1,gather-scatter,0.8,1,gather-scatter,0.6,1,fan-in,0.6,1,gather-scatter,0.8,1,gather-scatter,0.8,1,gather-scatter,0.8,1,gather-scatter,0.8
amlc_01598,HI-Small,0,legit,1.0,0.9568229176156718,1,bipartite,0.9898429,1,bipartite,0.018123005,0,bipartite,0.6549296046314305,0,bipartite,1,fan-in,0.6,0,,0.7,1,scatter-gather,0.8,1,gather-scatter,0.6,1,fan-in,0.8,1,fan-in,0.8,1,fan-in,0.8
amlc_01599,HI-Small,0,legit,483.5610098176718,8.967901603980821e-05,0,bipartite,4.0610685e-05,0,bipartite,0.022867437,0,bipartite,0.0076659090509272,0,bipartite,1,fan-out,0.6,1,gather-scatter,0.8,1,fan-in,0.8,1,gather-scatter,0.6,1,gather-scatter,0.8,1,gather-scatter,0.8,1,gather-scatter,0.8
amlc_01600,HI-Small,0,legit,469.33800841514727,1.475116432967807e-05,0,bipartite,6.4666333e-06,0,bipartite,0.04470948,0,bipartite,0.0149102330321825,0,bipartite,1,gather-scatter,0.6,1,fan-out,0.6,1,fan-out,0.6,1,gather-scatter,0.6,1,gather-scatter,0.8,1,gather-scatter,0.8,1,gather-scatter,0.8
amlc_01601,HI-Small,0,legit,469.33800841514727,0.0002601725716758,0,bipartite,0.00020653913,0,bipartite,0.50670475,0,bipartite,0.1690571531264704,0,bipartite,1,fan-out,0.8,0,,0.5,1,fan-out,0.6,1,gather-scatter,0.8,1,scatter-gather,0.8,1,gather-scatter,0.8,0,,0.5
amlc_01602,HI-Small,0,legit,483.5610098176718,1.3898878263442647e-05,0,bipartite,4.7260814e-06,0,fan-in,0.018880315,0,bipartite,0.0062996466948982,0,bipartite,1,fan-out,0.6,1,gather-scatter,0.6,1,gather-scatter,0.8,1,gather-scatter,0.8,1,scatter-gather,0.8,1,scatter-gather,0.8,0,,0.5
amlc_01603,HI-Small,0,legit,469.33800841514727,6.683068608725001e-05,0,bipartite,1.9151663e-05,0,bipartite,0.22432856,0,bipartite,0.0748048483220813,0,bipartite,1,fan-out,0.6,1,fan-out,0.6,1,fan-out,0.8,1,random,0.8,1,fan-out,0.8,1,fan-out,0.8,0,,0.5
amlc_01604,HI-Small,0,legit,483.5610098176718,1.5433296944680334e-05,0,stack,9.842621e-06,0,stack,0.016656335,0,stack,0.005560537120329,0,stack,1,fan-out,0.6,0,,0.5,1,fan-out,0.8,1,gather-scatter,0.6,1,fan-out,0.8,1,fan-out,0.8,0,,0.5
amlc_01605,HI-Small,0,legit,469.33800841514727,1.7690896981290996e-05,0,scatter-gather,3.0706095e-05,0,scatter-gather,0.0017733868,0,scatter-gather,0.0006072612786546,0,scatter-gather,1,gather-scatter,0.6,1,fan-in,0.6,1,fan-in,0.8,1,gather-scatter,0.6,1,fan-in,0.8,1,random,0.8,1,fan-in,0.8
amlc_01606,HI-Small,0,legit,469.33800841514727,1.262299843120899e-05,0,scatter-gather,1.5174871e-05,0,fan-in,0.0032597824,0,fan-in,0.0010958601052918,0,fan-in,1,fan-in,0.6,1,gather-scatter,0.6,1,scatter-gather,0.6,1,gather-scatter,0.8,1,fan-in,0.8,1,stack,0.8,1,fan-in,0.8
amlc_01607,HI-Small,0,legit,469.33800841514727,0.0041664291645353,0,fan-out,0.0007161385,0,fan-out,0.07044934,0,fan-out,0.0251106350141561,0,fan-out,0,,0.5,0,,0.5,1,fan-out,0.6,1,bipartite,0.8,1,fan-out,0.8,0,,0.7,0,,0.5
amlc_01608,HI-Small,0,legit,469.33800841514727,6.10527442306886e-05,0,stack,1.6884695e-05,0,stack,0.05163164,0,stack,0.0172365260272239,0,stack,1,fan-out,0.8,1,fan-out,0.8,0,,0.7,1,gather-scatter,0.8,1,scatter-gather,0.8,1,gather-scatter,0.8,0,,0.5
amlc_01609,HI-Small,0,legit,483.5610098176718,6.41388289897524e-05,0,stack,5.3427717e-05,0,stack,0.032369085,0,stack,0.0108288837340497,0,stack,1,fan-out,0.6,1,gather-scatter,0.8,1,gather-scatter,0.6,1,gather-scatter,0.8,1,gather-scatter,0.8,1,gather-scatter,0.8,1,gather-scatter,0.8
amlc_01610,HI-Small,1,legit,1.0,0.001782141619329,0,stack,0.0014461937,0,fan-out,0.057922415,0,stack,0.0203835835736135,0,stack,0,,0.5,0,,0.5,1,fan-out,0.8,1,gather-scatter,0.6,1,fan-out,0.8,0,,0.7,0,,0.5
amlc_01611,HI-Small,0,legit,469.33800841514727,1.2366202566320358e-05,0,bipartite,4.060879e-06,0,fan-in,0.004678538,0,bipartite,0.0015649883835106,0,bipartite,1,fan-out,0.6,0,,0.5,1,fan-out,0.6,1,gather-scatter,0.8,1,fan-out,0.8,1,fan-out,0.8,0,,0.5
amlc_01612,HI-Small,0,legit,483.5610098176718,0.0002763550987693,0,stack,4.6645182e-05,0,stack,0.021870263,0,scatter-gather,0.0073977544005453,0,stack,1,gather-scatter,0.6,0,,0.5,1,fan-out,0.6,1,gather-scatter,0.6,1,fan-out,0.8,1,gather-scatter,0.8,1,gather-scatter,0.8
amlc_01613,HI-Small,0,legit,483.5610098176718,5.455712358139436e-05,0,stack,1.792352e-05,0,stack,0.019027716,0,stack,0.0063667320639541,0,stack,1,fan-out,0.6,1,fan-out,0.6,1,fan-out,0.6,1,gather-scatter,0.6,1,scatter-gather,0.8,1,scatter-gather,0.8,1,scatter-gather,0.8
amlc_01614,HI-Small,0,legit,469.33800841514727,0.0004906525342412,0,bipartite,0.0010023202,0,fan-in,0.26102403,0,fan-in,0.0875056669339744,0,fan-in,1,gather-scatter,0.6,1,random,0.8,1,scatter-gather,0.8,1,gather-scatter,0.8,1,gather-scatter,0.8,1,gather-scatter,0.8,1,stack,0.8
amlc_01615,HI-Small,0,legit,469.33800841514727,1.3679710847531007e-05,0,bipartite,1.3726672e-05,0,stack,0.041405927,0,stack,0.0138111112574253,0,stack,1,fan-out,0.8,1,fan-out,0.6,1,scatter-gather,0.6,1,gather-scatter,0.6,1,gather-scatter,0.8,1,cycle,0.8,1,gather-scatter,0.8
amlc_01616,HI-Small,0,legit,469.33800841514727,1.891170393567204e-05,0,bipartite,1.2208232e-05,0,bipartite,0.08028516,0,stack,0.0267720938898426,0,bipartite,1,gather-scatter,0.6,1,fan-out,0.6,1,random,0.8,1,gather-scatter,0.8,1,gather-scatter,0.8,1,gather-scatter,0.8,1,random,0.8
amlc_01617,HI-Small,0,legit,483.5610098176718,0.0017719010587695,0,bipartite,0.00061418867,0,bipartite,0.0378044,0,bipartite,0.0133968294713927,0,bipartite,1,fan-in,0.6,0,,0.7,1,fan-in,0.6,0,,0.7,0,,0.7,1,fan-in,0.8,1,fan-in,0.8
amlc_01618,HI-Small,0,legit,483.5610098176718,1.3609884417134478e-05,0,bipartite,1.1978925e-05,0,fan-in,0.027335327,0,fan-out,0.009120305309252,0,fan-out,1,fan-out,0.8,1,gather-scatter,0.6,1,fan-out,0.6,1,gather-scatter,0.8,1,fan-out,0.8,1,gather-scatter,0.8,1,gather-scatter,0.8
amlc_01619,HI-Small,1,legit,1.0,0.0004964138422938,0,fan-out,0.00054311677,0,fan-out,0.007180848,0,fan-out,0.0027401262558945,0,fan-out,0,,0.5,0,,0.5,1,fan-out,0.8,0,,0.7,1,fan-out,0.8,1,fan-out,0.8,0,,0.5
amlc_01620,HI-Small,1,legit,1.0,0.0003804872802977,0,fan-out,0.00047683978,0,fan-out,0.0219452,0,fan-out,0.0076008426394486,0,fan-out,0,,0.5,0,,0.5,1,gather-scatter,0.8,1,gather-scatter,0.8,1,fan-out,0.8,1,fan-out,0.8,0,,0.5
amlc_01621,HI-Small,0,legit,469.33800841514727,1.2744965179093275e-05,0,bipartite,6.160615e-06,0,fan-in,0.006838751,0,bipartite,0.0022858855352781,0,bipartite,1,fan-out,0.6,1,gather-scatter,0.6,1,fan-out,0.8,1,gather-scatter,0.8,1,scatter-gather,0.8,1,stack,0.8,1,fan-out,0.8
amlc_01622,HI-Small,0,legit,483.5610098176718,1.3227777289275447e-05,0,bipartite,5.7664056e-06,0,fan-in,0.03300953,0,bipartite,0.0110095077655506,0,bipartite,1,gather-scatter,0.6,1,gather-scatter,0.6,1,fan-out,0.8,1,gather-scatter,0.6,1,gather-scatter,0.8,1,gather-scatter,0.8,1,gather-scatter,0.8
amlc_01623,HI-Small,0,legit,483.5610098176718,7.117118510780677e-05,0,scatter-gather,1.0582216e-05,0,scatter-gather,0.014171009,0,scatter-gather,0.0047509207844961,0,scatter-gather,1,scatter-gather,0.6,1,gather-scatter,0.6,1,scatter-gather,0.8,1,gather-scatter,0.8,1,gather-scatter,0.8,1,gather-scatter,0.8,1,gather-scatter,0.8
amlc_01624,HI-Small,0,legit,469.33800841514727,1.2568998140244884e-05,0,fan-in,1.8989384e-05,0,fan-in,0.0037869408,0,bipartite,0.0012728330692591,0,fan-in,1,fan-out,0.6,1,gather-scatter,0.6,1,fan-out,0.8,1,gather-scatter,0.6,1,fan-out,0.8,1,scatter-gather,0.8,0,,0.5
amlc_01625,HI-Small,0,legit,483.5610098176718,1.4557483808036712e-05,0,bipartite,7.218526e-06,0,bipartite,0.03080405,0,bipartite,0.0102752750778921,0,bipartite,1,fan-in,0.6,1,fan-in,0.6,1,fan-in,0.6,1,gather-scatter,0.6,1,fan-in,0.8,1,fan-in,0.8,1,fan-in,0.8
amlc_01626,HI-Small,0,legit,469.33800841514727,1.4762761089950232e-05,0,random,2.025551e-05,0,random,0.0045270063,0,random,0.0015206748562306,0,random,1,fan-out,0.6,1,gather-scatter,0.6,1,gather-scatter,0.6,1,gather-scatter,0.6,1,gather-scatter,0.8,1,gather-scatter,0.8,1,gather-scatter,0.8
amlc_01627,HI-Small,0,legit,483.5610098176718,0.000489017445886,0,fan-out,0.0012741999,0,fan-out,0.019417737,0,fan-out,0.0070603180162339,0,fan-out,0,,0.5,0,,0.5,0,fan-out,0.7,1,gather-scatter,0.8,1,fan-out,0.8,0,,0.7,0,,0.5
amlc_01628,HI-Small,0,legit,469.33800841514727,1.2572100090601491e-05,0,bipartite,7.211417e-06,0,fan-in,0.0028544501,0,bipartite,0.0009580778857935,0,bipartite,1,fan-out,0.6,1,gather-scatter,0.6,1,gather-scatter,0.8,1,gather-scatter,0.6,1,gather-scatter,0.8,1,gather-scatter,0.8,1,scatter-gather,0.8
amlc_01629,HI-Small,0,legit,469.33800841514727,1.3148885246948522e-05,0,bipartite,4.7097174e-06,0,fan-in,0.0051771738,0,bipartite,0.0017316774553732,0,bipartite,1,fan-out,0.6,1,fan-out,0.6,1,fan-out,0.8,1,gather-scatter,0.8,1,fan-out,0.8,0,,0.7,0,,0.5
amlc_01630,HI-Small,1,legit,1.0,0.0146914123049829,0,fan-in,0.011298781,0,fan-in,0.5121948,0,fan-in,0.1793950019545507,0,fan-in,1,fan-out,0.6,1,fan-out,0.6,1,scatter-gather,0.6,1,fan-out,0.6,1,scatter-gather,0.8,1,random,0.8,1,random,0.8
amlc_01631,HI-Small,0,legit,469.33800841514727,1.2045011538738609e-05,0,bipartite,4.6509062e-06,0,fan-in,0.0021622006,0,bipartite,0.000726298849787,0,bipartite,1,gather-scatter,0.6,1,fan-out,0.6,1,fan-out,0.8,1,gather-scatter,0.8,1,scatter-gather,0.8,1,gather-scatter,0.8,0,,0.5
amlc_01632,HI-Small,0,legit,1.0,0.8787919046132154,1,bipartite,0.8824744,1,bipartite,0.45678553,0,bipartite,0.739350618973321,0,bipartite,1,fan-in,0.6,1,fan-in,0.6,1,fan-in,0.6,1,gather-scatter,0.6,1,fan-in,0.8,1,fan-in,0.8,1,fan-in,0.8
amlc_01633,HI-Small,0,legit,469.33800841514727,4.549647241750407e-05,0,bipartite,4.008742e-05,0,bipartite,0.11324906,0,bipartite,0.0377782157946196,0,bipartite,1,fan-out,0.6,1,gather-scatter,0.6,1,fan-out,0.8,1,gather-scatter,0.8,1,gather-scatter,0.8,1,scatter-gather,0.8,0,,0.5
amlc_01634,HI-Small,0,legit,469.33800841514727,8.147840026433178e-05,0,random,0.00011064338,0,scatter-gather,0.009612326,0,random,0.0032681491188678,0,random,1,fan-out,0.6,1,fan-out,0.8,1,fan-out,0.8,1,scatter-gather,0.8,1,gather-scatter,0.8,1,scatter-gather,0.8,1,gather-scatter,0.8
amlc_01635,HI-Small,0,legit,469.33800841514727,1.246168553433643e-05,0,bipartite,3.7990897e-06,0,fan-in,0.0047021406,0,bipartite,0.0015728004507754,0,bipartite,1,fan-out,0.8,1,fan-out,0.6,1,gather-scatter,0.8,1,gather-scatter,0.6,1,scatter-gather,0.8,1,scatter-gather,0.8,1,gather-scatter,0.8
amlc_01636,HI-Small,0,legit,469.33800841514727,1.576281865233291e-05,0,fan-in,5.290002e-06,0,fan-in,0.001971532,0,bipartite,0.0006641949042189,0,fan-in,1,gather-scatter,0.6,1,fan-out,0.6,0,,0.7,1,gather-scatter,0.8,1,gather-scatter,0.8,1,gather-scatter,0.8,1,gather-scatter,0.8
amlc_01637,HI-Small,0,legit,469.33800841514727,0.000469259964637,0,bipartite,0.00022422305,0,bipartite,0.06962388,0,bipartite,0.0234391210359318,0,bipartite,1,stack,0.8,1,fan-out,0.6,1,scatter-gather,0.8,1,gather-scatter,0.6,1,scatter-gather,0.8,1,gather-scatter,0.8,0,,0.5
amlc_01638,HI-Small,1,legit,1.0,0.0013997602604022,0,fan-out,0.0011603673,0,fan-out,0.93759567,1,fan-out,0.3133852643302849,0,fan-out,0,,0.5,0,,0.5,0,,0.7,1,gather-scatter,0.8,1,fan-out,0.8,1,gather-scatter,0.8,0,,0.5
amlc_01639,HI-Small,1,gather-scatter,1.0,0.9897794905062242,1,gather-scatter,0.9991226,1,gather-scatter,0.9992666,1,gather-scatter,0.996056244861938,1,gather-scatter,1,scatter-gather,0.8,1,scatter-gather,0.6,1,scatter-gather,0.6,1,random,0.8,1,gather-scatter,0.8,1,gather-scatter,0.8,0,,0.5
amlc_01640,HI-Small,1,gather-scatter,1.0,0.9901437380663016,1,gather-scatter,0.9992465,1,gather-scatter,0.99965876,1,gather-scatter,0.996349659851904,1,gather-scatter,1,gather-scatter,0.8,1,gather-scatter,0.6,1,scatter-gather,0.6,1,gather-scatter,0.6,1,gather-scatter,0.8,1,gather-scatter,0.8,1,gather-scatter,0.8
amlc_01641,HI-Small,1,gather-scatter,1.0,0.8448684719753456,1,gather-scatter,0.97798574,1,gather-scatter,0.99847776,1,gather-scatter,0.940443989553458,1,gather-scatter,1,fan-out,0.6,1,fan-out,0.6,1,fan-out,0.8,1,gather-scatter,0.8,1,scatter-gather,0.8,0,,0.7,0,,0.5
amlc_01642,HI-Small,1,gather-scatter,1.0,0.9699017769285976,1,gather-scatter,0.99116933,1,gather-scatter,0.99975234,1,gather-scatter,0.9869411510291676,1,gather-scatter,1,fan-out,0.8,1,gather-scatter,0.6,1,fan-out,0.8,1,bipartite,0.8,1,gather-scatter,0.8,0,,0.7,0,,0.5
amlc_01643,HI-Small,1,gather-scatter,1.0,0.9890298027398656,1,gather-scatter,0.9985563,1,gather-scatter,0.9999102,1,gather-scatter,0.9958320981463614,1,gather-scatter,1,gather-scatter,0.6,1,fan-out,0.8,1,scatter-gather,0.8,1,gather-scatter,0.8,1,gather-scatter,0.8,1,gather-scatter,0.8,1,gather-scatter,0.8
amlc_01644,HI-Small,1,gather-scatter,1.0,0.9899385325791268,1,gather-scatter,0.999704,1,gather-scatter,0.99977076,1,gather-scatter,0.9964710988164556,1,gather-scatter,1,gather-scatter,0.6,1,gather-scatter,0.6,1,gather-scatter,0.8,1,gather-scatter,0.8,1,gather-scatter,0.8,1,gather-scatter,0.8,1,gather-scatter,0.8
amlc_01645,HI-Small,1,gather-scatter,1.0,0.969202660926587,1,gather-scatter,0.995495,1,gather-scatter,0.99852324,1,gather-scatter,0.987740305863621,1,gather-scatter,1,fan-out,0.8,0,cycle,0.7,1,fan-out,0.8,1,gather-scatter,0.8,1,scatter-gather,0.8,1,gather-scatter,0.8,1,fan-out,0.8
amlc_01646,HI-Small,1,gather-scatter,1.0,0.9356422891153386,1,gather-scatter,0.99173754,1,gather-scatter,0.9996783,1,gather-scatter,0.9756860491280254,1,gather-scatter,1,gather-scatter,0.6,1,scatter-gather,0.6,1,random,0.8,1,fan-out,0.6,1,gather-scatter,0.8,1,gather-scatter,0.8,1,gather-scatter,0.8
amlc_01647,HI-Small,1,gather-scatter,1.0,0.9480814168589342,1,gather-scatter,0.99403536,1,gather-scatter,0.99941903,1,gather-scatter,0.9805119378612116,1,gather-scatter,1,gather-scatter,0.6,1,gather-scatter,0.6,1,gather-scatter,0.8,1,gather-scatter,0.6,1,gather-scatter,0.8,1,gather-scatter,0.8,1,gather-scatter,0.8
amlc_01648,HI-Small,1,gather-scatter,1.0,0.9744710206864956,1,gather-scatter,0.9965316,1,gather-scatter,0.99994886,1,gather-scatter,0.9903171618739328,1,gather-scatter,1,gather-scatter,0.6,1,gather-scatter,0.6,1,gather-scatter,0.8,1,gather-scatter,0.6,1,gather-scatter,0.8,1,gather-scatter,0.8,1,gather-scatter,0.8
amlc_01649,HI-Small,1,gather-scatter,1.0,0.8125974546501166,1,gather-scatter,0.9179804,1,gather-scatter,0.99952507,1,gather-scatter,0.9100342992487592,1,gather-scatter,1,fan-out,0.8,1,gather-scatter,0.6,1,random,0.8,1,gather-scatter,0.8,1,gather-scatter,0.8,1,gather-scatter,0.8,1,gather-scatter,0.8
amlc_01650,HI-Small,1,gather-scatter,1.0,0.9645736598023756,1,gather-scatter,0.99085075,1,gather-scatter,0.99808824,1,gather-scatter,0.984504215685824,1,gather-scatter,1,gather-scatter,0.8,1,gather-scatter,0.6,1,gather-scatter,0.8,1,gather-scatter,0.6,1,gather-scatter,0.8,1,gather-scatter,0.8,1,gather-scatter,0.8
amlc_01651,HI-Small,1,gather-scatter,1.0,0.9891767140677702,1,gather-scatter,0.99816287,1,gather-scatter,0.99946374,1,gather-scatter,0.9956011055724864,1,gather-scatter,0,,0.5,0,,0.5,1,fan-out,0.8,1,gather-scatter,0.6,1,fan-out,0.8,1,fan-out,0.8,0,,0.5
amlc_01652,HI-Small,1,gather-scatter,1.0,0.987671607209141,1,gather-scatter,0.9981613,1,gather-scatter,0.9991312,1,gather-scatter,0.9949880419416212,1,gather-scatter,0,,0.5,0,,0.5,1,fan-out,0.8,1,gather-scatter,0.6,1,fan-out,0.8,1,fan-out,0.8,0,,0.5
amlc_01653,HI-Small,1,gather-scatter,1.0,0.9677509465381222,1,gather-scatter,0.99744284,1,gather-scatter,0.99922407,1,gather-scatter,0.988139284934094,1,gather-scatter,0,,0.5,0,,0.5,1,fan-out,0.8,1,gather-scatter,0.8,1,fan-out,0.8,1,fan-out,0.8,0,,0.5
amlc_01654,HI-Small,1,gather-scatter,1.0,0.9895932319131984,1,gather-scatter,0.99874383,1,gather-scatter,0.99938184,1,gather-scatter,0.9959063014178636,1,gather-scatter,0,,0.5,0,,0.5,1,fan-out,0.8,1,gather-scatter,0.6,1,fan-out,0.8,1,gather-scatter,0.8,0,,0.5
amlc_01655,HI-Small,1,gather-scatter,1.0,0.962193827595326,1,gather-scatter,0.99679106,1,gather-scatter,0.99913263,1,gather-scatter,0.9860391751812604,1,gather-scatter,0,,0.5,0,,0.5,0,,0.7,1,scatter-gather,0.6,1,fan-out,0.8,0,,0.7,0,,0.5
amlc_01656,HI-Small,1,gather-scatter,1.0,0.9891627963268624,1,gather-scatter,0.99796355,1,gather-scatter,0.99920464,1,gather-scatter,0.995443659884528,1,gather-scatter,0,,0.5,0,,0.5,1,random,0.8,1,gather-scatter,0.8,1,fan-out,0.8,0,,0.7,0,,0.5
amlc_01657,HI-Small,1,gather-scatter,1.0,0.9892776044469376,1,gather-scatter,0.99772817,1,gather-scatter,0.998641,1,gather-scatter,0.995215595836815,1,gather-scatter,0,,0.5,0,,0.5,1,gather-scatter,0.8,1,gather-scatter,0.8,1,fan-out,0.8,0,,0.7,0,,0.5
amlc_01658,HI-Small,1,gather-scatter,1.0,0.9887124569411846,1,gather-scatter,0.9974434,1,gather-scatter,0.99877393,1,gather-scatter,0.994976589123268,1,gather-scatter,0,,0.5,0,,0.5,1,fan-out,0.6,1,gather-scatter,0.8,1,fan-out,0.8,0,,0.7,0,,0.5
amlc_01659,HI-Small,1,gather-scatter,1.0,0.9640860226144652,1,gather-scatter,0.99603593,1,gather-scatter,0.9991075,1,gather-scatter,0.986409812052722,1,gather-scatter,0,,0.5,0,,0.5,0,,0.7,1,gather-scatter,0.8,1,fan-out,0.8,0,,0.7,0,,0.5
amlc_01660,HI-Small,1,gather-scatter,1.0,0.9694400578510508,1,gather-scatter,0.99780655,1,gather-scatter,0.99926645,1,gather-scatter,0.9888376841866884,1,gather-scatter,0,,0.5,0,,0.5,1,fan-out,0.8,1,gather-scatter,0.8,1,fan-out,0.8,0,,0.7,0,,0.5
amlc_01661,HI-Small,1,gather-scatter,1.0,0.9894889587925776,1,gather-scatter,0.9985002,1,gather-scatter,0.9984679,1,gather-scatter,0.995485702977144,1,gather-scatter,0,,0.5,0,,0.5,1,fan-out,0.8,1,gather-scatter,0.8,1,fan-out,0.8,0,,0.7,0,,0.5
amlc_01662,HI-Small,1,gather-scatter,1.0,0.9894072617166996,1,gather-scatter,0.99832594,1,gather-scatter,0.9988508,1,gather-scatter,0.9955280093707564,1,gather-scatter,0,,0.5,0,,0.5,1,bipartite,0.8,1,random,0.8,1,fan-out,0.8,0,,0.7,0,,0.5
amlc_01663,HI-Small,1,gather-scatter,1.0,0.9345327526609488,1,gather-scatter,0.9921745,1,gather-scatter,0.9991053,1,gather-scatter,0.9752708445085548,1,gather-scatter,0,,0.5,0,,0.5,1,fan-out,0.8,1,gather-scatter,0.6,1,fan-out,0.8,1,fan-out,0.8,0,,0.5
amlc_01664,HI-Small,1,gather-scatter,1.0,0.9801820050307192,1,gather-scatter,0.9969877,1,gather-scatter,0.9978399,1,gather-scatter,0.9916698777221334,1,gather-scatter,0,,0.5,0,,0.5,1,fan-out,0.8,0,,0.7,1,fan-out,0.8,0,,0.7,0,,0.5
amlc_01665,HI-Small,0,legit,469.33800841514727,0.0030589273759343,0,stack,0.0008304202,0,stack,0.32535854,0,stack,0.1097492957907167,0,stack,1,fan-out,0.6,1,fan-out,0.6,1,fan-in,0.8,1,gather-scatter,0.8,1,scatter-gather,0.8,1,stack,0.8,0,,0.5
amlc_01666,HI-Small,0,legit,469.33800841514727,1.2696071430337238e-05,0,bipartite,6.9075622e-06,0,bipartite,0.004567042,0,bipartite,0.001528881875603,0,bipartite,1,fan-out,0.8,1,scatter-gather,0.6,1,random,0.8,1,gather-scatter,0.8,1,scatter-gather,0.8,1,scatter-gather,0.8,1,scatter-gather,0.8
amlc_01667,HI-Small,0,legit,469.33800841514727,1.2411515451266636e-05,0,bipartite,3.9580555e-06,0,fan-in,0.008567807,0,bipartite,0.0028613922785119,0,bipartite,1,fan-out,0.6,1,fan-out,0.6,1,random,0.8,1,gather-scatter,0.6,1,scatter-gather,0.8,1,gather-scatter,0.8,1,gather-scatter,0.8
amlc_01668,HI-Small,0,legit,469.33800841514727,1.4903332446024873e-05,0,stack,1.3556886e-05,0,stack,0.0076583996,0,stack,0.0025622866200492,0,stack,1,fan-out,0.6,1,gather-scatter,0.8,1,gather-scatter,0.6,1,gather-scatter,0.6,1,gather-scatter,0.8,1,stack,0.8,1,gather-scatter,0.8
amlc_01669,HI-Small,0,legit,469.33800841514727,2.7413885503270983e-05,0,stack,4.841644e-06,0,stack,0.009726151,0,stack,0.0032528021407637,0,stack,1,fan-out,0.6,0,,0.7,0,stack,0.7,1,gather-scatter,0.6,1,gather-scatter,0.8,1,gather-scatter,0.8,1,gather-scatter,0.8
amlc_01670,HI-Small,0,legit,469.33800841514727,1.4076993482740331e-05,0,bipartite,4.2367833e-06,0,fan-in,0.00694777,0,bipartite,0.0023220278534058,0,bipartite,1,fan-out,0.6,1,fan-out,0.6,0,,0.7,1,gather-scatter,0.6,1,gather-scatter,0.8,1,gather-scatter,0.8,0,,0.5
amlc_01671,HI-Small,0,legit,469.33800841514727,1.561816498139722e-05,0,bipartite,1.488011e-05,0,stack,0.0073791496,0,bipartite,0.0024698826091485,0,bipartite,0,,0.7,1,fan-out,0.6,1,random,0.8,1,fan-out,0.6,1,random,0.8,1,random,0.8,1,random,0.8
amlc_01672,HI-Small,0,legit,483.5610098176718,0.0006807079042892,0,bipartite,0.0006054654,0,bipartite,0.03117901,0,bipartite,0.0108217280503246,0,bipartite,0,,0.7,0,,0.7,1,fan-in,0.8,1,gather-scatter,0.6,1,fan-in,0.8,1,fan-in,0.8,0,fan-in,0.7
amlc_01673,HI-Small,0,legit,469.33800841514727,0.0001820590535205,0,bipartite,5.737879e-05,0,bipartite,0.07102228,0,bipartite,0.0237539058017281,0,bipartite,1,fan-in,0.6,1,fan-in,0.6,1,fan-in,0.6,1,gather-scatter,0.6,1,fan-in,0.8,1,gather-scatter,0.8,1,fan-in,0.8
amlc_01674,HI-Small,1,legit,1.0,0.0044121601872762,0,fan-in,0.0065587186,0,fan-in,0.08640362,0,fan-in,0.0324581673453456,0,fan-in,1,fan-in,0.6,1,fan-in,0.6,1,fan-in,0.8,1,gather-scatter,0.6,1,fan-in,0.8,1,fan-in,0.8,1,fan-in,0.8
amlc_01675,HI-Small,1,legit,1.0,0.0804326997535453,0,bipartite,0.0777143,0,bipartite,0.19466574,0,bipartite,0.1176042487666681,0,bipartite,1,gather-scatter,0.6,1,gather-scatter,0.6,1,random,0.8,1,gather-scatter,0.6,1,gather-scatter,0.8,1,gather-scatter,0.8,1,gather-scatter,0.8
amlc_01676,HI-Small,0,legit,483.5610098176718,1.2710890925749516e-05,0,bipartite,6.425592e-06,0,bipartite,0.020336196,0,bipartite,0.0067851107697825,0,bipartite,1,gather-scatter,0.6,1,gather-scatter,0.6,1,fan-out,0.8,1,gather-scatter,0.8,1,fan-out,0.8,1,gather-scatter,0.8,1,gather-scatter,0.8
amlc_01677,HI-Small,0,legit,483.5610098176718,4.02110534229309e-05,0,bipartite,1.0841529e-05,0,bipartite,0.029462079,0,bipartite,0.0098377103894877,0,bipartite,1,gather-scatter,0.6,1,fan-out,0.8,1,fan-out,0.8,1,gather-scatter,0.8,1,fan-out,0.8,1,fan-out,0.8,0,,0.5
amlc_01678,HI-Small,0,legit,483.5610098176718,1.922747233736906e-05,0,stack,1.7100345e-05,0,stack,0.01299495,0,stack,0.0043437591743615,0,stack,1,fan-out,0.6,1,fan-out,0.6,1,fan-out,0.8,1,gather-scatter,0.8,1,fan-out,0.8,0,,0.7,0,,0.5
amlc_01679,HI-Small,0,legit,483.5610098176718,1.542035854375052e-05,0,bipartite,5.927383e-06,0,fan-in,0.031049412,0,bipartite,0.010356919828465,0,bipartite,1,scatter-gather,0.8,1,scatter-gather,0.8,1,scatter-gather,0.8,1,gather-scatter,0.6,1,stack,0.8,1,random,0.8,1,gather-scatter,0.8
amlc_01680,HI-Small,0,legit,469.33800841514727,2.421076613510839e-05,0,random,6.8174277e-06,0,fan-in,0.0063869,0,random,0.0021393093495992,0,random,1,fan-out,0.6,1,gather-scatter,0.6,0,,0.7,1,random,0.8,1,scatter-gather,0.8,1,gather-scatter,0.8,0,,0.5
amlc_01681,HI-Small,0,legit,469.33800841514727,0.0003791847398144,0,stack,5.6835728e-05,0,stack,0.010345859,0,stack,0.00359395997369,0,stack,1,gather-scatter,0.6,1,fan-out,0.6,1,gather-scatter,0.8,1,random,0.8,1,gather-scatter,0.8,1,gather-scatter,0.8,0,,0.5
amlc_01682,HI-Small,0,legit,469.33800841514727,0.0056001556752213,0,gather-scatter,0.0014911359,0,gather-scatter,0.095431164,0,gather-scatter,0.0341741518332921,0,gather-scatter,0,,0.5,0,,0.5,0,,0.7,1,gather-scatter,0.6,1,fan-out,0.8,1,fan-out,0.8,0,,0.5
amlc_01683,HI-Small,0,legit,483.5610098176718,3.247107459759666e-05,0,stack,9.030141e-06,0,stack,0.02369159,0,stack,0.0079110306969858,0,stack,1,fan-out,0.6,1,fan-out,0.8,1,fan-in,0.8,1,gather-scatter,0.8,1,scatter-gather,0.8,1,scatter-gather,0.8,1,scatter-gather,0.8
amlc_01684,HI-Small,0,legit,469.33800841514727,1.313417554428213e-05,0,random,1.389143e-05,0,fan-in,0.011624922,0,random,0.0038839825500969,0,random,1,fan-out,0.6,0,,0.7,1,fan-out,0.6,1,scatter-gather,0.6,1,fan-out,0.8,0,fan-out,0.7,0,,0.7
amlc_01685,HI-Small,0,legit,469.33800841514727,0.0067443196646854,0,bipartite,0.002285305,0,bipartite,0.048140906,0,bipartite,0.019056843469043,0,bipartite,0,stack,0.7,0,,0.7,0,,0.7,1,gather-scatter,0.6,0,,0.7,0,,0.7,0,,0.7
amlc_01686,HI-Small,0,legit,1.0,0.8721274096133567,1,bipartite,0.8028523,1,bipartite,0.65027046,0,bipartite,0.7750833815456183,0,bipartite,0,cycle,0.7,1,fan-in,0.8,1,fan-in,0.6,1,fan-in,0.6,1,fan-in,0.8,1,fan-in,0.8,1,fan-in,0.8
amlc_01687,HI-Small,0,legit,469.33800841514727,1.198483210948457e-05,0,bipartite,4.9579808e-06,0,fan-in,0.0051647043,0,bipartite,0.0017272156994784,0,bipartite,1,gather-scatter,0.6,1,scatter-gather,0.6,1,fan-out,0.8,1,gather-scatter,0.6,1,gather-scatter,0.8,1,gather-scatter,0.8,1,gather-scatter,0.8
amlc_01688,HI-Small,0,legit,483.5610098176718,8.14660867511292e-05,0,stack,0.000102356855,0,stack,0.034820892,0,fan-out,0.0116682382860903,0,stack,1,fan-out,0.8,1,gather-scatter,0.6,1,fan-out,0.8,1,gather-scatter,0.8,1,fan-out,0.8,0,,0.7,0,,0.5
amlc_01689,HI-Small,0,legit,483.5610098176718,0.0050482651313791,0,stack,0.008885564,0,fan-out,0.011198375,0,stack,0.0083774015959981,0,stack,0,,0.5,0,,0.5,1,scatter-gather,0.6,1,scatter-gather,0.8,1,fan-out,0.8,1,fan-out,0.8,0,,0.5
amlc_01690,HI-Small,0,legit,469.33800841514727,1.2928068824542644e-05,0,bipartite,5.4614184e-06,0,fan-in,0.0007667775,0,bipartite,0.0002617223262851,0,bipartite,1,scatter-gather,0.8,1,gather-scatter,0.8,1,fan-out,0.8,1,gather-scatter,0.8,1,gather-scatter,0.8,0,,0.7,1,gather-scatter,0.8
amlc_01691,HI-Small,0,legit,483.5610098176718,7.916824486217024e-05,0,stack,1.588775e-05,0,stack,0.025965929,0,stack,0.0086869950087859,0,stack,1,gather-scatter,0.6,1,gather-scatter,0.8,1,random,0.8,1,gather-scatter,0.6,1,gather-scatter,0.8,1,gather-scatter,0.8,1,gather-scatter,0.8
amlc_01692,HI-Small,0,legit,483.5610098176718,7.241147589559785e-05,0,bipartite,8.195054e-06,0,stack,0.01625186,0,bipartite,0.0054441555720682,0,bipartite,1,scatter-gather,0.8,1,fan-out,0.6,1,scatter-gather,0.8,1,scatter-gather,0.8,1,fan-out,0.8,1,gather-scatter,0.8,1,gather-scatter,0.8
amlc_01693,HI-Small,0,legit,1.0,0.4710065140202045,0,fan-in,0.5855588,0,fan-in,0.3007959,0,fan-in,0.4524537329499721,0,fan-in,1,fan-in,0.6,1,gather-scatter,0.6,1,fan-in,0.6,1,gather-scatter,0.6,1,fan-in,0.8,1,fan-in,0.8,1,fan-in,0.8
amlc_01694,HI-Small,0,legit,469.33800841514727,1.6300656417120105e-05,0,bipartite,1.1575096e-05,0,fan-in,0.06094414,0,bipartite,0.0203240052367227,0,bipartite,1,fan-out,0.6,1,gather-scatter,0.6,1,fan-out,0.8,1,gather-scatter,0.8,1,random,0.8,1,fan-out,0.8,1,gather-scatter,0.8
amlc_01695,HI-Small,0,legit,483.5610098176718,1.241925479239485e-05,0,bipartite,6.772197e-06,0,bipartite,0.024194479,0,bipartite,0.0080712234801929,0,bipartite,1,fan-in,0.8,1,gather-scatter,0.8,1,scatter-gather,0.8,1,bipartite,0.8,1,scatter-gather,0.8,1,gather-scatter,0.8,1,scatter-gather,0.8
amlc_01696,HI-Small,0,legit,1.0,0.8352612681606179,1,bipartite,0.86826897,1,bipartite,0.028748065,0,bipartite,0.5774261000228843,0,bipartite,1,gather-scatter,0.6,0,,0.7,0,,0.7,1,gather-scatter,0.8,0,,0.7,1,gather-scatter,0.8,0,,0.7
amlc_01697,HI-Small,0,legit,469.33800841514727,2.29197493705539e-05,0,bipartite,9.364039e-06,0,bipartite,0.008387333,0,bipartite,0.0028065388569116,0,bipartite,1,fan-in,0.6,0,stack,0.7,1,fan-in,0.6,1,gather-scatter,0.8,1,fan-in,0.8,1,fan-in,0.8,1,fan-in,0.8
amlc_01698,HI-Small,1,fan-out,1.0,0.9748783156210916,1,fan-out,0.9975117,1,fan-out,0.49726295,0,fan-out,0.8232176517425226,1,fan-out,1,fan-out,0.6,1,gather-scatter,0.6,0,,0.7,1,gather-scatter,0.8,1,gather-scatter,0.8,1,gather-scatter,0.8,0,,0.5
amlc_01699,HI-Small,1,fan-out,1.0,0.9627902745665088,1,fan-out,0.9978153,1,fan-out,0.7409919,0,fan-out,0.9005324919840024,1,fan-out,1,gather-scatter,0.6,1,gather-scatter,0.6,1,gather-scatter,0.6,1,gather-scatter,0.6,1,gather-scatter,0.8,1,gather-scatter,0.8,0,,0.5
amlc_01700,HI-Small,1,fan-out,1.0,0.9551721556103108,1,fan-out,0.9931959,1,fan-out,0.93691236,1,fan-out,0.9617601349325934,1,fan-out,1,gather-scatter,0.6,1,gather-scatter,0.6,1,gather-scatter,0.8,1,gather-scatter,0.6,1,gather-scatter,0.8,1,gather-scatter,0.8,0,,0.5
amlc_01701,HI-Small,1,fan-out,1.0,0.9815829324074834,1,fan-out,0.9789322,1,fan-out,0.9922975,1,fan-out,0.9842708682798096,1,fan-out,1,gather-scatter,0.8,1,scatter-gather,0.6,1,gather-scatter,0.8,1,gather-scatter,0.6,1,gather-scatter,0.8,1,gather-scatter,0.8,0,,0.5
amlc_01702,HI-Small,1,fan-out,1.0,0.988855140682259,1,fan-out,0.99428666,1,fan-out,0.9929905,1,fan-out,0.9920440969454576,1,fan-out,1,fan-out,0.6,1,gather-scatter,0.8,0,,0.7,1,gather-scatter,0.8,1,gather-scatter,0.8,1,gather-scatter,0.8,0,,0.5
amlc_01703,HI-Small,1,fan-out,1.0,0.965934124910428,1,fan-out,0.9937108,1,fan-out,0.9980443,1,fan-out,0.9858964176057424,1,fan-out,1,scatter-gather,0.6,1,gather-scatter,0.6,1,gather-scatter,0.8,1,gather-scatter,0.6,1,gather-scatter,0.8,1,gather-scatter,0.8,0,,0.5
amlc_01704,HI-Small,1,fan-out,1.0,0.9839955672499322,1,fan-out,0.99222004,1,fan-out,0.997743,1,fan-out,0.9913195406356382,1,fan-out,1,gather-scatter,0.6,1,gather-scatter,0.6,1,bipartite,0.8,1,gather-scatter,0.6,1,gather-scatter,0.8,1,gather-scatter,0.8,0,,0.5
amlc_01705,HI-Small,1,fan-out,1.0,0.9884817737761,1,fan-out,0.98979646,1,fan-out,0.99798644,1,fan-out,0.9920882231137108,1,fan-out,1,fan-out,0.6,1,scatter-gather,0.6,1,gather-scatter,0.8,1,gather-scatter,0.8,1,gather-scatter,0.8,1,gather-scatter,0.8,0,,0.5
amlc_01706,HI-Small,1,fan-out,1.0,0.9889271159500124,1,fan-out,0.99508125,1,fan-out,0.99636,1,fan-out,0.9934561219324748,1,fan-out,1,gather-scatter,0.8,1,gather-scatter,0.6,1,gather-scatter,0.6,1,gather-scatter,0.8,1,gather-scatter,0.8,1,gather-scatter,0.8,0,,0.5
amlc_01707,HI-Small,1,fan-out,1.0,0.988714929594199,1,fan-out,0.98560953,1,fan-out,0.9989997,1,fan-out,0.9911080586160552,1,fan-out,1,fan-out,0.6,1,fan-out,0.6,1,gather-scatter,0.8,1,random,0.8,1,gather-scatter,0.8,1,gather-scatter,0.8,0,,0.5
amlc_01708,HI-Small,1,fan-out,1.0,0.9868404555643996,1,fan-out,0.99309856,1,fan-out,0.99901664,1,fan-out,0.9929852183767623,1,fan-out,1,fan-out,0.6,1,gather-scatter,0.6,1,gather-scatter,0.8,1,gather-scatter,0.8,1,gather-scatter,0.8,1,gather-scatter,0.8,0,,0.5
amlc_01709,HI-Small,1,fan-out,1.0,0.9226434867106011,1,fan-out,0.9644724,1,fan-out,0.9990841,1,fan-out,0.9620666716006772,1,fan-out,1,gather-scatter,0.8,1,gather-scatter,0.6,0,,0.7,1,gather-scatter,0.6,1,gather-scatter,0.8,1,gather-scatter,0.8,0,,0.5
amlc_01710,HI-Small,1,fan-out,1.0,0.9692473477746116,1,fan-out,0.9862135,1,fan-out,0.99877965,1,fan-out,0.9847468358485256,1,fan-out,1,gather-scatter,0.6,1,bipartite,0.8,1,gather-scatter,0.6,1,gather-scatter,0.8,1,gather-scatter,0.8,1,gather-scatter,0.8,0,,0.5
amlc_01711,HI-Small,1,fan-out,1.0,0.9343591048679688,1,fan-out,0.97536993,1,fan-out,0.9965595,1,fan-out,0.968762845276526,1,fan-out,1,fan-out,0.6,1,scatter-gather,0.6,1,gather-scatter,0.8,1,gather-scatter,0.8,1,gather-scatter,0.8,1,scatter-gather,0.8,0,,0.5
amlc_01712,HI-Small,1,fan-out,1.0,0.9831809946124032,1,fan-out,0.9800558,1,fan-out,0.9860924,1,fan-out,0.9831097307544376,1,fan-out,1,bipartite,0.8,1,fan-out,0.8,0,stack,0.7,1,stack,0.8,1,gather-scatter,0.8,1,gather-scatter,0.8,0,,0.5
amlc_01713,HI-Small,1,fan-out,1.0,0.9756752409978076,1,fan-out,0.9920577,1,fan-out,0.910956,1,fan-out,0.9595629824016944,1,fan-out,1,fan-out,0.8,1,gather-scatter,0.6,1,gather-scatter,0.8,1,stack,0.8,1,gather-scatter,0.8,1,gather-scatter,0.8,0,,0.5
amlc_01714,HI-Small,0,legit,469.33800841514727,1.4870852420253903e-05,0,bipartite,1.8205581e-05,0,fan-in,0.054433547,0,bipartite,0.018155541131258,0,bipartite,1,fan-out,0.8,1,fan-out,0.6,1,fan-out,0.8,1,gather-scatter,0.8,1,scatter-gather,0.8,1,scatter-gather,0.8,0,,0.5
amlc_01715,HI-Small,0,legit,469.33800841514727,2.059176091282698e-05,0,bipartite,2.6745163e-05,0,bipartite,0.08002171,0,bipartite,0.0266896820426336,0,bipartite,1,fan-out,0.6,1,fan-out,0.6,1,gather-scatter,0.8,1,gather-scatter,0.8,1,fan-out,0.8,1,fan-out,0.8,0,,0.5
amlc_01716,HI-Small,1,gather-scatter,1.0,0.7703636102468706,0,gather-scatter,0.8740762,1,gather-scatter,0.95950854,1,gather-scatter,0.8679827787012172,1,gather-scatter,1,fan-out,0.6,0,,0.7,0,,0.7,1,gather-scatter,0.6,1,gather-scatter,0.8,1,gather-scatter,0.8,0,,0.5
amlc_01717,HI-Small,1,gather-scatter,1.0,0.984865189029836,1,gather-scatter,0.998078,1,gather-scatter,0.99445784,1,gather-scatter,0.9924670061913012,1,gather-scatter,1,fan-out,0.6,1,fan-out,0.6,1,gather-scatter,0.8,1,gather-scatter,0.6,1,gather-scatter,0.8,1,gather-scatter,0.8,1,gather-scatter,0.8
amlc_01718,HI-Small,1,gather-scatter,1.0,0.9299205889400208,1,gather-scatter,0.9824451,1,gather-scatter,0.9912418,1,gather-scatter,0.9678691741524924,1,gather-scatter,1,fan-out,0.6,1,fan-out,0.6,1,fan-out,0.6,1,gather-scatter,0.8,1,gather-scatter,0.8,0,,0.7,1,gather-scatter,0.8
amlc_01719,HI-Small,1,gather-scatter,1.0,0.9895892698445428,1,gather-scatter,0.9990859,1,gather-scatter,0.98912823,1,gather-scatter,0.992601135004842,1,gather-scatter,1,fan-out,0.6,1,fan-out,0.6,0,,0.7,1,random,0.8,1,fan-out,0.8,1,fan-out,0.8,1,gather-scatter,0.8
amlc_01720,HI-Small,1,gather-scatter,1.0,0.9341525647925824,1,gather-scatter,0.99657905,1,gather-scatter,0.9748066,1,gather-scatter,0.9685127408599684,1,gather-scatter,1,fan-out,0.6,0,,0.7,0,,0.7,1,gather-scatter,0.8,1,gather-scatter,0.8,1,scatter-gather,0.8,1,gather-scatter,0.8
amlc_01721,HI-Small,1,gather-scatter,1.0,0.9887392643468168,1,gather-scatter,0.99851704,1,gather-scatter,0.9802327,1,gather-scatter,0.9891630054638316,1,gather-scatter,1,scatter-gather,0.6,1,fan-out,0.6,1,fan-out,0.8,1,gather-scatter,0.8,1,fan-out,0.8,1,scatter-gather,0.8,1,gather-scatter,0.8
amlc_01722,HI-Small,0,legit,1.0,0.8886626696671526,1,gather-scatter,0.90038174,1,gather-scatter,0.9144295,1,gather-scatter,0.9011579664576544,1,gather-scatter,1,fan-out,0.6,1,gather-scatter,0.6,1,fan-out,0.6,1,gather-scatter,0.6,1,fan-out,0.8,0,gather-scatter,0.7,1,gather-scatter,0.8
amlc_01723,HI-Small,1,gather-scatter,1.0,0.5382207664941611,0,gather-scatter,0.42270827,0,gather-scatter,0.8794047,1,gather-scatter,0.6134445876907925,0,gather-scatter,1,scatter-gather,0.6,1,gather-scatter,0.6,0,,0.7,1,gather-scatter,0.8,1,fan-out,0.8,1,gather-scatter,0.8,1,gather-scatter,0.8
amlc_01724,HI-Small,1,gather-scatter,1.0,0.9875647845908884,1,gather-scatter,0.99869764,1,gather-scatter,0.7805647,0,gather-scatter,0.9222757161671876,1,gather-scatter,1,fan-out,0.6,1,fan-out,0.6,1,fan-out,0.8,1,random,0.8,1,fan-out,0.8,1,random,0.8,1,gather-scatter,0.8
amlc_01725,HI-Small,0,legit,469.33800841514727,0.001454263391929,0,fan-out,0.0004443897,0,fan-out,0.00681466,0,fan-out,0.0029044377119361,0,fan-out,0,,0.5,0,,0.5,0,stack,0.7,1,scatter-gather,0.6,1,fan-out,0.8,0,,0.7,0,,0.5
amlc_01726,HI-Small,0,legit,469.33800841514727,0.0067364840606306,0,fan-in,0.002757486,0,fan-in,0.10927625,0,fan-in,0.0395900733404508,0,fan-in,1,fan-in,0.6,1,fan-in,0.6,1,fan-in,0.6,1,gather-scatter,0.6,1,fan-in,0.8,1,fan-in,0.8,1,fan-in,0.8
amlc_01727,HI-Small,0,legit,469.33800841514727,1.350967559002137e-05,0,bipartite,6.2879967e-06,0,stack,0.011217653,0,bipartite,0.0037458168307841,0,bipartite,1,fan-out,0.6,0,,0.5,1,fan-out,0.8,1,gather-scatter,0.6,1,fan-out,0.8,1,gather-scatter,0.8,1,gather-scatter,0.8
amlc_01728,HI-Small,1,legit,1.0,0.044238917582361,0,stack,0.025051039,0,stack,0.2200518,0,stack,0.096447250512947,0,stack,1,fan-out,0.6,1,fan-out,0.6,0,,0.7,1,scatter-gather,0.6,1,fan-out,0.8,1,fan-out,0.8,0,,0.5
amlc_01729,HI-Small,0,legit,469.33800841514727,3.741719817414138e-05,0,stack,1.0362703e-05,0,stack,0.0018715145,0,bipartite,0.0006397647947085,0,stack,1,fan-out,0.6,1,fan-out,0.6,1,gather-scatter,0.8,1,gather-scatter,0.6,1,fan-out,0.8,0,,0.7,0,,0.5
amlc_01730,HI-Small,0,legit,483.5610098176718,4.160131581487567e-05,0,bipartite,2.1140051e-05,0,bipartite,0.013145188,0,stack,0.0044026430788621,0,bipartite,1,fan-out,0.6,1,gather-scatter,0.6,1,fan-out,0.8,1,gather-scatter,0.8,1,fan-out,0.8,1,fan-out,0.8,1,stack,0.8
amlc_01731,HI-Small,1,legit,1.0,0.0341072240074601,0,bipartite,0.044249937,0,bipartite,0.054421447,0,bipartite,0.0442595360544034,0,bipartite,1,fan-out,0.6,1,fan-out,0.6,1,fan-out,0.6,1,gather-scatter,0.6,1,fan-out,0.8,1,random,0.8,1,fan-out,0.8
amlc_01732,HI-Small,1,legit,1.0,0.0128799164360355,0,fan-in,0.031013768,0,fan-in,0.20616174,0,fan-in,0.0833518073481185,0,fan-in,1,fan-in,0.6,1,fan-in,0.6,1,fan-in,0.8,1,gather-scatter,0.6,1,fan-in,0.8,1,fan-in,0.8,1,fan-in,0.8
amlc_01733,HI-Small,0,legit,483.5610098176718,5.686410145855854e-05,0,bipartite,1.7130866e-05,0,stack,0.021396825,0,bipartite,0.0071569400190603,0,bipartite,1,scatter-gather,0.8,1,fan-out,0.6,0,,0.7,1,gather-scatter,0.6,1,stack,0.8,1,stack,0.8,1,gather-scatter,0.8
amlc_01734,HI-Small,1,legit,1.0,0.003289966143458,0,gather-scatter,0.0022017858,0,gather-scatter,0.02920543,0,gather-scatter,0.0115657274138725,0,gather-scatter,0,,0.5,0,,0.5,0,,0.5,0,,0.5,1,fan-out,0.8,0,,0.7,0,,0.5
amlc_01735,HI-Small,0,legit,483.5610098176718,1.3054309406727096e-05,0,bipartite,9.949879e-06,0,bipartite,0.019732911,0,bipartite,0.0065853051094822,0,bipartite,1,fan-out,0.8,1,gather-scatter,0.6,1,fan-out,0.6,1,random,0.8,1,gather-scatter,0.8,1,stack,0.8,1,gather-scatter,0.8
amlc_01736,HI-Small,0,legit,1.0,0.8881778121405676,1,bipartite,0.8845264,1,bipartite,0.7057947,0,bipartite,0.8261662920453096,1,bipartite,1,random,0.8,1,fan-in,0.8,1,fan-in,0.6,1,gather-scatter,0.6,1,fan-in,0.8,1,fan-in,0.8,1,fan-in,0.8
amlc_01737,HI-Small,0,legit,1.0,0.7113853074104098,0,fan-in,0.7614121,0,fan-in,0.2788811,0,fan-in,0.5838928314378032,0,fan-in,1,gather-scatter,0.6,1,gather-scatter,0.6,1,fan-in,0.8,1,gather-scatter,0.6,1,fan-in,0.8,1,gather-scatter,0.8,1,fan-in,0.8
amlc_01738,HI-Small,1,gather-scatter,1.0,0.9898403694628812,1,gather-scatter,0.99942666,1,gather-scatter,0.9979143,1,gather-scatter,0.995727115551602,1,gather-scatter,1,gather-scatter,0.6,1,fan-out,0.6,0,,0.7,1,gather-scatter,0.8,1,gather-scatter,0.8,1,gather-scatter,0.8,1,gather-scatter,0.8
amlc_01739,HI-Small,1,gather-scatter,1.0,0.9780508522209688,1,gather-scatter,0.99691933,1,gather-scatter,0.99812335,1,gather-scatter,0.9910311779716666,1,gather-scatter,0,,0.5,0,,0.5,1,random,0.8,1,random,0.8,1,fan-out,0.8,0,,0.7,0,,0.5
amlc_01740,HI-Small,1,gather-scatter,1.0,0.9826217202298644,1,gather-scatter,0.9809154,1,gather-scatter,0.99942195,1,gather-scatter,0.9876530338642596,1,gather-scatter,1,fan-out,0.8,1,scatter-gather,0.6,0,,0.7,1,gather-scatter,0.6,1,fan-out,0.8,1,gather-scatter,0.8,0,,0.5
amlc_01741,HI-Small,1,gather-scatter,1.0,0.9892549016462228,1,gather-scatter,0.99858963,1,gather-scatter,0.99802494,1,gather-scatter,0.9952898256774234,1,gather-scatter,0,,0.5,0,,0.5,1,fan-out,0.8,1,gather-scatter,0.8,1,gather-scatter,0.8,1,gather-scatter,0.8,0,,0.5
amlc_01742,HI-Small,1,gather-scatter,1.0,0.9881040582664944,1,gather-scatter,0.99889004,1,gather-scatter,0.99936473,1,gather-scatter,0.9954529447558236,1,gather-scatter,1,gather-scatter,0.6,1,fan-out,0.6,1,bipartite,0.8,1,gather-scatter,0.8,1,gather-scatter,0.8,1,gather-scatter,0.8,1,gather-scatter,0.8
amlc_01743,HI-Small,1,gather-scatter,1.0,0.9857139137582748,1,gather-scatter,0.99792325,1,gather-scatter,0.9996231,1,gather-scatter,0.9944200961853652,1,gather-scatter,1,fan-out,0.6,1,gather-scatter,0.6,1,fan-out,0.6,1,gather-scatter,0.6,1,gather-scatter,0.8,1,gather-scatter,0.8,0,,0.5
amlc_01744,HI-Small,1,gather-scatter,1.0,0.9898774883776482,1,gather-scatter,0.9995365,1,gather-scatter,0.9955505,1,gather-scatter,0.9949881719757974,1,gather-scatter,1,fan-out,0.6,1,scatter-gather,0.8,1,gather-scatter,0.8,1,random,0.8,1,gather-scatter,0.8,0,,0.7,1,gather-scatter,0.8
amlc_01745,HI-Small,1,gather-scatter,1.0,0.9553670474408936,1,gather-scatter,0.9893339,1,gather-scatter,0.99821025,1,gather-scatter,0.9809704088012005,1,gather-scatter,1,fan-out,0.8,0,,0.5,1,random,0.8,0,,0.7,1,scatter-gather,0.8,1,gather-scatter,0.8,0,,0.5
amlc_01746,HI-Small,1,gather-scatter,1.0,0.9690698897333684,1,gather-scatter,0.99875766,1,gather-scatter,0.99887276,1,gather-scatter,0.9889001023601076,1,gather-scatter,1,fan-out,0.6,1,scatter-gather,0.8,0,,0.7,1,gather-scatter,0.6,1,fan-out,0.8,1,gather-scatter,0.8,0,,0.5
amlc_01747,HI-Small,1,gather-scatter,1.0,0.9662574881332484,1,gather-scatter,0.9988858,1,gather-scatter,0.9985134,1,gather-scatter,0.987885566354373,1,gather-scatter,1,gather-scatter,0.8,1,stack,0.8,0,,0.7,1,gather-scatter,0.8,1,fan-out,0.8,1,gather-scatter,0.8,0,,0.5
amlc_01748,HI-Small,1,gather-scatter,1.0,0.991561861767882,1,gather-scatter,0.998696,1,gather-scatter,0.99792516,1,gather-scatter,0.9960610177564998,1,gather-scatter,1,gather-scatter,0.6,1,scatter-gather,0.6,1,fan-out,0.8,1,random,0.8,1,scatter-gather,0.8,1,gather-scatter,0.8,0,,0.5
amlc_01749,HI-Small,0,legit,483.5610098176718,1.4320456364035058e-05,0,bipartite,7.5945777e-06,0,bipartite,0.021420674,0,bipartite,0.0071475298108717,0,bipartite,1,fan-out,0.6,0,,0.5,1,gather-scatter,0.8,1,gather-scatter,0.6,1,gather-scatter,0.8,1,gather-scatter,0.8,1,gather-scatter,0.8
amlc_01750,HI-Small,0,legit,469.33800841514727,0.0027788546709287,0,gather-scatter,0.0019165116,0,gather-scatter,0.050213255,0,gather-scatter,0.0183028737418334,0,gather-scatter,0,,0.5,0,,0.5,1,fan-out,0.8,1,gather-scatter,0.8,1,scatter-gather,0.8,1,fan-out,0.8,0,,0.5
amlc_01751,HI-Small,0,legit,1.0,0.442344006306479,0,bipartite,0.13987327,0,bipartite,0.8777048,1,bipartite,0.486640690567278,0,bipartite,1,gather-scatter,0.6,1,stack,0.8,1,fan-in,0.6,1,gather-scatter,0.6,1,gather-scatter,0.8,1,fan-in,0.8,1,gather-scatter,0.8
amlc_01752,HI-Small,1,legit,1.0,0.0030188574190754,0,gather-scatter,0.0009444951,0,gather-scatter,0.043782186,0,gather-scatter,0.0159151794222971,0,gather-scatter,0,,0.5,0,,0.5,1,fan-out,0.8,0,,0.7,1,fan-out,0.8,0,,0.7,0,,0.5
amlc_01753,HI-Small,0,legit,1.0,0.6896448033911279,0,scatter-gather,0.28809458,0,scatter-gather,0.25899145,0,scatter-gather,0.412243611211985,0,scatter-gather,1,stack,0.8,1,gather-scatter,0.6,1,random,0.8,1,gather-scatter,0.8,1,stack,0.8,1,gather-scatter,0.8,1,gather-scatter,0.8
amlc_01754,HI-Small,0,legit,469.33800841514727,1.343090861273715e-05,0,bipartite,9.037392e-06,0,bipartite,0.00848414,0,stack,0.002835536113159,0,bipartite,1,gather-scatter,0.6,1,fan-out,0.6,1,random,0.8,1,random,0.8,1,gather-scatter,0.8,1,fan-out,0.8,1,bipartite,0.8
amlc_01755,HI-Small,0,legit,469.33800841514727,1.2503378310941888e-05,0,fan-in,4.593175e-06,0,fan-in,0.0041282815,0,bipartite,0.0013817926820712,0,fan-in,1,gather-scatter,0.6,1,gather-scatter,0.6,1,gather-scatter,0.8,1,gather-scatter,0.6,1,gather-scatter,0.8,1,gather-scatter,0.8,1,gather-scatter,0.8
amlc_01756,HI-Small,0,legit,483.5610098176718,0.0002285446243128,0,stack,8.327283e-05,0,stack,0.012926979,0,random,0.0044129321492005,0,stack,1,gather-scatter,0.6,1,fan-out,0.6,0,,0.7,1,gather-scatter,0.6,1,gather-scatter,0.8,1,gather-scatter,0.8,1,gather-scatter,0.8
amlc_01757,HI-Small,0,legit,469.33800841514727,1.2246527501884805e-05,0,bipartite,3.7600973e-06,0,fan-in,0.006262379,0,bipartite,0.0020927952858795,0,bipartite,1,fan-out,0.8,1,fan-out,0.6,1,fan-out,0.8,1,scatter-gather,0.6,1,fan-out,0.8,1,fan-out,0.8,0,,0.5
amlc_01758,HI-Small,0,legit,469.33800841514727,0.0003581160220722,0,bipartite,0.00027606147,0,bipartite,0.18913014,0,bipartite,0.0632547732755366,0,bipartite,1,fan-out,0.6,1,fan-out,0.6,0,,0.7,1,scatter-gather,0.8,1,gather-scatter,0.8,1,stack,0.8,1,fan-out,0.8
amlc_01759,HI-Small,0,legit,469.33800841514727,4.3076108188756055e-05,0,bipartite,1.8891073e-05,0,bipartite,0.008448475,0,bipartite,0.0028368140737659,0,bipartite,1,fan-out,0.6,1,scatter-gather,0.8,1,fan-out,0.8,1,gather-scatter,0.6,1,gather-scatter,0.8,1,gather-scatter,0.8,0,,0.5
amlc_01760,HI-Small,0,legit,483.5610098176718,0.0004753346327383,0,fan-out,0.0007938828,0,fan-out,0.0116571,0,fan-out,0.0043087725412928,0,fan-out,0,,0.5,0,,0.5,0,,0.5,0,,0.5,0,,0.5,0,,0.5,0,,0.5
amlc_01761,HI-Small,0,legit,469.33800841514727,1.320631795024148e-05,0,bipartite,9.089866e-06,0,bipartite,0.005707356,0,bipartite,0.001909884110363,0,bipartite,1,fan-out,0.6,1,stack,0.8,1,fan-out,0.8,1,gather-scatter,0.6,1,fan-out,0.8,1,gather-scatter,0.8,1,fan-out,0.8
amlc_01762,HI-Small,0,legit,469.33800841514727,3.26739435495375e-05,0,bipartite,1.0845848e-05,0,bipartite,0.06127444,0,bipartite,0.0204393196293367,0,bipartite,1,gather-scatter,0.8,1,fan-out,0.6,0,,0.7,0,bipartite,0.7,1,gather-scatter,0.8,1,cycle,0.8,0,,0.5
amlc_01763,HI-Small,0,legit,469.33800841514727,1.212368025747108e-05,0,bipartite,1.2655936e-05,0,fan-out,0.007395883,0,bipartite,0.0024735542357467,0,bipartite,1,fan-out,0.6,1,fan-out,0.6,1,fan-out,0.6,1,gather-scatter,0.6,1,scatter-gather,0.8,1,fan-out,0.8,1,fan-out,0.8
amlc_01764,HI-Small,0,legit,1.0,0.9191614700204978,1,bipartite,0.96140224,1,bipartite,0.31902325,0,bipartite,0.7331956529897733,0,bipartite,1,stack,0.8,1,fan-out,0.6,1,fan-out,0.8,1,gather-scatter,0.8,1,fan-in,0.8,1,gather-scatter,0.8,1,stack,0.8
amlc_01765,HI-Small,0,legit,469.33800841514727,1.5715400410983248e-05,0,bipartite,7.711182e-06,0,stack,0.0020387028,0,stack,0.0006873764721867,0,stack,1,gather-scatter,0.6,1,cycle,0.8,1,gather-scatter,0.8,1,gather-scatter,0.8,1,gather-scatter,0.8,1,gather-scatter,0.8,1,gather-scatter,0.8
amlc_01766,HI-Small,0,legit,469.33800841514727,0.0063496781861405,0,stack,0.0011711244,0,bipartite,0.5582806,0,fan-out,0.1886004632610205,0,fan-out,1,fan-out,0.6,1,fan-out,0.6,1,fan-out,0.8,1,gather-scatter,0.8,1,scatter-gather,0.8,1,gather-scatter,0.8,1,gather-scatter,0.8
amlc_01767,HI-Small,0,legit,469.33800841514727,1.3269162315894396e-05,0,bipartite,6.9637217e-06,0,fan-in,0.007882714,0,bipartite,0.0026343157185259,0,bipartite,1,gather-scatter,0.6,1,gather-scatter,0.8,1,fan-out,0.8,1,gather-scatter,0.6,1,gather-scatter,0.8,1,gather-scatter,0.8,1,gather-scatter,0.8
amlc_01768,HI-Small,0,legit,469.33800841514727,0.0001965039778492,0,bipartite,0.0001553153,0,bipartite,0.10431729,0,bipartite,0.0348897039489352,0,bipartite,1,fan-out,0.6,1,fan-out,0.6,1,fan-out,0.8,1,gather-scatter,0.8,1,fan-out,0.8,1,fan-out,0.8,0,,0.5
amlc_01769,HI-Small,0,legit,469.33800841514727,1.6082869330746203e-05,0,bipartite,1.5365216e-05,0,fan-in,0.04524274,0,bipartite,0.0150913965965437,0,bipartite,1,fan-out,0.6,1,fan-out,0.6,1,fan-out,0.8,1,gather-scatter,0.8,1,fan-out,0.8,1,fan-out,0.8,0,,0.5
amlc_01770,HI-Small,0,legit,469.33800841514727,1.264262380163224e-05,0,bipartite,2.9323987e-06,0,fan-in,0.0478932,0,bipartite,0.0159695916973989,0,bipartite,1,cycle,0.8,1,gather-scatter,0.6,1,fan-out,0.6,1,gather-scatter,0.8,1,gather-scatter,0.8,1,gather-scatter,0.8,1,gather-scatter,0.8
amlc_01771,HI-Small,1,legit,1.0,0.0020601557179205,0,fan-out,0.0015457084,0,fan-out,0.27472413,0,fan-out,0.0927766633245733,0,fan-out,0,,0.5,0,,0.5,1,fan-out,0.8,1,gather-scatter,0.8,1,fan-out,0.8,0,,0.7,0,,0.5
amlc_01772,HI-Small,0,legit,469.33800841514727,1.2469442766028106e-05,0,bipartite,8.780858e-06,0,bipartite,0.0680959,0,bipartite,0.0227057168062289,0,bipartite,1,scatter-gather,0.6,0,,0.5,1,random,0.8,1,random,0.8,1,gather-scatter,0.8,0,,0.7,1,gather-scatter,0.8
amlc_01773,HI-Small,0,legit,469.33800841514727,0.0920208814150129,0,bipartite,0.13612469,0,bipartite,0.19586854,0,bipartite,0.1413380345505487,0,bipartite,1,fan-out,0.6,1,gather-scatter,0.6,1,fan-out,0.8,1,gather-scatter,0.6,1,gather-scatter,0.8,1,gather-scatter,0.8,1,gather-scatter,0.8
amlc_01774,HI-Small,0,legit,469.33800841514727,1.244601126192701e-05,0,bipartite,4.760248e-06,0,bipartite,0.004820526,0,bipartite,0.001612577457036,0,bipartite,1,fan-out,0.6,1,gather-scatter,0.6,1,fan-out,0.8,1,gather-scatter,0.6,1,fan-out,0.8,1,gather-scatter,0.8,1,fan-out,0.8
amlc_01775,HI-Small,0,legit,469.33800841514727,0.0070817677784313,0,bipartite,0.0004887284,0,bipartite,0.045707136,0,bipartite,0.0177592108574252,0,bipartite,1,random,0.8,0,,0.7,1,random,0.8,1,random,0.8,1,legitimate,0.8,0,,0.7,1,stack,0.8
amlc_01776,HI-Small,0,legit,469.33800841514727,9.270267141001806e-05,0,stack,5.0432573e-05,0,stack,0.11896648,0,stack,0.0397032059412416,0,stack,1,fan-out,0.6,0,,0.5,1,random,0.8,1,gather-scatter,0.6,1,gather-scatter,0.8,1,stack,0.8,0,,0.5
amlc_01777,HI-Small,1,legit,1.0,0.0508335036039526,0,bipartite,0.037907563,0,bipartite,0.14444885,0,bipartite,0.0777299711108265,0,bipartite,1,fan-out,0.6,1,fan-out,0.6,1,fan-out,0.8,1,scatter-gather,0.8,1,fan-out,0.8,1,fan-out,0.8,0,,0.5
amlc_01778,HI-Small,0,legit,483.5610098176718,2.669342172455137e-05,0,stack,1.2796913e-05,0,stack,0.02031033,0,bipartite,0.0067832732027974,0,stack,1,fan-out,0.8,1,fan-out,0.6,1,gather-scatter,0.6,1,gather-scatter,0.8,1,scatter-gather,0.8,1,fan-out,0.8,0,,0.5
amlc_01779,HI-Small,0,legit,1.0,0.7276493797246056,0,bipartite,0.56612366,0,bipartite,0.6885373,0,bipartite,0.6607701145789172,0,bipartite,0,cycle,0.7,0,,0.7,1,random,0.8,1,gather-scatter,0.6,0,,0.7,1,gather-scatter,0.8,1,stack,0.8
amlc_01780,HI-Small,0,legit,483.5610098176718,0.000143816792358,0,bipartite,0.00021778121,0,bipartite,0.029721355,0,bipartite,0.0100276510236857,0,bipartite,1,fan-in,0.6,1,fan-in,0.6,1,fan-in,0.8,1,gather-scatter,0.6,1,fan-in,0.8,1,fan-in,0.8,1,fan-in,0.8
amlc_01781,HI-Small,0,legit,1.0,0.7841578079772414,0,bipartite,0.8801414,1,bipartite,0.0037191596,0,bipartite,0.5560061150203537,0,bipartite,0,cycle,0.7,0,cycle,0.7,0,,0.7,1,random,0.8,0,,0.7,0,,0.7,0,,0.7
amlc_01782,HI-Small,0,legit,469.33800841514727,0.0007317578011203,0,fan-out,0.0008553378,0,fan-out,0.0069443793,0,fan-out,0.0028438249777074,0,fan-out,0,,0.5,0,,0.5,0,,0.5,0,,0.5,0,,0.5,0,,0.5,0,,0.5
amlc_01783,HI-Small,0,legit,1.0,0.2430567204244076,0,bipartite,0.040212117,0,bipartite,0.95881367,1,bipartite,0.4140275016190985,0,bipartite,1,fan-in,0.8,1,gather-scatter,0.6,1,scatter-gather,0.8,1,gather-scatter,0.8,1,gather-scatter,0.8,1,bipartite,0.8,1,gather-scatter,0.8
amlc_01784,HI-Small,0,legit,469.33800841514727,3.460237808080675e-05,0,random,2.3096614e-05,0,fan-in,0.23980132,0,bipartite,0.0799530054819262,0,fan-in,1,gather-scatter,0.6,1,scatter-gather,0.8,1,fan-out,0.8,1,gather-scatter,0.8,1,gather-scatter,0.8,1,gather-scatter,0.8,1,gather-scatter,0.8
amlc_01785,HI-Small,0,legit,469.33800841514727,1.7171202204319795e-05,0,bipartite,1.1750316e-05,0,bipartite,0.0045062103,0,stack,0.0015117106163375,0,bipartite,1,fan-out,0.8,1,bipartite,0.8,1,bipartite,0.8,1,bipartite,0.8,1,stack,0.8,1,random,0.8,1,gather-scatter,0.8
amlc_01786,HI-Small,0,legit,469.33800841514727,4.15501980078973e-05,0,stack,1.9690082e-05,0,stack,0.050430723,0,stack,0.0168306542715212,0,stack,1,fan-out,0.6,1,fan-out,0.6,1,random,0.8,1,gather-scatter,0.6,1,fan-out,0.8,1,fan-out,0.8,1,gather-scatter,0.8
amlc_01787,HI-Small,0,legit,483.5610098176718,1.5179245895032338e-05,0,random,5.068534e-05,0,fan-in,0.013716233,0,bipartite,0.0045940325160586,0,fan-in,1,fan-out,0.8,1,fan-out,0.8,1,random,0.8,1,cycle,0.8,1,stack,0.8,1,gather-scatter,0.8,1,gather-scatter,0.8
amlc_01788,HI-Small,0,legit,469.33800841514727,0.0001840081599159,0,stack,4.573917e-05,0,stack,0.007006918,0,stack,0.0024122218029737,0,stack,1,gather-scatter,0.6,1,fan-out,0.6,1,fan-out,0.8,1,gather-scatter,0.8,1,gather-scatter,0.8,1,cycle,0.8,1,gather-scatter,0.8
amlc_01789,HI-Small,0,legit,483.5610098176718,5.749307671170118e-05,0,bipartite,6.358469e-05,0,bipartite,0.032416932,0,bipartite,0.0108460033499071,0,bipartite,0,cycle,0.7,0,,0.7,0,,0.7,0,,0.7,0,,0.7,0,,0.7,0,,0.7
amlc_01790,HI-Small,0,legit,469.33800841514727,0.0036545587050162,0,bipartite,0.0006763361,0,bipartite,0.056470204,0,bipartite,0.02026703298863,0,bipartite,0,,0.7,0,,0.7,0,,0.7,1,fan-in,0.6,0,,0.7,1,random,0.8,0,,0.7
amlc_01791,HI-Small,0,legit,469.33800841514727,1.484036207808752e-05,0,random,2.1614915e-05,0,fan-in,0.006279753,0,scatter-gather,0.0021054027773865,0,fan-in,1,fan-out,0.6,1,fan-out,0.6,1,fan-out,0.6,1,gather-scatter,0.6,1,scatter-gather,0.8,1,gather-scatter,0.8,1,scatter-gather,0.8
amlc_01792,HI-Small,0,legit,469.33800841514727,2.4146609113952675e-05,0,bipartite,2.9490711e-05,0,bipartite,0.0008213098,0,bipartite,0.0002916490416258,0,bipartite,1,fan-out,0.6,1,gather-scatter,0.6,1,fan-out,0.8,1,gather-scatter,0.8,1,fan-out,0.8,1,fan-out,0.8,0,,0.5
amlc_01793,HI-Small,0,legit,1.0,0.8422397987569138,1,fan-in,0.91595554,1,fan-in,0.26180947,0,fan-in,0.6733349368481094,0,fan-in,1,fan-in,0.6,1,fan-in,0.6,1,fan-in,0.6,1,gather-scatter,0.6,1,fan-in,0.8,1,fan-in,0.8,1,fan-in,0.8
amlc_01794,HI-Small,0,legit,1.0,0.5394366000462617,0,bipartite,0.38542524,0,bipartite,0.9730469,1,bipartite,0.6326362462298422,0,bipartite,1,fan-out,0.6,1,fan-out,0.6,1,fan-out,0.8,1,gather-scatter,0.6,1,fan-out,0.8,1,fan-out,0.8,0,,0.5
amlc_01795,HI-Small,0,legit,469.33800841514727,1.4015553322878089e-05,0,bipartite,1.1714378e-05,0,bipartite,0.08695466,0,bipartite,0.0289934635483854,0,bipartite,1,fan-out,0.6,1,fan-out,0.6,1,fan-out,0.6,1,random,0.8,1,fan-out,0.8,1,fan-out,0.8,0,,0.5
amlc_01796,HI-Small,1,legit,1.0,0.0436631777700508,0,stack,0.03401988,0,stack,0.29402974,0,stack,0.1239042667487172,0,stack,1,fan-in,0.8,1,fan-in,0.6,1,gather-scatter,0.8,1,gather-scatter,0.6,1,fan-in,0.8,1,gather-scatter,0.8,1,fan-in,0.8
amlc_01797,HI-Small,0,legit,1.0,0.8926584129140098,1,bipartite,0.920512,1,bipartite,0.027582953,0,bipartite,0.6135844620848802,0,bipartite,0,,0.7,0,,0.7,0,,0.7,1,bipartite,0.8,0,,0.7,0,,0.7,0,,0.7
amlc_01798,HI-Small,0,legit,483.5610098176718,3.333925025691076e-05,0,bipartite,9.291614e-06,0,bipartite,0.038494907,0,stack,0.0128458460613785,0,bipartite,1,fan-out,0.6,1,scatter-gather,0.6,1,fan-out,0.8,1,gather-scatter,0.8,1,gather-scatter,0.8,1,gather-scatter,0.8,0,,0.5
amlc_01799,HI-Small,0,legit,469.33800841514727,6.895346521980612e-05,0,bipartite,1.075975e-05,0,stack,0.07006248,0,bipartite,0.0233807313606377,0,bipartite,1,gather-scatter,0.6,0,,0.5,1,fan-out,0.6,1,bipartite,0.8,1,scatter-gather,0.8,1,gather-scatter,0.8,0,,0.5
amlc_01800,HI-Small,0,legit,469.33800841514727,0.0214801992598345,0,gather-scatter,0.06855287,0,gather-scatter,0.103438154,0,gather-scatter,0.0644904065669633,0,gather-scatter,0,,0.5,0,,0.5,1,fan-out,0.6,1,cycle,0.8,1,scatter-gather,0.8,1,fan-out,0.8,0,,0.5
amlc_01801,HI-Small,0,legit,483.5610098176718,3.17125906809858e-05,0,stack,1.1888948e-05,0,stack,0.019513983,0,stack,0.0065191949395134,0,stack,1,fan-out,0.6,1,fan-out,0.6,1,gather-scatter,0.8,1,gather-scatter,0.6,1,scatter-gather,0.8,1,gather-scatter,0.8,0,,0.5
amlc_01802,HI-Small,0,legit,469.33800841514727,0.0023904301879599,0,gather-scatter,0.004577248,0,gather-scatter,0.0650792,0,gather-scatter,0.0240156251223648,0,gather-scatter,0,,0.5,0,,0.5,0,,0.5,0,,0.5,0,,0.5,0,,0.5,0,,0.5
amlc_01803,HI-Small,0,legit,469.33800841514727,0.0013028187683522,0,bipartite,0.0028330362,0,bipartite,0.048390932,0,bipartite,0.0175089291298985,0,bipartite,1,fan-out,0.8,1,scatter-gather,0.6,1,scatter-gather,0.8,1,gather-scatter,0.8,1,scatter-gather,0.8,1,gather-scatter,0.8,0,,0.5
amlc_01804,HI-Small,0,legit,1.0,0.5318374462781839,0,fan-in,0.5970766,0,fan-in,0.2339497,0,fan-in,0.4542879156887032,0,fan-in,1,fan-out,0.6,1,fan-out,0.6,0,,0.7,1,fan-out,0.6,1,fan-out,0.8,1,fan-out,0.8,0,,0.5
amlc_01805,HI-Small,0,legit,483.5610098176718,4.3172907705302665e-05,0,stack,3.2541175e-05,0,stack,0.027067255,0,stack,0.0090476564370652,0,stack,1,fan-out,0.6,0,,0.7,1,random,0.8,1,gather-scatter,0.8,1,gather-scatter,0.8,1,gather-scatter,0.8,1,gather-scatter,0.8
amlc_01806,HI-Small,1,legit,1.0,0.087052785911065,0,bipartite,0.20731643,0,bipartite,0.30659878,0,bipartite,0.2003226656244535,0,bipartite,1,fan-in,0.6,1,gather-scatter,0.6,1,fan-in,0.6,1,gather-scatter,0.6,1,fan-in,0.8,1,gather-scatter,0.8,1,fan-in,0.8
amlc_01807,HI-Small,0,legit,483.5610098176718,1.3163231912069332e-05,0,stack,1.2061804e-05,0,stack,0.019152347,0,stack,0.0063925240115308,0,stack,1,gather-scatter,0.6,1,fan-out,0.8,0,bipartite,0.7,1,bipartite,0.8,1,gather-scatter,0.8,1,gather-scatter,0.8,0,,0.5
amlc_01808,HI-Small,0,legit,483.5610098176718,1.3153699037055152e-05,0,bipartite,4.6891296e-06,0,bipartite,0.03842543,0,stack,0.0128144244946996,0,bipartite,1,gather-scatter,0.8,1,gather-scatter,0.6,1,fan-out,0.8,1,gather-scatter,0.6,1,gather-scatter,0.8,1,gather-scatter,0.8,0,,0.5
amlc_01809,HI-Small,0,legit,469.33800841514727,2.753295120778289e-05,0,stack,9.845161e-06,0,stack,0.0029959439,0,stack,0.0010111073318815,0,stack,1,fan-in,0.6,1,fan-in,0.8,1,random,0.8,1,fan-in,0.6,1,fan-in,0.8,1,random,0.8,1,fan-in,0.8
amlc_01810,HI-Small,0,legit,469.33800841514727,1.177698806702536e-05,0,bipartite,5.9678887e-06,0,bipartite,0.0045900876,0,bipartite,0.0015359441489999,0,bipartite,1,fan-out,0.6,1,fan-out,0.6,1,fan-out,0.6,1,gather-scatter,0.6,1,gather-scatter,0.8,1,stack,0.8,1,fan-out,0.8
amlc_01811,HI-Small,0,legit,483.5610098176718,4.002753338804702e-05,0,random,6.0406455e-05,0,stack,0.011996682,0,random,0.0040323719302224,0,random,1,fan-in,0.6,1,fan-out,0.6,1,random,0.8,1,gather-scatter,0.6,1,gather-scatter,0.8,1,gather-scatter,0.8,1,gather-scatter,0.8
amlc_01812,HI-Small,0,legit,469.33800841514727,1.3228723673019483e-05,0,fan-in,3.570333e-06,0,fan-in,0.0020280948,0,bipartite,0.0006816312980691,0,fan-in,1,fan-out,0.6,1,fan-out,0.6,1,fan-out,0.8,1,gather-scatter,0.8,1,fan-out,0.8,1,fan-out,0.8,0,,0.5
amlc_01813,HI-Small,0,legit,483.5610098176718,5.1799995622657706e-05,0,bipartite,1.8430368e-05,0,stack,0.036540385,0,bipartite,0.0122035385664596,0,bipartite,1,gather-scatter,0.6,1,gather-scatter,0.6,1,gather-scatter,0.8,1,gather-scatter,0.6,1,gather-scatter,0.8,1,gather-scatter,0.8,1,gather-scatter,0.8
amlc_01814,HI-Small,0,legit,469.33800841514727,0.0007068233808728,0,bipartite,0.0007365212,0,bipartite,0.29130968,0,bipartite,0.0975843430345332,0,bipartite,1,fan-out,0.6,1,fan-out,0.6,1,gather-scatter,0.8,1,gather-scatter,0.8,1,scatter-gather,0.8,1,fan-out,0.8,0,,0.5
amlc_01815,HI-Small,0,legit,469.33800841514727,1.6030563032405072e-05,0,bipartite,1.3982333e-05,0,stack,0.0069752955,0,stack,0.0023351027946937,0,stack,1,fan-out,0.6,1,fan-out,0.6,1,fan-out,0.8,1,gather-scatter,0.6,1,fan-out,0.8,1,random,0.8,1,fan-out,0.8
amlc_01816,HI-Small,0,legit,469.33800841514727,1.4919185008877488e-05,0,bipartite,9.21917e-06,0,bipartite,0.009805994,0,bipartite,0.0032767108212265,0,bipartite,1,fan-out,0.6,1,fan-out,0.6,1,fan-out,0.6,1,gather-scatter,0.6,1,fan-out,0.8,0,,0.7,0,,0.5
amlc_01817,HI-Small,0,legit,1.0,0.3954763413750845,0,stack,0.47085252,0,stack,0.61100113,0,stack,0.4924433331119921,0,stack,1,random,0.8,1,fan-out,0.6,1,fan-out,0.8,1,gather-scatter,0.6,1,fan-out,0.8,1,fan-out,0.8,0,,0.5
amlc_01818,HI-Small,1,legit,1.0,0.0168463730494276,0,bipartite,0.0282575,0,bipartite,0.16020578,0,bipartite,0.0684365516298378,0,bipartite,1,fan-out,0.8,1,gather-scatter,0.6,1,fan-out,0.8,1,random,0.8,1,scatter-gather,0.8,1,gather-scatter,0.8,1,stack,0.8
amlc_01819,HI-Small,0,legit,469.33800841514727,3.8011514584070497e-05,0,stack,1.2890165e-05,0,stack,0.053510766,0,stack,0.0178538893852342,0,stack,1,gather-scatter,0.8,1,fan-in,0.8,1,fan-in,0.8,1,gather-scatter,0.8,1,gather-scatter,0.8,1,gather-scatter,0.8,1,gather-scatter,0.8
amlc_01820,HI-Small,0,legit,469.33800841514727,0.0039470243328461,0,bipartite,0.0012096396,0,bipartite,0.04855036,0,bipartite,0.0179023412775008,0,bipartite,1,fan-out,0.6,1,fan-out,0.6,0,,0.7,1,gather-scatter,0.8,1,fan-out,0.8,1,gather-scatter,0.8,1,gather-scatter,0.8
amlc_01821,HI-Small,0,legit,1.0,0.7599979701237156,0,bipartite,0.8113825,1,bipartite,0.21677513,0,bipartite,0.5960518589482133,0,bipartite,0,cycle,0.7,0,,0.7,0,,0.7,1,cycle,0.8,0,,0.7,1,random,0.8,0,,0.7
amlc_01822,HI-Small,0,legit,483.5610098176718,1.318731117500038e-05,0,scatter-gather,1.0073248e-05,0,scatter-gather,0.01677383,0,random,0.0055990299318412,0,scatter-gather,1,fan-out,0.6,1,fan-out,0.6,1,fan-out,0.8,1,gather-scatter,0.6,1,gather-scatter,0.8,1,gather-scatter,0.8,1,gather-scatter,0.8
amlc_01823,HI-Small,1,legit,1.0,0.0033857924269869,0,gather-scatter,0.001455539,0,gather-scatter,0.15317807,0,gather-scatter,0.0526731324882676,0,gather-scatter,0,,0.5,0,,0.5,1,fan-out,0.8,1,gather-scatter,0.8,1,fan-out,0.8,1,fan-out,0.8,0,,0.5
amlc_01824,HI-Small,0,legit,469.33800841514727,7.029567680668993e-05,0,random,6.845086e-05,0,fan-in,0.35059825,0,scatter-gather,0.1169123307997116,0,fan-in,1,fan-out,0.6,1,fan-out,0.6,1,fan-out,0.8,1,gather-scatter,0.6,1,scatter-gather,0.8,0,,0.7,0,,0.5
amlc_01825,HI-Small,0,legit,469.33800841514727,1.2913522396287594e-05,0,bipartite,9.698887e-06,0,fan-in,0.0032691017,0,bipartite,0.0010972380450858,0,bipartite,1,scatter-gather,0.6,1,scatter-gather,0.6,1,scatter-gather,0.8,1,gather-scatter,0.6,1,gather-scatter,0.8,1,gather-scatter,0.8,1,gather-scatter,0.8
amlc_01826,HI-Small,0,legit,469.33800841514727,0.0002537649817533,0,fan-out,0.0006731454,0,fan-in,0.852071,1,scatter-gather,0.2843326325371163,0,fan-out,1,fan-out,0.6,1,fan-out,0.8,1,scatter-gather,0.8,1,gather-scatter,0.6,1,fan-out,0.8,1,gather-scatter,0.8,0,,0.5
amlc_01827,HI-Small,0,legit,469.33800841514727,1.32414112749259e-05,0,bipartite,5.9884132e-06,0,fan-in,0.0032526893,0,bipartite,0.0010906396951713,0,bipartite,1,gather-scatter,0.6,1,gather-scatter,0.8,1,gather-scatter,0.6,1,gather-scatter,0.6,1,scatter-gather,0.8,1,scatter-gather,0.8,1,scatter-gather,0.8
amlc_01828,HI-Small,0,legit,483.5610098176718,1.457175152817246e-05,0,random,1.6286509e-05,0,bipartite,0.017183315,0,bipartite,0.0057380577564624,0,bipartite,1,fan-out,0.6,1,gather-scatter,0.6,1,scatter-gather,0.8,1,gather-scatter,0.6,1,gather-scatter,0.8,1,gather-scatter,0.8,1,gather-scatter,0.8
amlc_01829,HI-Small,0,legit,469.33800841514727,1.3752217066356244e-05,0,random,1.3048045e-05,0,bipartite,0.07105093,0,bipartite,0.0236925757682826,0,bipartite,1,gather-scatter,0.8,1,gather-scatter,0.6,0,cycle,0.7,1,gather-scatter,0.6,1,gather-scatter,0.8,1,gather-scatter,0.8,1,gather-scatter,0.8
amlc_01830,HI-Small,0,legit,469.33800841514727,1.422949169318838e-05,0,bipartite,2.0755206e-05,0,fan-out,0.008889683,0,fan-out,0.0029748890961169,0,fan-out,1,fan-out,0.6,1,fan-out,0.6,1,scatter-gather,0.8,1,gather-scatter,0.8,1,scatter-gather,0.8,1,gather-scatter,0.8,1,gather-scatter,0.8
amlc_01831,HI-Small,0,legit,469.33800841514727,1.70897090847504e-05,0,bipartite,8.689214e-06,0,bipartite,0.20033439,0,bipartite,0.0667867213202207,0,bipartite,1,fan-out,0.6,0,,0.5,1,fan-out,0.8,1,gather-scatter,0.8,1,gather-scatter,0.8,1,gather-scatter,0.8,1,gather-scatter,0.8
amlc_01832,HI-Small,0,legit,469.33800841514727,0.0001036570258044,0,scatter-gather,3.4616736e-05,0,scatter-gather,0.00091327063,0,scatter-gather,0.0003505147982567,0,scatter-gather,1,cycle,0.8,1,cycle,0.8,1,fan-out,0.8,1,gather-scatter,0.8,1,gather-scatter,0.8,1,gather-scatter,0.8,1,gather-scatter,0.8
amlc_01833,HI-Small,0,legit,469.33800841514727,0.0001758756460483,0,bipartite,0.00060416234,0,bipartite,0.04882931,0,bipartite,0.0165364492100927,0,bipartite,1,gather-scatter,0.6,0,,0.7,1,random,0.8,1,gather-scatter,0.6,1,stack,0.8,1,stack,0.8,1,random,0.8
amlc_01834,HI-Small,0,legit,469.33800841514727,8.407652888691591e-05,0,bipartite,5.0227252e-05,0,bipartite,0.14460209,0,bipartite,0.0482454646338538,0,bipartite,1,fan-out,0.6,1,scatter-gather,0.8,1,scatter-gather,0.8,1,gather-scatter,0.6,1,gather-scatter,0.8,1,gather-scatter,0.8,1,gather-scatter,0.8
amlc_01835,HI-Small,0,legit,469.33800841514727,2.8633454991631836e-05,0,bipartite,2.1169899e-05,0,bipartite,0.05961888,0,bipartite,0.019889560821171,0,bipartite,1,scatter-gather,0.6,1,scatter-gather,0.6,1,cycle,0.8,1,gather-scatter,0.6,1,fan-out,0.8,1,gather-scatter,0.8,1,gather-scatter,0.8
amlc_01836,HI-Small,0,legit,1.0,0.8535683158178875,1,bipartite,0.86444294,1,bipartite,0.023827944,0,bipartite,0.5806130680984838,0,bipartite,0,,0.7,0,,0.7,0,,0.7,0,stack,0.7,0,,0.7,0,,0.7,0,,0.7
amlc_01837,HI-Small,0,legit,469.33800841514727,1.4637258976078586e-05,0,random,1.7239792e-05,0,bipartite,0.046439163,0,random,0.0154903468126706,0,random,1,gather-scatter,0.6,1,random,0.8,1,random,0.8,1,gather-scatter,0.8,1,fan-out,0.8,1,scatter-gather,0.8,1,scatter-gather,0.8
amlc_01838,HI-Small,0,legit,469.33800841514727,6.151315563478743e-05,0,bipartite,2.8357055e-05,0,bipartite,0.37419426,0,bipartite,0.1247613782076107,0,bipartite,1,fan-out,0.6,1,gather-scatter,0.6,1,random,0.8,1,gather-scatter,0.8,1,fan-out,0.8,1,scatter-gather,0.8,1,scatter-gather,0.8
amlc_01839,HI-Small,0,legit,469.33800841514727,8.661545977459886e-05,0,bipartite,6.522268e-05,0,bipartite,0.053590387,0,bipartite,0.017914075082192,0,bipartite,1,fan-in,0.8,0,,0.7,1,fan-in,0.8,1,fan-in,0.6,1,fan-in,0.8,1,fan-in,0.8,0,fan-in,0.7
amlc_01840,HI-Small,0,legit,469.33800841514727,1.495859126951691e-05,0,bipartite,8.031598e-06,0,bipartite,0.004601242,0,bipartite,0.0015414107365468,0,bipartite,1,fan-out,0.6,1,scatter-gather,0.8,1,fan-out,0.8,1,gather-scatter,0.8,1,gather-scatter,0.8,1,gather-scatter,0.8,1,gather-scatter,0.8
amlc_01841,HI-Small,1,legit,1.0,0.0094118008202685,0,fan-out,0.0017624417,0,fan-out,0.021440104,0,fan-out,0.0108714487263559,0,fan-out,0,,0.5,0,,0.5,1,fan-out,0.6,1,random,0.8,1,fan-out,0.8,0,,0.7,0,,0.5
amlc_01842,HI-Small,0,legit,483.5610098176718,1.4446672776235216e-05,0,random,1.3844918e-05,0,fan-out,0.02262176,0,fan-out,0.0075500172451029,0,fan-out,1,fan-out,0.6,1,fan-out,0.6,1,fan-out,0.8,1,gather-scatter,0.8,1,fan-out,0.8,1,fan-out,0.8,0,,0.5
amlc_01843,HI-Small,0,legit,469.33800841514727,0.0009270573067696,0,bipartite,0.00074809254,0,bipartite,0.056592315,0,bipartite,0.0194224884278834,0,bipartite,1,fan-out,0.6,1,fan-out,0.6,1,fan-out,0.8,1,gather-scatter,0.8,1,scatter-gather,0.8,1,fan-out,0.8,0,,0.5
amlc_01844,HI-Small,0,legit,469.33800841514727,2.9598089311928665e-05,0,bipartite,8.029909e-06,0,bipartite,0.010279869,0,bipartite,0.0034391655758125,0,bipartite,1,gather-scatter,0.6,1,gather-scatter,0.6,1,gather-scatter,0.8,1,gather-scatter,0.6,1,gather-scatter,0.8,1,gather-scatter,0.8,1,gather-scatter,0.8
amlc_01845,HI-Small,0,legit,483.5610098176718,7.218369773308506e-05,0,stack,1.6560281e-05,0,stack,0.016598757,0,stack,0.005562500445192,0,stack,1,fan-out,0.8,1,fan-out,0.6,1,fan-out,0.8,1,gather-scatter,0.8,1,fan-out,0.8,1,gather-scatter,0.8,0,,0.5
amlc_01846,HI-Small,0,legit,469.33800841514727,1.3945695773069042e-05,0,bipartite,1.8109045e-05,0,stack,0.04924796,0,bipartite,0.0164266720775109,0,bipartite,1,fan-out,0.6,1,gather-scatter,0.6,1,random,0.8,1,gather-scatter,0.8,1,fan-out,0.8,1,fan-out,0.8,1,scatter-gather,0.8
amlc_01847,HI-Small,0,legit,1.0,0.3453022582039874,0,bipartite,0.0839214,0,bipartite,0.8283145,1,bipartite,0.4191793813541744,0,bipartite,1,fan-in,0.6,0,,0.7,1,fan-in,0.8,1,gather-scatter,0.6,1,fan-in,0.8,1,fan-in,0.8,0,,0.7
amlc_01848,HI-Small,0,legit,483.5610098176718,1.5017365909172567e-05,0,bipartite,1.2837476e-05,0,bipartite,0.017415697,0,bipartite,0.0058145171989465,0,bipartite,1,fan-out,0.6,1,scatter-gather,0.6,1,gather-scatter,0.6,1,gather-scatter,0.6,1,gather-scatter,0.8,1,gather-scatter,0.8,1,gather-scatter,0.8
amlc_01849,HI-Small,0,legit,469.33800841514727,3.555358650713206e-05,0,stack,2.1909329e-05,0,stack,0.047748048,0,bipartite,0.0159351702579969,0,stack,1,fan-out,0.6,0,,0.7,1,fan-out,0.6,1,gather-scatter,0.8,1,scatter-gather,0.8,1,gather-scatter,0.8,1,gather-scatter,0.8
amlc_01850,HI-Small,0,legit,469.33800841514727,1.2682041070217609e-05,0,bipartite,7.0313204e-06,0,bipartite,0.0038066413,0,stack,0.0012754515622632,0,bipartite,1,fan-in,0.8,1,fan-in,0.6,1,fan-in,0.6,1,gather-scatter,0.6,1,fan-in,0.8,1,gather-scatter,0.8,1,fan-in,0.8
amlc_01851,HI-Small,0,legit,1.0,0.6655000739742952,0,bipartite,0.36352816,0,bipartite,0.4488066,0,bipartite,0.4926116166329926,0,bipartite,1,fan-in,0.6,1,fan-in,0.6,1,fan-in,0.8,1,gather-scatter,0.6,1,fan-in,0.8,1,fan-in,0.8,1,fan-in,0.8
amlc_01852,HI-Small,0,legit,483.5610098176718,0.0060791663670106,0,bipartite,0.0026275022,0,bipartite,0.028419752,0,bipartite,0.0123754734121615,0,bipartite,1,fan-in,0.6,1,fan-in,0.6,1,fan-in,0.8,1,gather-scatter,0.6,1,fan-in,0.8,1,fan-in,0.8,1,fan-in,0.8
amlc_01853,HI-Small,0,legit,469.33800841514727,5.457849890675566e-05,0,bipartite,9.8491655e-06,0,stack,0.008256031,0,bipartite,0.0027734862882348,0,bipartite,1,fan-out,0.6,1,gather-scatter,0.6,1,fan-out,0.8,1,gather-scatter,0.6,1,gather-scatter,0.8,1,gather-scatter,0.8,1,gather-scatter,0.8
amlc_01854,HI-Small,0,legit,483.5610098176718,0.0023696933223893,0,gather-scatter,0.01607313,0,gather-scatter,0.018505862,0,gather-scatter,0.0123162284587519,0,gather-scatter,0,,0.5,0,,0.5,1,fan-out,0.8,1,gather-scatter,0.8,1,fan-out,0.8,0,,0.7,0,,0.5
amlc_01855,HI-Small,0,legit,469.33800841514727,0.0001565695406407,0,stack,0.00017457179,0,stack,0.3364776,0,fan-out,0.1122695829394585,0,stack,1,fan-out,0.6,0,,0.5,0,cycle,0.7,1,random,0.8,1,fan-out,0.8,1,gather-scatter,0.8,0,,0.7
amlc_01856,HI-Small,0,legit,469.33800841514727,0.0069322336604261,0,bipartite,0.0007966465,0,bipartite,0.13702975,0,bipartite,0.0482528774385775,0,bipartite,1,gather-scatter,0.6,0,,0.7,0,,0.7,1,gather-scatter,0.6,1,fan-in,0.8,1,gather-scatter,0.8,1,gather-scatter,0.8
amlc_01857,HI-Small,1,legit,1.0,0.0006094533295837,0,stack,0.0008231097,0,stack,0.0074841254,0,stack,0.0029722294901343,0,stack,1,fan-out,0.6,1,fan-out,0.6,1,fan-out,0.6,1,gather-scatter,0.8,1,fan-out,0.8,1,fan-out,0.8,0,,0.5
amlc_01858,HI-Small,0,legit,469.33800841514727,0.0001784558061332,0,bipartite,0.0002116315,0,bipartite,0.061089,0,bipartite,0.0204930296343226,0,bipartite,1,fan-out,0.6,1,gather-scatter,0.6,1,scatter-gather,0.6,1,gather-scatter,0.8,1,gather-scatter,0.8,1,random,0.8,1,gather-scatter,0.8
amlc_01859,HI-Small,0,legit,469.33800841514727,1.2776266707663803e-05,0,bipartite,4.129754e-06,0,fan-in,0.0016860459,0,bipartite,0.0005676506402186,0,bipartite,1,fan-in,0.8,1,gather-scatter,0.6,1,gather-scatter,0.8,1,gather-scatter,0.6,1,gather-scatter,0.8,1,gather-scatter,0.8,1,gather-scatter,0.8
amlc_01860,HI-Small,0,legit,469.33800841514727,2.877551074636344e-05,0,bipartite,1.0674963e-05,0,bipartite,0.041519266,0,bipartite,0.0138529053652324,0,bipartite,0,,0.5,0,,0.5,1,fan-out,0.8,1,random,0.8,1,fan-out,0.8,0,,0.7,0,,0.5
amlc_01861,HI-Small,0,legit,469.33800841514727,0.001371810787126,0,bipartite,0.0026940103,0,stack,0.71897256,0,bipartite,0.2410127949332047,0,bipartite,1,fan-out,0.8,1,gather-scatter,0.6,0,,0.7,1,gather-scatter,0.8,1,gather-scatter,0.8,1,gather-scatter,0.8,0,,0.5
amlc_01862,HI-Small,0,legit,469.33800841514727,1.3594208585882716e-05,0,bipartite,9.520969e-06,0,bipartite,0.0033851,0,bipartite,0.0011360717418364,0,bipartite,1,fan-out,0.8,1,gather-scatter,0.8,0,,0.7,1,gather-scatter,0.6,1,scatter-gather,0.8,1,gather-scatter,0.8,0,,0.5
amlc_01863,HI-Small,0,legit,469.33800841514727,4.743991910408606e-05,0,bipartite,9.460755e-05,0,bipartite,0.10708716,0,bipartite,0.0357430683794141,0,bipartite,0,,0.7,0,,0.7,0,,0.7,1,gather-scatter,0.6,1,fan-in,0.8,1,fan-in,0.8,0,fan-in,0.7
amlc_01864,HI-Small,0,legit,469.33800841514727,1.6953401225192734e-05,0,scatter-gather,4.0014238e-05,0,scatter-gather,0.0034259271,0,random,0.0011609649244981,0,scatter-gather,1,fan-out,0.6,1,fan-out,0.6,1,fan-out,0.8,1,scatter-gather,0.6,1,fan-out,0.8,0,,0.7,0,,0.5
amlc_01865,HI-Small,0,legit,469.33800841514727,0.0026968257977154,0,bipartite,0.0017163496,0,bipartite,0.11538775,0,bipartite,0.0399336426910165,0,bipartite,0,,0.7,0,,0.7,0,,0.7,0,,0.7,0,,0.7,0,,0.7,0,,0.7
amlc_01866,HI-Small,1,legit,1.0,0.000574605448,0,fan-out,0.0008620316,0,fan-out,0.005277758,0,fan-out,0.0022381316798478,0,fan-out,0,,0.5,0,,0.5,1,fan-out,0.8,0,,0.7,1,fan-out,0.8,1,fan-out,0.8,0,,0.5
amlc_01867,HI-Small,0,legit,469.33800841514727,0.0001923462077819,0,bipartite,0.00016037132,0,bipartite,0.12401853,0,bipartite,0.0414570816974491,0,bipartite,1,fan-out,0.6,1,gather-scatter,0.8,1,gather-scatter,0.8,1,gather-scatter,0.8,1,gather-scatter,0.8,1,gather-scatter,0.8,1,gather-scatter,0.8
amlc_01868,HI-Small,0,legit,469.33800841514727,3.9632567538308256e-05,0,stack,1.5946154e-05,0,stack,0.042146318,0,stack,0.014067298794194,0,stack,1,fan-out,0.6,1,gather-scatter,0.6,1,gather-scatter,0.6,1,gather-scatter,0.8,1,gather-scatter,0.8,1,stack,0.8,1,gather-scatter,0.8
amlc_01869,HI-Small,0,legit,469.33800841514727,1.3988676298288768e-05,0,random,1.6636683e-05,0,stack,0.04937565,0,random,0.0164687583001817,0,random,1,fan-out,0.6,1,gather-scatter,0.6,1,fan-out,0.8,1,gather-scatter,0.6,1,fan-out,0.8,1,scatter-gather,0.8,0,,0.5
amlc_01870,HI-Small,0,legit,483.5610098176718,1.9693160634657983e-05,0,stack,2.0758693e-05,0,bipartite,0.026721105,0,stack,0.0089205189442829,0,stack,1,gather-scatter,0.6,1,fan-out,0.6,1,fan-out,0.6,1,gather-scatter,0.8,1,gather-scatter,0.8,0,,0.7,1,gather-scatter,0.8
amlc_01871,HI-Small,1,legit,1.0,0.0697395394359678,0,bipartite,0.034736086,0,bipartite,0.12203662,0,bipartite,0.0755040820312053,0,bipartite,1,gather-scatter,0.6,1,fan-out,0.6,0,,0.7,1,gather-scatter,0.6,1,scatter-gather,0.8,1,scatter-gather,0.8,1,scatter-gather,0.8
amlc_01872,HI-Small,0,legit,469.33800841514727,1.3182148756195437e-05,0,bipartite,7.1203663e-06,0,fan-in,0.0076639606,0,bipartite,0.0025614210278752,0,bipartite,1,fan-out,0.6,1,scatter-gather,0.6,1,scatter-gather,0.8,1,gather-scatter,0.6,1,scatter-gather,0.8,1,gather-scatter,0.8,1,scatter-gather,0.8
amlc_01873,HI-Small,0,legit,483.5610098176718,0.0003554279559787,0,fan-out,0.000392265,0,fan-out,0.012803887,0,fan-out,0.0045171933265723,0,fan-out,0,,0.5,0,,0.5,1,fan-out,0.8,1,random,0.8,1,fan-out,0.8,0,,0.7,0,,0.5
amlc_01874,HI-Small,0,legit,469.33800841514727,0.0003655280083461,0,bipartite,0.00031109835,0,bipartite,0.15514071,0,bipartite,0.0519391130727109,0,bipartite,1,gather-scatter,0.6,1,fan-out,0.6,1,gather-scatter,0.8,1,gather-scatter,0.8,1,gather-scatter,0.8,1,gather-scatter,0.8,1,gather-scatter,0.8
amlc_01875,HI-Small,0,legit,483.5610098176718,0.0003150448670808,0,bipartite,0.00024897172,0,bipartite,0.012687745,0,bipartite,0.004417253718392,0,bipartite,0,,0.7,0,,0.7,0,,0.7,0,,0.7,0,,0.7,0,,0.7,0,,0.7
amlc_01876,HI-Small,1,legit,1.0,0.0069910127777645,0,fan-out,0.0005625899,0,fan-out,0.11324243,0,fan-out,0.0402653450531587,0,fan-out,0,,0.5,0,,0.5,1,fan-out,0.8,1,gather-scatter,0.8,1,fan-out,0.8,1,fan-out,0.8,0,,0.5
amlc_01877,HI-Small,0,legit,469.33800841514727,0.0001230151543437,0,bipartite,0.00016147694,0,stack,0.061447807,0,fan-out,0.0205774329177661,0,fan-out,1,fan-out,0.6,1,fan-out,0.6,1,fan-out,0.8,1,gather-scatter,0.8,1,bipartite,0.8,1,gather-scatter,0.8,0,,0.5
amlc_01878,HI-Small,0,legit,469.33800841514727,0.0669619442289944,0,bipartite,0.026092505,0,bipartite,0.04420008,0,bipartite,0.0457515102299013,0,bipartite,1,gather-scatter,0.6,1,fan-in,0.6,1,fan-in,0.6,1,gather-scatter,0.6,1,fan-in,0.8,1,gather-scatter,0.8,1,fan-in,0.8
amlc_01879,HI-Small,0,legit,469.33800841514727,1.639897497380265e-05,0,scatter-gather,2.7569205e-05,0,scatter-gather,0.0028765225,0,stack,0.000973496888542,0,scatter-gather,1,random,0.8,1,gather-scatter,0.8,1,bipartite,0.8,1,gather-scatter,0.6,1,gather-scatter,0.8,1,scatter-gather,0.8,1,gather-scatter,0.8
amlc_01880,HI-Small,0,legit,483.5610098176718,1.527000836433768e-05,0,fan-out,7.5010153e-06,0,fan-in,0.020766143,0,bipartite,0.0069296379264575,0,fan-out,1,stack,0.8,1,scatter-gather,0.6,1,gather-scatter,0.6,1,gather-scatter,0.6,1,stack,0.8,1,stack,0.8,1,stack,0.8
amlc_01881,HI-Small,0,legit,483.5610098176718,2.2310605857321345e-05,0,bipartite,1.43133075e-05,0,bipartite,0.013829738,0,bipartite,0.0046221206050064,0,bipartite,1,fan-out,0.6,1,fan-out,0.6,1,fan-out,0.8,1,gather-scatter,0.6,1,fan-out,0.8,1,gather-scatter,0.8,1,fan-out,0.8
amlc_01882,HI-Small,0,legit,469.33800841514727,0.0002101132654831,0,bipartite,0.0006807045,0,bipartite,0.002840514,0,bipartite,0.0012437772707164,0,bipartite,1,fan-in,0.6,1,fan-in,0.6,1,fan-in,0.6,1,gather-scatter,0.6,0,fan-in,0.7,0,fan-in,0.7,0,,0.7
amlc_01883,HI-Small,1,legit,1.0,0.0907417081448105,0,bipartite,0.17980719,0,bipartite,0.7426481,0,bipartite,0.3377323396554479,0,bipartite,1,gather-scatter,0.6,1,fan-in,0.6,1,random,0.8,1,gather-scatter,0.6,1,scatter-gather,0.8,1,gather-scatter,0.8,1,gather-scatter,0.8
amlc_01884,HI-Small,1,fan-in,1.0,0.3409247427048302,0,bipartite,0.7725292,0,bipartite,0.9131382,1,bipartite,0.675530712765522,0,bipartite,1,cycle,0.8,1,cycle,0.8,1,fan-in,0.8,1,gather-scatter,0.6,1,gather-scatter,0.8,1,gather-scatter,0.8,1,cycle,0.8
amlc_01885,HI-Small,0,legit,483.5610098176718,1.2506450831695969e-05,0,fan-in,1.246302e-05,0,fan-in,0.013506459,0,bipartite,0.0045104761808978,0,fan-in,1,gather-scatter,0.6,1,fan-out,0.6,1,fan-out,0.8,1,gather-scatter,0.8,1,scatter-gather,0.8,1,gather-scatter,0.8,1,gather-scatter,0.8
amlc_01886,HI-Small,0,legit,469.33800841514727,5.062073297886731e-05,0,random,3.1567746e-05,0,stack,0.52133703,0,stack,0.1738064069324284,0,stack,1,scatter-gather,0.8,1,scatter-gather,0.6,1,random,0.8,1,gather-scatter,0.8,1,gather-scatter,0.8,1,gather-scatter,0.8,1,bipartite,0.8
amlc_01887,HI-Small,0,legit,483.5610098176718,4.37536851184978e-05,0,stack,2.3186052e-05,0,stack,0.026177723,0,stack,0.0087482208993441,0,stack,1,gather-scatter,0.6,1,gather-scatter,0.6,1,random,0.8,1,gather-scatter,0.8,1,gather-scatter,0.8,1,gather-scatter,0.8,1,gather-scatter,0.8
amlc_01888,HI-Small,0,legit,483.5610098176718,0.006136118264395,0,fan-out,0.006470228,0,fan-out,0.008227395,0,fan-out,0.0069445804126223,0,fan-out,0,,0.5,0,,0.5,1,random,0.8,1,gather-scatter,0.8,1,fan-out,0.8,0,,0.7,0,,0.5
amlc_01889,HI-Small,0,legit,469.33800841514727,4.061763777938387e-05,0,random,1.0808244e-05,0,random,0.0020786182,0,random,0.0007100146792045,0,random,1,fan-out,0.6,1,gather-scatter,0.6,1,gather-scatter,0.8,1,gather-scatter,0.8,1,fan-out,0.8,1,random,0.8,1,fan-out,0.8
amlc_01890,HI-Small,1,legit,1.0,0.0400374433757406,0,fan-in,0.036853492,0,fan-in,0.30241847,0,fan-in,0.1264364686728034,0,fan-in,1,gather-scatter,0.6,1,fan-out,0.8,1,fan-in,0.8,1,gather-scatter,0.6,1,gather-scatter,0.8,1,gather-scatter,0.8,1,gather-scatter,0.8
amlc_01891,HI-Small,0,legit,483.5610098176718,2.9639876010403836e-05,0,bipartite,1.1661788e-05,0,bipartite,0.01575746,0,bipartite,0.0052662539372005,0,bipartite,1,gather-scatter,0.6,1,fan-out,0.6,1,fan-out,0.8,1,gather-scatter,0.6,1,gather-scatter,0.8,1,gather-scatter,0.8,1,gather-scatter,0.8
amlc_01892,HI-Small,1,legit,1.0,0.0039083753864353,0,gather-scatter,0.0019771883,0,gather-scatter,0.05652056,0,gather-scatter,0.0208020408533227,0,gather-scatter,0,,0.5,0,,0.5,0,,0.5,0,,0.5,0,,0.5,0,,0.5,0,,0.5
amlc_01893,HI-Small,0,legit,469.33800841514727,6.07278690013893e-05,0,scatter-gather,2.3089344e-05,0,scatter-gather,0.08088744,0,scatter-gather,0.0269904180265248,0,scatter-gather,1,fan-out,0.6,1,gather-scatter,0.6,1,fan-out,0.6,1,gather-scatter,0.8,1,gather-scatter,0.8,1,gather-scatter,0.8,1,gather-scatter,0.8
amlc_01894,HI-Small,0,legit,1.0,0.7524199014776134,0,bipartite,0.6238573,0,bipartite,0.22961178,0,bipartite,0.5352963350174554,0,bipartite,0,random,0.7,0,,0.7,0,,0.7,0,,0.7,0,,0.7,0,,0.7,0,,0.7
amlc_01895,HI-Small,0,legit,1.0,0.4121684058123402,0,stack,0.6174232,0,stack,0.88406813,1,stack,0.6378865713415401,0,stack,1,scatter-gather,0.6,1,fan-out,0.8,1,fan-out,0.6,1,gather-scatter,0.8,1,gather-scatter,0.8,1,gather-scatter,0.8,1,gather-scatter,0.8
amlc_01896,HI-Small,1,legit,1.0,0.1225649409004016,0,bipartite,0.047175545,0,bipartite,0.20230958,0,bipartite,0.1240166882676536,0,bipartite,1,cycle,0.8,0,,0.5,1,random,0.8,1,gather-scatter,0.8,1,stack,0.8,1,random,0.8,1,random,0.8
amlc_01897,HI-Small,1,legit,1.0,0.0021462393348879,0,gather-scatter,0.0011266057,0,gather-scatter,0.055081867,0,gather-scatter,0.0194515705615229,0,gather-scatter,0,,0.5,0,,0.5,0,,0.5,0,,0.5,0,,0.5,0,,0.5,0,,0.5
amlc_01898,HI-Small,0,legit,469.33800841514727,1.5026905540616783e-05,0,stack,8.585541e-06,0,stack,0.0073910453,0,bipartite,0.002471552594025,0,stack,1,gather-scatter,0.6,1,fan-out,0.8,1,fan-in,0.6,1,gather-scatter,0.6,1,gather-scatter,0.8,1,random,0.8,1,fan-out,0.8
amlc_01899,HI-Small,0,legit,1.0,0.8267101247205734,1,stack,0.8035704,1,stack,0.43253937,0,stack,0.6876066293681462,0,stack,1,gather-scatter,0.6,0,,0.5,1,fan-out,0.8,1,gather-scatter,0.6,1,fan-out,0.8,1,gather-scatter,0.8,1,fan-out,0.8
amlc_01900,HI-Small,0,legit,483.5610098176718,1.5513424311335296e-05,0,bipartite,1.0036662e-05,0,bipartite,0.013671192,0,bipartite,0.0045655808090841,0,bipartite,1,gather-scatter,0.6,1,fan-in,0.8,1,gather-scatter,0.8,1,gather-scatter,0.6,1,gather-scatter,0.8,1,gather-scatter,0.8,1,gather-scatter,0.8
amlc_01901,HI-Small,0,legit,483.5610098176718,0.0001751690347467,0,bipartite,0.00036876183,0,bipartite,0.024472088,0,bipartite,0.0083386728288224,0,bipartite,1,fan-in,0.6,1,gather-scatter,0.6,1,fan-out,0.8,1,gather-scatter,0.6,0,,0.7,1,gather-scatter,0.8,1,gather-scatter,0.8
amlc_01902,HI-Small,0,legit,483.5610098176718,0.0047464785901073,0,fan-out,0.0022107856,0,fan-out,0.007782233,0,fan-out,0.0049131657241902,0,fan-out,0,,0.5,0,,0.5,1,fan-out,0.8,1,gather-scatter,0.6,1,fan-out,0.8,0,,0.7,0,,0.5
amlc_01903,HI-Small,0,legit,469.33800841514727,4.296192367947833e-05,0,stack,1.6594311e-05,0,stack,0.011932,0,stack,0.0039971852737645,0,stack,1,cycle,0.8,0,,0.7,1,random,0.8,1,gather-scatter,0.6,1,gather-scatter,0.8,1,stack,0.8,1,gather-scatter,0.8
amlc_01904,HI-Small,0,legit,469.33800841514727,1.4688604405009012e-05,0,bipartite,5.158023e-06,0,stack,0.005310748,0,bipartite,0.0017768648000247,0,bipartite,1,fan-out,0.6,1,gather-scatter,0.8,1,fan-out,0.6,1,scatter-gather,0.6,1,fan-out,0.8,0,,0.7,0,,0.5
amlc_01905,HI-Small,0,legit,483.5610098176718,3.450812773550565e-05,0,stack,1.0655574e-05,0,stack,0.014961956,0,stack,0.005002373257017,0,stack,1,fan-out,0.6,1,fan-out,0.8,1,gather-scatter,0.8,1,gather-scatter,0.8,1,fan-out,0.8,0,,0.7,0,,0.5
amlc_01906,HI-Small,0,legit,469.33800841514727,1.423771729127541e-05,0,bipartite,2.848703e-05,0,bipartite,0.069788225,0,bipartite,0.0232769832472558,0,bipartite,1,fan-out,0.6,1,fan-out,0.6,1,fan-out,0.8,1,gather-scatter,0.8,1,fan-out,0.8,0,,0.7,0,,0.5
amlc_01907,HI-Small,1,legit,1.0,0.0185022761423413,0,fan-in,0.05490408,0,fan-in,0.45531043,0,fan-in,0.1762389303909084,0,fan-in,1,fan-in,0.6,0,,0.5,1,gather-scatter,0.8,1,gather-scatter,0.8,1,gather-scatter,0.8,1,gather-scatter,0.8,1,gather-scatter,0.8
amlc_01908,HI-Small,0,legit,1.0,0.7520521853700319,0,bipartite,0.6708333,0,bipartite,0.8981079,1,bipartite,0.7736644537692282,0,bipartite,1,fan-out,0.6,1,fan-out,0.6,1,random,0.8,1,gather-scatter,0.6,1,fan-out,0.8,1,fan-out,0.8,1,scatter-gather,0.8
amlc_01909,HI-Small,0,legit,483.5610098176718,5.241332218510463e-05,0,fan-in,3.4598794e-05,0,fan-in,0.020011967,0,fan-in,0.0066996597213173,0,fan-in,1,fan-out,0.6,0,,0.5,1,fan-out,0.8,1,gather-scatter,0.8,1,fan-out,0.8,1,fan-out,0.8,0,,0.5
amlc_01910,HI-Small,0,legit,1.0,0.8440408836150167,1,bipartite,0.7454641,0,bipartite,0.2384361,0,bipartite,0.6093136910049121,0,bipartite,1,fan-in,0.6,1,fan-in,0.6,1,fan-in,0.8,1,gather-scatter,0.6,1,fan-in,0.8,1,fan-in,0.8,1,fan-in,0.8
amlc_01911,HI-Small,0,legit,1.0,0.2624540703459265,0,stack,0.30975428,0,stack,0.70255435,0,stack,0.4249208992376487,0,stack,1,fan-out,0.6,1,fan-out,0.8,1,scatter-gather,0.8,1,gather-scatter,0.8,1,fan-out,0.8,1,scatter-gather,0.8,1,fan-out,0.8
amlc_01912,HI-Small,1,legit,1.0,0.0302268171939469,0,fan-in,0.019717518,0,fan-in,0.8665826,1,fan-in,0.3055089692981116,0,fan-in,1,fan-in,0.6,1,fan-in,0.6,1,fan-in,0.6,1,gather-scatter,0.8,1,fan-in,0.8,1,fan-in,0.8,1,fan-in,0.8
amlc_01913,HI-Small,0,legit,1.0,0.6339320320900692,0,fan-in,0.7079524,0,fan-in,0.33645472,0,fan-in,0.5594463771918222,0,fan-in,1,gather-scatter,0.6,1,gather-scatter,0.6,1,scatter-gather,0.8,1,gather-scatter,0.6,1,scatter-gather,0.8,1,gather-scatter,0.8,1,gather-scatter,0.8
amlc_01914,HI-Small,1,legit,1.0,0.0016166805629118,0,fan-out,0.0024578746,0,fan-out,0.29314265,0,fan-out,0.0990724005694334,0,fan-out,0,,0.5,0,,0.5,0,,0.5,0,,0.5,1,fan-out,0.8,0,,0.7,0,,0.5
amlc_01915,HI-Small,0,legit,483.5610098176718,1.6102117120124697e-05,0,stack,1.2542859e-05,0,stack,0.034400586,0,bipartite,0.0114764103382201,0,stack,1,fan-out,0.6,1,gather-scatter,0.8,1,scatter-gather,0.8,1,random,0.8,1,gather-scatter,0.8,1,gather-scatter,0.8,0,,0.5
amlc_01916,HI-Small,0,legit,469.33800841514727,1.2509676628406894e-05,0,random,1.5419635e-05,0,fan-in,0.00674939,0,bipartite,0.00225910649015,0,fan-in,1,gather-scatter,0.6,0,,0.5,1,fan-out,0.8,1,gather-scatter,0.6,1,fan-out,0.8,1,gather-scatter,0.8,1,gather-scatter,0.8
amlc_01917,HI-Small,0,legit,483.5610098176718,1.5887525496239106e-05,0,bipartite,1.5249299e-05,0,bipartite,0.026407514,0,bipartite,0.0088128835307906,0,bipartite,1,gather-scatter,0.6,1,gather-scatter,0.8,1,fan-out,0.6,1,gather-scatter,0.6,1,gather-scatter,0.8,1,gather-scatter,0.8,0,,0.5
amlc_01918,HI-Small,0,legit,469.33800841514727,3.931374461287785e-05,0,stack,5.542703e-05,0,bipartite,0.04168942,0,bipartite,0.0139280530103052,0,bipartite,1,scatter-gather,0.6,1,fan-out,0.8,1,fan-out,0.8,1,gather-scatter,0.8,1,gather-scatter,0.8,0,,0.7,1,gather-scatter,0.8
amlc_01919,HI-Small,0,legit,469.33800841514727,5.827036333450862e-05,0,bipartite,2.1059353e-05,0,bipartite,0.10065508,0,bipartite,0.0335781362015771,0,bipartite,1,fan-in,0.6,1,gather-scatter,0.6,1,bipartite,0.8,1,gather-scatter,0.6,1,gather-scatter,0.8,1,gather-scatter,0.8,1,gather-scatter,0.8
amlc_01920,HI-Small,0,legit,469.33800841514727,5.6483699992105845e-05,0,bipartite,2.2317126e-05,0,bipartite,0.050370328,0,bipartite,0.0168163763182507,0,bipartite,1,fan-out,0.6,1,fan-out,0.8,1,fan-out,0.6,1,cycle,0.8,1,scatter-gather,0.8,1,fan-out,0.8,1,scatter-gather,0.8
amlc_01921,HI-Small,0,legit,483.5610098176718,0.0010089749940525,0,bipartite,0.00056306843,0,bipartite,0.02265913,0,bipartite,0.0080770579401044,0,bipartite,1,fan-out,0.8,1,fan-out,0.6,1,fan-out,0.8,1,random,0.8,1,scatter-gather,0.8,1,gather-scatter,0.8,1,gather-scatter,0.8
amlc_01922,HI-Small,0,legit,1.0,0.8586037066798555,1,stack,0.82535505,1,stack,0.9017626,1,stack,0.8619071214470978,1,stack,1,fan-out,0.8,1,fan-out,0.6,1,fan-out,0.8,1,gather-scatter,0.8,1,scatter-gather,0.8,1,gather-scatter,0.8,0,,0.5
amlc_01923,HI-Small,0,legit,483.5610098176718,9.994023851827355e-05,0,bipartite,8.765051e-05,0,bipartite,0.014379856,0,bipartite,0.0048558156408439,0,bipartite,0,cycle,0.7,0,,0.7,0,,0.7,1,gather-scatter,0.6,0,,0.7,0,,0.7,0,,0.7
amlc_01924,HI-Small,0,legit,469.33800841514727,1.318604964925312e-05,0,bipartite,6.152347e-06,0,bipartite,0.004631421,0,stack,0.0015502531532286,0,bipartite,1,fan-in,0.6,1,fan-in,0.6,1,fan-in,0.6,1,gather-scatter,0.6,1,fan-in,0.8,1,gather-scatter,0.8,1,fan-in,0.8
amlc_01925,HI-Small,0,legit,483.5610098176718,0.0001154799090516,0,bipartite,7.2369534e-05,0,bipartite,0.030353133,0,bipartite,0.0101803273594295,0,bipartite,1,gather-scatter,0.8,1,cycle,0.8,1,gather-scatter,0.8,1,gather-scatter,0.6,1,gather-scatter,0.8,1,gather-scatter,0.8,1,gather-scatter,0.8
amlc_01926,HI-Small,0,legit,469.33800841514727,1.6242315512538457e-05,0,bipartite,7.0188385e-06,0,bipartite,0.009904976,0,stack,0.0033094123856147,0,bipartite,1,random,0.8,1,fan-out,0.6,1,scatter-gather,0.8,1,bipartite,0.8,1,scatter-gather,0.8,1,gather-scatter,0.8,1,fan-out,0.8
amlc_01927,HI-Small,0,legit,469.33800841514727,5.140036587446623e-05,0,bipartite,5.2723404e-05,0,bipartite,0.0067524696,0,bipartite,0.0022855311156645,0,bipartite,0,,0.7,0,cycle,0.7,0,,0.7,0,,0.7,0,,0.7,1,legitimate,0.8,0,,0.7
amlc_01928,HI-Small,0,legit,469.33800841514727,0.0034551308538415,0,gather-scatter,0.002843969,0,gather-scatter,0.04504161,0,gather-scatter,0.0171135698150727,0,gather-scatter,0,,0.5,0,,0.5,0,fan-out,0.7,1,gather-scatter,0.8,1,fan-out,0.8,0,,0.7,0,,0.5
amlc_01929,HI-Small,0,legit,483.5610098176718,5.468106465282783e-05,0,bipartite,4.2330106e-05,0,stack,0.015185483,0,bipartite,0.0050941646569617,0,bipartite,1,fan-out,0.8,0,,0.5,1,gather-scatter,0.8,1,gather-scatter,0.8,1,scatter-gather,0.8,1,gather-scatter,0.8,0,,0.5
amlc_01930,HI-Small,0,legit,1.0,0.8208852081092832,1,bipartite,0.7656783,0,bipartite,0.42457676,0,bipartite,0.6703800846666971,0,bipartite,0,,0.7,0,,0.7,1,gather-scatter,0.6,0,stack,0.7,1,gather-scatter,0.8,1,gather-scatter,0.8,0,,0.7
amlc_01931,HI-Small,0,legit,483.5610098176718,0.0030170308861294,0,stack,0.0065218643,0,stack,0.0124254655,0,cycle,0.0073214535746527,0,stack,1,fan-out,0.6,1,gather-scatter,0.6,1,scatter-gather,0.8,1,fan-out,0.6,1,fan-out,0.8,1,gather-scatter,0.8,1,gather-scatter,0.8
amlc_01932,HI-Small,0,legit,469.33800841514727,1.250780220268609e-05,0,bipartite,3.1762768e-06,0,fan-in,0.0022617325,0,bipartite,0.0007591388503623,0,bipartite,1,fan-in,0.6,1,random,0.8,1,random,0.8,1,random,0.8,1,fan-in,0.8,1,random,0.8,1,fan-in,0.8
amlc_01933,HI-Small,0,legit,469.33800841514727,1.4482625420720315e-05,0,random,5.3096073e-06,0,fan-in,0.002906351,0,random,0.0009753810391129,0,random,1,stack,0.8,1,gather-scatter,0.6,1,random,0.8,1,gather-scatter,0.6,1,gather-scatter,0.8,1,gather-scatter,0.8,1,bipartite,0.8
amlc_01934,HI-Small,1,legit,1.0,0.0113635317472558,0,bipartite,0.008831163,0,bipartite,0.13173535,0,bipartite,0.0506433497820609,0,bipartite,1,stack,0.8,1,stack,0.8,1,random,0.8,1,gather-scatter,0.8,1,gather-scatter,0.8,1,gather-scatter,0.8,1,stack,0.8
amlc_01935,HI-Small,0,legit,483.5610098176718,1.2173400983133462e-05,0,bipartite,1.0285325e-05,0,fan-in,0.015296009,0,stack,0.0051061560315946,0,fan-in,1,fan-out,0.6,1,fan-out,0.8,1,gather-scatter,0.8,1,fan-out,0.8,1,fan-out,0.8,1,fan-out,0.8,0,,0.5
amlc_01936,HI-Small,1,fan-in,1.0,0.1589192545036127,0,bipartite,0.16299011,0,bipartite,0.937998,1,bipartite,0.4199691198143578,0,bipartite,1,fan-out,0.6,1,gather-scatter,0.6,1,fan-out,0.8,1,gather-scatter,0.8,1,fan-out,0.8,0,,0.7,0,,0.5
amlc_01937,HI-Small,0,legit,469.33800841514727,3.350529968106391e-05,0,bipartite,1.1031361e-05,0,bipartite,0.045675013,0,bipartite,0.0152398499584376,0,bipartite,1,fan-out,0.6,1,gather-scatter,0.6,1,fan-out,0.8,1,gather-scatter,0.8,1,fan-out,0.8,1,fan-out,0.8,0,,0.5
amlc_01938,HI-Small,0,legit,1.0,0.8622193443783586,1,bipartite,0.85313714,1,bipartite,0.09838964,0,bipartite,0.6045820401115042,0,bipartite,1,fan-out,0.6,1,fan-out,0.8,1,fan-out,0.8,1,gather-scatter,0.6,1,fan-out,0.8,0,,0.7,0,,0.5
amlc_01939,HI-Small,0,legit,1.0,0.7391191608786128,0,bipartite,0.6055674,0,bipartite,0.15090497,0,bipartite,0.498530508315548,0,bipartite,1,fan-out,0.6,0,,0.7,1,fan-out,0.6,1,gather-scatter,0.6,1,gather-scatter,0.8,1,gather-scatter,0.8,1,gather-scatter,0.8
amlc_01940,HI-Small,0,legit,483.5610098176718,4.718923188585953e-05,0,stack,1.5495758e-05,0,stack,0.018430838,0,stack,0.0061645077837251,0,stack,1,gather-scatter,0.8,1,gather-scatter,0.6,0,,0.7,1,gather-scatter,0.6,1,gather-scatter,0.8,1,gather-scatter,0.8,1,gather-scatter,0.8
amlc_01941,HI-Small,0,legit,1.0,0.904697058598846,1,bipartite,0.97033644,1,bipartite,0.14405246,0,bipartite,0.6730286522046228,0,bipartite,1,random,0.8,0,,0.7,1,random,0.8,1,random,0.8,1,fan-in,0.8,1,fan-in,0.8,0,,0.7
amlc_01942,HI-Small,0,legit,483.5610098176718,3.5821801312469654e-05,0,bipartite,1.2346357e-05,0,stack,0.023000518,0,bipartite,0.0076828953394309,0,bipartite,1,fan-out,0.6,1,fan-out,0.6,0,,0.7,1,random,0.8,1,fan-out,0.8,1,fan-out,0.8,0,,0.5
amlc_01943,HI-Small,0,legit,469.33800841514727,2.1875562350547296e-05,0,bipartite,1.865698e-05,0,bipartite,0.0110722175,0,stack,0.0037042500095802,0,bipartite,1,gather-scatter,0.8,0,,0.5,1,fan-out,0.8,1,gather-scatter,0.6,1,gather-scatter,0.8,1,gather-scatter,0.8,1,gather-scatter,0.8
amlc_01944,HI-Small,0,legit,483.5610098176718,1.268044325133597e-05,0,bipartite,8.199007e-06,0,fan-in,0.031605653,0,bipartite,0.0105421776384901,0,bipartite,1,fan-out,0.6,1,gather-scatter,0.6,1,scatter-gather,0.8,1,gather-scatter,0.8,1,fan-out,0.8,1,scatter-gather,0.8,0,,0.5
amlc_01945,HI-Small,0,legit,469.33800841514727,1.7421048977445114e-05,0,random,4.3945434e-05,0,scatter-gather,0.0042635817,0,random,0.0014416493971168,0,random,1,gather-scatter,0.8,0,,0.5,1,gather-scatter,0.8,1,gather-scatter,0.8,1,scatter-gather,0.8,1,scatter-gather,0.8,1,gather-scatter,0.8
amlc_01946,HI-Small,0,legit,1.0,0.7527820584591303,0,stack,0.46306854,0,stack,0.07439473,0,stack,0.4300817786791613,0,stack,1,scatter-gather,0.6,1,fan-in,0.8,1,scatter-gather,0.8,1,gather-scatter,0.6,1,gather-scatter,0.8,1,gather-scatter,0.8,1,gather-scatter,0.8
amlc_01947,HI-Small,0,legit,469.33800841514727,0.0001172129361927,0,stack,5.9629478e-05,0,stack,0.04853193,0,bipartite,0.016236257769157,0,stack,1,scatter-gather,0.8,0,,0.5,1,gather-scatter,0.8,1,gather-scatter,0.6,1,scatter-gather,0.8,1,gather-scatter,0.8,1,scatter-gather,0.8
amlc_01948,HI-Small,0,legit,469.33800841514727,1.7265349207593846e-05,0,scatter-gather,4.6461577e-05,0,scatter-gather,0.0013378612,0,scatter-gather,0.0004671960342152,0,scatter-gather,1,random,0.8,1,gather-scatter,0.6,1,gather-scatter,0.8,1,gather-scatter,0.6,1,gather-scatter,0.8,1,gather-scatter,0.8,0,,0.5
amlc_01949,HI-Small,0,legit,469.33800841514727,0.0010583788593262,0,cycle,0.00028976204,0,cycle,0.7322615,0,cycle,0.2445365399345432,0,cycle,1,scatter-gather,0.6,1,gather-scatter,0.8,1,fan-out,0.8,1,gather-scatter,0.6,1,fan-out,0.8,1,gather-scatter,0.8,1,scatter-gather,0.8
amlc_01950,HI-Small,1,legit,1.0,0.0066032097014829,0,bipartite,0.004990752,0,stack,0.3893723,0,random,0.1336554169124379,0,stack,1,fan-out,0.8,1,gather-scatter,0.6,1,gather-scatter,0.8,1,gather-scatter,0.6,1,gather-scatter,0.8,1,gather-scatter,0.8,1,gather-scatter,0.8
amlc_01951,HI-Small,0,legit,1.0,0.8171159536563313,1,bipartite,0.8096118,1,bipartite,0.20459625,0,bipartite,0.6104413340794694,0,bipartite,0,,0.7,0,cycle,0.7,0,,0.7,0,,0.7,0,,0.7,0,,0.7,0,,0.7
amlc_01952,HI-Small,0,legit,483.5610098176718,0.0003517275446386,0,bipartite,0.00042221657,0,bipartite,0.034246914,0,bipartite,0.0116736194022873,0,bipartite,1,gather-scatter,0.6,1,gather-scatter,0.6,1,gather-scatter,0.8,1,gather-scatter,0.6,1,gather-scatter,0.8,1,gather-scatter,0.8,1,gather-scatter,0.8
amlc_01953,HI-Small,0,legit,469.33800841514727,1.3303471118521629e-05,0,stack,9.234784e-06,0,stack,0.007811184,0,bipartite,0.0026112407653225,0,stack,1,fan-out,0.6,1,stack,0.8,1,scatter-gather,0.8,1,gather-scatter,0.8,1,scatter-gather,0.8,1,scatter-gather,0.8,1,stack,0.8
amlc_01954,HI-Small,0,legit,483.5610098176718,0.0003938370492811,0,fan-in,0.00018621565,0,scatter-gather,0.02414146,0,scatter-gather,0.0082405044519975,0,scatter-gather,1,fan-out,0.6,1,scatter-gather,0.6,1,fan-out,0.8,1,bipartite,0.8,1,fan-out,0.8,0,,0.7,0,,0.5
amlc_01955,HI-Small,0,legit,483.5610098176718,3.4975324647449856e-05,0,stack,8.901511e-05,0,fan-in,0.03725224,0,bipartite,0.012458743440261,0,fan-in,1,fan-out,0.6,1,fan-out,0.8,1,fan-out,0.6,1,gather-scatter,0.8,1,fan-out,0.8,1,fan-out,0.8,0,,0.5
amlc_01956,HI-Small,1,legit,1.0,0.0006026175330164,0,fan-out,0.00038050048,0,fan-out,0.022755554,0,fan-out,0.0079128906535374,0,fan-out,0,,0.5,0,,0.5,1,fan-out,0.8,1,gather-scatter,0.6,1,fan-out,0.8,0,,0.7,0,,0.5
amlc_01957,HI-Small,0,legit,469.33800841514727,4.437716122271483e-05,0,stack,1.6611937e-05,0,stack,0.044679914,0,stack,0.0149136342560487,0,stack,1,fan-out,0.6,1,fan-out,0.6,1,bipartite,0.8,1,gather-scatter,0.8,1,fan-out,0.8,1,gather-scatter,0.8,1,gather-scatter,0.8
amlc_01958,HI-Small,0,legit,483.5610098176718,3.8135198734777976e-05,0,stack,6.0951584e-06,0,stack,0.01790014,0,scatter-gather,0.0059814564835009,0,stack,1,fan-out,0.6,1,fan-out,0.6,1,fan-out,0.8,1,gather-scatter,0.8,1,fan-out,0.8,1,fan-out,0.8,0,,0.5
amlc_01959,HI-Small,0,legit,469.33800841514727,1.3102981336812485e-05,0,bipartite,5.325111e-06,0,bipartite,0.010180594,0,stack,0.0033996741639804,0,bipartite,1,fan-out,0.6,1,fan-out,0.6,1,fan-out,0.6,1,gather-scatter,0.8,1,fan-out,0.8,1,gather-scatter,0.8,1,gather-scatter,0.8
amlc_01960,HI-Small,0,legit,483.5610098176718,0.0001761761464352,0,bipartite,5.2521034e-05,0,fan-in,0.013816428,0,bipartite,0.0046817085171952,0,bipartite,1,fan-out,0.6,1,random,0.8,1,gather-scatter,0.8,1,gather-scatter,0.8,1,fan-out,0.8,1,fan-out,0.8,0,,0.5
amlc_01961,HI-Small,1,legit,1.0,0.0290499438060248,0,fan-in,0.0059003616,0,fan-in,0.08519642,0,fan-in,0.0400489086438524,0,fan-in,1,fan-in,0.6,1,fan-in,0.6,1,fan-in,0.6,1,gather-scatter,0.6,1,fan-in,0.8,1,fan-in,0.8,1,fan-in,0.8
amlc_01962,HI-Small,0,legit,483.5610098176718,6.568244371938057e-05,0,stack,6.280755e-05,0,stack,0.01490711,0,stack,0.0050118665150906,0,stack,1,fan-out,0.8,1,gather-scatter,0.6,1,random,0.8,1,gather-scatter,0.6,1,gather-scatter,0.8,1,gather-scatter,0.8,1,gather-scatter,0.8
amlc_01963,HI-Small,1,legit,1.0,0.0015406152080389,0,gather-scatter,0.00079393,0,gather-scatter,0.05958413,0,gather-scatter,0.0206395582788195,0,gather-scatter,0,,0.5,0,,0.5,1,fan-out,0.8,1,gather-scatter,0.6,1,fan-out,0.8,0,,0.7,0,,0.5
amlc_01964,HI-Small,1,legit,1.0,0.0278283951881253,0,stack,0.027444582,0,stack,0.16962948,0,stack,0.0749674873452293,0,stack,1,gather-scatter,0.6,1,gather-scatter,0.6,1,fan-out,0.6,1,gather-scatter,0.6,1,gather-scatter,0.8,1,gather-scatter,0.8,1,gather-scatter,0.8
amlc_01965,HI-Small,1,legit,1.0,0.0013219845761954,0,gather-scatter,0.0008833792,0,gather-scatter,0.026850859,0,gather-scatter,0.0096854074912903,0,gather-scatter,0,,0.5,0,,0.5,0,,0.5,0,,0.5,0,,0.5,0,,0.5,0,,0.5
amlc_01966,HI-Small,1,legit,1.0,0.0061018610486333,0,gather-scatter,0.010708576,0,gather-scatter,0.1059375,0,gather-scatter,0.0409159801317236,0,gather-scatter,0,,0.5,0,,0.5,1,fan-out,0.8,1,gather-scatter,0.6,1,fan-out,0.8,1,fan-out,0.8,0,,0.5
amlc_01967,HI-Small,0,legit,483.5610098176718,5.443100330358269e-05,0,bipartite,1.8944062e-05,0,bipartite,0.04052666,0,bipartite,0.0135333444538275,0,bipartite,1,gather-scatter,0.6,1,gather-scatter,0.6,1,fan-out,0.6,1,gather-scatter,0.8,1,scatter-gather,0.8,0,,0.7,0,,0.5
amlc_01968,HI-Small,0,legit,1.0,0.8449214978272099,1,bipartite,0.8905177,1,bipartite,0.4496987,0,bipartite,0.7283792986887819,0,bipartite,1,fan-in,0.6,1,fan-in,0.6,1,gather-scatter,0.8,1,gather-scatter,0.6,1,fan-in,0.8,1,gather-scatter,0.8,1,fan-in,0.8
amlc_01969,HI-Small,1,legit,1.0,0.0006277290859749,0,fan-out,0.00055680884,0,fan-out,0.014194509,0,fan-out,0.0051263489795391,0,fan-out,0,,0.5,0,,0.5,1,fan-out,0.8,1,gather-scatter,0.8,1,fan-out,0.8,0,,0.7,0,,0.5
amlc_01970,HI-Small,0,legit,469.33800841514727,1.3904210905227664e-05,0,bipartite,8.082741e-06,0,bipartite,0.004264201,0,bipartite,0.001428729329917,0,bipartite,1,random,0.8,1,fan-out,0.8,1,random,0.8,1,random,0.8,1,stack,0.8,0,,0.7,0,,0.7
amlc_01971,HI-Small,0,legit,1.0,0.3626021193552811,0,stack,0.19958258,0,stack,0.78496563,0,stack,0.4490501101509994,0,stack,1,random,0.8,0,,0.7,1,random,0.8,1,gather-scatter,0.8,1,fan-in,0.8,1,gather-scatter,0.8,1,fan-in,0.8
amlc_01972,HI-Small,0,legit,469.33800841514727,4.865399689697022e-05,0,bipartite,6.8560264e-05,0,fan-in,0.062161602,0,random,0.020759605447082,0,fan-in,1,fan-out,0.6,0,,0.5,0,,0.7,1,gather-scatter,0.8,1,fan-out,0.8,1,fan-out,0.8,0,,0.5
amlc_01973,HI-Small,0,legit,469.33800841514727,2.1894384189704177e-05,0,stack,1.2304804e-05,0,random,0.09066278,0,bipartite,0.0302323255373265,0,stack,1,fan-out,0.8,1,gather-scatter,0.6,0,,0.7,1,gather-scatter,0.6,1,gather-scatter,0.8,0,,0.7,0,,0.5
amlc_01974,HI-Small,0,legit,1.0,0.9364816614267908,1,bipartite,0.94135267,1,bipartite,0.2522804,0,bipartite,0.7100382469851998,0,bipartite,0,,0.7,0,stack,0.7,0,,0.7,0,cycle,0.7,0,,0.7,0,,0.7,0,,0.7
amlc_01975,HI-Small,0,legit,469.33800841514727,1.2232057183409167e-05,0,bipartite,5.6092945e-06,0,stack,0.003058609,0,bipartite,0.0010254834795598,0,bipartite,1,gather-scatter,0.6,1,gather-scatter,0.6,1,scatter-gather,0.8,1,gather-scatter,0.8,1,scatter-gather,0.8,1,scatter-gather,0.8,1,gather-scatter,0.8
amlc_01976,HI-Small,0,legit,1.0,0.7847168193857792,0,stack,0.41369596,0,stack,0.14566803,0,stack,0.4480269368026297,0,stack,1,gather-scatter,0.6,1,fan-out,0.6,1,gather-scatter,0.6,1,gather-scatter,0.6,1,gather-scatter,0.8,1,gather-scatter,0.8,1,gather-scatter,0.8
amlc_01977,HI-Small,0,legit,469.33800841514727,1.5199240012644922e-05,0,fan-in,5.7978023e-06,0,stack,0.0026304303,0,bipartite,0.0008838091053279,0,fan-in,1,bipartite,0.8,1,fan-in,0.6,1,scatter-gather,0.8,1,gather-scatter,0.6,1,stack,0.8,1,gather-scatter,0.8,1,gather-scatter,0.8
amlc_01978,HI-Small,0,legit,469.33800841514727,1.83013656648132e-05,0,bipartite,7.809422e-06,0,bipartite,0.075996056,0,bipartite,0.0253407223288233,0,bipartite,1,scatter-gather,0.6,1,scatter-gather,0.6,1,gather-scatter,0.6,1,gather-scatter,0.6,1,gather-scatter,0.8,1,gather-scatter,0.8,1,scatter-gather,0.8
amlc_01979,HI-Small,0,legit,1.0,0.5144543978576334,0,random,0.4763468,0,stack,0.3182739,0,random,0.4363583635291944,0,random,1,fan-out,0.6,1,fan-out,0.6,1,gather-scatter,0.8,1,gather-scatter,0.8,1,fan-out,0.8,1,fan-out,0.8,1,fan-out,0.8
amlc_01980,HI-Small,0,legit,469.33800841514727,1.2474416728909052e-05,0,stack,9.279152e-06,0,stack,0.00824572,0,stack,0.0027558243886363,0,stack,1,fan-out,0.8,1,fan-out,0.6,1,fan-out,0.8,1,gather-scatter,0.6,1,scatter-gather,0.8,1,fan-out,0.8,1,scatter-gather,0.8
amlc_01981,HI-Small,0,legit,1.0,0.8421545001272353,1,bipartite,0.7507442,0,bipartite,0.062253963,0,bipartite,0.5517175623080462,0,bipartite,0,cycle,0.7,0,,0.7,0,,0.7,1,gather-scatter,0.8,0,,0.7,0,,0.7,0,,0.7
amlc_01982,HI-Small,0,legit,469.33800841514727,0.0002530046348246,0,bipartite,0.00020215625,0,bipartite,0.23336866,0,bipartite,0.0779412752896165,0,bipartite,1,fan-out,0.6,1,fan-out,0.6,0,,0.7,1,gather-scatter,0.8,1,gather-scatter,0.8,1,stack,0.8,1,fan-out,0.8
amlc_01983,HI-Small,0,legit,469.33800841514727,2.0468186569691728e-05,0,stack,1.068172e-05,0,stack,0.04608553,0,bipartite,0.0153722263118751,0,stack,1,fan-out,0.6,1,fan-out,0.6,0,,0.7,1,gather-scatter,0.6,1,fan-out,0.8,1,gather-scatter,0.8,1,gather-scatter,0.8
amlc_01984,HI-Small,0,legit,469.33800841514727,3.757624299670525e-05,0,stack,3.6859936e-05,0,bipartite,0.08082378,0,bipartite,0.0269660717616422,0,bipartite,1,gather-scatter,0.6,1,gather-scatter,0.6,1,scatter-gather,0.6,1,gather-scatter,0.8,1,fan-in,0.8,1,gather-scatter,0.8,1,gather-scatter,0.8
amlc_01985,HI-Small,1,legit,1.0,0.0628123502902534,0,fan-in,0.06235983,0,fan-in,0.043154966,0,fan-in,0.0561090482927807,0,fan-in,1,fan-in,0.6,1,fan-in,0.6,1,fan-in,0.6,1,gather-scatter,0.6,1,fan-in,0.8,1,gather-scatter,0.8,1,fan-in,0.8
amlc_01986,HI-Small,1,fan-out,1.0,0.3719028773527554,0,bipartite,0.78895444,0,bipartite,0.9309901,1,bipartite,0.697282471346233,0,bipartite,1,cycle,0.8,0,,0.7,1,scatter-gather,0.8,1,gather-scatter,0.8,1,cycle,0.8,1,cycle,0.8,1,cycle,0.8
amlc_01987,HI-Small,1,fan-out,1.0,0.0543087804165187,0,fan-out,0.57597363,0,fan-out,0.98542863,1,fan-out,0.5385703472245634,0,fan-out,1,fan-out,0.6,1,fan-out,0.6,1,scatter-gather,0.8,1,cycle,0.8,1,fan-out,0.8,1,cycle,0.8,0,,0.5
amlc_01988,HI-Small,1,fan-out,1.0,0.0590668323168527,0,fan-out,0.64115846,0,fan-out,0.95644075,1,fan-out,0.5522220135572676,0,fan-out,1,fan-out,0.6,1,fan-out,0.8,1,cycle,0.8,1,gather-scatter,0.8,1,cycle,0.8,1,cycle,0.8,0,,0.5
amlc_01989,HI-Small,1,fan-out,1.0,0.0727677346376932,0,fan-out,0.5557505,0,fan-out,0.96958,1,fan-out,0.5326994061837049,0,fan-out,1,fan-out,0.8,1,fan-out,0.6,1,cycle,0.8,1,cycle,0.8,1,fan-out,0.8,1,cycle,0.8,0,,0.5
amlc_01990,HI-Small,0,legit,469.33800841514727,2.634058820932078e-05,0,bipartite,1.0025341e-05,0,bipartite,0.0073910123,0,bipartite,0.0024757927343121,0,bipartite,1,fan-out,0.8,1,fan-out,0.6,1,scatter-gather,0.8,1,random,0.8,1,scatter-gather,0.8,1,gather-scatter,0.8,0,,0.5
amlc_01991,HI-Small,0,legit,483.5610098176718,9.782670301564496e-05,0,bipartite,8.1278864e-05,0,bipartite,0.027976632,0,bipartite,0.0093852458950619,0,bipartite,0,,0.7,0,,0.7,1,fan-in,0.6,1,,0.6,0,,0.7,0,fan-in,0.7,0,,0.7
amlc_01992,HI-Small,0,legit,469.33800841514727,3.3721698287117905e-05,0,stack,9.709966e-06,0,stack,0.042063452,0,bipartite,0.014035627989377,0,stack,1,fan-out,0.6,1,fan-out,0.6,1,fan-out,0.8,1,gather-scatter,0.8,1,fan-out,0.8,1,random,0.8,0,,0.5
amlc_01993,HI-Small,0,legit,483.5610098176718,5.815213692502077e-05,0,stack,1.607279e-05,0,stack,0.025820922,0,bipartite,0.0086317156779626,0,stack,1,gather-scatter,0.6,1,scatter-gather,0.6,1,gather-scatter,0.8,1,gather-scatter,0.8,1,scatter-gather,0.8,0,,0.7,0,,0.5
amlc_01994,HI-Small,0,legit,469.33800841514727,1.2486073387007238e-05,0,bipartite,2.0538591e-05,0,stack,0.06956135,0,bipartite,0.0231981240100365,0,bipartite,1,fan-out,0.8,1,gather-scatter,0.6,1,bipartite,0.8,1,gather-scatter,0.6,1,scatter-gather,0.8,1,gather-scatter,0.8,0,,0.5
amlc_01995,HI-Small,0,legit,483.5610098176718,3.211287484342237e-05,0,stack,1.24614135e-05,0,bipartite,0.028513659,0,stack,0.0095194110266952,0,stack,1,fan-out,0.6,1,gather-scatter,0.6,1,fan-out,0.8,1,gather-scatter,0.6,1,fan-out,0.8,1,fan-out,0.8,0,,0.5
amlc_01996,HI-Small,0,legit,483.5610098176718,1.269351945104174e-05,0,stack,1.0874161e-05,0,stack,0.0147430925,0,stack,0.0049222200499673,0,stack,1,fan-out,0.6,1,fan-out,0.6,1,fan-out,0.8,1,scatter-gather,0.8,1,fan-out,0.8,1,fan-out,0.8,0,,0.5
amlc_01997,HI-Small,0,legit,483.5610098176718,1.2912517643817384e-05,0,random,1.405379e-05,0,fan-in,0.040901594,0,bipartite,0.0136428533906816,0,fan-in,1,gather-scatter,0.6,1,gather-scatter,0.8,1,fan-out,0.6,1,gather-scatter,0.6,1,gather-scatter,0.8,1,gather-scatter,0.8,0,,0.5
amlc_01998,HI-Small,0,legit,469.33800841514727,1.5290515783201954e-05,0,fan-in,7.654042e-06,0,fan-in,0.0006347067,0,bipartite,0.0002192170843949,0,fan-in,1,fan-out,0.6,1,fan-out,0.6,1,fan-out,0.6,1,gather-scatter,0.8,1,scatter-gather,0.8,1,fan-out,0.8,0,,0.5
amlc_01999,HI-Small,0,legit,483.5610098176718,1.5577325915482726e-05,0,bipartite,1.0051321e-05,0,bipartite,0.023811495,0,bipartite,0.0079457078594028,0,bipartite,1,gather-scatter,0.6,1,fan-out,0.6,1,gather-scatter,0.8,1,gather-scatter,0.8,1,gather-scatter,0.8,1,gather-scatter,0.8,1,gather-scatter,0.8
amlc_02000,HI-Small,0,legit,469.33800841514727,1.2806820301309888e-05,0,bipartite,1.4740986e-05,0,fan-in,0.0093528805,0,random,0.0031268094456015,0,fan-in,1,gather-scatter,0.6,1,scatter-gather,0.6,1,gather-scatter,0.8,1,random,0.8,1,gather-scatter,0.8,1,gather-scatter,0.8,1,gather-scatter,0.8
amlc_02001,HI-Small,0,legit,469.33800841514727,1.5145107317577976e-05,0,bipartite,1.16049e-05,0,bipartite,0.072895765,0,bipartite,0.0243075051038127,0,bipartite,1,gather-scatter,0.6,1,scatter-gather,0.6,1,random,0.8,1,gather-scatter,0.6,1,gather-scatter,0.8,1,gather-scatter,0.8,1,gather-scatter,0.8
amlc_02002,HI-Small,1,legit,1.0,0.006515808117823,0,gather-scatter,0.0024195346,0,gather-scatter,0.053013377,0,gather-scatter,0.0206495732048108,0,gather-scatter,0,,0.5,0,,0.5,0,,0.7,1,gather-scatter,0.8,1,fan-out,0.8,0,,0.7,0,,0.5
amlc_02003,HI-Small,0,legit,469.33800841514727,1.3286741889779315e-05,0,stack,8.662141e-06,0,stack,0.0069438918,0,bipartite,0.0023219468797842,0,stack,1,fan-out,0.6,1,gather-scatter,0.6,0,,0.7,1,gather-scatter,0.6,1,scatter-gather,0.8,0,,0.7,1,scatter-gather,0.8
amlc_02004,HI-Small,0,legit,1.0,0.8816937179980201,1,bipartite,0.95846474,1,bipartite,0.40127677,0,bipartite,0.7471450756529147,0,bipartite,1,gather-scatter,0.6,1,gather-scatter,0.6,1,gather-scatter,0.8,1,gather-scatter,0.6,1,gather-scatter,0.8,1,gather-scatter,0.8,1,gather-scatter,0.8
amlc_02005,HI-Small,0,legit,483.5610098176718,1.576500105234786e-05,0,stack,1.5600966e-05,0,stack,0.028849866,0,bipartite,0.0096270774029013,0,stack,1,gather-scatter,0.6,1,gather-scatter,0.6,0,,0.7,1,gather-scatter,0.8,1,gather-scatter,0.8,1,gather-scatter,0.8,1,gather-scatter,0.8
amlc_02006,HI-Small,0,legit,469.33800841514727,0.0055576340849789,0,gather-scatter,0.009197098,0,gather-scatter,0.057637103,0,gather-scatter,0.0241306117299726,0,gather-scatter,0,,0.5,0,,0.5,1,fan-out,0.6,1,gather-scatter,0.8,1,fan-out,0.8,0,,0.7,0,,0.5
amlc_02007,HI-Small,1,legit,1.0,0.0017231411720118,0,fan-out,0.0004541825,0,fan-out,0.016326051,0,fan-out,0.0061677916270511,0,fan-out,0,,0.5,0,,0.5,1,fan-out,0.8,1,random,0.8,1,fan-out,0.8,1,fan-out,0.8,0,,0.5
amlc_02008,HI-Small,0,legit,469.33800841514727,1.4122549348222829e-05,0,stack,1.1786642e-05,0,stack,0.0063951546,0,bipartite,0.0021403546080128,0,stack,1,fan-in,0.8,1,fan-out,0.6,1,gather-scatter,0.6,1,gather-scatter,0.6,1,gather-scatter,0.8,1,gather-scatter,0.8,1,gather-scatter,0.8
amlc_02009,HI-Small,0,legit,469.33800841514727,1.8579794499981128e-05,0,bipartite,4.144332e-06,0,bipartite,0.008592514,0,bipartite,0.0028717461491682,0,bipartite,1,scatter-gather,0.6,1,fan-out,0.6,1,scatter-gather,0.8,1,gather-scatter,0.8,1,fan-out,0.8,1,gather-scatter,0.8,1,scatter-gather,0.8
amlc_02010,HI-Small,1,legit,1.0,0.0146548002328941,0,stack,0.046179812,0,stack,0.67526424,0,stack,0.2453662839818818,0,stack,1,gather-scatter,0.6,1,scatter-gather,0.6,1,fan-out,0.6,1,gather-scatter,0.8,1,gather-scatter,0.8,1,fan-in,0.8,1,gather-scatter,0.8
amlc_02011,HI-Small,0,legit,483.5610098176718,3.7038713527368605e-05,0,stack,2.3983586e-05,0,stack,0.026771655,0,bipartite,0.0089442258686786,0,stack,1,gather-scatter,0.6,1,fan-out,0.6,1,fan-out,0.8,1,gather-scatter,0.8,1,fan-out,0.8,0,,0.7,0,,0.5
amlc_02012,HI-Small,0,legit,1.0,0.8054377813024114,1,bipartite,0.7767684,0,bipartite,0.27343687,0,bipartite,0.6185476806058748,0,bipartite,1,random,0.8,0,,0.7,0,stack,0.7,0,,0.7,0,,0.7,0,,0.7,0,,0.7
amlc_02013,HI-Small,0,legit,469.33800841514727,1.253354418778842e-05,0,bipartite,6.160294e-06,0,fan-in,0.007270491,0,bipartite,0.0024297283515418,0,bipartite,1,gather-scatter,0.8,1,fan-out,0.6,1,fan-out,0.6,1,gather-scatter,0.6,1,gather-scatter,0.8,1,gather-scatter,0.8,1,gather-scatter,0.8
amlc_02014,HI-Small,0,legit,469.33800841514727,1.6941024504120933e-05,0,bipartite,7.038632e-06,0,stack,0.0036134284,0,stack,0.0012124693672766,0,stack,1,fan-in,0.6,1,fan-in,0.8,1,fan-in,0.8,1,random,0.8,1,fan-in,0.8,1,fan-in,0.8,1,fan-in,0.8
amlc_02015,HI-Small,0,legit,483.5610098176718,9.434412345168444e-05,0,stack,4.9991067e-05,0,stack,0.035836674,0,stack,0.0119936698213215,0,stack,1,fan-out,0.6,1,fan-out,0.6,1,random,0.8,1,gather-scatter,0.8,1,fan-out,0.8,0,,0.7,0,,0.5
amlc_02016,HI-Small,0,legit,469.33800841514727,1.3103665588587415e-05,0,bipartite,6.1971346e-06,0,stack,0.009388081,0,bipartite,0.003135793866077,0,bipartite,1,gather-scatter,0.8,1,scatter-gather,0.6,1,scatter-gather,0.8,1,gather-scatter,0.8,1,random,0.8,1,gather-scatter,0.8,1,gather-scatter,0.8
amlc_02017,HI-Small,0,legit,469.33800841514727,0.0006535605537128,0,fan-out,0.0012814391,0,fan-out,0.060395043,0,fan-out,0.0207766809969637,0,fan-out,0,,0.5,0,,0.5,1,gather-scatter,0.8,1,gather-scatter,0.8,1,fan-out,0.8,1,fan-out,0.8,0,,0.5
amlc_02018,HI-Small,0,legit,483.5610098176718,1.4733251756776558e-05,0,random,1.3479073e-05,0,fan-in,0.019159123,0,bipartite,0.0063957785419374,0,fan-in,1,fan-out,0.8,1,scatter-gather,0.6,1,scatter-gather,0.8,1,gather-scatter,0.8,1,gather-scatter,0.8,1,gather-scatter,0.8,1,gather-scatter,0.8
amlc_02019,HI-Small,0,legit,483.5610098176718,1.8261111957892017e-05,0,bipartite,1.0669173e-05,0,bipartite,0.034248017,0,bipartite,0.0114256490199398,0,bipartite,1,gather-scatter,0.6,1,scatter-gather,0.6,1,fan-in,0.6,1,gather-scatter,0.6,1,gather-scatter,0.8,1,gather-scatter,0.8,1,gather-scatter,0.8
amlc_02020,HI-Small,0,legit,469.33800841514727,0.0001316531321101,0,bipartite,0.000145831,0,bipartite,0.09454264,0,bipartite,0.0316067071997738,0,bipartite,1,gather-scatter,0.6,1,fan-out,0.8,0,,0.7,1,gather-scatter,0.8,0,,0.7,1,gather-scatter,0.8,1,bipartite,0.8
amlc_02021,HI-Small,0,legit,469.33800841514727,0.0001142562720728,0,stack,1.9992882e-05,0,stack,0.08229861,0,stack,0.0274776185960006,0,stack,0,,0.5,0,,0.5,0,,0.7,1,gather-scatter,0.8,1,fan-out,0.8,0,,0.7,0,,0.5
amlc_02022,HI-Small,0,legit,469.33800841514727,0.0071884283029469,0,fan-out,0.003445082,0,fan-out,0.15275085,0,fan-out,0.054461453379349,0,fan-out,0,,0.5,0,,0.5,1,fan-out,0.8,0,,0.7,1,fan-out,0.8,0,,0.7,0,,0.5
amlc_02023,HI-Small,0,legit,483.5610098176718,1.2628289109981522e-05,0,fan-in,1.5595844e-05,0,fan-in,0.029582083,0,fan-out,0.0098701024528404,0,fan-in,1,gather-scatter,0.6,1,gather-scatter,0.8,1,fan-out,0.6,1,gather-scatter,0.6,1,gather-scatter,0.8,1,gather-scatter,0.8,1,scatter-gather,0.8
amlc_02024,HI-Small,0,legit,483.5610098176718,0.0001616555864315,0,bipartite,0.0002399568,0,bipartite,0.018392278,0,bipartite,0.0062646300905957,0,bipartite,1,fan-out,0.6,1,bipartite,0.8,1,fan-out,0.6,1,gather-scatter,0.8,1,fan-out,0.8,1,fan-out,0.8,0,,0.5
amlc_02025,HI-Small,0,legit,483.5610098176718,1.5148310499817292e-05,0,random,8.346757e-06,0,fan-in,0.03855785,0,random,0.0128604482971955,0,random,1,gather-scatter,0.6,1,scatter-gather,0.6,1,gather-scatter,0.8,1,gather-scatter,0.8,1,gather-scatter,0.8,1,gather-scatter,0.8,1,gather-scatter,0.8
amlc_02026,HI-Small,0,legit,469.33800841514727,0.0001948977888217,0,bipartite,0.00013178974,0,bipartite,0.091070466,0,bipartite,0.0304657177575904,0,bipartite,1,gather-scatter,0.8,1,fan-out,0.6,1,gather-scatter,0.6,1,gather-scatter,0.8,1,gather-scatter,0.8,1,gather-scatter,0.8,1,scatter-gather,0.8
amlc_02027,HI-Small,0,legit,483.5610098176718,6.783974919450438e-05,0,stack,1.7329414e-05,0,stack,0.04081554,0,stack,0.0136335696070287,0,stack,1,scatter-gather,0.6,1,gather-scatter,0.6,1,fan-out,0.6,1,gather-scatter,0.8,1,scatter-gather,0.8,0,,0.7,0,,0.5
amlc_02028,HI-Small,0,legit,469.33800841514727,0.000117496255611,0,bipartite,9.4578885e-05,0,bipartite,0.0073379735,0,bipartite,0.0025166828646325,0,bipartite,0,,0.7,1,fan-in,0.6,1,gather-scatter,0.8,1,gather-scatter,0.6,1,fan-in,0.8,1,gather-scatter,0.8,1,gather-scatter,0.8
amlc_02029,HI-Small,0,legit,469.33800841514727,0.0005051613475902,0,bipartite,0.00033237907,0,bipartite,0.008622238,0,bipartite,0.0031532596111532,0,bipartite,1,gather-scatter,0.8,1,fan-out,0.6,0,,0.7,1,gather-scatter,0.6,1,scatter-gather,0.8,1,stack,0.8,1,scatter-gather,0.8
amlc_02030,HI-Small,0,legit,469.33800841514727,0.0199098626069842,0,stack,0.020573916,0,fan-in,0.72499686,0,fan-in,0.25516021443879,0,fan-in,1,gather-scatter,0.6,1,fan-out,0.6,1,gather-scatter,0.6,1,gather-scatter,0.8,1,gather-scatter,0.8,1,gather-scatter,0.8,1,gather-scatter,0.8
amlc_02031,HI-Small,0,legit,1.0,0.7187364050712762,0,stack,0.6097395,0,stack,0.26780432,0,stack,0.5320934040336668,0,stack,1,fan-out,0.6,0,,0.5,0,fan-out,0.7,1,gather-scatter,0.8,1,scatter-gather,0.8,1,gather-scatter,0.8,1,gather-scatter,0.8
amlc_02032,HI-Small,0,legit,483.5610098176718,1.3150312475707706e-05,0,fan-in,1.2920558e-05,0,fan-in,0.038129944,0,fan-in,0.0127186717416637,0,fan-in,1,fan-in,0.8,0,,0.5,1,scatter-gather,0.8,1,random,0.8,1,gather-scatter,0.8,1,gather-scatter,0.8,1,gather-scatter,0.8
amlc_02033,HI-Small,0,legit,469.33800841514727,0.0008424293753533,0,bipartite,0.00088523235,0,bipartite,0.6142192,0,bipartite,0.205315616805753,0,bipartite,1,gather-scatter,0.6,0,,0.7,1,random,0.8,1,gather-scatter,0.8,1,scatter-gather,0.8,1,scatter-gather,0.8,1,gather-scatter,0.8
amlc_02034,HI-Small,0,legit,469.33800841514727,1.4353480286618712e-05,0,bipartite,9.601233e-06,0,fan-in,0.009571256,0,bipartite,0.0031984036096747,0,bipartite,1,fan-out,0.6,1,gather-scatter,0.8,1,scatter-gather,0.6,1,gather-scatter,0.6,1,scatter-gather,0.8,1,gather-scatter,0.8,0,,0.5
amlc_02035,HI-Small,0,legit,483.5610098176718,0.0045671321560828,0,fan-out,0.0061238026,0,fan-out,0.01522526,0,fan-out,0.0086387314559647,0,fan-out,0,,0.5,0,,0.5,1,fan-out,0.8,1,bipartite,0.8,1,fan-out,0.8,1,fan-out,0.8,0,,0.5
amlc_02036,HI-Small,0,legit,469.33800841514727,1.6270870602251306e-05,0,bipartite,8.585341e-06,0,bipartite,0.0030794952,0,bipartite,0.0010347837904256,0,bipartite,1,fan-out,0.6,1,gather-scatter,0.6,1,fan-out,0.6,1,gather-scatter,0.6,1,fan-out,0.8,0,,0.7,1,fan-out,0.8
amlc_02037,HI-Small,0,legit,483.5610098176718,1.382964688237488e-05,0,bipartite,7.3332935e-06,0,fan-in,0.033715803,0,stack,0.0112456553721904,0,fan-in,1,fan-out,0.8,1,random,0.8,1,random,0.8,1,gather-scatter,0.8,1,fan-in,0.8,1,random,0.8,1,random,0.8
amlc_02038,HI-Small,0,legit,483.5610098176718,1.4158085593090587e-05,0,bipartite,1.03202765e-05,0,stack,0.024208713,0,bipartite,0.0080777305616528,0,bipartite,1,scatter-gather,0.8,1,stack,0.8,0,fan-out,0.7,1,gather-scatter,0.8,1,gather-scatter,0.8,1,stack,0.8,0,,0.5
amlc_02039,HI-Small,0,legit,469.33800841514727,4.952739536563924e-05,0,bipartite,2.3100674e-05,0,bipartite,0.116789974,0,stack,0.0389542007806382,0,bipartite,1,gather-scatter,0.6,1,gather-scatter,0.6,1,fan-out,0.8,1,gather-scatter,0.6,1,gather-scatter,0.8,1,scatter-gather,0.8,0,,0.5
amlc_02040,HI-Small,0,legit,469.33800841514727,1.4236058437655569e-05,0,stack,1.992695e-05,0,fan-in,0.0012367001,0,random,0.000423621037585,0,fan-in,1,gather-scatter,0.6,1,gather-scatter,0.6,1,fan-in,0.6,1,gather-scatter,0.6,1,gather-scatter,0.8,1,stack,0.8,1,gather-scatter,0.8
amlc_02041,HI-Small,0,legit,1.0,0.8676645601678169,1,bipartite,0.71367157,0,bipartite,0.5680857,0,bipartite,0.7164739318982852,0,bipartite,1,fan-in,0.6,1,fan-in,0.6,0,,0.7,1,fan-in,0.6,1,fan-in,0.8,0,,0.7,1,fan-in,0.8
amlc_02042,HI-Small,0,legit,1.0,0.6979299359035003,0,bipartite,0.4976809,0,bipartite,0.76715505,0,bipartite,0.6542552965386546,0,bipartite,1,fan-in,0.6,0,,0.7,0,,0.7,1,gather-scatter,0.6,1,stack,0.8,1,gather-scatter,0.8,1,gather-scatter,0.8
amlc_02043,HI-Small,0,legit,469.33800841514727,1.295190480759697e-05,0,bipartite,9.551263e-06,0,bipartite,0.0056029744,0,stack,0.0018751592042274,0,bipartite,1,gather-scatter,0.8,1,gather-scatter,0.6,0,,0.7,1,gather-scatter,0.6,1,gather-scatter,0.8,1,gather-scatter,0.8,1,scatter-gather,0.8
amlc_02044,HI-Small,0,legit,469.33800841514727,1.596422314000313e-05,0,bipartite,1.4348907e-05,0,bipartite,0.0069962777,0,stack,0.0023421969499306,0,bipartite,1,gather-scatter,0.8,1,stack,0.8,1,random,0.8,1,gather-scatter,0.6,1,gather-scatter,0.8,1,gather-scatter,0.8,1,gather-scatter,0.8
amlc_02045,HI-Small,0,legit,483.5610098176718,2.33872324666314e-05,0,bipartite,1.1038579e-05,0,bipartite,0.012907408,0,fan-out,0.0043139446631171,0,bipartite,1,fan-out,0.8,0,,0.5,1,scatter-gather,0.6,1,gather-scatter,0.6,1,gather-scatter,0.8,0,,0.7,0,,0.5
amlc_02046,HI-Small,0,legit,483.5610098176718,1.6094423780551746e-05,0,fan-in,1.1315351e-05,0,fan-in,0.03353063,0,bipartite,0.0111860133153607,0,fan-in,1,fan-out,0.6,1,fan-out,0.6,1,fan-out,0.6,1,gather-scatter,0.8,1,scatter-gather,0.8,1,gather-scatter,0.8,1,gather-scatter,0.8
amlc_02047,HI-Small,1,legit,1.0,0.0022562434334515,0,gather-scatter,0.0005776305,0,gather-scatter,0.08838916,0,gather-scatter,0.0304076773858387,0,gather-scatter,0,,0.5,0,,0.5,1,fan-out,0.8,1,gather-scatter,0.8,1,fan-out,0.8,0,,0.7,0,,0.5
amlc_02048,HI-Small,0,legit,469.33800841514727,0.0016602171369528,0,gather-scatter,0.0018199871,0,gather-scatter,0.06350153,0,gather-scatter,0.0223272445384623,0,gather-scatter,0,,0.5,0,,0.5,0,,0.7,1,random,0.8,1,fan-out,0.8,0,,0.7,0,,0.5
amlc_02049,HI-Small,0,legit,469.33800841514727,1.239099733436269e-05,0,bipartite,7.3395704e-06,0,fan-in,0.010165859,0,bipartite,0.0033951965271774,0,bipartite,1,fan-out,0.6,1,fan-out,0.6,1,fan-out,0.8,1,gather-scatter,0.6,1,fan-out,0.8,0,,0.7,0,,0.5
amlc_02050,HI-Small,0,legit,483.5610098176718,0.0001017992105773,0,bipartite,0.00010469579,0,bipartite,0.018300505,0,bipartite,0.0061690001189854,0,bipartite,1,fan-in,0.6,1,fan-in,0.6,1,fan-in,0.8,1,gather-scatter,0.6,1,fan-in,0.8,1,fan-in,0.8,1,fan-in,0.8
amlc_02051,HI-Small,0,legit,483.5610098176718,3.588484641063616e-05,0,bipartite,1.5005256e-05,0,stack,0.028296152,0,bipartite,0.0094490140772569,0,bipartite,1,fan-out,0.8,1,gather-scatter,0.6,1,gather-scatter,0.6,1,gather-scatter,0.8,1,scatter-gather,0.8,1,gather-scatter,0.8,1,gather-scatter,0.8
amlc_02052,HI-Small,0,legit,483.5610098176718,0.0002098522610392,0,bipartite,5.3124626e-05,0,bipartite,0.036936842,0,bipartite,0.0123999395973829,0,bipartite,1,fan-out,0.6,0,,0.5,1,random,0.8,1,random,0.8,1,random,0.8,1,random,0.8,1,fan-out,0.8
amlc_02053,HI-Small,0,legit,1.0,0.5242145408822122,0,stack,0.4874568,0,stack,0.6945367,0,stack,0.5687360084597608,0,stack,0,stack,0.7,0,,0.7,1,fan-in,0.6,1,gather-scatter,0.6,1,fan-in,0.8,0,,0.7,1,fan-in,0.8
amlc_02054,HI-Small,1,legit,1.0,0.0476428827643246,0,fan-in,0.052468024,0,fan-in,0.269517,0,fan-in,0.1232093038161546,0,fan-in,1,fan-in,0.6,1,fan-in,0.6,1,fan-in,0.6,1,gather-scatter,0.6,1,fan-in,0.8,1,fan-in,0.8,1,fan-in,0.8
amlc_02055,HI-Small,0,legit,469.33800841514727,2.2378926287361485e-05,0,bipartite,1.6201022e-05,0,fan-in,0.00094634143,0,bipartite,0.0003283071266408,0,bipartite,1,gather-scatter,0.6,1,scatter-gather,0.6,1,gather-scatter,0.8,1,gather-scatter,0.6,1,gather-scatter,0.8,1,gather-scatter,0.8,1,gather-scatter,0.8
amlc_02056,HI-Small,0,legit,469.33800841514727,4.251291750195969e-05,0,stack,6.83201e-05,0,stack,0.041850615,0,bipartite,0.0139871494366537,0,stack,1,fan-in,0.6,1,fan-in,0.6,1,fan-out,0.8,1,gather-scatter,0.8,1,fan-in,0.8,1,gather-scatter,0.8,1,fan-in,0.8
amlc_02057,HI-Small,0,legit,1.0,0.8950477643694628,1,stack,0.85714453,1,stack,0.92214996,1,random,0.8914474183945572,1,stack,1,fan-out,0.6,1,fan-out,0.6,1,fan-out,0.8,1,gather-scatter,0.8,1,scatter-gather,0.8,1,gather-scatter,0.8,0,,0.5
amlc_02058,HI-Small,0,legit,483.5610098176718,4.623897455097161e-05,0,bipartite,1.4578856e-05,0,stack,0.025699949,0,bipartite,0.0085869222409429,0,bipartite,1,scatter-gather,0.8,0,,0.5,1,scatter-gather,0.8,1,gather-scatter,0.6,1,scatter-gather,0.8,1,gather-scatter,0.8,1,scatter-gather,0.8
amlc_02059,HI-Small,0,legit,483.5610098176718,1.4387473611392224e-05,0,bipartite,2.0015037e-05,0,bipartite,0.031558234,0,bipartite,0.0105308789184255,0,bipartite,1,fan-out,0.6,1,gather-scatter,0.6,1,fan-out,0.8,1,cycle,0.8,1,gather-scatter,0.8,1,gather-scatter,0.8,1,gather-scatter,0.8
amlc_02060,HI-Small,0,legit,483.5610098176718,7.760084159812794e-05,0,stack,7.677098e-05,0,stack,0.014389982,0,stack,0.0048481180891826,0,stack,1,fan-out,0.8,1,fan-out,0.6,1,fan-out,0.8,1,gather-scatter,0.6,1,fan-out,0.8,1,fan-out,0.8,0,,0.5
amlc_02061,HI-Small,0,legit,483.5610098176718,0.0052555019751894,0,stack,0.018372579,0,fan-out,0.0046249204,0,stack,0.0094176669843729,0,stack,0,,0.5,0,,0.5,0,,0.5,0,,0.5,0,,0.5,0,,0.5,0,,0.5
amlc_02062,HI-Small,0,legit,469.33800841514727,0.0003683320415087,0,fan-out,0.00020332185,0,fan-out,0.6064308,0,fan-out,0.2023341608202588,0,fan-out,0,,0.5,0,,0.5,0,,0.5,0,,0.5,1,fan-out,0.8,0,,0.7,0,,0.5
amlc_02063,HI-Small,0,legit,469.33800841514727,1.255697306160635e-05,0,bipartite,4.6423893e-06,0,bipartite,0.011438137,0,bipartite,0.0038184454275599,0,bipartite,1,gather-scatter,0.6,1,gather-scatter,0.6,0,stack,0.7,1,gather-scatter,0.8,1,gather-scatter,0.8,1,gather-scatter,0.8,1,gather-scatter,0.8
amlc_02064,HI-Small,0,legit,469.33800841514727,1.262444243028078e-05,0,bipartite,1.804042e-05,0,fan-in,0.007285718,0,random,0.0024387942458652,0,fan-in,1,fan-out,0.6,1,fan-out,0.6,1,fan-out,0.6,1,gather-scatter,0.6,1,fan-out,0.8,0,,0.7,0,,0.5
amlc_02065,HI-Small,1,legit,1.0,0.000452130284799,0,fan-out,0.00013746353,0,fan-out,0.1293577,0,fan-out,0.043315763132161,0,fan-out,0,,0.5,0,,0.5,0,,0.5,0,,0.5,0,,0.5,0,,0.5,0,,0.5
amlc_02066,HI-Small,0,legit,483.5610098176718,9.011253494951804e-05,0,scatter-gather,3.1192896e-05,0,scatter-gather,0.01196608,0,scatter-gather,0.0040291286119661,0,scatter-gather,1,fan-out,0.8,1,fan-out,0.6,1,gather-scatter,0.8,1,gather-scatter,0.6,1,fan-out,0.8,1,gather-scatter,0.8,0,,0.5
amlc_02067,HI-Small,0,legit,469.33800841514727,2.45750297292853e-05,0,stack,6.1447668e-06,0,stack,0.0041101594,0,stack,0.0013802930496362,0,stack,1,fan-out,0.6,1,fan-out,0.6,1,fan-out,0.8,1,random,0.8,1,fan-out,0.8,1,gather-scatter,0.8,0,,0.5
amlc_02068,HI-Small,0,legit,469.33800841514727,0.0134920559198619,0,fan-in,0.029438281,0,fan-in,0.38324538,0,fan-in,0.1420585720281124,0,fan-in,1,fan-out,0.8,1,gather-scatter,0.6,1,scatter-gather,0.8,1,gather-scatter,0.8,1,fan-out,0.8,1,gather-scatter,0.8,1,gather-scatter,0.8
amlc_02069,HI-Small,0,legit,483.5610098176718,0.0001484567502588,0,bipartite,0.00023971288,0,bipartite,0.018588716,0,bipartite,0.0063256285997132,0,bipartite,1,random,0.8,1,fan-in,0.6,1,fan-in,0.6,1,fan-in,0.6,1,fan-in,0.8,1,fan-in,0.8,1,fan-in,0.8
amlc_02070,HI-Small,0,legit,1.0,0.8164309743780509,1,fan-in,0.90550727,1,fan-in,0.3109871,0,fan-in,0.6776417753344978,0,fan-in,1,fan-in,0.6,1,fan-in,0.6,1,fan-in,0.6,1,gather-scatter,0.6,1,fan-in,0.8,1,fan-in,0.8,1,fan-in,0.8
amlc_02071,HI-Small,0,legit,469.33800841514727,1.4334737498060977e-05,0,random,1.625552e-05,0,fan-in,0.011577378,0,scatter-gather,0.003869322761772,0,fan-in,1,stack,0.8,1,fan-in,0.6,1,fan-in,0.6,1,gather-scatter,0.6,1,gather-scatter,0.8,1,gather-scatter,0.8,1,stack,0.8
amlc_02072,HI-Small,0,legit,469.33800841514727,0.0003952234826453,0,stack,6.1788014e-05,0,stack,0.049913086,0,random,0.016790032497962,0,stack,1,fan-out,0.8,1,gather-scatter,0.6,1,fan-out,0.6,1,gather-scatter,0.6,1,gather-scatter,0.8,1,gather-scatter,0.8,1,gather-scatter,0.8
amlc_02073,HI-Small,0,legit,469.33800841514727,1.5102597742608717e-05,0,random,7.707552e-05,0,fan-in,0.047938317,0,bipartite,0.0160101650598722,0,fan-in,1,fan-out,0.8,1,gather-scatter,0.6,1,fan-out,0.6,1,gather-scatter,0.8,1,gather-scatter,0.8,1,gather-scatter,0.8,1,gather-scatter,0.8
amlc_02074,HI-Small,0,legit,1.0,0.3123342110610114,0,bipartite,0.12614933,0,bipartite,0.7979384,0,bipartite,0.4121406480304435,0,bipartite,1,random,0.8,0,cycle,0.7,0,,0.7,1,gather-scatter,0.8,1,scatter-gather,0.8,1,gather-scatter,0.8,1,gather-scatter,0.8
amlc_02075,HI-Small,0,legit,1.0,0.9038733439968786,1,bipartite,0.9056079,1,bipartite,0.17988674,0,bipartite,0.6631226555283454,0,bipartite,0,,0.7,0,,0.5,1,gather-scatter,0.8,1,gather-scatter,0.6,1,fan-in,0.8,1,gather-scatter,0.8,0,,0.7
amlc_02076,HI-Small,0,legit,483.5610098176718,2.826996178456224e-05,0,bipartite,1.8148938e-05,0,bipartite,0.022766283,0,bipartite,0.0076042338938043,0,bipartite,1,fan-out,0.6,1,gather-scatter,0.8,1,scatter-gather,0.8,1,scatter-gather,0.8,1,scatter-gather,0.8,1,gather-scatter,0.8,0,,0.5
amlc_02077,HI-Small,1,legit,1.0,0.0725136216501287,0,fan-in,0.05588935,0,fan-in,0.39752167,0,fan-in,0.1753082152379848,0,fan-in,1,fan-in,0.6,1,fan-in,0.6,1,fan-in,0.8,1,gather-scatter,0.6,1,fan-in,0.8,1,fan-in,0.8,1,fan-in,0.8
amlc_02078,HI-Small,1,bipartite,1.0,0.9570715386309044,1,bipartite,0.99062043,1,bipartite,0.7891222,0,bipartite,0.91227139892306,1,bipartite,1,fan-out,0.6,1,gather-scatter,0.6,1,fan-out,0.8,1,gather-scatter,0.6,1,gather-scatter,0.8,1,gather-scatter,0.8,1,gather-scatter,0.8
amlc_02079,HI-Small,1,bipartite,1.0,0.9218117369353738,1,bipartite,0.979792,1,bipartite,0.85457355,1,bipartite,0.9187257612129042,1,bipartite,1,fan-out,0.6,0,,0.7,1,fan-out,0.8,1,gather-scatter,0.8,1,fan-out,0.8,1,fan-out,0.8,1,fan-out,0.8
amlc_02080,HI-Small,1,bipartite,1.0,0.944104590812262,1,bipartite,0.99111444,1,bipartite,0.90689313,1,bipartite,0.9473707208364992,1,bipartite,1,cycle,0.8,1,gather-scatter,0.6,1,gather-scatter,0.8,1,gather-scatter,0.6,1,gather-scatter,0.8,1,random,0.8,1,gather-scatter,0.8
amlc_02081,HI-Small,1,bipartite,1.0,0.9158594365754862,1,bipartite,0.95929563,1,bipartite,0.833233,1,bipartite,0.9027960219594884,1,bipartite,1,fan-out,0.6,1,fan-out,0.6,1,fan-out,0.8,1,gather-scatter,0.6,1,fan-out,0.8,0,,0.7,0,,0.5
amlc_02082,HI-Small,0,legit,469.33800841514727,1.2085425445094578e-05,0,bipartite,6.376607e-06,0,bipartite,0.009551843,0,bipartite,0.0031901015764571,0,bipartite,1,cycle,0.8,0,,0.5,1,random,0.8,1,gather-scatter,0.6,1,gather-scatter,0.8,1,gather-scatter,0.8,1,gather-scatter,0.8
amlc_02083,HI-Small,1,legit,1.0,0.011849246224199,0,fan-in,0.031986732,0,fan-in,0.20783207,0,fan-in,0.0838893488216513,0,fan-in,1,fan-in,0.6,1,gather-scatter,0.6,1,fan-in,0.8,1,gather-scatter,0.6,1,fan-in,0.8,1,gather-scatter,0.8,1,fan-in,0.8
amlc_02084,HI-Small,0,legit,469.33800841514727,7.862440757450569e-05,0,scatter-gather,4.6439534e-05,0,scatter-gather,0.010790885,0,stack,0.0036386497893409,0,scatter-gather,1,gather-scatter,0.8,1,fan-out,0.6,1,fan-out,0.6,1,gather-scatter,0.8,1,gather-scatter,0.8,1,gather-scatter,0.8,0,,0.5
amlc_02085,HI-Small,0,legit,483.5610098176718,3.3412731825593064e-05,0,bipartite,1.3564942e-05,0,stack,0.016291909,0,bipartite,0.005446295531073,0,bipartite,1,gather-scatter,0.6,1,gather-scatter,0.6,0,,0.7,1,gather-scatter,0.8,1,gather-scatter,0.8,1,gather-scatter,0.8,1,gather-scatter,0.8
amlc_02086,HI-Small,0,legit,469.33800841514727,1.7342967527169745e-05,0,scatter-gather,5.273805e-05,0,scatter-gather,0.0010691558,0,stack,0.000379745590925,0,scatter-gather,1,fan-out,0.6,1,fan-out,0.8,1,fan-out,0.8,1,scatter-gather,0.6,1,fan-out,0.8,1,fan-out,0.8,0,,0.5
amlc_02087,HI-Small,0,legit,469.33800841514727,3.884430052778687e-05,0,bipartite,1.944746e-05,0,bipartite,0.011204595,0,bipartite,0.0037542955021317,0,bipartite,1,fan-out,0.8,1,fan-out,0.6,1,fan-out,0.6,1,scatter-gather,0.8,1,gather-scatter,0.8,1,gather-scatter,0.8,1,random,0.8
amlc_02088,HI-Small,0,legit,483.5610098176718,2.845641631867896e-05,0,stack,1.0497547e-05,0,stack,0.035318825,0,stack,0.0117859264524144,0,stack,1,fan-out,0.6,1,gather-scatter,0.6,1,fan-out,0.8,1,gather-scatter,0.8,1,fan-out,0.8,1,bipartite,0.8,0,,0.5
amlc_02089,HI-Small,0,legit,469.33800841514727,4.939230680468983e-05,0,random,8.857599e-05,0,stack,0.21145406,0,bipartite,0.0705306773160235,0,stack,1,scatter-gather,0.6,1,fan-out,0.6,1,gather-scatter,0.8,1,gather-scatter,0.8,1,gather-scatter,0.8,1,stack,0.8,1,stack,0.8
amlc_02090,HI-Small,0,legit,469.33800841514727,0.0062921408505199,0,gather-scatter,0.0038445394,0,gather-scatter,0.03721281,0,gather-scatter,0.0157831638876666,0,gather-scatter,0,,0.5,0,,0.5,1,fan-out,0.8,1,gather-scatter,0.8,1,fan-out,0.8,1,fan-out,0.8,0,,0.5
amlc_02091,HI-Small,0,legit,469.33800841514727,2.402532715600599e-05,0,bipartite,1.1311844e-05,0,stack,0.008037537,0,bipartite,0.0026909581691655,0,bipartite,1,scatter-gather,0.8,1,fan-out,0.6,1,scatter-gather,0.6,1,gather-scatter,0.6,1,fan-out,0.8,1,gather-scatter,0.8,1,gather-scatter,0.8
amlc_02092,HI-Small,0,legit,469.33800841514727,1.240573841276676e-05,0,bipartite,3.9412603e-06,0,fan-in,0.001003009,0,bipartite,0.000339785344336,0,bipartite,1,gather-scatter,0.6,1,random,0.8,1,random,0.8,1,gather-scatter,0.6,1,gather-scatter,0.8,1,gather-scatter,0.8,1,gather-scatter,0.8
amlc_02093,HI-Small,0,legit,469.33800841514727,3.1874810458724925e-05,0,stack,4.1621162e-05,0,stack,0.0038919724,0,stack,0.00132182277737,0,stack,1,gather-scatter,0.6,1,fan-in,0.6,1,gather-scatter,0.8,1,gather-scatter,0.8,1,fan-in,0.8,1,gather-scatter,0.8,1,fan-in,0.8
amlc_02094,HI-Small,0,legit,469.33800841514727,0.0010774904102242,0,stack,0.0002803662,0,stack,0.0022747635,0,stack,0.0012108733798894,0,stack,1,fan-in,0.8,1,fan-out,0.6,1,gather-scatter,0.6,1,gather-scatter,0.6,1,gather-scatter,0.8,1,gather-scatter,0.8,1,gather-scatter,0.8
amlc_02095,HI-Small,1,legit,1.0,0.0198588671287097,0,bipartite,0.008216411,0,bipartite,0.74592197,0,bipartite,0.2579990824725958,0,bipartite,1,gather-scatter,0.6,1,gather-scatter,0.6,0,,0.7,1,random,0.8,1,fan-out,0.8,1,fan-out,0.8,1,fan-out,0.8
amlc_02096,HI-Small,0,legit,469.33800841514727,0.0018349267872258,0,fan-out,0.00091160164,0,fan-out,0.009190775,0,fan-out,0.0039791012952483,0,fan-out,0,,0.5,0,,0.5,1,fan-out,0.8,1,gather-scatter,0.8,1,scatter-gather,0.8,1,fan-out,0.8,0,,0.5
amlc_02097,HI-Small,0,legit,469.33800841514727,0.0021217150328098,0,bipartite,0.00079404505,0,bipartite,0.08330077,0,bipartite,0.0287388431356404,0,bipartite,0,,0.7,0,,0.7,1,random,0.8,1,fan-in,0.6,1,random,0.8,1,random,0.8,0,,0.7
amlc_02098,HI-Small,0,legit,469.33800841514727,3.0727020765006155e-05,0,bipartite,8.049057e-06,0,stack,0.010306864,0,stack,0.0034485467078466,0,stack,1,gather-scatter,0.6,1,bipartite,0.8,0,,0.7,1,gather-scatter,0.6,1,gather-scatter,0.8,1,gather-scatter,0.8,1,gather-scatter,0.8
amlc_02099,HI-Small,0,legit,469.33800841514727,1.8230862535405417e-05,0,bipartite,8.626275e-06,0,stack,0.048664603,0,bipartite,0.0162304868400624,0,bipartite,1,gather-scatter,0.6,1,gather-scatter,0.6,1,gather-scatter,0.8,1,random,0.8,1,gather-scatter,0.8,1,random,0.8,1,gather-scatter,0.8
amlc_02100,HI-Small,0,legit,483.5610098176718,3.7843863442487e-05,0,bipartite,3.679272e-05,0,bipartite,0.02072244,0,bipartite,0.0069323586988487,0,bipartite,0,cycle,0.7,0,,0.7,0,,0.7,1,random,0.8,0,,0.7,0,,0.7,0,,0.7
amlc_02101,HI-Small,0,legit,1.0,0.7724523391697206,0,bipartite,0.7037369,0,bipartite,0.12207104,0,bipartite,0.5327534277032945,0,bipartite,0,,0.7,0,cycle,0.7,0,,0.7,1,random,0.8,0,,0.7,1,stack,0.8,0,,0.7
amlc_02102,HI-Small,0,legit,469.33800841514727,0.0106681661755567,0,gather-scatter,0.01022323,0,gather-scatter,0.10745122,0,gather-scatter,0.0427808731198551,0,gather-scatter,0,,0.5,0,,0.5,1,fan-out,0.6,1,gather-scatter,0.8,1,fan-out,0.8,0,,0.7,0,,0.5
amlc_02103,HI-Small,0,legit,483.5610098176718,4.499703152457577e-05,0,stack,2.5752282e-05,0,stack,0.014850503,0,stack,0.0049737507159008,0,stack,1,gather-scatter,0.8,0,cycle,0.7,1,gather-scatter,0.6,1,gather-scatter,0.6,1,gather-scatter,0.8,1,gather-scatter,0.8,1,gather-scatter,0.8
amlc_02104,HI-Small,0,legit,469.33800841514727,3.7598265399721366e-05,0,stack,7.0443884e-06,0,stack,0.0028894818,0,stack,0.0009780414975439,0,stack,1,gather-scatter,0.6,1,gather-scatter,0.6,1,scatter-gather,0.8,1,gather-scatter,0.8,1,scatter-gather,0.8,1,gather-scatter,0.8,0,,0.5
amlc_02105,HI-Small,0,legit,469.33800841514727,1.536732940967141e-05,0,bipartite,8.067521e-06,0,fan-in,0.006095039,0,bipartite,0.002039491347621,0,bipartite,1,fan-out,0.6,1,fan-out,0.6,1,fan-out,0.8,1,gather-scatter,0.8,1,fan-out,0.8,1,fan-out,0.8,0,,0.5
amlc_02106,HI-Small,1,legit,1.0,0.0110699930679714,0,bipartite,0.007420889,0,bipartite,0.66507787,0,bipartite,0.2278562490978809,0,bipartite,1,fan-in,0.6,1,fan-in,0.6,1,fan-in,0.6,1,gather-scatter,0.6,1,fan-in,0.8,1,fan-in,0.8,1,fan-in,0.8
amlc_02107,HI-Small,0,legit,483.5610098176718,0.0001288122849551,0,bipartite,0.00051584595,0,bipartite,0.034327146,0,bipartite,0.0116572679681086,0,bipartite,0,,0.7,0,,0.7,0,,0.7,0,,0.7,0,,0.7,0,,0.7,0,,0.7
amlc_02108,HI-Small,0,legit,469.33800841514727,0.0115332813091729,0,fan-out,0.001371693,0,fan-out,0.2049711,0,fan-out,0.0726253597173269,0,fan-out,0,,0.5,0,,0.5,1,fan-out,0.8,1,gather-scatter,0.8,1,fan-out,0.8,1,fan-out,0.8,0,,0.5
amlc_02109,HI-Small,1,legit,1.0,0.0117306757403858,0,fan-in,0.02774038,0,fan-in,0.4601423,0,fan-in,0.1665377899899564,0,fan-in,1,fan-in,0.6,1,fan-in,0.6,1,fan-in,0.6,1,gather-scatter,0.6,1,fan-in,0.8,1,fan-in,0.8,1,fan-in,0.8
amlc_02110,HI-Small,0,legit,469.33800841514727,1.2662770304915208e-05,0,bipartite,2.0719213e-05,0,fan-in,0.0056274785,0,bipartite,0.0018869534855154,0,bipartite,1,fan-out,0.8,1,gather-scatter,0.6,1,fan-out,0.6,1,gather-scatter,0.6,1,scatter-gather,0.8,1,gather-scatter,0.8,1,scatter-gather,0.8
amlc_02111,HI-Small,0,legit,469.33800841514727,1.3837119851826522e-05,0,bipartite,7.1793015e-06,0,bipartite,0.005135527,0,stack,0.001718847767331,0,bipartite,1,fan-in,0.8,0,,0.7,1,random,0.8,1,gather-scatter,0.6,1,fan-in,0.8,1,fan-in,0.8,1,fan-in,0.8
amlc_02112,HI-Small,0,legit,469.33800841514727,3.4344506151792186e-05,0,bipartite,1.1690398e-05,0,bipartite,0.06452863,0,bipartite,0.0215248880294481,0,bipartite,1,fan-out,0.8,1,gather-scatter,0.6,1,fan-out,0.8,1,random,0.8,1,scatter-gather,0.8,1,gather-scatter,0.8,0,,0.5
amlc_02113,HI-Small,0,legit,469.33800841514727,1.3382173238959402e-05,0,bipartite,9.278873e-06,0,fan-in,0.003070344,0,bipartite,0.0010310016769172,0,bipartite,1,gather-scatter,0.6,1,fan-out,0.6,1,gather-scatter,0.8,1,gather-scatter,0.8,1,gather-scatter,0.8,1,scatter-gather,0.8,1,scatter-gather,0.8
amlc_02114,HI-Small,0,legit,1.0,0.9386898090549536,1,bipartite,0.97619885,1,bipartite,0.2568521,0,bipartite,0.7239135838253042,0,bipartite,1,gather-scatter,0.6,1,gather-scatter,0.6,1,gather-scatter,0.6,1,gather-scatter,0.6,1,gather-scatter,0.8,1,gather-scatter,0.8,1,gather-scatter,0.8
amlc_02115,HI-Small,0,legit,469.33800841514727,0.003425021325127,0,fan-out,0.0092083765,0,fan-out,0.25509888,0,fan-out,0.0892440923939399,0,fan-out,0,,0.5,0,,0.5,1,scatter-gather,0.8,0,,0.7,1,fan-out,0.8,0,,0.7,0,,0.5
amlc_02116,HI-Small,0,legit,1.0,0.8342323449357819,1,bipartite,0.783404,0,bipartite,0.15879603,0,bipartite,0.5921441216304723,0,bipartite,1,gather-scatter,0.8,0,,0.7,0,,0.7,1,gather-scatter,0.6,1,gather-scatter,0.8,1,gather-scatter,0.8,1,gather-scatter,0.8
amlc_02117,HI-Small,0,legit,469.33800841514727,4.1193998351257794e-05,0,stack,1.2787512e-05,0,bipartite,0.11981586,0,bipartite,0.0399566150597159,0,bipartite,1,fan-out,0.6,1,fan-out,0.6,1,fan-out,0.8,1,gather-scatter,0.8,1,fan-out,0.8,1,gather-scatter,0.8,1,gather-scatter,0.8
amlc_02118,HI-Small,1,random,1.0,0.5734779390008298,0,bipartite,0.8933283,1,bipartite,0.9811058,1,bipartite,0.8159706841677773,1,bipartite,1,scatter-gather,0.8,1,gather-scatter,0.8,1,fan-out,0.8,1,scatter-gather,0.6,1,cycle,0.8,1,gather-scatter,0.8,1,gather-scatter,0.8
amlc_02119,HI-Small,1,legit,1.0,0.001651553530603,0,bipartite,0.0026109102,0,bipartite,0.33994406,0,bipartite,0.114735509455323,0,bipartite,1,cycle,0.8,1,fan-out,0.8,1,scatter-gather,0.8,1,scatter-gather,0.6,1,scatter-gather,0.8,1,random,0.8,1,gather-scatter,0.8
amlc_02120,HI-Small,0,legit,483.5610098176718,0.0006844654412841,0,fan-in,0.00078018336,0,fan-in,0.03010815,0,fan-in,0.0105242662974289,0,fan-in,1,fan-in,0.6,0,,0.5,1,fan-in,0.6,1,gather-scatter,0.6,1,fan-in,0.8,1,fan-in,0.8,1,fan-in,0.8
amlc_02121,HI-Small,0,legit,469.33800841514727,6.88661001529978e-05,0,bipartite,6.760905e-05,0,bipartite,0.009058571,0,bipartite,0.0030650155234003,0,bipartite,1,fan-in,0.6,0,,0.7,0,stack,0.7,1,gather-scatter,0.6,1,fan-in,0.8,1,fan-in,0.8,0,fan-in,0.7
amlc_02122,HI-Small,0,legit,1.0,0.932953327471796,1,stack,0.9488862,1,stack,0.65300226,0,stack,0.8449472684246908,1,stack,1,gather-scatter,0.6,1,gather-scatter,0.6,1,random,0.8,1,gather-scatter,0.6,1,fan-in,0.8,1,gather-scatter,0.8,1,fan-in,0.8
amlc_02123,HI-Small,0,legit,483.5610098176718,0.0009695502371348,0,bipartite,0.0002546829,0,bipartite,0.036852136,0,bipartite,0.0126921231323172,0,bipartite,1,random,0.8,1,fan-in,0.6,1,fan-in,0.8,1,fan-in,0.6,1,fan-in,0.8,1,fan-in,0.8,1,fan-in,0.8
amlc_02124,HI-Small,0,legit,469.33800841514727,1.2796561619425832e-05,0,bipartite,9.8694345e-06,0,fan-in,0.009829906,0,bipartite,0.0032841906038496,0,bipartite,1,fan-out,0.6,1,fan-out,0.6,1,fan-out,0.8,1,gather-scatter,0.6,1,fan-out,0.8,0,,0.7,0,,0.5
amlc_02125,HI-Small,0,legit,483.5610098176718,1.3461053751053291e-05,0,bipartite,9.108442e-06,0,bipartite,0.015012845,0,bipartite,0.0050118049642822,0,bipartite,1,gather-scatter,0.6,1,gather-scatter,0.6,1,gather-scatter,0.8,1,gather-scatter,0.6,1,fan-out,0.8,1,gather-scatter,0.8,1,scatter-gather,0.8
amlc_02126,HI-Small,0,legit,483.5610098176718,1.904023298793964e-05,0,stack,8.757954e-06,0,stack,0.021370064,0,stack,0.0071326208846481,0,stack,1,fan-out,0.8,1,fan-out,0.6,1,fan-out,0.8,1,gather-scatter,0.8,1,gather-scatter,0.8,1,gather-scatter,0.8,1,fan-out,0.8
amlc_02127,HI-Small,0,legit,483.5610098176718,1.445762809457402e-05,0,bipartite,1.4167112e-05,0,fan-in,0.022388812,0,bipartite,0.0074724789647613,0,bipartite,1,fan-out,0.6,0,,0.5,1,random,0.8,1,gather-scatter,0.8,1,scatter-gather,0.8,1,stack,0.8,1,gather-scatter,0.8
amlc_02128,HI-Small,0,legit,469.33800841514727,3.3462950382418745e-05,0,stack,1.27885405e-05,0,stack,0.008812383,0,bipartite,0.0029528781027223,0,stack,1,fan-out,0.6,1,gather-scatter,0.6,1,fan-out,0.8,1,gather-scatter,0.8,1,gather-scatter,0.8,1,gather-scatter,0.8,1,gather-scatter,0.8
amlc_02129,HI-Small,0,legit,1.0,0.91203041884426,1,bipartite,0.9215166,1,bipartite,0.29127458,0,bipartite,0.7082738644981507,0,bipartite,1,fan-in,0.6,1,fan-in,0.6,1,fan-in,0.8,1,gather-scatter,0.6,1,fan-in,0.8,1,fan-in,0.8,1,fan-in,0.8
amlc_02130,HI-Small,0,legit,469.33800841514727,1.2528252458885356e-05,0,bipartite,9.063026e-06,0,bipartite,0.0020049408,0,bipartite,0.0006755106797616,0,bipartite,1,random,0.8,1,fan-in,0.6,0,,0.7,1,gather-scatter,0.6,1,fan-in,0.8,1,scatter-gather,0.8,1,fan-in,0.8
amlc_02131,HI-Small,0,legit,469.33800841514727,1.915182678925993e-05,0,bipartite,2.0236992e-05,0,bipartite,0.009828099,0,bipartite,0.003289162622801,0,bipartite,1,fan-out,0.8,1,gather-scatter,0.6,1,fan-out,0.8,1,gather-scatter,0.6,1,gather-scatter,0.8,1,random,0.8,1,gather-scatter,0.8
amlc_02132,HI-Small,0,legit,483.5610098176718,0.000141802806008,0,bipartite,0.00014631102,0,bipartite,0.038936447,0,bipartite,0.0130748537273445,0,bipartite,1,fan-out,0.6,1,fan-out,0.6,1,fan-out,0.8,1,gather-scatter,0.6,1,fan-out,0.8,1,fan-out,0.8,1,fan-out,0.8
amlc_02133,HI-Small,0,legit,1.0,0.917886419223372,1,bipartite,0.9446846,1,bipartite,0.31078035,0,bipartite,0.7244504634296312,0,bipartite,0,,0.7,0,,0.7,0,,0.7,0,,0.7,0,,0.7,0,,0.7,0,,0.7
amlc_02134,HI-Small,0,legit,483.5610098176718,1.2780167377911743e-05,0,bipartite,4.7661765e-06,0,bipartite,0.01748962,0,bipartite,0.0058357219656612,0,bipartite,1,random,0.8,1,gather-scatter,0.6,0,stack,0.7,1,gather-scatter,0.8,1,gather-scatter,0.8,1,random,0.8,1,scatter-gather,0.8
amlc_02135,HI-Small,0,legit,469.33800841514727,1.3331510467782251e-05,0,bipartite,7.910449e-06,0,bipartite,0.0056681996,0,bipartite,0.0018964805269737,0,bipartite,1,random,0.8,1,gather-scatter,0.6,1,random,0.8,1,gather-scatter,0.6,1,gather-scatter,0.8,1,fan-out,0.8,1,gather-scatter,0.8
amlc_02136,HI-Small,0,legit,1.0,0.822544423863766,1,bipartite,0.7360201,0,bipartite,0.32595548,0,bipartite,0.6281733307989033,0,bipartite,1,fan-in,0.6,1,fan-in,0.6,1,fan-in,0.8,1,gather-scatter,0.6,1,fan-in,0.8,1,fan-in,0.8,0,,0.7
amlc_02137,HI-Small,0,legit,469.33800841514727,0.0014887990957222,0,fan-in,0.0012396176,0,fan-in,0.08559255,0,fan-in,0.0294403232344148,0,fan-in,1,gather-scatter,0.6,1,gather-scatter,0.6,1,fan-in,0.6,1,gather-scatter,0.6,1,fan-in,0.8,1,gather-scatter,0.8,1,fan-in,0.8
amlc_02138,HI-Small,0,legit,1.0,0.8933376668603836,1,bipartite,0.8957094,1,bipartite,0.0029477521,0,bipartite,0.5973316048000544,0,bipartite,1,fan-in,0.8,1,fan-in,0.6,1,fan-in,0.8,0,,0.7,1,fan-in,0.8,1,fan-in,0.8,1,fan-in,0.8
amlc_02139,HI-Small,0,legit,469.33800841514727,0.0106823369220072,0,fan-out,0.0018135008,0,fan-out,0.04483919,0,fan-out,0.01911167538297,0,fan-out,0,,0.5,0,,0.5,0,,0.5,0,,0.5,1,fan-out,0.8,0,,0.7,0,,0.5
amlc_02140,HI-Small,0,legit,1.0,0.6198250118613846,0,scatter-gather,0.7728506,0,stack,0.9086771,1,stack,0.767117562019845,0,stack,1,fan-out,0.6,1,fan-out,0.6,1,fan-out,0.6,1,gather-scatter,0.8,1,fan-out,0.8,1,fan-out,0.8,1,scatter-gather,0.8
amlc_02141,HI-Small,0,legit,483.5610098176718,3.941942488712594e-05,0,stack,4.270575e-05,0,stack,0.026680041,0,stack,0.0089207220929358,0,stack,1,gather-scatter,0.6,1,fan-in,0.6,1,random,0.8,1,gather-scatter,0.6,1,gather-scatter,0.8,1,gather-scatter,0.8,1,gather-scatter,0.8
amlc_02142,HI-Small,0,legit,469.33800841514727,1.9748012902921175e-05,0,bipartite,1.3697741e-05,0,bipartite,0.011597499,0,bipartite,0.0038769816685733,0,bipartite,1,fan-out,0.6,1,fan-out,0.6,1,fan-out,0.8,1,fan-out,0.6,1,scatter-gather,0.8,1,fan-out,0.8,1,scatter-gather,0.8
amlc_02143,HI-Small,0,legit,469.33800841514727,3.4907645103541844e-05,0,bipartite,4.4786568e-05,0,stack,0.004224804,0,random,0.0014348328142931,0,stack,1,fan-out,0.6,1,fan-in,0.6,1,fan-in,0.6,1,gather-scatter,0.8,1,fan-in,0.8,1,gather-scatter,0.8,1,gather-scatter,0.8
amlc_02144,HI-Small,0,legit,1.0,0.9338603007959364,1,bipartite,0.969273,1,bipartite,0.7196942,0,bipartite,0.874275823042361,1,bipartite,1,gather-scatter,0.6,1,gather-scatter,0.6,1,fan-out,0.6,1,gather-scatter,0.8,1,gather-scatter,0.8,1,gather-scatter,0.8,1,gather-scatter,0.8
amlc_02145,HI-Small,0,legit,469.33800841514727,0.0043012230328462,0,fan-out,0.0026718986,0,fan-out,0.14281747,0,fan-out,0.0499301963531471,0,fan-out,0,,0.5,0,,0.5,0,,0.5,0,,0.5,0,,0.5,0,,0.5,0,,0.5
amlc_02146,HI-Small,0,legit,483.5610098176718,1.7363780272141694e-05,0,bipartite,1.8062212e-05,0,bipartite,0.021507267,0,random,0.0071808976336831,0,bipartite,1,fan-out,0.6,1,fan-out,0.6,1,gather-scatter,0.8,1,gather-scatter,0.8,1,scatter-gather,0.8,1,scatter-gather,0.8,1,scatter-gather,0.8
amlc_02147,HI-Small,0,legit,469.33800841514727,1.959564565136928e-05,0,stack,6.744708e-06,0,stack,0.083341114,0,stack,0.0277891515255904,0,stack,1,gather-scatter,0.6,1,scatter-gather,0.8,1,fan-in,0.8,1,gather-scatter,0.6,1,gather-scatter,0.8,1,gather-scatter,0.8,1,gather-scatter,0.8
amlc_02148,HI-Small,0,legit,469.33800841514727,4.671733823139261e-05,0,stack,1.3143081e-05,0,stack,0.1821256,0,stack,0.0607284862036989,0,stack,1,gather-scatter,0.6,1,gather-scatter,0.6,1,gather-scatter,0.8,1,bipartite,0.8,1,gather-scatter,0.8,1,gather-scatter,0.8,1,gather-scatter,0.8
amlc_02149,HI-Small,0,legit,1.0,0.8480070285102153,1,bipartite,0.87301606,1,bipartite,0.24606645,0,bipartite,0.6556965129938531,0,bipartite,1,fan-in,0.6,1,fan-in,0.8,1,fan-in,0.8,1,gather-scatter,0.6,1,fan-in,0.8,1,fan-in,0.8,1,fan-in,0.8
amlc_02150,HI-Small,0,legit,1.0,0.8755918086168988,1,stack,0.1801743,0,stack,0.27368957,0,stack,0.4431518942315652,0,stack,0,,0.7,0,cycle,0.7,1,fan-in,0.6,1,gather-scatter,0.6,1,fan-in,0.8,1,gather-scatter,0.8,0,,0.7
amlc_02151,HI-Small,0,legit,1.0,0.6422905218616257,0,fan-in,0.8428632,1,fan-in,0.36472708,0,fan-in,0.6166269346083247,0,fan-in,1,fan-in,0.8,1,fan-in,0.6,1,fan-in,0.6,1,gather-scatter,0.6,1,fan-in,0.8,1,fan-in,0.8,1,fan-in,0.8
amlc_02152,HI-Small,0,legit,1.0,0.8094676452771905,1,bipartite,0.7093631,0,bipartite,0.101433136,0,bipartite,0.540087961253063,0,bipartite,1,fan-in,0.6,1,fan-in,0.6,1,fan-in,0.8,1,fan-in,0.6,1,fan-in,0.8,0,,0.7,1,fan-in,0.8
amlc_02153,HI-Small,0,legit,469.33800841514727,0.0109843180202906,0,scatter-gather,0.007282312,0,scatter-gather,0.08765874,0,scatter-gather,0.0353084568761608,0,scatter-gather,0,,0.5,0,,0.5,1,random,0.8,0,,0.7,1,fan-out,0.8,0,,0.7,0,,0.5
amlc_02154,HI-Small,0,legit,483.5610098176718,4.29023832528915e-05,0,bipartite,2.730582e-05,0,bipartite,0.01630938,0,bipartite,0.0054598629113406,0,bipartite,0,cycle,0.7,0,,0.7,0,,0.7,1,gather-scatter,0.8,0,,0.7,0,,0.7,0,,0.7
amlc_02155,HI-Small,0,legit,483.5610098176718,1.368183933958316e-05,0,bipartite,3.6164864e-05,0,stack,0.028369088,0,bipartite,0.0094729781429254,0,bipartite,1,gather-scatter,0.8,0,,0.5,1,gather-scatter,0.6,1,gather-scatter,0.6,1,gather-scatter,0.8,1,gather-scatter,0.8,1,gather-scatter,0.8
amlc_02156,HI-Small,0,legit,469.33800841514727,1.225827184321608e-05,0,bipartite,7.67326e-06,0,bipartite,0.010164095,0,bipartite,0.0033946755403509,0,bipartite,1,fan-out,0.6,1,scatter-gather,0.6,1,gather-scatter,0.8,1,gather-scatter,0.8,1,gather-scatter,0.8,1,gather-scatter,0.8,1,gather-scatter,0.8
amlc_02157,HI-Small,0,legit,483.5610098176718,3.45535865833078e-05,0,bipartite,2.3242874e-05,0,stack,0.028120032,0,bipartite,0.0093926093469022,0,bipartite,1,gather-scatter,0.6,1,fan-out,0.6,0,,0.7,1,random,0.8,1,scatter-gather,0.8,1,random,0.8,0,,0.5
amlc_02158,HI-Small,0,legit,469.33800841514727,9.961307865808544e-05,0,stack,2.7450194e-05,0,stack,0.08771439,0,stack,0.0292804840798947,0,stack,1,fan-out,0.6,1,fan-out,0.6,1,fan-out,0.8,1,gather-scatter,0.8,1,fan-out,0.8,0,,0.7,0,,0.5
amlc_02159,HI-Small,0,legit,1.0,0.2451294771182395,0,bipartite,0.15590695,0,bipartite,0.9141947,1,bipartite,0.4384103752291155,0,bipartite,1,gather-scatter,0.8,0,,0.5,1,fan-in,0.6,1,gather-scatter,0.8,1,gather-scatter,0.8,1,gather-scatter,0.8,1,gather-scatter,0.8
amlc_02160,HI-Small,0,legit,469.33800841514727,1.2647436591548314e-05,0,bipartite,1.7900955e-05,0,fan-in,0.010399154,0,bipartite,0.0034765675929502,0,bipartite,1,fan-out,0.6,1,fan-out,0.6,0,,0.7,1,gather-scatter,0.8,1,gather-scatter,0.8,1,gather-scatter,0.8,1,gather-scatter,0.8
amlc_02161,HI-Small,0,legit,469.33800841514727,1.3055584330286526e-05,0,stack,9.1368e-06,0,stack,0.010106911,0,bipartite,0.0033763677786369,0,stack,1,fan-out,0.6,1,fan-out,0.6,1,fan-out,0.8,1,gather-scatter,0.6,1,fan-out,0.8,1,fan-out,0.8,0,,0.5
amlc_02162,HI-Small,0,legit,483.5610098176718,2.982259592342098e-05,0,stack,1.7117954e-05,0,stack,0.015504723,0,bipartite,0.0051838879883957,0,stack,1,fan-out,0.6,1,fan-out,0.6,1,scatter-gather,0.8,1,random,0.8,1,scatter-gather,0.8,1,fan-out,0.8,0,,0.5
amlc_02163,HI-Small,0,legit,469.33800841514727,0.0002234532282053,0,bipartite,0.00017454293,0,bipartite,0.08860055,0,bipartite,0.029666183244346,0,bipartite,1,gather-scatter,0.6,1,fan-out,0.8,1,fan-out,0.8,1,gather-scatter,0.6,1,fan-out,0.8,1,gather-scatter,0.8,1,gather-scatter,0.8
amlc_02164,HI-Small,0,legit,469.33800841514727,0.0001316790933679,0,random,3.8698272e-05,0,scatter-gather,0.0098471325,0,stack,0.0033391699514726,0,scatter-gather,0,,0.5,0,,0.5,1,scatter-gather,0.8,1,gather-scatter,0.6,1,gather-scatter,0.8,1,fan-out,0.8,0,,0.5
amlc_02165,HI-Small,0,legit,469.33800841514727,0.0001880342658162,0,stack,0.00022276817,0,bipartite,0.29985684,0,bipartite,0.100089214666297,0,bipartite,1,fan-out,0.6,0,,0.7,1,gather-scatter,0.8,1,gather-scatter,0.6,1,gather-scatter,0.8,1,gather-scatter,0.8,1,gather-scatter,0.8
amlc_02166,HI-Small,0,legit,483.5610098176718,9.598308863535468e-05,0,bipartite,7.337153e-05,0,bipartite,0.01988161,0,bipartite,0.0066836548145827,0,bipartite,0,,0.7,0,,0.7,0,,0.7,1,gather-scatter,0.6,0,,0.7,0,,0.7,0,,0.7
amlc_02167,HI-Small,0,legit,483.5610098176718,2.0927297218443987e-05,0,stack,1.6168924e-05,0,stack,0.039324988,0,bipartite,0.0131206946336623,0,stack,1,fan-out,0.6,1,scatter-gather,0.6,1,random,0.8,1,random,0.8,1,fan-out,0.8,0,,0.7,0,,0.5
amlc_02168,HI-Small,1,legit,1.0,0.0408410740114402,0,fan-in,0.015765142,0,fan-in,0.69775677,0,fan-in,0.2514543276600424,0,fan-in,1,fan-out,0.8,1,fan-in,0.8,1,scatter-gather,0.8,1,gather-scatter,0.6,1,gather-scatter,0.8,1,gather-scatter,0.8,1,gather-scatter,0.8
amlc_02169,HI-Small,0,legit,469.33800841514727,1.2268768031154718e-05,0,bipartite,5.6230847e-06,0,fan-in,0.0007077667,0,bipartite,0.0002418861780548,0,bipartite,1,fan-in,0.6,1,fan-out,0.8,1,fan-in,0.8,1,gather-scatter,0.6,1,fan-in,0.8,1,fan-in,0.8,1,fan-in,0.8
amlc_02170,HI-Small,0,legit,483.5610098176718,8.04159097970894e-05,0,bipartite,7.526993e-05,0,bipartite,0.018567793,0,bipartite,0.0062411596360349,0,bipartite,1,scatter-gather,0.6,1,gather-scatter,0.6,1,fan-out,0.8,1,gather-scatter,0.8,1,fan-out,0.8,1,gather-scatter,0.8,0,,0.5
amlc_02171,HI-Small,0,legit,469.33800841514727,0.0002205928871405,0,bipartite,0.00048359562,0,bipartite,0.0027278403,0,bipartite,0.0011440096121125,0,bipartite,1,gather-scatter,0.6,1,fan-in,0.6,1,gather-scatter,0.6,1,gather-scatter,0.6,1,fan-in,0.8,1,gather-scatter,0.8,1,fan-in,0.8
amlc_02172,HI-Small,0,legit,469.33800841514727,1.4183733735036213e-05,0,bipartite,4.2930296e-06,0,fan-in,0.010825127,0,bipartite,0.0036145347088577,0,bipartite,1,fan-out,0.6,1,gather-scatter,0.6,1,gather-scatter,0.8,1,gather-scatter,0.8,1,fan-out,0.8,1,gather-scatter,0.8,1,gather-scatter,0.8
amlc_02173,HI-Small,0,legit,469.33800841514727,0.0162386609878224,0,fan-out,0.0034886438,0,fan-out,0.47196546,0,fan-out,0.1638975889168624,0,fan-out,0,,0.5,0,,0.5,1,fan-out,0.8,1,gather-scatter,0.8,1,fan-out,0.8,1,fan-out,0.8,0,,0.5
amlc_02174,HI-Small,0,legit,469.33800841514727,0.0311904989148964,0,cycle,0.0020832266,0,scatter-gather,0.88859063,1,cycle,0.3072881197855966,0,cycle,1,fan-out,0.6,1,gather-scatter,0.6,1,bipartite,0.8,1,gather-scatter,0.8,1,gather-scatter,0.8,1,gather-scatter,0.8,0,,0.5
amlc_02175,HI-Small,0,legit,1.0,0.8719629949449172,1,cycle,0.15927042,0,scatter-gather,0.9372393,1,cycle,0.6561575682997264,0,cycle,1,fan-out,0.6,1,fan-out,0.6,1,gather-scatter,0.8,1,gather-scatter,0.8,1,fan-out,0.8,1,gather-scatter,0.8,0,,0.5
amlc_02176,HI-Small,0,legit,469.33800841514727,1.3134645550845508e-05,0,bipartite,4.6035047e-06,0,fan-in,0.0030740607,0,bipartite,0.0010305996033851,0,bipartite,1,fan-out,0.8,1,fan-out,0.8,1,scatter-gather,0.6,1,gather-scatter,0.6,1,gather-scatter,0.8,1,gather-scatter,0.8,1,gather-scatter,0.8
amlc_02177,HI-Small,0,legit,469.33800841514727,1.772442266546188e-05,0,bipartite,7.454318e-06,0,bipartite,0.0068571814,0,bipartite,0.0022941200581397,0,bipartite,1,fan-in,0.8,1,gather-scatter,0.8,1,scatter-gather,0.8,1,gather-scatter,0.8,1,scatter-gather,0.8,1,gather-scatter,0.8,1,gather-scatter,0.8
amlc_02178,HI-Small,0,legit,469.33800841514727,1.438722540777886e-05,0,bipartite,1.9422676e-05,0,fan-in,0.0056994883,0,bipartite,0.0019110994118901,0,bipartite,1,gather-scatter,0.6,1,fan-out,0.6,1,scatter-gather,0.6,1,gather-scatter,0.8,1,gather-scatter,0.8,1,gather-scatter,0.8,1,gather-scatter,0.8
amlc_02179,HI-Small,0,legit,469.33800841514727,6.845333180276899e-05,0,bipartite,2.236263e-05,0,bipartite,0.10459926,0,bipartite,0.0348966919186075,0,bipartite,1,gather-scatter,0.6,1,gather-scatter,0.6,1,gather-scatter,0.8,1,gather-scatter,0.6,1,gather-scatter,0.8,1,gather-scatter,0.8,1,gather-scatter,0.8
amlc_02180,HI-Small,1,fan-out,1.0,0.9912628000417648,1,fan-out,0.99943495,1,fan-out,0.999164,1,fan-out,0.9966205777538916,1,fan-out,1,random,0.8,1,random,0.8,0,,0.7,1,gather-scatter,0.6,1,gather-scatter,0.8,1,stack,0.8,1,stack,0.8
amlc_02181,HI-Small,1,fan-out,1.0,0.9588659376399976,1,fan-out,0.9986987,1,fan-out,0.99783677,1,fan-out,0.985133805887476,1,fan-out,1,random,0.8,1,scatter-gather,0.8,0,,0.7,1,gather-scatter,0.8,1,gather-scatter,0.8,0,,0.7,1,random,0.8
amlc_02182,HI-Small,1,fan-out,1.0,0.9919314819469808,1,fan-out,0.9986189,1,fan-out,0.9990183,1,fan-out,0.99652289807448,1,fan-out,1,random,0.8,1,random,0.8,0,cycle,0.7,1,scatter-gather,0.8,0,,0.7,0,,0.7,1,stack,0.8
amlc_02183,HI-Small,1,fan-out,1.0,0.991473381577044,1,fan-out,0.99789774,1,fan-out,0.9981739,1,fan-out,0.9958483394179442,1,fan-out,1,random,0.8,1,random,0.8,0,,0.7,1,gather-scatter,0.8,1,gather-scatter,0.8,1,stack,0.8,1,gather-scatter,0.8
amlc_02184,HI-Small,1,fan-out,1.0,0.9931774101329108,1,fan-out,0.9991778,1,fan-out,0.99920875,1,fan-out,0.9971879906678286,1,fan-out,1,gather-scatter,0.6,0,,0.5,0,,0.7,1,gather-scatter,0.6,1,fan-out,0.8,0,,0.7,1,gather-scatter,0.8
amlc_02185,HI-Small,1,fan-out,1.0,0.982387486048814,1,fan-out,0.9996031,1,fan-out,0.99450046,1,fan-out,0.992163678986588,1,fan-out,1,gather-scatter,0.6,1,random,0.8,1,random,0.8,1,bipartite,0.8,1,fan-out,0.8,1,fan-out,0.8,1,random,0.8
amlc_02186,HI-Small,1,fan-out,1.0,0.9714465585748406,1,fan-out,0.99803436,1,fan-out,0.9975074,1,fan-out,0.9889961033198588,1,fan-out,1,gather-scatter,0.6,1,gather-scatter,0.6,0,,0.7,1,random,0.8,1,gather-scatter,0.8,1,gather-scatter,0.8,1,bipartite,0.8
amlc_02187,HI-Small,1,fan-out,1.0,0.991864561080366,1,fan-out,0.9990557,1,fan-out,0.9987728,1,fan-out,0.9965643482206364,1,fan-out,1,random,0.8,0,,0.7,0,,0.7,1,gather-scatter,0.8,1,gather-scatter,0.8,0,,0.7,0,,0.7
amlc_02188,HI-Small,1,fan-out,1.0,0.9933449861989024,1,fan-out,0.99951345,1,fan-out,0.9960207,1,fan-out,0.9962930360630354,1,fan-out,1,random,0.8,1,gather-scatter,0.6,1,random,0.8,1,gather-scatter,0.8,1,gather-scatter,0.8,1,gather-scatter,0.8,1,bipartite,0.8
amlc_02189,HI-Small,1,fan-out,1.0,0.9916820776030352,1,fan-out,0.9984768,1,fan-out,0.9882571,1,fan-out,0.9928053303415552,1,fan-out,1,gather-scatter,0.6,1,gather-scatter,0.8,0,,0.7,1,bipartite,0.8,1,gather-scatter,0.8,1,random,0.8,1,bipartite,0.8
amlc_02190,HI-Small,1,fan-out,1.0,0.993349321930771,1,fan-out,0.9993237,1,fan-out,0.9359788,1,fan-out,0.976217272629064,1,fan-out,1,gather-scatter,0.6,0,,0.7,1,random,0.8,1,gather-scatter,0.6,1,fan-out,0.8,1,gather-scatter,0.8,1,stack,0.8
amlc_02191,HI-Small,1,scatter-gather,1.0,0.8807792909391482,1,fan-out,0.8872608,1,fan-out,0.96906155,1,fan-out,0.9123672130189924,1,fan-out,1,fan-out,0.8,1,fan-out,0.6,1,fan-in,0.8,1,gather-scatter,0.6,1,scatter-gather,0.8,1,scatter-gather,0.8,0,,0.5
amlc_02192,HI-Small,1,scatter-gather,1.0,0.9363128919952424,1,scatter-gather,0.9941376,1,scatter-gather,0.97750914,1,scatter-gather,0.969319872708894,1,scatter-gather,1,fan-out,0.8,1,gather-scatter,0.6,1,gather-scatter,0.8,1,gather-scatter,0.8,1,scatter-gather,0.8,0,,0.7,0,,0.5
amlc_02193,HI-Small,1,scatter-gather,1.0,0.8867536954795318,1,fan-out,0.94192016,1,fan-out,0.98158693,1,fan-out,0.9367535966209238,1,fan-out,1,fan-out,0.6,1,fan-out,0.8,1,scatter-gather,0.6,1,gather-scatter,0.6,1,scatter-gather,0.8,1,random,0.8,0,,0.5
amlc_02194,HI-Small,1,scatter-gather,1.0,0.934802788863818,1,scatter-gather,0.9833433,1,scatter-gather,0.98518836,1,scatter-gather,0.967778152350002,1,scatter-gather,0,,0.5,0,,0.5,1,scatter-gather,0.8,1,gather-scatter,0.8,1,fan-out,0.8,1,fan-out,0.8,0,,0.5
amlc_02195,HI-Small,1,scatter-gather,1.0,0.8131800535550859,1,fan-out,0.8551345,1,fan-out,0.9808771,1,fan-out,0.8830638807095138,1,fan-out,1,fan-out,0.8,1,scatter-gather,0.8,1,gather-scatter,0.8,1,gather-scatter,0.6,1,scatter-gather,0.8,1,cycle,0.8,0,,0.5
amlc_02196,HI-Small,1,scatter-gather,1.0,0.9233868264542366,1,scatter-gather,0.98905355,1,scatter-gather,0.949617,1,scatter-gather,0.9540191340243268,1,scatter-gather,1,gather-scatter,0.6,1,scatter-gather,0.6,1,fan-in,0.8,1,gather-scatter,0.8,1,gather-scatter,0.8,1,gather-scatter,0.8,1,gather-scatter,0.8
amlc_02197,HI-Small,1,scatter-gather,1.0,0.863199848120739,1,fan-out,0.80540335,1,fan-out,0.9847188,1,fan-out,0.8844406664985186,1,fan-out,1,fan-out,0.8,1,gather-scatter,0.6,1,gather-scatter,0.8,1,gather-scatter,0.8,1,scatter-gather,0.8,1,scatter-gather,0.8,0,,0.5
amlc_02198,HI-Small,1,scatter-gather,1.0,0.9393219233740088,1,scatter-gather,0.99102134,1,scatter-gather,0.96795416,1,scatter-gather,0.9660991390939792,1,scatter-gather,1,fan-out,0.6,1,fan-out,0.6,1,fan-out,0.8,1,gather-scatter,0.8,1,scatter-gather,0.8,1,scatter-gather,0.8,0,,0.5
amlc_02199,HI-Small,1,scatter-gather,1.0,0.7469875713996983,0,fan-out,0.62595624,0,fan-out,0.9937733,1,fan-out,0.7889056967633596,0,fan-out,1,fan-out,0.8,1,fan-in,0.6,1,gather-scatter,0.8,1,gather-scatter,0.8,1,scatter-gather,0.8,1,gather-scatter,0.8,0,,0.5
amlc_02200,HI-Small,0,legit,1.0,0.9179440413985392,1,scatter-gather,0.9681463,1,scatter-gather,0.97783995,1,scatter-gather,0.95464343743436,1,scatter-gather,1,gather-scatter,0.6,1,fan-out,0.8,1,gather-scatter,0.8,1,gather-scatter,0.8,1,gather-scatter,0.8,1,gather-scatter,0.8,0,,0.5
amlc_02201,HI-Small,1,scatter-gather,1.0,0.9101945495355044,1,scatter-gather,0.9820571,1,scatter-gather,0.9788974,1,scatter-gather,0.9570496789530883,1,scatter-gather,1,fan-in,0.6,1,gather-scatter,0.6,1,scatter-gather,0.8,1,gather-scatter,0.8,1,scatter-gather,0.8,1,gather-scatter,0.8,0,,0.5
amlc_02202,HI-Small,1,scatter-gather,1.0,0.8103380891554746,1,fan-out,0.9147326,1,fan-out,0.99711573,1,fan-out,0.9073954652704528,1,fan-out,1,fan-out,0.8,1,fan-out,0.6,1,scatter-gather,0.8,1,scatter-gather,0.8,1,scatter-gather,0.8,1,gather-scatter,0.8,0,,0.5
amlc_02203,HI-Small,1,scatter-gather,1.0,0.9240965325730996,1,scatter-gather,0.99039936,1,scatter-gather,0.9978266,1,scatter-gather,0.9707741564875828,1,scatter-gather,1,fan-out,0.8,1,fan-out,0.6,1,scatter-gather,0.6,1,gather-scatter,0.8,1,scatter-gather,0.8,1,gather-scatter,0.8,0,,0.5
amlc_02204,HI-Small,1,scatter-gather,1.0,0.8758880733015999,1,fan-out,0.8994568,1,fan-out,0.98811376,1,fan-out,0.9211528777600284,1,fan-out,1,fan-out,0.8,1,fan-out,0.6,1,gather-scatter,0.6,1,gather-scatter,0.8,1,scatter-gather,0.8,1,scatter-gather,0.8,0,,0.5
amlc_02205,HI-Small,1,scatter-gather,1.0,0.9467720956558624,1,scatter-gather,0.99312246,1,scatter-gather,0.98901165,1,scatter-gather,0.9763020664769622,1,scatter-gather,1,fan-out,0.8,1,fan-out,0.6,1,fan-out,0.8,1,gather-scatter,0.8,1,scatter-gather,0.8,1,gather-scatter,0.8,0,,0.5
amlc_02206,HI-Small,1,scatter-gather,1.0,0.8693290717604114,1,fan-out,0.9371166,1,fan-out,0.9900032,1,fan-out,0.9321496409575925,1,fan-out,1,fan-out,0.8,1,fan-out,0.6,1,fan-out,0.6,1,gather-scatter,0.6,1,scatter-gather,0.8,1,gather-scatter,0.8,0,,0.5
amlc_02207,HI-Small,1,scatter-gather,1.0,0.939744728689767,1,scatter-gather,0.99193925,1,scatter-gather,0.9935241,1,scatter-gather,0.9750693499662404,1,scatter-gather,1,scatter-gather,0.8,1,gather-scatter,0.8,1,gather-scatter,0.8,1,gather-scatter,0.6,1,gather-scatter,0.8,1,gather-scatter,0.8,1,gather-scatter,0.8
amlc_02208,HI-Small,1,scatter-gather,1.0,0.8461728166378453,1,fan-out,0.9135702,1,fan-out,0.9855844,1,fan-out,0.9151091400397128,1,fan-out,1,fan-out,0.8,1,fan-out,0.6,1,gather-scatter,0.8,1,gather-scatter,0.8,1,scatter-gather,0.8,1,scatter-gather,0.8,0,,0.5
amlc_02209,HI-Small,1,scatter-gather,1.0,0.934439123118303,1,scatter-gather,0.9928235,1,scatter-gather,0.9783182,1,scatter-gather,0.9685269396981868,1,scatter-gather,1,fan-out,0.8,1,fan-out,0.8,1,fan-out,0.8,1,cycle,0.8,1,scatter-gather,0.8,1,gather-scatter,0.8,0,,0.5
amlc_02210,HI-Small,1,scatter-gather,1.0,0.645471228608722,0,fan-out,0.78407127,0,fan-out,0.9932302,1,fan-out,0.807590906305192,1,fan-out,1,fan-out,0.6,1,gather-scatter,0.6,1,fan-in,0.8,1,gather-scatter,0.6,1,scatter-gather,0.8,1,scatter-gather,0.8,0,,0.5
amlc_02211,HI-Small,1,scatter-gather,1.0,0.9134190052643848,1,scatter-gather,0.9921687,1,scatter-gather,0.9894217,1,scatter-gather,0.9650031516914708,1,scatter-gather,1,fan-out,0.8,1,gather-scatter,0.6,1,scatter-gather,0.6,1,gather-scatter,0.8,1,scatter-gather,0.8,1,scatter-gather,0.8,0,,0.5
amlc_02212,HI-Small,1,scatter-gather,1.0,0.5268554747169469,0,fan-out,0.25849476,0,fan-out,0.9944083,1,fan-out,0.5932528495810182,0,fan-out,1,fan-out,0.8,1,fan-out,0.8,0,,0.7,1,cycle,0.8,1,scatter-gather,0.8,1,gather-scatter,0.8,0,,0.5
amlc_02213,HI-Small,0,legit,1.0,0.8587793300258308,1,scatter-gather,0.9292782,1,scatter-gather,0.99557054,1,scatter-gather,0.9278760217861066,1,scatter-gather,1,fan-out,0.6,1,fan-out,0.6,1,scatter-gather,0.8,1,gather-scatter,0.6,1,fan-out,0.8,1,gather-scatter,0.8,0,,0.5
amlc_02214,HI-Small,1,scatter-gather,1.0,0.8260766799674112,1,scatter-gather,0.84834874,1,scatter-gather,0.9911348,1,scatter-gather,0.8885200796996778,1,scatter-gather,1,fan-out,0.6,1,fan-out,0.6,1,gather-scatter,0.8,1,gather-scatter,0.8,1,scatter-gather,0.8,1,fan-out,0.8,0,,0.5
amlc_02215,HI-Small,1,scatter-gather,1.0,0.7861708137794594,0,fan-out,0.835293,1,fan-out,0.98054695,1,fan-out,0.8673369200164828,1,fan-out,1,fan-out,0.8,0,,0.5,1,gather-scatter,0.8,1,gather-scatter,0.6,1,scatter-gather,0.8,1,scatter-gather,0.8,0,,0.5
amlc_02216,HI-Small,1,scatter-gather,1.0,0.9203094361853822,1,scatter-gather,0.98166525,1,scatter-gather,0.99007833,1,scatter-gather,0.9640176732881938,1,scatter-gather,1,fan-out,0.6,1,gather-scatter,0.6,1,fan-in,0.8,1,fan-out,0.8,1,scatter-gather,0.8,1,gather-scatter,0.8,0,,0.5
amlc_02217,HI-Small,0,legit,483.5610098176718,3.835869169268965e-05,0,stack,2.1292508e-05,0,stack,0.03215977,0,stack,0.0107398076566042,0,stack,1,fan-out,0.6,1,gather-scatter,0.6,1,fan-out,0.8,1,gather-scatter,0.6,1,fan-out,0.8,1,fan-out,0.8,0,,0.5
amlc_02218,HI-Small,0,legit,469.33800841514727,1.4576763531168731e-05,0,random,2.7463242e-05,0,fan-in,0.0022395574,0,scatter-gather,0.0007605324847942,0,fan-in,1,gather-scatter,0.8,1,fan-out,0.6,1,gather-scatter,0.6,1,gather-scatter,0.6,1,stack,0.8,1,gather-scatter,0.8,1,gather-scatter,0.8
amlc_02219,HI-Small,0,legit,483.5610098176718,0.0021684174088348,0,fan-out,0.0015924936,0,fan-out,0.018059906,0,fan-out,0.0072736055477695,0,fan-out,0,,0.5,0,,0.5,0,,0.5,0,,0.5,1,scatter-gather,0.8,0,,0.7,0,,0.5
amlc_02220,HI-Small,0,legit,469.33800841514727,2.5685808422111445e-05,0,bipartite,7.3257443e-06,0,fan-in,0.004513872,0,bipartite,0.0015156278029065,0,bipartite,1,gather-scatter,0.6,1,scatter-gather,0.6,0,,0.7,1,gather-scatter,0.8,1,gather-scatter,0.8,1,gather-scatter,0.8,0,,0.5
amlc_02221,HI-Small,0,legit,483.5610098176718,0.0023779749747836,0,fan-out,0.0019930594,0,fan-out,0.013663733,0,fan-out,0.0060115892554479,0,fan-out,0,,0.5,0,,0.5,0,,0.7,1,gather-scatter,0.8,1,fan-out,0.8,1,fan-out,0.8,0,,0.5
amlc_02222,HI-Small,0,legit,483.5610098176718,0.0043188564426749,0,stack,0.006339197,0,fan-out,0.022743851,0,stack,0.0111339681453853,0,stack,0,,0.5,0,,0.5,1,fan-out,0.8,1,gather-scatter,0.8,1,fan-out,0.8,0,,0.7,0,,0.5
amlc_02223,HI-Small,0,legit,483.5610098176718,2.021199550508412e-05,0,stack,9.8028595e-06,0,stack,0.019361487,0,bipartite,0.0064638338378179,0,stack,1,gather-scatter,0.8,1,gather-scatter,0.6,1,scatter-gather,0.6,1,gather-scatter,0.6,1,scatter-gather,0.8,1,gather-scatter,0.8,0,,0.5
amlc_02224,HI-Small,0,legit,483.5610098176718,1.4681397015214436e-05,0,bipartite,5.302152e-06,0,fan-in,0.013284324,0,bipartite,0.0044347690954146,0,bipartite,1,gather-scatter,0.6,1,fan-in,0.6,1,gather-scatter,0.8,1,gather-scatter,0.6,1,scatter-gather,0.8,1,gather-scatter,0.8,1,gather-scatter,0.8
amlc_02225,HI-Small,0,legit,469.33800841514727,4.082881586498795e-05,0,bipartite,1.2054877e-05,0,stack,0.011423985,0,bipartite,0.0038256227449867,0,bipartite,1,fan-out,0.6,1,fan-out,0.6,1,scatter-gather,0.8,1,gather-scatter,0.6,1,fan-out,0.8,1,fan-out,0.8,1,gather-scatter,0.8
amlc_02226,HI-Small,0,legit,483.5610098176718,1.2289711769005506e-05,0,bipartite,5.4911243e-06,0,fan-in,0.026351368,0,bipartite,0.0087897162969335,0,bipartite,1,gather-scatter,0.6,1,fan-in,0.8,1,gather-scatter,0.8,1,gather-scatter,0.6,1,gather-scatter,0.8,1,gather-scatter,0.8,1,stack,0.8
amlc_02227,HI-Small,0,legit,483.5610098176718,2.0538555828973063e-05,0,random,1.1127369e-05,0,stack,0.027650004,0,bipartite,0.0092272233926607,0,stack,1,fan-out,0.8,1,gather-scatter,0.6,1,fan-out,0.8,1,gather-scatter,0.6,1,scatter-gather,0.8,1,gather-scatter,0.8,1,gather-scatter,0.8
amlc_02228,HI-Small,0,legit,483.5610098176718,3.314120663642694e-05,0,bipartite,1.1501744e-05,0,bipartite,0.02787589,0,bipartite,0.0093068440143589,0,bipartite,1,gather-scatter,0.6,1,gather-scatter,0.6,1,random,0.8,1,scatter-gather,0.8,1,scatter-gather,0.8,1,bipartite,0.8,1,gather-scatter,0.8
amlc_02229,HI-Small,0,legit,483.5610098176718,0.0001044636334454,0,bipartite,0.00012110438,0,bipartite,0.025711875,0,bipartite,0.0086458144735094,0,bipartite,0,,0.7,0,cycle,0.7,0,,0.7,1,gather-scatter,0.6,1,fan-in,0.8,0,fan-in,0.7,0,,0.7
amlc_02230,HI-Small,0,legit,483.5610098176718,0.000243972899688,0,bipartite,9.156325e-05,0,bipartite,0.036545713,0,bipartite,0.0122937495495441,0,bipartite,0,,0.7,0,,0.7,0,,0.7,0,,0.7,1,random,0.8,1,random,0.8,1,random,0.8
amlc_02231,HI-Small,0,legit,469.33800841514727,6.43770627075846e-05,0,bipartite,2.205056e-05,0,stack,0.0051846066,0,stack,0.0017570114241634,0,stack,1,random,0.8,1,fan-out,0.6,1,cycle,0.8,1,gather-scatter,0.8,0,,0.7,1,stack,0.8,0,,0.7
amlc_02232,HI-Small,1,legit,1.0,0.0616552690485522,0,stack,0.026972035,0,stack,0.44484353,0,stack,0.1778236115498478,0,stack,1,fan-out,0.8,1,fan-out,0.6,1,fan-out,0.8,1,gather-scatter,0.8,1,fan-out,0.8,1,gather-scatter,0.8,1,random,0.8
amlc_02233,HI-Small,0,legit,483.5610098176718,3.201212113269456e-05,0,stack,1.2968505e-05,0,stack,0.036964368,0,stack,0.0123364495670755,0,stack,1,fan-out,0.6,1,gather-scatter,0.6,1,gather-scatter,0.6,1,gather-scatter,0.8,1,gather-scatter,0.8,1,gather-scatter,0.8,1,gather-scatter,0.8
amlc_02234,HI-Small,0,legit,469.33800841514727,4.600919571136186e-05,0,bipartite,1.816609e-05,0,bipartite,0.051814564,0,bipartite,0.0172929129529527,0,bipartite,1,fan-out,0.8,1,fan-out,0.6,1,fan-out,0.6,1,gather-scatter,0.8,1,fan-out,0.8,1,fan-out,0.8,0,,0.5
amlc_02235,HI-Small,0,legit,1.0,0.9124128470203124,1,bipartite,0.94488335,1,bipartite,0.009406436,0,bipartite,0.6222342099375474,0,bipartite,1,random,0.8,1,fan-in,0.8,1,random,0.8,1,random,0.8,1,fan-in,0.8,1,gather-scatter,0.8,1,random,0.8
amlc_02236,HI-Small,0,legit,469.33800841514727,1.3984935637049315e-05,0,bipartite,5.358514e-05,0,stack,0.0115318205,0,bipartite,0.0038664635319784,0,bipartite,1,fan-out,0.6,1,fan-out,0.6,1,fan-out,0.8,1,fan-out,0.6,1,fan-out,0.8,0,,0.7,0,,0.5
amlc_02237,HI-Small,1,legit,1.0,0.0091327480811203,0,random,0.012287979,0,stack,0.15459523,0,stack,0.0586719843815871,0,stack,1,fan-out,0.6,1,fan-out,0.6,1,fan-out,0.6,1,scatter-gather,0.8,1,fan-out,0.8,1,scatter-gather,0.8,1,fan-out,0.8
amlc_02238,HI-Small,1,legit,1.0,0.0016419291914048,0,fan-out,0.0018296333,0,fan-out,0.22170551,0,fan-out,0.0750590245533914,0,fan-out,0,,0.5,0,,0.5,0,,0.5,0,,0.5,1,fan-out,0.8,0,,0.7,0,,0.5
amlc_02239,HI-Small,1,legit,1.0,0.1001232788338183,0,bipartite,0.10169263,0,bipartite,0.1964092,0,bipartite,0.132741702112023,0,bipartite,1,fan-out,0.6,1,fan-out,0.6,1,fan-out,0.8,1,fan-out,0.6,1,fan-out,0.8,1,fan-out,0.8,1,fan-out,0.8
amlc_02240,HI-Small,0,legit,469.33800841514727,1.922500796857001e-05,0,random,2.1135516e-05,0,fan-in,0.009331125,0,fan-out,0.0031238284530159,0,fan-out,1,fan-out,0.6,1,gather-scatter,0.8,0,,0.7,1,fan-out,0.8,1,gather-scatter,0.8,0,,0.7,1,gather-scatter,0.8
amlc_02241,HI-Small,0,legit,483.5610098176718,1.6895993224312617e-05,0,stack,6.4943474e-06,0,stack,0.017855823,0,bipartite,0.00595973779355,0,stack,1,fan-out,0.6,1,fan-out,0.6,1,scatter-gather,0.8,1,gather-scatter,0.6,1,scatter-gather,0.8,1,fan-out,0.8,1,fan-out,0.8
amlc_02242,HI-Small,0,legit,469.33800841514727,1.2532964962227068e-05,0,bipartite,1.2297896e-05,0,fan-in,0.0055545047,0,bipartite,0.0018597785179452,0,bipartite,1,scatter-gather,0.6,1,fan-out,0.6,1,fan-out,0.6,1,gather-scatter,0.8,1,gather-scatter,0.8,1,gather-scatter,0.8,1,gather-scatter,0.8
amlc_02243,HI-Small,0,legit,469.33800841514727,3.1043658403645766e-05,0,bipartite,3.938121e-05,0,stack,0.044106722,0,bipartite,0.0147257155826638,0,bipartite,1,scatter-gather,0.6,1,fan-out,0.6,1,scatter-gather,0.8,1,cycle,0.8,1,gather-scatter,0.8,1,fan-out,0.8,1,gather-scatter,0.8
amlc_02244,HI-Small,1,legit,1.0,0.0005278633304763,0,fan-out,0.00068116107,0,fan-out,0.03565551,0,fan-out,0.0122881780255239,0,fan-out,0,,0.5,0,,0.5,1,fan-out,0.8,1,gather-scatter,0.6,1,fan-out,0.8,1,fan-out,0.8,0,,0.5
amlc_02245,HI-Small,0,legit,469.33800841514727,1.49794951293952e-05,0,bipartite,8.9607e-06,0,bipartite,0.1328667,0,bipartite,0.0442968785728447,0,bipartite,1,gather-scatter,0.6,1,fan-out,0.6,1,fan-out,0.6,1,gather-scatter,0.6,1,fan-out,0.8,1,gather-scatter,0.8,1,gather-scatter,0.8
amlc_02246,HI-Small,0,legit,469.33800841514727,0.000121254764534,0,bipartite,0.00012419728,0,bipartite,0.0049222265,0,bipartite,0.0017225595267301,0,bipartite,0,,0.7,0,,0.7,1,fan-in,0.6,1,gather-scatter,0.6,1,fan-in,0.8,1,gather-scatter,0.8,1,fan-in,0.8
amlc_02247,HI-Small,0,legit,469.33800841514727,0.0002709051618856,0,bipartite,0.00036670745,0,bipartite,0.042219263,0,bipartite,0.014285625060292,0,bipartite,1,gather-scatter,0.6,0,,0.5,1,gather-scatter,0.8,1,gather-scatter,0.8,1,gather-scatter,0.8,1,gather-scatter,0.8,1,gather-scatter,0.8
amlc_02248,HI-Small,0,legit,1.0,0.6482355018408688,0,fan-in,0.48741713,0,fan-in,0.24547549,0,fan-in,0.4603760398080478,0,fan-in,1,fan-out,0.8,1,fan-out,0.6,1,scatter-gather,0.8,1,scatter-gather,0.8,1,fan-out,0.8,1,gather-scatter,0.8,1,gather-scatter,0.8
amlc_02249,HI-Small,0,legit,1.0,0.6931563211303492,0,stack,0.64202976,0,stack,0.68254197,0,bipartite,0.6725760166122363,0,stack,1,gather-scatter,0.8,1,cycle,0.8,1,gather-scatter,0.8,1,gather-scatter,0.6,1,stack,0.8,1,stack,0.8,1,stack,0.8
amlc_02250,HI-Small,0,legit,483.5610098176718,1.3179109209771706e-05,0,fan-in,4.2207e-06,0,fan-in,0.01938799,0,bipartite,0.0064684633484284,0,fan-in,1,gather-scatter,0.6,1,fan-out,0.6,1,fan-out,0.8,1,gather-scatter,0.6,1,gather-scatter,0.8,1,gather-scatter,0.8,1,gather-scatter,0.8
amlc_02251,HI-Small,1,fan-out,1.0,0.2045077930794038,0,bipartite,0.5433521,0,bipartite,0.94662654,1,bipartite,0.5648288213844391,0,bipartite,1,scatter-gather,0.6,1,fan-out,0.8,1,fan-out,0.8,1,gather-scatter,0.8,1,stack,0.8,1,cycle,0.8,1,scatter-gather,0.8
amlc_02252,HI-Small,1,fan-out,1.0,0.980770802234697,1,fan-out,0.9991275,1,fan-out,0.9992124,1,fan-out,0.9930368978894708,1,fan-out,1,fan-out,0.6,1,scatter-gather,0.6,0,stack,0.7,1,gather-scatter,0.6,1,gather-scatter,0.8,1,gather-scatter,0.8,1,gather-scatter,0.8
amlc_02253,HI-Small,1,fan-out,1.0,0.9857187096343532,1,fan-out,0.9994605,1,fan-out,0.9993839,1,fan-out,0.9948543847953644,1,fan-out,1,fan-out,0.6,1,fan-out,0.8,1,gather-scatter,0.8,1,gather-scatter,0.6,1,gather-scatter,0.8,1,gather-scatter,0.8,1,gather-scatter,0.8
amlc_02254,HI-Small,1,fan-out,1.0,0.981972909337686,1,fan-out,0.9979088,1,fan-out,0.99642086,1,fan-out,0.9921008468887562,1,fan-out,1,gather-scatter,0.6,1,fan-out,0.6,1,gather-scatter,0.8,1,gather-scatter,0.8,1,gather-scatter,0.8,1,gather-scatter,0.8,1,gather-scatter,0.8
amlc_02255,HI-Small,1,fan-out,1.0,0.9842026573859798,1,fan-out,0.9987051,1,fan-out,0.99888945,1,fan-out,0.9939323975789264,1,fan-out,1,gather-scatter,0.6,1,fan-out,0.8,1,gather-scatter,0.8,1,gather-scatter,0.8,1,gather-scatter,0.8,1,gather-scatter,0.8,1,gather-scatter,0.8
amlc_02256,HI-Small,1,fan-out,1.0,0.9672291263297907,1,fan-out,0.9968009,1,fan-out,0.99850667,1,fan-out,0.9875122303550676,1,fan-out,1,scatter-gather,0.6,1,gather-scatter,0.6,1,random,0.8,1,gather-scatter,0.6,1,gather-scatter,0.8,1,gather-scatter,0.8,1,gather-scatter,0.8
amlc_02257,HI-Small,1,fan-out,1.0,0.9678345122680418,1,fan-out,0.99725854,1,fan-out,0.99267995,1,fan-out,0.9859243366037924,1,fan-out,1,gather-scatter,0.6,1,gather-scatter,0.6,0,,0.7,1,gather-scatter,0.6,1,gather-scatter,0.8,1,gather-scatter,0.8,1,gather-scatter,0.8
amlc_02258,HI-Small,1,fan-out,1.0,0.9834935114676732,1,fan-out,0.99719316,1,fan-out,0.99754035,1,fan-out,0.9927423412897514,1,fan-out,1,gather-scatter,0.6,1,fan-in,0.6,1,fan-out,0.8,1,gather-scatter,0.6,1,gather-scatter,0.8,1,gather-scatter,0.8,1,gather-scatter,0.8
amlc_02259,HI-Small,1,fan-out,1.0,0.9656277044152606,1,fan-out,0.99149066,1,fan-out,0.9890248,1,fan-out,0.9820477281522548,1,fan-out,1,gather-scatter,0.6,1,fan-out,0.6,0,,0.7,1,cycle,0.8,1,gather-scatter,0.8,1,gather-scatter,0.8,1,gather-scatter,0.8
amlc_02260,HI-Small,1,fan-out,1.0,0.9875349254980628,1,fan-out,0.99889404,1,fan-out,0.99835205,1,fan-out,0.9949270040318352,1,fan-out,1,fan-out,0.6,1,scatter-gather,0.8,1,scatter-gather,0.8,1,gather-scatter,0.6,1,fan-out,0.8,1,fan-out,0.8,0,,0.5
amlc_02261,HI-Small,1,fan-out,1.0,0.9885294204987846,1,fan-out,0.99823964,1,fan-out,0.99907464,1,fan-out,0.9952812316032834,1,fan-out,1,gather-scatter,0.6,0,,0.7,1,scatter-gather,0.6,1,gather-scatter,0.8,1,fan-out,0.8,1,fan-out,0.8,0,,0.5
amlc_02262,HI-Small,1,fan-out,1.0,0.9922128134898704,1,fan-out,0.9987503,1,fan-out,0.99916303,1,fan-out,0.9967087246951912,1,fan-out,1,scatter-gather,0.8,1,gather-scatter,0.6,1,random,0.8,1,gather-scatter,0.8,1,random,0.8,1,fan-out,0.8,0,,0.5
amlc_02263,HI-Small,1,fan-out,1.0,0.9773203276774158,1,fan-out,0.9987575,1,fan-out,0.9986828,1,fan-out,0.9915868687358456,1,fan-out,1,scatter-gather,0.8,1,scatter-gather,0.8,1,gather-scatter,0.8,1,gather-scatter,0.6,1,gather-scatter,0.8,1,gather-scatter,0.8,0,,0.5
amlc_02264,HI-Small,1,fan-out,1.0,0.9682987008150054,1,fan-out,0.99630433,1,fan-out,0.9985515,1,fan-out,0.9877181739825552,1,fan-out,1,gather-scatter,0.6,1,scatter-gather,0.8,0,,0.7,1,gather-scatter,0.8,1,gather-scatter,0.8,1,bipartite,0.8,0,,0.5
amlc_02265,HI-Small,1,fan-out,1.0,0.9709013058636662,1,fan-out,0.99840814,1,fan-out,0.99767864,1,fan-out,0.9889960273734092,1,fan-out,1,fan-out,0.6,0,random,0.7,0,,0.7,1,gather-scatter,0.8,1,scatter-gather,0.8,1,gather-scatter,0.8,0,,0.5
amlc_02266,HI-Small,1,fan-out,1.0,0.9925755871732532,1,fan-out,0.9993577,1,fan-out,0.99829245,1,fan-out,0.9967419112192094,1,fan-out,1,fan-out,0.8,1,fan-out,0.6,0,,0.7,1,gather-scatter,0.8,1,gather-scatter,0.8,1,scatter-gather,0.8,0,,0.5
amlc_02267,HI-Small,1,fan-out,1.0,0.9905024327929244,1,fan-out,0.99884355,1,fan-out,0.9993065,1,fan-out,0.9962174944776768,1,fan-out,1,fan-out,0.8,1,fan-out,0.6,1,scatter-gather,0.8,1,gather-scatter,0.8,1,fan-out,0.8,1,gather-scatter,0.8,0,,0.5
amlc_02268,HI-Small,1,fan-out,1.0,0.9904663501084764,1,fan-out,0.99852306,1,fan-out,0.99863166,1,fan-out,0.9958736875951596,1,fan-out,1,fan-out,0.6,1,fan-out,0.6,0,,0.7,1,gather-scatter,0.8,1,gather-scatter,0.8,0,,0.7,0,,0.5
amlc_02269,HI-Small,1,fan-out,1.0,0.989433028669172,1,fan-out,0.9974987,1,fan-out,0.99890745,1,fan-out,0.9952797222041466,1,fan-out,1,fan-out,0.8,1,gather-scatter,0.6,0,,0.7,1,gather-scatter,0.8,1,scatter-gather,0.8,1,fan-out,0.8,0,,0.5
amlc_02270,HI-Small,1,fan-out,1.0,0.9794597435174024,1,fan-out,0.99864376,1,fan-out,0.9994753,1,fan-out,0.9925262665807416,1,fan-out,1,fan-out,0.6,0,,0.7,0,,0.7,1,gather-scatter,0.8,1,fan-out,0.8,0,,0.7,0,,0.5
amlc_02271,HI-Small,1,fan-out,1.0,0.9591124110510616,1,fan-out,0.99200356,1,fan-out,0.99894553,1,fan-out,0.983353835115521,1,fan-out,1,fan-out,0.6,1,gather-scatter,0.6,0,,0.7,1,scatter-gather,0.8,1,scatter-gather,0.8,1,fan-out,0.8,0,,0.5
amlc_02272,HI-Small,1,fan-out,1.0,0.9929435405910824,1,fan-out,0.99880743,1,fan-out,0.99495333,1,fan-out,0.9955681017299765,1,fan-out,1,scatter-gather,0.6,0,,0.5,1,bipartite,0.8,1,gather-scatter,0.8,1,scatter-gather,0.8,1,gather-scatter,0.8,0,,0.5
amlc_02273,HI-Small,1,fan-out,1.0,0.9709786276403176,1,fan-out,0.9960629,1,fan-out,0.9945299,1,fan-out,0.9871904684564506,1,fan-out,1,fan-out,0.8,1,fan-out,0.6,1,fan-out,0.8,1,gather-scatter,0.8,1,bipartite,0.8,0,,0.7,0,,0.5
amlc_02274,HI-Small,1,fan-out,1.0,0.993575427982331,1,fan-out,0.99953824,1,fan-out,0.98034096,1,fan-out,0.9911515428136192,1,fan-out,1,fan-out,0.6,1,fan-out,0.6,0,,0.7,1,gather-scatter,0.8,1,scatter-gather,0.8,1,gather-scatter,0.8,0,,0.5
amlc_02275,HI-Small,0,legit,469.33800841514727,2.5481161716137665e-05,0,bipartite,1.725611e-05,0,bipartite,0.048660986,0,bipartite,0.0162345744658511,0,bipartite,1,scatter-gather,0.6,0,,0.7,1,random,0.8,1,gather-scatter,0.8,1,gather-scatter,0.8,1,gather-scatter,0.8,1,gather-scatter,0.8
amlc_02276,HI-Small,0,legit,483.5610098176718,1.2532878301623282e-05,0,bipartite,8.320885e-06,0,bipartite,0.026694153,0,bipartite,0.0089050020892264,0,bipartite,1,scatter-gather,0.6,0,,0.7,1,random,0.8,1,gather-scatter,0.6,1,fan-out,0.8,1,fan-out,0.8,1,scatter-gather,0.8
amlc_02277,HI-Small,0,legit,483.5610098176718,4.95867195746105e-05,0,stack,2.5598023e-05,0,stack,0.02278324,0,bipartite,0.0076194750153431,0,stack,1,fan-out,0.8,1,gather-scatter,0.6,0,,0.7,1,cycle,0.8,1,gather-scatter,0.8,1,gather-scatter,0.8,1,gather-scatter,0.8
amlc_02278,HI-Small,0,legit,483.5610098176718,2.290692568437939e-05,0,bipartite,2.2203309e-05,0,stack,0.03655178,0,bipartite,0.0121989637443362,0,bipartite,1,fan-out,0.8,1,gather-scatter,0.6,1,cycle,0.8,1,gather-scatter,0.8,1,gather-scatter,0.8,1,gather-scatter,0.8,0,,0.5
amlc_02279,HI-Small,0,legit,469.33800841514727,4.2631530069450165e-05,0,bipartite,3.077287e-05,0,bipartite,0.001145635,0,bipartite,0.0004063464775818,0,bipartite,1,fan-in,0.6,1,fan-in,0.6,1,fan-in,0.8,1,fan-in,0.6,1,fan-in,0.8,1,fan-in,0.8,1,fan-in,0.8
amlc_02280,HI-Small,0,legit,469.33800841514727,0.001916034967593,0,bipartite,0.0013727129,0,bipartite,0.0538383,0,bipartite,0.0190423497715813,0,bipartite,0,,0.7,1,fan-in,0.6,0,,0.7,0,stack,0.7,1,fan-in,0.8,1,fan-in,0.8,0,fan-in,0.7
amlc_02281,HI-Small,0,legit,1.0,0.8187210633614258,1,bipartite,0.76500845,0,bipartite,0.07671712,0,bipartite,0.5534822121017045,0,bipartite,1,gather-scatter,0.6,1,fan-out,0.8,0,,0.7,1,gather-scatter,0.6,1,fan-in,0.8,1,gather-scatter,0.8,1,stack,0.8
amlc_02282,HI-Small,0,legit,469.33800841514727,2.885805256347636e-05,0,stack,8.755666e-06,0,stack,0.002396252,0,stack,0.0008112885750805,0,stack,1,fan-in,0.8,1,fan-in,0.6,1,gather-scatter,0.8,1,gather-scatter,0.6,1,gather-scatter,0.8,1,gather-scatter,0.8,1,gather-scatter,0.8
amlc_02283,HI-Small,0,legit,469.33800841514727,6.664342652170654e-05,0,stack,3.6183796e-05,0,stack,0.00562832,0,stack,0.0019103823816523,0,stack,1,gather-scatter,0.6,1,scatter-gather,0.8,1,scatter-gather,0.8,1,gather-scatter,0.6,1,gather-scatter,0.8,1,gather-scatter,0.8,0,,0.5
amlc_02284,HI-Small,0,legit,483.5610098176718,2.4973251746408655e-05,0,bipartite,1.9999647e-05,0,bipartite,0.016611274,0,bipartite,0.0055520824100551,0,bipartite,1,fan-out,0.6,0,,0.7,1,fan-out,0.8,1,gather-scatter,0.8,1,fan-in,0.8,1,gather-scatter,0.8,1,gather-scatter,0.8
amlc_02285,HI-Small,0,legit,483.5610098176718,1.6837703172256125e-05,0,bipartite,7.97268e-06,0,stack,0.03634529,0,bipartite,0.0121233661801012,0,bipartite,1,fan-out,0.8,1,fan-out,0.6,1,fan-out,0.6,1,gather-scatter,0.8,1,fan-out,0.8,1,fan-out,0.8,0,,0.5
amlc_02286,HI-Small,0,legit,1.0,0.8349734141732839,1,bipartite,0.84520227,1,bipartite,0.33480793,0,bipartite,0.671661204573366,0,bipartite,1,scatter-gather,0.6,1,gather-scatter,0.6,1,gather-scatter,0.8,1,gather-scatter,0.6,1,fan-in,0.8,1,gather-scatter,0.8,1,gather-scatter,0.8
amlc_02287,HI-Small,0,legit,469.33800841514727,0.0018165000456508,0,gather-scatter,0.0025350172,0,gather-scatter,0.04750303,0,gather-scatter,0.0172848496810574,0,gather-scatter,0,,0.5,0,,0.5,1,fan-out,0.8,0,,0.7,1,fan-out,0.8,0,,0.7,0,,0.5
amlc_02288,HI-Small,0,legit,469.33800841514727,5.435624532673299e-05,0,stack,1.1189916e-05,0,stack,0.007793623,0,scatter-gather,0.0026197230614279,0,stack,1,scatter-gather,0.6,0,,0.5,1,bipartite,0.8,1,gather-scatter,0.8,1,gather-scatter,0.8,1,stack,0.8,1,gather-scatter,0.8
amlc_02289,HI-Small,0,legit,483.5610098176718,2.1599380789153564e-05,0,bipartite,7.5182666e-06,0,fan-in,0.015466499,0,bipartite,0.0051652055965649,0,bipartite,1,gather-scatter,0.6,1,gather-scatter,0.6,0,,0.7,1,gather-scatter,0.8,1,gather-scatter,0.8,1,gather-scatter,0.8,0,,0.5
amlc_02290,HI-Small,0,legit,483.5610098176718,3.5206362147230615e-05,0,stack,1.42708495e-05,0,stack,0.017328221,0,stack,0.0057925661875295,0,stack,1,scatter-gather,0.6,1,fan-out,0.8,1,random,0.8,1,gather-scatter,0.6,1,fan-out,0.8,1,gather-scatter,0.8,0,,0.5
amlc_02291,HI-Small,0,legit,469.33800841514727,1.396807123046375e-05,0,bipartite,5.448498e-06,0,fan-in,0.0029731754,0,bipartite,0.0009975306480359,0,bipartite,1,fan-out,0.6,1,gather-scatter,0.6,0,,0.7,1,gather-scatter,0.6,1,gather-scatter,0.8,1,fan-out,0.8,1,gather-scatter,0.8
amlc_02292,HI-Small,0,legit,1.0,0.495828017500496,0,fan-in,0.5955473,0,fan-in,0.51773846,0,fan-in,0.536371265817833,0,fan-in,1,fan-out,0.6,1,fan-out,0.6,1,fan-out,0.6,1,gather-scatter,0.6,1,fan-out,0.8,1,gather-scatter,0.8,1,gather-scatter,0.8
amlc_02293,HI-Small,0,legit,469.33800841514727,1.3828715975504733e-05,0,random,7.370543e-06,0,fan-in,0.0027389727,0,random,0.0009200573063063,0,random,1,fan-out,0.6,1,fan-out,0.6,1,fan-out,0.8,1,random,0.8,1,fan-out,0.8,0,,0.7,0,,0.5
amlc_02294,HI-Small,0,legit,469.33800841514727,1.398284498892967e-05,0,bipartite,9.590023e-06,0,bipartite,0.041715436,0,bipartite,0.0139130028506329,0,bipartite,1,fan-out,0.8,0,,0.5,1,fan-out,0.8,1,random,0.8,1,fan-out,0.8,1,fan-out,0.8,1,gather-scatter,0.8
amlc_02295,HI-Small,0,legit,469.33800841514727,1.1981361521829543e-05,0,bipartite,5.5320324e-06,0,fan-in,0.0017638048,0,bipartite,0.0005937727365592,0,bipartite,1,fan-out,0.6,1,fan-out,0.6,1,fan-out,0.8,1,gather-scatter,0.6,1,fan-out,0.8,0,,0.7,0,,0.5
amlc_02296,HI-Small,0,legit,483.5610098176718,4.5003442106550014e-05,0,stack,2.0846832e-05,0,stack,0.03433205,0,bipartite,0.0114659661406179,0,stack,1,fan-in,0.8,1,gather-scatter,0.6,0,,0.7,1,random,0.8,1,gather-scatter,0.8,1,gather-scatter,0.8,1,random,0.8
amlc_02297,HI-Small,0,legit,1.0,0.8883531109697529,1,bipartite,0.9128915,1,bipartite,0.086389184,0,bipartite,0.6292112673722011,0,bipartite,1,fan-out,0.6,1,random,0.8,1,fan-in,0.6,1,gather-scatter,0.6,1,fan-in,0.8,0,,0.7,1,fan-in,0.8
amlc_02298,HI-Small,0,legit,469.33800841514727,0.0001005803317913,0,bipartite,0.00032913208,0,bipartite,0.062560074,0,bipartite,0.0209965954795219,0,bipartite,1,fan-out,0.6,1,fan-out,0.6,1,fan-out,0.6,1,gather-scatter,0.8,1,fan-out,0.8,0,,0.7,1,fan-out,0.8
amlc_02299,HI-Small,0,legit,469.33800841514727,3.214071051769293e-05,0,stack,1.0740135e-05,0,stack,0.061578948,0,bipartite,0.0205406096319891,0,stack,1,gather-scatter,0.6,1,scatter-gather,0.6,1,scatter-gather,0.6,1,gather-scatter,0.8,1,scatter-gather,0.8,1,gather-scatter,0.8,0,,0.5
amlc_02300,HI-Small,0,legit,1.0,0.4748226374080481,0,fan-in,0.56808674,0,fan-in,0.18910483,0,fan-in,0.4106714020070335,0,fan-in,1,fan-in,0.6,1,fan-in,0.6,1,fan-in,0.8,1,gather-scatter,0.6,1,fan-in,0.8,1,fan-in,0.8,1,fan-in,0.8
amlc_02301,HI-Small,0,legit,483.5610098176718,0.0001136762994667,0,bipartite,7.72442e-05,0,stack,0.025082711,0,bipartite,0.008424543876592,0,bipartite,1,gather-scatter,0.6,0,,0.5,1,fan-out,0.8,1,gather-scatter,0.8,1,gather-scatter,0.8,1,gather-scatter,0.8,0,,0.5
amlc_02302,HI-Small,0,legit,469.33800841514727,5.482334058990012e-05,0,stack,1.819444e-05,0,stack,0.0013599265,0,stack,0.000477648105653,0,stack,1,scatter-gather,0.6,1,fan-out,0.6,0,,0.7,1,gather-scatter,0.6,1,gather-scatter,0.8,1,gather-scatter,0.8,1,gather-scatter,0.8
amlc_02303,HI-Small,0,legit,483.5610098176718,0.0004015833649422,0,bipartite,0.00019286035,0,bipartite,0.029096961,0,bipartite,0.0098971349104963,0,bipartite,1,fan-out,0.8,1,fan-out,0.8,1,scatter-gather,0.8,1,gather-scatter,0.6,1,scatter-gather,0.8,1,gather-scatter,0.8,1,gather-scatter,0.8
amlc_02304,HI-Small,1,legit,1.0,0.0097790250516326,0,bipartite,0.018538507,0,bipartite,0.31428224,0,bipartite,0.1141999234122167,0,bipartite,1,gather-scatter,0.8,1,gather-scatter,0.6,1,gather-scatter,0.6,1,random,0.8,1,gather-scatter,0.8,1,gather-scatter,0.8,1,gather-scatter,0.8
amlc_02305,HI-Small,0,legit,469.33800841514727,0.0021312741149198,0,fan-out,0.0006639569,0,fan-out,0.09172108,0,fan-out,0.0315054370922651,0,fan-out,0,,0.5,0,,0.5,1,fan-out,0.6,1,gather-scatter,0.8,1,fan-out,0.8,1,fan-out,0.8,0,,0.5
amlc_02306,HI-Small,0,legit,469.33800841514727,1.460185649180804e-05,0,bipartite,3.5957262e-06,0,bipartite,0.0030285392,0,bipartite,0.001015578941633,0,bipartite,1,fan-out,0.8,1,gather-scatter,0.6,1,scatter-gather,0.8,1,gather-scatter,0.6,1,fan-out,0.8,1,gather-scatter,0.8,1,fan-out,0.8
amlc_02307,HI-Small,0,legit,469.33800841514727,0.0009860820132082,0,cycle,0.00035863023,0,scatter-gather,0.8098429,1,cycle,0.2703958655958144,0,cycle,1,fan-out,0.6,0,,0.5,1,fan-out,0.8,1,stack,0.8,1,fan-out,0.8,1,gather-scatter,0.8,0,,0.5
amlc_02308,HI-Small,0,legit,469.33800841514727,0.0001016135886879,0,bipartite,2.6964795e-05,0,bipartite,0.1246822,0,bipartite,0.0416035937730771,0,bipartite,1,fan-out,0.6,1,fan-out,0.6,1,fan-out,0.8,1,gather-scatter,0.8,1,fan-out,0.8,0,,0.7,0,,0.5
amlc_02309,HI-Small,0,legit,1.0,0.9126250732492848,1,bipartite,0.90414494,1,bipartite,0.023262309,0,bipartite,0.6133441083067471,0,bipartite,0,stack,0.7,0,cycle,0.7,0,,0.7,0,,0.7,0,,0.7,0,,0.7,0,,0.7
amlc_02310,HI-Small,0,legit,469.33800841514727,0.0002062670634903,0,bipartite,0.00030800558,0,fan-in,0.005680356,0,bipartite,0.0020648762713289,0,bipartite,1,fan-out,0.8,1,random,0.8,1,scatter-gather,0.6,1,random,0.8,1,fan-out,0.8,1,scatter-gather,0.8,1,scatter-gather,0.8
amlc_02311,HI-Small,0,legit,469.33800841514727,0.0001120344715325,0,random,2.7399548e-05,0,random,0.57766116,0,random,0.1926001968914114,0,random,1,fan-out,0.6,1,gather-scatter,0.6,1,fan-out,0.8,1,gather-scatter,0.8,1,gather-scatter,0.8,1,gather-scatter,0.8,1,gather-scatter,0.8
amlc_02312,HI-Small,1,gather-scatter,1.0,0.9922891418833034,1,gather-scatter,0.99943066,1,gather-scatter,0.9956133,1,gather-scatter,0.9957776917582914,1,gather-scatter,1,scatter-gather,0.8,1,gather-scatter,0.6,1,gather-scatter,0.8,1,gather-scatter,0.6,1,gather-scatter,0.8,1,gather-scatter,0.8,1,gather-scatter,0.8
amlc_02313,HI-Small,1,gather-scatter,1.0,0.9893413443492062,1,gather-scatter,0.9983748,1,gather-scatter,0.99927217,1,gather-scatter,0.9956627772624692,1,gather-scatter,1,gather-scatter,0.6,1,gather-scatter,0.8,1,cycle,0.8,1,gather-scatter,0.6,1,gather-scatter,0.8,1,gather-scatter,0.8,1,gather-scatter,0.8
amlc_02314,HI-Small,1,gather-scatter,1.0,0.9636110086710168,1,gather-scatter,0.991701,1,gather-scatter,0.9926693,1,gather-scatter,0.9826604333013598,1,gather-scatter,1,gather-scatter,0.6,1,scatter-gather,0.6,1,fan-in,0.8,1,gather-scatter,0.6,1,gather-scatter,0.8,1,gather-scatter,0.8,1,gather-scatter,0.8
amlc_02315,HI-Small,1,gather-scatter,1.0,0.9170109950775452,1,gather-scatter,0.9735239,1,gather-scatter,0.99694043,1,gather-scatter,0.9624917812901916,1,gather-scatter,1,fan-out,0.8,1,gather-scatter,0.6,0,,0.7,1,gather-scatter,0.8,1,gather-scatter,0.8,1,gather-scatter,0.8,0,,0.5
amlc_02316,HI-Small,1,gather-scatter,1.0,0.9654958735956476,1,gather-scatter,0.9699952,1,gather-scatter,0.9935991,1,gather-scatter,0.976363397010622,1,gather-scatter,1,fan-out,0.6,1,fan-out,0.6,1,bipartite,0.8,1,gather-scatter,0.8,1,scatter-gather,0.8,1,scatter-gather,0.8,0,,0.5
amlc_02317,HI-Small,1,gather-scatter,1.0,0.992381764471998,1,cycle,0.9997352,1,gather-scatter,0.9995888,1,gather-scatter,0.9972352428636516,1,gather-scatter,1,gather-scatter,0.6,1,scatter-gather,0.6,1,fan-in,0.6,1,gather-scatter,0.6,1,gather-scatter,0.8,1,gather-scatter,0.8,1,gather-scatter,0.8
amlc_02318,HI-Small,1,gather-scatter,1.0,0.9923721356940264,1,gather-scatter,0.99975884,1,gather-scatter,0.99864215,1,gather-scatter,0.9969243739628788,1,gather-scatter,1,scatter-gather,0.6,1,gather-scatter,0.6,1,gather-scatter,0.6,1,gather-scatter,0.8,1,gather-scatter,0.8,1,gather-scatter,0.8,1,gather-scatter,0.8
amlc_02319,HI-Small,1,gather-scatter,1.0,0.9924065958314688,1,gather-scatter,0.99976027,1,gather-scatter,0.99716055,1,gather-scatter,0.996442473294124,1,gather-scatter,1,gather-scatter,0.6,1,fan-out,0.6,1,scatter-gather,0.8,1,gather-scatter,0.6,1,scatter-gather,0.8,1,gather-scatter,0.8,1,gather-scatter,0.8
amlc_02320,HI-Small,1,gather-scatter,1.0,0.9924695442771894,1,gather-scatter,0.9997066,1,gather-scatter,0.9970962,1,gather-scatter,0.9964241170438124,1,gather-scatter,1,fan-out,0.6,1,fan-out,0.6,1,scatter-gather,0.8,1,random,0.8,1,fan-out,0.8,1,gather-scatter,0.8,1,scatter-gather,0.8
amlc_02321,HI-Small,1,gather-scatter,1.0,0.98868433128564,1,gather-scatter,0.99915713,1,gather-scatter,0.99641454,1,gather-scatter,0.994752001400684,1,gather-scatter,1,fan-out,0.8,1,scatter-gather,0.6,1,gather-scatter,0.8,1,gather-scatter,0.8,1,gather-scatter,0.8,1,gather-scatter,0.8,1,scatter-gather,0.8
amlc_02322,HI-Small,0,legit,469.33800841514727,0.0019340712461193,0,gather-scatter,0.007666898,0,cycle,0.49801612,0,gather-scatter,0.1692056960698074,0,gather-scatter,1,random,0.8,1,fan-out,0.8,1,scatter-gather,0.6,1,gather-scatter,0.8,1,scatter-gather,0.8,0,,0.7,0,,0.5
amlc_02323,HI-Small,1,gather-scatter,1.0,0.983415752909025,1,gather-scatter,0.9967805,1,gather-scatter,0.9989697,1,gather-scatter,0.9930553139121798,1,gather-scatter,1,fan-in,0.8,1,scatter-gather,0.6,1,scatter-gather,0.8,1,gather-scatter,0.8,1,gather-scatter,0.8,1,gather-scatter,0.8,0,,0.5
amlc_02324,HI-Small,1,gather-scatter,1.0,0.9696651942868576,1,gather-scatter,0.9992549,1,gather-scatter,0.9992978,1,gather-scatter,0.9894059581008072,1,gather-scatter,1,fan-out,0.8,1,scatter-gather,0.6,1,scatter-gather,0.8,1,gather-scatter,0.8,1,gather-scatter,0.8,1,gather-scatter,0.8,0,,0.5
amlc_02325,HI-Small,1,gather-scatter,1.0,0.9695055370136488,1,gather-scatter,0.9990985,1,gather-scatter,0.9988985,1,gather-scatter,0.9891675076419904,1,gather-scatter,1,scatter-gather,0.8,1,gather-scatter,0.6,1,scatter-gather,0.6,1,gather-scatter,0.6,1,gather-scatter,0.8,1,gather-scatter,0.8,0,,0.5
amlc_02326,HI-Small,1,gather-scatter,1.0,0.971066652709413,1,gather-scatter,0.9990548,1,gather-scatter,0.99796283,1,gather-scatter,0.989361424901144,1,gather-scatter,1,fan-out,0.6,1,scatter-gather,0.6,1,fan-in,0.8,1,cycle,0.8,1,gather-scatter,0.8,1,gather-scatter,0.8,0,,0.5
amlc_02327,HI-Small,1,gather-scatter,1.0,0.9585286322965386,1,gather-scatter,0.9984771,1,gather-scatter,0.99949914,1,gather-scatter,0.98550162526416,1,gather-scatter,1,scatter-gather,0.6,1,gather-scatter,0.6,0,cycle,0.7,1,random,0.8,1,gather-scatter,0.8,1,gather-scatter,0.8,0,,0.5
amlc_02328,HI-Small,1,gather-scatter,1.0,0.9765728584278224,1,gather-scatter,0.99810946,1,gather-scatter,0.99952173,1,gather-scatter,0.9914013502117196,1,gather-scatter,1,gather-scatter,0.6,0,,0.5,0,,0.7,1,gather-scatter,0.6,1,gather-scatter,0.8,1,gather-scatter,0.8,0,,0.5
amlc_02329,HI-Small,1,gather-scatter,1.0,0.9691866312018192,1,gather-scatter,0.9972251,1,gather-scatter,0.99926984,1,gather-scatter,0.9885605266886008,1,gather-scatter,1,gather-scatter,0.6,1,fan-out,0.6,1,fan-out,0.8,1,gather-scatter,0.8,1,gather-scatter,0.8,1,gather-scatter,0.8,0,,0.5
amlc_02330,HI-Small,1,gather-scatter,1.0,0.982628979419729,1,gather-scatter,0.9992808,1,gather-scatter,0.9989874,1,gather-scatter,0.9936323888219266,1,gather-scatter,1,gather-scatter,0.6,1,scatter-gather,0.8,1,scatter-gather,0.8,1,gather-scatter,0.8,1,gather-scatter,0.8,1,gather-scatter,0.8,0,,0.5
amlc_02331,HI-Small,1,gather-scatter,1.0,0.9658724515358246,1,gather-scatter,0.9914422,1,gather-scatter,0.999306,1,gather-scatter,0.9855402260594778,1,gather-scatter,1,cycle,0.8,0,,0.7,1,scatter-gather,0.8,1,gather-scatter,0.6,1,gather-scatter,0.8,1,gather-scatter,0.8,0,,0.5
amlc_02332,HI-Small,1,gather-scatter,1.0,0.977238689584099,1,gather-scatter,0.99572325,1,gather-scatter,0.9993536,1,gather-scatter,0.990771841579862,1,gather-scatter,1,fan-in,0.6,0,,0.5,1,bipartite,0.8,1,gather-scatter,0.6,1,gather-scatter,0.8,1,gather-scatter,0.8,0,,0.5
amlc_02333,HI-Small,1,gather-scatter,1.0,0.9720325493348962,1,gather-scatter,0.99751693,1,gather-scatter,0.99908274,1,gather-scatter,0.9895440745199164,1,gather-scatter,1,fan-out,0.8,1,gather-scatter,0.6,1,fan-out,0.8,1,gather-scatter,0.8,1,gather-scatter,0.8,1,gather-scatter,0.8,0,,0.5
amlc_02334,HI-Small,1,gather-scatter,1.0,0.989215707575527,1,gather-scatter,0.99916095,1,gather-scatter,0.999297,1,gather-scatter,0.9958912252701808,1,gather-scatter,1,scatter-gather,0.6,1,scatter-gather,0.6,1,scatter-gather,0.8,1,gather-scatter,0.8,1,scatter-gather,0.8,1,gather-scatter,0.8,0,,0.5
amlc_02335,HI-Small,1,gather-scatter,1.0,0.9727727785716968,1,gather-scatter,0.99874485,1,gather-scatter,0.9993124,1,gather-scatter,0.9902766749266292,1,gather-scatter,1,scatter-gather,0.6,1,scatter-gather,0.6,0,stack,0.7,1,gather-scatter,0.6,1,gather-scatter,0.8,1,gather-scatter,0.8,0,,0.5
amlc_02336,HI-Small,1,gather-scatter,1.0,0.985146753738867,1,gather-scatter,0.99718034,1,gather-scatter,0.99876577,1,gather-scatter,0.9936976210112528,1,gather-scatter,1,gather-scatter,0.6,1,fan-out,0.6,1,scatter-gather,0.8,1,gather-scatter,0.8,1,gather-scatter,0.8,1,gather-scatter,0.8,0,,0.5
amlc_02337,HI-Small,1,gather-scatter,1.0,0.9913112093982448,1,gather-scatter,0.9994667,1,gather-scatter,0.9989072,1,gather-scatter,0.9965617116947092,1,gather-scatter,1,fan-out,0.6,1,fan-out,0.8,1,scatter-gather,0.8,1,gather-scatter,0.8,1,gather-scatter,0.8,1,gather-scatter,0.8,0,,0.5
amlc_02338,HI-Small,0,legit,483.5610098176718,0.0029684893116763,0,fan-out,0.0023538284,0,fan-out,0.009386846,0,fan-out,0.0049030545254684,0,fan-out,0,,0.5,0,,0.5,0,,0.5,0,,0.5,0,,0.5,0,,0.5,0,,0.5
amlc_02339,HI-Small,0,legit,483.5610098176718,0.0015881748893061,0,fan-out,0.0012103481,0,fan-out,0.013162653,0,fan-out,0.0053203919832515,0,fan-out,0,,0.5,0,,0.5,1,fan-out,0.8,1,gather-scatter,0.8,1,fan-out,0.8,0,,0.7,0,,0.5
amlc_02340,HI-Small,1,legit,1.0,0.0030493807967404,0,stack,0.004091418,0,fan-out,0.05333484,0,stack,0.0201585461071266,0,stack,0,,0.5,0,,0.5,1,fan-out,0.6,1,gather-scatter,0.8,1,fan-out,0.8,0,,0.7,0,,0.5
amlc_02341,HI-Small,0,legit,469.33800841514727,8.507102190865443e-05,0,fan-in,3.8529222e-05,0,fan-in,0.09370197,0,fan-in,0.0312751912672487,0,fan-in,1,gather-scatter,0.6,1,gather-scatter,0.6,1,scatter-gather,0.8,1,gather-scatter,0.8,1,gather-scatter,0.8,1,gather-scatter,0.8,1,gather-scatter,0.8
amlc_02342,HI-Small,0,legit,483.5610098176718,3.542245649767044e-05,0,stack,1.6836599e-05,0,stack,0.025139412,0,stack,0.008397223655509,0,stack,1,fan-out,0.6,1,scatter-gather,0.8,1,fan-out,0.8,1,gather-scatter,0.6,1,scatter-gather,0.8,1,gather-scatter,0.8,1,scatter-gather,0.8
amlc_02343,HI-Small,0,legit,469.33800841514727,7.445437758009867e-05,0,cycle,6.6822024e-05,0,scatter-gather,0.0077732555,0,scatter-gather,0.0026381772883081,0,scatter-gather,1,fan-out,0.6,0,,0.7,1,gather-scatter,0.8,1,gather-scatter,0.8,1,scatter-gather,0.8,1,gather-scatter,0.8,1,gather-scatter,0.8
amlc_02344,HI-Small,1,legit,1.0,0.0037122227753303,0,gather-scatter,0.0025971541,0,gather-scatter,0.028972458,0,gather-scatter,0.0117606116626031,0,gather-scatter,0,,0.5,0,,0.5,1,random,0.8,1,gather-scatter,0.8,1,fan-out,0.8,1,fan-out,0.8,0,,0.5
amlc_02345,HI-Small,0,legit,469.33800841514727,4.622588362086155e-05,0,bipartite,3.1843352e-05,0,bipartite,0.006876672,0,bipartite,0.0023182471294134,0,bipartite,1,scatter-gather,0.6,1,gather-scatter,0.6,1,random,0.8,1,gather-scatter,0.8,1,scatter-gather,0.8,1,gather-scatter,0.8,1,gather-scatter,0.8
amlc_02346,HI-Small,0,legit,469.33800841514727,0.0001347247191578,0,bipartite,9.853933e-05,0,bipartite,0.045750313,0,bipartite,0.0153278588511551,0,bipartite,1,gather-scatter,0.6,1,fan-out,0.6,1,gather-scatter,0.8,1,gather-scatter,0.8,1,gather-scatter,0.8,1,gather-scatter,0.8,1,gather-scatter,0.8
amlc_02347,HI-Small,0,legit,483.5610098176718,1.4412122087640313e-05,0,bipartite,5.5099326e-06,0,bipartite,0.018387662,0,bipartite,0.0061358614338485,0,bipartite,1,fan-out,0.6,1,gather-scatter,0.6,1,gather-scatter,0.6,1,gather-scatter,0.6,1,gather-scatter,0.8,1,gather-scatter,0.8,1,scatter-gather,0.8
amlc_02348,HI-Small,0,legit,469.33800841514727,4.492514550196087e-05,0,bipartite,3.7009664e-05,0,stack,0.001262822,0,bipartite,0.0004482522550639,0,bipartite,1,fan-out,0.6,0,,0.5,1,fan-out,0.8,1,random,0.8,1,fan-out,0.8,1,fan-out,0.8,0,,0.5
amlc_02349,HI-Small,1,gather-scatter,1.0,0.9749491353143144,1,cycle,0.99355584,1,cycle,0.9998807,1,cycle,0.9894618835485276,1,cycle,1,fan-out,0.6,1,stack,0.8,1,fan-out,0.8,1,gather-scatter,0.6,1,fan-out,0.8,0,,0.7,0,,0.5
amlc_02350,HI-Small,1,gather-scatter,1.0,0.9912489160668831,1,cycle,0.99902475,1,cycle,0.9999069,1,cycle,0.9967268541379763,1,cycle,1,fan-out,0.8,1,gather-scatter,0.6,0,,0.7,1,bipartite,0.8,1,fan-out,0.8,1,scatter-gather,0.8,1,gather-scatter,0.8
amlc_02351,HI-Small,0,legit,469.33800841514727,3.054496623417765e-05,0,bipartite,1.30654025e-05,0,fan-in,0.0013927191,0,bipartite,0.0004787764905948,0,bipartite,1,gather-scatter,0.6,1,fan-out,0.6,1,gather-scatter,0.8,1,scatter-gather,0.6,1,scatter-gather,0.8,1,gather-scatter,0.8,0,,0.5
amlc_02352,HI-Small,1,legit,1.0,0.0205112624591966,0,bipartite,0.015331668,0,bipartite,0.07324092,0,bipartite,0.0363612837361421,0,bipartite,1,gather-scatter,0.6,1,gather-scatter,0.6,1,gather-scatter,0.8,1,gather-scatter,0.6,1,gather-scatter,0.8,1,gather-scatter,0.8,1,gather-scatter,0.8
amlc_02353,HI-Small,0,legit,1.0,0.7413914795623304,0,bipartite,0.6907653,0,bipartite,0.06300686,0,bipartite,0.4983878879383565,0,bipartite,0,,0.7,0,,0.7,1,random,0.8,1,scatter-gather,0.8,0,,0.7,0,,0.7,0,,0.7
amlc_02354,HI-Small,0,legit,483.5610098176718,0.0001325604772717,0,bipartite,0.00023538631,0,bipartite,0.025662988,0,bipartite,0.0086769784035955,0,bipartite,1,fan-in,0.6,1,fan-in,0.8,1,fan-in,0.6,1,gather-scatter,0.6,1,fan-in,0.8,1,fan-in,0.8,1,fan-in,0.8
amlc_02355,HI-Small,0,legit,469.33800841514727,3.3001720652531103e-05,0,stack,1.6763212e-05,0,stack,0.10797131,0,stack,0.0360070251825752,0,stack,1,fan-out,0.6,0,,0.5,1,fan-out,0.6,1,cycle,0.8,1,fan-out,0.8,1,scatter-gather,0.8,0,,0.5
amlc_02356,HI-Small,0,legit,1.0,0.8574766582708995,1,fan-in,0.7845271,0,fan-in,0.7900106,0,fan-in,0.8106714509083641,1,fan-in,1,fan-in,0.8,1,gather-scatter,0.6,1,fan-in,0.8,1,gather-scatter,0.6,1,gather-scatter,0.8,1,gather-scatter,0.8,1,fan-in,0.8
amlc_02357,HI-Small,0,legit,483.5610098176718,6.079572383453794e-05,0,scatter-gather,1.9545676e-05,0,scatter-gather,0.0139303235,0,scatter-gather,0.0046702216445055,0,scatter-gather,1,gather-scatter,0.6,1,gather-scatter,0.6,1,fan-out,0.8,1,gather-scatter,0.6,1,gather-scatter,0.8,1,gather-scatter,0.8,1,gather-scatter,0.8
amlc_02358,HI-Small,0,legit,469.33800841514727,0.0004534015201124,0,bipartite,0.00019215836,0,bipartite,0.060602695,0,bipartite,0.0204160848768924,0,bipartite,1,fan-out,0.6,1,gather-scatter,0.6,1,fan-out,0.6,1,cycle,0.8,1,scatter-gather,0.8,1,scatter-gather,0.8,1,scatter-gather,0.8
amlc_02359,HI-Small,0,legit,483.5610098176718,1.5394122781438667e-05,0,bipartite,1.844562e-05,0,bipartite,0.01239048,0,bipartite,0.0041414400399534,0,bipartite,1,fan-out,0.6,1,fan-out,0.6,1,gather-scatter,0.8,1,gather-scatter,0.6,1,fan-out,0.8,1,fan-out,0.8,1,fan-out,0.8
amlc_02360,HI-Small,0,legit,1.0,0.8905825481624945,1,bipartite,0.9318938,1,bipartite,0.020926401,0,bipartite,0.6144675915708656,0,bipartite,0,,0.7,0,,0.7,0,,0.7,1,gather-scatter,0.6,1,gather-scatter,0.8,1,stack,0.8,0,,0.5
amlc_02361,HI-Small,0,legit,469.33800841514727,0.0029408564327396,0,fan-out,0.0021884744,0,fan-out,0.09728472,0,fan-out,0.0341380167287501,0,fan-out,0,,0.5,0,,0.5,0,,0.5,0,,0.5,0,,0.5,0,,0.5,0,,0.5
amlc_02362,HI-Small,0,legit,483.5610098176718,0.0001396003616335,0,bipartite,0.00021252273,0,bipartite,0.011945324,0,bipartite,0.0040991490377133,0,bipartite,0,,0.7,0,,0.7,0,,0.7,1,gather-scatter,0.8,0,,0.7,0,,0.7,0,,0.7
amlc_02363,HI-Small,0,legit,469.33800841514727,0.0006475123948629,0,bipartite,0.0001843694,0,bipartite,0.15627351,0,bipartite,0.0523684652772259,0,bipartite,1,fan-out,0.8,1,fan-out,0.6,1,gather-scatter,0.6,1,gather-scatter,0.8,1,gather-scatter,0.8,1,gather-scatter,0.8,1,gather-scatter,0.8
amlc_02364,HI-Small,1,random,1.0,0.9924339993204312,1,cycle,0.99928284,1,stack,0.99798775,1,stack,0.9965681944756256,1,stack,1,fan-out,0.6,1,gather-scatter,0.6,1,fan-out,0.6,1,fan-out,0.8,1,fan-out,0.8,1,gather-scatter,0.8,1,gather-scatter,0.8
amlc_02365,HI-Small,1,random,1.0,0.9931242491253276,1,cycle,0.99827754,1,cycle,0.99914396,1,cycle,0.9968485840641148,1,cycle,1,gather-scatter,0.6,1,gather-scatter,0.6,1,gather-scatter,0.6,1,gather-scatter,0.6,1,gather-scatter,0.8,1,gather-scatter,0.8,1,gather-scatter,0.8
amlc_02366,HI-Small,0,legit,1.0,0.903275309560778,1,cycle,0.4058291,0,cycle,0.99075764,1,cycle,0.7666206851793933,0,cycle,1,fan-in,0.6,1,fan-in,0.6,1,fan-in,0.6,1,gather-scatter,0.6,1,fan-in,0.8,1,fan-in,0.8,1,fan-in,0.8
amlc_02367,HI-Small,1,random,1.0,0.9305506459479072,1,random,0.98146284,1,cycle,0.99034995,1,random,0.9674544768732302,1,random,1,scatter-gather,0.6,1,fan-in,0.6,1,fan-in,0.8,1,scatter-gather,0.8,1,fan-in,0.8,1,fan-in,0.8,1,fan-in,0.8
amlc_02368,HI-Small,1,random,1.0,0.989017440651054,1,cycle,0.99840593,1,cycle,0.99821836,1,cycle,0.9952139105313998,1,cycle,1,fan-out,0.8,1,gather-scatter,0.6,1,scatter-gather,0.6,1,gather-scatter,0.6,1,scatter-gather,0.8,1,gather-scatter,0.8,1,gather-scatter,0.8
amlc_02369,HI-Small,1,random,1.0,0.9920375618079276,1,cycle,0.9993721,1,cycle,0.9970037,1,cycle,0.9961377869956682,1,cycle,1,fan-out,0.8,1,fan-in,0.6,1,fan-in,0.8,1,gather-scatter,0.6,1,gather-scatter,0.8,1,gather-scatter,0.8,1,gather-scatter,0.8
amlc_02370,HI-Small,0,legit,1.0,0.3504992631715915,0,cycle,0.042235535,0,cycle,0.9848361,1,cycle,0.4591902997805801,0,cycle,1,gather-scatter,0.6,1,gather-scatter,0.6,1,random,0.8,1,gather-scatter,0.6,1,gather-scatter,0.8,1,gather-scatter,0.8,1,gather-scatter,0.8
amlc_02371,HI-Small,1,random,1.0,0.9393347393005458,1,cycle,0.9985458,1,cycle,0.9808817,1,cycle,0.9729207519203216,1,cycle,1,gather-scatter,0.6,1,fan-out,0.6,1,gather-scatter,0.8,1,gather-scatter,0.6,1,gather-scatter,0.8,1,gather-scatter,0.8,1,gather-scatter,0.8
amlc_02372,HI-Small,1,random,1.0,0.9778344374704584,1,cycle,0.9816388,1,cycle,0.9927454,1,cycle,0.9840728753741655,1,cycle,1,fan-out,0.6,1,fan-out,0.6,1,fan-out,0.8,1,gather-scatter,0.6,1,fan-out,0.8,0,,0.7,1,gather-scatter,0.8
amlc_02373,HI-Small,1,random,1.0,0.9920633590364564,1,cycle,0.9990562,1,cycle,0.98878706,1,cycle,0.9933022113688824,1,cycle,1,fan-in,0.8,1,gather-scatter,0.6,1,random,0.8,1,gather-scatter,0.8,1,gather-scatter,0.8,1,gather-scatter,0.8,1,gather-scatter,0.8
amlc_02374,HI-Small,1,random,1.0,0.9445834624061034,1,stack,0.9945229,1,stack,0.9705942,1,stack,0.969900206303896,1,stack,1,scatter-gather,0.8,0,,0.7,1,gather-scatter,0.8,1,gather-scatter,0.8,1,gather-scatter,0.8,1,gather-scatter,0.8,1,gather-scatter,0.8
amlc_02375,HI-Small,0,legit,469.33800841514727,0.0009788026796471,0,bipartite,0.00053788035,0,bipartite,0.34072018,0,bipartite,0.1140789532411782,0,bipartite,1,fan-out,0.8,1,scatter-gather,0.6,1,random,0.8,1,bipartite,0.8,1,fan-out,0.8,0,,0.7,1,gather-scatter,0.8
amlc_02376,HI-Small,0,legit,483.5610098176718,8.47595005141481e-05,0,bipartite,8.3322804e-05,0,bipartite,0.03906421,0,bipartite,0.0130774307376304,0,bipartite,1,fan-in,0.6,0,,0.7,1,fan-in,0.8,1,fan-in,0.6,1,fan-in,0.8,1,fan-in,0.8,0,,0.7
amlc_02377,HI-Small,0,legit,483.5610098176718,0.0002818799113631,0,bipartite,0.000110734334,0,bipartite,0.031743594,0,bipartite,0.010712069253162,0,bipartite,1,gather-scatter,0.6,1,random,0.8,1,random,0.8,1,gather-scatter,0.6,1,gather-scatter,0.8,1,gather-scatter,0.8,1,random,0.8
amlc_02378,HI-Small,0,legit,469.33800841514727,4.06624029449052e-05,0,bipartite,1.468773e-05,0,stack,0.0073011955,0,bipartite,0.0024521818858833,0,bipartite,1,fan-out,0.6,1,fan-out,0.6,1,scatter-gather,0.6,1,random,0.8,1,scatter-gather,0.8,1,fan-out,0.8,1,gather-scatter,0.8
amlc_02379,HI-Small,0,legit,469.33800841514727,8.898691756153571e-05,0,bipartite,8.270018e-05,0,bipartite,0.005389034,0,bipartite,0.0018535736376418,0,bipartite,1,gather-scatter,0.6,1,fan-in,0.6,1,gather-scatter,0.8,1,gather-scatter,0.6,1,fan-in,0.8,1,gather-scatter,0.8,1,fan-in,0.8
amlc_02380,HI-Small,0,legit,469.33800841514727,0.0049551285497799,0,gather-scatter,0.0024335638,0,gather-scatter,0.04784123,0,gather-scatter,0.0184099736366406,0,gather-scatter,0,,0.5,0,,0.5,0,,0.5,0,,0.5,0,,0.5,0,,0.5,0,,0.5
amlc_02381,HI-Small,0,legit,469.33800841514727,4.774612533183218e-05,0,bipartite,2.639326e-05,0,bipartite,0.060394324,0,bipartite,0.0201561545824562,0,bipartite,1,fan-out,0.6,0,,0.7,1,scatter-gather,0.8,1,gather-scatter,0.6,1,gather-scatter,0.8,1,gather-scatter,0.8,1,gather-scatter,0.8
amlc_02382,HI-Small,0,legit,483.5610098176718,0.0001384317677269,0,bipartite,0.00018894117,0,bipartite,0.015451282,0,bipartite,0.0052595517318784,0,bipartite,1,fan-in,0.8,1,gather-scatter,0.6,1,fan-in,0.8,1,gather-scatter,0.6,1,fan-in,0.8,1,gather-scatter,0.8,1,gather-scatter,0.8
amlc_02383,HI-Small,0,legit,469.33800841514727,1.5267520677906398e-05,0,bipartite,9.011637e-06,0,bipartite,0.0048609264,0,bipartite,0.0016284018591591,0,bipartite,1,random,0.8,1,gather-scatter,0.6,1,scatter-gather,0.8,1,gather-scatter,0.6,1,gather-scatter,0.8,1,random,0.8,1,scatter-gather,0.8
amlc_02384,HI-Small,0,legit,483.5610098176718,0.0012515280060209,0,bipartite,0.00027038503,0,bipartite,0.020878885,0,bipartite,0.0074669326601928,0,bipartite,1,fan-in,0.6,0,,0.5,1,gather-scatter,0.8,1,gather-scatter,0.6,1,fan-in,0.8,1,gather-scatter,0.8,1,fan-in,0.8
amlc_02385,HI-Small,0,legit,483.5610098176718,3.4826690901765834e-05,0,stack,8.927022e-06,0,stack,0.022794178,0,stack,0.007612643822723,0,stack,1,scatter-gather,0.6,1,gather-scatter,0.6,1,scatter-gather,0.8,1,gather-scatter,0.6,1,fan-out,0.8,1,scatter-gather,0.8,0,,0.5
amlc_02386,HI-Small,0,legit,469.33800841514727,1.2532811447680348e-05,0,bipartite,9.2595255e-06,0,fan-in,0.0053814147,0,bipartite,0.0018010690012535,0,bipartite,1,fan-out,0.6,1,fan-out,0.6,1,fan-out,0.8,1,gather-scatter,0.6,1,scatter-gather,0.8,1,gather-scatter,0.8,0,,0.5
amlc_02387,HI-Small,0,legit,483.5610098176718,8.075331729410695e-05,0,bipartite,7.215559e-05,0,bipartite,0.030535067,0,bipartite,0.0102293251364081,0,bipartite,0,,0.7,0,,0.7,0,stack,0.7,0,,0.7,0,,0.7,0,,0.7,0,,0.7
amlc_02388,HI-Small,0,legit,469.33800841514727,3.497361058702235e-05,0,random,3.2773132e-05,0,stack,0.15498301,0,random,0.0516835868703934,0,random,1,fan-out,0.6,1,gather-scatter,0.6,1,fan-out,0.8,1,gather-scatter,0.8,1,fan-out,0.8,0,,0.7,0,,0.5
amlc_02389,HI-Small,0,legit,469.33800841514727,0.000522225976267,0,bipartite,0.0007876816,0,bipartite,0.18443619,0,bipartite,0.0619153649110959,0,bipartite,1,fan-out,0.6,1,gather-scatter,0.8,1,fan-in,0.6,1,gather-scatter,0.8,1,gather-scatter,0.8,1,gather-scatter,0.8,1,fan-out,0.8
amlc_02390,HI-Small,0,legit,469.33800841514727,0.0002344418569482,0,bipartite,7.389813e-05,0,bipartite,0.0042447746,0,bipartite,0.001517704856497,0,bipartite,0,cycle,0.7,0,,0.7,0,,0.7,1,gather-scatter,0.6,0,,0.7,0,,0.7,0,,0.7
amlc_02391,HI-Small,0,legit,483.5610098176718,0.0025007868432091,0,stack,0.0027535283,0,fan-out,0.01668749,0,stack,0.007313935063302,0,stack,0,,0.5,0,,0.5,1,random,0.8,1,bipartite,0.8,1,fan-out,0.8,1,gather-scatter,0.8,0,,0.5
amlc_02392,HI-Small,0,legit,469.33800841514727,6.717781905061941e-05,0,scatter-gather,2.2550892e-05,0,scatter-gather,0.0074708285,0,scatter-gather,0.0025201857306985,0,scatter-gather,1,gather-scatter,0.6,1,gather-scatter,0.6,1,gather-scatter,0.8,1,gather-scatter,0.8,1,fan-in,0.8,1,gather-scatter,0.8,1,gather-scatter,0.8
amlc_02393,HI-Small,0,legit,483.5610098176718,1.9751251982748677e-05,0,bipartite,2.2163546e-05,0,bipartite,0.025969634,0,bipartite,0.0086705162100219,0,bipartite,1,cycle,0.8,1,fan-out,0.6,1,scatter-gather,0.6,1,gather-scatter,0.8,1,gather-scatter,0.8,1,gather-scatter,0.8,1,gather-scatter,0.8
amlc_02394,HI-Small,1,legit,1.0,0.0015753591891272,0,gather-scatter,0.0020283875,0,gather-scatter,0.073898114,0,gather-scatter,0.0258339536528999,0,gather-scatter,0,,0.5,0,,0.5,1,fan-out,0.8,1,gather-scatter,0.8,1,fan-out,0.8,0,,0.7,0,,0.5
amlc_02395,HI-Small,0,legit,483.5610098176718,3.408257929851375e-05,0,bipartite,1.9272618e-05,0,fan-out,0.027916301,0,bipartite,0.0093232187465047,0,bipartite,1,fan-out,0.6,1,fan-out,0.6,1,gather-scatter,0.8,1,gather-scatter,0.6,1,gather-scatter,0.8,0,,0.7,1,gather-scatter,0.8
amlc_02396,HI-Small,0,legit,469.33800841514727,1.7758873495473477e-05,0,bipartite,2.0723324e-05,0,bipartite,0.06429766,0,bipartite,0.0214453811276763,0,bipartite,1,fan-out,0.6,1,fan-out,0.6,1,scatter-gather,0.8,1,cycle,0.8,1,gather-scatter,0.8,1,gather-scatter,0.8,1,gather-scatter,0.8
amlc_02397,HI-Small,0,legit,469.33800841514727,6.35899864093687e-05,0,bipartite,1.418818e-05,0,bipartite,0.079855636,0,bipartite,0.0266444713095756,0,bipartite,1,fan-out,0.8,1,gather-scatter,0.8,0,,0.7,1,gather-scatter,0.6,1,gather-scatter,0.8,1,gather-scatter,0.8,0,,0.5
amlc_02398,HI-Small,0,legit,469.33800841514727,0.0138608313193524,0,bipartite,0.002051707,0,bipartite,0.22154851,0,bipartite,0.0791536835962899,0,bipartite,1,fan-out,0.6,1,fan-out,0.6,1,fan-out,0.8,1,gather-scatter,0.6,1,gather-scatter,0.8,1,gather-scatter,0.8,1,gather-scatter,0.8
amlc_02399,HI-Small,0,legit,483.5610098176718,1.4483450058339932e-05,0,stack,1.4098118e-05,0,bipartite,0.026016897,0,random,0.0086818260529827,0,stack,1,fan-out,0.6,1,fan-out,0.6,0,,0.7,1,gather-scatter,0.6,1,gather-scatter,0.8,1,gather-scatter,0.8,1,gather-scatter,0.8
amlc_02400,HI-Small,0,legit,1.0,0.6897819788053565,0,bipartite,0.5674014,0,bipartite,0.040077552,0,bipartite,0.43242031338463,0,bipartite,0,,0.7,0,,0.7,0,,0.7,0,stack,0.7,0,,0.7,0,,0.7,0,,0.7
amlc_02401,HI-Small,0,legit,469.33800841514727,7.806605114247763e-05,0,bipartite,5.9426307e-05,0,fan-out,0.32157987,0,fan-out,0.1072391219734726,0,fan-out,1,gather-scatter,0.6,1,gather-scatter,0.8,1,scatter-gather,0.6,1,gather-scatter,0.8,1,stack,0.8,1,stack,0.8,1,gather-scatter,0.8
amlc_02402,HI-Small,0,legit,469.33800841514727,1.4005505922984291e-05,0,stack,7.71024e-06,0,stack,0.0061563314,0,bipartite,0.0020593490467385,0,stack,1,fan-out,0.8,1,gather-scatter,0.6,1,scatter-gather,0.8,0,,0.7,1,scatter-gather,0.8,1,gather-scatter,0.8,0,,0.5
amlc_02403,HI-Small,0,legit,483.5610098176718,9.652663465113052e-05,0,bipartite,8.718928e-05,0,bipartite,0.03543499,0,bipartite,0.0118729023443511,0,bipartite,0,,0.7,0,,0.7,0,,0.7,1,fan-in,0.6,0,,0.7,1,fan-in,0.8,0,,0.7
amlc_02404,HI-Small,0,legit,483.5610098176718,0.0004151482141066,0,bipartite,0.00017822355,0,bipartite,0.012976271,0,bipartite,0.0045232142876741,0,bipartite,1,scatter-gather,0.6,1,cycle,0.8,0,,0.7,1,scatter-gather,0.8,1,bipartite,0.8,1,gather-scatter,0.8,1,scatter-gather,0.8
amlc_02405,HI-Small,1,legit,1.0,0.0450985833482394,0,bipartite,0.046890955,0,bipartite,0.2528408,0,bipartite,0.114943441979635,0,bipartite,1,fan-out,0.6,1,fan-out,0.6,1,fan-out,0.6,1,random,0.8,1,fan-out,0.8,1,fan-out,0.8,0,,0.5
amlc_02406,HI-Small,0,legit,469.33800841514727,3.545053973458695e-05,0,stack,1.5045557e-05,0,bipartite,0.0462279,0,bipartite,0.0154261315151868,0,bipartite,1,stack,0.8,1,cycle,0.8,0,,0.7,1,gather-scatter,0.8,1,gather-scatter,0.8,1,stack,0.8,1,gather-scatter,0.8
amlc_02407,HI-Small,0,legit,469.33800841514727,2.8173234241576896e-05,0,bipartite,1.1678544e-05,0,bipartite,0.14711526,0,bipartite,0.0490517040469787,0,bipartite,1,fan-out,0.6,1,fan-out,0.6,1,fan-out,0.6,1,gather-scatter,0.8,1,fan-out,0.8,1,fan-out,0.8,0,,0.5
amlc_02408,HI-Small,0,legit,469.33800841514727,6.581713632863745e-05,0,stack,5.4625685e-05,0,bipartite,0.17131987,0,bipartite,0.0571467716541217,0,bipartite,1,gather-scatter,0.6,1,fan-out,0.6,1,scatter-gather,0.6,1,gather-scatter,0.8,1,gather-scatter,0.8,1,gather-scatter,0.8,1,gather-scatter,0.8
amlc_02409,HI-Small,1,cycle,1.0,0.9896762373477396,1,cycle,0.9966815,1,cycle,0.99748373,1,cycle,0.994613826355344,1,cycle,1,fan-out,0.6,1,fan-out,0.6,1,cycle,0.8,1,cycle,0.8,1,scatter-gather,0.8,0,,0.7,1,scatter-gather,0.8
amlc_02410,HI-Small,1,cycle,1.0,0.9906905482095144,1,cycle,0.9969141,1,cycle,0.99725264,1,cycle,0.9949524266813086,1,cycle,1,fan-in,0.8,1,gather-scatter,0.6,0,,0.7,1,gather-scatter,0.6,1,gather-scatter,0.8,1,gather-scatter,0.8,1,gather-scatter,0.8
amlc_02411,HI-Small,1,cycle,1.0,0.992599834383922,1,cycle,0.998864,1,cycle,0.995465,1,cycle,0.9956429366871374,1,cycle,1,fan-out,0.8,1,gather-scatter,0.6,1,fan-out,0.8,1,gather-scatter,0.6,1,gather-scatter,0.8,1,stack,0.8,1,gather-scatter,0.8
amlc_02412,HI-Small,1,cycle,1.0,0.991930022216004,1,cycle,0.9994668,1,cycle,0.994071,1,cycle,0.995155935279582,1,cycle,1,gather-scatter,0.6,1,cycle,0.8,1,fan-out,0.8,1,gather-scatter,0.6,1,random,0.8,1,gather-scatter,0.8,1,gather-scatter,0.8
amlc_02413,HI-Small,0,legit,1.0,0.2653614030888205,0,cycle,0.031049391,0,cycle,0.9751604,1,cycle,0.4238570714281839,0,cycle,1,fan-in,0.8,1,fan-in,0.8,1,random,0.8,1,random,0.8,1,random,0.8,1,random,0.8,1,fan-out,0.8
amlc_02414,HI-Small,1,cycle,1.0,0.9211720708965836,1,cycle,0.9595947,1,cycle,0.9721123,1,cycle,0.9509596984902878,1,cycle,1,fan-out,0.6,1,fan-out,0.8,1,random,0.8,1,random,0.8,1,fan-out,0.8,1,random,0.8,1,gather-scatter,0.8
amlc_02415,HI-Small,0,legit,1.0,0.5682807623445586,0,cycle,0.20160004,0,cycle,0.9754775,1,cycle,0.5817861079871521,0,cycle,1,fan-out,0.8,1,fan-out,0.8,1,random,0.8,1,random,0.8,1,random,0.8,1,random,0.8,1,fan-out,0.8
amlc_02416,HI-Small,1,cycle,1.0,0.987604881891501,1,cycle,0.98246574,1,cycle,0.9751089,1,cycle,0.9817265158126394,1,cycle,1,fan-out,0.6,1,random,0.8,0,,0.7,1,gather-scatter,0.6,1,fan-out,0.8,0,,0.7,1,fan-out,0.8
amlc_02417,HI-Small,0,legit,1.0,0.4166705293323491,0,cycle,0.08241622,0,cycle,0.9122359,1,cycle,0.4704408888308835,0,cycle,1,fan-in,0.6,0,,0.7,1,fan-in,0.6,1,gather-scatter,0.6,1,fan-in,0.8,1,fan-in,0.8,1,fan-in,0.8
amlc_02418,HI-Small,1,cycle,1.0,0.9396503527250396,1,cycle,0.99168587,1,cycle,0.7821743,0,cycle,0.9045035030870472,1,cycle,1,fan-in,0.6,1,fan-in,0.6,1,fan-in,0.8,1,gather-scatter,0.6,1,fan-in,0.8,1,fan-in,0.8,1,fan-in,0.8
amlc_02419,HI-Small,1,cycle,1.0,0.986475505947828,1,cycle,0.9947289,1,cycle,0.388909,0,cycle,0.7900378136236667,0,cycle,1,gather-scatter,0.6,1,scatter-gather,0.6,1,fan-out,0.8,1,gather-scatter,0.8,1,gather-scatter,0.8,1,gather-scatter,0.8,1,gather-scatter,0.8
amlc_02420,HI-Small,1,cycle,1.0,0.9869219263079192,1,cycle,0.99594766,1,cycle,0.9240848,1,cycle,0.9689847893079926,1,cycle,1,fan-out,0.8,1,fan-out,0.6,1,fan-out,0.6,1,gather-scatter,0.8,1,fan-out,0.8,0,,0.7,0,,0.5
amlc_02421,HI-Small,1,cycle,1.0,0.9860531666123394,1,random,0.9975707,1,stack,0.97587013,1,cycle,0.9864979975171728,1,cycle,1,fan-out,0.6,1,gather-scatter,0.6,1,scatter-gather,0.8,1,gather-scatter,0.6,1,scatter-gather,0.8,1,gather-scatter,0.8,0,,0.5
amlc_02422,HI-Small,1,legit,1.0,0.0014064930279955,0,fan-out,0.001493329,0,fan-out,0.010733878,0,fan-out,0.0045445667391404,0,fan-out,0,,0.5,0,,0.5,1,fan-out,0.8,1,gather-scatter,0.6,1,fan-out,0.8,0,,0.7,0,,0.5
amlc_02423,HI-Small,0,legit,469.33800841514727,0.0036748312538504,0,bipartite,0.0014537858,0,bipartite,0.06226089,0,bipartite,0.0224631685261929,0,bipartite,0,,0.7,0,,0.5,0,,0.7,0,,0.7,1,fan-in,0.8,1,fan-in,0.8,1,fan-in,0.8
amlc_02424,HI-Small,0,legit,483.5610098176718,0.0005760636164025,0,stack,5.9202102e-05,0,stack,0.031469308,0,stack,0.0107015245195644,0,stack,1,fan-out,0.8,1,fan-out,0.6,1,fan-out,0.8,1,gather-scatter,0.8,1,scatter-gather,0.8,1,gather-scatter,0.8,0,,0.5
amlc_02425,HI-Small,0,legit,483.5610098176718,4.426687927245105e-05,0,stack,1.7791801e-05,0,stack,0.020862434,0,bipartite,0.0069748309131941,0,stack,1,gather-scatter,0.6,1,fan-out,0.8,1,gather-scatter,0.8,1,gather-scatter,0.8,1,gather-scatter,0.8,1,gather-scatter,0.8,0,,0.5
amlc_02426,HI-Small,0,legit,483.5610098176718,0.0068895726687625,0,stack,0.0046340963,0,fan-out,0.022588165,0,stack,0.0113706114776239,0,stack,0,,0.5,0,,0.5,1,fan-out,0.8,1,gather-scatter,0.8,1,fan-out,0.8,1,fan-out,0.8,0,,0.5
amlc_02427,HI-Small,0,legit,469.33800841514727,3.328643213688705e-05,0,stack,1.1115185e-05,0,stack,0.06809269,0,stack,0.022712363511704,0,stack,1,gather-scatter,0.6,1,gather-scatter,0.8,1,fan-out,0.8,1,gather-scatter,0.6,1,fan-out,0.8,1,fan-out,0.8,1,fan-out,0.8
amlc_02428,HI-Small,0,legit,469.33800841514727,5.898968261034527e-05,0,bipartite,2.8157938e-05,0,stack,0.0049804896,0,bipartite,0.001689212410671,0,bipartite,1,fan-out,0.6,1,gather-scatter,0.6,1,fan-out,0.8,1,gather-scatter,0.8,1,fan-out,0.8,1,gather-scatter,0.8,1,gather-scatter,0.8
amlc_02429,HI-Small,0,legit,483.5610098176718,1.4674009264341402e-05,0,fan-in,2.1225245e-05,0,fan-in,0.01396195,0,bipartite,0.0046659498571935,0,fan-in,1,fan-out,0.6,1,fan-out,0.8,1,fan-out,0.8,1,gather-scatter,0.8,1,fan-out,0.8,1,fan-out,0.8,0,,0.5
amlc_02430,HI-Small,0,legit,469.33800841514727,3.3266115881078025e-05,0,stack,4.3112093e-05,0,stack,0.006348173,0,stack,0.0021415171144393,0,stack,1,fan-in,0.6,1,fan-in,0.6,1,fan-in,0.8,1,gather-scatter,0.6,1,fan-in,0.8,1,fan-in,0.8,1,fan-in,0.8
amlc_02431,HI-Small,0,legit,469.33800841514727,1.3320885652667331e-05,0,bipartite,1.1905394e-05,0,fan-in,0.010170867,0,bipartite,0.0033986976716027,0,bipartite,1,fan-out,0.6,1,fan-out,0.6,1,fan-out,0.6,1,gather-scatter,0.6,1,scatter-gather,0.8,1,fan-out,0.8,0,,0.5
amlc_02432,HI-Small,0,legit,469.33800841514727,0.0181911805560618,0,gather-scatter,0.0025985125,0,gather-scatter,0.024778737,0,gather-scatter,0.0151894765878031,0,gather-scatter,0,,0.5,0,,0.5,0,,0.5,0,,0.5,0,,0.5,0,,0.5,0,,0.5
amlc_02433,HI-Small,0,legit,469.33800841514727,1.449269066011874e-05,0,bipartite,4.8828633e-06,0,bipartite,0.0020472207,0,bipartite,0.0006888654215492,0,bipartite,1,fan-out,0.6,1,gather-scatter,0.6,1,fan-out,0.8,1,gather-scatter,0.8,1,fan-out,0.8,1,fan-out,0.8,0,,0.5
amlc_02434,HI-Small,1,legit,1.0,0.0108605199681117,0,fan-in,0.0077303587,0,fan-in,0.13460235,0,fan-in,0.0510644105636045,0,fan-in,1,fan-in,0.6,1,fan-in,0.6,1,fan-in,0.6,1,gather-scatter,0.6,1,fan-in,0.8,1,fan-in,0.8,1,fan-in,0.8
amlc_02435,HI-Small,0,legit,483.5610098176718,1.2143570803649148e-05,0,bipartite,5.097664e-06,0,stack,0.030663544,0,random,0.0102269285156887,0,stack,1,fan-out,0.8,1,gather-scatter,0.6,1,fan-out,0.8,1,gather-scatter,0.8,1,gather-scatter,0.8,1,scatter-gather,0.8,1,gather-scatter,0.8
amlc_02436,HI-Small,0,legit,469.33800841514727,0.0021989963431679,0,gather-scatter,0.0016517568,0,gather-scatter,0.03817306,0,gather-scatter,0.014007938007353,0,gather-scatter,0,,0.5,0,,0.5,0,,0.7,1,gather-scatter,0.6,1,fan-out,0.8,0,,0.7,0,,0.5
amlc_02437,HI-Small,0,legit,1.0,0.8246244272041761,1,bipartite,0.74904263,0,bipartite,0.3657659,0,bipartite,0.6464776522731928,0,bipartite,1,random,0.8,1,fan-in,0.8,1,random,0.8,1,random,0.8,1,fan-in,0.8,1,fan-in,0.8,0,,0.7
amlc_02438,HI-Small,0,legit,483.5610098176718,1.4613666905496465e-05,0,bipartite,6.171588e-06,0,fan-in,0.01909865,0,bipartite,0.0063731453064025,0,bipartite,1,random,0.8,1,fan-out,0.8,0,,0.7,1,gather-scatter,0.6,1,fan-in,0.8,1,gather-scatter,0.8,1,random,0.8
amlc_02439,HI-Small,0,legit,1.0,0.6430647309686697,0,bipartite,0.46765012,0,bipartite,0.47287527,0,bipartite,0.5278633712419522,0,bipartite,0,,0.7,0,,0.7,0,,0.7,1,gather-scatter,0.6,1,fan-in,0.8,0,,0.7,0,fan-in,0.7
amlc_02440,HI-Small,0,legit,483.5610098176718,0.0054736855385738,0,gather-scatter,0.00546537,0,gather-scatter,0.018491592,0,gather-scatter,0.009810215978011,0,gather-scatter,1,fan-out,0.8,0,,0.7,1,fan-out,0.8,1,random,0.8,1,fan-out,0.8,0,,0.7,0,,0.5
amlc_02441,HI-Small,0,legit,469.33800841514727,1.2488193966033608e-05,0,bipartite,1.2499106e-05,0,bipartite,0.0059653246,0,bipartite,0.0019967706280038,0,bipartite,1,fan-out,0.6,1,fan-out,0.6,1,fan-out,0.6,1,gather-scatter,0.8,1,scatter-gather,0.8,1,scatter-gather,0.8,1,scatter-gather,0.8
amlc_02442,HI-Small,0,legit,469.33800841514727,0.0001744984548056,0,bipartite,7.607915e-05,0,bipartite,0.10904163,0,bipartite,0.0364307362761148,0,bipartite,0,,0.7,0,,0.7,0,,0.7,0,,0.7,0,,0.7,0,,0.7,0,,0.7
amlc_02443,HI-Small,0,legit,1.0,0.595547485451014,0,bipartite,0.43560869,0,bipartite,0.5007057,0,bipartite,0.5106206298205955,0,bipartite,0,,0.7,1,fan-in,0.6,0,,0.7,1,gather-scatter,0.6,1,fan-in,0.8,1,fan-in,0.8,1,fan-in,0.8
amlc_02444,HI-Small,1,legit,1.0,0.0048331782153017,0,fan-in,0.0021680924,0,fan-in,0.15603404,0,fan-in,0.0543451026990435,0,fan-in,1,fan-in,0.6,1,fan-in,0.6,0,,0.7,1,gather-scatter,0.6,1,fan-in,0.8,1,fan-in,0.8,1,fan-in,0.8
amlc_02445,HI-Small,0,legit,469.33800841514727,6.928621635191232e-05,0,bipartite,1.5379232e-05,0,bipartite,0.057469808,0,bipartite,0.0191848243377303,0,bipartite,1,fan-out,0.6,0,,0.5,0,,0.7,1,gather-scatter,0.8,1,fan-out,0.8,1,gather-scatter,0.8,0,,0.5
amlc_02446,HI-Small,0,legit,469.33800841514727,2.2055312494018e-05,0,bipartite,1.1217702e-05,0,stack,0.0054292954,0,bipartite,0.0018208561240018,0,bipartite,1,fan-out,0.6,1,fan-out,0.6,1,scatter-gather,0.6,1,gather-scatter,0.8,1,fan-out,0.8,0,,0.7,0,,0.5
amlc_02447,HI-Small,0,legit,469.33800841514727,1.41668836921773e-05,0,bipartite,5.9964127e-06,0,bipartite,0.011451465,0,bipartite,0.0038238761247002,0,bipartite,1,gather-scatter,0.6,1,fan-out,0.6,1,fan-out,0.6,1,gather-scatter,0.6,1,fan-out,0.8,1,fan-out,0.8,1,scatter-gather,0.8
amlc_02448,HI-Small,0,legit,469.33800841514727,0.0002891724778462,0,bipartite,0.00020616237,0,bipartite,0.17921473,0,bipartite,0.0599033552346326,0,bipartite,1,fan-out,0.8,1,gather-scatter,0.6,1,scatter-gather,0.8,1,gather-scatter,0.8,1,scatter-gather,0.8,1,gather-scatter,0.8,0,,0.5
amlc_02449,HI-Small,0,legit,469.33800841514727,2.239454407243376e-05,0,bipartite,2.2390714e-05,0,fan-in,0.0036757041,0,bipartite,0.0012401631270544,0,bipartite,1,fan-out,0.8,1,fan-out,0.6,0,stack,0.7,1,gather-scatter,0.6,1,gather-scatter,0.8,0,,0.7,1,gather-scatter,0.8
amlc_02450,HI-Small,1,legit,1.0,0.0202077624430505,0,bipartite,0.038334887,0,bipartite,0.79040563,0,bipartite,0.2829827603277315,0,bipartite,1,fan-in,0.6,1,scatter-gather,0.6,1,gather-scatter,0.6,1,gather-scatter,0.6,1,fan-in,0.8,1,gather-scatter,0.8,1,gather-scatter,0.8
amlc_02451,HI-Small,0,legit,483.5610098176718,1.2798504630408142e-05,0,stack,1.073878e-05,0,stack,0.014960979,0,bipartite,0.0049948387985627,0,stack,1,gather-scatter,0.6,0,,0.5,1,scatter-gather,0.8,1,bipartite,0.8,1,gather-scatter,0.8,1,gather-scatter,0.8,1,gather-scatter,0.8
amlc_02452,HI-Small,0,legit,483.5610098176718,1.2833623330754172e-05,0,bipartite,1.1031667e-05,0,stack,0.0318248,0,stack,0.0106162221357949,0,stack,1,gather-scatter,0.6,1,gather-scatter,0.6,1,scatter-gather,0.8,1,gather-scatter,0.8,1,gather-scatter,0.8,1,gather-scatter,0.8,0,,0.5
amlc_02453,HI-Small,0,legit,1.0,0.3359930251322595,0,bipartite,0.16476679,0,bipartite,0.98005646,1,bipartite,0.4936054260956714,0,bipartite,1,gather-scatter,0.6,1,gather-scatter,0.8,1,scatter-gather,0.8,1,gather-scatter,0.6,1,stack,0.8,1,gather-scatter,0.8,1,gather-scatter,0.8
amlc_02454,HI-Small,0,legit,469.33800841514727,1.70829633366447e-05,0,random,4.081021e-05,0,scatter-gather,0.0021478815,0,random,0.0007352582399791,0,random,1,fan-out,0.8,1,gather-scatter,0.6,1,gather-scatter,0.6,1,gather-scatter,0.6,1,gather-scatter,0.8,1,gather-scatter,0.8,1,gather-scatter,0.8
amlc_02455,HI-Small,0,legit,469.33800841514727,4.160931088251809e-05,0,stack,1.9801417e-05,0,stack,0.0087311035,0,stack,0.0029308380766266,0,stack,1,scatter-gather,0.6,1,gather-scatter,0.8,1,scatter-gather,0.6,1,gather-scatter,0.6,1,gather-scatter,0.8,1,gather-scatter,0.8,1,gather-scatter,0.8
amlc_02456,HI-Small,1,legit,1.0,0.0798279041322705,0,fan-out,0.0053434083,0,fan-out,0.66830873,0,fan-out,0.2511600157832979,0,fan-out,0,,0.5,0,,0.5,0,,0.5,0,,0.5,1,fan-out,0.8,1,fan-out,0.8,0,,0.5
amlc_02457,HI-Small,0,legit,469.33800841514727,4.7588314859317423e-05,0,random,1.4769626e-05,0,bipartite,0.010137627,0,bipartite,0.0033999949475201,0,bipartite,1,fan-out,0.6,1,fan-out,0.6,1,bipartite,0.8,1,gather-scatter,0.8,1,fan-out,0.8,1,fan-out,0.8,0,,0.5
amlc_02458,HI-Small,0,legit,469.33800841514727,1.3287172692257558e-05,0,bipartite,4.3643204e-06,0,fan-in,0.0103175165,0,random,0.0034450560020787,0,fan-in,1,scatter-gather,0.8,1,gather-scatter,0.6,1,gather-scatter,0.8,1,gather-scatter,0.8,1,gather-scatter,0.8,1,gather-scatter,0.8,1,gather-scatter,0.8
amlc_02459,HI-Small,0,legit,483.5610098176718,0.0003238168168542,0,bipartite,0.00016170391,0,bipartite,0.018002661,0,bipartite,0.006162727223576,0,bipartite,0,,0.7,0,,0.7,1,random,0.8,1,gather-scatter,0.6,1,random,0.8,1,fan-out,0.8,0,,0.7
amlc_02460,HI-Small,1,legit,1.0,0.0013633219785012,0,fan-out,0.0018287934,0,fan-out,0.440476,0,fan-out,0.1478893719079268,0,fan-out,0,,0.5,0,,0.5,0,,0.5,0,,0.5,1,fan-out,0.8,0,,0.7,0,,0.5
amlc_02461,HI-Small,1,legit,1.0,0.0021642923072522,0,fan-out,0.0023722132,0,fan-out,0.20786028,0,fan-out,0.0707989271946432,0,fan-out,0,,0.5,0,,0.5,1,cycle,0.8,1,gather-scatter,0.6,1,fan-out,0.8,0,,0.7,0,,0.5
amlc_02462,HI-Small,0,legit,483.5610098176718,1.4539644004555956e-05,0,bipartite,8.599551e-06,0,bipartite,0.020337557,0,bipartite,0.0067868988716165,0,bipartite,1,fan-out,0.6,1,fan-out,0.6,0,,0.7,1,gather-scatter,0.6,1,fan-out,0.8,1,stack,0.8,0,,0.5
amlc_02463,HI-Small,0,legit,1.0,0.5309045762411092,0,stack,0.5005096,0,stack,0.6124085,0,bipartite,0.5479409049150458,0,stack,1,fan-out,0.6,1,fan-out,0.6,1,fan-out,0.6,1,gather-scatter,0.8,1,fan-out,0.8,1,fan-out,0.8,0,,0.5
amlc_02464,HI-Small,0,legit,469.33800841514727,2.431194434842153e-05,0,stack,1.5319434e-05,0,stack,0.09469002,0,bipartite,0.0315765495935632,0,stack,1,gather-scatter,0.6,1,gather-scatter,0.8,0,,0.7,1,bipartite,0.8,1,scatter-gather,0.8,1,scatter-gather,0.8,1,scatter-gather,0.8
amlc_02465,HI-Small,0,legit,1.0,0.882105475903141,1,bipartite,0.8555497,1,bipartite,0.16416247,0,bipartite,0.6339392136337318,0,bipartite,0,,0.7,0,cycle,0.7,1,random,0.8,0,,0.7,0,,0.7,0,,0.7,0,,0.7
amlc_02466,HI-Small,0,legit,1.0,0.9285198853204344,1,bipartite,0.93391484,1,bipartite,0.09292666,0,bipartite,0.6517871280772717,0,bipartite,1,fan-in,0.6,1,fan-in,0.6,1,fan-in,0.8,1,gather-scatter,0.6,1,fan-in,0.8,1,fan-in,0.8,1,fan-in,0.8
amlc_02467,HI-Small,1,legit,1.0,0.0008208188475,0,fan-out,0.0015637806,0,fan-out,0.045719054,0,fan-out,0.0160345510118604,0,fan-out,0,,0.5,0,,0.5,0,,0.5,0,,0.5,1,fan-out,0.8,0,,0.7,0,,0.5
amlc_02468,HI-Small,0,legit,469.33800841514727,1.3338093041889184e-05,0,fan-in,6.9180214e-06,0,fan-in,0.0020082328,0,bipartite,0.0006761629560641,0,fan-in,1,fan-in,0.6,1,fan-in,0.6,1,fan-in,0.8,1,gather-scatter,0.6,1,fan-in,0.8,1,fan-in,0.8,1,fan-in,0.8
amlc_02469,HI-Small,0,legit,469.33800841514727,5.733604106913271e-05,0,bipartite,0.000100603924,0,stack,0.069315,0,stack,0.0231576471111251,0,stack,1,fan-out,0.6,1,gather-scatter,0.6,1,fan-out,0.8,1,fan-out,0.8,1,fan-out,0.8,1,fan-out,0.8,0,,0.5
amlc_02470,HI-Small,0,legit,1.0,0.7870159038707788,0,bipartite,0.6736688,0,bipartite,0.039275385,0,bipartite,0.4999866970315634,0,bipartite,0,,0.7,0,,0.7,0,,0.7,1,random,0.8,0,,0.7,0,,0.7,0,,0.7
amlc_02471,HI-Small,0,legit,483.5610098176718,1.8704580284833208e-05,0,stack,9.7710945e-06,0,stack,0.014779745,0,stack,0.0049360734481875,0,stack,1,gather-scatter,0.6,1,gather-scatter,0.6,1,scatter-gather,0.6,1,gather-scatter,0.6,1,gather-scatter,0.8,1,gather-scatter,0.8,1,gather-scatter,0.8
amlc_02472,HI-Small,0,legit,1.0,0.8440894973597299,1,bipartite,0.80868185,1,bipartite,0.41646734,0,bipartite,0.689746227275046,0,bipartite,1,random,0.8,1,fan-out,0.8,1,fan-out,0.8,1,fan-out,0.8,0,,0.7,0,,0.7,1,fan-out,0.8
amlc_02473,HI-Small,1,gather-scatter,1.0,0.992024088556826,1,gather-scatter,0.9993311,1,gather-scatter,0.9994605,1,gather-scatter,0.996938574531098,1,gather-scatter,1,gather-scatter,0.6,0,,0.7,1,fan-in,0.8,1,gather-scatter,0.6,1,fan-in,0.8,1,gather-scatter,0.8,1,fan-in,0.8
amlc_02474,HI-Small,1,gather-scatter,1.0,0.983844140281964,1,gather-scatter,0.9963304,1,gather-scatter,0.99961317,1,gather-scatter,0.9932625621923766,1,gather-scatter,1,scatter-gather,0.6,1,scatter-gather,0.8,1,gather-scatter,0.8,1,gather-scatter,0.6,1,fan-in,0.8,1,gather-scatter,0.8,1,gather-scatter,0.8
amlc_02475,HI-Small,1,gather-scatter,1.0,0.992114234378867,1,gather-scatter,0.99921644,1,gather-scatter,0.99953586,1,gather-scatter,0.9969555101165946,1,gather-scatter,1,gather-scatter,0.6,1,gather-scatter,0.6,1,gather-scatter,0.8,1,gather-scatter,0.8,1,scatter-gather,0.8,1,gather-scatter,0.8,1,gather-scatter,0.8
amlc_02476,HI-Small,1,gather-scatter,1.0,0.94465590807102,1,gather-scatter,0.98840463,1,gather-scatter,0.9988589,1,gather-scatter,0.977306489455375,1,gather-scatter,1,fan-out,0.6,0,,0.5,1,fan-out,0.8,1,gather-scatter,0.8,1,scatter-gather,0.8,1,scatter-gather,0.8,0,,0.5
amlc_02477,HI-Small,1,gather-scatter,1.0,0.8074593729124153,1,gather-scatter,0.865928,1,gather-scatter,0.99895287,1,gather-scatter,0.8907800775880842,1,gather-scatter,1,fan-out,0.8,1,fan-out,0.6,1,fan-out,0.6,1,gather-scatter,0.8,1,scatter-gather,0.8,1,gather-scatter,0.8,1,gather-scatter,0.8
amlc_02478,HI-Small,1,gather-scatter,1.0,0.9269885514635584,1,gather-scatter,0.9744607,1,gather-scatter,0.9959281,1,gather-scatter,0.9657924603905528,1,gather-scatter,1,fan-in,0.8,1,gather-scatter,0.6,1,fan-out,0.8,1,gather-scatter,0.6,1,gather-scatter,0.8,1,gather-scatter,0.8,1,gather-scatter,0.8
amlc_02479,HI-Small,1,gather-scatter,1.0,0.9915100750674526,1,gather-scatter,0.999123,1,gather-scatter,0.9994416,1,gather-scatter,0.9966915586706572,1,gather-scatter,1,gather-scatter,0.8,1,fan-out,0.6,1,gather-scatter,0.6,1,gather-scatter,0.6,1,gather-scatter,0.8,1,gather-scatter,0.8,1,gather-scatter,0.8
amlc_02480,HI-Small,1,gather-scatter,1.0,0.9091811222073372,1,gather-scatter,0.9228301,1,gather-scatter,0.99758357,1,gather-scatter,0.943198265043793,1,gather-scatter,1,fan-out,0.8,1,fan-out,0.6,1,gather-scatter,0.8,1,gather-scatter,0.8,1,gather-scatter,0.8,1,gather-scatter,0.8,1,gather-scatter,0.8
amlc_02481,HI-Small,1,gather-scatter,1.0,0.9752944293092948,1,gather-scatter,0.9946311,1,gather-scatter,0.99959743,1,gather-scatter,0.9898409903867794,1,gather-scatter,1,gather-scatter,0.6,1,gather-scatter,0.6,1,fan-in,0.6,1,gather-scatter,0.6,1,fan-in,0.8,1,gather-scatter,0.8,1,fan-in,0.8
amlc_02482,HI-Small,1,gather-scatter,1.0,0.9321252961443004,1,gather-scatter,0.9579874,1,gather-scatter,0.99644804,1,gather-scatter,0.9621869212881108,1,gather-scatter,1,random,0.8,1,gather-scatter,0.8,1,gather-scatter,0.8,1,scatter-gather,0.8,1,fan-in,0.8,1,gather-scatter,0.8,1,gather-scatter,0.8
amlc_02483,HI-Small,1,gather-scatter,1.0,0.929176406820887,1,gather-scatter,0.97413224,1,gather-scatter,0.9956253,1,gather-scatter,0.96631132124539,1,gather-scatter,1,scatter-gather,0.6,1,gather-scatter,0.6,1,gather-scatter,0.8,1,gather-scatter,0.6,1,gather-scatter,0.8,1,gather-scatter,0.8,1,gather-scatter,0.8
amlc_02484,HI-Small,1,gather-scatter,1.0,0.9920517808555406,1,gather-scatter,0.9993704,1,gather-scatter,0.999242,1,gather-scatter,0.9968880615750564,1,gather-scatter,1,fan-out,0.6,1,fan-in,0.6,1,gather-scatter,0.8,1,gather-scatter,0.6,1,gather-scatter,0.8,1,gather-scatter,0.8,1,gather-scatter,0.8
amlc_02485,HI-Small,1,gather-scatter,1.0,0.9850394207520587,1,gather-scatter,0.9967309,1,gather-scatter,0.99973756,1,gather-scatter,0.9938359683845872,1,gather-scatter,1,gather-scatter,0.8,1,,0.6,1,gather-scatter,0.8,1,gather-scatter,0.8,1,gather-scatter,0.8,1,gather-scatter,0.8,1,gather-scatter,0.8
amlc_02486,HI-Small,1,gather-scatter,1.0,0.9115371316814828,1,gather-scatter,0.82748544,1,gather-scatter,0.99900657,1,gather-scatter,0.9126763810761904,1,gather-scatter,1,fan-in,0.8,1,fan-in,0.6,1,fan-in,0.8,1,gather-scatter,0.6,1,fan-in,0.8,1,gather-scatter,0.8,1,fan-in,0.8
amlc_02487,HI-Small,1,gather-scatter,1.0,0.9915295011518688,1,gather-scatter,0.99874556,1,gather-scatter,0.9980283,1,gather-scatter,0.9961011133829186,1,gather-scatter,1,scatter-gather,0.6,1,gather-scatter,0.6,1,gather-scatter,0.6,1,gather-scatter,0.6,1,gather-scatter,0.8,1,gather-scatter,0.8,1,gather-scatter,0.8
amlc_02488,HI-Small,0,legit,1.0,0.7950087912331346,0,gather-scatter,0.8829023,1,gather-scatter,0.9901179,1,gather-scatter,0.8893430076523067,1,gather-scatter,1,fan-out,0.6,1,gather-scatter,0.6,1,fan-in,0.8,1,gather-scatter,0.8,1,scatter-gather,0.8,1,gather-scatter,0.8,1,gather-scatter,0.8
amlc_02489,HI-Small,1,gather-scatter,1.0,0.7871388643401144,0,gather-scatter,0.7835754,0,gather-scatter,0.98438865,1,gather-scatter,0.8517009764716783,1,gather-scatter,1,scatter-gather,0.8,1,gather-scatter,0.6,1,scatter-gather,0.6,1,gather-scatter,0.6,1,gather-scatter,0.8,1,gather-scatter,0.8,1,gather-scatter,0.8
amlc_02490,HI-Small,1,gather-scatter,1.0,0.9859747905137282,1,gather-scatter,0.99434406,1,gather-scatter,0.9939828,1,gather-scatter,0.9914338793556604,1,gather-scatter,1,fan-out,0.8,1,gather-scatter,0.8,1,scatter-gather,0.8,1,gather-scatter,0.8,1,gather-scatter,0.8,1,gather-scatter,0.8,1,scatter-gather,0.8
amlc_02491,HI-Small,0,legit,483.5610098176718,2.968778901253922e-05,0,stack,1.0172758e-05,0,stack,0.035489686,0,stack,0.0118431821269108,0,stack,1,fan-out,0.8,1,fan-out,0.6,1,fan-out,0.8,1,gather-scatter,0.6,1,scatter-gather,0.8,1,scatter-gather,0.8,0,,0.7
amlc_02492,HI-Small,1,legit,1.0,0.0023543638170659,0,stack,0.0018512562,0,fan-out,0.023379898,0,stack,0.0091951725847075,0,stack,0,,0.5,0,,0.5,0,,0.7,1,gather-scatter,0.6,1,fan-out,0.8,0,,0.7,0,,0.5
amlc_02493,HI-Small,0,legit,469.33800841514727,6.092940636968729e-05,0,bipartite,2.347527e-05,0,bipartite,0.01098539,0,stack,0.0036899316530789,0,bipartite,1,cycle,0.8,1,fan-out,0.6,1,gather-scatter,0.8,1,gather-scatter,0.6,1,gather-scatter,0.8,1,gather-scatter,0.8,1,gather-scatter,0.8
amlc_02494,HI-Small,1,legit,1.0,0.0096349511325387,0,gather-scatter,0.0016150281,0,gather-scatter,0.11788912,0,gather-scatter,0.0430463668124138,0,gather-scatter,0,,0.5,0,,0.5,1,scatter-gather,0.8,1,fan-out,0.6,1,fan-out,0.8,1,fan-out,0.8,0,,0.5
amlc_02495,HI-Small,0,legit,483.5610098176718,3.5323265853835894e-05,0,stack,2.2389559e-05,0,stack,0.040541645,0,stack,0.0135331193212967,0,stack,1,fan-out,0.6,1,fan-in,0.8,1,gather-scatter,0.8,1,gather-scatter,0.6,1,fan-out,0.8,1,random,0.8,1,gather-scatter,0.8
amlc_02496,HI-Small,0,legit,469.33800841514727,1.327896941121638e-05,0,bipartite,9.386609e-06,0,bipartite,0.0008929606,0,stack,0.0003052087205022,0,bipartite,1,fan-out,0.6,1,fan-out,0.6,1,random,0.8,1,gather-scatter,0.6,1,gather-scatter,0.8,0,,0.7,1,fan-in,0.8
amlc_02497,HI-Small,0,legit,469.33800841514727,0.0005341271923062,0,bipartite,0.00024301675,0,bipartite,0.007378644,0,bipartite,0.0027185959293553,0,bipartite,0,,0.7,0,,0.7,0,,0.7,1,cycle,0.8,0,,0.7,0,,0.7,0,,0.7
amlc_02498,HI-Small,0,legit,1.0,0.8391351152791791,1,bipartite,0.7024399,0,bipartite,0.6260135,0,bipartite,0.7225295122906304,0,bipartite,1,fan-out,0.6,1,scatter-gather,0.8,1,fan-out,0.6,1,gather-scatter,0.8,1,fan-out,0.8,0,,0.7,0,,0.5
amlc_02499,HI-Small,1,legit,1.0,0.0036907074170884,0,fan-in,0.0015258117,0,fan-in,0.08455553,0,fan-in,0.0299240160698924,0,fan-in,1,fan-in,0.6,1,,0.6,1,fan-in,0.8,1,gather-scatter,0.6,1,fan-in,0.8,1,fan-in,0.8,1,fan-in,0.8
amlc_02500,HI-Small,0,legit,483.5610098176718,1.4914276127478746e-05,0,bipartite,5.7525303e-05,0,fan-in,0.038970068,0,fan-out,0.0130141692255535,0,fan-out,1,fan-out,0.8,1,scatter-gather,0.6,1,fan-out,0.8,1,gather-scatter,0.8,1,gather-scatter,0.8,1,gather-scatter,0.8,1,gather-scatter,0.8
amlc_02501,HI-Small,0,legit,469.33800841514727,5.571515366518863e-05,0,bipartite,3.982559e-05,0,bipartite,0.088652775,0,bipartite,0.0295827718119648,0,bipartite,1,fan-out,0.6,1,gather-scatter,0.8,1,scatter-gather,0.8,1,gather-scatter,0.6,1,gather-scatter,0.8,1,gather-scatter,0.8,1,gather-scatter,0.8
amlc_02502,HI-Small,0,legit,483.5610098176718,0.0009508868505206,0,fan-out,0.0012270977,0,fan-out,0.011998014,0,fan-out,0.0047253327153299,0,fan-out,0,,0.5,0,,0.5,0,,0.5,0,,0.5,1,fan-out,0.8,1,gather-scatter,0.8,0,,0.5
amlc_02503,HI-Small,0,legit,469.33800841514727,1.617128866802122e-05,0,bipartite,1.3016787e-05,0,bipartite,0.010558202,0,bipartite,0.0035291300024639,0,bipartite,1,fan-out,0.6,1,gather-scatter,0.6,1,random,0.8,1,gather-scatter,0.8,1,scatter-gather,0.8,1,gather-scatter,0.8,0,,0.5
amlc_02504,HI-Small,1,scatter-gather,1.0,0.9913079359126612,1,cycle,0.9990468,1,cycle,0.9981704,1,cycle,0.996175038085796,1,cycle,1,gather-scatter,0.8,1,gather-scatter,0.6,1,fan-out,0.8,1,gather-scatter,0.6,1,fan-out,0.8,1,gather-scatter,0.8,1,scatter-gather,0.8
amlc_02505,HI-Small,1,scatter-gather,1.0,0.9887478018247536,1,cycle,0.9985733,1,cycle,0.99731034,1,cycle,0.9948771484839734,1,cycle,1,fan-out,0.6,1,fan-out,0.6,1,fan-out,0.8,1,gather-scatter,0.6,1,fan-out,0.8,1,fan-out,0.8,0,,0.5
amlc_02506,HI-Small,0,legit,483.5610098176718,3.439300890749243e-05,0,stack,8.454135e-06,0,stack,0.022137213,0,stack,0.0073933535475007,0,stack,1,gather-scatter,0.6,1,gather-scatter,0.6,1,gather-scatter,0.8,1,gather-scatter,0.6,1,gather-scatter,0.8,1,gather-scatter,0.8,1,gather-scatter,0.8
amlc_02507,HI-Small,1,legit,1.0,0.0058212652335725,0,fan-out,0.0018124435,0,fan-out,0.016894579,0,fan-out,0.0081760958845677,0,fan-out,0,,0.5,0,,0.5,1,scatter-gather,0.8,1,gather-scatter,0.6,1,fan-out,0.8,1,fan-out,0.8,0,,0.5
amlc_02508,HI-Small,1,legit,1.0,0.0136664626758788,0,bipartite,0.031442545,0,bipartite,0.28749856,0,bipartite,0.1108691905194353,0,bipartite,1,gather-scatter,0.6,1,gather-scatter,0.6,1,fan-out,0.6,1,gather-scatter,0.6,1,gather-scatter,0.8,1,gather-scatter,0.8,1,gather-scatter,0.8
amlc_02509,HI-Small,1,legit,1.0,0.0325332863302155,0,fan-in,0.04321605,0,fan-in,0.09119535,0,fan-in,0.0556482294589653,0,fan-in,1,fan-out,0.6,1,fan-out,0.8,1,fan-out,0.8,1,gather-scatter,0.8,1,fan-out,0.8,1,scatter-gather,0.8,0,,0.5
amlc_02510,HI-Small,1,legit,1.0,0.0518094822702643,0,stack,0.07558799,0,stack,0.967247,1,stack,0.3648814931491295,0,stack,1,fan-in,0.6,0,,0.7,1,fan-in,0.8,1,gather-scatter,0.8,1,gather-scatter,0.8,1,gather-scatter,0.8,1,fan-in,0.8
amlc_02511,HI-Small,1,legit,1.0,0.0085783199985229,0,bipartite,0.007221115,0,bipartite,0.5306115,0,bipartite,0.1821369832884736,0,bipartite,1,fan-in,0.6,1,fan-in,0.6,1,fan-in,0.8,1,gather-scatter,0.6,1,fan-in,0.8,1,fan-in,0.8,1,fan-in,0.8
amlc_02512,HI-Small,0,legit,483.5610098176718,1.5383263428509205e-05,0,bipartite,9.962359e-06,0,fan-in,0.017149283,0,random,0.0057248760807284,0,fan-in,1,fan-out,0.6,1,fan-out,0.6,1,scatter-gather,0.8,1,gather-scatter,0.6,1,scatter-gather,0.8,1,gather-scatter,0.8,1,gather-scatter,0.8
amlc_02513,HI-Small,1,legit,1.0,0.0261925593019585,0,fan-in,0.0076242997,0,fan-in,0.46088725,0,fan-in,0.1649013707725061,0,fan-in,1,gather-scatter,0.6,1,fan-in,0.8,1,fan-in,0.8,1,gather-scatter,0.6,1,fan-in,0.8,1,gather-scatter,0.8,1,fan-in,0.8
amlc_02514,HI-Small,0,legit,483.5610098176718,1.440918138976266e-05,0,bipartite,6.073692e-06,0,bipartite,0.016241096,0,bipartite,0.0054205262778501,0,bipartite,1,scatter-gather,0.6,1,fan-out,0.6,1,fan-out,0.8,1,scatter-gather,0.8,1,gather-scatter,0.8,1,gather-scatter,0.8,1,fan-out,0.8
amlc_02515,HI-Small,1,legit,1.0,0.0380815475430164,0,bipartite,0.06693529,0,bipartite,0.1556896,0,bipartite,0.086902146016428,0,bipartite,1,gather-scatter,0.6,1,fan-out,0.6,1,fan-out,0.6,1,gather-scatter,0.6,1,gather-scatter,0.8,1,gather-scatter,0.8,1,fan-out,0.8
amlc_02516,HI-Small,1,random,1.0,0.9931977467800766,1,stack,0.99961585,1,stack,0.98855364,1,stack,0.9937890793570407,1,stack,1,fan-out,0.6,0,,0.5,1,fan-out,0.6,1,gather-scatter,0.6,1,fan-out,0.8,1,fan-out,0.8,1,fan-out,0.8
amlc_02517,HI-Small,1,random,1.0,0.9922425176427584,1,cycle,0.9958712,1,cycle,0.99809825,1,cycle,0.9954039860343212,1,cycle,1,cycle,0.8,0,cycle,0.7,0,,0.7,0,,0.7,1,stack,0.8,1,stack,0.8,0,,0.7
amlc_02518,HI-Small,1,random,1.0,0.9581644591301238,1,stack,0.99888724,1,stack,0.9278299,1,stack,0.9616272070874624,1,stack,1,gather-scatter,0.6,0,,0.5,1,gather-scatter,0.6,1,gather-scatter,0.6,1,gather-scatter,0.8,1,gather-scatter,0.8,1,gather-scatter,0.8
amlc_02519,HI-Small,1,stack,1.0,0.9908968764618038,1,stack,0.9993761,1,stack,0.99521744,1,stack,0.995163479052484,1,stack,1,fan-in,0.6,1,fan-in,0.6,1,fan-in,0.6,1,gather-scatter,0.6,1,fan-in,0.8,1,fan-in,0.8,1,fan-in,0.8
amlc_02520,HI-Small,1,stack,1.0,0.9758393283097904,1,stack,0.9975933,1,stack,0.96449363,1,stack,0.9793087480932128,1,stack,1,fan-in,0.6,0,,0.5,1,fan-in,0.6,1,gather-scatter,0.6,1,fan-in,0.8,1,gather-scatter,0.8,1,fan-in,0.8
amlc_02521,HI-Small,1,random,1.0,0.779105898757629,0,stack,0.8157644,1,stack,0.9857025,1,stack,0.8601909468637084,1,stack,1,gather-scatter,0.6,1,fan-out,0.8,1,random,0.8,1,random,0.8,1,gather-scatter,0.8,1,gather-scatter,0.8,1,random,0.8
amlc_02522,HI-Small,1,random,1.0,0.9779864213747224,1,cycle,0.9956104,1,cycle,0.99782056,1,cycle,0.9904724644913422,1,cycle,1,gather-scatter,0.6,0,,0.7,1,gather-scatter,0.8,1,gather-scatter,0.6,1,gather-scatter,0.8,1,gather-scatter,0.8,1,gather-scatter,0.8
amlc_02523,HI-Small,1,random,1.0,0.9901324404133968,1,cycle,0.99321735,1,cycle,0.99697816,1,cycle,0.9934426510616676,1,cycle,1,fan-out,0.6,1,gather-scatter,0.6,0,,0.7,1,gather-scatter,0.8,1,fan-out,0.8,1,fan-out,0.8,1,fan-out,0.8
amlc_02524,HI-Small,1,random,1.0,0.6565406749742325,0,random,0.8076541,1,cycle,0.97261965,1,cycle,0.8122714701658188,1,cycle,1,fan-out,0.6,1,fan-out,0.6,1,fan-out,0.6,1,gather-scatter,0.6,1,fan-out,0.8,1,fan-out,0.8,0,,0.5
amlc_02525,HI-Small,1,random,1.0,0.9908911376643113,1,cycle,0.9967987,1,cycle,0.9965946,1,cycle,0.9947614798760392,1,cycle,1,gather-scatter,0.8,1,fan-out,0.6,1,gather-scatter,0.8,1,fan-out,0.6,1,gather-scatter,0.8,1,gather-scatter,0.8,0,,0.7
amlc_02526,HI-Small,0,legit,1.0,0.4041727901862819,0,cycle,0.132876,0,cycle,0.97624743,1,cycle,0.5044320712939487,0,cycle,1,random,0.8,1,fan-out,0.6,1,gather-scatter,0.8,1,gather-scatter,0.6,1,gather-scatter,0.8,1,gather-scatter,0.8,1,gather-scatter,0.8
amlc_02527,HI-Small,1,random,1.0,0.5416094549054156,0,cycle,0.6976506,0,cycle,0.9724553,1,cycle,0.7372384630161607,0,cycle,1,random,0.8,0,,0.7,1,random,0.8,1,gather-scatter,0.8,1,gather-scatter,0.8,1,gather-scatter,0.8,1,gather-scatter,0.8
amlc_02528,HI-Small,1,random,1.0,0.9707788983212724,1,cycle,0.9961712,1,cycle,0.96524584,1,cycle,0.9773986392294968,1,cycle,1,fan-out,0.6,1,fan-out,0.6,1,fan-out,0.8,1,gather-scatter,0.8,1,fan-out,0.8,1,gather-scatter,0.8,1,gather-scatter,0.8
amlc_02529,HI-Small,1,random,1.0,0.9312704941966544,1,stack,0.8735463,1,cycle,0.8516041,1,cycle,0.8854736335190937,1,cycle,1,fan-out,0.6,1,fan-out,0.6,1,fan-out,0.8,1,gather-scatter,0.6,1,fan-out,0.8,1,gather-scatter,0.8,1,fan-out,0.8
amlc_02530,HI-Small,1,random,1.0,0.963404464963171,1,cycle,0.9905262,1,stack,0.9784196,1,cycle,0.9774500887404192,1,cycle,1,fan-out,0.8,1,gather-scatter,0.6,1,scatter-gather,0.6,1,gather-scatter,0.8,1,fan-out,0.8,1,gather-scatter,0.8,0,,0.5
amlc_02531,HI-Small,1,random,1.0,0.9857749151791884,1,cycle,0.99425393,1,cycle,0.9986483,1,cycle,0.99289237815823,1,cycle,1,fan-out,0.6,0,,0.5,1,scatter-gather,0.6,1,gather-scatter,0.6,1,gather-scatter,0.8,1,gather-scatter,0.8,1,gather-scatter,0.8
amlc_02532,HI-Small,1,random,1.0,0.4144425809441084,0,stack,0.58512604,0,stack,0.94646245,1,stack,0.6486770252405959,0,stack,1,fan-in,0.8,0,,0.7,0,,0.7,1,gather-scatter,0.6,1,gather-scatter,0.8,0,,0.7,1,gather-scatter,0.8
amlc_02533,HI-Small,0,legit,469.33800841514727,1.533155815930751e-05,0,stack,2.8138884e-05,0,fan-in,0.007753952,0,bipartite,0.0025991407942359,0,fan-in,1,fan-out,0.8,1,scatter-gather,0.6,1,fan-out,0.6,1,gather-scatter,0.8,1,fan-out,0.8,1,gather-scatter,0.8,1,scatter-gather,0.8
amlc_02534,HI-Small,0,legit,483.5610098176718,1.993815657017818e-05,0,stack,6.9331827e-06,0,stack,0.016288381,0,random,0.005438417469724,0,stack,1,fan-out,0.6,1,fan-out,0.6,1,gather-scatter,0.6,1,gather-scatter,0.8,1,gather-scatter,0.8,1,gather-scatter,0.8,1,gather-scatter,0.8
amlc_02535,HI-Small,0,legit,483.5610098176718,3.502706078454288e-05,0,bipartite,9.788989e-06,0,stack,0.028747004,0,bipartite,0.0095972731916903,0,bipartite,1,fan-out,0.6,1,fan-out,0.6,1,gather-scatter,0.6,1,gather-scatter,0.6,1,fan-out,0.8,0,,0.7,0,,0.5
amlc_02536,HI-Small,0,legit,469.33800841514727,0.0001049118748534,0,bipartite,0.00020841506,0,bipartite,0.0047163432,0,bipartite,0.0016765567277292,0,bipartite,1,fan-out,0.6,1,fan-out,0.8,1,fan-out,0.6,1,gather-scatter,0.8,1,scatter-gather,0.8,1,fan-out,0.8,1,gather-scatter,0.8
amlc_02537,HI-Small,0,legit,469.33800841514727,4.9918560150862704e-05,0,stack,7.5710473e-06,0,stack,0.008212585,0,stack,0.0027566915365325,0,stack,1,fan-in,0.6,1,gather-scatter,0.6,1,gather-scatter,0.6,1,gather-scatter,0.6,1,gather-scatter,0.8,1,gather-scatter,0.8,1,gather-scatter,0.8
amlc_02538,HI-Small,0,legit,483.5610098176718,0.0001890896871058,0,bipartite,8.061448e-05,0,bipartite,0.024526726,0,bipartite,0.0082654768744352,0,bipartite,0,,0.7,0,,0.7,0,,0.7,1,gather-scatter,0.6,0,,0.7,0,,0.7,0,,0.7
amlc_02539,HI-Small,1,legit,1.0,0.109194194804517,0,bipartite,0.07827806,0,bipartite,0.08608836,0,bipartite,0.0911868704792153,0,bipartite,1,scatter-gather,0.6,1,fan-out,0.6,1,scatter-gather,0.8,1,gather-scatter,0.8,1,scatter-gather,0.8,1,gather-scatter,0.8,1,gather-scatter,0.8
amlc_02540,HI-Small,0,legit,469.33800841514727,1.7591566395139233e-05,0,bipartite,1.3976026e-05,0,stack,0.0080550285,0,stack,0.0026955320326433,0,stack,1,gather-scatter,0.6,1,scatter-gather,0.6,1,gather-scatter,0.8,1,gather-scatter,0.8,1,gather-scatter,0.8,1,gather-scatter,0.8,1,gather-scatter,0.8
amlc_02541,HI-Small,0,legit,469.33800841514727,0.0002624428753378,0,stack,0.00066680886,0,stack,0.11551376,0,stack,0.0388143362024678,0,stack,1,gather-scatter,0.6,0,,0.5,1,fan-out,0.8,1,gather-scatter,0.8,1,gather-scatter,0.8,1,gather-scatter,0.8,1,gather-scatter,0.8
amlc_02542,HI-Small,1,bipartite,1.0,0.1783644847418785,0,bipartite,0.13272168,0,bipartite,0.9859953,1,bipartite,0.4323604849426588,0,bipartite,1,fan-out,0.8,1,fan-out,0.6,1,scatter-gather,0.8,1,gather-scatter,0.8,1,fan-out,0.8,1,fan-out,0.8,0,,0.5
amlc_02543,HI-Small,0,legit,469.33800841514727,5.597248132344014e-05,0,bipartite,2.1436143e-05,0,bipartite,0.14449535,0,stack,0.0481909205755226,0,bipartite,1,gather-scatter,0.8,1,cycle,0.8,1,gather-scatter,0.6,1,gather-scatter,0.6,1,gather-scatter,0.8,1,gather-scatter,0.8,1,gather-scatter,0.8
amlc_02544,HI-Small,0,legit,469.33800841514727,2.509465423139761e-05,0,bipartite,2.209086e-05,0,stack,0.09435467,0,bipartite,0.0314672840947491,0,bipartite,1,fan-out,0.6,1,gather-scatter,0.6,1,scatter-gather,0.8,1,gather-scatter,0.6,1,gather-scatter,0.8,1,gather-scatter,0.8,0,,0.5
amlc_02545,HI-Small,0,legit,483.5610098176718,1.2337489241609916e-05,0,bipartite,1.7779066e-05,0,bipartite,0.033560514,0,bipartite,0.0111968770018328,0,bipartite,1,fan-out,0.6,1,fan-out,0.6,1,gather-scatter,0.8,1,gather-scatter,0.8,1,fan-out,0.8,0,,0.7,0,,0.5
amlc_02546,HI-Small,0,legit,469.33800841514727,1.2711850863773075e-05,0,bipartite,6.697078e-06,0,fan-in,0.00659092,0,bipartite,0.0022034429878462,0,bipartite,1,gather-scatter,0.8,1,scatter-gather,0.6,1,scatter-gather,0.8,1,gather-scatter,0.8,1,gather-scatter,0.8,1,gather-scatter,0.8,1,gather-scatter,0.8
amlc_02547,HI-Small,0,legit,469.33800841514727,1.245912639983102e-05,0,bipartite,3.0396939e-06,0,stack,0.007607059,0,stack,0.0025408526359565,0,stack,1,fan-out,0.6,1,fan-out,0.8,1,fan-in,0.8,1,gather-scatter,0.6,1,random,0.8,1,random,0.8,1,gather-scatter,0.8
amlc_02548,HI-Small,1,legit,1.0,0.0026848406763326,0,stack,0.0019537637,0,fan-out,0.016889762,0,stack,0.007176122154716,0,stack,0,,0.5,0,,0.5,1,fan-out,0.8,1,random,0.8,1,fan-out,0.8,1,fan-out,0.8,0,,0.5
amlc_02549,HI-Small,0,legit,1.0,0.7300102222759628,0,bipartite,0.651785,0,bipartite,0.08179611,0,bipartite,0.4878637826707331,0,bipartite,1,fan-in,0.6,1,fan-in,0.6,1,fan-in,0.8,1,random,0.8,1,fan-in,0.8,0,,0.7,0,,0.7
amlc_02550,HI-Small,0,legit,469.33800841514727,1.310021805947433e-05,0,bipartite,7.0832452e-06,0,fan-in,0.004101038,0,scatter-gather,0.0013737404808073,0,fan-in,1,fan-in,0.6,1,fan-in,0.6,1,fan-in,0.8,1,gather-scatter,0.8,1,fan-in,0.8,1,fan-in,0.8,1,fan-in,0.8
amlc_02551,HI-Small,0,legit,469.33800841514727,1.6236545170910123e-05,0,bipartite,1.1219679e-05,0,bipartite,0.06517478,0,bipartite,0.0217340790035481,0,bipartite,1,gather-scatter,0.6,1,scatter-gather,0.8,1,gather-scatter,0.8,1,gather-scatter,0.6,1,gather-scatter,0.8,1,gather-scatter,0.8,1,gather-scatter,0.8
amlc_02552,HI-Small,0,legit,469.33800841514727,1.387275338734847e-05,0,stack,3.8466255e-06,0,stack,0.010990636,0,stack,0.0036694519340497,0,stack,1,gather-scatter,0.6,1,fan-out,0.6,0,,0.7,1,bipartite,0.8,1,gather-scatter,0.8,1,gather-scatter,0.8,1,gather-scatter,0.8
amlc_02553,HI-Small,0,legit,469.33800841514727,0.0004251016402274,0,bipartite,0.00064468547,0,bipartite,0.067406714,0,bipartite,0.0228255003568291,0,bipartite,1,gather-scatter,0.6,1,gather-scatter,0.6,1,gather-scatter,0.6,1,gather-scatter,0.6,1,gather-scatter,0.8,1,gather-scatter,0.8,1,gather-scatter,0.8
amlc_02554,HI-Small,0,legit,483.5610098176718,0.0003480126370031,0,fan-out,0.00041553736,0,fan-out,0.025626922,0,fan-out,0.0087968240080341,0,fan-out,0,,0.5,0,,0.5,1,fan-out,0.8,1,random,0.8,1,scatter-gather,0.8,0,,0.7,0,,0.5
amlc_02555,HI-Small,0,legit,483.5610098176718,4.442071509373324e-05,0,stack,1.763822e-05,0,stack,0.022993933,0,stack,0.0076853307815204,0,stack,1,gather-scatter,0.6,1,gather-scatter,0.8,1,fan-out,0.8,1,gather-scatter,0.8,1,gather-scatter,0.8,1,gather-scatter,0.8,1,scatter-gather,0.8
amlc_02556,HI-Small,0,legit,1.0,0.7988421672494688,0,stack,0.8215105,1,stack,0.29006273,0,stack,0.6368051288495951,0,stack,1,gather-scatter,0.6,1,fan-out,0.8,1,fan-out,0.6,1,gather-scatter,0.8,1,fan-out,0.8,1,gather-scatter,0.8,1,gather-scatter,0.8
amlc_02557,HI-Small,0,legit,469.33800841514727,4.220639311822917e-05,0,bipartite,1.98625e-05,0,bipartite,0.05942204,0,bipartite,0.0198280357963085,0,bipartite,1,fan-out,0.6,1,fan-out,0.6,1,gather-scatter,0.6,1,gather-scatter,0.8,1,fan-out,0.8,1,fan-out,0.8,0,,0.5
amlc_02558,HI-Small,0,legit,469.33800841514727,0.0001741880455576,0,bipartite,0.00011982418,0,bipartite,0.09010035,0,bipartite,0.0301314534073481,0,bipartite,1,fan-in,0.6,0,,0.5,1,fan-in,0.8,1,gather-scatter,0.6,1,fan-in,0.8,1,fan-in,0.8,1,fan-in,0.8
amlc_02559,HI-Small,0,legit,469.33800841514727,0.0003144028966033,0,bipartite,0.00020581116,0,bipartite,0.13147444,0,bipartite,0.0439982164609384,0,bipartite,1,fan-out,0.6,1,gather-scatter,0.6,1,scatter-gather,0.8,1,gather-scatter,0.8,1,fan-out,0.8,1,gather-scatter,0.8,0,,0.5
amlc_02560,HI-Small,0,legit,469.33800841514727,1.966417520784724e-05,0,stack,6.9238604e-06,0,stack,0.104837075,0,bipartite,0.0349545543038074,0,stack,1,gather-scatter,0.6,1,fan-in,0.6,1,fan-out,0.8,1,gather-scatter,0.6,1,gather-scatter,0.8,1,gather-scatter,0.8,1,stack,0.8
amlc_02561,HI-Small,0,legit,469.33800841514727,0.0006024195839209,0,fan-out,0.0012684729,0,fan-out,0.074724264,0,fan-out,0.0255317189661949,0,fan-out,0,,0.5,0,,0.5,0,,0.7,1,gather-scatter,0.6,1,fan-out,0.8,1,fan-out,0.8,0,,0.5
amlc_02562,HI-Small,0,legit,483.5610098176718,0.0008549177914958,0,bipartite,0.00057263015,0,bipartite,0.037866432,0,bipartite,0.0130979933857641,0,bipartite,0,cycle,0.7,0,,0.7,0,,0.7,1,fan-in,0.6,0,,0.7,0,,0.7,0,,0.7
amlc_02563,HI-Small,1,legit,1.0,0.0036427378227271,0,fan-out,0.01089808,0,fan-out,0.12823954,0,fan-out,0.0475934532639039,0,fan-out,0,,0.5,0,,0.5,1,fan-out,0.6,1,gather-scatter,0.6,1,fan-out,0.8,0,,0.7,0,,0.5
amlc_02564,HI-Small,0,legit,1.0,0.6717425752102723,0,stack,0.6584319,0,stack,0.04076213,0,stack,0.4569788643359936,0,stack,1,gather-scatter,0.6,1,fan-in,0.6,1,gather-scatter,0.8,1,gather-scatter,0.8,1,gather-scatter,0.8,1,stack,0.8,1,gather-scatter,0.8
amlc_02565,HI-Small,0,legit,483.5610098176718,0.006448961221419,0,bipartite,0.002088657,0,bipartite,0.018291777,0,bipartite,0.008943131778635,0,bipartite,1,fan-in,0.6,0,,0.7,0,,0.7,1,gather-scatter,0.6,1,gather-scatter,0.8,1,gather-scatter,0.8,0,,0.7
amlc_02566,HI-Small,0,legit,483.5610098176718,4.3034409605995526e-05,0,random,1.1129525e-05,0,bipartite,0.029974276,0,bipartite,0.0100094800448024,0,bipartite,1,fan-out,0.6,1,fan-out,0.6,1,fan-out,0.6,1,gather-scatter,0.6,1,fan-out,0.8,1,fan-out,0.8,0,,0.5
amlc_02567,HI-Small,0,legit,469.33800841514727,0.0008938766197357,0,cycle,8.7874694e-05,0,cycle,0.65687954,0,cycle,0.2192870985239995,0,cycle,1,random,0.8,1,fan-out,0.6,1,scatter-gather,0.6,1,gather-scatter,0.8,1,gather-scatter,0.8,1,gather-scatter,0.8,1,scatter-gather,0.8
amlc_02568,HI-Small,0,legit,1.0,0.7293301721791254,0,stack,0.40506285,0,stack,0.5313912,0,stack,0.5552614099575356,0,stack,0,,0.5,0,,0.5,1,gather-scatter,0.8,1,gather-scatter,0.8,1,fan-out,0.8,0,,0.7,0,,0.5
amlc_02569,HI-Small,1,legit,1.0,0.065718635392122,0,gather-scatter,0.031074878,0,gather-scatter,0.9150756,1,gather-scatter,0.3372897044559096,0,gather-scatter,1,gather-scatter,0.8,1,fan-in,0.6,1,gather-scatter,0.8,1,gather-scatter,0.6,1,gather-scatter,0.8,1,gather-scatter,0.8,1,gather-scatter,0.8
amlc_02570,HI-Small,0,legit,469.33800841514727,0.0003308910245069,0,bipartite,0.0003228979,0,bipartite,0.008611495,0,bipartite,0.003088427863068,0,bipartite,1,gather-scatter,0.6,1,stack,0.8,1,gather-scatter,0.8,1,gather-scatter,0.6,1,gather-scatter,0.8,1,gather-scatter,0.8,1,gather-scatter,0.8
amlc_02571,HI-Small,0,legit,469.33800841514727,1.5089578399750896e-05,0,stack,9.512575e-06,0,stack,0.005587713,0,bipartite,0.0018707716717195,0,stack,1,fan-out,0.8,1,fan-out,0.6,0,,0.7,1,gather-scatter,0.8,1,scatter-gather,0.8,1,scatter-gather,0.8,0,,0.5
amlc_02572,HI-Small,1,legit,1.0,0.2399226137822371,0,fan-in,0.14949615,0,fan-in,0.030589666,0,fan-in,0.1400028109989398,0,fan-in,1,fan-in,0.6,1,fan-in,0.6,1,fan-in,0.8,1,gather-scatter,0.6,1,fan-in,0.8,1,fan-in,0.8,1,fan-in,0.8
amlc_02573,HI-Small,0,legit,469.33800841514727,0.0095113637960774,0,bipartite,0.0024144475,0,bipartite,0.09794346,0,bipartite,0.0366230912385905,0,bipartite,0,,0.7,0,,0.7,0,,0.7,1,gather-scatter,0.6,0,fan-in,0.7,1,fan-in,0.8,0,fan-in,0.7
amlc_02574,HI-Small,0,legit,483.5610098176718,1.2853145830998358e-05,0,bipartite,5.466868e-06,0,bipartite,0.013772616,0,bipartite,0.0045969787255958,0,bipartite,1,fan-out,0.6,1,fan-out,0.6,1,gather-scatter,0.8,1,gather-scatter,0.6,1,scatter-gather,0.8,1,scatter-gather,0.8,1,gather-scatter,0.8
amlc_02575,HI-Small,0,legit,469.33800841514727,0.0007078197688069,0,bipartite,0.00040059217,0,bipartite,0.18555892,0,bipartite,0.0622224423575283,0,bipartite,0,cycle,0.7,0,,0.7,0,,0.7,1,fan-in,0.6,0,,0.7,0,,0.7,0,,0.7
amlc_02576,HI-Small,0,legit,1.0,0.7716938403006194,0,bipartite,0.7161625,0,bipartite,0.43060318,0,bipartite,0.639486506473879,0,bipartite,0,,0.7,0,,0.7,0,,0.7,1,cycle,0.8,0,,0.7,0,,0.7,0,,0.7
amlc_02577,HI-Small,1,legit,1.0,0.0301458735343402,0,bipartite,0.04239596,0,bipartite,0.6352604,0,bipartite,0.2359340790767333,0,bipartite,1,fan-in,0.6,0,,0.5,1,bipartite,0.8,1,gather-scatter,0.6,1,scatter-gather,0.8,1,scatter-gather,0.8,1,scatter-gather,0.8
amlc_02578,HI-Small,1,legit,1.0,0.0049603149644561,0,gather-scatter,0.0024963336,0,gather-scatter,0.05834887,0,gather-scatter,0.0219351734306507,0,gather-scatter,0,,0.5,0,,0.5,1,fan-out,0.8,1,gather-scatter,0.6,1,fan-out,0.8,0,,0.7,0,,0.5
amlc_02579,HI-Small,1,legit,1.0,0.0018657707473205,0,fan-out,0.0007431091,0,fan-out,0.0057826946,0,fan-out,0.0027971914652405,0,fan-out,0,,0.5,0,,0.5,1,fan-out,0.8,0,,0.7,1,fan-out,0.8,0,,0.7,0,,0.5
amlc_02580,HI-Small,0,legit,1.0,0.6647410215241578,0,bipartite,0.49909967,0,bipartite,0.050535243,0,bipartite,0.4047919787897953,0,bipartite,1,fan-in,0.6,1,fan-in,0.6,1,fan-in,0.8,1,gather-scatter,0.6,1,fan-in,0.8,1,fan-in,0.8,1,fan-in,0.8
amlc_02581,HI-Small,0,legit,483.5610098176718,0.0048744935035935,0,bipartite,0.0018546606,0,bipartite,0.03406375,0,bipartite,0.0135976343634925,0,bipartite,1,fan-in,0.6,1,fan-in,0.6,1,fan-in,0.6,1,gather-scatter,0.6,1,fan-in,0.8,1,fan-in,0.8,1,fan-in,0.8
amlc_02582,HI-Small,0,legit,469.33800841514727,0.0010029220886747,0,fan-out,0.0009648275,0,fan-out,0.12188091,0,fan-out,0.0412828869552114,0,fan-out,0,,0.5,0,,0.5,1,gather-scatter,0.8,1,gather-scatter,0.8,1,fan-out,0.8,1,fan-out,0.8,0,,0.5
amlc_02583,HI-Small,0,legit,469.33800841514727,4.477907369693619e-05,0,stack,1.7207412e-05,0,stack,0.009916295,0,stack,0.0033260939278415,0,stack,1,fan-out,0.6,1,gather-scatter,0.6,1,gather-scatter,0.8,1,gather-scatter,0.8,1,fan-out,0.8,1,gather-scatter,0.8,1,gather-scatter,0.8
amlc_02584,HI-Small,0,legit,469.33800841514727,1.5295661140250455e-05,0,bipartite,2.3708488e-05,0,fan-in,0.009527313,0,bipartite,0.0031887722468667,0,bipartite,1,fan-out,0.8,1,fan-out,0.8,1,fan-out,0.8,1,gather-scatter,0.8,1,fan-out,0.8,1,fan-out,0.8,0,,0.5
amlc_02585,HI-Small,0,legit,483.5610098176718,2.075281049795168e-05,0,stack,1.0956003e-05,0,stack,0.012576041,0,random,0.0042025832085381,0,stack,1,gather-scatter,0.6,1,gather-scatter,0.8,1,gather-scatter,0.8,1,gather-scatter,0.8,1,gather-scatter,0.8,1,cycle,0.8,1,gather-scatter,0.8
amlc_02586,HI-Small,0,legit,469.33800841514727,0.0001042849840145,0,random,0.000107998276,0,scatter-gather,0.41013375,0,cycle,0.1367820108354639,0,cycle,1,gather-scatter,0.8,1,gather-scatter,0.6,1,scatter-gather,0.8,1,gather-scatter,0.6,1,gather-scatter,0.8,1,gather-scatter,0.8,1,gather-scatter,0.8
amlc_02587,HI-Small,0,legit,469.33800841514727,1.3365269891981658e-05,0,random,7.853939e-06,0,fan-in,0.0018437237,0,bipartite,0.0006216476366579,0,fan-in,1,fan-out,0.6,0,,0.5,1,fan-out,0.8,1,gather-scatter,0.8,1,gather-scatter,0.8,1,gather-scatter,0.8,1,gather-scatter,0.8
amlc_02588,HI-Small,0,legit,469.33800841514727,0.0003646872575738,0,bipartite,0.00041283312,0,bipartite,0.00685915,0,bipartite,0.0025455567205439,0,bipartite,1,scatter-gather,0.6,1,stack,0.8,1,fan-out,0.8,1,gather-scatter,0.8,1,scatter-gather,0.8,1,gather-scatter,0.8,0,,0.5
amlc_02589,HI-Small,0,legit,483.5610098176718,1.336598397174548e-05,0,bipartite,5.933445e-06,0,bipartite,0.01703975,0,bipartite,0.0056863497335124,0,bipartite,1,gather-scatter,0.6,1,fan-out,0.6,1,gather-scatter,0.8,1,gather-scatter,0.8,1,gather-scatter,0.8,1,gather-scatter,0.8,1,scatter-gather,0.8
amlc_02590,HI-Small,0,legit,1.0,0.923259494421646,1,bipartite,0.9528677,1,bipartite,0.9800848,1,bipartite,0.9520706526828356,1,bipartite,1,gather-scatter,0.8,1,scatter-gather,0.6,1,fan-out,0.8,1,gather-scatter,0.8,1,fan-out,0.8,1,random,0.8,0,,0.5
amlc_02591,HI-Small,0,legit,483.5610098176718,1.3224266157790278e-05,0,random,1.0247263e-05,0,fan-in,0.034468707,0,bipartite,0.0114973927421819,0,fan-in,1,gather-scatter,0.6,0,,0.5,1,fan-out,0.8,1,gather-scatter,0.6,1,fan-out,0.8,1,gather-scatter,0.8,0,,0.5
amlc_02592,HI-Small,0,legit,483.5610098176718,0.0025573107123815,0,fan-out,0.0037657425,0,fan-out,0.02621679,0,fan-out,0.0108466144399243,0,fan-out,0,,0.5,0,,0.5,1,fan-out,0.8,1,gather-scatter,0.8,1,fan-out,0.8,0,,0.7,0,,0.5
amlc_02593,HI-Small,0,legit,1.0,0.7608425906833536,0,fan-in,0.8769828,1,fan-in,0.4215618,0,fan-in,0.6864624020634932,0,fan-in,1,fan-in,0.6,0,,0.5,1,fan-in,0.6,1,gather-scatter,0.6,1,fan-in,0.8,1,gather-scatter,0.8,1,stack,0.8
amlc_02594,HI-Small,0,legit,469.33800841514727,1.257932419458774e-05,0,fan-in,1.6000216e-05,0,fan-in,0.00431891,0,bipartite,0.0014491632419538,0,fan-in,1,stack,0.8,1,stack,0.8,1,fan-in,0.6,1,gather-scatter,0.6,1,fan-in,0.8,1,gather-scatter,0.8,1,fan-in,0.8
amlc_02595,HI-Small,0,legit,1.0,0.9103150435664448,1,cycle,0.72389793,0,cycle,0.92137986,1,cycle,0.8518642805807523,1,cycle,1,fan-out,0.6,1,fan-out,0.6,1,scatter-gather,0.8,1,gather-scatter,0.8,1,fan-out,0.8,1,scatter-gather,0.8,0,,0.5
amlc_02596,HI-Small,0,legit,483.5610098176718,0.0001303361570409,0,bipartite,0.0001984851,0,bipartite,0.014250025,0,bipartite,0.0048596154690391,0,bipartite,0,,0.7,0,,0.7,0,,0.7,1,gather-scatter,0.6,0,,0.7,0,,0.7,0,,0.7
amlc_02597,HI-Small,0,legit,483.5610098176718,1.256184732193889e-05,0,bipartite,7.882807e-06,0,bipartite,0.016405374,0,bipartite,0.0054752728220279,0,bipartite,1,gather-scatter,0.6,1,random,0.8,1,bipartite,0.8,1,gather-scatter,0.6,1,scatter-gather,0.8,1,gather-scatter,0.8,1,gather-scatter,0.8
amlc_02598,HI-Small,1,legit,1.0,0.0389622802767553,0,bipartite,0.06898525,0,bipartite,0.5099163,0,bipartite,0.2059546131304038,0,bipartite,1,gather-scatter,0.6,1,fan-in,0.6,0,fan-out,0.7,1,gather-scatter,0.6,1,scatter-gather,0.8,1,gather-scatter,0.8,0,,0.5
amlc_02599,HI-Small,1,legit,1.0,0.058020954372361,0,bipartite,0.027314117,0,bipartite,0.4249975,0,bipartite,0.1701108600255101,0,bipartite,1,fan-out,0.8,0,,0.5,1,fan-out,0.6,1,gather-scatter,0.6,1,gather-scatter,0.8,1,random,0.8,1,gather-scatter,0.8
amlc_02600,HI-Small,0,legit,469.33800841514727,1.39606447462559e-05,0,bipartite,5.455299e-06,0,stack,0.004530508,0,bipartite,0.0015166413382545,0,bipartite,1,gather-scatter,0.6,1,gather-scatter,0.6,1,fan-out,0.6,1,cycle,0.8,1,gather-scatter,0.8,1,gather-scatter,0.8,0,,0.5
amlc_02601,HI-Small,0,legit,483.5610098176718,1.532690101616327e-05,0,bipartite,8.573345e-06,0,bipartite,0.015378177,0,bipartite,0.005134025804147,0,bipartite,1,fan-out,0.6,0,,0.5,1,gather-scatter,0.8,1,scatter-gather,0.8,1,gather-scatter,0.8,1,gather-scatter,0.8,1,gather-scatter,0.8
amlc_02602,HI-Small,0,legit,483.5610098176718,3.1031809932737585e-05,0,bipartite,1.1052144e-05,0,stack,0.014937731,0,bipartite,0.0049932717971544,0,bipartite,1,stack,0.8,1,fan-out,0.6,1,fan-out,0.8,1,gather-scatter,0.6,1,scatter-gather,0.8,1,gather-scatter,0.8,1,gather-scatter,0.8
amlc_02603,HI-Small,0,legit,483.5610098176718,6.270063530648371e-05,0,bipartite,5.2664655e-05,0,bipartite,0.017877439,0,bipartite,0.0059976014422586,0,bipartite,0,,0.7,0,,0.7,1,random,0.8,1,random,0.8,0,,0.7,0,,0.7,0,,0.7
amlc_02604,HI-Small,0,legit,469.33800841514727,0.0001432133212489,0,bipartite,0.00015363263,0,bipartite,0.07089265,0,bipartite,0.0237298309536119,0,bipartite,0,,0.7,0,cycle,0.7,0,,0.7,0,,0.7,0,,0.7,0,,0.7,0,,0.7
amlc_02605,HI-Small,0,legit,1.0,0.8595928015809827,1,bipartite,0.6985226,0,bipartite,0.21442242,0,bipartite,0.590845949533965,0,bipartite,0,,0.7,0,,0.7,1,random,0.8,1,gather-scatter,0.6,0,,0.7,0,,0.7,0,,0.7
amlc_02606,HI-Small,1,legit,1.0,0.011746847414235,0,fan-in,0.009222706,0,fan-in,0.27162558,0,fan-in,0.0975317105554076,0,fan-in,1,fan-in,0.6,1,fan-in,0.6,0,,0.7,1,gather-scatter,0.8,1,fan-in,0.8,1,fan-in,0.8,1,fan-in,0.8
amlc_02607,HI-Small,0,legit,469.33800841514727,1.35663863370252e-05,0,bipartite,9.278626e-06,0,bipartite,0.0062738718,0,bipartite,0.0020989055885136,0,bipartite,1,cycle,0.8,0,,0.7,1,gather-scatter,0.6,1,random,0.8,1,gather-scatter,0.8,1,bipartite,0.8,1,bipartite,0.8
amlc_02608,HI-Small,0,legit,469.33800841514727,1.53514079097647e-05,0,bipartite,4.620554e-06,0,bipartite,0.011085262,0,bipartite,0.0037017445176084,0,bipartite,1,gather-scatter,0.8,0,,0.5,1,scatter-gather,0.6,1,gather-scatter,0.8,1,gather-scatter,0.8,1,gather-scatter,0.8,1,gather-scatter,0.8
amlc_02609,HI-Small,0,legit,469.33800841514727,1.2117097938354484e-05,0,bipartite,9.6446065e-06,0,fan-in,0.005996478,0,random,0.0020060798315408,0,fan-in,1,gather-scatter,0.6,1,fan-out,0.6,1,gather-scatter,0.8,1,gather-scatter,0.8,1,gather-scatter,0.8,1,gather-scatter,0.8,1,gather-scatter,0.8
amlc_02610,HI-Small,0,legit,469.33800841514727,1.5045557796738827e-05,0,bipartite,9.3719245e-06,0,stack,0.0063660713,0,bipartite,0.0021301629245329,0,bipartite,1,scatter-gather,0.6,1,gather-scatter,0.6,0,,0.7,1,gather-scatter,0.6,1,gather-scatter,0.8,1,gather-scatter,0.8,1,scatter-gather,0.8
amlc_02611,HI-Small,0,legit,483.5610098176718,3.066985348801709e-05,0,stack,1.3172021e-05,0,stack,0.018740838,0,stack,0.0062615600892763,0,stack,1,scatter-gather,0.8,1,fan-out,0.6,1,scatter-gather,0.6,1,gather-scatter,0.8,1,scatter-gather,0.8,1,fan-out,0.8,0,,0.5
amlc_02612,HI-Small,0,legit,1.0,0.7887464546093164,0,bipartite,0.7390386,0,bipartite,0.19844468,0,bipartite,0.5754099068684319,0,bipartite,1,random,0.8,1,random,0.8,1,random,0.8,1,random,0.8,1,random,0.8,1,random,0.8,0,,0.7
amlc_02613,HI-Small,0,legit,469.33800841514727,1.4685304916684655e-05,0,stack,1.2053806e-05,0,stack,0.007248099,0,bipartite,0.0024249460243522,0,stack,1,gather-scatter,0.6,1,gather-scatter,0.6,1,gather-scatter,0.8,1,gather-scatter,0.6,1,gather-scatter,0.8,1,gather-scatter,0.8,1,gather-scatter,0.8
amlc_02614,HI-Small,0,legit,469.33800841514727,8.565567291883764e-05,0,bipartite,6.156107e-05,0,bipartite,0.004462884,0,bipartite,0.0015367001834599,0,bipartite,1,fan-out,0.6,1,gather-scatter,0.6,0,,0.7,1,gather-scatter,0.8,1,scatter-gather,0.8,1,gather-scatter,0.8,1,fan-out,0.8
amlc_02615,HI-Small,0,legit,1.0,0.7497866439898221,0,bipartite,0.66363585,0,bipartite,0.38468057,0,bipartite,0.5993676877048085,0,bipartite,0,,0.7,0,,0.7,0,,0.7,0,,0.7,0,,0.7,0,,0.7,0,,0.7
amlc_02616,HI-Small,1,legit,1.0,0.0305109752855949,0,fan-in,0.015404664,0,fan-in,0.83258975,1,fan-in,0.2928351282623825,0,fan-in,1,gather-scatter,0.6,1,gather-scatter,0.6,1,gather-scatter,0.8,1,gather-scatter,0.6,1,gather-scatter,0.8,1,gather-scatter,0.8,1,gather-scatter,0.8
amlc_02617,HI-Small,1,legit,1.0,0.0041853996500434,0,fan-in,0.0089115705,0,fan-in,0.074292764,0,fan-in,0.0291299114172677,0,fan-in,1,fan-in,0.6,1,fan-in,0.6,1,fan-in,0.8,1,fan-in,0.6,1,fan-in,0.8,1,fan-in,0.8,1,fan-in,0.8
amlc_02618,HI-Small,0,legit,483.5610098176718,1.6688854078262574e-05,0,bipartite,9.787518e-06,0,bipartite,0.0125498995,0,bipartite,0.004192125296902,0,bipartite,1,fan-out,0.8,1,gather-scatter,0.6,0,,0.7,1,gather-scatter,0.8,1,scatter-gather,0.8,0,,0.7,1,scatter-gather,0.8
amlc_02619,HI-Small,0,legit,469.33800841514727,0.0014347910753402,0,gather-scatter,0.0018999006,0,gather-scatter,0.20791903,0,gather-scatter,0.0704179076900999,0,gather-scatter,0,,0.5,0,,0.5,1,gather-scatter,0.8,1,scatter-gather,0.6,1,fan-out,0.8,0,,0.7,0,,0.5
amlc_02620,HI-Small,0,legit,469.33800841514727,0.0008928946183969,0,fan-out,0.0009868098,0,fan-out,0.11142238,0,fan-out,0.037767362251939,0,fan-out,0,,0.5,0,,0.5,1,fan-out,0.8,1,gather-scatter,0.8,1,fan-out,0.8,0,,0.7,0,,0.5
amlc_02621,HI-Small,0,legit,469.33800841514727,2.106618175215696e-05,0,stack,1.8639048e-05,0,stack,0.006994969,0,bipartite,0.0023448914804216,0,stack,1,gather-scatter,0.6,1,gather-scatter,0.6,0,,0.7,1,gather-scatter,0.8,1,gather-scatter,0.8,1,gather-scatter,0.8,1,gather-scatter,0.8
amlc_02622,HI-Small,0,legit,469.33800841514727,3.1790322839074686e-05,0,stack,1.123914e-05,0,bipartite,0.06175058,0,bipartite,0.0205978696960338,0,bipartite,1,fan-out,0.6,0,,0.5,1,scatter-gather,0.6,1,gather-scatter,0.6,1,gather-scatter,0.8,0,,0.7,0,,0.5
amlc_02623,HI-Small,1,legit,1.0,0.0012366804201013,0,stack,0.000628367,0,fan-out,0.108924985,0,fan-out,0.0369300107867409,0,fan-out,0,,0.5,0,,0.5,1,gather-scatter,0.8,1,gather-scatter,0.8,1,fan-out,0.8,1,gather-scatter,0.8,0,,0.5
amlc_02624,HI-Small,0,legit,1.0,0.941126368998712,1,bipartite,0.97656745,1,bipartite,0.020678412,0,bipartite,0.6461240761178154,0,bipartite,1,fan-in,0.6,0,,0.7,1,gather-scatter,0.6,1,gather-scatter,0.8,1,fan-in,0.8,1,gather-scatter,0.8,1,gather-scatter,0.8
amlc_02625,HI-Small,0,legit,483.5610098176718,2.3123558696670916e-05,0,fan-in,1.0486771e-05,0,fan-in,0.014170105,0,stack,0.0047345716559183,0,fan-in,1,fan-out,0.8,1,gather-scatter,0.6,1,fan-out,0.6,1,gather-scatter,0.8,1,scatter-gather,0.8,1,scatter-gather,0.8,1,gather-scatter,0.8
amlc_02626,HI-Small,0,legit,469.33800841514727,1.366199831753606e-05,0,random,7.78898e-06,0,fan-in,0.004365506,0,bipartite,0.0014623190315156,0,fan-in,1,fan-in,0.8,1,gather-scatter,0.6,1,gather-scatter,0.8,1,gather-scatter,0.6,1,fan-in,0.8,1,gather-scatter,0.8,1,fan-in,0.8
amlc_02627,HI-Small,0,legit,469.33800841514727,1.8253474639374668e-05,0,bipartite,8.089082e-06,0,fan-in,0.002498344,0,bipartite,0.0008415622031599,0,bipartite,1,fan-out,0.6,1,gather-scatter,0.6,1,scatter-gather,0.8,1,gather-scatter,0.8,1,scatter-gather,0.8,1,gather-scatter,0.8,0,,0.5
amlc_02628,HI-Small,0,legit,469.33800841514727,1.3958899394347912e-05,0,bipartite,2.2075437e-05,0,bipartite,0.1293569,0,bipartite,0.04313098005156,0,bipartite,1,fan-out,0.6,1,gather-scatter,0.6,0,,0.7,1,gather-scatter,0.6,1,gather-scatter,0.8,1,gather-scatter,0.8,0,,0.5
amlc_02629,HI-Small,0,legit,469.33800841514727,0.0110291439749991,0,bipartite,0.015011122,0,bipartite,0.032635055,0,bipartite,0.019558440635873,0,bipartite,0,,0.7,0,,0.7,0,,0.7,1,fan-in,0.6,1,fan-in,0.8,0,,0.7,0,,0.7
amlc_02630,HI-Small,1,legit,1.0,0.0616789814541467,0,bipartite,0.04196908,0,bipartite,0.13733394,0,bipartite,0.0803273351394377,0,bipartite,1,gather-scatter,0.6,0,,0.5,1,fan-in,0.6,1,gather-scatter,0.6,1,gather-scatter,0.8,1,gather-scatter,0.8,1,gather-scatter,0.8
amlc_02631,HI-Small,0,legit,469.33800841514727,0.0100419462757303,0,gather-scatter,0.0012124685,0,gather-scatter,0.26228833,0,gather-scatter,0.0911809155828048,0,gather-scatter,0,,0.5,0,,0.5,0,stack,0.7,1,scatter-gather,0.8,1,fan-out,0.8,0,,0.7,0,,0.5
amlc_02632,HI-Small,0,legit,483.5610098176718,1.480784810367124e-05,0,bipartite,3.634769e-06,0,bipartite,0.0140679795,0,bipartite,0.0046954740488588,0,bipartite,1,gather-scatter,0.8,1,scatter-gather,0.8,1,gather-scatter,0.6,1,gather-scatter,0.8,1,gather-scatter,0.8,1,gather-scatter,0.8,1,gather-scatter,0.8
amlc_02633,HI-Small,0,legit,483.5610098176718,0.0002564873585186,0,bipartite,0.00020245086,0,bipartite,0.040761583,0,bipartite,0.0137401735898398,0,bipartite,1,gather-scatter,0.6,1,fan-out,0.6,1,scatter-gather,0.8,1,gather-scatter,0.6,1,fan-out,0.8,1,gather-scatter,0.8,1,gather-scatter,0.8
amlc_02634,HI-Small,0,legit,1.0,0.7631159456871099,0,bipartite,0.7385784,0,bipartite,0.96966374,1,bipartite,0.823786021348574,1,bipartite,1,fan-out,0.6,1,fan-out,0.6,1,fan-out,0.8,1,gather-scatter,0.6,1,fan-out,0.8,1,gather-scatter,0.8,0,,0.5
amlc_02635,HI-Small,0,legit,1.0,0.9180039869238052,1,random,0.92121774,1,random,0.95492536,1,random,0.931382361600436,1,random,1,fan-out,0.6,1,scatter-gather,0.8,0,,0.7,1,random,0.8,1,fan-out,0.8,1,fan-out,0.8,0,,0.5
amlc_02636,HI-Small,0,legit,483.5610098176718,5.6662369467177e-05,0,bipartite,1.302298e-05,0,bipartite,0.03323453,0,bipartite,0.0111014048489131,0,bipartite,1,scatter-gather,0.8,1,stack,0.8,0,,0.7,1,gather-scatter,0.6,1,gather-scatter,0.8,1,stack,0.8,1,gather-scatter,0.8
amlc_02637,HI-Small,0,legit,469.33800841514727,3.3380701776824385e-05,0,stack,2.0189356e-05,0,bipartite,0.003633894,0,bipartite,0.0012291546947826,0,bipartite,1,fan-out,0.6,1,gather-scatter,0.6,1,fan-out,0.8,1,gather-scatter,0.8,1,fan-out,0.8,0,,0.7,0,,0.5
amlc_02638,HI-Small,0,legit,469.33800841514727,1.2536927416865856e-05,0,bipartite,6.859625e-06,0,bipartite,0.0032334658,0,bipartite,0.0010842874613964,0,bipartite,1,random,0.8,1,stack,0.8,1,random,0.8,1,gather-scatter,0.6,1,fan-in,0.8,1,gather-scatter,0.8,1,gather-scatter,0.8
amlc_02639,HI-Small,0,legit,483.5610098176718,3.347501888486432e-05,0,stack,9.257082e-06,0,stack,0.040285926,0,stack,0.0134428861376072,0,stack,1,gather-scatter,0.6,1,fan-out,0.6,1,fan-out,0.6,1,gather-scatter,0.6,1,gather-scatter,0.8,0,,0.7,0,,0.5
amlc_02640,HI-Small,0,legit,469.33800841514727,2.074104996615446e-05,0,bipartite,1.0391658e-05,0,fan-in,0.005833751,0,bipartite,0.0019549612548295,0,bipartite,1,fan-out,0.8,1,scatter-gather,0.6,1,fan-out,0.8,1,gather-scatter,0.8,1,scatter-gather,0.8,1,scatter-gather,0.8,0,,0.5
amlc_02641,HI-Small,1,legit,1.0,0.0706926877777467,0,bipartite,0.03456693,0,bipartite,0.70182747,0,bipartite,0.2690290285640521,0,bipartite,1,fan-in,0.6,1,scatter-gather,0.8,0,,0.7,1,gather-scatter,0.8,1,gather-scatter,0.8,1,gather-scatter,0.8,1,gather-scatter,0.8
amlc_02642,HI-Small,0,legit,1.0,0.2999215879891023,0,stack,0.22786272,0,stack,0.88209,1,stack,0.4699580920687551,0,stack,1,gather-scatter,0.6,0,,0.5,1,scatter-gather,0.8,1,gather-scatter,0.6,1,gather-scatter,0.8,1,gather-scatter,0.8,1,gather-scatter,0.8
amlc_02643,HI-Small,0,legit,469.33800841514727,3.090385763298597e-05,0,stack,8.774894e-06,0,stack,0.005516591,0,stack,0.0018520899226164,0,stack,1,fan-in,0.6,1,fan-out,0.6,0,,0.7,1,fan-out,0.6,1,fan-in,0.8,1,gather-scatter,0.8,1,gather-scatter,0.8
amlc_02644,HI-Small,0,legit,483.5610098176718,4.283307363562535e-05,0,bipartite,2.2505581e-05,0,stack,0.024371473,0,bipartite,0.008145603924433,0,bipartite,1,fan-in,0.8,1,fan-out,0.8,1,scatter-gather,0.8,1,gather-scatter,0.8,1,scatter-gather,0.8,1,fan-out,0.8,0,,0.5
amlc_02645,HI-Small,1,legit,1.0,0.0038021864197583,0,scatter-gather,0.0018109123,0,scatter-gather,0.026874328,0,scatter-gather,0.010829142242527,0,scatter-gather,0,,0.5,0,,0.5,0,,0.5,0,,0.5,0,,0.5,0,,0.5,0,,0.5
amlc_02646,HI-Small,1,legit,1.0,0.0109989163390511,0,bipartite,0.012435692,0,bipartite,0.07621632,0,bipartite,0.0332169754715997,0,bipartite,1,fan-out,0.8,1,gather-scatter,0.6,1,gather-scatter,0.8,1,gather-scatter,0.6,1,gather-scatter,0.8,1,gather-scatter,0.8,1,gather-scatter,0.8
amlc_02647,HI-Small,1,legit,1.0,0.0836460208973352,0,bipartite,0.056125812,0,bipartite,0.100722894,0,bipartite,0.080164909067454,0,bipartite,1,scatter-gather,0.8,1,gather-scatter,0.8,1,random,0.8,1,gather-scatter,0.8,1,gather-scatter,0.8,1,gather-scatter,0.8,1,gather-scatter,0.8
amlc_02648,HI-Small,0,legit,469.33800841514727,0.0003439170683492,0,bipartite,0.00020264718,0,bipartite,0.6322515,0,stack,0.2109326884430752,0,bipartite,0,,0.5,0,,0.5,0,,0.5,0,,0.5,0,,0.5,0,,0.5,0,,0.5
amlc_02649,HI-Small,0,legit,469.33800841514727,2.155052263158398e-05,0,bipartite,4.3100904e-06,0,bipartite,0.006648256,0,fan-out,0.0022247055302668,0,bipartite,1,fan-out,0.6,1,gather-scatter,0.8,1,random,0.8,1,gather-scatter,0.6,1,gather-scatter,0.8,1,gather-scatter,0.8,0,,0.5
amlc_02650,HI-Small,0,legit,483.5610098176718,3.454258791169247e-05,0,stack,1.0762879e-05,0,stack,0.016130408,0,bipartite,0.0053919045798048,0,stack,1,fan-out,0.8,1,fan-out,0.8,1,fan-out,0.8,1,gather-scatter,0.6,1,gather-scatter,0.8,1,gather-scatter,0.8,1,fan-out,0.8
amlc_02651,HI-Small,1,legit,1.0,0.0049410907934178,0,gather-scatter,0.0029251454,0,gather-scatter,0.053870786,0,gather-scatter,0.0205790074048793,0,gather-scatter,0,,0.5,0,,0.5,0,,0.5,0,,0.5,0,,0.5,0,,0.5,0,,0.5
amlc_02652,HI-Small,0,legit,469.33800841514727,4.627077278323664e-05,0,random,2.803822e-05,0,fan-in,0.00058773195,0,bipartite,0.0002206803136691,0,fan-in,1,fan-out,0.6,1,fan-out,0.6,1,gather-scatter,0.8,1,random,0.8,1,fan-out,0.8,1,fan-out,0.8,0,,0.5
amlc_02653,HI-Small,1,legit,1.0,0.005137062732348,0,bipartite,0.013308486,0,bipartite,0.18678682,0,bipartite,0.0684107880754501,0,bipartite,1,fan-out,0.6,1,fan-out,0.6,1,fan-out,0.8,1,cycle,0.8,1,fan-out,0.8,1,fan-out,0.8,0,,0.5
amlc_02654,HI-Small,0,legit,469.33800841514727,1.266110826416484e-05,0,bipartite,1.567755e-05,0,stack,0.0075816303,0,stack,0.002536656304606,0,stack,1,fan-out,0.6,1,gather-scatter,0.6,1,fan-out,0.8,1,gather-scatter,0.6,1,fan-out,0.8,1,fan-out,0.8,0,,0.5
amlc_02655,HI-Small,0,legit,469.33800841514727,0.0370643083829807,0,gather-scatter,0.0021731842,0,gather-scatter,0.021961603,0,gather-scatter,0.0203996986270075,0,gather-scatter,0,,0.5,0,,0.5,1,fan-out,0.6,1,scatter-gather,0.6,1,gather-scatter,0.8,0,,0.7,0,,0.5
amlc_02656,HI-Small,1,legit,1.0,0.0110927723396329,0,bipartite,0.004655593,0,bipartite,0.32086518,0,bipartite,0.1122045164943903,0,bipartite,1,gather-scatter,0.8,0,,0.5,1,gather-scatter,0.6,1,gather-scatter,0.6,1,gather-scatter,0.8,1,gather-scatter,0.8,1,gather-scatter,0.8
amlc_02657,HI-Small,0,legit,469.33800841514727,1.2932530715637531e-05,0,bipartite,5.4156462e-06,0,fan-in,0.011238276,0,random,0.0037522080680289,0,fan-in,1,fan-out,0.6,1,fan-out,0.6,1,fan-out,0.8,1,gather-scatter,0.8,1,fan-out,0.8,1,fan-out,0.8,0,,0.5
amlc_02658,HI-Small,0,legit,469.33800841514727,1.2453982578667194e-05,0,bipartite,9.009273e-06,0,bipartite,0.011382082,0,bipartite,0.0038011816003616,0,bipartite,1,cycle,0.8,1,gather-scatter,0.6,1,scatter-gather,0.6,1,gather-scatter,0.6,1,fan-out,0.8,1,gather-scatter,0.8,1,gather-scatter,0.8
amlc_02659,HI-Small,0,legit,1.0,0.2961862010720605,0,fan-in,0.28895453,0,fan-in,0.7837593,0,fan-in,0.4563000077328163,0,fan-in,1,fan-in,0.6,1,scatter-gather,0.6,1,fan-out,0.6,1,scatter-gather,0.6,1,scatter-gather,0.8,1,scatter-gather,0.8,1,scatter-gather,0.8
amlc_02660,HI-Small,0,legit,469.33800841514727,0.0001070904306132,0,bipartite,0.00023697785,0,bipartite,0.110717,0,bipartite,0.0370203556199712,0,bipartite,1,cycle,0.8,1,gather-scatter,0.6,0,,0.7,1,scatter-gather,0.6,1,stack,0.8,1,stack,0.8,1,gather-scatter,0.8
amlc_02661,HI-Small,0,legit,483.5610098176718,3.301050846346964e-05,0,bipartite,3.6964524e-05,0,bipartite,0.017677683,0,bipartite,0.0059158861385774,0,bipartite,1,scatter-gather,0.8,1,fan-out,0.6,0,,0.7,1,gather-scatter,0.8,1,gather-scatter,0.8,1,gather-scatter,0.8,1,gather-scatter,0.8
amlc_02662,HI-Small,1,legit,1.0,0.0019918519341295,0,fan-in,0.0016653494,0,fan-in,0.050069034,0,fan-in,0.0179087451283168,0,fan-in,1,fan-in,0.6,1,fan-in,0.6,1,gather-scatter,0.6,1,gather-scatter,0.6,1,fan-in,0.8,1,fan-in,0.8,1,fan-in,0.8
amlc_02663,HI-Small,0,legit,469.33800841514727,1.2994674580802469e-05,0,bipartite,8.443109e-06,0,stack,0.006974241,0,stack,0.0023318930048847,0,stack,1,fan-out,0.6,1,gather-scatter,0.8,1,gather-scatter,0.6,1,gather-scatter,0.8,1,gather-scatter,0.8,1,gather-scatter,0.8,1,gather-scatter,0.8
amlc_02664,HI-Small,0,legit,483.5610098176718,2.1231371579781803e-05,0,bipartite,1.9146994e-05,0,bipartite,0.014174907,0,random,0.0047384283006751,0,bipartite,1,gather-scatter,0.6,1,fan-out,0.6,1,scatter-gather,0.6,1,gather-scatter,0.8,1,fan-out,0.8,1,gather-scatter,0.8,1,gather-scatter,0.8
amlc_02665,HI-Small,0,legit,469.33800841514727,0.0007220345170909,0,fan-out,0.00056879444,0,fan-out,0.05640299,0,fan-out,0.0192312725615911,0,fan-out,0,,0.5,0,,0.5,1,fan-out,0.8,0,,0.7,1,fan-out,0.8,0,,0.7,0,,0.5
amlc_02666,HI-Small,0,legit,469.33800841514727,7.996468400094702e-05,0,stack,2.6548043e-05,0,scatter-gather,0.005948356,0,scatter-gather,0.0020182895380368,0,scatter-gather,1,random,0.8,1,gather-scatter,0.8,1,gather-scatter,0.8,1,gather-scatter,0.8,1,gather-scatter,0.8,1,gather-scatter,0.8,1,gather-scatter,0.8
amlc_02667,HI-Small,0,legit,469.33800841514727,2.5888090026177827e-05,0,random,2.3269897e-05,0,fan-out,0.0040475675,0,fan-out,0.0013655751590718,0,fan-out,1,scatter-gather,0.6,1,fan-out,0.6,0,,0.7,1,scatter-gather,0.6,1,fan-out,0.8,1,fan-out,0.8,1,fan-out,0.8
amlc_02668,HI-Small,1,legit,1.0,0.003039406926108,0,random,0.008164485,0,stack,0.34927183,0,stack,0.1201585752693059,0,stack,1,scatter-gather,0.8,1,cycle,0.8,1,fan-in,0.6,1,gather-scatter,0.6,1,gather-scatter,0.8,1,fan-in,0.8,1,fan-in,0.8
amlc_02669,HI-Small,0,legit,469.33800841514727,0.0001150644984364,0,stack,6.320231e-05,0,stack,0.33171955,0,random,0.1106326047720282,0,stack,1,fan-out,0.6,1,gather-scatter,0.6,1,scatter-gather,0.8,1,gather-scatter,0.6,1,gather-scatter,0.8,1,gather-scatter,0.8,1,gather-scatter,0.8
amlc_02670,HI-Small,0,legit,1.0,0.9142990875261748,1,bipartite,0.94697523,1,bipartite,0.14369904,0,bipartite,0.668324451248438,0,bipartite,1,fan-out,0.6,1,random,0.8,1,random,0.8,1,gather-scatter,0.6,1,gather-scatter,0.8,1,gather-scatter,0.8,1,gather-scatter,0.8
amlc_02671,HI-Small,0,legit,1.0,0.7684607888636419,0,stack,0.07607955,0,stack,0.6775985,0,stack,0.5073796042262656,0,stack,1,fan-in,0.6,1,fan-in,0.6,0,,0.7,1,gather-scatter,0.8,1,fan-in,0.8,1,stack,0.8,1,fan-in,0.8
amlc_02672,HI-Small,0,legit,483.5610098176718,1.5137736451500012e-05,0,bipartite,1.4485915e-05,0,bipartite,0.016886253,0,bipartite,0.0056386255204557,0,bipartite,1,fan-out,0.8,1,fan-out,0.6,1,fan-out,0.8,1,gather-scatter,0.6,1,fan-out,0.8,1,fan-out,0.8,0,,0.5
amlc_02673,HI-Small,0,legit,469.33800841514727,1.228435712749112e-05,0,fan-in,1.0916263e-05,0,fan-in,0.06719693,0,bipartite,0.0224067095282411,0,fan-in,1,fan-out,0.6,1,gather-scatter,0.6,1,fan-out,0.6,1,gather-scatter,0.8,1,fan-out,0.8,0,,0.7,0,,0.5
amlc_02674,HI-Small,0,legit,469.33800841514727,3.108078563333152e-05,0,stack,4.657808e-05,0,bipartite,0.050499104,0,bipartite,0.0168589209428331,0,bipartite,1,gather-scatter,0.6,0,,0.5,1,scatter-gather,0.6,1,gather-scatter,0.8,1,gather-scatter,0.8,1,gather-scatter,0.8,1,gather-scatter,0.8
amlc_02675,HI-Small,1,legit,1.0,0.1062332025464627,0,bipartite,0.38124534,0,bipartite,0.6190156,0,bipartite,0.3688313739596556,0,bipartite,1,gather-scatter,0.6,1,stack,0.8,1,random,0.8,1,gather-scatter,0.6,1,gather-scatter,0.8,1,fan-in,0.8,1,gather-scatter,0.8
amlc_02676,HI-Small,0,legit,483.5610098176718,1.7134203886447e-05,0,bipartite,1.5016956e-05,0,bipartite,0.030759102,0,random,0.010263750964564,0,bipartite,1,random,0.8,1,stack,0.8,1,gather-scatter,0.8,1,gather-scatter,0.6,1,stack,0.8,1,gather-scatter,0.8,1,stack,0.8
amlc_02677,HI-Small,0,legit,483.5610098176718,2.102456265491438e-05,0,bipartite,3.5542719e-06,0,bipartite,0.03408382,0,bipartite,0.0113694665713282,0,bipartite,1,fan-out,0.6,1,fan-out,0.6,1,fan-out,0.8,1,gather-scatter,0.6,1,fan-out,0.8,0,,0.7,0,,0.5
amlc_02678,HI-Small,0,legit,483.5610098176718,0.0002048297944551,0,bipartite,5.173071e-05,0,bipartite,0.023427032,0,bipartite,0.0078945308125543,0,bipartite,1,fan-out,0.6,1,fan-out,0.6,1,fan-out,0.8,1,fan-out,0.6,1,fan-out,0.8,1,fan-out,0.8,1,fan-out,0.8
amlc_02679,HI-Small,0,legit,469.33800841514727,1.2513000811510022e-05,0,bipartite,7.983302e-06,0,fan-in,0.0033545736,0,bipartite,0.0011250233082715,0,bipartite,1,fan-out,0.6,1,fan-out,0.6,1,gather-scatter,0.6,1,random,0.8,1,fan-out,0.8,1,scatter-gather,0.8,1,scatter-gather,0.8
amlc_02680,HI-Small,0,legit,483.5610098176718,1.4070410936239004e-05,0,bipartite,6.4009e-06,0,bipartite,0.014781125,0,bipartite,0.0049338654002688,0,bipartite,1,fan-out,0.6,1,fan-out,0.6,1,fan-out,0.6,1,gather-scatter,0.6,1,fan-out,0.8,1,fan-out,0.8,0,,0.5
amlc_02681,HI-Small,0,legit,1.0,0.8253486574739348,1,bipartite,0.8870119,1,bipartite,0.039778672,0,bipartite,0.5840464050918861,0,bipartite,1,scatter-gather,0.6,1,gather-scatter,0.6,1,gather-scatter,0.6,1,gather-scatter,0.6,1,gather-scatter,0.8,1,gather-scatter,0.8,1,gather-scatter,0.8
amlc_02682,HI-Small,0,legit,469.33800841514727,0.0001133065040373,0,scatter-gather,0.00010804589,0,fan-in,0.17074403,0,fan-in,0.0569884613537978,0,fan-in,1,gather-scatter,0.8,1,gather-scatter,0.6,1,gather-scatter,0.6,1,gather-scatter,0.6,1,gather-scatter,0.8,1,gather-scatter,0.8,1,scatter-gather,0.8
amlc_02683,HI-Small,1,gather-scatter,1.0,0.9326071021757344,1,fan-in,0.96912956,1,fan-in,0.9956287,1,fan-in,0.9657884597050422,1,fan-in,1,fan-out,0.6,1,fan-out,0.6,1,fan-out,0.8,1,gather-scatter,0.6,1,fan-out,0.8,1,scatter-gather,0.8,0,,0.5
amlc_02684,HI-Small,1,gather-scatter,1.0,0.9477506597543044,1,fan-in,0.9882491,1,fan-in,0.9983815,1,fan-in,0.9781270927755132,1,fan-in,1,fan-out,0.6,1,fan-out,0.6,1,gather-scatter,0.8,1,gather-scatter,0.6,1,scatter-gather,0.8,1,gather-scatter,0.8,1,gather-scatter,0.8
amlc_02685,HI-Small,1,gather-scatter,1.0,0.9089368669238628,1,fan-in,0.970013,1,fan-in,0.9951111,1,fan-in,0.9580203323909622,1,fan-in,1,gather-scatter,0.6,1,gather-scatter,0.6,1,fan-out,0.8,1,gather-scatter,0.8,1,gather-scatter,0.8,1,gather-scatter,0.8,1,scatter-gather,0.8
amlc_02686,HI-Small,1,gather-scatter,1.0,0.9413410320380712,1,fan-in,0.990513,1,fan-in,0.9980937,1,fan-in,0.9766492610010632,1,fan-in,1,random,0.8,1,gather-scatter,0.6,1,random,0.8,1,gather-scatter,0.8,1,gather-scatter,0.8,1,gather-scatter,0.8,1,gather-scatter,0.8
amlc_02687,HI-Small,1,gather-scatter,1.0,0.9856192568209556,1,gather-scatter,0.99929464,1,gather-scatter,0.9995821,1,gather-scatter,0.9948320024300544,1,gather-scatter,1,fan-in,0.6,1,gather-scatter,0.6,1,gather-scatter,0.8,1,gather-scatter,0.6,1,gather-scatter,0.8,1,gather-scatter,0.8,1,gather-scatter,0.8
amlc_02688,HI-Small,1,gather-scatter,1.0,0.9846633543288684,1,gather-scatter,0.99848807,1,gather-scatter,0.9995357,1,gather-scatter,0.994229034242232,1,gather-scatter,1,fan-out,0.6,1,fan-out,0.8,1,fan-out,0.8,1,gather-scatter,0.6,1,scatter-gather,0.8,0,,0.7,0,,0.5
amlc_02689,HI-Small,1,gather-scatter,1.0,0.9852762855280222,1,gather-scatter,0.9993229,1,gather-scatter,0.99979466,1,gather-scatter,0.9947979462540408,1,gather-scatter,1,gather-scatter,0.6,1,gather-scatter,0.6,1,bipartite,0.8,1,gather-scatter,0.6,1,gather-scatter,0.8,1,gather-scatter,0.8,1,gather-scatter,0.8
amlc_02690,HI-Small,1,gather-scatter,1.0,0.9842527262689944,1,gather-scatter,0.99879026,1,gather-scatter,0.9999143,1,gather-scatter,0.9943190929731488,1,gather-scatter,1,fan-out,0.6,1,fan-out,0.6,1,fan-out,0.8,1,gather-scatter,0.6,1,gather-scatter,0.8,1,gather-scatter,0.8,1,gather-scatter,0.8
amlc_02691,HI-Small,1,gather-scatter,1.0,0.8860676657955097,1,gather-scatter,0.95845175,1,gather-scatter,0.9992424,1,gather-scatter,0.9479206128849004,1,gather-scatter,1,gather-scatter,0.6,1,gather-scatter,0.6,1,gather-scatter,0.8,1,gather-scatter,0.8,1,gather-scatter,0.8,1,gather-scatter,0.8,1,gather-scatter,0.8
amlc_02692,HI-Small,1,gather-scatter,1.0,0.9848965619866644,1,gather-scatter,0.9992193,1,gather-scatter,0.99971235,1,gather-scatter,0.9946094027779034,1,gather-scatter,1,gather-scatter,0.6,1,gather-scatter,0.6,1,gather-scatter,0.6,1,gather-scatter,0.8,1,gather-scatter,0.8,1,gather-scatter,0.8,1,gather-scatter,0.8
amlc_02693,HI-Small,1,gather-scatter,1.0,0.978878457437274,1,gather-scatter,0.9989494,1,gather-scatter,0.999915,1,gather-scatter,0.992580956581671,1,gather-scatter,1,scatter-gather,0.6,1,gather-scatter,0.6,1,gather-scatter,0.8,1,gather-scatter,0.8,1,gather-scatter,0.8,1,gather-scatter,0.8,1,gather-scatter,0.8
amlc_02694,HI-Small,1,gather-scatter,1.0,0.8062454627203482,1,gather-scatter,0.9306719,1,gather-scatter,0.9991431,1,gather-scatter,0.912020152351841,1,gather-scatter,1,gather-scatter,0.8,1,random,0.8,1,random,0.8,1,gather-scatter,0.8,1,gather-scatter,0.8,1,gather-scatter,0.8,1,gather-scatter,0.8
amlc_02695,HI-Small,1,gather-scatter,1.0,0.9847692081037136,1,gather-scatter,0.9992541,1,gather-scatter,0.9995431,1,gather-scatter,0.9945221287907152,1,gather-scatter,1,fan-in,0.8,0,,0.5,1,fan-out,0.8,1,gather-scatter,0.8,1,gather-scatter,0.8,1,gather-scatter,0.8,1,gather-scatter,0.8
amlc_02696,HI-Small,1,gather-scatter,1.0,0.9853714777141354,1,gather-scatter,0.9993107,1,gather-scatter,0.9992464,1,gather-scatter,0.9946428561578043,1,gather-scatter,1,gather-scatter,0.6,1,gather-scatter,0.6,1,gather-scatter,0.6,1,gather-scatter,0.6,1,fan-in,0.8,1,gather-scatter,0.8,1,gather-scatter,0.8
amlc_02697,HI-Small,1,gather-scatter,1.0,0.9868728771726344,1,gather-scatter,0.9984561,1,gather-scatter,0.99970376,1,gather-scatter,0.9950109208597094,1,gather-scatter,1,fan-out,0.6,1,fan-out,0.6,1,fan-out,0.8,1,gather-scatter,0.8,1,scatter-gather,0.8,1,gather-scatter,0.8,0,,0.5
amlc_02698,HI-Small,1,gather-scatter,1.0,0.9905132786086096,1,gather-scatter,0.99819934,1,gather-scatter,0.9989931,1,gather-scatter,0.9959019070085848,1,gather-scatter,1,fan-out,0.8,1,gather-scatter,0.6,1,fan-out,0.8,1,fan-out,0.8,1,scatter-gather,0.8,1,gather-scatter,0.8,0,,0.5
amlc_02699,HI-Small,1,gather-scatter,1.0,0.9517200700768754,1,gather-scatter,0.9917973,1,gather-scatter,0.9991107,1,gather-scatter,0.9808760322573756,1,gather-scatter,1,fan-out,0.6,1,fan-out,0.6,1,fan-out,0.8,1,gather-scatter,0.8,1,gather-scatter,0.8,1,gather-scatter,0.8,0,,0.5
amlc_02700,HI-Small,1,gather-scatter,1.0,0.9432141390667322,1,gather-scatter,0.99289113,1,gather-scatter,0.9989338,1,gather-scatter,0.9783463546708544,1,gather-scatter,1,random,0.8,1,fan-out,0.8,1,random,0.8,1,random,0.8,1,scatter-gather,0.8,1,gather-scatter,0.8,0,,0.5
amlc_02701,HI-Small,1,gather-scatter,1.0,0.9881770319003192,1,gather-scatter,0.9980137,1,gather-scatter,0.99757063,1,gather-scatter,0.9945871136671413,1,gather-scatter,1,fan-out,0.8,1,scatter-gather,0.6,1,scatter-gather,0.8,1,gather-scatter,0.6,1,gather-scatter,0.8,1,scatter-gather,0.8,0,,0.5
amlc_02702,HI-Small,1,gather-scatter,1.0,0.968794499658389,1,gather-scatter,0.9983648,1,gather-scatter,0.9980359,1,gather-scatter,0.9883984045263275,1,gather-scatter,1,fan-out,0.6,1,gather-scatter,0.6,0,,0.7,1,gather-scatter,0.8,1,scatter-gather,0.8,1,gather-scatter,0.8,0,,0.5
amlc_02703,HI-Small,1,gather-scatter,1.0,0.8945649800471541,1,gather-scatter,0.9935511,1,gather-scatter,0.9969651,1,gather-scatter,0.961693721935884,1,gather-scatter,1,fan-out,0.6,1,scatter-gather,0.6,1,gather-scatter,0.8,1,cycle,0.8,1,scatter-gather,0.8,1,gather-scatter,0.8,0,,0.5
amlc_02704,HI-Small,1,gather-scatter,1.0,0.9899655417177856,1,gather-scatter,0.99838734,1,gather-scatter,0.99885195,1,gather-scatter,0.995734944461908,1,gather-scatter,1,fan-out,0.6,1,fan-out,0.6,1,random,0.8,1,gather-scatter,0.6,1,gather-scatter,0.8,1,gather-scatter,0.8,0,,0.5
amlc_02705,HI-Small,1,gather-scatter,1.0,0.9625153718022804,1,gather-scatter,0.9934104,1,gather-scatter,0.9989848,1,gather-scatter,0.9849701979964408,1,gather-scatter,1,fan-out,0.8,1,fan-out,0.6,0,,0.7,1,scatter-gather,0.8,1,scatter-gather,0.8,1,gather-scatter,0.8,0,,0.5
amlc_02706,HI-Small,1,gather-scatter,1.0,0.9849497168690696,1,gather-scatter,0.9980072,1,gather-scatter,0.99820054,1,gather-scatter,0.99371914364996,1,gather-scatter,1,fan-out,0.6,1,gather-scatter,0.6,0,,0.7,1,gather-scatter,0.8,1,fan-out,0.8,1,gather-scatter,0.8,0,,0.5
amlc_02707,HI-Small,1,gather-scatter,1.0,0.9927789503154006,1,gather-scatter,0.99894655,1,gather-scatter,0.99927986,1,gather-scatter,0.9970017848351548,1,gather-scatter,1,fan-out,0.6,1,fan-out,0.6,1,scatter-gather,0.6,1,gather-scatter,0.8,1,gather-scatter,0.8,1,gather-scatter,0.8,0,,0.5
amlc_02708,HI-Small,1,gather-scatter,1.0,0.9698730562354544,1,gather-scatter,0.9974607,1,gather-scatter,0.9979892,1,gather-scatter,0.9884409856208636,1,gather-scatter,1,fan-out,0.6,1,fan-out,0.8,1,fan-out,0.8,1,gather-scatter,0.8,1,gather-scatter,0.8,1,gather-scatter,0.8,0,,0.5
amlc_02709,HI-Small,1,legit,1.0,0.0010554406025785,0,stack,0.0006985469,0,stack,0.3210616,0,stack,0.1076051995523697,0,stack,1,fan-in,0.8,1,fan-out,0.8,1,gather-scatter,0.6,1,random,0.8,1,fan-in,0.8,1,gather-scatter,0.8,1,fan-in,0.8
amlc_02710,HI-Small,1,legit,1.0,0.0014682435409562,0,bipartite,0.005419749,0,bipartite,0.039782964,0,bipartite,0.0155569853564546,0,bipartite,1,fan-out,0.6,1,fan-out,0.8,1,fan-out,0.6,1,bipartite,0.8,1,fan-out,0.8,1,fan-out,0.8,0,,0.5
amlc_02711,HI-Small,0,legit,469.33800841514727,3.1575039138616313e-05,0,bipartite,1.5254025e-05,0,bipartite,0.06954167,0,bipartite,0.0231961664820969,0,bipartite,1,fan-out,0.8,1,gather-scatter,0.6,1,random,0.8,1,cycle,0.8,1,scatter-gather,0.8,1,gather-scatter,0.8,0,,0.5
amlc_02712,HI-Small,0,legit,483.5610098176718,4.8568698862969055e-05,0,stack,3.7885384e-05,0,stack,0.02207772,0,stack,0.0073880582316468,0,stack,1,fan-out,0.6,0,,0.5,1,fan-out,0.8,1,gather-scatter,0.6,1,fan-out,0.8,1,fan-out,0.8,0,,0.5
amlc_02713,HI-Small,0,legit,469.33800841514727,3.585820876063685e-05,0,stack,1.8037605e-05,0,stack,0.0049153073,0,bipartite,0.001656401029772,0,stack,1,fan-out,0.6,1,fan-out,0.6,1,fan-out,0.8,1,gather-scatter,0.8,1,fan-out,0.8,0,,0.7,0,,0.5
amlc_02714,HI-Small,0,legit,483.5610098176718,8.75076386386977e-05,0,stack,1.5567031e-05,0,stack,0.018529702,0,scatter-gather,0.0062109255493252,0,stack,1,fan-out,0.6,1,gather-scatter,0.6,1,gather-scatter,0.8,1,gather-scatter,0.6,1,gather-scatter,0.8,1,gather-scatter,0.8,1,scatter-gather,0.8
amlc_02715,HI-Small,0,legit,469.33800841514727,1.433773295613779e-05,0,random,4.2894702e-05,0,fan-in,0.07203737,0,random,0.0240315338160451,0,random,1,fan-out,0.6,1,fan-out,0.6,1,fan-out,0.8,1,gather-scatter,0.6,1,fan-out,0.8,1,fan-out,0.8,0,,0.5
amlc_02716,HI-Small,0,legit,469.33800841514727,1.426564265785773e-05,0,fan-in,9.999581e-06,0,fan-out,0.0062414603,0,bipartite,0.0020885751849406,0,fan-out,1,fan-out,0.6,1,fan-out,0.6,1,gather-scatter,0.8,1,bipartite,0.8,1,scatter-gather,0.8,1,gather-scatter,0.8,1,scatter-gather,0.8
amlc_02717,HI-Small,0,legit,469.33800841514727,1.3906227531369383e-05,0,stack,4.786165e-06,0,fan-in,0.0012011847,0,bipartite,0.0004066256972598,0,fan-in,1,gather-scatter,0.8,1,gather-scatter,0.6,1,fan-out,0.8,1,random,0.8,1,gather-scatter,0.8,1,gather-scatter,0.8,1,gather-scatter,0.8
amlc_02718,HI-Small,0,legit,469.33800841514727,1.656163656604323e-05,0,scatter-gather,3.052947e-05,0,scatter-gather,0.003407654,0,stack,0.0011515816646895,0,scatter-gather,1,fan-out,0.6,1,fan-out,0.6,1,fan-out,0.6,1,gather-scatter,0.8,1,gather-scatter,0.8,1,gather-scatter,0.8,0,,0.5
amlc_02719,HI-Small,0,legit,483.5610098176718,1.335779175154548e-05,0,bipartite,6.0629454e-06,0,stack,0.02253736,0,stack,0.0075189269016701,0,stack,1,fan-out,0.6,1,fan-out,0.6,0,,0.7,1,gather-scatter,0.6,1,random,0.8,1,gather-scatter,0.8,1,scatter-gather,0.8
amlc_02720,HI-Small,0,legit,469.33800841514727,1.9381747508746517e-05,0,bipartite,3.6708614e-06,0,bipartite,0.0026687651,0,bipartite,0.0008972725831889,0,bipartite,1,fan-out,0.6,1,fan-out,0.6,1,fan-out,0.6,1,gather-scatter,0.8,1,gather-scatter,0.8,1,gather-scatter,0.8,0,,0.5
amlc_02721,HI-Small,0,legit,469.33800841514727,1.24515506902767e-05,0,random,1.086358e-05,0,fan-in,0.0016669624,0,random,0.0005634258443532,0,random,1,cycle,0.8,1,gather-scatter,0.8,1,fan-in,0.8,1,gather-scatter,0.6,1,gather-scatter,0.8,1,gather-scatter,0.8,1,gather-scatter,0.8
amlc_02722,HI-Small,0,legit,469.33800841514727,5.98683710228915e-05,0,bipartite,1.3550244e-05,0,stack,0.07708841,0,bipartite,0.0257206089291005,0,bipartite,1,fan-out,0.6,1,gather-scatter,0.6,0,,0.7,1,random,0.8,1,fan-out,0.8,0,,0.7,0,,0.5
amlc_02723,HI-Small,0,legit,483.5610098176718,1.4714905639481597e-05,0,bipartite,1.3218198e-05,0,bipartite,0.01373249,0,bipartite,0.0045868077443484,0,bipartite,1,gather-scatter,0.8,1,scatter-gather,0.8,0,,0.7,1,gather-scatter,0.6,1,gather-scatter,0.8,0,,0.7,1,gather-scatter,0.8
amlc_02724,HI-Small,0,legit,483.5610098176718,1.8114215455487537e-05,0,stack,1.220244e-05,0,stack,0.014548453,0,stack,0.0048595897422641,0,stack,1,fan-in,0.8,1,gather-scatter,0.6,0,,0.7,1,gather-scatter,0.6,1,gather-scatter,0.8,1,gather-scatter,0.8,1,gather-scatter,0.8
amlc_02725,HI-Small,0,legit,483.5610098176718,1.4353189817481907e-05,0,bipartite,4.6701916e-06,0,bipartite,0.016957125,0,bipartite,0.0056587160255427,0,bipartite,1,fan-out,0.8,1,fan-out,0.6,1,fan-out,0.8,1,scatter-gather,0.8,1,scatter-gather,0.8,1,gather-scatter,0.8,1,gather-scatter,0.8
amlc_02726,HI-Small,0,legit,469.33800841514727,0.0004137967472045,0,bipartite,0.0003022868,0,bipartite,0.5259275,0,bipartite,0.1755478558574054,0,bipartite,1,fan-out,0.6,1,fan-out,0.6,1,fan-out,0.6,1,gather-scatter,0.8,1,fan-out,0.8,1,gather-scatter,0.8,0,,0.5
amlc_02727,HI-Small,0,legit,483.5610098176718,3.810078748398522e-05,0,bipartite,1.1909349e-05,0,bipartite,0.031934153,0,bipartite,0.0106613878084517,0,bipartite,1,gather-scatter,0.6,1,gather-scatter,0.6,1,scatter-gather,0.8,1,scatter-gather,0.8,1,gather-scatter,0.8,1,stack,0.8,1,bipartite,0.8
amlc_02728,HI-Small,1,legit,1.0,0.1148926442274523,0,bipartite,0.0448242,0,bipartite,0.8490411,1,bipartite,0.3362526500526094,0,bipartite,1,gather-scatter,0.6,1,fan-out,0.6,1,random,0.8,1,gather-scatter,0.6,1,gather-scatter,0.8,1,gather-scatter,0.8,1,gather-scatter,0.8
amlc_02729,HI-Small,0,legit,469.33800841514727,0.000455318508078,0,fan-out,0.0002807321,0,fan-out,0.009701316,0,fan-out,0.0034791222891039,0,fan-out,0,,0.5,0,,0.5,1,fan-out,0.8,1,gather-scatter,0.8,1,fan-out,0.8,0,,0.7,0,,0.5
amlc_02730,HI-Small,1,legit,1.0,0.1163886286299509,0,bipartite,0.09755444,0,bipartite,0.3928056,0,bipartite,0.202249557524293,0,bipartite,1,gather-scatter,0.6,1,fan-out,0.6,1,gather-scatter,0.8,1,gather-scatter,0.6,1,gather-scatter,0.8,1,gather-scatter,0.8,1,gather-scatter,0.8
amlc_02731,HI-Small,0,legit,469.33800841514727,0.0001073518419404,0,bipartite,0.0004018511,0,bipartite,0.008461223,0,bipartite,0.0029901419785882,0,bipartite,1,gather-scatter,0.6,0,,0.7,1,gather-scatter,0.6,1,gather-scatter,0.8,1,fan-in,0.8,1,gather-scatter,0.8,1,gather-scatter,0.8
amlc_02732,HI-Small,0,legit,483.5610098176718,0.0005249652594119,0,fan-out,0.00028815222,0,fan-out,0.024577891,0,fan-out,0.0084636696455775,0,fan-out,0,,0.5,0,,0.5,1,fan-out,0.8,1,fan-out,0.6,1,fan-out,0.8,1,gather-scatter,0.8,0,,0.5
amlc_02733,HI-Small,0,legit,483.5610098176718,3.407696507483584e-05,0,stack,1.2664231e-05,0,stack,0.0251018,0,stack,0.008382846904575,0,stack,1,fan-out,0.6,1,gather-scatter,0.8,1,fan-out,0.8,1,gather-scatter,0.8,1,gather-scatter,0.8,1,gather-scatter,0.8,1,gather-scatter,0.8
amlc_02734,HI-Small,0,legit,469.33800841514727,0.0002147714758341,0,random,0.00014982179,0,random,0.008260505,0,random,0.0028750328465303,0,random,1,gather-scatter,0.6,1,scatter-gather,0.8,0,,0.7,1,gather-scatter,0.8,1,gather-scatter,0.8,1,stack,0.8,1,gather-scatter,0.8
amlc_02735,HI-Small,0,legit,483.5610098176718,1.383709845234313e-05,0,stack,9.0868325e-06,0,stack,0.013923304,0,bipartite,0.0046487426954757,0,stack,1,fan-out,0.8,1,gather-scatter,0.6,1,gather-scatter,0.6,1,gather-scatter,0.8,1,gather-scatter,0.8,1,gather-scatter,0.8,1,gather-scatter,0.8
amlc_02736,HI-Small,0,legit,483.5610098176718,0.0001240096304922,0,bipartite,9.353891e-05,0,bipartite,0.019030567,0,bipartite,0.0064160385999404,0,bipartite,0,cycle,0.7,0,,0.7,0,cycle,0.7,1,fan-in,0.6,0,,0.7,0,,0.7,0,,0.7
amlc_02737,HI-Small,0,legit,483.5610098176718,3.9824313665844766e-05,0,stack,2.2770018e-05,0,stack,0.016340623,0,stack,0.0054677390034896,0,stack,1,fan-out,0.6,1,gather-scatter,0.6,1,fan-out,0.8,1,bipartite,0.8,1,scatter-gather,0.8,1,fan-out,0.8,0,,0.5
amlc_02738,HI-Small,0,legit,469.33800841514727,0.0032010704205585,0,fan-out,0.0026947116,0,fan-out,0.21993363,0,fan-out,0.0752764703371012,0,fan-out,0,,0.5,0,,0.5,1,fan-out,0.8,1,gather-scatter,0.6,1,fan-out,0.8,1,fan-out,0.8,0,,0.5
amlc_02739,HI-Small,0,legit,469.33800841514727,1.3197943360630009e-05,0,fan-in,7.863204e-06,0,fan-in,0.003961092,0,bipartite,0.0013273843360935,0,fan-in,1,fan-out,0.8,1,gather-scatter,0.8,1,fan-out,0.8,1,gather-scatter,0.6,1,gather-scatter,0.8,1,gather-scatter,0.8,1,gather-scatter,0.8
amlc_02740,HI-Small,1,legit,1.0,0.0165747193119854,0,fan-in,0.009601807,0,fan-in,0.46112928,0,fan-in,0.1624352681594401,0,fan-in,1,fan-in,0.6,1,fan-in,0.6,1,fan-in,0.6,1,fan-in,0.6,1,fan-in,0.8,1,fan-in,0.8,1,fan-in,0.8
amlc_02741,HI-Small,0,legit,1.0,0.9569099387077612,1,bipartite,0.9853252,1,bipartite,0.79659617,0,bipartite,0.9129437751421704,1,bipartite,1,scatter-gather,0.6,1,fan-out,0.6,1,fan-out,0.8,1,gather-scatter,0.8,1,fan-out,0.8,1,fan-out,0.8,0,,0.5
amlc_02742,HI-Small,1,legit,1.0,0.0094651697220248,0,gather-scatter,0.000959255,0,gather-scatter,0.34607482,0,gather-scatter,0.1188330814209134,0,gather-scatter,0,,0.5,0,,0.5,1,fan-out,0.8,1,gather-scatter,0.8,1,fan-out,0.8,0,,0.7,0,,0.5
amlc_02743,HI-Small,0,legit,469.33800841514727,0.0001233082155339,0,bipartite,0.00018293622,0,bipartite,0.003629354,0,bipartite,0.0013118661641722,0,bipartite,1,fan-out,0.8,1,gather-scatter,0.6,1,gather-scatter,0.8,1,gather-scatter,0.6,1,fan-in,0.8,1,gather-scatter,0.8,1,fan-in,0.8
amlc_02744,HI-Small,0,legit,469.33800841514727,0.0009158866936222,0,cycle,0.00014604276,0,cycle,0.8614012,1,cycle,0.2874877099158048,0,cycle,1,gather-scatter,0.8,0,,0.5,1,random,0.8,1,gather-scatter,0.8,1,gather-scatter,0.8,1,gather-scatter,0.8,1,gather-scatter,0.8
amlc_02745,HI-Small,1,legit,1.0,0.0005047843582106,0,fan-out,0.0014073437,0,fan-out,0.0047451854,0,fan-out,0.0022191044649456,0,fan-out,0,,0.5,0,,0.5,1,fan-out,0.6,1,random,0.8,1,fan-out,0.8,1,fan-out,0.8,0,,0.5
amlc_02746,HI-Small,0,legit,469.33800841514727,0.000465862292263,0,fan-out,0.0003682447,0,fan-out,0.005747274,0,fan-out,0.0021937936784784,0,fan-out,0,,0.5,0,,0.5,1,fan-out,0.6,1,scatter-gather,0.6,1,fan-out,0.8,1,fan-out,0.8,0,,0.5
amlc_02747,HI-Small,0,legit,469.33800841514727,0.0001210986543715,0,bipartite,6.361267e-05,0,bipartite,0.08709519,0,bipartite,0.029093301630258,0,bipartite,1,gather-scatter,0.6,1,fan-out,0.6,1,random,0.8,1,gather-scatter,0.6,1,scatter-gather,0.8,0,,0.7,1,bipartite,0.8
amlc_02748,HI-Small,0,legit,483.5610098176718,0.0001170535528384,0,bipartite,8.604624e-05,0,bipartite,0.031444438,0,bipartite,0.0105491791977991,0,bipartite,1,fan-out,0.6,0,,0.5,0,,0.7,1,gather-scatter,0.8,1,gather-scatter,0.8,1,gather-scatter,0.8,0,,0.5
amlc_02749,HI-Small,0,legit,469.33800841514727,0.0002795470900685,0,bipartite,0.00011107083,0,bipartite,0.17890795,0,bipartite,0.0597661878916191,0,bipartite,1,gather-scatter,0.6,1,gather-scatter,0.6,1,scatter-gather,0.8,1,gather-scatter,0.6,1,gather-scatter,0.8,1,gather-scatter,0.8,1,gather-scatter,0.8
amlc_02750,HI-Small,0,legit,469.33800841514727,0.0001926043401703,0,bipartite,9.999993e-05,0,bipartite,0.05652989,0,bipartite,0.0189408316726795,0,bipartite,1,fan-out,0.6,1,fan-out,0.6,0,,0.7,1,gather-scatter,0.6,1,scatter-gather,0.8,1,stack,0.8,0,,0.5
amlc_02751,HI-Small,0,legit,469.33800841514727,0.0001133696206252,0,bipartite,7.508399e-05,0,bipartite,0.091934636,0,bipartite,0.0307076966152678,0,bipartite,1,gather-scatter,0.8,1,fan-out,0.8,1,scatter-gather,0.8,1,random,0.8,1,fan-out,0.8,1,fan-out,0.8,0,,0.5
amlc_02752,HI-Small,0,legit,469.33800841514727,0.0003086653174542,0,stack,0.0005379524,0,stack,0.50876576,0,stack,0.1698707916031805,0,stack,1,fan-out,0.6,1,scatter-gather,0.8,1,fan-out,0.6,1,gather-scatter,0.6,1,gather-scatter,0.8,1,gather-scatter,0.8,1,scatter-gather,0.8
amlc_02753,HI-Small,0,legit,469.33800841514727,9.166498983993508e-05,0,bipartite,8.9038025e-05,0,bipartite,0.1006823,0,bipartite,0.0336210021081536,0,bipartite,1,gather-scatter,0.6,1,gather-scatter,0.8,0,,0.7,1,random,0.8,1,gather-scatter,0.8,0,,0.7,1,gather-scatter,0.8
amlc_02754,HI-Small,0,legit,483.5610098176718,0.0001691913500975,0,bipartite,8.771945e-05,0,bipartite,0.038950823,0,bipartite,0.0130692446815226,0,bipartite,1,fan-out,0.6,0,,0.5,1,scatter-gather,0.8,1,gather-scatter,0.8,1,scatter-gather,0.8,0,,0.7,1,fan-in,0.8
amlc_02755,HI-Small,0,legit,469.33800841514727,0.0001518237693216,0,stack,0.001118512,0,stack,0.8582861,1,stack,0.2865188061743968,0,stack,1,fan-out,0.8,1,gather-scatter,0.6,1,fan-out,0.8,1,random,0.8,1,gather-scatter,0.8,1,gather-scatter,0.8,0,,0.5
amlc_02756,HI-Small,0,legit,469.33800841514727,0.0001131930393557,0,bipartite,7.941859e-05,0,bipartite,0.19229162,0,bipartite,0.0641614096745358,0,bipartite,1,fan-out,0.6,0,,0.7,1,fan-out,0.8,1,gather-scatter,0.6,1,gather-scatter,0.8,1,stack,0.8,0,,0.5
amlc_02757,HI-Small,0,legit,483.5610098176718,6.324329021668088e-05,0,bipartite,4.1632786e-05,0,bipartite,0.01695707,0,bipartite,0.0056873155848043,0,bipartite,1,fan-out,0.6,1,fan-in,0.6,0,,0.7,1,gather-scatter,0.8,1,gather-scatter,0.8,0,,0.7,1,gather-scatter,0.8
amlc_02758,HI-Small,0,legit,483.5610098176718,6.783715746835736e-05,0,bipartite,9.968813e-05,0,bipartite,0.0187353,0,bipartite,0.0063009420117037,0,bipartite,1,fan-in,0.6,1,scatter-gather,0.6,1,fan-out,0.8,1,gather-scatter,0.8,1,gather-scatter,0.8,1,stack,0.8,1,gather-scatter,0.8
amlc_02759,HI-Small,0,legit,469.33800841514727,0.0001039267655944,0,bipartite,4.8858717e-05,0,bipartite,0.1609709,0,bipartite,0.0537078939885178,0,bipartite,1,fan-out,0.8,1,gather-scatter,0.6,0,,0.7,1,gather-scatter,0.8,1,gather-scatter,0.8,1,fan-out,0.8,0,,0.5
amlc_02760,HI-Small,0,legit,483.5610098176718,0.0001380538714353,0,bipartite,0.00021099646,0,bipartite,0.031637795,0,bipartite,0.0106622818654015,0,bipartite,1,fan-out,0.8,1,scatter-gather,0.6,1,scatter-gather,0.6,1,gather-scatter,0.8,1,scatter-gather,0.8,1,gather-scatter,0.8,1,fan-out,0.8
amlc_02761,HI-Small,0,legit,469.33800841514727,0.00013277899618,0,bipartite,6.1849845e-05,0,bipartite,0.55046254,0,bipartite,0.1835523909352633,0,bipartite,1,fan-out,0.6,1,fan-out,0.6,1,fan-out,0.6,1,gather-scatter,0.8,1,gather-scatter,0.8,0,,0.7,0,,0.5
amlc_02762,HI-Small,0,legit,469.33800841514727,0.0003763323023662,0,stack,0.00033397417,0,stack,0.14216472,0,stack,0.0476250095181238,0,stack,1,gather-scatter,0.6,1,scatter-gather,0.6,1,fan-out,0.8,1,random,0.8,1,gather-scatter,0.8,1,gather-scatter,0.8,1,gather-scatter,0.8
amlc_02763,HI-Small,0,legit,469.33800841514727,5.14948909611194e-05,0,bipartite,3.56654e-05,0,bipartite,0.30717495,0,bipartite,0.1024207037102868,0,bipartite,1,fan-out,0.8,1,gather-scatter,0.6,1,scatter-gather,0.6,1,gather-scatter,0.6,1,gather-scatter,0.8,1,gather-scatter,0.8,1,gather-scatter,0.8
amlc_02764,HI-Small,0,legit,469.33800841514727,6.588603186684079e-05,0,bipartite,6.566429e-05,0,bipartite,0.07557835,0,bipartite,0.0252366323893952,0,bipartite,1,fan-in,0.8,0,stack,0.7,1,fan-in,0.8,1,gather-scatter,0.8,1,stack,0.8,1,gather-scatter,0.8,1,gather-scatter,0.8
amlc_02765,HI-Small,0,legit,483.5610098176718,0.0002204569242987,0,bipartite,7.9558784e-05,0,bipartite,0.018336354,0,bipartite,0.0062121231772502,0,bipartite,1,gather-scatter,0.8,1,fan-out,0.6,1,scatter-gather,0.6,1,gather-scatter,0.8,1,scatter-gather,0.8,1,random,0.8,1,gather-scatter,0.8
amlc_02766,HI-Small,0,legit,469.33800841514727,2.587767537337025e-05,0,bipartite,1.7853405e-05,0,bipartite,0.0075373477,0,bipartite,0.0025270262700884,0,bipartite,1,fan-out,0.6,1,fan-out,0.6,1,fan-out,0.8,1,gather-scatter,0.6,1,fan-out,0.8,0,,0.7,0,,0.5
amlc_02767,HI-Small,0,legit,483.5610098176718,1.4635559431289016e-05,0,bipartite,8.166617e-06,0,bipartite,0.040713765,0,bipartite,0.0135788556344092,0,bipartite,1,fan-out,0.6,1,fan-out,0.6,1,fan-out,0.8,1,cycle,0.8,1,fan-out,0.8,1,fan-out,0.8,0,,0.5
amlc_02768,HI-Small,0,legit,469.33800841514727,8.757655194299947e-05,0,bipartite,0.00011431207,0,bipartite,0.13028023,0,bipartite,0.043494038363006,0,bipartite,1,fan-out,0.6,1,scatter-gather,0.6,0,,0.7,1,gather-scatter,0.8,1,gather-scatter,0.8,1,gather-scatter,0.8,1,stack,0.8
amlc_02769,HI-Small,0,legit,469.33800841514727,0.0002490572845305,0,bipartite,0.00010266013,0,bipartite,0.11843474,0,bipartite,0.03959548650295,0,bipartite,1,gather-scatter,0.6,1,gather-scatter,0.6,1,scatter-gather,0.8,1,gather-scatter,0.8,1,gather-scatter,0.8,1,stack,0.8,0,,0.5
amlc_02770,HI-Small,1,legit,1.0,0.1191253444276261,0,fan-in,0.01927017,0,fan-in,0.12256491,0,fan-in,0.0869868089166617,0,fan-in,1,fan-in,0.6,1,fan-in,0.6,1,fan-in,0.8,1,gather-scatter,0.6,1,fan-in,0.8,1,fan-in,0.8,1,fan-in,0.8
amlc_02771,HI-Small,0,legit,469.33800841514727,0.0003336819212784,0,bipartite,0.00043067645,0,stack,0.7209905,0,stack,0.2405849457865237,0,stack,1,scatter-gather,0.6,1,gather-scatter,0.6,1,random,0.8,1,gather-scatter,0.6,1,fan-out,0.8,0,,0.7,0,,0.5
amlc_02772,HI-Small,0,legit,483.5610098176718,9.009643595280656e-05,0,bipartite,3.087522e-05,0,bipartite,0.029841224,0,bipartite,0.0099873984627117,0,bipartite,1,stack,0.8,1,gather-scatter,0.6,0,,0.7,1,gather-scatter,0.8,1,gather-scatter,0.8,1,stack,0.8,1,gather-scatter,0.8
amlc_02773,HI-Small,0,legit,469.33800841514727,6.35096649551821e-05,0,bipartite,7.147392e-05,0,bipartite,0.36640686,0,bipartite,0.1221806138513464,0,bipartite,1,fan-out,0.8,1,fan-out,0.6,1,gather-scatter,0.6,1,gather-scatter,0.6,1,scatter-gather,0.8,1,random,0.8,1,gather-scatter,0.8
amlc_02774,HI-Small,0,legit,469.33800841514727,0.0001711656697162,0,bipartite,3.9603627e-05,0,bipartite,0.1471968,0,bipartite,0.0491358562710135,0,bipartite,1,scatter-gather,0.6,1,scatter-gather,0.6,1,random,0.8,1,gather-scatter,0.6,1,gather-scatter,0.8,1,gather-scatter,0.8,1,gather-scatter,0.8
amlc_02775,HI-Small,0,legit,483.5610098176718,1.3876027777089694e-05,0,bipartite,1.20763525e-05,0,bipartite,0.022639899,0,bipartite,0.0075552836545249,0,bipartite,1,fan-out,0.6,1,fan-out,0.8,0,,0.7,1,gather-scatter,0.8,1,fan-out,0.8,1,fan-out,0.8,0,,0.5
amlc_02776,HI-Small,0,legit,469.33800841514727,1.281155507004536e-05,0,random,4.897349e-06,0,fan-in,0.0031201562,0,bipartite,0.0010459550472567,0,fan-in,1,fan-out,0.8,1,fan-out,0.6,1,fan-out,0.6,1,gather-scatter,0.8,1,fan-out,0.8,1,fan-out,0.8,0,,0.5
amlc_02777,HI-Small,0,legit,483.5610098176718,0.0002630110843024,0,bipartite,7.5012256e-05,0,bipartite,0.032264613,0,bipartite,0.0108675453185619,0,bipartite,1,fan-out,0.8,1,fan-out,0.6,1,random,0.8,1,gather-scatter,0.8,1,scatter-gather,0.8,1,gather-scatter,0.8,1,scatter-gather,0.8
amlc_02778,HI-Small,0,legit,469.33800841514727,0.0001285005493427,0,bipartite,0.000116553936,0,bipartite,0.2874245,0,bipartite,0.0958898530807885,0,bipartite,1,scatter-gather,0.6,0,,0.7,1,fan-out,0.8,1,gather-scatter,0.8,1,bipartite,0.8,1,stack,0.8,1,stack,0.8
amlc_02779,HI-Small,0,legit,469.33800841514727,0.0001701774059274,0,stack,0.0001220149,0,stack,0.010155328,0,stack,0.0034825066409521,0,stack,1,fan-out,0.6,1,gather-scatter,0.8,1,scatter-gather,0.8,1,gather-scatter,0.6,1,fan-out,0.8,1,fan-out,0.8,1,gather-scatter,0.8
amlc_02780,HI-Small,0,legit,469.33800841514727,1.3171717321425787e-05,0,random,4.97196e-06,0,fan-in,0.0051308274,0,bipartite,0.0017163237014612,0,fan-in,1,fan-in,0.6,1,gather-scatter,0.8,1,gather-scatter,0.6,1,gather-scatter,0.8,1,gather-scatter,0.8,1,stack,0.8,1,gather-scatter,0.8
amlc_02781,HI-Small,0,legit,483.5610098176718,0.000101593675152,0,bipartite,5.4273347e-05,0,bipartite,0.017793452,0,bipartite,0.0059831064630811,0,bipartite,1,scatter-gather,0.6,1,gather-scatter,0.6,0,,0.7,1,scatter-gather,0.6,1,gather-scatter,0.8,1,gather-scatter,0.8,1,fan-in,0.8
amlc_02782,HI-Small,0,legit,483.5610098176718,6.392723871581128e-05,0,bipartite,5.996775e-05,0,bipartite,0.03761556,0,bipartite,0.0125798183284434,0,bipartite,1,gather-scatter,0.6,0,,0.5,1,scatter-gather,0.8,1,gather-scatter,0.8,1,scatter-gather,0.8,1,gather-scatter,0.8,1,gather-scatter,0.8
amlc_02783,HI-Small,0,legit,483.5610098176718,3.993183034387223e-05,0,bipartite,3.0814692e-05,0,bipartite,0.021597654,0,stack,0.0072228000498645,0,bipartite,1,gather-scatter,0.6,1,gather-scatter,0.6,1,scatter-gather,0.8,1,cycle,0.8,1,gather-scatter,0.8,1,gather-scatter,0.8,1,gather-scatter,0.8
amlc_02784,HI-Small,0,legit,469.33800841514727,0.0002304621011295,0,bipartite,0.00012068088,0,bipartite,0.08843659,0,bipartite,0.0295959105423976,0,bipartite,1,gather-scatter,0.8,1,gather-scatter,0.6,1,scatter-gather,0.8,1,gather-scatter,0.6,1,scatter-gather,0.8,1,gather-scatter,0.8,0,,0.5
amlc_02785,HI-Small,0,legit,469.33800841514727,8.795668744615081e-05,0,bipartite,2.8511824e-05,0,bipartite,0.04913664,0,random,0.0164177023842626,0,bipartite,1,fan-out,0.6,1,fan-out,0.6,1,fan-out,0.8,1,gather-scatter,0.8,1,fan-out,0.8,1,gather-scatter,0.8,1,fan-out,0.8
amlc_02786,HI-Small,0,legit,469.33800841514727,0.0001303328367441,0,bipartite,0.00014033286,0,bipartite,0.07662434,0,bipartite,0.0256316690033543,0,bipartite,1,fan-out,0.6,1,fan-out,0.6,1,fan-out,0.6,1,gather-scatter,0.8,1,scatter-gather,0.8,1,scatter-gather,0.8,1,scatter-gather,0.8
amlc_02787,HI-Small,0,legit,469.33800841514727,0.0001911098214749,0,bipartite,6.345051e-05,0,bipartite,0.063108265,0,bipartite,0.021120941911217,0,bipartite,1,fan-out,0.8,1,gather-scatter,0.8,1,fan-out,0.6,1,gather-scatter,0.8,1,fan-out,0.8,1,gather-scatter,0.8,0,,0.5
amlc_02788,HI-Small,0,legit,483.5610098176718,0.0002467657846189,0,bipartite,0.00015831347,0,bipartite,0.024740169,0,bipartite,0.0083817493606832,0,bipartite,1,fan-out,0.6,1,gather-scatter,0.8,1,fan-out,0.8,1,gather-scatter,0.8,1,scatter-gather,0.8,1,scatter-gather,0.8,1,scatter-gather,0.8
amlc_02789,HI-Small,0,legit,469.33800841514727,7.573735124024045e-05,0,bipartite,9.620392e-05,0,bipartite,0.17468409,0,bipartite,0.058285344557694,0,bipartite,1,fan-out,0.8,1,gather-scatter,0.6,0,,0.7,1,random,0.8,1,gather-scatter,0.8,1,gather-scatter,0.8,0,,0.5
amlc_02790,HI-Small,0,legit,469.33800841514727,0.0001231347460913,0,bipartite,0.00030319468,0,bipartite,0.15179792,0,bipartite,0.0507414166316904,0,bipartite,1,scatter-gather,0.6,1,gather-scatter,0.6,1,scatter-gather,0.8,1,gather-scatter,0.8,1,gather-scatter,0.8,1,gather-scatter,0.8,1,bipartite,0.8
amlc_02791,HI-Small,1,legit,1.0,0.0136204550912432,0,bipartite,0.020133063,0,bipartite,0.14181319,0,bipartite,0.058522235693218,0,bipartite,1,gather-scatter,0.6,0,,0.7,1,scatter-gather,0.6,1,gather-scatter,0.6,1,gather-scatter,0.8,1,gather-scatter,0.8,1,gather-scatter,0.8
amlc_02792,HI-Small,0,legit,469.33800841514727,9.336654145067188e-05,0,bipartite,8.33619e-05,0,bipartite,0.19091347,0,bipartite,0.0636967323462068,0,bipartite,1,gather-scatter,0.6,1,fan-out,0.6,1,fan-out,0.6,1,gather-scatter,0.8,1,fan-out,0.8,1,gather-scatter,0.8,0,,0.5
amlc_02793,HI-Small,0,legit,469.33800841514727,0.0001096311845692,0,bipartite,4.2113774e-05,0,bipartite,0.09377946,0,bipartite,0.0313104015180217,0,bipartite,1,gather-scatter,0.6,1,fan-in,0.6,1,gather-scatter,0.6,1,gather-scatter,0.6,1,fan-in,0.8,1,gather-scatter,0.8,1,fan-in,0.8
amlc_02794,HI-Small,0,legit,469.33800841514727,0.0001168028359608,0,bipartite,8.290574e-05,0,bipartite,0.05920911,0,bipartite,0.0198029389758619,0,bipartite,1,scatter-gather,0.8,1,scatter-gather,0.6,1,gather-scatter,0.8,1,gather-scatter,0.8,1,scatter-gather,0.8,1,scatter-gather,0.8,1,fan-out,0.8
amlc_02795,HI-Small,0,legit,469.33800841514727,4.288030810754562e-05,0,bipartite,1.1462321e-05,0,bipartite,0.05087944,0,bipartite,0.0169779279435311,0,bipartite,1,fan-out,0.8,1,fan-out,0.6,1,random,0.8,1,gather-scatter,0.8,1,gather-scatter,0.8,1,gather-scatter,0.8,1,fan-out,0.8
amlc_02796,HI-Small,0,legit,469.33800841514727,4.8048293231620935e-05,0,bipartite,5.9146114e-05,0,bipartite,0.008750599,0,bipartite,0.0029525977616088,0,bipartite,1,gather-scatter,0.8,1,gather-scatter,0.6,1,gather-scatter,0.8,1,gather-scatter,0.8,1,gather-scatter,0.8,1,gather-scatter,0.8,1,gather-scatter,0.8
amlc_02797,HI-Small,0,legit,469.33800841514727,4.9906168789397545e-05,0,stack,2.4756877e-05,0,bipartite,0.06386459,0,bipartite,0.0213130839277199,0,bipartite,1,fan-out,0.6,1,fan-out,0.6,1,fan-out,0.8,1,gather-scatter,0.8,1,fan-out,0.8,0,,0.7,0,,0.5
amlc_02798,HI-Small,0,legit,469.33800841514727,0.000271360927778,0,bipartite,0.0002712469,0,bipartite,0.25166705,0,bipartite,0.0840698867830773,0,bipartite,1,fan-out,0.6,1,fan-out,0.6,1,random,0.8,1,gather-scatter,0.8,1,gather-scatter,0.8,1,random,0.8,0,,0.5
amlc_02799,HI-Small,0,legit,469.33800841514727,0.0002600018056108,0,bipartite,0.0005892831,0,bipartite,0.0805739,0,bipartite,0.0271410621549002,0,bipartite,1,fan-out,0.6,1,fan-in,0.8,1,scatter-gather,0.8,1,bipartite,0.8,1,bipartite,0.8,0,,0.7,1,gather-scatter,0.8
amlc_02800,HI-Small,0,legit,469.33800841514727,0.0003425557666758,0,bipartite,0.00034354377,0,bipartite,0.1423175,0,bipartite,0.04766786774193,0,bipartite,1,gather-scatter,0.6,0,,0.7,1,fan-in,0.8,1,stack,0.8,1,gather-scatter,0.8,1,gather-scatter,0.8,1,gather-scatter,0.8
amlc_02801,HI-Small,1,gather-scatter,1.0,0.854236745554077,1,gather-scatter,0.89024055,1,gather-scatter,0.9813973,1,gather-scatter,0.9086248555838622,1,gather-scatter,1,fan-in,0.8,0,cycle,0.7,1,gather-scatter,0.8,1,gather-scatter,0.6,1,gather-scatter,0.8,1,gather-scatter,0.8,1,gather-scatter,0.8
amlc_02802,HI-Small,1,gather-scatter,1.0,0.9835140468969444,1,gather-scatter,0.98885477,1,gather-scatter,0.99143726,1,gather-scatter,0.9879353563750618,1,gather-scatter,1,fan-in,0.8,0,,0.7,1,gather-scatter,0.8,1,gather-scatter,0.6,1,gather-scatter,0.8,1,gather-scatter,0.8,1,gather-scatter,0.8
amlc_02803,HI-Small,1,gather-scatter,1.0,0.9647085418509054,1,gather-scatter,0.99958265,1,gather-scatter,0.9969481,1,gather-scatter,0.9870797710354662,1,gather-scatter,1,fan-out,0.8,1,fan-out,0.6,1,random,0.8,0,,0.7,1,gather-scatter,0.8,1,gather-scatter,0.8,1,gather-scatter,0.8
amlc_02804,HI-Small,1,gather-scatter,1.0,0.9665324059282334,1,gather-scatter,0.99815476,1,gather-scatter,0.9965626,1,gather-scatter,0.9870832551570268,1,gather-scatter,1,gather-scatter,0.6,1,gather-scatter,0.6,1,gather-scatter,0.8,1,gather-scatter,0.8,1,gather-scatter,0.8,1,gather-scatter,0.8,1,gather-scatter,0.8
amlc_02805,HI-Small,1,gather-scatter,1.0,0.9526282682591474,1,gather-scatter,0.9958192,1,gather-scatter,0.9958478,1,gather-scatter,0.9814317668336562,1,gather-scatter,1,gather-scatter,0.6,1,gather-scatter,0.6,1,gather-scatter,0.8,1,gather-scatter,0.8,1,gather-scatter,0.8,0,,0.7,1,gather-scatter,0.8
amlc_02806,HI-Small,1,gather-scatter,1.0,0.993226184147411,1,gather-scatter,0.9993725,1,gather-scatter,0.9977716,1,gather-scatter,0.9967900957325476,1,gather-scatter,1,gather-scatter,0.6,1,gather-scatter,0.6,1,gather-scatter,0.6,1,gather-scatter,0.8,1,gather-scatter,0.8,1,gather-scatter,0.8,1,gather-scatter,0.8
amlc_02807,HI-Small,0,legit,1.0,0.8190806904564484,1,gather-scatter,0.840347,1,gather-scatter,0.99368346,1,gather-scatter,0.8843703799489533,1,gather-scatter,1,fan-out,0.6,1,bipartite,0.8,1,gather-scatter,0.6,1,gather-scatter,0.6,1,gather-scatter,0.8,1,gather-scatter,0.8,1,gather-scatter,0.8
amlc_02808,HI-Small,1,gather-scatter,1.0,0.840498815238993,1,gather-scatter,0.867842,1,gather-scatter,0.99350536,1,gather-scatter,0.9006153975130852,1,gather-scatter,1,fan-out,0.6,0,,0.7,1,gather-scatter,0.8,1,gather-scatter,0.8,1,gather-scatter,0.8,0,,0.7,1,gather-scatter,0.8
amlc_02809,HI-Small,1,gather-scatter,1.0,0.9928918358168588,1,gather-scatter,0.9994071,1,gather-scatter,0.99686354,1,gather-scatter,0.9963874974675172,1,gather-scatter,1,gather-scatter,0.6,0,cycle,0.7,1,gather-scatter,0.6,1,scatter-gather,0.8,1,gather-scatter,0.8,1,gather-scatter,0.8,1,gather-scatter,0.8
amlc_02810,HI-Small,1,gather-scatter,1.0,0.9899517785686904,1,gather-scatter,0.9979967,1,gather-scatter,0.99645126,1,gather-scatter,0.994799908372384,1,gather-scatter,1,gather-scatter,0.8,0,,0.7,1,random,0.8,1,gather-scatter,0.6,1,scatter-gather,0.8,1,gather-scatter,0.8,1,gather-scatter,0.8
amlc_02811,HI-Small,1,gather-scatter,1.0,0.9512084240096912,1,gather-scatter,0.99309427,1,gather-scatter,0.9977727,1,gather-scatter,0.9806917943682308,1,gather-scatter,1,fan-out,0.6,1,gather-scatter,0.6,1,random,0.8,1,random,0.8,1,gather-scatter,0.8,0,,0.7,1,gather-scatter,0.8
amlc_02812,HI-Small,1,gather-scatter,1.0,0.9454367325993428,1,gather-scatter,0.9942955,1,gather-scatter,0.9972987,1,gather-scatter,0.9790103093217496,1,gather-scatter,1,scatter-gather,0.8,0,,0.7,1,random,0.8,1,gather-scatter,0.8,1,gather-scatter,0.8,0,,0.7,1,gather-scatter,0.8
amlc_02813,HI-Small,1,gather-scatter,1.0,0.9789005707967092,1,gather-scatter,0.99876565,1,gather-scatter,0.9956455,1,gather-scatter,0.9911039137597816,1,gather-scatter,1,fan-out,0.6,1,gather-scatter,0.6,0,stack,0.7,1,gather-scatter,0.8,1,gather-scatter,0.8,0,,0.7,1,gather-scatter,0.8
amlc_02814,HI-Small,1,gather-scatter,1.0,0.9928362217798862,1,gather-scatter,0.9991497,1,gather-scatter,0.9951483,1,gather-scatter,0.995711401014031,1,gather-scatter,1,fan-out,0.6,1,gather-scatter,0.6,0,,0.7,1,gather-scatter,0.8,1,gather-scatter,0.8,1,gather-scatter,0.8,1,gather-scatter,0.8
amlc_02815,HI-Small,1,gather-scatter,1.0,0.9896469274282446,1,gather-scatter,0.99852467,1,gather-scatter,0.9952586,1,gather-scatter,0.9944767408609386,1,gather-scatter,1,fan-out,0.6,0,,0.7,1,scatter-gather,0.8,1,gather-scatter,0.8,1,gather-scatter,0.8,1,gather-scatter,0.8,1,gather-scatter,0.8
amlc_02816,HI-Small,1,gather-scatter,1.0,0.9786057959291246,1,gather-scatter,0.9987175,1,gather-scatter,0.9788373,1,gather-scatter,0.985386864685115,1,gather-scatter,1,gather-scatter,0.6,1,gather-scatter,0.8,1,gather-scatter,0.8,1,gather-scatter,0.8,1,gather-scatter,0.8,1,gather-scatter,0.8,1,gather-scatter,0.8
amlc_02817,HI-Small,1,gather-scatter,1.0,0.9859235527569566,1,gather-scatter,0.9984272,1,gather-scatter,0.9780878,1,gather-scatter,0.9874795159516904,1,gather-scatter,1,gather-scatter,0.6,0,,0.7,1,gather-scatter,0.6,1,gather-scatter,0.8,1,gather-scatter,0.8,1,gather-scatter,0.8,0,,0.7
amlc_02818,HI-Small,1,gather-scatter,1.0,0.9822272743994788,1,gather-scatter,0.9991234,1,gather-scatter,0.9637455,1,gather-scatter,0.9816987145680452,1,gather-scatter,1,gather-scatter,0.6,1,gather-scatter,0.6,1,random,0.8,1,gather-scatter,0.6,1,gather-scatter,0.8,1,gather-scatter,0.8,1,gather-scatter,0.8
amlc_02819,HI-Small,1,legit,1.0,0.508234883867144,0,stack,0.6259376,0,stack,0.35810158,0,stack,0.497424680498719,0,stack,1,fan-out,0.6,1,fan-out,0.6,1,fan-out,0.6,1,gather-scatter,0.8,1,fan-out,0.8,1,fan-out,0.8,0,,0.5
amlc_02820,HI-Small,0,legit,469.33800841514727,1.2612630621640713e-05,0,bipartite,4.023939e-06,0,fan-in,0.000531422,0,bipartite,0.0001826861812409,0,bipartite,1,fan-out,0.6,1,fan-out,0.6,1,fan-out,0.8,1,gather-scatter,0.8,1,fan-out,0.8,1,fan-out,0.8,0,,0.5
amlc_02821,HI-Small,0,legit,469.33800841514727,4.048493240849392e-05,0,stack,3.0791824e-05,0,stack,0.042842828,0,bipartite,0.014304701497753,0,stack,1,fan-out,0.6,1,fan-out,0.6,1,fan-out,0.6,1,gather-scatter,0.8,1,fan-out,0.8,1,gather-scatter,0.8,0,,0.5
amlc_02822,HI-Small,1,legit,1.0,0.0088382527686811,0,bipartite,0.011590006,0,bipartite,0.044036053,0,bipartite,0.0214881039065671,0,bipartite,1,fan-in,0.8,1,fan-in,0.8,1,fan-in,0.6,1,gather-scatter,0.8,1,random,0.8,1,gather-scatter,0.8,1,gather-scatter,0.8
amlc_02823,HI-Small,0,legit,483.5610098176718,4.355998205724149e-05,0,stack,1.35132095e-05,0,stack,0.022595868,0,stack,0.0075509802353971,0,stack,1,fan-out,0.8,0,,0.5,1,bipartite,0.8,1,gather-scatter,0.8,1,fan-out,0.8,1,gather-scatter,0.8,1,gather-scatter,0.8
amlc_02824,HI-Small,0,legit,483.5610098176718,0.000133189988923,0,bipartite,0.00013383459,0,bipartite,0.028228953,0,bipartite,0.0094986593532437,0,bipartite,1,fan-out,0.6,1,fan-out,0.6,1,fan-out,0.6,1,bipartite,0.8,1,fan-out,0.8,1,fan-out,0.8,0,,0.5
amlc_02825,HI-Small,0,legit,469.33800841514727,1.2655978128720345e-05,0,bipartite,3.3958725e-06,0,bipartite,0.0033960044,0,bipartite,0.0011373520963277,0,bipartite,1,random,0.8,1,stack,0.8,1,fan-in,0.8,1,,0.6,0,,0.7,1,fan-in,0.8,1,fan-in,0.8
amlc_02826,HI-Small,0,legit,469.33800841514727,0.0122713673063576,0,fan-in,0.009579063,0,fan-in,0.1223466,0,fan-in,0.0480656776932696,0,fan-in,1,fan-in,0.8,1,,0.6,1,gather-scatter,0.8,1,gather-scatter,0.6,1,gather-scatter,0.8,1,gather-scatter,0.8,1,gather-scatter,0.8
amlc_02827,HI-Small,0,legit,469.33800841514727,5.250260633611143e-05,0,stack,1.52366465e-05,0,stack,0.058175616,0,stack,0.0194144517397202,0,stack,1,fan-out,0.6,0,,0.5,1,fan-out,0.6,1,fan-out,0.6,1,fan-out,0.8,0,,0.7,0,,0.5
amlc_02828,HI-Small,1,legit,1.0,0.0168886569866793,0,fan-in,0.0021004472,0,fan-in,0.009938614,0,fan-in,0.0096425728741373,0,fan-in,1,gather-scatter,0.6,1,gather-scatter,0.6,1,scatter-gather,0.8,1,random,0.8,1,fan-out,0.8,1,gather-scatter,0.8,1,scatter-gather,0.8
amlc_02829,HI-Small,0,legit,1.0,0.4831048864566857,0,fan-in,0.6399562,0,fan-in,0.2745734,0,fan-in,0.4658781494843819,0,fan-in,1,fan-in,0.6,1,fan-in,0.6,1,gather-scatter,0.8,1,gather-scatter,0.6,1,fan-in,0.8,1,gather-scatter,0.8,1,fan-in,0.8
amlc_02830,HI-Small,0,legit,1.0,0.9039753473140448,1,stack,0.9217717,1,stack,0.18549547,0,stack,0.67041417281951,0,stack,1,fan-out,0.6,1,gather-scatter,0.6,1,scatter-gather,0.8,1,gather-scatter,0.6,1,fan-out,0.8,1,fan-out,0.8,1,gather-scatter,0.8
amlc_02831,HI-Small,0,legit,483.5610098176718,0.0004659709539622,0,fan-out,0.00056632236,0,fan-out,0.02793428,0,fan-out,0.0096555242010822,0,fan-out,0,,0.5,0,,0.5,0,,0.7,1,gather-scatter,0.6,1,fan-out,0.8,1,fan-out,0.8,0,,0.5
amlc_02832,HI-Small,0,legit,483.5610098176718,0.0005450419803952,0,fan-out,0.00031140918,0,fan-out,0.03172011,0,fan-out,0.0108588534819229,0,fan-out,0,,0.5,0,,0.5,1,fan-out,0.8,1,gather-scatter,0.8,1,fan-out,0.8,0,,0.7,0,,0.5
amlc_02833,HI-Small,0,legit,1.0,0.7120295196609352,0,stack,0.49032974,0,stack,0.43999368,0,stack,0.5474509805386812,0,stack,1,fan-out,0.6,1,fan-out,0.6,1,fan-out,0.6,1,gather-scatter,0.8,1,fan-out,0.8,1,fan-out,0.8,0,,0.5
amlc_02834,HI-Small,0,legit,469.33800841514727,1.6306776384503907e-05,0,bipartite,1.27816475e-05,0,bipartite,0.09015368,0,bipartite,0.0300609225585037,0,bipartite,1,fan-out,0.6,1,fan-out,0.8,1,fan-out,0.6,1,gather-scatter,0.8,1,fan-out,0.8,0,,0.7,0,,0.5
amlc_02835,HI-Small,0,legit,483.5610098176718,1.4103078413781506e-05,0,stack,7.443579e-06,0,stack,0.025325458,0,stack,0.0084490017180249,0,stack,1,scatter-gather,0.8,1,gather-scatter,0.6,1,gather-scatter,0.8,1,gather-scatter,0.6,1,fan-out,0.8,1,gather-scatter,0.8,1,gather-scatter,0.8
amlc_02836,HI-Small,1,legit,1.0,0.0004390462651806,0,fan-out,0.00027273528,0,fan-out,0.0111813545,0,fan-out,0.0039643786906095,0,fan-out,0,,0.5,0,,0.5,1,fan-out,0.8,1,gather-scatter,0.8,1,fan-out,0.8,1,fan-out,0.8,0,,0.5
amlc_02837,HI-Small,0,legit,483.5610098176718,3.900229594880452e-05,0,stack,1.2839695e-05,0,stack,0.01399561,0,stack,0.0046824840561705,0,stack,1,fan-out,0.6,1,gather-scatter,0.6,1,fan-out,0.8,1,gather-scatter,0.8,1,fan-out,0.8,1,gather-scatter,0.8,1,fan-out,0.8
amlc_02838,HI-Small,1,legit,1.0,0.017714496481049,0,fan-in,0.024836082,0,fan-in,0.045673426,0,fan-in,0.0294080015777309,0,fan-in,1,fan-in,0.6,1,fan-in,0.6,1,fan-in,0.8,1,fan-in,0.8,1,fan-in,0.8,1,fan-in,0.8,1,fan-in,0.8
amlc_02839,HI-Small,0,legit,483.5610098176718,7.875553901486792e-05,0,bipartite,4.0266186e-05,0,bipartite,0.03038707,0,stack,0.0101686972517499,0,bipartite,1,fan-out,0.8,1,fan-out,0.6,1,gather-scatter,0.6,1,bipartite,0.8,1,gather-scatter,0.8,1,fan-out,0.8,0,,0.5
amlc_02840,HI-Small,1,legit,1.0,0.0469090066003669,0,fan-in,0.025416562,0,fan-in,0.28127444,0,fan-in,0.1178666689461426,0,fan-in,1,gather-scatter,0.6,1,fan-in,0.6,1,gather-scatter,0.8,1,gather-scatter,0.8,1,gather-scatter,0.8,1,gather-scatter,0.8,1,stack,0.8
amlc_02841,HI-Small,1,legit,1.0,0.0985337464865988,0,stack,0.14411771,0,bipartite,0.13263933,0,stack,0.1250969310223045,0,stack,1,fan-in,0.6,1,fan-in,0.6,1,gather-scatter,0.6,1,gather-scatter,0.6,1,fan-in,0.8,1,fan-in,0.8,1,gather-scatter,0.8
amlc_02842,HI-Small,0,legit,483.5610098176718,2.430114229251802e-05,0,bipartite,2.8575454e-05,0,bipartite,0.01226365,0,random,0.0041055088903154,0,bipartite,1,fan-out,0.8,1,stack,0.8,1,random,0.8,1,bipartite,0.8,1,scatter-gather,0.8,1,gather-scatter,0.8,1,scatter-gather,0.8
amlc_02843,HI-Small,0,legit,1.0,0.2492466458122575,0,stack,0.04119545,0,stack,0.9346954,1,stack,0.408379172316546,0,stack,1,fan-out,0.6,1,fan-out,0.6,1,bipartite,0.8,1,random,0.8,1,gather-scatter,0.8,1,gather-scatter,0.8,0,,0.5
amlc_02844,HI-Small,0,legit,469.33800841514727,1.4211878747326736e-05,0,bipartite,3.6097176e-06,0,stack,0.008350854,0,stack,0.0027895584681983,0,stack,1,gather-scatter,0.8,1,gather-scatter,0.6,1,fan-out,0.8,1,gather-scatter,0.6,1,random,0.8,1,gather-scatter,0.8,1,gather-scatter,0.8
amlc_02845,HI-Small,0,legit,483.5610098176718,1.2529038429190794e-05,0,bipartite,4.385256e-06,0,fan-in,0.01489838,0,bipartite,0.0049717648530343,0,bipartite,1,cycle,0.8,0,,0.5,1,gather-scatter,0.8,1,gather-scatter,0.6,1,gather-scatter,0.8,1,gather-scatter,0.8,0,,0.5
amlc_02846,HI-Small,0,legit,1.0,0.3370847172630375,0,bipartite,0.16769126,0,bipartite,0.9844681,1,bipartite,0.496414693431475,0,bipartite,1,fan-out,0.6,1,gather-scatter,0.6,1,gather-scatter,0.8,1,gather-scatter,0.8,1,gather-scatter,0.8,1,gather-scatter,0.8,1,gather-scatter,0.8
amlc_02847,HI-Small,0,legit,483.5610098176718,1.5630173498705655e-05,0,stack,8.870566e-06,0,stack,0.01323159,0,stack,0.0044186970430946,0,stack,1,scatter-gather,0.6,1,gather-scatter,0.6,1,scatter-gather,0.8,1,gather-scatter,0.8,1,gather-scatter,0.8,1,gather-scatter,0.8,0,,0.5
amlc_02848,HI-Small,1,legit,1.0,0.066152543861778,0,fan-in,0.024851773,0,fan-in,0.017082749,0,fan-in,0.036029021910201,0,fan-in,1,fan-in,0.6,1,fan-in,0.6,1,fan-in,0.6,1,gather-scatter,0.8,1,fan-in,0.8,1,gather-scatter,0.8,1,fan-in,0.8
amlc_02849,HI-Small,0,legit,469.33800841514727,1.3050859937610604e-05,0,bipartite,6.0625216e-06,0,fan-in,0.0014698829,0,bipartite,0.0004963320950549,0,bipartite,1,fan-out,0.6,1,fan-out,0.6,1,fan-out,0.6,1,gather-scatter,0.8,1,gather-scatter,0.8,1,gather-scatter,0.8,0,,0.5
amlc_02850,HI-Small,0,legit,469.33800841514727,1.2739536839847967e-05,0,bipartite,7.941218e-06,0,fan-in,0.0061843535,0,bipartite,0.0020683447494738,0,bipartite,1,gather-scatter,0.8,1,gather-scatter,0.6,1,gather-scatter,0.8,1,gather-scatter,0.6,1,gather-scatter,0.8,1,gather-scatter,0.8,1,fan-in,0.8
amlc_02851,HI-Small,0,legit,469.33800841514727,1.5308791415020866e-05,0,bipartite,6.429336e-06,0,bipartite,0.011949079,0,bipartite,0.0039902724128199,0,bipartite,1,scatter-gather,0.6,0,,0.5,1,fan-out,0.6,1,random,0.8,1,gather-scatter,0.8,1,gather-scatter,0.8,1,fan-out,0.8
amlc_02852,HI-Small,0,legit,469.33800841514727,1.2726584584653344e-05,0,bipartite,3.3647357e-06,0,bipartite,0.0075637326,0,bipartite,0.0025266079615699,0,bipartite,1,fan-out,0.6,1,fan-out,0.8,1,fan-out,0.6,1,gather-scatter,0.8,1,scatter-gather,0.8,1,gather-scatter,0.8,1,fan-out,0.8
amlc_02853,HI-Small,1,legit,1.0,0.012940149851221,0,stack,0.011233199,0,stack,0.20726398,0,stack,0.0771457751915117,0,stack,1,fan-out,0.6,1,fan-out,0.6,1,gather-scatter,0.8,1,gather-scatter,0.8,1,fan-out,0.8,1,gather-scatter,0.8,0,,0.5
amlc_02854,HI-Small,0,legit,483.5610098176718,3.0740593643081206e-05,0,bipartite,1.1639143e-05,0,stack,0.029672474,0,stack,0.0099049511352117,0,stack,1,fan-out,0.6,1,fan-out,0.6,1,fan-out,0.8,1,gather-scatter,0.8,1,fan-out,0.8,1,gather-scatter,0.8,0,,0.5
amlc_02855,HI-Small,0,legit,483.5610098176718,5.613524440191866e-05,0,bipartite,1.831229e-05,0,bipartite,0.03081449,0,bipartite,0.010296312294773,0,bipartite,1,fan-out,0.6,1,fan-out,0.6,1,gather-scatter,0.6,1,gather-scatter,0.6,1,gather-scatter,0.8,1,gather-scatter,0.8,0,,0.5
amlc_02856,HI-Small,1,legit,1.0,0.0118907392277087,0,fan-in,0.016613953,0,fan-in,0.045833778,0,fan-in,0.024779489893177,0,fan-in,1,gather-scatter,0.6,0,,0.5,1,fan-in,0.6,1,gather-scatter,0.6,1,fan-in,0.8,1,fan-in,0.8,1,fan-in,0.8
amlc_02857,HI-Small,0,legit,483.5610098176718,3.485476059718696e-05,0,stack,1.1399158e-05,0,stack,0.015527887,0,stack,0.0051913803962209,0,stack,1,fan-out,0.6,1,fan-out,0.6,1,fan-out,0.8,1,gather-scatter,0.6,1,scatter-gather,0.8,1,gather-scatter,0.8,1,scatter-gather,0.8
amlc_02858,HI-Small,0,legit,469.33800841514727,6.114438662144419e-05,0,stack,8.5261956e-05,0,stack,0.00895636,0,random,0.0030342553473212,0,stack,1,fan-out,0.6,1,fan-out,0.6,1,fan-out,0.8,1,gather-scatter,0.6,1,fan-out,0.8,0,,0.7,0,,0.5
amlc_02859,HI-Small,0,legit,469.33800841514727,1.4192918345176778e-05,0,bipartite,8.296792e-06,0,fan-in,0.003995073,0,bipartite,0.0013391875793339,0,bipartite,1,fan-out,0.6,1,fan-out,0.6,0,,0.7,1,gather-scatter,0.8,1,fan-out,0.8,1,fan-out,0.8,0,,0.5
amlc_02860,HI-Small,0,legit,1.0,0.6474474704285774,0,stack,0.12589565,0,stack,0.7522971,0,stack,0.5085467410094312,0,stack,1,fan-out,0.6,1,fan-out,0.8,0,,0.7,1,gather-scatter,0.8,1,random,0.8,0,,0.7,1,gather-scatter,0.8
amlc_02861,HI-Small,0,legit,469.33800841514727,1.2746650670103932e-05,0,bipartite,5.6361578e-06,0,fan-in,0.011846078,0,bipartite,0.0039548201456233,0,bipartite,1,stack,0.8,1,fan-out,0.6,0,,0.7,1,gather-scatter,0.8,1,scatter-gather,0.8,1,gather-scatter,0.8,1,scatter-gather,0.8
amlc_02862,HI-Small,0,legit,469.33800841514727,5.013053277457537e-05,0,bipartite,2.537791e-05,0,stack,0.047101073,0,stack,0.0157255271368716,0,stack,1,fan-out,0.6,1,gather-scatter,0.6,1,scatter-gather,0.8,1,gather-scatter,0.6,1,scatter-gather,0.8,1,gather-scatter,0.8,1,gather-scatter,0.8
amlc_02863,HI-Small,1,legit,1.0,0.0660870066282115,0,fan-in,0.044094432,0,fan-in,0.09636186,0,fan-in,0.0688477664688217,0,fan-in,1,fan-in,0.6,1,fan-in,0.6,1,fan-in,0.6,1,gather-scatter,0.6,1,fan-in,0.8,1,fan-in,0.8,1,fan-in,0.8
amlc_02864,HI-Small,0,legit,469.33800841514727,4.114545688085917e-05,0,stack,1.8405211e-05,0,stack,0.045804907,0,stack,0.0152881524349355,0,stack,1,gather-scatter,0.6,1,fan-in,0.6,1,gather-scatter,0.8,1,gather-scatter,0.8,1,gather-scatter,0.8,1,gather-scatter,0.8,1,gather-scatter,0.8
amlc_02865,HI-Small,0,legit,469.33800841514727,0.0004852976350406,0,fan-out,0.0006738478,0,fan-out,0.007896532,0,fan-out,0.0030185592454955,0,fan-out,0,,0.5,0,,0.5,1,fan-in,0.8,1,gather-scatter,0.8,1,fan-out,0.8,1,fan-out,0.8,0,,0.5
amlc_02866,HI-Small,1,legit,1.0,0.011288628625168,0,bipartite,0.021490756,0,bipartite,0.11840121,0,bipartite,0.0503935306924229,0,bipartite,1,gather-scatter,0.6,1,stack,0.8,1,fan-out,0.8,1,gather-scatter,0.6,1,gather-scatter,0.8,1,gather-scatter,0.8,1,gather-scatter,0.8
amlc_02867,HI-Small,0,legit,483.5610098176718,1.619710480070647e-05,0,fan-in,1.5913198e-05,0,fan-in,0.015384343,0,bipartite,0.0051388179184458,0,fan-in,1,gather-scatter,0.6,0,,0.5,1,gather-scatter,0.8,1,gather-scatter,0.6,1,gather-scatter,0.8,1,gather-scatter,0.8,1,gather-scatter,0.8
amlc_02868,HI-Small,0,legit,469.33800841514727,0.000828404274356,0,bipartite,0.0022960466,0,bipartite,0.32972458,0,bipartite,0.1109496769701927,0,bipartite,1,cycle,0.8,1,gather-scatter,0.6,1,fan-out,0.8,1,gather-scatter,0.8,1,gather-scatter,0.8,1,gather-scatter,0.8,0,,0.5
amlc_02869,HI-Small,1,random,1.0,0.9921610590410496,1,stack,0.99896705,1,stack,0.99224645,1,stack,0.9944581865135916,1,stack,1,fan-out,0.6,1,fan-out,0.6,1,fan-out,0.8,1,scatter-gather,0.6,1,fan-out,0.8,1,fan-out,0.8,0,,0.5
amlc_02870,HI-Small,0,legit,1.0,0.3421970388784429,0,cycle,0.029644832,0,cycle,0.9960042,1,cycle,0.4559486982390092,0,cycle,1,fan-out,0.8,1,gather-scatter,0.6,1,gather-scatter,0.8,1,gather-scatter,0.8,1,gather-scatter,0.8,1,random,0.8,1,gather-scatter,0.8
amlc_02871,HI-Small,1,random,1.0,0.9576606802689904,1,cycle,0.99580824,1,cycle,0.99634343,1,cycle,0.98327078595916,1,cycle,1,fan-out,0.8,1,fan-out,0.6,1,gather-scatter,0.8,1,gather-scatter,0.6,1,gather-scatter,0.8,1,gather-scatter,0.8,1,gather-scatter,0.8
amlc_02872,HI-Small,1,random,1.0,0.99016703886932,1,cycle,0.9977999,1,cycle,0.9993601,1,cycle,0.9957756655850208,1,cycle,1,fan-out,0.8,1,gather-scatter,0.6,1,scatter-gather,0.8,1,gather-scatter,0.6,1,gather-scatter,0.8,1,gather-scatter,0.8,1,scatter-gather,0.8
amlc_02873,HI-Small,1,random,1.0,0.9795629902544226,1,stack,0.9978317,1,cycle,0.98667306,1,stack,0.9880225831886996,1,stack,1,gather-scatter,0.8,1,gather-scatter,0.6,1,gather-scatter,0.6,1,gather-scatter,0.8,1,gather-scatter,0.8,1,gather-scatter,0.8,1,gather-scatter,0.8
amlc_02874,HI-Small,1,random,1.0,0.982274241299329,1,stack,0.99524814,1,stack,0.9517822,1,stack,0.9764348689221336,1,stack,1,gather-scatter,0.6,1,gather-scatter,0.6,1,gather-scatter,0.6,1,gather-scatter,0.8,1,scatter-gather,0.8,1,scatter-gather,0.8,1,gather-scatter,0.8
amlc_02875,HI-Small,0,legit,1.0,0.3072398002226559,0,cycle,0.030534148,0,cycle,0.99118745,1,cycle,0.442987133902954,0,cycle,1,fan-in,0.8,1,fan-in,0.6,1,fan-in,0.8,1,gather-scatter,0.6,1,fan-in,0.8,1,gather-scatter,0.8,1,fan-in,0.8
amlc_02876,HI-Small,1,random,1.0,0.9555743219444992,1,cycle,0.9839449,1,cycle,0.9897442,1,cycle,0.9764211337430558,1,cycle,1,fan-in,0.6,1,fan-in,0.6,1,gather-scatter,0.8,1,gather-scatter,0.6,1,gather-scatter,0.8,1,gather-scatter,0.8,1,fan-in,0.8
amlc_02877,HI-Small,0,legit,1.0,0.6133899599771588,0,random,0.41510066,0,cycle,0.99471474,1,cycle,0.6744017869386703,0,cycle,1,gather-scatter,0.6,0,,0.5,1,fan-in,0.8,1,gather-scatter,0.6,1,gather-scatter,0.8,1,gather-scatter,0.8,1,gather-scatter,0.8
amlc_02878,HI-Small,1,random,1.0,0.9539304035761028,1,cycle,0.9957732,1,cycle,0.9943017,1,cycle,0.981335092182228,1,cycle,1,gather-scatter,0.6,1,fan-in,0.6,1,fan-in,0.6,1,gather-scatter,0.6,1,gather-scatter,0.8,1,gather-scatter,0.8,1,gather-scatter,0.8
amlc_02879,HI-Small,1,random,1.0,0.9679985880453356,1,stack,0.99657565,1,stack,0.9038496,1,stack,0.95614128111465,1,stack,1,fan-in,0.6,1,gather-scatter,0.6,1,gather-scatter,0.6,1,gather-scatter,0.8,1,gather-scatter,0.8,1,gather-scatter,0.8,1,fan-in,0.8
amlc_02880,HI-Small,0,legit,469.33800841514727,2.490390475319309e-05,0,random,1.025235e-05,0,stack,0.0038398746,0,bipartite,0.0012916769649422,0,stack,1,fan-out,0.8,1,fan-out,0.6,1,gather-scatter,0.8,1,gather-scatter,0.6,1,gather-scatter,0.8,1,gather-scatter,0.8,0,,0.5
amlc_02881,HI-Small,0,legit,469.33800841514727,0.0007047383761647,0,fan-out,0.0014856441,0,fan-out,0.0070946603,0,fan-out,0.0030950142751963,0,fan-out,0,,0.5,0,,0.5,1,fan-out,0.8,0,cycle,0.7,1,fan-out,0.8,1,fan-out,0.8,0,,0.5
amlc_02882,HI-Small,0,legit,469.33800841514727,1.6877235437484346e-05,0,scatter-gather,2.434023e-05,0,scatter-gather,0.0019623614,0,scatter-gather,0.0006678596190517,0,scatter-gather,1,gather-scatter,0.6,1,scatter-gather,0.6,1,scatter-gather,0.8,1,gather-scatter,0.6,1,gather-scatter,0.8,1,gather-scatter,0.8,1,scatter-gather,0.8
amlc_02883,HI-Small,0,legit,469.33800841514727,0.0006588081124638,0,fan-out,0.0013552716,0,fan-out,0.008302877,0,fan-out,0.0034389854639591,0,fan-out,0,,0.5,0,,0.5,0,,0.7,1,gather-scatter,0.8,1,fan-out,0.8,1,gather-scatter,0.8,0,,0.5
amlc_02884,HI-Small,0,legit,469.33800841514727,1.4126869287695703e-05,0,bipartite,1.0957325e-05,0,bipartite,0.0014014225,0,bipartite,0.000475502246459,0,bipartite,1,fan-out,0.6,1,gather-scatter,0.6,0,,0.7,1,gather-scatter,0.8,1,gather-scatter,0.8,1,gather-scatter,0.8,1,gather-scatter,0.8
amlc_02885,HI-Small,0,legit,469.33800841514727,5.04303552984302e-05,0,bipartite,2.9881188e-05,0,bipartite,0.007793064,0,bipartite,0.0026244585909333,0,bipartite,1,fan-out,0.8,1,gather-scatter,0.6,1,fan-out,0.8,1,gather-scatter,0.8,1,fan-out,0.8,1,fan-out,0.8,0,,0.5
amlc_02886,HI-Small,0,legit,483.5610098176718,1.2705143051600275e-05,0,bipartite,6.4310093e-06,0,bipartite,0.030284692,0,bipartite,0.0101012759181133,0,bipartite,1,fan-out,0.6,1,fan-out,0.6,1,scatter-gather,0.8,1,gather-scatter,0.8,1,fan-out,0.8,1,fan-out,0.8,1,gather-scatter,0.8
amlc_02887,HI-Small,0,legit,469.33800841514727,1.4998351678154552e-05,0,bipartite,9.034323e-06,0,bipartite,0.005519455,0,bipartite,0.0018478291692092,0,bipartite,1,fan-in,0.6,0,,0.5,1,fan-in,0.6,1,gather-scatter,0.6,1,fan-in,0.8,1,fan-in,0.8,1,fan-in,0.8
amlc_02888,HI-Small,0,legit,483.5610098176718,1.2844588410761783e-05,0,bipartite,7.841186e-06,0,bipartite,0.03702495,0,bipartite,0.0123485448400702,0,bipartite,1,fan-out,0.8,1,gather-scatter,0.8,0,cycle,0.7,1,gather-scatter,0.8,1,scatter-gather,0.8,1,random,0.8,1,scatter-gather,0.8
amlc_02889,HI-Small,0,legit,469.33800841514727,0.0006182601628935,0,bipartite,0.0012123005,0,bipartite,0.3949354,0,bipartite,0.1322553199855647,0,bipartite,1,fan-out,0.6,1,fan-out,0.6,1,fan-out,0.6,1,gather-scatter,0.8,1,fan-out,0.8,1,fan-out,0.8,0,,0.5
amlc_02890,HI-Small,1,legit,1.0,0.0735728026767291,0,fan-in,0.06276125,0,fan-in,0.6355885,0,fan-in,0.2573075255201829,0,fan-in,1,fan-in,0.6,1,fan-in,0.6,1,scatter-gather,0.8,1,gather-scatter,0.6,1,fan-in,0.8,1,fan-in,0.8,1,fan-in,0.8
amlc_02891,HI-Small,0,legit,483.5610098176718,3.5334659899346014e-05,0,stack,9.487841e-06,0,stack,0.023159552,0,bipartite,0.0077347916222979,0,stack,1,fan-out,0.6,1,gather-scatter,0.6,1,scatter-gather,0.8,1,gather-scatter,0.6,0,,0.7,1,scatter-gather,0.8,0,,0.5
amlc_02892,HI-Small,1,legit,1.0,0.0255595758778948,0,bipartite,0.04190485,0,bipartite,0.057118542,0,bipartite,0.0415276567215091,0,bipartite,1,fan-out,0.8,1,fan-out,0.6,1,fan-out,0.8,1,fan-out,0.6,1,fan-out,0.8,1,fan-out,0.8,0,,0.5
amlc_02893,HI-Small,1,scatter-gather,1.0,0.9910093707978131,1,scatter-gather,0.99822843,1,scatter-gather,0.99959886,1,scatter-gather,0.99627888742882,1,scatter-gather,1,fan-out,0.6,1,scatter-gather,0.8,0,,0.7,1,gather-scatter,0.8,1,scatter-gather,0.8,1,fan-in,0.8,0,,0.5
amlc_02894,HI-Small,1,scatter-gather,1.0,0.9291060745805592,1,scatter-gather,0.9907506,1,scatter-gather,0.95336664,1,scatter-gather,0.9577411075462928,1,scatter-gather,1,scatter-gather,0.6,1,fan-out,0.6,1,gather-scatter,0.8,1,gather-scatter,0.6,1,scatter-gather,0.8,1,scatter-gather,0.8,1,scatter-gather,0.8
amlc_02895,HI-Small,1,scatter-gather,1.0,0.9934468530225964,1,scatter-gather,0.99939996,1,scatter-gather,0.99974835,1,scatter-gather,0.9975317207511336,1,scatter-gather,1,random,0.8,0,,0.5,0,,0.7,1,gather-scatter,0.6,1,scatter-gather,0.8,1,scatter-gather,0.8,0,,0.5
amlc_02896,HI-Small,1,scatter-gather,1.0,0.9688721394818032,1,scatter-gather,0.9949514,1,scatter-gather,0.9707627,1,scatter-gather,0.978195432036486,1,scatter-gather,1,fan-out,0.8,0,,0.5,1,gather-scatter,0.8,1,gather-scatter,0.8,1,scatter-gather,0.8,1,scatter-gather,0.8,1,scatter-gather,0.8
amlc_02897,HI-Small,1,scatter-gather,1.0,0.993848481668436,1,scatter-gather,0.99969655,1,scatter-gather,0.9996296,1,scatter-gather,0.99772488371975,1,scatter-gather,1,random,0.8,0,,0.7,1,scatter-gather,0.8,1,scatter-gather,0.6,1,scatter-gather,0.8,1,fan-in,0.8,0,,0.5
amlc_02898,HI-Small,1,scatter-gather,1.0,0.9580330982462776,1,scatter-gather,0.9952655,1,scatter-gather,0.96530116,1,scatter-gather,0.9728665793821616,1,scatter-gather,1,fan-in,0.6,1,fan-out,0.6,1,fan-out,0.8,1,gather-scatter,0.6,1,scatter-gather,0.8,1,scatter-gather,0.8,1,scatter-gather,0.8
amlc_02899,HI-Small,1,scatter-gather,1.0,0.993882764235428,1,scatter-gather,0.99972475,1,scatter-gather,0.99979717,1,scatter-gather,0.9978015584598948,1,scatter-gather,1,gather-scatter,0.6,0,random,0.7,1,random,0.8,1,gather-scatter,0.6,1,scatter-gather,0.8,1,fan-in,0.8,0,,0.5
amlc_02900,HI-Small,0,legit,1.0,0.7652534673428669,0,scatter-gather,0.7814082,0,scatter-gather,0.91379577,1,scatter-gather,0.820152475761577,1,scatter-gather,1,scatter-gather,0.6,0,,0.7,1,bipartite,0.8,1,gather-scatter,0.6,1,scatter-gather,0.8,1,scatter-gather,0.8,1,scatter-gather,0.8
amlc_02901,HI-Small,1,scatter-gather,1.0,0.8833832657600255,1,scatter-gather,0.98442537,1,scatter-gather,0.87908,1,scatter-gather,0.9156295430747936,1,scatter-gather,1,fan-in,0.6,1,fan-in,0.6,1,fan-out,0.8,1,gather-scatter,0.6,1,scatter-gather,0.8,1,scatter-gather,0.8,1,scatter-gather,0.8
amlc_02902,HI-Small,1,scatter-gather,1.0,0.9924780689122812,1,scatter-gather,0.9992136,1,scatter-gather,0.99972916,1,scatter-gather,0.9971402672410852,1,scatter-gather,1,fan-out,0.6,1,cycle,0.8,0,,0.7,1,gather-scatter,0.6,1,scatter-gather,0.8,1,scatter-gather,0.8,0,,0.5
amlc_02903,HI-Small,0,legit,1.0,0.6714188888851693,0,scatter-gather,0.360701,0,scatter-gather,0.866687,1,scatter-gather,0.6329356278043287,0,scatter-gather,1,fan-out,0.8,1,fan-out,0.6,1,fan-out,0.8,1,gather-scatter,0.6,1,scatter-gather,0.8,1,scatter-gather,0.8,1,scatter-gather,0.8
amlc_02904,HI-Small,1,scatter-gather,1.0,0.8825401637036361,1,scatter-gather,0.9780855,1,scatter-gather,0.8568262,1,scatter-gather,0.9058172892556838,1,scatter-gather,1,fan-out,0.6,1,fan-out,0.6,1,fan-out,0.8,1,gather-scatter,0.8,1,scatter-gather,0.8,1,scatter-gather,0.8,1,scatter-gather,0.8
amlc_02905,HI-Small,1,scatter-gather,1.0,0.9938942659246404,1,scatter-gather,0.9996911,1,scatter-gather,0.998607,1,scatter-gather,0.9973974581674564,1,scatter-gather,1,fan-out,0.6,1,scatter-gather,0.8,1,gather-scatter,0.8,1,gather-scatter,0.6,1,scatter-gather,0.8,1,fan-in,0.8,0,,0.5
amlc_02906,HI-Small,1,scatter-gather,1.0,0.9621141921518336,1,scatter-gather,0.99413264,1,scatter-gather,0.93746245,1,scatter-gather,0.9645697597344084,1,scatter-gather,1,fan-out,0.6,1,fan-out,0.6,1,fan-out,0.8,1,gather-scatter,0.6,1,scatter-gather,0.8,0,,0.7,0,,0.5
amlc_02907,HI-Small,1,scatter-gather,1.0,0.9937276546509402,1,scatter-gather,0.9996932,1,scatter-gather,0.9994794,1,scatter-gather,0.9976334275256044,1,scatter-gather,1,fan-out,0.6,1,gather-scatter,0.8,1,fan-out,0.8,1,gather-scatter,0.8,1,fan-in,0.8,1,fan-in,0.8,0,,0.5
amlc_02908,HI-Small,0,legit,1.0,0.7094538923013265,0,scatter-gather,0.33626986,0,scatter-gather,0.8279169,1,scatter-gather,0.6245468893285611,0,scatter-gather,1,scatter-gather,0.6,1,gather-scatter,0.6,0,,0.7,1,gather-scatter,0.8,1,scatter-gather,0.8,1,scatter-gather,0.8,1,scatter-gather,0.8
amlc_02909,HI-Small,1,scatter-gather,1.0,0.8907066510922845,1,scatter-gather,0.9766263,1,scatter-gather,0.8411077,1,scatter-gather,0.9028135513864338,1,scatter-gather,1,scatter-gather,0.6,1,fan-out,0.6,1,fan-out,0.8,1,gather-scatter,0.8,1,scatter-gather,0.8,1,scatter-gather,0.8,1,scatter-gather,0.8
amlc_02910,HI-Small,1,scatter-gather,1.0,0.9938827492458614,1,scatter-gather,0.99973524,1,scatter-gather,0.9995619,1,scatter-gather,0.99772663042489,1,scatter-gather,1,random,0.8,0,,0.5,0,,0.7,1,gather-scatter,0.8,1,scatter-gather,0.8,1,scatter-gather,0.8,0,,0.5
amlc_02911,HI-Small,0,legit,1.0,0.7854438443539127,0,scatter-gather,0.86172783,1,scatter-gather,0.8974417,1,scatter-gather,0.8482044544338381,1,scatter-gather,1,scatter-gather,0.6,1,fan-out,0.6,1,fan-out,0.6,1,gather-scatter,0.8,1,scatter-gather,0.8,0,,0.7,1,scatter-gather,0.8
amlc_02912,HI-Small,1,scatter-gather,1.0,0.8969415031582131,1,scatter-gather,0.98908454,1,scatter-gather,0.8990158,1,scatter-gather,0.9283472764064872,1,scatter-gather,1,fan-out,0.8,1,fan-in,0.8,1,scatter-gather,0.8,1,random,0.8,1,scatter-gather,0.8,1,scatter-gather,0.8,1,scatter-gather,0.8
amlc_02913,HI-Small,1,scatter-gather,1.0,0.9907050089402912,1,scatter-gather,0.9991657,1,scatter-gather,0.9981948,1,scatter-gather,0.9960218454852342,1,scatter-gather,1,gather-scatter,0.6,1,gather-scatter,0.6,1,fan-in,0.6,1,gather-scatter,0.6,1,scatter-gather,0.8,1,fan-in,0.8,0,,0.5
amlc_02914,HI-Small,1,scatter-gather,1.0,0.965808605211409,1,scatter-gather,0.9918083,1,scatter-gather,0.9818684,1,scatter-gather,0.979828428909988,1,scatter-gather,1,gather-scatter,0.8,1,scatter-gather,0.6,1,scatter-gather,0.8,1,gather-scatter,0.8,1,scatter-gather,0.8,1,scatter-gather,0.8,1,scatter-gather,0.8
amlc_02915,HI-Small,1,scatter-gather,1.0,0.992635894370308,1,scatter-gather,0.99938804,1,scatter-gather,0.9997123,1,scatter-gather,0.997245407287356,1,scatter-gather,1,gather-scatter,0.6,0,,0.7,1,scatter-gather,0.8,1,gather-scatter,0.8,1,scatter-gather,0.8,1,fan-in,0.8,0,,0.5
amlc_02916,HI-Small,0,legit,1.0,0.7123607758788694,0,scatter-gather,0.2488794,0,scatter-gather,0.95115364,1,scatter-gather,0.6374646049111562,0,scatter-gather,1,scatter-gather,0.6,0,random,0.7,1,scatter-gather,0.8,1,gather-scatter,0.6,1,scatter-gather,0.8,1,scatter-gather,0.8,1,fan-in,0.8
amlc_02917,HI-Small,1,scatter-gather,1.0,0.9055283276422964,1,scatter-gather,0.98676175,1,scatter-gather,0.9565981,1,scatter-gather,0.9496293931598184,1,scatter-gather,1,fan-in,0.6,0,,0.7,1,fan-in,0.8,1,gather-scatter,0.8,1,fan-in,0.8,1,scatter-gather,0.8,1,scatter-gather,0.8
amlc_02918,HI-Small,1,scatter-gather,1.0,0.9911110883649312,1,scatter-gather,0.9993451,1,scatter-gather,0.99973166,1,scatter-gather,0.9967292906740016,1,scatter-gather,1,random,0.8,1,fan-out,0.6,0,,0.7,1,gather-scatter,0.8,1,scatter-gather,0.8,1,fan-in,0.8,0,,0.5
amlc_02919,HI-Small,1,scatter-gather,1.0,0.9658320156515318,1,scatter-gather,0.9944669,1,scatter-gather,0.99603164,1,scatter-gather,0.9854435194790588,1,scatter-gather,1,fan-in,0.6,1,fan-in,0.6,1,fan-out,0.6,1,fan-out,0.6,1,scatter-gather,0.8,1,scatter-gather,0.8,1,scatter-gather,0.8
amlc_02920,HI-Small,1,scatter-gather,1.0,0.993953488990862,1,scatter-gather,0.9997241,1,scatter-gather,0.9998186,1,scatter-gather,0.9978320673853815,1,scatter-gather,1,gather-scatter,0.6,1,scatter-gather,0.8,0,,0.7,1,cycle,0.8,1,gather-scatter,0.8,1,fan-in,0.8,0,,0.5
amlc_02921,HI-Small,1,scatter-gather,1.0,0.9695764929338856,1,scatter-gather,0.99496967,1,scatter-gather,0.9976287,1,scatter-gather,0.9873916159167742,1,scatter-gather,1,gather-scatter,0.8,1,scatter-gather,0.6,1,scatter-gather,0.8,1,gather-scatter,0.6,1,scatter-gather,0.8,1,scatter-gather,0.8,1,scatter-gather,0.8
amlc_02922,HI-Small,1,scatter-gather,1.0,0.9935618441784028,1,scatter-gather,0.99970704,1,scatter-gather,0.99986553,1,scatter-gather,0.9977114730902392,1,scatter-gather,1,stack,0.8,1,gather-scatter,0.6,0,,0.7,1,gather-scatter,0.6,1,scatter-gather,0.8,1,fan-in,0.8,0,,0.5
amlc_02923,HI-Small,1,scatter-gather,1.0,0.9644255527472372,1,scatter-gather,0.99190855,1,scatter-gather,0.9977137,1,scatter-gather,0.9846825960151312,1,scatter-gather,1,gather-scatter,0.6,1,gather-scatter,0.6,1,scatter-gather,0.6,1,gather-scatter,0.8,1,scatter-gather,0.8,1,scatter-gather,0.8,0,,0.5
amlc_02924,HI-Small,1,scatter-gather,1.0,0.9926253542359262,1,scatter-gather,0.99954927,1,scatter-gather,0.99991715,1,scatter-gather,0.997363924485299,1,scatter-gather,1,fan-out,0.6,0,,0.7,1,scatter-gather,0.6,1,gather-scatter,0.8,1,scatter-gather,0.8,1,scatter-gather,0.8,0,,0.5
amlc_02925,HI-Small,1,scatter-gather,1.0,0.9735496275972776,1,scatter-gather,0.9969274,1,scatter-gather,0.9985231,1,scatter-gather,0.9896667080902872,1,scatter-gather,1,fan-in,0.6,1,fan-in,0.6,1,scatter-gather,0.8,1,gather-scatter,0.6,1,scatter-gather,0.8,0,,0.7,1,scatter-gather,0.8
amlc_02926,HI-Small,1,scatter-gather,1.0,0.9925322491046288,1,scatter-gather,0.9994997,1,scatter-gather,0.9996818,1,scatter-gather,0.997237899505976,1,scatter-gather,1,gather-scatter,0.6,0,,0.7,0,,0.7,1,random,0.8,1,scatter-gather,0.8,1,fan-in,0.8,0,,0.5
amlc_02927,HI-Small,1,scatter-gather,1.0,0.9652165853272352,1,scatter-gather,0.99321735,1,scatter-gather,0.99599427,1,scatter-gather,0.984809401409178,1,scatter-gather,1,fan-in,0.8,1,fan-in,0.6,1,scatter-gather,0.6,1,gather-scatter,0.6,1,scatter-gather,0.8,1,scatter-gather,0.8,1,scatter-gather,0.8
amlc_02928,HI-Small,1,scatter-gather,1.0,0.9868422534656602,1,scatter-gather,0.99529636,1,scatter-gather,0.99471486,1,scatter-gather,0.9922844895585404,1,scatter-gather,1,fan-out,0.8,1,scatter-gather,0.6,0,,0.7,1,gather-scatter,0.8,1,scatter-gather,0.8,1,fan-in,0.8,0,,0.5
amlc_02929,HI-Small,0,legit,1.0,0.3434308011273176,0,scatter-gather,0.40063724,0,scatter-gather,0.8644873,1,scatter-gather,0.5361851102424869,0,scatter-gather,1,fan-in,0.6,1,fan-in,0.8,1,scatter-gather,0.8,1,gather-scatter,0.6,1,scatter-gather,0.8,1,scatter-gather,0.8,1,scatter-gather,0.8
amlc_02930,HI-Small,1,scatter-gather,1.0,0.516800936354965,0,scatter-gather,0.7105609,0,scatter-gather,0.8358642,1,scatter-gather,0.6877420134987334,0,scatter-gather,1,fan-in,0.6,1,fan-in,0.6,1,fan-out,0.8,1,stack,0.8,1,scatter-gather,0.8,0,,0.7,1,scatter-gather,0.8
amlc_02931,HI-Small,1,cycle,1.0,0.9915898816667248,1,stack,0.9984762,1,cycle,0.9749662,1,cycle,0.9883441056437708,1,cycle,1,fan-out,0.6,1,fan-out,0.8,0,,0.7,1,gather-scatter,0.8,1,fan-out,0.8,1,fan-out,0.8,0,,0.5
amlc_02932,HI-Small,1,cycle,1.0,0.9900027483232532,1,stack,0.99823743,1,cycle,0.9665721,1,cycle,0.9849374284190509,1,cycle,1,fan-out,0.6,1,fan-out,0.6,1,bipartite,0.8,1,fan-out,0.6,1,fan-out,0.8,1,fan-out,0.8,0,,0.5
amlc_02933,HI-Small,0,legit,1.0,0.7403832883028525,0,fan-in,0.7290244,0,fan-in,0.15257058,0,fan-in,0.5406594246754494,0,fan-in,1,gather-scatter,0.6,1,fan-in,0.6,1,fan-in,0.6,1,gather-scatter,0.6,1,fan-in,0.8,1,fan-in,0.8,1,fan-in,0.8
amlc_02934,HI-Small,1,scatter-gather,1.0,0.990648170348364,1,stack,0.9976741,1,cycle,0.9997382,1,stack,0.9960201647666952,1,stack,1,cycle,0.8,1,fan-out,0.8,1,fan-out,0.6,1,gather-scatter,0.8,1,scatter-gather,0.8,1,scatter-gather,0.8,1,scatter-gather,0.8
amlc_02935,HI-Small,1,scatter-gather,1.0,0.989139782933473,1,stack,0.9982516,1,stack,0.99962294,1,stack,0.9956714469684758,1,stack,1,fan-out,0.6,1,fan-out,0.8,1,fan-out,0.8,1,gather-scatter,0.8,1,fan-out,0.8,1,fan-out,0.8,0,,0.5
amlc_02936,HI-Small,0,legit,483.5610098176718,9.657359503841104e-05,0,bipartite,0.00014811565,0,fan-in,0.013827376,0,scatter-gather,0.0046906884377315,0,fan-in,1,fan-out,0.6,1,fan-out,0.6,1,fan-out,0.8,1,gather-scatter,0.6,1,gather-scatter,0.8,1,gather-scatter,0.8,1,scatter-gather,0.8
amlc_02937,HI-Small,0,legit,1.0,0.5382425842527832,0,fan-in,0.3323492,0,fan-in,0.57695776,0,fan-in,0.4825165191572336,0,fan-in,1,scatter-gather,0.6,1,fan-out,0.6,1,fan-out,0.8,1,gather-scatter,0.8,1,scatter-gather,0.8,1,scatter-gather,0.8,1,scatter-gather,0.8
amlc_02938,HI-Small,0,legit,469.33800841514727,0.0017861865138512,0,fan-out,0.0012588286,0,fan-out,0.0075538075,0,fan-out,0.0035329408448148,0,fan-out,0,,0.5,0,,0.5,1,fan-out,0.8,1,gather-scatter,0.6,1,fan-out,0.8,1,fan-out,0.8,0,,0.5
amlc_02939,HI-Small,0,legit,483.5610098176718,1.6603096667298864e-05,0,bipartite,7.287798e-06,0,stack,0.03021875,0,stack,0.0100808803776522,0,stack,1,scatter-gather,0.6,1,fan-out,0.6,1,fan-out,0.8,1,gather-scatter,0.8,1,scatter-gather,0.8,1,fan-out,0.8,1,gather-scatter,0.8
amlc_02940,HI-Small,0,legit,469.33800841514727,0.0003797854066702,0,bipartite,0.00033264287,0,bipartite,0.08065127,0,bipartite,0.0271212322133862,0,bipartite,1,gather-scatter,0.6,1,gather-scatter,0.6,1,scatter-gather,0.8,1,gather-scatter,0.8,1,scatter-gather,0.8,1,gather-scatter,0.8,0,,0.5
amlc_02941,HI-Small,0,legit,469.33800841514727,0.0001713794172724,0,stack,3.20891e-05,0,stack,0.22862788,0,stack,0.0762771146552806,0,stack,1,fan-out,0.6,1,fan-out,0.6,1,scatter-gather,0.6,1,gather-scatter,0.8,1,scatter-gather,0.8,1,scatter-gather,0.8,1,scatter-gather,0.8
amlc_02942,HI-Small,0,legit,469.33800841514727,1.2783597550032438e-05,0,bipartite,3.1407967e-06,0,fan-in,0.0041085104,0,bipartite,0.0013748116133535,0,bipartite,1,gather-scatter,0.6,1,gather-scatter,0.6,1,fan-out,0.6,1,gather-scatter,0.6,1,gather-scatter,0.8,1,gather-scatter,0.8,1,gather-scatter,0.8
amlc_02943,HI-Small,0,legit,483.5610098176718,7.845565118838077e-05,0,bipartite,1.7720326e-05,0,stack,0.026465466,0,bipartite,0.0088538807409187,0,bipartite,1,random,0.8,1,fan-out,0.8,1,fan-out,0.6,1,gather-scatter,0.8,1,gather-scatter,0.8,1,fan-out,0.8,1,gather-scatter,0.8
amlc_02944,HI-Small,0,legit,469.33800841514727,0.0001254881578468,0,stack,0.0003407605,0,stack,0.0903892,0,stack,0.0302851494078825,0,stack,1,fan-out,0.8,1,fan-out,0.8,0,,0.7,1,bipartite,0.8,1,fan-out,0.8,0,,0.7,0,,0.5
amlc_02945,HI-Small,0,legit,469.33800841514727,4.012954345729717e-05,0,stack,1.3140782e-05,0,bipartite,0.05447476,0,bipartite,0.0181760100575801,0,bipartite,1,scatter-gather,0.6,1,scatter-gather,0.8,1,fan-in,0.6,1,scatter-gather,0.8,1,scatter-gather,0.8,1,scatter-gather,0.8,1,fan-out,0.8
amlc_02946,HI-Small,0,legit,483.5610098176718,1.2906995496016654e-05,0,fan-in,5.00483e-06,0,fan-in,0.013604489,0,bipartite,0.0045408003269365,0,fan-in,1,gather-scatter,0.6,1,fan-out,0.6,1,fan-out,0.8,1,gather-scatter,0.6,1,fan-out,0.8,1,fan-out,0.8,1,scatter-gather,0.8
amlc_02947,HI-Small,1,cycle,1.0,0.9932967866618462,1,cycle,0.9988982,1,random,0.9988696,1,cycle,0.9970215309050028,1,cycle,1,scatter-gather,0.6,1,gather-scatter,0.6,1,scatter-gather,0.6,1,gather-scatter,0.6,1,gather-scatter,0.8,1,gather-scatter,0.8,1,gather-scatter,0.8
amlc_02948,HI-Small,0,legit,1.0,0.826959578185577,1,cycle,0.35208774,0,cycle,0.9745784,1,cycle,0.7178752316333515,0,cycle,1,gather-scatter,0.6,1,gather-scatter,0.6,1,fan-out,0.8,1,gather-scatter,0.8,1,scatter-gather,0.8,1,gather-scatter,0.8,1,gather-scatter,0.8
amlc_02949,HI-Small,1,cycle,1.0,0.8821061262911302,1,cycle,0.9710457,1,cycle,0.975595,1,cycle,0.9429155988635536,1,cycle,1,fan-in,0.8,1,gather-scatter,0.6,1,fan-out,0.8,1,gather-scatter,0.6,1,gather-scatter,0.8,1,gather-scatter,0.8,1,gather-scatter,0.8
amlc_02950,HI-Small,1,cycle,1.0,0.9895087339381132,1,cycle,0.9910871,1,cycle,0.9976083,1,cycle,0.9927347056700042,1,cycle,1,fan-out,0.8,1,fan-out,0.6,1,fan-out,0.6,1,gather-scatter,0.8,1,scatter-gather,0.8,1,gather-scatter,0.8,1,scatter-gather,0.8
amlc_02951,HI-Small,1,cycle,1.0,0.9927994780740086,1,cycle,0.99692595,1,cycle,0.9979967,1,cycle,0.9959073720044872,1,cycle,1,fan-out,0.6,1,fan-out,0.6,1,fan-out,0.6,1,gather-scatter,0.6,1,fan-out,0.8,1,gather-scatter,0.8,1,gather-scatter,0.8
amlc_02952,HI-Small,1,legit,1.0,0.0014932407002656,0,bipartite,0.048355825,0,bipartite,0.02749309,0,bipartite,0.0257807184610436,0,bipartite,1,gather-scatter,0.6,0,,0.7,1,random,0.8,1,gather-scatter,0.6,1,gather-scatter,0.8,1,gather-scatter,0.8,1,gather-scatter,0.8
amlc_02953,HI-Small,0,legit,469.33800841514727,0.0003904511967129,0,bipartite,0.00057690067,0,bipartite,0.38060567,0,bipartite,0.1271910065645791,0,bipartite,1,gather-scatter,0.6,1,fan-out,0.8,1,fan-out,0.8,1,gather-scatter,0.8,1,scatter-gather,0.8,1,random,0.8,0,,0.5
amlc_02954,HI-Small,0,legit,469.33800841514727,1.9780517748024938e-05,0,stack,1.1046239e-05,0,stack,0.0012934764,0,stack,0.0004414343982314,0,stack,1,fan-out,0.8,0,,0.5,1,scatter-gather,0.8,1,gather-scatter,0.8,1,gather-scatter,0.8,1,gather-scatter,0.8,1,scatter-gather,0.8
amlc_02955,HI-Small,0,legit,469.33800841514727,0.0006127884951141,0,fan-out,0.00079326984,0,fan-out,0.0069364593,0,fan-out,0.0027808392223188,0,fan-out,0,,0.5,0,,0.5,1,fan-out,0.8,1,gather-scatter,0.8,1,fan-out,0.8,1,fan-out,0.8,0,,0.5
amlc_02956,HI-Small,0,legit,469.33800841514727,8.18965256672103e-05,0,stack,2.1446165e-05,0,stack,0.04215032,0,stack,0.0140845537711494,0,stack,1,fan-out,0.6,1,fan-out,0.8,1,fan-out,0.8,1,gather-scatter,0.8,1,gather-scatter,0.8,1,gather-scatter,0.8,1,random,0.8
amlc_02957,HI-Small,1,legit,1.0,0.0226403309463827,0,fan-in,0.006546224,0,fan-in,0.35094646,0,fan-in,0.1267110037140339,0,fan-in,1,fan-in,0.8,1,fan-in,0.8,1,fan-in,0.6,1,gather-scatter,0.6,1,fan-in,0.8,1,cycle,0.8,1,fan-in,0.8
amlc_02958,HI-Small,0,legit,483.5610098176718,6.728367851194403e-05,0,bipartite,2.3501421e-05,0,bipartite,0.028302241,0,bipartite,0.0094643420721948,0,bipartite,1,fan-out,0.6,1,fan-out,0.6,1,fan-out,0.6,1,gather-scatter,0.8,1,fan-out,0.8,1,gather-scatter,0.8,1,gather-scatter,0.8
amlc_02959,HI-Small,0,legit,469.33800841514727,0.025325401520578,0,fan-in,0.01038793,0,fan-in,0.1089886,0,fan-in,0.0482339765324685,0,fan-in,1,fan-in,0.8,1,fan-in,0.6,1,gather-scatter,0.8,1,fan-in,0.8,1,fan-in,0.8,1,fan-in,0.8,1,fan-in,0.8
amlc_02960,HI-Small,1,legit,1.0,0.0006511660444842,0,fan-out,0.0022152164,0,fan-out,0.12103655,0,fan-out,0.0413009781130687,0,fan-out,0,,0.5,0,,0.5,1,random,0.8,1,gather-scatter,0.6,1,fan-out,0.8,0,,0.7,0,,0.5
amlc_02961,HI-Small,1,bipartite,1.0,0.9720068385529732,1,bipartite,0.9949373,1,bipartite,0.8985607,1,bipartite,0.9551682806785972,1,bipartite,1,gather-scatter,0.6,1,gather-scatter,0.6,1,random,0.8,1,gather-scatter,0.8,1,gather-scatter,0.8,1,gather-scatter,0.8,1,gather-scatter,0.8
amlc_02962,HI-Small,1,bipartite,1.0,0.062294273165939,0,bipartite,0.160093,0,bipartite,0.29376122,0,bipartite,0.1720494970970941,0,bipartite,1,fan-out,0.8,1,gather-scatter,0.6,1,fan-out,0.6,1,gather-scatter,0.8,1,scatter-gather,0.8,0,,0.7,1,gather-scatter,0.8
amlc_02963,HI-Small,1,bipartite,1.0,0.9644676958988568,1,bipartite,0.99659884,1,bipartite,0.8920848,1,bipartite,0.9510504376712924,1,bipartite,1,fan-in,0.8,1,gather-scatter,0.8,1,fan-in,0.6,1,gather-scatter,0.6,1,fan-in,0.8,1,fan-in,0.8,1,fan-in,0.8
amlc_02964,HI-Small,1,bipartite,1.0,0.0803430888580359,0,bipartite,0.20342453,0,bipartite,0.07791038,0,bipartite,0.1205593318915061,0,bipartite,1,gather-scatter,0.6,1,gather-scatter,0.6,1,scatter-gather,0.8,1,scatter-gather,0.6,1,scatter-gather,0.8,1,cycle,0.8,1,gather-scatter,0.8
amlc_02965,HI-Small,1,bipartite,1.0,0.986897484460763,1,bipartite,0.99815303,1,bipartite,0.97120696,1,bipartite,0.9854191594651316,1,bipartite,1,fan-in,0.8,1,fan-in,0.6,1,fan-in,0.6,1,gather-scatter,0.6,1,fan-in,0.8,1,fan-in,0.8,1,fan-in,0.8
amlc_02966,HI-Small,1,bipartite,1.0,0.0235326223019177,0,bipartite,0.0513283,0,bipartite,0.74962056,0,bipartite,0.2748271601876754,0,bipartite,1,fan-out,0.8,0,,0.7,1,fan-out,0.8,1,gather-scatter,0.8,1,gather-scatter,0.8,1,gather-scatter,0.8,1,gather-scatter,0.8
amlc_02967,HI-Small,1,scatter-gather,1.0,0.9894703170827376,1,stack,0.99852055,1,cycle,0.99029696,1,cycle,0.9927626100239272,1,cycle,1,fan-out,0.6,1,fan-out,0.6,1,fan-out,0.8,1,scatter-gather,0.6,1,fan-out,0.8,1,fan-out,0.8,0,,0.5
amlc_02968,HI-Small,1,scatter-gather,1.0,0.9909963730431176,1,stack,0.99815273,1,stack,0.99306726,1,cycle,0.9940721234830412,1,stack,1,fan-out,0.8,1,gather-scatter,0.6,1,fan-out,0.8,1,gather-scatter,0.8,1,fan-in,0.8,1,cycle,0.8,1,scatter-gather,0.8
amlc_02969,HI-Small,1,fan-in,1.0,0.9623805434259292,1,fan-in,0.9857327,1,fan-in,0.8458258,1,fan-in,0.9313130031278568,1,fan-in,1,fan-out,0.8,1,fan-out,0.6,1,gather-scatter,0.8,1,gather-scatter,0.6,1,fan-out,0.8,1,random,0.8,0,,0.5
amlc_02970,HI-Small,1,fan-in,1.0,0.9811685370565426,1,fan-in,0.9938938,1,fan-in,0.9846115,1,fan-in,0.9865579501509988,1,fan-in,1,fan-out,0.6,1,gather-scatter,0.8,1,fan-out,0.6,1,gather-scatter,0.6,1,scatter-gather,0.8,1,gather-scatter,0.8,1,gather-scatter,0.8
amlc_02971,HI-Small,1,fan-in,1.0,0.96874344444023,1,fan-in,0.9908188,1,fan-in,0.97939795,1,fan-in,0.9796533985129544,1,fan-in,1,gather-scatter,0.6,1,gather-scatter,0.6,1,fan-out,0.8,1,gather-scatter,0.8,1,fan-out,0.8,1,scatter-gather,0.8,1,gather-scatter,0.8
amlc_02972,HI-Small,1,fan-in,1.0,0.9807245344024714,1,fan-in,0.9967861,1,fan-in,0.9924525,1,fan-in,0.9899877180689513,1,fan-in,1,fan-in,0.8,1,gather-scatter,0.6,1,fan-in,0.6,1,gather-scatter,0.6,1,fan-in,0.8,1,fan-in,0.8,1,fan-in,0.8
amlc_02973,HI-Small,1,fan-in,1.0,0.0052267159880085,0,fan-in,0.005481058,0,fan-in,0.8967206,1,fan-in,0.3024761206652019,0,fan-in,1,gather-scatter,0.6,1,gather-scatter,0.8,1,fan-out,0.8,1,random,0.8,1,scatter-gather,0.8,1,gather-scatter,0.8,1,fan-out,0.8
amlc_02974,HI-Small,1,legit,1.0,0.0261685634277633,0,bipartite,0.02648304,0,bipartite,0.06607506,0,bipartite,0.0395755535073535,0,bipartite,1,gather-scatter,0.6,1,gather-scatter,0.6,1,gather-scatter,0.6,1,gather-scatter,0.8,1,gather-scatter,0.8,1,gather-scatter,0.8,1,fan-in,0.8
amlc_02975,HI-Small,0,legit,483.5610098176718,3.7588792533775294e-05,0,bipartite,1.2622937e-05,0,stack,0.021786425,0,stack,0.0072788789974053,0,stack,1,gather-scatter,0.8,1,gather-scatter,0.6,1,random,0.8,1,gather-scatter,0.8,1,gather-scatter,0.8,0,,0.7,0,,0.5
amlc_02976,HI-Small,1,legit,1.0,0.0214926619235907,0,fan-in,0.033561677,0,fan-in,0.034872457,0,fan-in,0.0299755986831001,0,fan-in,1,fan-out,0.6,1,fan-out,0.6,1,fan-in,0.8,1,gather-scatter,0.6,1,fan-in,0.8,1,gather-scatter,0.8,1,fan-in,0.8
amlc_02977,HI-Small,1,legit,1.0,0.0042325888691358,0,fan-in,0.0032094424,0,fan-in,0.091876104,0,fan-in,0.0331060452363727,0,fan-in,1,fan-in,0.6,1,fan-in,0.6,1,fan-in,0.6,1,gather-scatter,0.6,1,fan-in,0.8,1,fan-in,0.8,1,fan-in,0.8
amlc_02978,HI-Small,0,legit,1.0,0.6630037215222824,0,stack,0.7057161,0,stack,0.16532704,0,stack,0.5113489457921819,0,stack,1,gather-scatter,0.6,1,fan-out,0.8,1,scatter-gather,0.6,1,random,0.8,1,gather-scatter,0.8,1,gather-scatter,0.8,1,gather-scatter,0.8
amlc_02979,HI-Small,0,legit,469.33800841514727,0.0001318541631711,0,bipartite,0.00012777797,0,bipartite,0.07599503,0,bipartite,0.0254182200495589,0,bipartite,1,fan-out,0.8,1,gather-scatter,0.8,0,,0.7,1,gather-scatter,0.6,1,scatter-gather,0.8,1,gather-scatter,0.8,1,scatter-gather,0.8
amlc_02980,HI-Small,0,legit,469.33800841514727,3.440858953080749e-05,0,bipartite,1.296936e-05,0,bipartite,0.00948392,0,stack,0.0031770994532309,0,bipartite,1,gather-scatter,0.6,1,scatter-gather,0.6,1,random,0.8,1,gather-scatter,0.6,1,gather-scatter,0.8,1,gather-scatter,0.8,1,gather-scatter,0.8
amlc_02981,HI-Small,0,legit,469.33800841514727,1.3729022526518216e-05,0,bipartite,9.031037e-06,0,stack,0.0042513097,0,stack,0.0014246899099531,0,stack,1,gather-scatter,0.6,1,fan-out,0.6,1,fan-out,0.8,1,gather-scatter,0.6,1,gather-scatter,0.8,0,fan-out,0.7,1,gather-scatter,0.8
amlc_02982,HI-Small,0,legit,483.5610098176718,0.0001207773190277,0,bipartite,0.00014790174,0,bipartite,0.024637941,0,bipartite,0.0083022067758194,0,bipartite,1,fan-out,0.6,1,fan-out,0.6,1,scatter-gather,0.6,1,bipartite,0.8,1,scatter-gather,0.8,0,,0.7,0,,0.5
amlc_02983,HI-Small,0,legit,483.5610098176718,4.013522622997943e-05,0,stack,2.2520817e-05,0,stack,0.013294324,0,stack,0.0044523267739724,0,stack,1,fan-out,0.6,1,fan-out,0.6,1,fan-out,0.8,1,gather-scatter,0.8,1,fan-out,0.8,1,fan-out,0.8,0,,0.5
amlc_02984,HI-Small,0,legit,469.33800841514727,2.1130361318797665e-05,0,bipartite,9.271632e-06,0,stack,0.0023471755,0,stack,0.0007925258302351,0,stack,1,fan-out,0.6,1,fan-out,0.6,1,fan-out,0.8,1,gather-scatter,0.8,1,fan-out,0.8,1,gather-scatter,0.8,0,,0.5
amlc_02985,HI-Small,0,legit,469.33800841514727,0.0006320320879618,0,fan-out,0.0009077954,0,fan-out,0.17402664,0,fan-out,0.0585221552482355,0,fan-out,0,,0.5,0,,0.5,0,,0.5,0,,0.5,0,,0.5,0,,0.5,0,,0.5
amlc_02986,HI-Small,1,legit,1.0,0.0531529331387101,0,bipartite,0.020105112,0,bipartite,0.04234267,0,bipartite,0.0385335719148655,0,bipartite,1,fan-out,0.6,1,fan-out,0.6,1,scatter-gather,0.8,1,gather-scatter,0.6,1,scatter-gather,0.8,1,gather-scatter,0.8,1,scatter-gather,0.8
amlc_02987,HI-Small,1,legit,1.0,0.0089186918832602,0,fan-in,0.042981576,0,fan-in,0.05501359,0,fan-in,0.0356379525395811,0,fan-in,1,gather-scatter,0.6,1,fan-in,0.8,1,gather-scatter,0.8,1,gather-scatter,0.6,1,gather-scatter,0.8,1,gather-scatter,0.8,1,gather-scatter,0.8
amlc_02988,HI-Small,0,legit,1.0,0.8682256157010186,1,stack,0.22800812,0,stack,0.30378515,0,stack,0.4666729607452746,0,stack,1,fan-in,0.6,0,,0.7,1,fan-in,0.8,1,gather-scatter,0.6,1,fan-in,0.8,1,fan-in,0.8,1,fan-in,0.8
amlc_02989,HI-Small,0,legit,483.5610098176718,2.95887417496824e-05,0,bipartite,1.3470698e-05,0,bipartite,0.03265361,0,bipartite,0.0108988901976787,0,bipartite,1,gather-scatter,0.8,1,gather-scatter,0.8,1,gather-scatter,0.6,1,gather-scatter,0.8,1,gather-scatter,0.8,1,gather-scatter,0.8,0,,0.5
amlc_02990,HI-Small,0,legit,469.33800841514727,2.3429628348653272e-05,0,bipartite,2.2378816e-05,0,stack,0.009076526,0,stack,0.0030407782775012,0,stack,1,gather-scatter,0.6,1,fan-out,0.6,1,scatter-gather,0.6,1,gather-scatter,0.8,1,stack,0.8,1,gather-scatter,0.8,1,scatter-gather,0.8
amlc_02991,HI-Small,0,legit,483.5610098176718,1.462572073950946e-05,0,bipartite,8.078588e-06,0,bipartite,0.014461948,0,bipartite,0.0048282173044504,0,bipartite,1,gather-scatter,0.6,1,gather-scatter,0.6,1,fan-out,0.8,1,gather-scatter,0.8,1,gather-scatter,0.8,1,gather-scatter,0.8,1,gather-scatter,0.8
amlc_02992,HI-Small,1,legit,1.0,0.0040093631599323,0,stack,0.0061110305,0,stack,0.24819517,0,stack,0.0861051883276626,0,stack,1,fan-in,0.6,1,fan-in,0.6,1,fan-in,0.8,1,fan-in,0.6,1,fan-in,0.8,1,fan-in,0.8,1,fan-in,0.8
amlc_02993,HI-Small,0,legit,469.33800841514727,8.707693597157762e-05,0,stack,1.9711879e-05,0,stack,0.0083484,0,stack,0.0028183961960202,0,stack,1,fan-out,0.8,1,gather-scatter,0.6,1,fan-out,0.8,1,gather-scatter,0.8,1,scatter-gather,0.8,1,gather-scatter,0.8,0,,0.5
amlc_02994,HI-Small,0,legit,469.33800841514727,1.4088828171165871e-05,0,bipartite,6.6244284e-06,0,fan-in,0.0020908522,0,stack,0.0007038551661619,0,fan-in,1,scatter-gather,0.6,1,stack,0.8,1,gather-scatter,0.8,1,gather-scatter,0.6,1,gather-scatter,0.8,1,gather-scatter,0.8,1,gather-scatter,0.8
amlc_02995,HI-Small,0,legit,483.5610098176718,0.0003902230838633,0,fan-out,0.00065959163,0,fan-out,0.011341526,0,fan-out,0.004130446963892,0,fan-out,0,,0.5,0,,0.5,1,fan-out,0.8,1,gather-scatter,0.6,1,fan-out,0.8,1,fan-out,0.8,0,,0.5
amlc_02996,HI-Small,0,legit,483.5610098176718,7.296939481285152e-05,0,scatter-gather,3.091966e-05,0,scatter-gather,0.025171539,0,scatter-gather,0.0084251426227239,0,scatter-gather,1,fan-out,0.6,1,gather-scatter,0.6,1,gather-scatter,0.8,1,gather-scatter,0.8,1,fan-out,0.8,1,gather-scatter,0.8,0,,0.5
amlc_02997,HI-Small,0,legit,483.5610098176718,2.1887069142201197e-05,0,stack,2.5178646e-05,0,bipartite,0.029980943,0,bipartite,0.0100093361073413,0,bipartite,1,fan-out,0.6,0,,0.7,1,fan-out,0.8,1,gather-scatter,0.8,1,fan-out,0.8,1,fan-out,0.8,0,,0.5
amlc_02998,HI-Small,1,legit,1.0,0.0007876369148543,0,fan-out,0.0012595303,0,fan-out,0.1543863,0,fan-out,0.0521444880318534,0,fan-out,0,,0.5,0,,0.5,0,,0.5,0,,0.5,1,fan-out,0.8,1,fan-out,0.8,0,,0.5
amlc_02999,HI-Small,1,legit,1.0,0.0880019918473133,0,bipartite,0.42412958,0,bipartite,0.118023954,0,bipartite,0.2100518405567132,0,bipartite,1,fan-in,0.6,1,fan-in,0.6,1,scatter-gather,0.8,1,gather-scatter,0.8,1,gather-scatter,0.8,1,gather-scatter,0.8,1,gather-scatter,0.8
amlc_03000,HI-Small,1,random,1.0,0.9253272709083196,1,stack,0.9408957,1,stack,0.027232055,0,stack,0.6311516673807183,0,stack,1,fan-in,0.6,1,fan-in,0.6,0,,0.7,1,gather-scatter,0.6,1,gather-scatter,0.8,1,gather-scatter,0.8,1,fan-in,0.8
amlc_03001,HI-Small,1,random,1.0,0.9756709361336526,1,cycle,0.9974688,1,cycle,0.9541465,1,cycle,0.9757620898969273,1,cycle,1,fan-out,0.6,1,fan-out,0.6,1,fan-out,0.8,1,gather-scatter,0.6,1,fan-out,0.8,1,fan-out,0.8,0,,0.5
amlc_03002,HI-Small,1,random,1.0,0.9848380684466111,1,cycle,0.9840854,1,cycle,0.9976201,1,cycle,0.9888478517403518,1,cycle,1,gather-scatter,0.6,1,gather-scatter,0.6,1,random,0.8,1,gather-scatter,0.8,1,gather-scatter,0.8,0,,0.7,1,gather-scatter,0.8
amlc_03003,HI-Small,1,random,1.0,0.9896556695162502,1,cycle,0.99480104,1,cycle,0.9979404,1,cycle,0.9941323783615976,1,cycle,1,fan-out,0.6,1,fan-out,0.6,1,fan-out,0.8,1,gather-scatter,0.8,1,fan-in,0.8,1,gather-scatter,0.8,1,gather-scatter,0.8
amlc_03004,HI-Small,1,random,1.0,0.988866981917375,1,gather-scatter,0.99457026,1,gather-scatter,0.99922,1,gather-scatter,0.9942190836051285,1,gather-scatter,1,fan-out,0.6,1,fan-out,0.6,1,gather-scatter,0.8,1,scatter-gather,0.8,1,gather-scatter,0.8,1,gather-scatter,0.8,1,gather-scatter,0.8
amlc_03005,HI-Small,1,random,1.0,0.9884340743678828,1,cycle,0.9954319,1,cycle,0.9990572,1,cycle,0.9943077160404132,1,cycle,1,gather-scatter,0.6,1,gather-scatter,0.8,1,gather-scatter,0.8,1,gather-scatter,0.6,1,gather-scatter,0.8,1,gather-scatter,0.8,1,gather-scatter,0.8
amlc_03006,HI-Small,1,random,1.0,0.9723489544611216,1,random,0.99408513,1,random,0.9958537,1,random,0.9874292698774418,1,random,1,gather-scatter,0.6,1,fan-out,0.6,1,scatter-gather,0.6,1,gather-scatter,0.6,1,gather-scatter,0.8,1,gather-scatter,0.8,1,gather-scatter,0.8
amlc_03007,HI-Small,1,random,1.0,0.9875899966157452,1,cycle,0.98856914,1,cycle,0.99941003,1,cycle,0.991856390092008,1,cycle,1,fan-out,0.6,0,,0.5,1,fan-out,0.8,1,gather-scatter,0.6,1,scatter-gather,0.8,1,gather-scatter,0.8,1,gather-scatter,0.8
amlc_03008,HI-Small,1,random,1.0,0.9869697069139718,1,cycle,0.99557656,1,cycle,0.9990338,1,cycle,0.993860025373149,1,cycle,1,fan-in,0.8,1,fan-in,0.6,1,random,0.8,1,gather-scatter,0.6,1,fan-in,0.8,1,fan-in,0.8,1,fan-in,0.8
amlc_03009,HI-Small,1,random,1.0,0.943900337214609,1,stack,0.9796585,1,stack,0.9863806,1,stack,0.9699797995869782,1,stack,1,scatter-gather,0.6,1,fan-in,0.6,0,,0.7,1,gather-scatter,0.8,1,fan-in,0.8,1,gather-scatter,0.8,1,fan-in,0.8
amlc_03010,HI-Small,0,legit,1.0,0.9405786913395474,1,bipartite,0.98569214,1,bipartite,0.94461095,1,bipartite,0.9569605960369292,1,bipartite,1,fan-out,0.6,0,cycle,0.7,1,cycle,0.8,1,gather-scatter,0.8,1,scatter-gather,0.8,1,gather-scatter,0.8,0,,0.5
amlc_03011,HI-Small,0,legit,469.33800841514727,0.001085363083649,0,fan-in,0.0019919234,0,fan-in,0.07529207,0,fan-in,0.0261231199022195,0,fan-in,1,fan-in,0.6,0,,0.5,1,fan-in,0.8,1,gather-scatter,0.8,1,fan-in,0.8,1,gather-scatter,0.8,1,fan-in,0.8
amlc_03012,HI-Small,0,legit,469.33800841514727,2.430489642741462e-05,0,random,1.0626798e-05,0,fan-in,0.000853871,0,random,0.0002962675632667,0,random,1,fan-out,0.6,1,fan-out,0.6,1,gather-scatter,0.8,1,gather-scatter,0.8,1,gather-scatter,0.8,1,gather-scatter,0.8,1,gather-scatter,0.8
amlc_03013,HI-Small,0,legit,469.33800841514727,1.3579729856056597e-05,0,bipartite,6.8406953e-06,0,fan-in,0.010634816,0,bipartite,0.003551745558943,0,bipartite,1,gather-scatter,0.6,1,gather-scatter,0.6,1,gather-scatter,0.8,1,gather-scatter,0.6,1,fan-out,0.8,1,gather-scatter,0.8,1,gather-scatter,0.8
amlc_03014,HI-Small,1,legit,1.0,0.0311305939243524,0,fan-in,0.050350975,0,fan-in,0.14556213,0,fan-in,0.0756812321340471,0,fan-in,1,fan-out,0.6,1,fan-out,0.6,0,stack,0.7,1,gather-scatter,0.8,1,fan-out,0.8,1,gather-scatter,0.8,1,scatter-gather,0.8
amlc_03015,HI-Small,1,legit,1.0,0.0416349249005346,0,fan-in,0.023099085,0,fan-in,0.114440694,0,fan-in,0.0597249015559762,0,fan-in,1,fan-out,0.6,1,stack,0.8,1,scatter-gather,0.8,1,gather-scatter,0.6,1,gather-scatter,0.8,1,scatter-gather,0.8,1,gather-scatter,0.8
amlc_03016,HI-Small,0,legit,469.33800841514727,1.2552762738425094e-05,0,bipartite,1.14587665e-05,0,fan-in,0.008938612,0,fan-out,0.0029875413152063,0,fan-out,1,fan-out,0.8,1,scatter-gather,0.6,1,scatter-gather,0.8,1,gather-scatter,0.6,1,scatter-gather,0.8,1,scatter-gather,0.8,1,scatter-gather,0.8
amlc_03017,HI-Small,1,random,1.0,0.969655717583428,1,cycle,0.93868864,1,cycle,0.99743986,1,cycle,0.9685947382357152,1,cycle,1,scatter-gather,0.6,1,gather-scatter,0.8,1,gather-scatter,0.8,1,gather-scatter,0.8,1,fan-out,0.8,1,gather-scatter,0.8,0,,0.5
amlc_03018,HI-Small,1,random,1.0,0.9879017239374838,1,cycle,0.9906395,1,cycle,0.9910223,1,cycle,0.9898545068357693,1,cycle,1,fan-out,0.8,1,fan-out,0.8,1,fan-out,0.8,1,gather-scatter,0.8,1,gather-scatter,0.8,1,cycle,0.8,0,,0.5
amlc_03019,HI-Small,1,random,1.0,0.98715661823256,1,cycle,0.99468833,1,cycle,0.97678316,1,cycle,0.9862093689027864,1,cycle,1,gather-scatter,0.6,1,fan-out,0.8,1,fan-out,0.6,1,gather-scatter,0.8,1,gather-scatter,0.8,0,,0.7,0,,0.5
amlc_03020,HI-Small,1,random,1.0,0.9884262703132032,1,cycle,0.993399,1,cycle,0.9927991,1,cycle,0.9915414658609828,1,cycle,1,fan-out,0.8,1,fan-out,0.6,1,fan-out,0.8,1,gather-scatter,0.8,1,gather-scatter,0.8,1,cycle,0.8,0,,0.5
amlc_03021,HI-Small,1,random,1.0,0.9859111788040872,1,cycle,0.99373454,1,cycle,0.9901363,1,cycle,0.989927347572859,1,cycle,1,gather-scatter,0.8,0,,0.5,1,fan-out,0.8,1,gather-scatter,0.8,1,scatter-gather,0.8,1,gather-scatter,0.8,0,,0.5
amlc_03022,HI-Small,1,random,1.0,0.9793871647456996,1,stack,0.99742204,1,cycle,0.9914529,1,cycle,0.9894206923358876,1,cycle,0,,0.5,0,,0.5,1,fan-out,0.8,1,gather-scatter,0.6,1,fan-out,0.8,1,fan-out,0.8,0,,0.5
amlc_03023,HI-Small,1,random,1.0,0.980643735439656,1,cycle,0.9793533,1,cycle,0.99825984,1,cycle,0.986085628837704,1,cycle,0,,0.5,0,,0.5,0,,0.5,0,,0.5,1,fan-out,0.8,0,,0.7,0,,0.5
amlc_03024,HI-Small,1,random,1.0,0.9603433549967788,1,stack,0.9938179,1,stack,0.99652946,1,stack,0.9835635801344244,1,stack,1,fan-out,0.8,1,gather-scatter,0.6,1,random,0.8,1,gather-scatter,0.6,1,fan-out,0.8,1,gather-scatter,0.8,0,,0.5
amlc_03025,HI-Small,0,legit,483.5610098176718,6.105744039993816e-05,0,stack,2.7377992e-05,0,stack,0.016013928,0,bipartite,0.0053674543965468,0,stack,1,gather-scatter,0.6,1,stack,0.8,1,random,0.8,1,gather-scatter,0.6,1,gather-scatter,0.8,1,gather-scatter,0.8,0,,0.5
amlc_03026,HI-Small,0,legit,483.5610098176718,4.9744404612919975e-05,0,bipartite,9.819562e-06,0,bipartite,0.016998729,0,bipartite,0.005686097568071,0,bipartite,1,gather-scatter,0.8,1,gather-scatter,0.6,1,gather-scatter,0.6,1,gather-scatter,0.6,1,random,0.8,1,gather-scatter,0.8,1,gather-scatter,0.8
amlc_03027,HI-Small,0,legit,469.33800841514727,7.473177984350382e-05,0,bipartite,2.7964968e-05,0,bipartite,0.058101036,0,bipartite,0.0194012441342851,0,bipartite,1,gather-scatter,0.6,1,bipartite,0.8,1,gather-scatter,0.8,1,gather-scatter,0.6,1,gather-scatter,0.8,1,gather-scatter,0.8,1,gather-scatter,0.8
amlc_03028,HI-Small,0,legit,469.33800841514727,0.0071455008184785,0,cycle,0.0008329164,0,cycle,0.98186606,1,cycle,0.3299481596393283,0,cycle,1,random,0.8,0,cycle,0.7,0,,0.7,1,gather-scatter,0.8,1,scatter-gather,0.8,1,scatter-gather,0.8,1,gather-scatter,0.8
amlc_03029,HI-Small,0,legit,1.0,0.8830820411262499,1,gather-scatter,0.7790343,0,gather-scatter,0.85473835,1,cycle,0.8389515707829789,1,gather-scatter,1,fan-out,0.6,1,gather-scatter,0.6,1,fan-out,0.6,1,fan-out,0.6,1,fan-in,0.8,1,gather-scatter,0.8,1,fan-in,0.8
amlc_03030,HI-Small,0,legit,469.33800841514727,0.0019502018583054,0,fan-in,0.0019078625,0,fan-in,0.52759326,0,fan-in,0.177150439797126,0,fan-in,1,gather-scatter,0.8,1,gather-scatter,0.6,1,scatter-gather,0.8,1,gather-scatter,0.8,1,gather-scatter,0.8,1,gather-scatter,0.8,1,gather-scatter,0.8
amlc_03031,HI-Small,0,legit,469.33800841514727,0.0036701702664385,0,fan-in,0.0028827526,0,fan-in,0.051237922,0,fan-in,0.0192636149985952,0,fan-in,1,gather-scatter,0.6,1,gather-scatter,0.6,1,fan-in,0.6,1,gather-scatter,0.6,1,gather-scatter,0.8,1,gather-scatter,0.8,1,gather-scatter,0.8
amlc_03032,HI-Small,1,legit,1.0,0.0064063726424803,0,fan-in,0.008062849,0,fan-in,0.37784448,0,fan-in,0.1307712347080188,0,fan-in,1,stack,0.8,1,gather-scatter,0.6,1,random,0.8,1,gather-scatter,0.6,1,gather-scatter,0.8,1,gather-scatter,0.8,1,gather-scatter,0.8
amlc_03033,HI-Small,0,legit,483.5610098176718,3.448388598883692e-05,0,bipartite,9.798155e-06,0,stack,0.02606661,0,bipartite,0.0087036308767636,0,bipartite,1,fan-out,0.6,1,fan-out,0.6,1,fan-out,0.6,1,gather-scatter,0.8,1,stack,0.8,1,scatter-gather,0.8,1,bipartite,0.8
amlc_03034,HI-Small,0,legit,469.33800841514727,8.78626176364593e-05,0,scatter-gather,0.00012340216,0,scatter-gather,0.0035419227,0,scatter-gather,0.0012510624806776,0,scatter-gather,1,gather-scatter,0.6,1,gather-scatter,0.6,1,gather-scatter,0.8,1,gather-scatter,0.8,1,gather-scatter,0.8,1,gather-scatter,0.8,1,gather-scatter,0.8
amlc_03035,HI-Small,0,legit,483.5610098176718,1.3735266851230511e-05,0,bipartite,7.645769e-06,0,bipartite,0.03527973,0,stack,0.0117670365027193,0,bipartite,1,scatter-gather,0.6,0,,0.7,1,random,0.8,1,random,0.8,1,random,0.8,1,gather-scatter,0.8,1,gather-scatter,0.8
amlc_03036,HI-Small,0,legit,483.5610098176718,0.000524572675754,0,fan-out,0.00029897186,0,fan-out,0.026423087,0,fan-out,0.0090822106275194,0,fan-out,0,,0.5,0,,0.5,0,,0.5,0,,0.5,1,fan-out,0.8,1,fan-out,0.8,0,,0.5
amlc_03037,HI-Small,1,legit,1.0,0.0449760437871885,0,bipartite,0.040359344,0,bipartite,0.42060846,0,bipartite,0.1686479496745888,0,bipartite,1,fan-in,0.6,1,fan-out,0.8,0,,0.7,1,random,0.8,1,stack,0.8,1,gather-scatter,0.8,1,stack,0.8
amlc_03038,HI-Small,0,legit,1.0,0.6139052543573268,0,random,0.49852338,0,stack,0.3081482,0,random,0.4735256146567625,0,random,1,fan-out,0.6,1,fan-out,0.8,1,random,0.8,1,scatter-gather,0.6,1,gather-scatter,0.8,0,gather-scatter,0.7,1,fan-out,0.8
amlc_03039,HI-Small,1,legit,1.0,0.0677405381847036,0,stack,0.14569657,0,stack,0.9839222,1,stack,0.3991197624023958,0,stack,1,random,0.8,1,random,0.8,1,fan-in,0.8,1,random,0.8,1,fan-in,0.8,1,fan-in,0.8,1,fan-in,0.8
amlc_03040,HI-Small,1,legit,1.0,0.0710695079004619,0,fan-in,0.09057959,0,fan-in,0.47692308,0,fan-in,0.2128573926301749,0,fan-in,1,fan-in,0.6,1,fan-in,0.6,1,fan-in,0.6,1,gather-scatter,0.6,1,fan-in,0.8,1,fan-in,0.8,1,fan-in,0.8
amlc_03041,HI-Small,1,legit,1.0,0.0474667950091983,0,bipartite,0.021808594,0,bipartite,0.06588796,0,bipartite,0.0450544490952699,0,bipartite,1,fan-out,0.6,1,fan-out,0.8,1,fan-out,0.6,1,fan-out,0.6,1,fan-out,0.8,1,fan-out,0.8,1,fan-out,0.8
amlc_03042,HI-Small,0,legit,483.5610098176718,2.912387232463005e-05,0,bipartite,1.8016968e-05,0,bipartite,0.0265585,0,stack,0.0088685468745906,0,bipartite,1,fan-out,0.6,1,gather-scatter,0.6,1,fan-out,0.6,1,gather-scatter,0.6,1,fan-out,0.8,1,gather-scatter,0.8,0,,0.5
amlc_03043,HI-Small,0,legit,483.5610098176718,9.769738258236082e-05,0,bipartite,8.271135e-05,0,bipartite,0.015006043,0,bipartite,0.0050621505822323,0,bipartite,1,random,0.8,1,fan-out,0.6,1,scatter-gather,0.6,1,gather-scatter,0.8,1,scatter-gather,0.8,1,fan-out,0.8,1,gather-scatter,0.8
amlc_03044,HI-Small,0,legit,483.5610098176718,6.827679743575107e-05,0,bipartite,2.9258134e-05,0,stack,0.027463475,0,bipartite,0.0091870033910672,0,bipartite,1,fan-out,0.8,1,fan-out,0.6,0,stack,0.7,1,cycle,0.8,1,gather-scatter,0.8,1,fan-out,0.8,0,,0.5
amlc_03045,HI-Small,1,legit,1.0,0.0379012038426933,0,bipartite,0.06195115,0,bipartite,0.79029596,0,bipartite,0.2967161038722375,0,bipartite,1,fan-out,0.6,1,fan-out,0.6,1,scatter-gather,0.8,1,gather-scatter,0.6,1,gather-scatter,0.8,1,gather-scatter,0.8,1,fan-out,0.8
amlc_03046,HI-Small,0,legit,469.33800841514727,1.4342768026843636e-05,0,bipartite,9.498996e-06,0,fan-in,0.003200122,0,bipartite,0.0010746545622835,0,bipartite,1,fan-out,0.8,1,fan-out,0.6,1,fan-out,0.6,1,gather-scatter,0.8,1,gather-scatter,0.8,1,scatter-gather,0.8,1,gather-scatter,0.8
amlc_03047,HI-Small,0,legit,469.33800841514727,4.592054005276421e-05,0,bipartite,5.888621e-05,0,stack,0.0075649247,0,stack,0.002556577135614,0,stack,1,fan-out,0.6,1,gather-scatter,0.8,1,scatter-gather,0.8,1,scatter-gather,0.8,1,gather-scatter,0.8,1,gather-scatter,0.8,1,gather-scatter,0.8
amlc_03048,HI-Small,0,legit,483.5610098176718,4.057342362477241e-05,0,stack,1.0770067e-05,0,stack,0.026620757,0,stack,0.0088907001084875,0,stack,1,fan-out,0.6,1,fan-out,0.6,1,fan-out,0.6,1,gather-scatter,0.6,1,gather-scatter,0.8,1,gather-scatter,0.8,1,fan-out,0.8
amlc_03049,HI-Small,0,legit,469.33800841514727,7.836227825825753e-05,0,stack,5.3692715e-05,0,stack,0.10044459,0,stack,0.033525549176109,0,stack,1,fan-out,0.8,1,fan-out,0.8,1,fan-out,0.8,1,gather-scatter,0.6,1,fan-out,0.8,1,gather-scatter,0.8,0,,0.5
amlc_03050,HI-Small,1,legit,1.0,0.0293298114912315,0,fan-in,0.013066527,0,fan-in,0.27713674,0,fan-in,0.1065110273312066,0,fan-in,1,fan-in,0.6,0,,0.5,1,fan-in,0.8,1,gather-scatter,0.6,1,fan-in,0.8,1,fan-in,0.8,1,fan-in,0.8
amlc_03051,HI-Small,0,legit,469.33800841514727,0.0001280628978382,0,stack,3.550159e-05,0,stack,0.052920364,0,stack,0.0176946427773933,0,stack,1,fan-out,0.6,1,fan-out,0.6,0,,0.7,1,gather-scatter,0.8,1,gather-scatter,0.8,1,gather-scatter,0.8,0,,0.5
amlc_03052,HI-Small,0,legit,1.0,0.6243265877916974,0,stack,0.52108294,0,stack,0.9520906,1,random,0.6991667155012343,0,stack,1,fan-out,0.6,1,fan-out,0.6,1,random,0.8,1,random,0.8,1,fan-out,0.8,1,fan-out,0.8,1,fan-out,0.8
amlc_03053,HI-Small,0,legit,469.33800841514727,0.0003279596724611,0,bipartite,0.00029136223,0,bipartite,0.39787126,0,bipartite,0.1328301925924317,0,bipartite,1,gather-scatter,0.6,1,fan-out,0.6,0,fan-out,0.7,1,gather-scatter,0.8,1,fan-out,0.8,1,fan-out,0.8,0,,0.5
amlc_03054,HI-Small,0,legit,469.33800841514727,1.7418748064877585e-05,0,scatter-gather,1.9705236e-05,0,cycle,0.0017572362,0,scatter-gather,0.0005981200605185,0,scatter-gather,1,random,0.8,1,gather-scatter,0.6,1,random,0.8,1,gather-scatter,0.6,1,gather-scatter,0.8,1,gather-scatter,0.8,1,gather-scatter,0.8
amlc_03055,HI-Small,1,stack,1.0,0.9897308693711856,1,cycle,0.9969412,1,cycle,0.974185,1,cycle,0.9869523560466004,1,cycle,1,cycle,0.8,1,fan-in,0.6,1,fan-in,0.6,1,gather-scatter,0.8,1,gather-scatter,0.8,1,bipartite,0.8,1,gather-scatter,0.8
amlc_03056,HI-Small,1,stack,1.0,0.9901327753488116,1,cycle,0.9980599,1,cycle,0.98392075,1,cycle,0.9907044855893948,1,cycle,1,cycle,0.8,1,cycle,0.8,1,gather-scatter,0.8,1,gather-scatter,0.8,1,cycle,0.8,1,gather-scatter,0.8,1,gather-scatter,0.8
amlc_03057,HI-Small,0,legit,483.5610098176718,1.4941366859169145e-05,0,bipartite,1.02695685e-05,0,bipartite,0.028421294,0,bipartite,0.0094821682931665,0,bipartite,1,scatter-gather,0.8,1,random,0.8,1,random,0.8,1,random,0.8,1,scatter-gather,0.8,1,gather-scatter,0.8,1,scatter-gather,0.8
amlc_03058,HI-Small,0,legit,469.33800841514727,0.0004284999414136,0,stack,0.00043941027,0,stack,0.009616314,0,stack,0.0034947415491495,0,stack,1,scatter-gather,0.6,1,fan-out,0.8,1,random,0.8,1,gather-scatter,0.6,1,fan-out,0.8,1,gather-scatter,0.8,1,gather-scatter,0.8
amlc_03059,HI-Small,0,legit,469.33800841514727,2.3807737890238834e-05,0,bipartite,1.0227809e-05,0,stack,0.0018865978,0,bipartite,0.0006402111271628,0,bipartite,1,gather-scatter,0.8,1,gather-scatter,0.8,1,gather-scatter,0.8,1,scatter-gather,0.8,1,gather-scatter,0.8,1,gather-scatter,0.8,1,gather-scatter,0.8
amlc_03060,HI-Small,0,legit,469.33800841514727,2.144341044516013e-05,0,bipartite,2.1625672e-05,0,stack,0.008824455,0,bipartite,0.0029558412343623,0,bipartite,1,fan-out,0.6,1,scatter-gather,0.6,1,gather-scatter,0.6,1,gather-scatter,0.6,1,gather-scatter,0.8,1,gather-scatter,0.8,1,gather-scatter,0.8
amlc_03061,HI-Small,0,legit,483.5610098176718,3.219005523447448e-05,0,bipartite,9.9072695e-06,0,bipartite,0.026337883,0,bipartite,0.0087933266095294,0,bipartite,1,gather-scatter,0.6,0,,0.5,1,fan-out,0.8,1,gather-scatter,0.8,1,fan-out,0.8,1,fan-out,0.8,1,fan-out,0.8
amlc_03062,HI-Small,1,legit,1.0,0.0008011905192806,0,fan-out,0.0009825199,0,fan-out,0.0062786965,0,fan-out,0.0026874689756408,0,fan-out,0,,0.5,0,,0.5,0,,0.7,1,gather-scatter,0.8,1,fan-out,0.8,0,,0.7,0,,0.5
amlc_03063,HI-Small,0,legit,469.33800841514727,0.0107362945465261,0,stack,0.0012585951,0,stack,0.07921957,0,stack,0.0304048206469007,0,stack,1,fan-out,0.8,1,scatter-gather,0.6,1,gather-scatter,0.8,1,gather-scatter,0.6,1,gather-scatter,0.8,0,,0.7,0,,0.5
amlc_03064,HI-Small,0,legit,469.33800841514727,2.2717822821172816e-05,0,bipartite,2.992342e-05,0,stack,0.05564339,0,bipartite,0.018565344035581,0,bipartite,0,,0.5,0,,0.5,0,,0.7,1,random,0.8,1,fan-out,0.8,0,,0.7,0,,0.5
amlc_03065,HI-Small,1,legit,1.0,0.024946843495959,0,bipartite,0.018187454,0,bipartite,0.7773312,0,bipartite,0.2734884902954081,0,bipartite,1,gather-scatter,0.6,1,fan-in,0.6,0,,0.7,1,gather-scatter,0.6,1,gather-scatter,0.8,1,stack,0.8,1,gather-scatter,0.8
amlc_03066,HI-Small,0,legit,469.33800841514727,1.4972409064758954e-05,0,bipartite,1.15634375e-05,0,stack,0.007231336,0,stack,0.0024192906445212,0,stack,1,fan-in,0.8,1,fan-in,0.6,1,fan-in,0.8,1,gather-scatter,0.6,1,fan-in,0.8,1,gather-scatter,0.8,1,fan-in,0.8
amlc_03067,HI-Small,0,legit,469.33800841514727,0.0001158820420843,0,bipartite,8.127572e-05,0,bipartite,0.07693268,0,bipartite,0.0257099471166299,0,bipartite,1,fan-out,0.8,1,fan-out,0.6,1,fan-out,0.8,1,gather-scatter,0.8,1,fan-out,0.8,1,gather-scatter,0.8,0,,0.5
amlc_03068,HI-Small,1,legit,1.0,0.0035072709595727,0,fan-out,0.0019240733,0,fan-out,0.19822499,0,bipartite,0.0678854452810541,0,fan-out,0,,0.5,0,,0.5,0,,0.7,1,bipartite,0.8,1,fan-out,0.8,1,fan-out,0.8,0,,0.5
amlc_03069,HI-Small,0,legit,483.5610098176718,2.515126533437792e-05,0,stack,1.5343974e-05,0,stack,0.022067595,0,stack,0.0073693635042486,0,stack,1,gather-scatter,0.6,1,gather-scatter,0.6,1,scatter-gather,0.8,1,cycle,0.8,1,gather-scatter,0.8,1,gather-scatter,0.8,1,gather-scatter,0.8
amlc_03070,HI-Small,0,legit,483.5610098176718,0.0004378633177556,0,fan-out,0.0003373464,0,fan-out,0.012298634,0,fan-out,0.004357947997429,0,fan-out,0,,0.5,0,,0.5,0,,0.5,0,,0.5,1,fan-out,0.8,0,,0.7,0,,0.5
amlc_03071,HI-Small,0,legit,469.33800841514727,1.3189157793071609e-05,0,bipartite,4.354768e-06,0,bipartite,0.010307029,0,bipartite,0.0034415242718005,0,bipartite,1,fan-out,0.6,1,fan-out,0.6,1,fan-out,0.8,1,gather-scatter,0.6,1,fan-out,0.8,1,gather-scatter,0.8,0,,0.5
amlc_03072,HI-Small,0,legit,469.33800841514727,0.0050292189703248,0,fan-in,0.0068697734,0,fan-in,0.40259305,0,fan-in,0.1381640129258521,0,fan-in,1,gather-scatter,0.8,1,fan-out,0.6,1,fan-in,0.8,1,gather-scatter,0.8,1,fan-out,0.8,1,gather-scatter,0.8,1,gather-scatter,0.8
amlc_03073,HI-Small,0,legit,483.5610098176718,1.312030043001408e-05,0,stack,8.728314e-06,0,stack,0.016358027,0,stack,0.0054599586164485,0,stack,1,fan-out,0.8,1,gather-scatter,0.6,1,fan-out,0.8,1,gather-scatter,0.8,1,scatter-gather,0.8,1,stack,0.8,1,gather-scatter,0.8
amlc_03074,HI-Small,0,legit,483.5610098176718,3.932556425888557e-05,0,bipartite,1.3978878e-05,0,stack,0.034579434,0,stack,0.0115442459810375,0,stack,1,fan-out,0.6,1,gather-scatter,0.6,1,fan-out,0.8,1,gather-scatter,0.6,1,scatter-gather,0.8,1,fan-out,0.8,1,fan-out,0.8
amlc_03075,HI-Small,0,legit,469.33800841514727,2.9779855485933277e-05,0,stack,1.0343998e-05,0,stack,0.07024138,0,stack,0.0234271668703453,0,stack,1,fan-out,0.6,1,gather-scatter,0.6,0,,0.7,1,gather-scatter,0.8,1,gather-scatter,0.8,1,gather-scatter,0.8,1,gather-scatter,0.8
amlc_03076,HI-Small,0,legit,469.33800841514727,1.5352398248100474e-05,0,bipartite,5.075516e-06,0,bipartite,0.005969493,0,bipartite,0.001996640366205,0,bipartite,1,gather-scatter,0.6,1,fan-out,0.8,1,scatter-gather,0.8,1,gather-scatter,0.8,1,stack,0.8,1,gather-scatter,0.8,1,gather-scatter,0.8
amlc_03077,HI-Small,1,legit,1.0,0.0206436145880638,0,bipartite,0.03900219,0,bipartite,0.0060383477,0,bipartite,0.021894717862749,0,bipartite,1,fan-out,0.6,1,fan-out,0.6,1,fan-out,0.6,1,gather-scatter,0.8,1,fan-out,0.8,1,fan-out,0.8,0,,0.5
amlc_03078,HI-Small,0,legit,483.5610098176718,1.5083770330784756e-05,0,bipartite,7.6156734e-06,0,stack,0.013152918,0,bipartite,0.0043918724302691,0,bipartite,1,gather-scatter,0.8,1,fan-out,0.6,0,,0.7,1,gather-scatter,0.6,1,gather-scatter,0.8,1,gather-scatter,0.8,1,gather-scatter,0.8
amlc_03079,HI-Small,0,legit,469.33800841514727,8.435181050528994e-05,0,scatter-gather,7.652918e-05,0,scatter-gather,0.00638081,0,scatter-gather,0.0021805636413999,0,scatter-gather,1,fan-out,0.8,1,gather-scatter,0.6,1,gather-scatter,0.6,1,gather-scatter,0.8,1,gather-scatter,0.8,1,gather-scatter,0.8,1,gather-scatter,0.8
amlc_03080,HI-Small,0,legit,469.33800841514727,1.2864501331292004e-05,0,bipartite,4.462548e-06,0,bipartite,0.0012177706,0,bipartite,0.0004116992241504,0,bipartite,1,stack,0.8,1,cycle,0.8,1,gather-scatter,0.8,1,gather-scatter,0.6,1,gather-scatter,0.8,1,stack,0.8,1,scatter-gather,0.8
amlc_03081,HI-Small,0,legit,483.5610098176718,1.4669810837710586e-05,0,bipartite,7.4638892e-06,0,stack,0.022184633,0,stack,0.0074022554728778,0,stack,1,gather-scatter,0.6,1,gather-scatter,0.6,1,scatter-gather,0.8,1,gather-scatter,0.6,1,gather-scatter,0.8,1,gather-scatter,0.8,1,gather-scatter,0.8
amlc_03082,HI-Small,0,legit,483.5610098176718,9.0106963859143e-05,0,stack,4.9229293e-05,0,stack,0.027534118,0,bipartite,0.0092244847263242,0,stack,1,fan-out,0.8,1,scatter-gather,0.8,1,fan-out,0.6,1,gather-scatter,0.8,1,fan-out,0.8,1,scatter-gather,0.8,0,,0.5
amlc_03083,HI-Small,0,legit,483.5610098176718,1.7727602560320787e-05,0,bipartite,7.725798e-06,0,bipartite,0.033760734,0,bipartite,0.0112620624344186,0,bipartite,1,random,0.8,1,scatter-gather,0.6,0,,0.7,1,gather-scatter,0.6,1,gather-scatter,0.8,1,stack,0.8,1,gather-scatter,0.8
amlc_03084,HI-Small,1,legit,1.0,0.0780961780870063,0,fan-in,0.016440962,0,fan-in,0.24490575,0,fan-in,0.1131476315069233,0,fan-in,1,random,0.8,1,fan-out,0.6,1,fan-out,0.8,1,bipartite,0.8,1,gather-scatter,0.8,0,,0.7,1,scatter-gather,0.8
amlc_03085,HI-Small,0,legit,469.33800841514727,0.0004945306666441,0,stack,0.00032629172,0,bipartite,0.256486,0,fan-out,0.0857689403377865,0,fan-out,1,fan-out,0.6,1,fan-out,0.6,1,gather-scatter,0.8,1,fan-out,0.6,1,scatter-gather,0.8,1,fan-out,0.8,0,,0.5
amlc_03086,HI-Small,1,legit,1.0,0.0111191898570934,0,fan-in,0.027562628,0,fan-in,0.65542686,0,fan-in,0.2313695590938621,0,fan-in,1,fan-in,0.6,1,fan-in,0.6,1,fan-in,0.6,1,fan-in,0.6,1,fan-in,0.8,1,fan-in,0.8,1,fan-in,0.8
amlc_03087,HI-Small,0,legit,469.33800841514727,2.4347951830714872e-05,0,bipartite,2.6364287e-05,0,bipartite,0.008961554,0,random,0.0030040886413645,0,bipartite,1,cycle,0.8,1,fan-out,0.8,1,fan-out,0.8,1,fan-out,0.8,1,fan-out,0.8,1,gather-scatter,0.8,1,scatter-gather,0.8
amlc_03088,HI-Small,0,legit,469.33800841514727,1.45489197143851e-05,0,bipartite,5.986757e-06,0,stack,0.004607507,0,bipartite,0.0015426809014866,0,bipartite,1,fan-out,0.6,1,scatter-gather,0.6,1,random,0.8,1,gather-scatter,0.8,1,fan-out,0.8,1,scatter-gather,0.8,1,gather-scatter,0.8
amlc_03089,HI-Small,1,legit,1.0,0.021077401062837,0,bipartite,0.016184771,0,bipartite,0.094948344,0,bipartite,0.0440701721429794,0,bipartite,1,fan-out,0.6,1,gather-scatter,0.6,1,fan-out,0.8,1,gather-scatter,0.8,1,fan-out,0.8,1,fan-out,0.8,0,,0.5
amlc_03090,HI-Small,0,legit,469.33800841514727,1.4172638939389762e-05,0,bipartite,5.0815206e-06,0,bipartite,0.0029093013,0,bipartite,0.0009761851580182,0,bipartite,1,scatter-gather,0.8,0,,0.5,1,scatter-gather,0.8,1,gather-scatter,0.8,1,fan-out,0.8,1,gather-scatter,0.8,1,gather-scatter,0.8
amlc_03091,HI-Small,0,legit,483.5610098176718,6.264317738412562e-05,0,bipartite,3.2272605e-05,0,stack,0.023606304,0,stack,0.0079004066204211,0,stack,1,fan-out,0.8,1,gather-scatter,0.6,1,scatter-gather,0.8,1,gather-scatter,0.6,1,fan-out,0.8,1,fan-out,0.8,0,,0.5
amlc_03092,HI-Small,0,legit,483.5610098176718,2.208225837273952e-05,0,random,3.1456402e-05,0,stack,0.022732241,0,bipartite,0.0075952599132652,0,stack,1,gather-scatter,0.6,0,,0.5,1,fan-out,0.6,1,gather-scatter,0.6,1,gather-scatter,0.8,1,gather-scatter,0.8,1,gather-scatter,0.8
amlc_03093,HI-Small,1,legit,1.0,0.0116649139847049,0,fan-in,0.013508983,0,fan-in,0.054492377,0,fan-in,0.0265554245619538,0,fan-in,1,fan-in,0.6,1,fan-in,0.6,1,fan-in,0.8,1,fan-in,0.6,1,fan-in,0.8,1,fan-in,0.8,1,fan-in,0.8
amlc_03094,HI-Small,1,legit,1.0,0.0221373750028853,0,fan-in,0.015309103,0,fan-in,0.10828149,0,fan-in,0.0485759903410356,0,fan-in,1,fan-in,0.6,1,gather-scatter,0.6,1,fan-in,0.6,1,gather-scatter,0.8,1,fan-in,0.8,1,gather-scatter,0.8,1,stack,0.8
amlc_03095,HI-Small,1,legit,1.0,0.0162146664900791,0,bipartite,0.013715523,0,bipartite,0.6316039,0,bipartite,0.2205113621343576,0,bipartite,1,gather-scatter,0.6,1,gather-scatter,0.6,0,,0.7,1,gather-scatter,0.6,1,gather-scatter,0.8,1,gather-scatter,0.8,1,gather-scatter,0.8
amlc_03096,HI-Small,1,legit,1.0,0.0009012271080193,0,fan-out,0.0010485887,0,fan-out,0.00648971,0,fan-out,0.002813175239539,0,fan-out,0,,0.5,0,,0.5,0,,0.7,0,stack,0.7,1,fan-out,0.8,0,,0.7,0,,0.5
amlc_03097,HI-Small,0,legit,483.5610098176718,0.0008869943932653,0,fan-in,0.0016795635,0,fan-in,0.011361274,0,fan-in,0.0046426106252715,0,fan-in,1,gather-scatter,0.6,0,,0.5,1,fan-in,0.6,1,gather-scatter,0.6,1,fan-in,0.8,1,stack,0.8,1,fan-in,0.8
amlc_03098,HI-Small,0,legit,469.33800841514727,0.0024658629013535,0,fan-in,0.008247808,0,fan-in,0.23936144,0,fan-in,0.0833583685660838,0,fan-in,1,fan-in,0.6,1,scatter-gather,0.6,1,fan-in,0.8,1,gather-scatter,0.6,1,fan-in,0.8,1,fan-in,0.8,1,fan-in,0.8
amlc_03099,HI-Small,0,legit,469.33800841514727,0.0004307188193515,0,fan-out,0.00029297324,0,fan-out,0.0025291352,0,fan-out,0.0010842757565657,0,fan-out,0,,0.5,0,,0.5,0,,0.5,0,,0.5,0,,0.5,0,,0.5,0,,0.5
amlc_03100,HI-Small,0,legit,469.33800841514727,0.0005288481712942,0,fan-out,0.0007959114,0,fan-out,0.0049280394,0,fan-out,0.0020842663245476,0,fan-out,0,,0.5,0,,0.5,1,fan-out,0.8,1,gather-scatter,0.6,1,fan-out,0.8,0,,0.7,0,,0.5
amlc_03101,HI-Small,0,legit,483.5610098176718,0.0007742737944242,0,fan-out,0.001985468,0,fan-out,0.012325272,0,fan-out,0.0050283379096228,0,fan-out,0,,0.5,0,,0.5,0,,0.5,0,,0.5,1,fan-out,0.8,1,fan-out,0.8,0,,0.5
amlc_03102,HI-Small,0,legit,469.33800841514727,8.247387627388838e-05,0,scatter-gather,5.639447e-05,0,scatter-gather,0.0051931203,0,stack,0.0017773295603398,0,scatter-gather,1,gather-scatter,0.6,1,gather-scatter,0.6,1,scatter-gather,0.8,1,gather-scatter,0.6,1,gather-scatter,0.8,1,gather-scatter,0.8,1,gather-scatter,0.8
amlc_03103,HI-Small,0,legit,469.33800841514727,0.0008860242115384,0,fan-in,0.00043449877,0,fan-in,0.06335763,0,fan-in,0.0215593839539231,0,fan-in,1,fan-in,0.6,1,fan-in,0.6,1,fan-in,0.8,1,gather-scatter,0.6,1,fan-in,0.8,1,fan-in,0.8,1,fan-in,0.8
amlc_03104,HI-Small,1,legit,1.0,0.0273807443348346,0,fan-in,0.026485201,0,fan-in,0.4079244,0,fan-in,0.1539301196624099,0,fan-in,1,fan-out,0.6,1,fan-out,0.8,1,fan-out,0.8,1,gather-scatter,0.6,1,fan-out,0.8,1,fan-out,0.8,1,fan-out,0.8
amlc_03105,HI-Small,0,legit,469.33800841514727,3.480118282167668e-05,0,bipartite,9.518435e-06,0,bipartite,0.008080218,0,bipartite,0.0027081792017187,0,bipartite,1,fan-in,0.8,1,fan-in,0.6,1,fan-in,0.8,1,gather-scatter,0.6,1,fan-in,0.8,1,fan-in,0.8,1,fan-in,0.8
amlc_03106,HI-Small,1,legit,1.0,0.0187200367105546,0,bipartite,0.020613005,0,bipartite,0.27363285,0,bipartite,0.1043219654395362,0,bipartite,1,fan-out,0.8,1,fan-in,0.8,1,gather-scatter,0.8,1,cycle,0.8,1,fan-in,0.8,1,gather-scatter,0.8,1,fan-in,0.8
amlc_03107,HI-Small,0,legit,1.0,0.7628975577638155,0,fan-in,0.4889926,0,fan-in,0.3344191,0,fan-in,0.528769753624519,0,fan-in,1,fan-out,0.6,0,,0.5,1,fan-out,0.6,1,gather-scatter,0.6,1,fan-out,0.8,1,fan-out,0.8,0,,0.5
amlc_03108,HI-Small,0,legit,1.0,0.8482354329298334,1,stack,0.92776316,1,stack,0.08877991,0,stack,0.6215928361240491,0,stack,1,gather-scatter,0.6,1,fan-out,0.6,0,,0.7,1,cycle,0.8,1,fan-out,0.8,1,fan-out,0.8,1,fan-out,0.8
amlc_03109,HI-Small,1,bipartite,1.0,0.969674588800586,1,bipartite,0.9946846,1,bipartite,0.9696663,1,bipartite,0.9780084893309794,1,bipartite,1,fan-out,0.6,1,gather-scatter,0.8,1,fan-out,0.8,1,gather-scatter,0.8,1,gather-scatter,0.8,1,gather-scatter,0.8,1,scatter-gather,0.8
amlc_03110,HI-Small,1,bipartite,1.0,0.95432697886724,1,bipartite,0.9909457,1,bipartite,0.7530032,0,bipartite,0.8994252852416659,1,bipartite,1,scatter-gather,0.6,1,scatter-gather,0.6,1,scatter-gather,0.8,1,gather-scatter,0.6,1,scatter-gather,0.8,1,scatter-gather,0.8,1,scatter-gather,0.8
amlc_03111,HI-Small,1,bipartite,1.0,0.961422961654376,1,bipartite,0.9963504,1,bipartite,0.8723631,1,bipartite,0.9433788199233052,1,bipartite,1,fan-out,0.8,1,gather-scatter,0.6,1,gather-scatter,0.6,1,gather-scatter,0.6,1,gather-scatter,0.8,1,random,0.8,1,gather-scatter,0.8
amlc_03112,HI-Small,1,bipartite,1.0,0.9580800716312884,1,bipartite,0.9910954,1,bipartite,0.96749115,1,bipartite,0.9722222150773524,1,bipartite,1,fan-in,0.6,0,cycle,0.7,0,,0.7,1,gather-scatter,0.6,1,fan-in,0.8,1,scatter-gather,0.8,1,fan-in,0.8
amlc_03113,HI-Small,1,bipartite,1.0,0.01089928526189,0,bipartite,0.011853225,0,bipartite,0.82847804,1,bipartite,0.283743516056922,0,bipartite,1,gather-scatter,0.8,1,random,0.8,1,random,0.8,1,gather-scatter,0.6,1,gather-scatter,0.8,1,gather-scatter,0.8,1,gather-scatter,0.8
amlc_03114,HI-Small,1,bipartite,1.0,0.9728644843330108,1,bipartite,0.99656487,1,bipartite,0.94188464,1,bipartite,0.9704379954414276,1,bipartite,0,,0.7,0,cycle,0.7,0,,0.7,1,gather-scatter,0.8,1,fan-in,0.8,0,,0.7,0,,0.7
amlc_03115,HI-Small,1,bipartite,1.0,0.8430096878885956,1,bipartite,0.93260384,1,bipartite,0.7525257,0,bipartite,0.8427130703886262,1,bipartite,1,fan-in,0.6,1,fan-in,0.6,1,fan-in,0.8,1,fan-in,0.6,1,fan-in,0.8,1,fan-in,0.8,1,fan-in,0.8
amlc_03116,HI-Small,1,bipartite,1.0,0.0339467880034723,0,bipartite,0.074913435,0,bipartite,0.4887759,0,bipartite,0.1992120438782466,0,bipartite,1,fan-in,0.8,0,,0.5,1,fan-in,0.8,1,gather-scatter,0.6,1,gather-scatter,0.8,1,gather-scatter,0.8,1,gather-scatter,0.8
amlc_03117,HI-Small,0,legit,483.5610098176718,6.669274438890501e-05,0,bipartite,1.863771e-05,0,bipartite,0.03943461,0,stack,0.0131733140836464,0,bipartite,1,gather-scatter,0.8,0,,0.5,1,fan-out,0.8,1,scatter-gather,0.6,1,gather-scatter,0.8,1,fan-out,0.8,0,,0.5
amlc_03118,HI-Small,1,legit,1.0,0.0004775260638246,0,fan-in,0.0009986012,0,fan-in,0.26991618,0,fan-in,0.0904641013535915,0,fan-in,1,fan-in,0.6,1,fan-in,0.6,1,fan-in,0.8,1,gather-scatter,0.8,1,fan-in,0.8,1,fan-in,0.8,1,fan-in,0.8
amlc_03119,HI-Small,0,legit,469.33800841514727,2.139698173487784e-05,0,bipartite,2.6336205e-05,0,bipartite,0.00215205,0,bipartite,0.0007332610336915,0,bipartite,1,scatter-gather,0.6,1,fan-out,0.6,1,scatter-gather,0.6,1,gather-scatter,0.8,1,gather-scatter,0.8,1,scatter-gather,0.8,1,scatter-gather,0.8
amlc_03120,HI-Small,0,legit,469.33800841514727,1.2645596342160122e-05,0,scatter-gather,3.2933099e-06,0,fan-in,0.009084333,0,bipartite,0.0030334238801874,0,fan-in,1,cycle,0.8,1,gather-scatter,0.6,1,scatter-gather,0.6,1,gather-scatter,0.6,1,gather-scatter,0.8,1,gather-scatter,0.8,1,gather-scatter,0.8
amlc_03121,HI-Small,0,legit,469.33800841514727,3.3302609946588924e-05,0,stack,3.3270102e-05,0,stack,0.007017646,0,bipartite,0.0023614062322763,0,stack,1,fan-out,0.6,1,gather-scatter,0.6,1,gather-scatter,0.8,1,gather-scatter,0.6,1,gather-scatter,0.8,1,gather-scatter,0.8,1,gather-scatter,0.8
amlc_03122,HI-Small,0,legit,469.33800841514727,0.0004881483046609,0,fan-out,0.00021496063,0,fan-out,0.044978917,0,fan-out,0.0152273418598433,0,fan-out,0,,0.5,0,,0.5,1,gather-scatter,0.8,1,gather-scatter,0.8,1,fan-out,0.8,0,,0.7,0,,0.5
amlc_03123,HI-Small,0,legit,469.33800841514727,2.258624430788065e-05,0,stack,2.3995304e-05,0,bipartite,0.010308285,0,stack,0.0034516222641117,0,stack,1,fan-out,0.6,1,gather-scatter,0.6,1,gather-scatter,0.6,1,gather-scatter,0.6,1,gather-scatter,0.8,1,gather-scatter,0.8,1,gather-scatter,0.8
amlc_03124,HI-Small,0,legit,483.5610098176718,1.5158141369601084e-05,0,bipartite,7.846411e-06,0,bipartite,0.034736745,0,bipartite,0.0115865832039136,0,bipartite,1,fan-out,0.6,1,gather-scatter,0.6,1,fan-out,0.8,1,random,0.8,1,fan-out,0.8,1,fan-out,0.8,0,,0.5
amlc_03125,HI-Small,1,gather-scatter,1.0,0.9544137183380388,1,gather-scatter,0.99215686,1,gather-scatter,0.9982727,1,gather-scatter,0.9816144328498928,1,gather-scatter,1,fan-out,0.6,1,fan-out,0.6,1,gather-scatter,0.8,1,gather-scatter,0.6,1,scatter-gather,0.8,1,gather-scatter,0.8,0,,0.5
amlc_03126,HI-Small,1,gather-scatter,1.0,0.8985680084836641,1,gather-scatter,0.9896184,1,gather-scatter,0.9926586,1,gather-scatter,0.9602816813989532,1,gather-scatter,0,,0.7,0,,0.7,1,fan-out,0.8,1,gather-scatter,0.8,1,gather-scatter,0.8,1,gather-scatter,0.8,0,,0.5
amlc_03127,HI-Small,1,gather-scatter,1.0,0.9473073623182324,1,gather-scatter,0.99776804,1,gather-scatter,0.99934626,1,gather-scatter,0.9814738876820256,1,gather-scatter,1,fan-out,0.6,1,fan-out,0.6,1,scatter-gather,0.8,1,bipartite,0.8,1,fan-out,0.8,1,fan-out,0.8,0,,0.5
amlc_03128,HI-Small,1,gather-scatter,1.0,0.9788882460374438,1,gather-scatter,0.99766034,1,gather-scatter,0.9998232,1,gather-scatter,0.9921239325132238,1,gather-scatter,1,fan-out,0.8,0,,0.5,1,random,0.8,1,gather-scatter,0.8,1,scatter-gather,0.8,1,scatter-gather,0.8,0,,0.5
amlc_03129,HI-Small,1,gather-scatter,1.0,0.9631448184650198,1,gather-scatter,0.9962684,1,gather-scatter,0.9995945,1,gather-scatter,0.9863359065586016,1,gather-scatter,1,fan-out,0.6,1,fan-out,0.8,1,fan-out,0.8,1,gather-scatter,0.8,1,scatter-gather,0.8,1,scatter-gather,0.8,0,,0.5
amlc_03130,HI-Small,1,gather-scatter,1.0,0.9530208333244172,1,gather-scatter,0.9961244,1,gather-scatter,0.9992607,1,gather-scatter,0.9828019812342276,1,gather-scatter,1,fan-out,0.6,1,gather-scatter,0.8,1,scatter-gather,0.8,1,bipartite,0.8,1,gather-scatter,0.8,1,gather-scatter,0.8,0,,0.5
amlc_03131,HI-Small,1,gather-scatter,1.0,0.9535670246579028,1,gather-scatter,0.99459314,1,gather-scatter,0.9992687,1,gather-scatter,0.9824762929114296,1,gather-scatter,1,fan-out,0.8,1,fan-out,0.6,0,,0.7,1,random,0.8,1,fan-out,0.8,1,gather-scatter,0.8,0,,0.5
amlc_03132,HI-Small,1,gather-scatter,1.0,0.9499095784374724,1,gather-scatter,0.99697924,1,gather-scatter,0.9987176,1,gather-scatter,0.981868807035971,1,gather-scatter,1,gather-scatter,0.8,0,,0.5,0,stack,0.7,1,gather-scatter,0.8,1,scatter-gather,0.8,1,gather-scatter,0.8,0,,0.5
amlc_03133,HI-Small,1,gather-scatter,1.0,0.9633094042922894,1,gather-scatter,0.99583375,1,gather-scatter,0.9972661,1,gather-scatter,0.9854697575299554,1,gather-scatter,1,fan-out,0.8,1,gather-scatter,0.6,1,bipartite,0.8,0,,0.7,1,fan-out,0.8,1,fan-out,0.8,0,,0.5
amlc_03134,HI-Small,1,gather-scatter,1.0,0.9780466784207624,1,gather-scatter,0.997157,1,gather-scatter,0.99756396,1,gather-scatter,0.9909225380807652,1,gather-scatter,1,fan-out,0.6,1,fan-out,0.6,1,fan-out,0.8,1,gather-scatter,0.8,1,scatter-gather,0.8,0,,0.7,0,,0.5
amlc_03135,HI-Small,1,gather-scatter,1.0,0.9461826545040428,1,gather-scatter,0.99383104,1,gather-scatter,0.9965641,1,gather-scatter,0.9788592610770008,1,gather-scatter,1,fan-out,0.8,1,fan-out,0.8,1,gather-scatter,0.8,1,cycle,0.8,1,fan-out,0.8,1,stack,0.8,0,,0.5
amlc_03136,HI-Small,1,gather-scatter,1.0,0.9532068911532536,1,gather-scatter,0.99568796,1,gather-scatter,0.99543,1,gather-scatter,0.9814416151358012,1,gather-scatter,1,fan-out,0.6,1,fan-out,0.6,1,scatter-gather,0.8,1,gather-scatter,0.8,1,fan-out,0.8,0,,0.7,0,,0.5
amlc_03137,HI-Small,1,gather-scatter,1.0,0.9388754182811764,1,gather-scatter,0.9958986,1,gather-scatter,0.9981146,1,gather-scatter,0.9776295361835488,1,gather-scatter,1,fan-out,0.8,1,gather-scatter,0.8,1,fan-out,0.8,1,gather-scatter,0.8,1,fan-out,0.8,1,stack,0.8,0,,0.5
amlc_03138,HI-Small,1,gather-scatter,1.0,0.959017883778836,1,gather-scatter,0.99672526,1,gather-scatter,0.9894066,1,gather-scatter,0.9817165768945304,1,gather-scatter,1,fan-out,0.8,0,,0.5,1,random,0.8,1,gather-scatter,0.8,1,scatter-gather,0.8,0,,0.7,0,,0.5
amlc_03139,HI-Small,1,gather-scatter,1.0,0.984610303850071,1,gather-scatter,0.9629594,1,gather-scatter,0.9853566,1,gather-scatter,0.9776421138349826,1,gather-scatter,1,fan-out,0.6,1,fan-out,0.6,1,scatter-gather,0.8,1,gather-scatter,0.6,1,scatter-gather,0.8,1,stack,0.8,0,,0.5
amlc_03140,HI-Small,0,legit,469.33800841514727,2.867337023038096e-05,0,bipartite,6.674104e-06,0,stack,0.007232274,0,stack,0.002422540467698,0,stack,1,fan-out,0.8,1,gather-scatter,0.6,1,random,0.8,1,random,0.8,1,gather-scatter,0.8,1,gather-scatter,0.8,1,gather-scatter,0.8
amlc_03141,HI-Small,0,legit,469.33800841514727,1.2851990732172624e-05,0,bipartite,2.9390142e-06,0,bipartite,0.006007465,0,bipartite,0.0020077520243831,0,bipartite,1,fan-out,0.6,1,fan-out,0.8,1,random,0.8,1,gather-scatter,0.8,1,gather-scatter,0.8,1,gather-scatter,0.8,1,gather-scatter,0.8
amlc_03142,HI-Small,0,legit,469.33800841514727,0.0008467284822387,0,fan-out,0.0005054289,0,fan-out,0.01050481,0,fan-out,0.0039523224998115,0,fan-out,0,,0.5,0,,0.5,0,,0.5,0,,0.5,0,,0.5,0,,0.5,0,,0.5
amlc_03143,HI-Small,0,legit,469.33800841514727,1.27566425123814e-05,0,random,5.44609e-06,0,fan-in,0.00885164,0,bipartite,0.002956614219715,0,fan-in,1,gather-scatter,0.6,1,fan-out,0.6,1,fan-out,0.6,1,gather-scatter,0.8,1,gather-scatter,0.8,1,gather-scatter,0.8,1,gather-scatter,0.8
amlc_03144,HI-Small,0,legit,483.5610098176718,6.964645509044099e-05,0,bipartite,1.5125656e-05,0,bipartite,0.014669252,0,bipartite,0.0049180079132096,0,bipartite,1,fan-out,0.8,1,fan-out,0.6,1,fan-out,0.8,1,gather-scatter,0.6,1,fan-out,0.8,1,fan-out,0.8,0,,0.5
amlc_03145,HI-Small,0,legit,469.33800841514727,1.7837169729703747e-05,0,random,1.31926545e-05,0,fan-out,0.006002146,0,random,0.0020110585478579,0,random,1,fan-in,0.8,1,gather-scatter,0.6,1,gather-scatter,0.8,1,gather-scatter,0.8,1,scatter-gather,0.8,1,gather-scatter,0.8,1,fan-in,0.8
amlc_03146,HI-Small,0,legit,469.33800841514727,1.4820489155319586e-05,0,random,1.2771559e-05,0,stack,0.045171157,0,bipartite,0.0150662495247026,0,stack,1,scatter-gather,0.6,1,scatter-gather,0.8,1,scatter-gather,0.6,1,gather-scatter,0.8,1,gather-scatter,0.8,1,gather-scatter,0.8,0,,0.5
amlc_03147,HI-Small,1,legit,1.0,0.0186030102926269,0,fan-in,0.019877879,0,fan-in,0.10578277,0,fan-in,0.0480878862873638,0,fan-in,1,gather-scatter,0.6,1,fan-in,0.6,1,gather-scatter,0.8,1,scatter-gather,0.6,1,fan-in,0.8,1,gather-scatter,0.8,1,fan-in,0.8
amlc_03148,HI-Small,1,gather-scatter,1.0,0.987443213120094,1,gather-scatter,0.9995214,1,gather-scatter,0.9994238,1,gather-scatter,0.9954627965738346,1,gather-scatter,1,scatter-gather,0.6,1,gather-scatter,0.6,1,gather-scatter,0.8,1,gather-scatter,0.6,1,gather-scatter,0.8,1,gather-scatter,0.8,1,gather-scatter,0.8
amlc_03149,HI-Small,1,gather-scatter,1.0,0.9901020704190636,1,gather-scatter,0.9994814,1,gather-scatter,0.9989233,1,gather-scatter,0.9961689173672168,1,gather-scatter,1,fan-in,0.8,1,gather-scatter,0.6,1,gather-scatter,0.8,1,gather-scatter,0.6,1,gather-scatter,0.8,1,gather-scatter,0.8,1,gather-scatter,0.8
amlc_03150,HI-Small,1,gather-scatter,1.0,0.0222063234594676,0,gather-scatter,0.56352466,0,gather-scatter,0.9958099,1,gather-scatter,0.527180299863127,0,gather-scatter,1,fan-out,0.8,1,fan-out,0.6,1,random,0.8,1,gather-scatter,0.8,1,fan-out,0.8,1,fan-out,0.8,0,,0.5
amlc_03151,HI-Small,1,gather-scatter,1.0,0.8505335777086561,1,gather-scatter,0.97913873,1,gather-scatter,0.99797046,1,gather-scatter,0.942547590503512,1,gather-scatter,1,fan-out,0.8,1,gather-scatter,0.8,1,gather-scatter,0.8,1,gather-scatter,0.8,1,gather-scatter,0.8,1,gather-scatter,0.8,1,gather-scatter,0.8
amlc_03152,HI-Small,1,gather-scatter,1.0,0.9898164904296548,1,gather-scatter,0.99963987,1,gather-scatter,0.99962723,1,gather-scatter,0.9963611972391656,1,gather-scatter,1,gather-scatter,0.6,1,gather-scatter,0.6,1,scatter-gather,0.8,1,gather-scatter,0.6,1,gather-scatter,0.8,1,gather-scatter,0.8,1,gather-scatter,0.8
amlc_03153,HI-Small,1,gather-scatter,1.0,0.9879184790637764,1,gather-scatter,0.9953065,1,gather-scatter,0.99954987,1,gather-scatter,0.9942582788794132,1,gather-scatter,1,fan-out,0.6,1,fan-out,0.6,1,gather-scatter,0.6,1,gather-scatter,0.6,1,gather-scatter,0.8,1,gather-scatter,0.8,1,gather-scatter,0.8
amlc_03154,HI-Small,1,gather-scatter,1.0,0.9828683289044048,1,gather-scatter,0.99898815,1,gather-scatter,0.99904525,1,gather-scatter,0.9936339110848952,1,gather-scatter,1,gather-scatter,0.8,0,,0.5,1,gather-scatter,0.8,1,gather-scatter,0.6,1,gather-scatter,0.8,1,gather-scatter,0.8,1,gather-scatter,0.8
amlc_03155,HI-Small,1,gather-scatter,1.0,0.9050478507944082,1,gather-scatter,0.9835758,1,gather-scatter,0.9960829,1,gather-scatter,0.9615688578906368,1,gather-scatter,1,fan-out,0.6,1,gather-scatter,0.6,1,fan-out,0.8,1,gather-scatter,0.6,1,scatter-gather,0.8,1,random,0.8,0,,0.5
amlc_03156,HI-Small,1,gather-scatter,1.0,0.9715258809391556,1,gather-scatter,0.998669,1,gather-scatter,0.99951714,1,gather-scatter,0.989904017331332,1,gather-scatter,0,,0.5,0,,0.5,1,fan-out,0.8,1,gather-scatter,0.8,1,fan-out,0.8,1,fan-out,0.8,0,,0.5
amlc_03157,HI-Small,1,gather-scatter,1.0,0.960495555685254,1,gather-scatter,0.99851733,1,gather-scatter,0.9994999,1,gather-scatter,0.9861709357256002,1,gather-scatter,0,,0.5,0,,0.5,1,fan-out,0.8,0,,0.7,1,scatter-gather,0.8,0,,0.7,0,,0.5
amlc_03158,HI-Small,1,gather-scatter,1.0,0.9926383754597816,1,gather-scatter,0.9986827,1,gather-scatter,0.9996029,1,gather-scatter,0.996974655687369,1,gather-scatter,0,,0.5,0,,0.5,0,,0.7,1,scatter-gather,0.8,1,fan-out,0.8,0,,0.7,0,,0.5
amlc_03159,HI-Small,1,gather-scatter,1.0,0.9891975942516044,1,gather-scatter,0.9980544,1,gather-scatter,0.99858296,1,gather-scatter,0.995278312870652,1,gather-scatter,0,,0.5,0,,0.5,1,fan-out,0.8,1,gather-scatter,0.6,1,scatter-gather,0.8,1,fan-out,0.8,0,,0.5
amlc_03160,HI-Small,1,gather-scatter,1.0,0.9563118339928728,1,gather-scatter,0.9929245,1,gather-scatter,0.9989866,1,gather-scatter,0.9827409824183498,1,gather-scatter,0,,0.5,0,,0.5,1,fan-out,0.8,1,gather-scatter,0.8,1,fan-out,0.8,1,gather-scatter,0.8,0,,0.5
amlc_03161,HI-Small,1,gather-scatter,1.0,0.9618277474683434,1,gather-scatter,0.997269,1,gather-scatter,0.99909896,1,gather-scatter,0.9860652262781034,1,gather-scatter,1,fan-out,0.6,1,fan-out,0.6,1,fan-out,0.8,0,,0.7,1,scatter-gather,0.8,0,,0.7,0,,0.5
amlc_03162,HI-Small,1,gather-scatter,1.0,0.9862372603100426,1,gather-scatter,0.9964396,1,gather-scatter,0.99859035,1,gather-scatter,0.9937557288700304,1,gather-scatter,0,,0.5,0,,0.5,1,fan-out,0.8,0,,0.7,1,fan-out,0.8,1,gather-scatter,0.8,0,,0.5
amlc_03163,HI-Small,1,gather-scatter,1.0,0.9923082053390724,1,gather-scatter,0.9994075,1,gather-scatter,0.9991104,1,gather-scatter,0.9969420254140292,1,gather-scatter,0,,0.5,0,,0.5,1,fan-out,0.8,1,fan-out,0.6,1,fan-out,0.8,1,fan-out,0.8,0,,0.5
amlc_03164,HI-Small,1,gather-scatter,1.0,0.9815857167123208,1,gather-scatter,0.99748385,1,gather-scatter,0.9986272,1,gather-scatter,0.9925655840197686,1,gather-scatter,0,,0.5,0,,0.5,1,fan-out,0.8,1,gather-scatter,0.8,1,fan-out,0.8,0,,0.7,0,,0.5
amlc_03165,HI-Small,1,gather-scatter,1.0,0.9688958643630278,1,gather-scatter,0.9970872,1,gather-scatter,0.99842775,1,gather-scatter,0.9881369312192048,1,gather-scatter,0,,0.5,0,,0.5,0,,0.7,1,gather-scatter,0.8,1,fan-out,0.8,0,,0.7,0,,0.5
amlc_03166,HI-Small,1,gather-scatter,1.0,0.9559374705248084,1,gather-scatter,0.9932529,1,gather-scatter,0.99838704,1,gather-scatter,0.9825257942177522,1,gather-scatter,0,,0.5,0,,0.5,1,scatter-gather,0.8,1,gather-scatter,0.6,1,fan-out,0.8,0,,0.7,0,,0.5
amlc_03167,HI-Small,1,gather-scatter,1.0,0.988313979127122,1,gather-scatter,0.9971716,1,gather-scatter,0.9941436,1,gather-scatter,0.9932097217169448,1,gather-scatter,0,,0.5,0,,0.5,1,fan-out,0.8,1,scatter-gather,0.8,1,fan-out,0.8,1,scatter-gather,0.8,0,,0.5
amlc_03168,HI-Small,1,gather-scatter,1.0,0.9652259079206594,1,gather-scatter,0.99597025,1,gather-scatter,0.99123585,1,gather-scatter,0.9841440031127336,1,gather-scatter,0,,0.5,0,,0.5,1,fan-out,0.8,1,cycle,0.8,1,fan-out,0.8,1,gather-scatter,0.8,0,,0.5
amlc_03169,HI-Small,1,gather-scatter,1.0,0.966364122972774,1,gather-scatter,0.9865633,1,gather-scatter,0.9779409,1,gather-scatter,0.9769561216387112,1,gather-scatter,0,,0.5,0,,0.5,0,random,0.7,1,gather-scatter,0.8,1,fan-out,0.8,1,gather-scatter,0.8,0,,0.5
amlc_03170,HI-Small,1,legit,1.0,0.0014223483852206,0,fan-out,0.0016895877,0,fan-out,0.006044408,0,fan-out,0.0030521146485924,0,fan-out,0,,0.5,0,,0.5,1,fan-out,0.8,1,scatter-gather,0.8,1,fan-out,0.8,1,fan-out,0.8,0,,0.5
amlc_03171,HI-Small,0,legit,483.5610098176718,1.2471128145883509e-05,0,bipartite,1.2313632e-05,0,bipartite,0.040633652,0,bipartite,0.0135528123732631,0,bipartite,1,gather-scatter,0.8,1,gather-scatter,0.8,1,gather-scatter,0.6,1,gather-scatter,0.8,1,gather-scatter,0.8,1,gather-scatter,0.8,0,,0.5
amlc_03172,HI-Small,1,legit,1.0,0.0822053790999844,0,fan-in,0.03367777,0,fan-in,0.21610673,0,fan-in,0.1106632928355996,0,fan-in,1,fan-out,0.6,1,fan-out,0.6,1,gather-scatter,0.6,1,bipartite,0.8,1,scatter-gather,0.8,1,scatter-gather,0.8,1,scatter-gather,0.8
amlc_03173,HI-Small,0,legit,469.33800841514727,0.003203388512234,0,fan-in,0.0021990207,0,fan-in,0.08327978,0,fan-in,0.0295607300860518,0,fan-in,1,fan-in,0.6,0,,0.7,1,fan-in,0.8,1,gather-scatter,0.6,1,fan-in,0.8,1,fan-in,0.8,1,fan-in,0.8
amlc_03174,HI-Small,0,legit,483.5610098176718,3.233987789437406e-05,0,bipartite,1.1272701e-05,0,bipartite,0.020288114,0,stack,0.0067772420279002,0,bipartite,1,fan-in,0.6,1,fan-in,0.6,1,fan-out,0.8,1,gather-scatter,0.8,1,scatter-gather,0.8,1,gather-scatter,0.8,1,gather-scatter,0.8
amlc_03175,HI-Small,1,legit,1.0,0.0006169696949808,0,fan-out,0.00052759435,0,fan-out,0.1297002,0,fan-out,0.0436149209398284,0,fan-out,0,,0.5,0,,0.5,0,,0.7,1,gather-scatter,0.6,1,fan-out,0.8,0,,0.7,0,,0.5
amlc_03176,HI-Small,0,legit,483.5610098176718,0.0039772245998778,0,fan-in,0.0029892984,0,fan-in,0.02326346,0,fan-in,0.0100766610187573,0,fan-in,1,fan-in,0.6,1,fan-in,0.6,1,random,0.8,1,gather-scatter,0.6,1,fan-in,0.8,1,fan-in,0.8,1,fan-in,0.8
amlc_03177,HI-Small,0,legit,469.33800841514727,2.0131016028205456e-05,0,bipartite,5.833447e-06,0,bipartite,0.00927888,0,bipartite,0.0031016149651507,0,bipartite,1,fan-out,0.6,1,gather-scatter,0.6,0,,0.7,1,gather-scatter,0.8,1,scatter-gather,0.8,1,gather-scatter,0.8,0,,0.5
amlc_03178,HI-Small,0,legit,483.5610098176718,2.930219601833484e-05,0,bipartite,1.0299509e-05,0,bipartite,0.01360337,0,bipartite,0.0045476571368276,0,bipartite,1,fan-out,0.8,1,gather-scatter,0.6,1,scatter-gather,0.6,1,gather-scatter,0.6,1,scatter-gather,0.8,1,gather-scatter,0.8,1,scatter-gather,0.8
amlc_03179,HI-Small,0,legit,469.33800841514727,2.257473588633683e-05,0,bipartite,1.2309043e-05,0,stack,0.010791074,0,bipartite,0.0036086524440788,0,bipartite,1,fan-out,0.6,1,fan-out,0.6,1,scatter-gather,0.8,1,gather-scatter,0.6,1,fan-out,0.8,1,fan-out,0.8,1,fan-out,0.8
amlc_03180,HI-Small,1,legit,1.0,0.0332165864536152,0,bipartite,0.097412385,0,bipartite,0.1138734,0,bipartite,0.0815007904313996,0,bipartite,1,gather-scatter,0.6,1,gather-scatter,0.6,1,fan-out,0.6,1,gather-scatter,0.8,1,gather-scatter,0.8,1,gather-scatter,0.8,1,gather-scatter,0.8
amlc_03181,HI-Small,0,legit,469.33800841514727,1.259624868136674e-05,0,bipartite,4.7969625e-06,0,stack,0.0051901108,0,bipartite,0.0017358346588454,0,bipartite,1,random,0.8,0,,0.5,1,random,0.8,1,random,0.8,1,gather-scatter,0.8,1,gather-scatter,0.8,1,gather-scatter,0.8
amlc_03182,HI-Small,0,legit,469.33800841514727,1.4359675462873848e-05,0,random,1.579295e-05,0,random,0.0063186893,0,random,0.0021162806497591,0,random,1,scatter-gather,0.8,1,gather-scatter,0.6,1,gather-scatter,0.6,1,gather-scatter,0.6,1,gather-scatter,0.8,1,gather-scatter,0.8,1,gather-scatter,0.8
amlc_03183,HI-Small,0,legit,469.33800841514727,3.1063469587409726e-05,0,stack,9.212032e-06,0,stack,0.0039368295,0,stack,0.001325701670797,0,stack,1,random,0.8,1,gather-scatter,0.6,0,,0.7,1,stack,0.8,1,gather-scatter,0.8,1,random,0.8,1,gather-scatter,0.8
amlc_03184,HI-Small,1,legit,1.0,0.0036103350820682,0,fan-in,0.008613737,0,fan-in,0.13258854,0,fan-in,0.0482708693097876,0,fan-in,1,fan-out,0.8,1,fan-out,0.6,1,fan-out,0.6,1,gather-scatter,0.8,1,scatter-gather,0.8,1,scatter-gather,0.8,1,scatter-gather,0.8
amlc_03185,HI-Small,0,legit,469.33800841514727,0.000657275841343,0,fan-out,0.00040754367,0,fan-out,0.007020901,0,fan-out,0.002695240157425,0,fan-out,0,,0.5,0,,0.5,1,scatter-gather,0.8,1,gather-scatter,0.6,1,fan-out,0.8,1,fan-out,0.8,0,,0.5
amlc_03186,HI-Small,0,legit,469.33800841514727,7.610760770548036e-05,0,stack,7.465645e-05,0,stack,0.0025692706,0,stack,0.0009066782027228,0,stack,1,fan-out,0.6,1,fan-out,0.6,1,fan-out,0.6,1,gather-scatter,0.6,1,fan-out,0.8,1,fan-out,0.8,0,,0.5
amlc_03187,HI-Small,0,legit,469.33800841514727,0.0010689719917706,0,fan-out,0.0010670915,0,fan-out,0.009029904,0,fan-out,0.0037219892834154,0,fan-out,0,,0.5,0,,0.5,1,fan-out,0.8,1,gather-scatter,0.8,1,fan-out,0.8,0,,0.7,0,,0.5
amlc_03188,HI-Small,1,legit,1.0,0.0161815004796881,0,fan-in,0.02127456,0,fan-in,0.1214836,0,fan-in,0.0529798871030774,0,fan-in,1,fan-out,0.6,1,scatter-gather,0.6,1,gather-scatter,0.6,1,gather-scatter,0.6,1,gather-scatter,0.8,1,gather-scatter,0.8,1,scatter-gather,0.8
amlc_03189,HI-Small,0,legit,483.5610098176718,1.6669991238301475e-05,0,bipartite,9.2583705e-06,0,stack,0.029296825,0,bipartite,0.0097742510234339,0,bipartite,1,gather-scatter,0.8,1,fan-out,0.6,1,fan-out,0.6,1,gather-scatter,0.8,1,gather-scatter,0.8,1,stack,0.8,1,stack,0.8
amlc_03190,HI-Small,0,legit,469.33800841514727,1.2678656066686796e-05,0,bipartite,6.374533e-06,0,bipartite,0.009899246,0,bipartite,0.0033060995879986,0,bipartite,1,fan-out,0.6,1,fan-out,0.6,0,,0.7,1,gather-scatter,0.8,1,fan-out,0.8,0,,0.7,0,,0.5
amlc_03191,HI-Small,0,legit,483.5610098176718,6.301962026940316e-05,0,bipartite,3.1698753e-05,0,stack,0.033544272,0,stack,0.0112129968526958,0,stack,1,gather-scatter,0.6,1,gather-scatter,0.6,1,fan-out,0.6,1,gather-scatter,0.8,1,fan-out,0.8,1,gather-scatter,0.8,0,,0.5
amlc_03192,HI-Small,0,legit,469.33800841514727,0.0010320982077178,0,fan-in,0.003595741,0,fan-in,0.088956855,0,fan-in,0.0311948981484094,0,fan-in,1,fan-in,0.6,1,fan-in,0.6,1,fan-in,0.8,1,fan-in,0.6,1,fan-in,0.8,0,,0.7,1,fan-in,0.8
amlc_03193,HI-Small,0,legit,469.33800841514727,0.0003796712793803,0,fan-in,0.00029452302,0,fan-in,0.0875262,0,fan-in,0.0294001321679422,0,fan-in,1,fan-in,0.6,1,fan-in,0.6,1,fan-in,0.8,1,,0.6,1,fan-in,0.8,1,fan-in,0.8,1,fan-in,0.8
amlc_03194,HI-Small,0,legit,469.33800841514727,1.443709896029848e-05,0,bipartite,4.2708007e-06,0,fan-in,0.0043397183,0,bipartite,0.0014528087198348,0,bipartite,1,fan-out,0.6,1,fan-out,0.8,1,fan-out,0.8,1,gather-scatter,0.8,1,fan-out,0.8,0,,0.7,0,,0.5
amlc_03195,HI-Small,1,legit,1.0,0.0011139064530511,0,bipartite,0.0011693261,0,bipartite,0.033067375,0,bipartite,0.0117835360025566,0,bipartite,1,fan-out,0.6,1,gather-scatter,0.6,1,fan-in,0.8,1,gather-scatter,0.6,1,fan-in,0.8,1,gather-scatter,0.8,1,fan-in,0.8
amlc_03196,HI-Small,0,legit,469.33800841514727,0.0005010197222284,0,fan-out,0.00043219057,0,fan-out,0.0064328266,0,fan-out,0.0024553456418699,0,fan-out,0,,0.5,0,,0.5,0,stack,0.7,1,gather-scatter,0.6,1,fan-out,0.8,0,,0.7,0,,0.5
amlc_03197,HI-Small,1,legit,1.0,0.2020739625503757,0,fan-in,0.04627277,0,fan-in,0.11232271,0,fan-in,0.1202231475250634,0,fan-in,1,fan-out,0.6,0,,0.5,1,scatter-gather,0.8,1,gather-scatter,0.6,1,scatter-gather,0.8,1,fan-out,0.8,1,scatter-gather,0.8
amlc_03198,HI-Small,0,legit,483.5610098176718,6.31938289331119e-05,0,stack,4.5328627e-05,0,stack,0.027589848,0,stack,0.0092327902401895,0,stack,1,fan-out,0.6,1,fan-out,0.6,1,fan-out,0.8,1,gather-scatter,0.6,1,fan-out,0.8,1,fan-out,0.8,0,,0.5
amlc_03199,HI-Small,1,legit,1.0,0.0510402534518136,0,fan-in,0.07482822,0,fan-in,0.51775104,0,fan-in,0.2145398379734322,0,fan-in,1,fan-in,0.6,1,random,0.8,1,random,0.8,1,gather-scatter,0.6,1,fan-in,0.8,1,fan-in,0.8,1,fan-in,0.8
amlc_03200,HI-Small,0,legit,469.33800841514727,1.3428655522849477e-05,0,fan-in,5.5862483e-06,0,fan-in,0.009576981,0,fan-in,0.0031986652865855,0,fan-in,1,cycle,0.8,1,gather-scatter,0.6,1,scatter-gather,0.8,1,gather-scatter,0.6,1,gather-scatter,0.8,1,gather-scatter,0.8,1,scatter-gather,0.8
amlc_03201,HI-Small,1,fan-in,1.0,0.9016184007658304,1,fan-in,0.91102093,1,fan-in,0.9921157,1,fan-in,0.9349183372502108,1,fan-in,1,fan-out,0.6,1,gather-scatter,0.6,1,random,0.8,1,gather-scatter,0.6,1,fan-in,0.8,1,gather-scatter,0.8,0,,0.5
amlc_03202,HI-Small,1,fan-in,1.0,0.8866884252431533,1,fan-in,0.9345872,1,fan-in,0.9918543,1,fan-in,0.9377099719644434,1,fan-in,1,fan-out,0.8,1,gather-scatter,0.6,1,fan-out,0.8,1,gather-scatter,0.6,1,gather-scatter,0.8,1,gather-scatter,0.8,1,gather-scatter,0.8
amlc_03203,HI-Small,1,fan-in,1.0,0.9616856085804232,1,fan-in,0.9969503,1,fan-in,0.99663365,1,fan-in,0.9850898619342888,1,fan-in,1,fan-out,0.6,1,gather-scatter,0.8,1,gather-scatter,0.8,1,gather-scatter,0.8,1,gather-scatter,0.8,1,gather-scatter,0.8,1,gather-scatter,0.8
amlc_03204,HI-Small,1,fan-in,1.0,0.9660428372448776,1,fan-in,0.99626255,1,fan-in,0.9781402,1,fan-in,0.9801485209804804,1,fan-in,1,fan-out,0.6,1,fan-out,0.6,1,fan-out,0.6,1,gather-scatter,0.8,1,fan-out,0.8,1,fan-out,0.8,0,,0.5
amlc_03205,HI-Small,1,fan-in,1.0,0.960802390389444,1,fan-in,0.99374944,1,fan-in,0.99267846,1,fan-in,0.9824100978549328,1,fan-in,1,gather-scatter,0.6,1,gather-scatter,0.6,1,scatter-gather,0.8,1,gather-scatter,0.8,1,fan-out,0.8,1,gather-scatter,0.8,1,gather-scatter,0.8
amlc_03206,HI-Small,1,fan-in,1.0,0.9588552273107496,1,fan-in,0.99745524,1,fan-in,0.9909469,1,fan-in,0.982419118510118,1,fan-in,1,fan-out,0.8,1,fan-out,0.6,0,,0.7,1,gather-scatter,0.8,1,gather-scatter,0.8,1,gather-scatter,0.8,1,gather-scatter,0.8
amlc_03207,HI-Small,1,legit,1.0,0.0410240863932165,0,stack,0.034413025,0,stack,0.7180614,0,stack,0.2644994995717536,0,stack,1,fan-out,0.8,1,gather-scatter,0.8,1,fan-out,0.8,1,gather-scatter,0.8,1,scatter-gather,0.8,1,gather-scatter,0.8,1,scatter-gather,0.8
amlc_03208,HI-Small,0,legit,469.33800841514727,3.403905172802974e-05,0,bipartite,1.2518125e-05,0,stack,0.007836875,0,stack,0.0026278105837183,0,stack,1,scatter-gather,0.6,1,gather-scatter,0.6,1,fan-out,0.8,1,gather-scatter,0.8,1,gather-scatter,0.8,1,gather-scatter,0.8,1,gather-scatter,0.8
amlc_03209,HI-Small,1,legit,1.0,0.0430265152559278,0,fan-in,0.053076297,0,fan-in,0.16798641,0,fan-in,0.0880297400588988,0,fan-in,1,fan-out,0.6,1,fan-out,0.6,0,,0.7,1,fan-out,0.6,1,fan-out,0.8,1,fan-out,0.8,0,,0.5
amlc_03210,HI-Small,1,legit,1.0,0.0052675662266518,0,fan-in,0.016024929,0,fan-in,0.1705831,0,fan-in,0.0639585312978196,0,fan-in,1,random,0.8,1,fan-out,0.6,1,gather-scatter,0.8,1,gather-scatter,0.6,1,gather-scatter,0.8,1,gather-scatter,0.8,1,gather-scatter,0.8
amlc_03211,HI-Small,1,legit,1.0,0.0115494505166588,0,stack,0.036479093,0,stack,0.59569556,0,stack,0.2145746996203918,0,stack,1,gather-scatter,0.6,1,gather-scatter,0.6,1,fan-out,0.6,1,gather-scatter,0.8,1,gather-scatter,0.8,1,gather-scatter,0.8,1,gather-scatter,0.8
amlc_03212,HI-Small,0,legit,469.33800841514727,0.0037572575424108,0,fan-out,0.002689777,0,fan-out,0.053970616,0,bipartite,0.0201392169317932,0,fan-out,0,,0.5,0,,0.5,1,fan-out,0.6,1,gather-scatter,0.8,1,fan-out,0.8,1,fan-out,0.8,0,,0.5
amlc_03213,HI-Small,0,legit,483.5610098176718,0.007580583561695,0,fan-out,0.0016696684,0,fan-out,0.03165129,0,fan-out,0.0136338467307757,0,fan-out,0,,0.5,0,,0.5,1,fan-out,0.8,1,random,0.8,1,fan-out,0.8,0,,0.7,0,,0.5
amlc_03214,HI-Small,1,legit,1.0,0.0013549704986526,0,fan-out,0.00097245025,0,fan-out,0.1648466,0,fan-out,0.0557246732819482,0,fan-out,0,,0.5,0,,0.5,1,fan-out,0.8,1,cycle,0.8,1,fan-out,0.8,1,fan-out,0.8,0,,0.5
amlc_03215,HI-Small,0,legit,483.5610098176718,1.6102330531356404e-05,0,bipartite,1.7181266e-05,0,bipartite,0.025013924,0,bipartite,0.0083490690805936,0,bipartite,1,fan-out,0.8,1,gather-scatter,0.6,1,fan-out,0.8,1,gather-scatter,0.6,1,gather-scatter,0.8,1,gather-scatter,0.8,1,gather-scatter,0.8
amlc_03216,HI-Small,0,legit,483.5610098176718,7.228189061643205e-05,0,stack,1.2698368e-05,0,stack,0.013332899,0,stack,0.0044726263289735,0,stack,1,scatter-gather,0.6,1,scatter-gather,0.8,1,scatter-gather,0.6,1,gather-scatter,0.6,1,scatter-gather,0.8,1,fan-out,0.8,0,,0.5
amlc_03217,HI-Small,1,legit,1.0,0.0043032268817433,0,fan-in,0.002530544,0,fan-in,0.09307113,0,fan-in,0.0333016346150043,0,fan-in,1,fan-in,0.6,1,fan-in,0.6,1,fan-in,0.8,1,gather-scatter,0.6,1,fan-in,0.8,1,fan-in,0.8,1,fan-in,0.8
amlc_03218,HI-Small,0,legit,469.33800841514727,1.2682074885340413e-05,0,bipartite,3.91739e-06,0,stack,0.004970194,0,bipartite,0.0016622644351933,0,bipartite,1,random,0.8,0,,0.5,1,random,0.8,1,random,0.8,0,,0.7,1,fan-in,0.8,0,,0.7
amlc_03219,HI-Small,0,legit,469.33800841514727,0.0002098650975771,0,bipartite,0.00011330649,0,bipartite,0.13683462,0,bipartite,0.0457192643380192,0,bipartite,1,fan-out,0.6,1,fan-out,0.6,1,gather-scatter,0.8,1,gather-scatter,0.6,1,gather-scatter,0.8,1,gather-scatter,0.8,1,gather-scatter,0.8
amlc_03220,HI-Small,1,legit,1.0,0.0503187148600281,0,bipartite,0.14621225,0,bipartite,0.05408115,0,bipartite,0.0835373714178622,0,bipartite,1,fan-out,0.6,1,fan-out,0.6,1,scatter-gather,0.8,1,scatter-gather,0.8,1,fan-out,0.8,1,gather-scatter,0.8,1,gather-scatter,0.8
amlc_03221,HI-Small,0,legit,483.5610098176718,1.8750149476405088e-05,0,bipartite,1.1485516e-05,0,bipartite,0.021191219,0,bipartite,0.0070738181776723,0,bipartite,1,gather-scatter,0.6,1,fan-out,0.6,0,,0.7,1,gather-scatter,0.8,1,gather-scatter,0.8,1,gather-scatter,0.8,1,gather-scatter,0.8
amlc_03222,HI-Small,1,bipartite,1.0,0.0287870169634404,0,bipartite,0.021601627,0,bipartite,0.123584166,0,bipartite,0.0579909365940353,0,bipartite,1,gather-scatter,0.8,1,random,0.8,1,random,0.8,1,gather-scatter,0.6,1,gather-scatter,0.8,1,gather-scatter,0.8,1,gather-scatter,0.8
amlc_03223,HI-Small,1,bipartite,1.0,0.0204948122342971,0,bipartite,0.008922728,0,bipartite,0.26084262,0,bipartite,0.0967533871130992,0,bipartite,1,fan-out,0.8,1,random,0.8,1,fan-out,0.8,1,gather-scatter,0.8,1,gather-scatter,0.8,1,gather-scatter,0.8,1,gather-scatter,0.8
amlc_03224,HI-Small,1,bipartite,1.0,0.9373636377993346,1,bipartite,0.9840709,1,bipartite,0.5111362,0,bipartite,0.8108569030345519,1,bipartite,1,cycle,0.8,0,,0.5,1,random,0.8,1,bipartite,0.8,1,stack,0.8,1,stack,0.8,1,stack,0.8
amlc_03225,HI-Small,1,bipartite,1.0,0.9551453858493292,1,bipartite,0.9796446,1,bipartite,0.9673947,1,bipartite,0.9673948973377056,1,bipartite,1,fan-out,0.6,1,fan-out,0.6,1,fan-out,0.8,1,gather-scatter,0.6,1,fan-out,0.8,0,,0.7,0,,0.5
amlc_03226,HI-Small,1,bipartite,1.0,0.0304007553498967,0,bipartite,0.017424371,0,bipartite,0.48638597,0,bipartite,0.1780703659170542,0,bipartite,1,gather-scatter,0.8,1,gather-scatter,0.6,1,fan-out,0.8,1,gather-scatter,0.8,1,fan-out,0.8,1,gather-scatter,0.8,1,gather-scatter,0.8
amlc_03227,HI-Small,1,bipartite,1.0,0.8845827864414411,1,bipartite,0.960501,1,bipartite,0.9515146,1,bipartite,0.932199467778403,1,bipartite,1,gather-scatter,0.6,1,scatter-gather,0.6,1,gather-scatter,0.8,1,gather-scatter,0.6,1,fan-in,0.8,1,cycle,0.8,1,gather-scatter,0.8
amlc_03228,HI-Small,1,bipartite,1.0,0.9610710158785872,1,bipartite,0.99319494,1,bipartite,0.99321043,1,bipartite,0.9824921294994052,1,bipartite,1,fan-in,0.8,1,fan-out,0.6,1,gather-scatter,0.8,1,gather-scatter,0.8,1,gather-scatter,0.8,1,gather-scatter,0.8,1,gather-scatter,0.8
amlc_03229,HI-Small,1,bipartite,1.0,0.0304090097755186,0,bipartite,0.025507918,0,bipartite,0.45454937,0,bipartite,0.1701554331998027,0,bipartite,1,gather-scatter,0.6,1,fan-out,0.6,1,random,0.8,1,gather-scatter,0.6,1,gather-scatter,0.8,1,gather-scatter,0.8,1,gather-scatter,0.8
amlc_03230,HI-Small,1,bipartite,1.0,0.8983794449437008,1,bipartite,0.8818858,1,bipartite,0.717847,0,bipartite,0.8327040870543435,1,bipartite,1,fan-in,0.6,1,scatter-gather,0.6,1,scatter-gather,0.6,1,gather-scatter,0.8,1,gather-scatter,0.8,1,gather-scatter,0.8,1,gather-scatter,0.8
amlc_03231,HI-Small,1,legit,1.0,0.0188258632009316,0,fan-in,0.023873644,0,fan-in,0.14624809,0,fan-in,0.0629825314791695,0,fan-in,1,fan-in,0.6,1,fan-in,0.6,1,fan-in,0.8,1,fan-in,0.6,1,fan-in,0.8,1,fan-in,0.8,1,fan-in,0.8
amlc_03232,HI-Small,0,legit,469.33800841514727,8.941187547832229e-05,0,bipartite,2.760441e-05,0,stack,0.061781883,0,bipartite,0.0206329665084769,0,bipartite,1,gather-scatter,0.8,1,fan-out,0.6,1,scatter-gather,0.8,1,gather-scatter,0.8,1,gather-scatter,0.8,1,gather-scatter,0.8,1,fan-out,0.8
amlc_03233,HI-Small,0,legit,483.5610098176718,0.0002687039785811,0,bipartite,0.00015246631,0,bipartite,0.030133614,0,bipartite,0.0101849282015123,0,bipartite,1,fan-out,0.8,1,gather-scatter,0.6,1,fan-out,0.6,1,gather-scatter,0.8,1,fan-out,0.8,1,gather-scatter,0.8,0,,0.5
amlc_03234,HI-Small,0,legit,483.5610098176718,1.3990058138009431e-05,0,stack,9.842328e-06,0,stack,0.01215548,0,stack,0.0040597707125307,0,stack,1,stack,0.8,0,,0.5,1,fan-out,0.8,1,gather-scatter,0.6,1,gather-scatter,0.8,1,stack,0.8,1,gather-scatter,0.8
amlc_03235,HI-Small,0,legit,469.33800841514727,3.1978200576336306e-05,0,bipartite,1.3922468e-05,0,stack,0.004320126,0,bipartite,0.0014553422316776,0,bipartite,1,cycle,0.8,1,gather-scatter,0.8,1,scatter-gather,0.6,1,gather-scatter,0.6,1,gather-scatter,0.8,1,gather-scatter,0.8,1,gather-scatter,0.8
amlc_03236,HI-Small,0,legit,483.5610098176718,1.54079855516571e-05,0,bipartite,1.14084705e-05,0,bipartite,0.015987212,0,bipartite,0.0053380094314812,0,bipartite,1,fan-out,0.8,1,gather-scatter,0.8,1,fan-out,0.8,1,gather-scatter,0.6,1,scatter-gather,0.8,1,gather-scatter,0.8,1,gather-scatter,0.8
amlc_03237,HI-Small,0,legit,469.33800841514727,7.653527833891359e-05,0,stack,6.0307582e-05,0,scatter-gather,0.0036754434,0,stack,0.0012707620712622,0,stack,1,fan-out,0.6,1,gather-scatter,0.6,1,scatter-gather,0.8,1,gather-scatter,0.8,1,gather-scatter,0.8,1,gather-scatter,0.8,1,gather-scatter,0.8
amlc_03238,HI-Small,0,legit,469.33800841514727,3.111811271416039e-05,0,stack,8.757426e-06,0,stack,0.004411065,0,stack,0.0014836468528797,0,stack,1,fan-out,0.6,1,scatter-gather,0.6,1,scatter-gather,0.8,1,gather-scatter,0.8,1,gather-scatter,0.8,1,gather-scatter,0.8,1,gather-scatter,0.8
amlc_03239,HI-Small,0,legit,469.33800841514727,0.017522624397905,0,fan-in,0.022340905,0,fan-in,0.40652746,0,fan-in,0.1487969963135425,0,fan-in,1,gather-scatter,0.6,1,gather-scatter,0.6,1,scatter-gather,0.6,1,gather-scatter,0.6,1,gather-scatter,0.8,1,gather-scatter,0.8,1,gather-scatter,0.8
amlc_03240,HI-Small,0,legit,469.33800841514727,9.747716530423725e-05,0,stack,2.9368714e-05,0,stack,0.075275965,0,scatter-gather,0.0251342703045928,0,stack,1,gather-scatter,0.8,1,gather-scatter,0.6,1,gather-scatter,0.8,1,gather-scatter,0.8,1,gather-scatter,0.8,1,gather-scatter,0.8,1,gather-scatter,0.8
amlc_03241,HI-Small,0,legit,483.5610098176718,1.942614272129461e-05,0,bipartite,1.1181717e-05,0,bipartite,0.012800003,0,bipartite,0.0042768704205945,0,bipartite,1,fan-out,0.6,1,scatter-gather,0.8,1,random,0.8,1,bipartite,0.8,1,gather-scatter,0.8,1,gather-scatter,0.8,1,gather-scatter,0.8
amlc_03242,HI-Small,0,legit,483.5610098176718,6.744119109981534e-05,0,bipartite,1.3278388e-05,0,bipartite,0.033618398,0,stack,0.0112330391966089,0,bipartite,1,fan-out,0.6,1,fan-out,0.6,1,fan-out,0.6,1,bipartite,0.8,1,fan-out,0.8,0,,0.7,0,,0.5
amlc_03243,HI-Small,1,legit,1.0,0.0004937302207757,0,fan-out,0.0010091278,0,fan-out,0.12516923,0,fan-out,0.0422240301773634,0,fan-out,0,,0.5,0,,0.5,1,fan-out,0.8,1,gather-scatter,0.8,1,fan-out,0.8,0,,0.7,0,,0.5
amlc_03244,HI-Small,0,legit,469.33800841514727,0.0024990089296719,0,fan-in,0.0015765338,0,fan-in,0.0954196,0,fan-in,0.0331650477698501,0,fan-in,1,fan-in,0.6,1,gather-scatter,0.6,1,fan-in,0.8,1,gather-scatter,0.8,1,fan-in,0.8,1,scatter-gather,0.8,1,fan-in,0.8
amlc_03245,HI-Small,0,legit,483.5610098176718,3.664529152011032e-05,0,stack,1.6700938e-05,0,bipartite,0.034626164,0,stack,0.0115598365907406,0,stack,1,fan-out,0.6,1,gather-scatter,0.6,1,fan-out,0.8,1,cycle,0.8,1,fan-out,0.8,1,gather-scatter,0.8,1,gather-scatter,0.8
amlc_03246,HI-Small,1,fan-in,1.0,0.1039636235197044,0,fan-in,0.20421365,0,fan-in,0.9670092,1,fan-in,0.4250621530996315,0,fan-in,1,gather-scatter,0.6,1,gather-scatter,0.6,1,bipartite,0.8,1,gather-scatter,0.8,1,fan-in,0.8,1,scatter-gather,0.8,1,fan-in,0.8
amlc_03247,HI-Small,1,fan-in,1.0,0.9764764677725308,1,fan-in,0.9976471,1,fan-in,0.992826,1,fan-in,0.9889831864582854,1,fan-in,1,gather-scatter,0.8,1,fan-in,0.6,1,fan-in,0.6,1,gather-scatter,0.6,1,fan-in,0.8,1,random,0.8,1,fan-in,0.8
amlc_03248,HI-Small,1,fan-in,1.0,0.1713844856210996,0,fan-in,0.241842,0,fan-in,0.9635459,1,fan-in,0.4589241352541065,0,fan-in,1,fan-out,0.6,1,fan-out,0.6,1,fan-out,0.6,1,gather-scatter,0.8,1,fan-out,0.8,1,fan-out,0.8,0,,0.5
amlc_03249,HI-Small,1,fan-in,1.0,0.9761889789620616,1,fan-in,0.99831474,1,fan-in,0.99740744,1,fan-in,0.9906370512021772,1,fan-in,1,gather-scatter,0.6,1,fan-out,0.8,1,scatter-gather,0.8,1,scatter-gather,0.6,1,fan-in,0.8,1,fan-in,0.8,1,scatter-gather,0.8
amlc_03250,HI-Small,1,fan-in,1.0,0.9705364936996368,1,fan-in,0.99846774,1,fan-in,0.99869025,1,fan-in,0.9892314948773672,1,fan-in,1,fan-in,0.6,0,,0.5,1,fan-in,0.6,1,gather-scatter,0.6,1,fan-in,0.8,1,fan-in,0.8,1,fan-in,0.8
amlc_03251,HI-Small,1,fan-in,1.0,0.938121840484334,1,fan-in,0.99058974,1,fan-in,0.9927518,1,fan-in,0.9738211185161912,1,fan-in,1,fan-in,0.6,0,stack,0.7,1,gather-scatter,0.8,1,gather-scatter,0.8,1,fan-in,0.8,1,gather-scatter,0.8,1,fan-in,0.8
amlc_03252,HI-Small,1,fan-in,1.0,0.2660616580415177,0,fan-in,0.42009106,0,fan-in,0.97919255,1,fan-in,0.5551150919254756,0,fan-in,1,fan-out,0.6,1,gather-scatter,0.6,1,scatter-gather,0.6,1,gather-scatter,0.8,1,gather-scatter,0.8,1,gather-scatter,0.8,1,gather-scatter,0.8
amlc_03253,HI-Small,1,fan-in,1.0,0.9736628693403504,1,fan-in,0.99849164,1,fan-in,0.9995934,1,fan-in,0.9905826304376688,1,fan-in,1,fan-in,0.6,0,,0.7,1,fan-in,0.8,1,gather-scatter,0.8,1,fan-in,0.8,1,gather-scatter,0.8,1,fan-in,0.8
amlc_03254,HI-Small,1,fan-in,1.0,0.9164745998008051,1,fan-in,0.96171474,1,fan-in,0.9970012,1,fan-in,0.9583968384935788,1,fan-in,1,fan-out,0.8,1,gather-scatter,0.8,1,gather-scatter,0.8,1,gather-scatter,0.6,1,scatter-gather,0.8,1,gather-scatter,0.8,1,gather-scatter,0.8
amlc_03255,HI-Small,1,fan-in,1.0,0.1842720710148312,0,fan-in,0.15789321,0,fan-in,0.9627986,1,fan-in,0.4349879590309295,0,fan-in,1,scatter-gather,0.8,1,gather-scatter,0.8,1,fan-in,0.6,1,gather-scatter,0.8,1,scatter-gather,0.8,1,gather-scatter,0.8,1,gather-scatter,0.8
amlc_03256,HI-Small,1,fan-in,1.0,0.3004190008792979,0,fan-in,0.32481378,0,fan-in,0.9479257,1,fan-in,0.5243861569614444,0,fan-in,1,fan-out,0.6,1,scatter-gather,0.8,1,fan-out,0.8,1,gather-scatter,0.8,1,scatter-gather,0.8,1,gather-scatter,0.8,1,scatter-gather,0.8
amlc_03257,HI-Small,1,fan-in,1.0,0.9597956731653658,1,fan-in,0.9972137,1,fan-in,0.98957235,1,fan-in,0.9821939135503918,1,fan-in,1,fan-out,0.6,1,scatter-gather,0.6,0,,0.7,1,gather-scatter,0.6,1,scatter-gather,0.8,1,fan-in,0.8,1,fan-in,0.8
amlc_03258,HI-Small,1,fan-in,1.0,0.1279892298796029,0,fan-in,0.10889038,0,fan-in,0.82976663,1,fan-in,0.3555487459970265,0,fan-in,1,fan-out,0.8,0,,0.5,1,random,0.8,1,gather-scatter,0.6,1,fan-in,0.8,1,fan-in,0.8,1,gather-scatter,0.8
amlc_03259,HI-Small,0,legit,483.5610098176718,6.600897461513652e-05,0,bipartite,2.590565e-05,0,stack,0.013686267,0,stack,0.0045927271176354,0,stack,1,gather-scatter,0.6,1,gather-scatter,0.6,1,random,0.8,1,bipartite,0.8,1,bipartite,0.8,1,gather-scatter,0.8,1,gather-scatter,0.8
amlc_03260,HI-Small,0,legit,1.0,0.7296099028392656,0,stack,0.3797637,0,stack,0.4647068,0,stack,0.5246934679284369,0,stack,0,,0.5,0,,0.5,0,,0.7,0,,0.7,1,fan-out,0.8,0,,0.7,0,,0.5
amlc_03261,HI-Small,0,legit,469.33800841514727,5.077832053790237e-05,0,bipartite,1.4912798e-05,0,stack,0.010473374,0,stack,0.0035130217986899,0,stack,1,random,0.8,1,gather-scatter,0.8,1,random,0.8,1,gather-scatter,0.8,1,fan-out,0.8,0,,0.7,0,,0.5
amlc_03262,HI-Small,0,legit,469.33800841514727,1.2870524035453278e-05,0,bipartite,8.439701e-06,0,fan-in,0.011955424,0,bipartite,0.0039922448122017,0,bipartite,1,gather-scatter,0.6,1,fan-out,0.6,1,scatter-gather,0.8,1,gather-scatter,0.6,1,gather-scatter,0.8,1,gather-scatter,0.8,0,,0.5
amlc_03263,HI-Small,0,legit,469.33800841514727,0.0001101665711732,0,random,4.363464e-05,0,scatter-gather,0.0034317083,0,scatter-gather,0.0011951698440186,0,scatter-gather,1,gather-scatter,0.6,1,gather-scatter,0.6,1,random,0.8,1,gather-scatter,0.8,1,gather-scatter,0.8,1,gather-scatter,0.8,1,gather-scatter,0.8
amlc_03264,HI-Small,0,legit,469.33800841514727,0.0004776166383692,0,bipartite,0.00027703473,0,bipartite,0.04397384,0,bipartite,0.0149094973820278,0,bipartite,1,fan-out,0.6,1,fan-out,0.6,1,fan-out,0.8,1,gather-scatter,0.8,1,fan-out,0.8,1,fan-out,0.8,0,,0.5
amlc_03265,HI-Small,0,legit,469.33800841514727,1.4631299770150097e-05,0,bipartite,1.0015032e-05,0,stack,0.0060959207,0,stack,0.0020401890070166,0,stack,1,fan-in,0.6,1,fan-in,0.8,1,fan-in,0.6,1,,0.6,1,fan-in,0.8,1,fan-in,0.8,1,fan-in,0.8
amlc_03266,HI-Small,1,legit,1.0,0.0004358763556361,0,fan-out,0.00022866638,0,fan-out,0.009349222,0,fan-out,0.0033379216769676,0,fan-out,1,fan-out,0.6,1,gather-scatter,0.6,0,,0.7,1,gather-scatter,0.6,1,fan-out,0.8,1,fan-out,0.8,0,,0.5
amlc_03267,HI-Small,1,legit,1.0,0.0607023482149697,0,stack,0.033278547,0,stack,0.08778943,0,stack,0.0605901088855616,0,stack,1,fan-in,0.6,0,,0.5,1,bipartite,0.8,1,gather-scatter,0.6,1,gather-scatter,0.8,1,gather-scatter,0.8,1,gather-scatter,0.8
amlc_03268,HI-Small,0,legit,469.33800841514727,1.2585569143890422e-05,0,bipartite,2.9082723e-06,0,fan-in,0.003695155,0,stack,0.0012368829565778,0,fan-in,1,fan-in,0.8,0,,0.5,1,fan-in,0.6,1,random,0.8,1,fan-in,0.8,1,fan-in,0.8,1,random,0.8
amlc_03269,HI-Small,1,legit,1.0,0.0660007494247398,0,bipartite,0.1954962,0,bipartite,0.43781477,0,bipartite,0.2331039076896655,0,bipartite,1,fan-out,0.6,1,fan-out,0.6,1,fan-out,0.8,1,gather-scatter,0.6,1,fan-out,0.8,1,gather-scatter,0.8,1,fan-out,0.8
amlc_03270,HI-Small,0,legit,469.33800841514727,8.152515039759222e-05,0,stack,5.417558e-05,0,stack,0.0108448025,0,stack,0.0036601677380586,0,stack,1,fan-out,0.6,1,fan-out,0.6,0,,0.7,1,gather-scatter,0.8,1,fan-out,0.8,1,fan-out,0.8,0,,0.5
amlc_03271,HI-Small,0,legit,469.33800841514727,0.0005980727135503,0,fan-out,0.00074409536,0,fan-out,0.007085672,0,fan-out,0.0028092800635944,0,fan-out,0,,0.5,0,,0.5,1,fan-out,0.8,1,random,0.8,1,fan-out,0.8,0,,0.7,0,,0.5
amlc_03272,HI-Small,0,legit,483.5610098176718,0.0004141015294962,0,stack,4.5349247e-05,0,stack,0.01427383,0,stack,0.004911093511437,0,stack,1,fan-out,0.6,1,fan-out,0.6,1,fan-out,0.8,1,gather-scatter,0.8,1,scatter-gather,0.8,1,scatter-gather,0.8,0,,0.5
amlc_03273,HI-Small,0,legit,483.5610098176718,3.1935645366951325e-05,0,bipartite,1.28744405e-05,0,stack,0.015084577,0,stack,0.0050431289596179,0,stack,1,fan-out,0.8,1,scatter-gather,0.6,1,fan-out,0.6,1,gather-scatter,0.8,1,random,0.8,1,gather-scatter,0.8,1,scatter-gather,0.8
amlc_03274,HI-Small,0,legit,483.5610098176718,4.29471240828418e-05,0,bipartite,1.11271665e-05,0,stack,0.02035227,0,bipartite,0.0068021149149319,0,bipartite,1,fan-out,0.6,1,fan-out,0.6,1,fan-out,0.8,1,gather-scatter,0.8,1,fan-out,0.8,1,fan-out,0.8,0,,0.5
amlc_03275,HI-Small,1,legit,1.0,0.0449331698119089,0,bipartite,0.04554274,0,bipartite,0.35117346,0,bipartite,0.1472164565423941,0,bipartite,1,fan-out,0.6,1,gather-scatter,0.6,1,gather-scatter,0.8,1,gather-scatter,0.8,1,gather-scatter,0.8,1,gather-scatter,0.8,1,gather-scatter,0.8
amlc_03276,HI-Small,0,legit,469.33800841514727,0.0027437582688134,0,fan-in,0.0047888635,0,fan-in,0.19953099,0,fan-in,0.0690212035577032,0,fan-in,1,fan-in,0.6,0,,0.5,1,fan-in,0.8,1,gather-scatter,0.6,1,fan-in,0.8,1,fan-in,0.8,1,fan-in,0.8
amlc_03277,HI-Small,1,legit,1.0,0.0118946080035763,0,gather-scatter,0.010451148,0,fan-in,0.03447154,0,fan-in,0.0189390993036097,0,fan-in,1,fan-in,0.6,1,fan-in,0.6,1,fan-in,0.8,1,fan-in,0.6,1,fan-in,0.8,1,fan-in,0.8,1,fan-in,0.8
amlc_03278,HI-Small,0,legit,483.5610098176718,2.4376548629204348e-05,0,bipartite,1.739263e-05,0,bipartite,0.021070208,0,bipartite,0.007037325859426,0,bipartite,1,fan-out,0.6,1,fan-out,0.6,1,fan-out,0.6,1,gather-scatter,0.6,1,fan-out,0.8,0,,0.7,0,,0.5
amlc_03279,HI-Small,0,legit,469.33800841514727,0.000789842657974,0,fan-out,0.00086429017,0,fan-out,0.06459154,0,fan-out,0.0220818915703166,0,fan-out,0,,0.5,0,,0.5,1,fan-out,0.8,1,random,0.8,1,fan-out,0.8,1,fan-out,0.8,0,,0.5
amlc_03280,HI-Small,1,legit,1.0,0.0200599227311001,0,bipartite,0.043561466,0,bipartite,0.0777631,0,bipartite,0.0471281639059976,0,bipartite,1,gather-scatter,0.8,1,gather-scatter,0.6,1,fan-out,0.8,1,fan-out,0.8,1,fan-out,0.8,1,gather-scatter,0.8,1,fan-out,0.8
amlc_03281,HI-Small,0,legit,469.33800841514727,1.4868492738220223e-05,0,random,9.814403e-06,0,bipartite,0.0028800627,0,random,0.0009682485235477,0,random,1,fan-out,0.6,1,fan-out,0.6,1,fan-out,0.8,1,gather-scatter,0.8,1,fan-out,0.8,0,,0.7,0,,0.5
amlc_03282,HI-Small,1,legit,1.0,0.0198374393762373,0,fan-in,0.0076973783,0,fan-in,0.8122069,1,fan-in,0.2799139138743686,0,fan-in,1,scatter-gather,0.8,1,fan-out,0.6,1,fan-in,0.8,1,gather-scatter,0.8,1,gather-scatter,0.8,1,gather-scatter,0.8,1,gather-scatter,0.8
amlc_03283,HI-Small,1,legit,1.0,0.003602304562671,0,bipartite,0.007177523,0,bipartite,0.08506391,0,bipartite,0.0319479131362481,0,bipartite,1,fan-out,0.8,0,,0.7,0,,0.7,1,gather-scatter,0.6,1,stack,0.8,1,gather-scatter,0.8,1,gather-scatter,0.8
amlc_03284,HI-Small,0,legit,469.33800841514727,0.0001243444957208,0,bipartite,0.000113976675,0,bipartite,0.06521226,0,bipartite,0.0218168594592179,0,bipartite,1,fan-out,0.6,1,scatter-gather,0.6,1,scatter-gather,0.8,1,gather-scatter,0.8,1,scatter-gather,0.8,1,fan-out,0.8,0,,0.5
amlc_03285,HI-Small,0,legit,483.5610098176718,5.8520918440560064e-05,0,stack,2.0688578e-05,0,bipartite,0.023627834,0,stack,0.0079023479636493,0,stack,1,fan-out,0.6,1,scatter-gather,0.6,1,random,0.8,1,gather-scatter,0.6,1,scatter-gather,0.8,0,,0.7,0,,0.5
amlc_03286,HI-Small,0,legit,469.33800841514727,8.489523040572223e-05,0,stack,3.1828542e-05,0,stack,0.008755242,0,stack,0.002957322074803,0,stack,1,fan-out,0.8,1,fan-out,0.8,1,scatter-gather,0.8,1,gather-scatter,0.6,1,scatter-gather,0.8,1,gather-scatter,0.8,0,,0.5
amlc_03287,HI-Small,0,legit,469.33800841514727,2.8864324565412625e-05,0,bipartite,1.33359335e-05,0,bipartite,0.0110187745,0,bipartite,0.0036869915767624,0,bipartite,1,gather-scatter,0.6,1,gather-scatter,0.6,1,random,0.8,1,gather-scatter,0.6,1,gather-scatter,0.8,1,gather-scatter,0.8,1,gather-scatter,0.8
amlc_03288,HI-Small,1,cycle,1.0,0.9773473869205356,1,cycle,0.941747,1,cycle,0.9869269,1,cycle,0.96867376997871,1,cycle,1,scatter-gather,0.6,1,random,0.8,1,scatter-gather,0.8,1,gather-scatter,0.6,1,fan-out,0.8,1,gather-scatter,0.8,1,gather-scatter,0.8
amlc_03289,HI-Small,1,cycle,1.0,0.9760505338407702,1,cycle,0.9914115,1,cycle,0.9709638,1,cycle,0.9794752723606808,1,cycle,1,gather-scatter,0.6,1,fan-out,0.8,1,gather-scatter,0.6,1,scatter-gather,0.8,1,gather-scatter,0.8,1,stack,0.8,1,gather-scatter,0.8
amlc_03290,HI-Small,1,cycle,1.0,0.982827639165042,1,cycle,0.98743075,1,cycle,0.8602656,1,cycle,0.9435080010303252,1,cycle,1,gather-scatter,0.6,1,fan-out,0.6,1,fan-out,0.8,1,gather-scatter,0.8,1,fan-out,0.8,1,gather-scatter,0.8,1,scatter-gather,0.8
amlc_03291,HI-Small,1,cycle,1.0,0.9859105293640656,1,cycle,0.99865705,1,cycle,0.9830807,1,cycle,0.9892160874171112,1,cycle,1,scatter-gather,0.6,1,gather-scatter,0.8,1,fan-out,0.8,1,gather-scatter,0.8,1,gather-scatter,0.8,1,gather-scatter,0.8,1,gather-scatter,0.8
amlc_03292,HI-Small,1,cycle,1.0,0.9914639600390832,1,random,0.9976057,1,cycle,0.99854296,1,cycle,0.9958708686389738,1,cycle,1,gather-scatter,0.8,1,scatter-gather,0.6,1,gather-scatter,0.8,1,gather-scatter,0.6,1,gather-scatter,0.8,1,gather-scatter,0.8,1,gather-scatter,0.8
amlc_03293,HI-Small,1,cycle,1.0,0.986236337395154,1,cycle,0.9983554,1,cycle,0.9910058,1,cycle,0.9918658347830648,1,cycle,1,fan-out,0.6,0,,0.5,1,fan-out,0.8,1,gather-scatter,0.6,1,fan-out,0.8,1,fan-out,0.8,1,fan-out,0.8
amlc_03294,HI-Small,1,cycle,1.0,0.9822696809811589,1,cycle,0.9919036,1,cycle,0.8230696,1,cycle,0.9324142855022748,1,cycle,1,fan-out,0.6,1,gather-scatter,0.6,1,fan-out,0.6,1,gather-scatter,0.6,1,scatter-gather,0.8,1,random,0.8,1,gather-scatter,0.8
amlc_03295,HI-Small,1,cycle,1.0,0.9797506363611176,1,cycle,0.9499134,1,cycle,0.90581113,1,cycle,0.945158383297283,1,cycle,1,fan-out,0.6,1,gather-scatter,0.8,1,fan-out,0.8,1,cycle,0.8,1,fan-out,0.8,0,,0.7,0,,0.5
amlc_03296,HI-Small,0,legit,469.33800841514727,1.45733289136433e-05,0,bipartite,4.4347325e-06,0,stack,0.005800844,0,bipartite,0.0019399507438708,0,bipartite,1,gather-scatter,0.6,1,fan-out,0.6,1,random,0.8,1,gather-scatter,0.8,1,gather-scatter,0.8,1,gather-scatter,0.8,1,gather-scatter,0.8
amlc_03297,HI-Small,0,legit,1.0,0.1638993592269726,0,bipartite,0.28761595,0,bipartite,0.81811285,1,bipartite,0.4232093880973759,0,bipartite,1,fan-out,0.8,1,gather-scatter,0.6,0,,0.7,1,gather-scatter,0.8,1,fan-out,0.8,0,,0.7,1,fan-out,0.8
amlc_03298,HI-Small,0,legit,483.5610098176718,0.0001648343384334,0,stack,6.7665416e-05,0,scatter-gather,0.024556657,0,scatter-gather,0.0082630523513715,0,scatter-gather,1,fan-out,0.6,1,gather-scatter,0.8,0,,0.7,1,gather-scatter,0.8,1,scatter-gather,0.8,1,gather-scatter,0.8,0,,0.5
amlc_03299,HI-Small,0,legit,469.33800841514727,0.0011583772188836,0,fan-out,0.00091934315,0,fan-out,0.059470337,0,fan-out,0.0205160190833683,0,fan-out,0,,0.5,0,,0.5,1,scatter-gather,0.8,1,fan-out,0.8,1,fan-out,0.8,1,fan-out,0.8,0,,0.5
amlc_03300,HI-Small,1,legit,1.0,0.0059883566603719,0,fan-in,0.01332481,0,fan-in,0.28698975,0,fan-in,0.1021009717767655,0,fan-in,1,fan-out,0.8,1,fan-out,0.8,1,scatter-gather,0.8,1,gather-scatter,0.6,1,gather-scatter,0.8,1,gather-scatter,0.8,1,gather-scatter,0.8
amlc_03301,HI-Small,1,legit,1.0,0.0057052493228231,0,bipartite,0.0069496846,0,bipartite,0.2359364,0,bipartite,0.0828637790600033,0,bipartite,1,fan-out,0.6,1,fan-out,0.6,1,fan-out,0.6,1,fan-out,0.6,1,fan-out,0.8,1,fan-out,0.8,1,fan-out,0.8
amlc_03302,HI-Small,0,legit,469.33800841514727,2.833871201272081e-05,0,random,9.107602e-06,0,fan-in,0.0054281224,0,bipartite,0.0018218562234245,0,fan-in,1,fan-out,0.6,1,gather-scatter,0.8,1,fan-out,0.8,1,gather-scatter,0.8,1,fan-out,0.8,1,gather-scatter,0.8,1,scatter-gather,0.8
amlc_03303,HI-Small,0,legit,469.33800841514727,3.38866749397071e-05,0,stack,1.0708607e-05,0,stack,0.008823913,0,stack,0.00295616929092,0,stack,1,gather-scatter,0.6,1,gather-scatter,0.6,0,,0.7,1,random,0.8,1,fan-out,0.8,1,random,0.8,0,,0.5
amlc_03304,HI-Small,0,legit,483.5610098176718,3.220207069892078e-05,0,bipartite,2.5284777e-05,0,stack,0.020620922,0,random,0.0068928028246991,0,stack,1,fan-out,0.8,1,fan-out,0.6,1,fan-out,0.8,1,gather-scatter,0.6,1,scatter-gather,0.8,0,,0.7,1,gather-scatter,0.8
amlc_03305,HI-Small,0,legit,469.33800841514727,3.403704888505011e-05,0,bipartite,1.1929595e-05,0,bipartite,0.054987572,0,bipartite,0.0183445129256822,0,bipartite,1,fan-out,0.8,1,gather-scatter,0.6,1,fan-out,0.8,1,gather-scatter,0.6,1,fan-out,0.8,1,fan-out,0.8,1,fan-out,0.8
amlc_03306,HI-Small,1,legit,1.0,0.0559861315704638,0,stack,0.023545668,0,stack,0.03509569,0,stack,0.0382091635934927,0,stack,1,fan-out,0.6,1,fan-out,0.6,1,fan-out,0.8,1,gather-scatter,0.8,1,fan-out,0.8,1,fan-out,0.8,0,,0.5
amlc_03307,HI-Small,1,legit,1.0,0.0011681922305182,0,fan-out,0.000626426,0,fan-out,0.00485415,0,fan-out,0.0022162561208255,0,fan-out,0,,0.5,0,,0.5,1,fan-out,0.8,1,bipartite,0.8,1,fan-out,0.8,1,fan-out,0.8,0,,0.5
amlc_03308,HI-Small,0,legit,469.33800841514727,3.090968346144379e-05,0,bipartite,1.053226e-05,0,bipartite,0.010316536,0,bipartite,0.0034526592578843,0,bipartite,1,fan-out,0.6,1,gather-scatter,0.6,1,fan-out,0.6,1,bipartite,0.8,1,gather-scatter,0.8,1,gather-scatter,0.8,1,gather-scatter,0.8
amlc_03309,HI-Small,0,legit,483.5610098176718,1.6660931529310292e-05,0,bipartite,6.2545428e-06,0,bipartite,0.03166933,0,bipartite,0.0105640817753877,0,bipartite,1,gather-scatter,0.8,1,gather-scatter,0.8,1,random,0.8,1,bipartite,0.8,1,gather-scatter,0.8,1,scatter-gather,0.8,1,gather-scatter,0.8
amlc_03310,HI-Small,0,legit,1.0,0.7926396495172628,0,stack,0.73696136,0,stack,0.872149,1,stack,0.80058333496482,1,stack,1,fan-out,0.6,1,gather-scatter,0.6,1,random,0.8,1,random,0.8,1,fan-out,0.8,1,fan-out,0.8,0,,0.5
amlc_03311,HI-Small,0,legit,483.5610098176718,9.8263407292301e-05,0,bipartite,3.4843866e-05,0,bipartite,0.02145775,0,stack,0.0071969525412298,0,bipartite,1,fan-out,0.8,1,gather-scatter,0.6,1,bipartite,0.8,1,gather-scatter,0.6,1,gather-scatter,0.8,1,stack,0.8,1,gather-scatter,0.8
amlc_03312,HI-Small,1,legit,1.0,0.0076110416091964,0,fan-in,0.008834859,0,fan-in,0.13181393,0,fan-in,0.0494199431501324,0,fan-in,1,fan-in,0.6,1,scatter-gather,0.8,1,fan-in,0.6,1,gather-scatter,0.6,1,fan-in,0.8,1,fan-in,0.8,1,scatter-gather,0.8
amlc_03313,HI-Small,0,legit,469.33800841514727,1.51570862059975e-05,0,random,8.225741e-06,0,fan-in,0.004909171,0,bipartite,0.0016441845396083,0,fan-in,1,scatter-gather,0.6,1,gather-scatter,0.6,1,scatter-gather,0.8,1,gather-scatter,0.8,1,gather-scatter,0.8,1,gather-scatter,0.8,1,gather-scatter,0.8
amlc_03314,HI-Small,0,legit,483.5610098176718,1.523305189931738e-05,0,bipartite,7.303449e-06,0,bipartite,0.03751932,0,bipartite,0.0125139524488045,0,bipartite,1,fan-out,0.6,1,scatter-gather,0.6,0,,0.7,1,gather-scatter,0.6,1,gather-scatter,0.8,1,gather-scatter,0.8,1,gather-scatter,0.8
amlc_03315,HI-Small,1,legit,1.0,0.0112389415955978,0,bipartite,0.033202823,0,bipartite,0.34042826,0,bipartite,0.1282900092653578,0,bipartite,1,gather-scatter,0.6,1,scatter-gather,0.6,0,,0.7,1,gather-scatter,0.8,1,scatter-gather,0.8,1,gather-scatter,0.8,1,gather-scatter,0.8
amlc_03316,HI-Small,0,legit,469.33800841514727,1.2391220576282647e-05,0,random,1.0335434e-05,0,fan-in,0.005641197,0,random,0.0018879745030383,0,random,1,gather-scatter,0.6,1,fan-out,0.6,1,gather-scatter,0.8,1,gather-scatter,0.8,1,gather-scatter,0.8,1,random,0.8,1,gather-scatter,0.8
amlc_03317,HI-Small,0,legit,483.5610098176718,3.2420374409829954e-05,0,stack,1.1420098e-05,0,stack,0.03633239,0,stack,0.0121254105584255,0,stack,1,fan-out,0.6,1,gather-scatter,0.6,0,,0.7,1,gather-scatter,0.8,1,scatter-gather,0.8,1,gather-scatter,0.8,0,,0.5
amlc_03318,HI-Small,0,legit,469.33800841514727,1.2428393512958042e-05,0,bipartite,6.733283e-06,0,fan-in,0.005531742,0,bipartite,0.0018503011494679,0,bipartite,1,gather-scatter,0.6,1,gather-scatter,0.6,1,fan-out,0.6,1,gather-scatter,0.6,1,gather-scatter,0.8,1,gather-scatter,0.8,1,gather-scatter,0.8
amlc_03319,HI-Small,0,legit,1.0,0.8211734284323388,1,fan-in,0.8929696,1,fan-in,0.9227444,1,fan-in,0.8789624766959725,1,fan-in,1,fan-out,0.6,1,gather-scatter,0.6,1,gather-scatter,0.8,1,gather-scatter,0.8,1,scatter-gather,0.8,0,,0.7,1,gather-scatter,0.8
amlc_03320,HI-Small,0,legit,1.0,0.7462327043079979,0,fan-in,0.60111654,0,fan-in,0.51175624,0,fan-in,0.6197018278924508,0,fan-in,1,fan-out,0.8,1,fan-out,0.8,1,fan-out,0.8,1,gather-scatter,0.8,1,scatter-gather,0.8,1,gather-scatter,0.8,0,,0.5
amlc_03321,HI-Small,0,legit,1.0,0.8480164464580344,1,fan-in,0.92344487,1,fan-in,0.57543993,0,fan-in,0.7823004145180956,0,fan-in,1,random,0.8,1,gather-scatter,0.6,0,,0.7,1,gather-scatter,0.6,1,fan-in,0.8,1,gather-scatter,0.8,1,gather-scatter,0.8
amlc_03322,HI-Small,0,legit,1.0,0.8780131593397501,1,fan-in,0.9147414,1,fan-in,0.9099067,1,fan-in,0.9008870805320224,1,fan-in,1,fan-in,0.8,1,fan-out,0.6,1,scatter-gather,0.6,1,gather-scatter,0.8,1,scatter-gather,0.8,1,gather-scatter,0.8,0,,0.5
amlc_03323,HI-Small,0,legit,1.0,0.9094172097241456,1,fan-in,0.96030635,1,fan-in,0.83996236,1,fan-in,0.903228639794574,1,fan-in,1,fan-out,0.6,1,fan-out,0.8,0,,0.7,1,random,0.8,1,scatter-gather,0.8,1,random,0.8,0,,0.5
amlc_03324,HI-Small,0,legit,1.0,0.9283370888501212,1,fan-in,0.9848919,1,fan-in,0.7174729,0,fan-in,0.8769006304035519,1,fan-in,1,gather-scatter,0.6,1,scatter-gather,0.8,0,,0.7,1,random,0.8,1,scatter-gather,0.8,1,fan-out,0.8,0,,0.5
amlc_03325,HI-Small,0,legit,1.0,0.9196984925805382,1,fan-in,0.96656686,1,fan-in,0.49983978,0,fan-in,0.7953683786570646,0,fan-in,1,fan-out,0.6,0,,0.5,1,fan-out,0.8,1,gather-scatter,0.8,1,scatter-gather,0.8,1,gather-scatter,0.8,0,,0.5
amlc_03326,HI-Small,0,legit,483.5610098176718,0.0003300300795355,0,bipartite,0.00017769978,0,bipartite,0.01305667,0,bipartite,0.0045214667255292,0,bipartite,1,gather-scatter,0.6,1,fan-in,0.6,1,random,0.8,1,gather-scatter,0.8,1,gather-scatter,0.8,1,gather-scatter,0.8,1,gather-scatter,0.8
amlc_03327,HI-Small,0,legit,469.33800841514727,5.413223708106388e-05,0,bipartite,4.3482334e-05,0,bipartite,0.07523097,0,bipartite,0.0251095285166557,0,bipartite,1,gather-scatter,0.6,1,gather-scatter,0.6,1,gather-scatter,0.8,1,gather-scatter,0.6,1,gather-scatter,0.8,1,gather-scatter,0.8,1,gather-scatter,0.8
amlc_03328,HI-Small,0,legit,469.33800841514727,1.445099573909018e-05,0,stack,5.034657e-06,0,fan-in,0.00042559733,0,stack,0.0001483609951562,0,stack,1,scatter-gather,0.8,1,fan-out,0.8,0,,0.7,1,gather-scatter,0.8,1,bipartite,0.8,1,gather-scatter,0.8,1,gather-scatter,0.8
amlc_03329,HI-Small,0,legit,469.33800841514727,0.012849238202745,0,fan-in,0.0073653786,0,fan-in,0.0891286,0,fan-in,0.0364477384415846,0,fan-in,1,scatter-gather,0.6,1,fan-in,0.6,1,fan-in,0.8,1,gather-scatter,0.6,1,fan-in,0.8,1,gather-scatter,0.8,1,fan-in,0.8
amlc_03330,HI-Small,0,legit,469.33800841514727,1.313223953601282e-05,0,bipartite,3.8131573e-06,0,fan-in,0.0029244486,0,bipartite,0.0009804646581622,0,bipartite,1,scatter-gather,0.6,0,,0.7,1,fan-out,0.6,1,gather-scatter,0.6,1,scatter-gather,0.8,1,gather-scatter,0.8,1,scatter-gather,0.8
amlc_03331,HI-Small,0,legit,469.33800841514727,0.0006243751729889,0,fan-out,0.0013074265,0,fan-out,0.0011794253,0,fan-out,0.0010370756459439,0,fan-out,0,,0.5,0,,0.5,1,fan-out,0.8,1,gather-scatter,0.6,1,fan-out,0.8,0,,0.7,0,,0.5
amlc_03332,HI-Small,0,legit,469.33800841514727,1.3784375630596535e-05,0,bipartite,7.400643e-06,0,bipartite,0.0035720714,0,bipartite,0.0011977521517981,0,bipartite,1,fan-out,0.8,1,fan-out,0.8,0,,0.7,1,gather-scatter,0.8,1,scatter-gather,0.8,1,gather-scatter,0.8,0,,0.5
amlc_03333,HI-Small,0,legit,483.5610098176718,1.237683510822473e-05,0,bipartite,1.1816786e-05,0,bipartite,0.020376105,0,bipartite,0.0068000994943202,0,bipartite,1,fan-out,0.8,1,scatter-gather,0.6,1,fan-out,0.8,1,random,0.8,1,fan-out,0.8,0,,0.7,0,,0.5
amlc_03334,HI-Small,1,legit,1.0,0.0338893217944051,0,bipartite,0.06129358,0,bipartite,0.041355662,0,bipartite,0.0455128544934241,0,bipartite,1,fan-out,0.6,1,fan-out,0.8,1,fan-out,0.6,1,gather-scatter,0.8,1,scatter-gather,0.8,1,scatter-gather,0.8,1,scatter-gather,0.8
amlc_03335,HI-Small,0,legit,483.5610098176718,1.9007483066844483e-05,0,bipartite,1.2716067e-05,0,stack,0.03321057,0,fan-out,0.0110807651352681,0,fan-out,1,fan-out,0.8,1,fan-out,0.6,0,,0.7,1,random,0.8,1,fan-out,0.8,1,gather-scatter,0.8,0,,0.5
amlc_03336,HI-Small,0,legit,483.5610098176718,2.0306397377622407e-05,0,bipartite,1.1497669e-05,0,bipartite,0.015025531,0,bipartite,0.0050191116694607,0,bipartite,1,fan-out,0.6,1,fan-out,0.6,1,fan-out,0.6,1,fan-out,0.8,1,fan-out,0.8,0,,0.7,0,,0.5
amlc_03337,HI-Small,1,random,1.0,0.1813548503845829,0,bipartite,0.14742182,0,bipartite,0.9406994,1,bipartite,0.4231586902846859,0,bipartite,1,fan-out,0.6,1,fan-out,0.6,1,gather-scatter,0.6,1,gather-scatter,0.6,1,fan-out,0.8,0,,0.7,0,,0.5
amlc_03338,HI-Small,1,fan-in,1.0,0.1575368239936903,0,fan-in,0.13359007,0,fan-in,0.7650503,0,fan-in,0.3520590628007278,0,fan-in,1,gather-scatter,0.8,1,gather-scatter,0.8,1,fan-out,0.6,1,gather-scatter,0.8,1,fan-in,0.8,1,gather-scatter,0.8,1,gather-scatter,0.8
amlc_03339,HI-Small,1,fan-in,1.0,0.0604853162434069,0,fan-in,0.074536376,0,fan-in,0.8309206,1,fan-in,0.3219807563313633,0,fan-in,1,fan-out,0.6,1,fan-out,0.6,1,fan-out,0.6,1,gather-scatter,0.8,1,scatter-gather,0.8,1,gather-scatter,0.8,0,,0.5
amlc_03340,HI-Small,1,fan-in,1.0,0.1058873009959286,0,fan-in,0.08311333,0,fan-in,0.7612299,0,fan-in,0.3167435004406315,0,fan-in,1,fan-out,0.8,1,fan-out,0.6,1,bipartite,0.8,1,random,0.8,1,scatter-gather,0.8,1,gather-scatter,0.8,0,,0.5
amlc_03341,HI-Small,1,fan-in,1.0,0.9768067855821186,1,fan-in,0.9955823,1,fan-in,0.9435071,1,fan-in,0.9719653811450182,1,fan-in,1,fan-out,0.6,1,fan-out,0.6,1,random,0.8,1,gather-scatter,0.6,1,fan-out,0.8,0,fan-out,0.7,0,,0.5
amlc_03342,HI-Small,1,fan-in,1.0,0.1587195177541931,0,fan-in,0.23048386,0,fan-in,0.68973535,0,fan-in,0.3596462435082184,0,fan-in,1,fan-out,0.8,1,fan-out,0.6,1,fan-out,0.8,1,random,0.8,1,scatter-gather,0.8,0,,0.7,0,,0.5
amlc_03343,HI-Small,1,fan-in,1.0,0.1312339229276131,0,fan-in,0.22360611,0,fan-in,0.58243024,0,fan-in,0.3124234253462934,0,fan-in,1,fan-out,0.6,1,fan-out,0.6,0,,0.7,1,gather-scatter,0.6,1,fan-out,0.8,1,scatter-gather,0.8,0,,0.5
amlc_03344,HI-Small,1,fan-in,1.0,0.1887688650226732,0,fan-in,0.2787813,0,fan-in,0.7858269,0,fan-in,0.4177923604361262,0,fan-in,1,gather-scatter,0.6,1,fan-out,0.6,0,,0.7,1,gather-scatter,0.6,1,scatter-gather,0.8,1,gather-scatter,0.8,0,,0.5
amlc_03345,HI-Small,1,fan-in,1.0,0.0321403331590549,0,fan-in,0.040839475,0,fan-in,0.6459689,0,fan-in,0.2396495739464248,0,fan-in,1,fan-out,0.6,1,fan-in,0.6,1,scatter-gather,0.6,1,gather-scatter,0.6,1,scatter-gather,0.8,1,gather-scatter,0.8,1,gather-scatter,0.8
amlc_03346,HI-Small,0,legit,469.33800841514727,9.422771029611456e-05,0,stack,5.4815842e-05,0,stack,0.0071535185,0,stack,0.0024341873501814,0,stack,1,fan-in,0.8,1,gather-scatter,0.6,1,gather-scatter,0.8,1,gather-scatter,0.8,1,fan-in,0.8,1,fan-in,0.8,1,fan-in,0.8
amlc_03347,HI-Small,0,legit,469.33800841514727,1.659552945680996e-05,0,stack,1.105708e-05,0,stack,0.11264616,0,random,0.0375579383731161,0,stack,1,fan-out,0.6,1,gather-scatter,0.6,1,fan-out,0.6,1,gather-scatter,0.6,1,fan-out,0.8,1,scatter-gather,0.8,1,fan-out,0.8
amlc_03348,HI-Small,0,legit,469.33800841514727,0.0034098020514644,0,fan-in,0.002533572,0,fan-in,0.18153356,0,fan-in,0.0624923114119154,0,fan-in,1,fan-in,0.6,1,fan-in,0.6,1,fan-in,0.6,1,gather-scatter,0.6,1,fan-in,0.8,1,fan-in,0.8,1,fan-in,0.8
amlc_03349,HI-Small,1,legit,1.0,0.0014939050529016,0,fan-in,0.001646701,0,fan-in,0.23523732,0,fan-in,0.0794593071212326,0,fan-in,1,fan-in,0.6,1,fan-in,0.6,1,fan-in,0.6,1,gather-scatter,0.8,1,fan-in,0.8,1,fan-in,0.8,1,fan-in,0.8
amlc_03350,HI-Small,0,legit,469.33800841514727,1.472200780468648e-05,0,bipartite,1.0355259e-05,0,bipartite,0.011354545,0,stack,0.0037932074661407,0,bipartite,1,fan-in,0.6,1,fan-in,0.6,1,random,0.8,1,random,0.8,1,fan-in,0.8,1,random,0.8,1,fan-in,0.8
amlc_03351,HI-Small,0,legit,1.0,0.7588878690885057,0,bipartite,0.755752,0,bipartite,0.93468666,1,bipartite,0.8164421856299556,1,bipartite,1,gather-scatter,0.6,1,fan-out,0.6,1,fan-out,0.6,1,gather-scatter,0.6,1,gather-scatter,0.8,1,gather-scatter,0.8,0,,0.5
amlc_03352,HI-Small,1,fan-out,1.0,0.8774616217005432,1,fan-out,0.9794076,1,fan-out,0.8629974,1,fan-out,0.9066222142970622,1,fan-out,1,scatter-gather,0.6,1,scatter-gather,0.6,0,,0.7,1,random,0.8,1,scatter-gather,0.8,1,gather-scatter,0.8,0,,0.5
amlc_03353,HI-Small,1,fan-out,1.0,0.9780913475715596,1,fan-out,0.99588317,1,fan-out,0.9318805,1,fan-out,0.968618329484048,1,fan-out,1,gather-scatter,0.6,1,gather-scatter,0.6,1,scatter-gather,0.8,1,random,0.8,1,gather-scatter,0.8,1,stack,0.8,0,,0.5
amlc_03354,HI-Small,1,fan-out,1.0,0.9759244597766824,1,fan-out,0.9990366,1,fan-out,0.9781116,1,fan-out,0.98435756487363,1,fan-out,1,fan-out,0.8,1,fan-out,0.8,1,gather-scatter,0.8,1,random,0.8,1,scatter-gather,0.8,1,random,0.8,0,,0.5
amlc_03355,HI-Small,1,fan-out,1.0,0.9773674389027898,1,fan-out,0.998539,1,fan-out,0.98230535,1,fan-out,0.9860705859231732,1,fan-out,1,gather-scatter,0.6,0,,0.7,1,random,0.8,1,gather-scatter,0.6,1,scatter-gather,0.8,1,random,0.8,0,,0.5
amlc_03356,HI-Small,1,fan-out,1.0,0.9776823486256342,1,fan-out,0.9987341,1,fan-out,0.9854105,1,fan-out,0.9872756588911924,1,fan-out,1,stack,0.8,0,,0.7,0,,0.7,1,gather-scatter,0.6,1,gather-scatter,0.8,1,gather-scatter,0.8,0,,0.5
amlc_03357,HI-Small,1,fan-out,1.0,0.9776237752581188,1,fan-out,0.99911404,1,fan-out,0.9908269,1,fan-out,0.9891882388639632,1,fan-out,1,scatter-gather,0.8,1,gather-scatter,0.6,1,random,0.8,1,random,0.8,1,gather-scatter,0.8,1,gather-scatter,0.8,0,,0.5
amlc_03358,HI-Small,1,fan-out,1.0,0.9691947269438776,1,fan-out,0.99794185,1,fan-out,0.99091846,1,fan-out,0.9860183453559568,1,fan-out,1,fan-out,0.6,0,,0.7,1,scatter-gather,0.8,1,gather-scatter,0.8,1,scatter-gather,0.8,1,gather-scatter,0.8,0,,0.5
amlc_03359,HI-Small,1,fan-out,1.0,0.9821612303547996,1,fan-out,0.9946933,1,fan-out,0.9961836,1,fan-out,0.9910126946069444,1,fan-out,1,fan-out,0.8,1,gather-scatter,0.8,1,random,0.8,1,gather-scatter,0.6,1,scatter-gather,0.8,1,gather-scatter,0.8,0,,0.5
amlc_03360,HI-Small,1,fan-out,1.0,0.9547099131820768,1,fan-out,0.9941664,1,fan-out,0.99691784,1,fan-out,0.9819313770690948,1,fan-out,1,fan-out,0.6,1,gather-scatter,0.6,1,gather-scatter,0.8,1,gather-scatter,0.6,1,scatter-gather,0.8,1,scatter-gather,0.8,0,,0.5
amlc_03361,HI-Small,1,fan-out,1.0,0.988217437150814,1,fan-out,0.997431,1,fan-out,0.9968082,1,fan-out,0.9941521962095424,1,fan-out,1,gather-scatter,0.6,1,gather-scatter,0.8,1,random,0.8,1,gather-scatter,0.8,1,gather-scatter,0.8,1,gather-scatter,0.8,0,,0.5
amlc_03362,HI-Small,1,fan-out,1.0,0.9929438526063727,1,fan-out,0.9992379,1,fan-out,0.99594575,1,fan-out,0.9960424997617656,1,fan-out,1,scatter-gather,0.6,1,gather-scatter,0.6,1,random,0.8,1,random,0.8,1,scatter-gather,0.8,1,gather-scatter,0.8,0,,0.5
amlc_03363,HI-Small,1,fan-out,1.0,0.9853230930658716,1,fan-out,0.9992073,1,fan-out,0.99385816,1,fan-out,0.9927961898278044,1,fan-out,1,gather-scatter,0.8,1,scatter-gather,0.6,1,scatter-gather,0.8,1,gather-scatter,0.8,1,gather-scatter,0.8,1,fan-in,0.8,0,,0.5
amlc_03364,HI-Small,1,fan-out,1.0,0.991986444686707,1,fan-out,0.9987543,1,fan-out,0.8137099,1,fan-out,0.9348168939666138,1,fan-out,1,fan-out,0.6,1,fan-out,0.8,1,scatter-gather,0.8,1,gather-scatter,0.8,1,gather-scatter,0.8,1,gather-scatter,0.8,0,,0.5
amlc_03365,HI-Small,1,legit,1.0,0.1695458013439076,0,fan-in,0.084903836,0,fan-in,0.2239078,0,fan-in,0.159452478707628,0,fan-in,1,gather-scatter,0.6,1,fan-out,0.6,1,fan-out,0.6,1,gather-scatter,0.6,1,gather-scatter,0.8,1,gather-scatter,0.8,1,gather-scatter,0.8
amlc_03366,HI-Small,1,legit,1.0,0.0107766040057196,0,bipartite,0.008102944,0,bipartite,0.16131416,0,bipartite,0.0600645692527378,0,bipartite,1,gather-scatter,0.6,1,fan-out,0.8,1,gather-scatter,0.8,1,gather-scatter,0.8,1,gather-scatter,0.8,0,,0.7,1,gather-scatter,0.8
amlc_03367,HI-Small,0,legit,483.5610098176718,3.9680574901869965e-05,0,bipartite,1.7465016e-05,0,bipartite,0.017593477,0,bipartite,0.0058835408373553,0,bipartite,1,fan-out,0.8,1,stack,0.8,0,,0.7,1,gather-scatter,0.6,1,scatter-gather,0.8,1,stack,0.8,0,,0.5
amlc_03368,HI-Small,1,legit,1.0,0.0062342007249298,0,bipartite,0.0049305107,0,bipartite,0.4010437,0,bipartite,0.1374028081563513,0,bipartite,1,scatter-gather,0.6,1,fan-out,0.8,1,gather-scatter,0.6,1,gather-scatter,0.8,1,scatter-gather,0.8,1,gather-scatter,0.8,1,gather-scatter,0.8
amlc_03369,HI-Small,1,legit,1.0,0.0020766326801244,0,fan-in,0.0028944619,0,fan-in,0.08093028,0,fan-in,0.0286337907462488,0,fan-in,1,fan-in,0.6,1,fan-in,0.6,1,fan-in,0.6,1,gather-scatter,0.6,1,fan-in,0.8,1,fan-in,0.8,1,fan-in,0.8
amlc_03370,HI-Small,0,legit,483.5610098176718,1.7035896926844223e-05,0,bipartite,1.0145275e-05,0,bipartite,0.013835015,0,bipartite,0.0046207319824924,0,bipartite,1,fan-out,0.8,1,gather-scatter,0.6,1,fan-out,0.8,1,gather-scatter,0.6,1,fan-out,0.8,1,gather-scatter,0.8,1,gather-scatter,0.8
amlc_03371,HI-Small,0,legit,483.5610098176718,1.4815414383764232e-05,0,bipartite,1.8376817e-05,0,fan-in,0.03276494,0,bipartite,0.0109327112284473,0,bipartite,1,fan-out,0.6,1,fan-out,0.6,1,bipartite,0.8,1,gather-scatter,0.8,1,fan-out,0.8,1,fan-out,0.8,0,,0.5
amlc_03372,HI-Small,0,legit,1.0,0.6381017058675478,0,stack,0.3919886,0,stack,0.3517029,0,stack,0.4605977366230551,0,stack,1,gather-scatter,0.6,0,,0.5,0,,0.7,1,gather-scatter,0.6,1,gather-scatter,0.8,1,gather-scatter,0.8,1,gather-scatter,0.8
amlc_03373,HI-Small,1,legit,1.0,0.0816656861300187,0,fan-in,0.070690595,0,fan-in,0.28702188,0,fan-in,0.1464593853750135,0,fan-in,1,fan-in,0.6,1,fan-in,0.6,1,fan-in,0.6,1,gather-scatter,0.6,1,fan-in,0.8,1,fan-in,0.8,1,fan-in,0.8
amlc_03374,HI-Small,0,legit,469.33800841514727,8.045231785358672e-05,0,stack,3.63275e-05,0,stack,0.13725139,0,stack,0.045789390608043,0,stack,1,fan-out,0.6,1,fan-out,0.6,1,fan-out,0.8,1,gather-scatter,0.8,1,fan-out,0.8,1,stack,0.8,1,fan-out,0.8
amlc_03375,HI-Small,0,legit,1.0,0.4528042502571489,0,stack,0.38990176,0,stack,0.8638896,1,stack,0.5688651941673407,0,stack,1,fan-out,0.6,1,fan-out,0.6,1,scatter-gather,0.8,1,bipartite,0.8,1,gather-scatter,0.8,1,gather-scatter,0.8,1,gather-scatter,0.8
amlc_03376,HI-Small,0,legit,1.0,0.4009916671771482,0,stack,0.38347903,0,stack,0.6642843,0,stack,0.4829183283335194,0,stack,1,fan-out,0.8,1,fan-out,0.8,1,fan-out,0.6,1,gather-scatter,0.8,1,fan-out,0.8,1,gather-scatter,0.8,0,,0.5
amlc_03377,HI-Small,0,legit,469.33800841514727,0.0003859519858671,0,bipartite,0.00039554178,0,bipartite,0.005628096,0,bipartite,0.0021365299011523,0,bipartite,1,fan-in,0.8,1,fan-in,0.6,1,fan-in,0.6,1,gather-scatter,0.6,1,fan-in,0.8,1,gather-scatter,0.8,1,fan-in,0.8
amlc_03378,HI-Small,1,legit,1.0,0.0246189367898088,0,bipartite,0.038612682,0,bipartite,0.47984657,0,bipartite,0.1810260620258842,0,bipartite,1,fan-out,0.6,1,gather-scatter,0.6,1,fan-out,0.8,1,gather-scatter,0.8,1,gather-scatter,0.8,1,fan-out,0.8,1,gather-scatter,0.8
amlc_03379,HI-Small,0,legit,483.5610098176718,4.383001489170261e-05,0,bipartite,1.9940457e-05,0,bipartite,0.031693533,0,stack,0.0105857678448407,0,bipartite,1,fan-out,0.6,0,,0.5,1,gather-scatter,0.8,1,gather-scatter,0.6,1,gather-scatter,0.8,1,stack,0.8,1,gather-scatter,0.8
amlc_03380,HI-Small,0,legit,483.5610098176718,1.2421423007231302e-05,0,bipartite,9.049837e-06,0,fan-in,0.014810736,0,bipartite,0.0049440691837025,0,bipartite,1,fan-out,0.8,1,fan-out,0.6,1,gather-scatter,0.8,1,gather-scatter,0.8,1,gather-scatter,0.8,1,gather-scatter,0.8,1,gather-scatter,0.8
amlc_03381,HI-Small,1,legit,1.0,0.0006310684788159,0,fan-out,0.00046011442,0,fan-out,0.07539424,0,fan-out,0.0254951419660395,0,fan-out,0,,0.5,0,,0.5,0,,0.5,0,,0.5,0,,0.5,0,,0.5,0,,0.5
amlc_03382,HI-Small,1,legit,1.0,0.0271647067226462,0,fan-in,0.028431505,0,fan-in,0.22128026,0,fan-in,0.0922921578538912,0,fan-in,1,gather-scatter,0.6,1,gather-scatter,0.6,1,gather-scatter,0.6,1,gather-scatter,0.8,1,gather-scatter,0.8,1,gather-scatter,0.8,1,gather-scatter,0.8
amlc_03383,HI-Small,0,legit,483.5610098176718,6.329497558286103e-05,0,stack,2.9605964e-05,0,stack,0.016501825,0,stack,0.0055315754142409,0,stack,1,scatter-gather,0.8,1,fan-out,0.6,1,fan-out,0.6,1,gather-scatter,0.6,1,scatter-gather,0.8,0,,0.7,0,,0.5
amlc_03384,HI-Small,0,legit,1.0,0.3385690382060546,0,stack,0.31299853,0,stack,0.71802366,0,stack,0.456530409751241,0,stack,1,fan-out,0.6,1,fan-out,0.6,1,scatter-gather,0.8,1,gather-scatter,0.8,1,scatter-gather,0.8,1,scatter-gather,0.8,1,gather-scatter,0.8
amlc_03385,HI-Small,0,legit,483.5610098176718,0.0001663659944122,0,bipartite,0.00012711233,0,bipartite,0.040013827,0,bipartite,0.0134357685702594,0,bipartite,1,fan-out,0.6,1,fan-out,0.6,0,,0.7,1,gather-scatter,0.6,1,gather-scatter,0.8,1,gather-scatter,0.8,1,gather-scatter,0.8
amlc_03386,HI-Small,1,fan-out,1.0,0.9661880752659492,1,fan-out,0.996329,1,fan-out,0.99851036,1,bipartite,0.9870091485055502,1,fan-out,0,,0.5,0,,0.5,0,,0.7,1,gather-scatter,0.8,1,gather-scatter,0.8,1,fan-out,0.8,0,,0.5
amlc_03387,HI-Small,1,fan-out,1.0,0.8904741016146114,1,fan-out,0.9864017,1,fan-out,0.99467164,1,bipartite,0.9571824738421894,1,fan-out,0,,0.5,0,,0.5,0,,0.7,1,gather-scatter,0.6,1,fan-out,0.8,0,,0.7,0,,0.5
amlc_03388,HI-Small,1,fan-out,1.0,0.9798035608022532,1,bipartite,0.9960109,1,fan-out,0.99828625,1,stack,0.9913669025331444,1,fan-out,0,,0.5,0,,0.5,1,fan-out,0.8,1,gather-scatter,0.8,1,fan-out,0.8,0,,0.7,0,,0.5
amlc_03389,HI-Small,1,fan-out,1.0,0.8682870753204058,1,bipartite,0.98341674,1,fan-out,0.99108344,1,bipartite,0.9475957515370592,1,bipartite,0,,0.5,0,,0.5,1,random,0.8,1,gather-scatter,0.6,1,fan-out,0.8,0,,0.7,0,,0.5
amlc_03390,HI-Small,1,fan-out,1.0,0.936205722114228,1,fan-out,0.99600255,1,fan-out,0.99535066,1,bipartite,0.975852978633769,1,fan-out,0,,0.5,0,,0.5,0,,0.7,1,gather-scatter,0.6,1,fan-out,0.8,1,gather-scatter,0.8,0,,0.5
amlc_03391,HI-Small,1,fan-out,1.0,0.9362992867366444,1,bipartite,0.9942193,1,fan-out,0.9950342,1,bipartite,0.9751842692340736,1,bipartite,0,,0.5,0,,0.5,1,fan-out,0.8,1,gather-scatter,0.8,1,fan-out,0.8,1,scatter-gather,0.8,0,,0.5
amlc_03392,HI-Small,1,fan-out,1.0,0.8809498594519057,1,bipartite,0.9854252,1,bipartite,0.9923686,1,bipartite,0.9529145375330104,1,bipartite,0,,0.5,0,,0.5,1,scatter-gather,0.8,1,gather-scatter,0.8,1,scatter-gather,0.8,1,gather-scatter,0.8,0,,0.5
amlc_03393,HI-Small,1,fan-out,1.0,0.9280741286815,1,fan-out,0.9915654,1,fan-out,0.98981124,1,bipartite,0.9698169255435728,1,fan-out,0,,0.5,0,,0.5,0,,0.7,1,random,0.8,1,fan-out,0.8,1,gather-scatter,0.8,0,,0.5
amlc_03394,HI-Small,1,fan-out,1.0,0.9565928635644048,1,bipartite,0.9945626,1,bipartite,0.97478724,1,bipartite,0.9753142415698082,1,bipartite,0,,0.5,0,,0.5,0,,0.7,1,bipartite,0.8,1,scatter-gather,0.8,1,fan-out,0.8,0,,0.5
amlc_03395,HI-Small,1,fan-out,1.0,0.9620232321489616,1,bipartite,0.9968618,1,fan-out,0.94520396,1,bipartite,0.9680296691811338,1,bipartite,0,,0.5,0,,0.5,1,random,0.8,1,gather-scatter,0.8,1,scatter-gather,0.8,0,,0.7,0,,0.5
amlc_03396,HI-Small,1,legit,1.0,0.0308358470774871,0,bipartite,0.10178586,0,bipartite,0.37260026,0,bipartite,0.1684073218099668,0,bipartite,1,fan-out,0.6,1,fan-out,0.6,1,random,0.8,1,gather-scatter,0.6,1,fan-out,0.8,1,fan-out,0.8,1,fan-out,0.8
amlc_03397,HI-Small,0,legit,469.33800841514727,0.0006140419962738,0,fan-out,0.0006980682,0,fan-out,0.007474651,0,fan-out,0.00292892042333,0,fan-out,0,,0.5,0,,0.5,1,fan-out,0.6,1,scatter-gather,0.8,1,fan-out,0.8,0,,0.7,0,,0.5
amlc_03398,HI-Small,0,legit,469.33800841514727,1.460592217323654e-05,0,bipartite,1.8627126e-05,0,stack,0.0008400582,0,bipartite,0.0002910970831677,0,bipartite,1,fan-out,0.6,1,gather-scatter,0.6,1,fan-out,0.8,1,fan-out,0.8,1,fan-out,0.8,1,fan-out,0.8,0,,0.5
amlc_03399,HI-Small,0,legit,469.33800841514727,3.16307468905575e-05,0,stack,2.6799255e-05,0,stack,0.11299179,0,bipartite,0.0376834058315584,0,stack,1,fan-out,0.6,1,gather-scatter,0.6,0,,0.7,1,gather-scatter,0.8,1,fan-out,0.8,1,gather-scatter,0.8,1,scatter-gather,0.8
amlc_03400,HI-Small,0,legit,483.5610098176718,0.0011252656515236,0,fan-out,0.0004979889,0,fan-out,0.029825961,0,fan-out,0.0104830719198881,0,fan-out,0,,0.5,0,,0.5,1,scatter-gather,0.8,1,gather-scatter,0.8,1,fan-out,0.8,0,,0.7,0,,0.5
amlc_03401,HI-Small,0,legit,469.33800841514727,1.302144017842792e-05,0,random,5.4832244e-06,0,fan-in,0.0055550234,0,random,0.0018578427012733,0,random,1,fan-in,0.8,0,,0.5,1,fan-out,0.8,1,gather-scatter,0.6,1,scatter-gather,0.8,1,gather-scatter,0.8,1,gather-scatter,0.8
amlc_03402,HI-Small,1,stack,1.0,0.991108176300964,1,cycle,0.998598,1,cycle,0.9995247,1,cycle,0.996410289469706,1,cycle,1,bipartite,0.8,1,bipartite,0.8,1,bipartite,0.8,1,gather-scatter,0.6,1,bipartite,0.8,1,bipartite,0.8,1,bipartite,0.8
amlc_03403,HI-Small,1,stack,1.0,0.9910880493565204,1,cycle,0.9987582,1,cycle,0.99905473,1,cycle,0.9963003253752588,1,cycle,1,bipartite,0.8,1,bipartite,0.8,1,bipartite,0.8,1,bipartite,0.8,1,bipartite,0.8,1,bipartite,0.8,1,bipartite,0.8
amlc_03404,HI-Small,0,legit,469.33800841514727,4.076525976552527e-05,0,stack,1.5950736e-05,0,stack,0.01167365,0,stack,0.0039101219230122,0,stack,1,fan-out,0.6,1,fan-out,0.8,0,,0.7,1,gather-scatter,0.6,1,gather-scatter,0.8,1,gather-scatter,0.8,1,gather-scatter,0.8
amlc_03405,HI-Small,1,legit,1.0,0.0009276733564244,0,fan-out,0.00075210014,0,fan-out,0.0074932105,0,fan-out,0.0030576613287141,0,fan-out,0,,0.5,0,,0.5,1,gather-scatter,0.8,1,gather-scatter,0.8,1,fan-out,0.8,0,,0.7,0,,0.5
amlc_03406,HI-Small,1,legit,1.0,0.0665657267556434,0,bipartite,0.10336316,0,bipartite,0.24614313,0,bipartite,0.1386906718408348,0,bipartite,1,gather-scatter,0.8,1,gather-scatter,0.6,1,scatter-gather,0.8,1,gather-scatter,0.8,1,gather-scatter,0.8,1,bipartite,0.8,1,gather-scatter,0.8
amlc_03407,HI-Small,0,legit,469.33800841514727,1.668585490888332e-05,0,random,1.5358053e-05,0,fan-in,0.0074623413,0,bipartite,0.0024981284154793,0,fan-in,1,scatter-gather,0.6,1,gather-scatter,0.6,1,fan-out,0.8,1,gather-scatter,0.6,1,gather-scatter,0.8,1,scatter-gather,0.8,1,scatter-gather,0.8
amlc_03408,HI-Small,0,legit,469.33800841514727,0.0001265221971783,0,bipartite,0.00015290546,0,bipartite,0.041445855,0,bipartite,0.0139084275685094,0,bipartite,1,scatter-gather,0.8,1,fan-out,0.6,1,random,0.8,1,random,0.8,1,gather-scatter,0.8,1,gather-scatter,0.8,1,gather-scatter,0.8
amlc_03409,HI-Small,0,legit,483.5610098176718,1.5613665767695725e-05,0,bipartite,7.5829166e-06,0,bipartite,0.0145907,0,bipartite,0.0048712989131259,0,bipartite,1,fan-out,0.6,1,fan-out,0.6,1,fan-out,0.8,1,cycle,0.8,1,fan-out,0.8,1,fan-out,0.8,0,,0.5
amlc_03410,HI-Small,0,legit,483.5610098176718,0.0007656091056191,0,fan-out,0.00058916974,0,fan-out,0.014512502,0,fan-out,0.0052890934997047,0,fan-out,0,,0.5,0,,0.5,0,fan-out,0.7,1,gather-scatter,0.8,1,fan-out,0.8,0,,0.7,0,,0.5
amlc_03411,HI-Small,0,legit,469.33800841514727,1.232478084369818e-05,0,random,4.7229396e-06,0,fan-in,0.0021670791,0,random,0.0007280422841623,0,random,1,gather-scatter,0.6,0,,0.5,1,fan-out,0.8,1,gather-scatter,0.6,1,fan-out,0.8,1,gather-scatter,0.8,1,scatter-gather,0.8
amlc_03412,HI-Small,0,legit,483.5610098176718,4.1239821754262926e-05,0,bipartite,1.6843414e-05,0,bipartite,0.015966812,0,bipartite,0.0053416317949529,0,bipartite,1,gather-scatter,0.6,1,fan-out,0.6,0,,0.7,1,gather-scatter,0.8,1,fan-out,0.8,1,scatter-gather,0.8,1,fan-out,0.8
amlc_03413,HI-Small,0,legit,469.33800841514727,1.251567124381345e-05,0,bipartite,3.2330834e-05,0,fan-in,0.00868793,0,bipartite,0.0029109255623134,0,bipartite,1,fan-in,0.6,1,fan-out,0.6,1,fan-in,0.8,1,gather-scatter,0.8,1,gather-scatter,0.8,1,gather-scatter,0.8,1,gather-scatter,0.8
amlc_03414,HI-Small,0,legit,483.5610098176718,7.283532016562387e-05,0,stack,1.910562e-05,0,stack,0.032074936,0,stack,0.0107222922250108,0,stack,1,fan-out,0.8,1,gather-scatter,0.6,1,fan-out,0.6,1,gather-scatter,0.6,1,scatter-gather,0.8,1,scatter-gather,0.8,0,,0.5
amlc_03415,HI-Small,0,legit,469.33800841514727,0.0063831656020319,0,fan-in,0.0065674605,0,fan-in,0.34912172,0,fan-in,0.1206907818952016,0,fan-in,1,gather-scatter,0.6,0,,0.7,1,fan-in,0.6,1,gather-scatter,0.6,1,fan-in,0.8,1,fan-in,0.8,1,fan-in,0.8
amlc_03416,HI-Small,1,scatter-gather,1.0,0.992308423814379,1,scatter-gather,0.99971485,1,scatter-gather,0.9962301,1,scatter-gather,0.9960844668736732,1,scatter-gather,1,fan-out,0.6,1,gather-scatter,0.6,1,gather-scatter,0.8,1,gather-scatter,0.6,1,fan-out,0.8,1,gather-scatter,0.8,1,fan-out,0.8
amlc_03417,HI-Small,1,scatter-gather,1.0,0.9857331245014264,1,scatter-gather,0.9969781,1,scatter-gather,0.99903375,1,scatter-gather,0.9939149925731684,1,scatter-gather,1,gather-scatter,0.6,1,gather-scatter,0.6,1,bipartite,0.8,1,gather-scatter,0.8,1,gather-scatter,0.8,1,gather-scatter,0.8,1,gather-scatter,0.8
amlc_03418,HI-Small,1,scatter-gather,1.0,0.9911724465006732,1,scatter-gather,0.9983306,1,scatter-gather,0.9785716,1,scatter-gather,0.9893582111237494,1,scatter-gather,1,scatter-gather,0.6,1,scatter-gather,0.6,1,scatter-gather,0.8,1,gather-scatter,0.8,1,gather-scatter,0.8,1,gather-scatter,0.8,1,scatter-gather,0.8
amlc_03419,HI-Small,1,scatter-gather,1.0,0.9586887863578404,1,scatter-gather,0.9829875,1,scatter-gather,0.99731064,1,scatter-gather,0.9796623159548312,1,scatter-gather,1,gather-scatter,0.6,1,scatter-gather,0.8,1,scatter-gather,0.8,1,gather-scatter,0.6,1,gather-scatter,0.8,1,gather-scatter,0.8,1,gather-scatter,0.8
amlc_03420,HI-Small,1,scatter-gather,1.0,0.9801947361265996,1,scatter-gather,0.9977695,1,scatter-gather,0.98891366,1,scatter-gather,0.9889592887969606,1,scatter-gather,1,fan-out,0.6,1,fan-out,0.6,1,fan-out,0.6,1,gather-scatter,0.6,1,gather-scatter,0.8,0,,0.7,1,gather-scatter,0.8
amlc_03421,HI-Small,0,legit,1.0,0.505368672619809,0,scatter-gather,0.8537656,1,scatter-gather,0.96940553,1,scatter-gather,0.7761799371277456,0,scatter-gather,1,fan-out,0.6,0,,0.5,1,gather-scatter,0.8,1,gather-scatter,0.8,1,fan-out,0.8,1,fan-out,0.8,0,,0.5
amlc_03422,HI-Small,1,scatter-gather,1.0,0.6227203138444841,0,scatter-gather,0.8958791,1,scatter-gather,0.9750948,1,scatter-gather,0.8312313996346136,1,scatter-gather,1,fan-out,0.6,1,gather-scatter,0.6,1,fan-out,0.6,1,gather-scatter,0.6,1,fan-out,0.8,1,fan-out,0.8,0,,0.5
amlc_03423,HI-Small,1,scatter-gather,1.0,0.9913089572474152,1,scatter-gather,0.998464,1,scatter-gather,0.9911149,1,scatter-gather,0.9936292866562734,1,scatter-gather,1,fan-out,0.8,1,fan-out,0.6,1,scatter-gather,0.8,1,gather-scatter,0.8,1,scatter-gather,0.8,1,gather-scatter,0.8,1,scatter-gather,0.8
amlc_03424,HI-Small,1,scatter-gather,1.0,0.957186359045977,1,scatter-gather,0.9845071,1,scatter-gather,0.9979863,1,scatter-gather,0.9798932532065692,1,scatter-gather,1,fan-out,0.6,1,fan-out,0.6,1,fan-out,0.6,1,gather-scatter,0.6,1,fan-out,0.8,1,fan-out,0.8,0,,0.5
amlc_03425,HI-Small,1,scatter-gather,1.0,0.9875740874688316,1,scatter-gather,0.9987761,1,scatter-gather,0.9993423,1,scatter-gather,0.9952308293475208,1,scatter-gather,1,fan-out,0.6,1,fan-out,0.6,1,scatter-gather,0.8,1,gather-scatter,0.6,1,scatter-gather,0.8,1,gather-scatter,0.8,1,scatter-gather,0.8
amlc_03426,HI-Small,1,scatter-gather,1.0,0.956713638036209,1,scatter-gather,0.9969614,1,scatter-gather,0.99909765,1,scatter-gather,0.9842575660443166,1,scatter-gather,1,gather-scatter,0.6,1,cycle,0.8,1,random,0.8,1,gather-scatter,0.6,1,gather-scatter,0.8,1,gather-scatter,0.8,1,scatter-gather,0.8
amlc_03427,HI-Small,1,scatter-gather,1.0,0.992006910071116,1,scatter-gather,0.998068,1,scatter-gather,0.9962557,1,scatter-gather,0.9954435269784072,1,scatter-gather,1,gather-scatter,0.6,1,fan-out,0.6,1,bipartite,0.8,1,gather-scatter,0.8,1,fan-out,0.8,1,gather-scatter,0.8,1,scatter-gather,0.8
amlc_03428,HI-Small,1,scatter-gather,1.0,0.9859490624034676,1,scatter-gather,0.9974626,1,scatter-gather,0.9985611,1,scatter-gather,0.9939909057804038,1,scatter-gather,1,gather-scatter,0.6,0,,0.5,1,fan-out,0.6,1,gather-scatter,0.6,1,scatter-gather,0.8,1,fan-out,0.8,1,gather-scatter,0.8
amlc_03429,HI-Small,1,scatter-gather,1.0,0.991886830729975,1,scatter-gather,0.9993777,1,scatter-gather,0.9987599,1,scatter-gather,0.9966748278679892,1,scatter-gather,1,fan-out,0.6,1,fan-out,0.6,1,fan-out,0.8,1,gather-scatter,0.6,1,fan-out,0.8,1,scatter-gather,0.8,1,scatter-gather,0.8
amlc_03430,HI-Small,1,scatter-gather,1.0,0.9391832222374912,1,scatter-gather,0.9920702,1,scatter-gather,0.99898624,1,scatter-gather,0.9767465548327444,1,scatter-gather,1,fan-out,0.8,1,fan-out,0.6,1,scatter-gather,0.8,1,gather-scatter,0.6,1,gather-scatter,0.8,1,gather-scatter,0.8,1,gather-scatter,0.8
amlc_03431,HI-Small,1,cycle,1.0,0.9861342207295372,1,random,0.9966254,1,random,0.997674,1,random,0.993477877501073,1,random,1,fan-out,0.8,1,gather-scatter,0.6,1,gather-scatter,0.6,1,gather-scatter,0.6,1,gather-scatter,0.8,1,gather-scatter,0.8,1,gather-scatter,0.8
amlc_03432,HI-Small,0,legit,1.0,0.8534522041285589,1,random,0.72683257,0,random,0.94643307,1,random,0.8422392800319378,1,random,1,fan-out,0.6,1,gather-scatter,0.6,1,fan-out,0.6,1,gather-scatter,0.6,1,scatter-gather,0.8,1,scatter-gather,0.8,1,gather-scatter,0.8
amlc_03433,HI-Small,1,cycle,1.0,0.8529632679397281,1,random,0.8088601,1,random,0.9461193,1,random,0.8693142331896363,1,random,1,scatter-gather,0.6,1,fan-out,0.8,1,scatter-gather,0.8,1,gather-scatter,0.8,1,scatter-gather,0.8,1,gather-scatter,0.8,1,gather-scatter,0.8
amlc_03434,HI-Small,1,cycle,1.0,0.9758747319501032,1,random,0.98090905,1,random,0.9948513,1,random,0.9838783575469052,1,random,1,fan-out,0.6,1,fan-out,0.6,1,fan-out,0.8,1,gather-scatter,0.8,1,gather-scatter,0.8,1,gather-scatter,0.8,1,gather-scatter,0.8
amlc_03435,HI-Small,0,legit,1.0,0.8919072726775046,1,random,0.87479746,1,random,0.9828191,1,cycle,0.9165079388157804,1,random,1,scatter-gather,0.8,1,scatter-gather,0.8,1,fan-out,0.8,1,gather-scatter,0.6,1,gather-scatter,0.8,1,gather-scatter,0.8,1,gather-scatter,0.8
amlc_03436,HI-Small,1,cycle,1.0,0.8935158470660258,1,random,0.86317575,1,random,0.97665584,1,random,0.9111158125728306,1,random,1,fan-in,0.8,1,fan-out,0.8,1,scatter-gather,0.8,1,gather-scatter,0.6,1,gather-scatter,0.8,1,gather-scatter,0.8,1,gather-scatter,0.8
amlc_03437,HI-Small,1,cycle,1.0,0.980348492727366,1,random,0.9803611,1,random,0.99490726,1,random,0.9852056188933344,1,random,1,gather-scatter,0.6,1,gather-scatter,0.6,1,stack,0.8,1,gather-scatter,0.8,1,gather-scatter,0.8,1,gather-scatter,0.8,1,stack,0.8
amlc_03438,HI-Small,1,cycle,1.0,0.9832479793131738,1,random,0.98802394,1,random,0.99922264,1,random,0.9901648507615058,1,random,1,stack,0.8,1,stack,0.8,1,stack,0.8,1,gather-scatter,0.6,1,stack,0.8,1,gather-scatter,0.8,1,gather-scatter,0.8
amlc_03439,HI-Small,0,legit,1.0,0.8782455491910544,1,random,0.59179556,0,random,0.9831465,1,random,0.8177292005184679,1,random,1,fan-in,0.8,1,scatter-gather,0.6,1,stack,0.8,1,fan-out,0.8,1,gather-scatter,0.8,1,gather-scatter,0.8,1,gather-scatter,0.8
amlc_03440,HI-Small,1,cycle,1.0,0.8715148934662409,1,random,0.9413692,1,random,0.97961795,1,random,0.9308340075592222,1,random,1,stack,0.8,1,stack,0.8,1,stack,0.8,1,gather-scatter,0.8,1,gather-scatter,0.8,1,gather-scatter,0.8,1,gather-scatter,0.8
amlc_03441,HI-Small,1,cycle,1.0,0.9830851064499242,1,random,0.9894148,1,stack,0.9905116,1,random,0.9876705045957044,1,random,1,gather-scatter,0.6,1,fan-out,0.8,1,stack,0.8,1,gather-scatter,0.8,1,gather-scatter,0.8,1,gather-scatter,0.8,1,fan-out,0.8
amlc_03442,HI-Small,0,legit,1.0,0.8562450496433263,1,random,0.93388194,1,random,0.8794572,1,random,0.889861387944158,1,random,1,cycle,0.8,1,cycle,0.8,1,scatter-gather,0.8,1,gather-scatter,0.8,1,gather-scatter,0.8,1,gather-scatter,0.8,1,gather-scatter,0.8
amlc_03443,HI-Small,1,cycle,1.0,0.8638332278001911,1,random,0.93425214,1,random,0.87908185,1,random,0.8923890719966295,1,random,1,fan-out,0.8,1,fan-out,0.6,1,scatter-gather,0.8,1,gather-scatter,0.6,1,gather-scatter,0.8,1,gather-scatter,0.8,1,gather-scatter,0.8
amlc_03444,HI-Small,1,cycle,1.0,0.9825990906196364,1,random,0.98629034,1,random,0.99887055,1,random,0.9892533259536666,1,random,1,fan-out,0.6,1,scatter-gather,0.6,1,random,0.8,1,random,0.8,1,gather-scatter,0.8,1,stack,0.8,1,gather-scatter,0.8
amlc_03445,HI-Small,0,legit,1.0,0.8976681793805446,1,random,0.32633242,0,random,0.99298286,1,cycle,0.7389944879570433,0,random,1,gather-scatter,0.6,0,,0.5,1,fan-in,0.8,1,gather-scatter,0.6,1,gather-scatter,0.8,1,cycle,0.8,1,gather-scatter,0.8
amlc_03446,HI-Small,1,cycle,1.0,0.9155202965553596,1,random,0.9038116,1,random,0.9879743,1,random,0.935768718872335,1,random,1,cycle,0.8,1,stack,0.8,1,scatter-gather,0.8,1,scatter-gather,0.6,1,gather-scatter,0.8,1,stack,0.8,1,gather-scatter,0.8
amlc_03447,HI-Small,1,legit,1.0,0.0232806233846659,0,fan-in,0.022226313,0,fan-in,0.15159504,0,fan-in,0.0657006592231828,0,fan-in,1,fan-in,0.8,1,gather-scatter,0.6,1,random,0.8,1,gather-scatter,0.6,1,fan-in,0.8,1,gather-scatter,0.8,1,fan-in,0.8
amlc_03448,HI-Small,0,legit,469.33800841514727,3.150146452960568e-05,0,stack,8.675803e-06,0,stack,0.0085896095,0,stack,0.0028765955977912,0,stack,1,fan-in,0.6,1,gather-scatter,0.6,0,,0.7,1,gather-scatter,0.8,1,scatter-gather,0.8,0,,0.7,1,scatter-gather,0.8
amlc_03449,HI-Small,1,legit,1.0,0.020590195248779,0,bipartite,0.011752487,0,bipartite,0.1675869,0,bipartite,0.0666431917507636,0,bipartite,1,random,0.8,1,gather-scatter,0.6,1,gather-scatter,0.8,1,gather-scatter,0.8,1,gather-scatter,0.8,1,gather-scatter,0.8,1,gather-scatter,0.8
amlc_03450,HI-Small,1,legit,1.0,0.0180338405698437,0,bipartite,0.029899875,0,bipartite,0.69384533,0,bipartite,0.2472596823135978,0,bipartite,1,fan-out,0.6,0,,0.5,1,gather-scatter,0.8,1,fan-out,0.6,1,gather-scatter,0.8,1,gather-scatter,0.8,1,gather-scatter,0.8
amlc_03451,HI-Small,0,legit,469.33800841514727,0.0001600033296198,0,bipartite,0.00018708434,0,bipartite,0.04232304,0,bipartite,0.0142233764592067,0,bipartite,1,random,0.8,1,scatter-gather,0.8,1,gather-scatter,0.8,1,gather-scatter,0.8,1,gather-scatter,0.8,1,gather-scatter,0.8,1,gather-scatter,0.8
amlc_03452,HI-Small,1,legit,1.0,0.0090131617241846,0,fan-in,0.008023537,0,fan-in,0.9356607,1,fan-in,0.3175658061199303,0,fan-in,1,gather-scatter,0.6,1,fan-in,0.6,1,fan-in,0.6,1,gather-scatter,0.6,1,fan-in,0.8,1,gather-scatter,0.8,1,fan-in,0.8
amlc_03453,HI-Small,1,legit,1.0,0.0210448355895478,0,bipartite,0.026451861,0,bipartite,0.25772804,0,bipartite,0.1017415790979133,0,bipartite,1,gather-scatter,0.8,0,,0.5,1,fan-in,0.6,1,gather-scatter,0.6,1,gather-scatter,0.8,1,gather-scatter,0.8,1,gather-scatter,0.8
amlc_03454,HI-Small,0,legit,469.33800841514727,5.194782932989679e-05,0,fan-in,9.800833e-05,0,fan-in,0.0066211238,0,bipartite,0.0022570266381038,0,fan-in,1,scatter-gather,0.6,1,fan-out,0.8,1,gather-scatter,0.8,1,scatter-gather,0.8,1,gather-scatter,0.8,1,gather-scatter,0.8,1,scatter-gather,0.8
amlc_03455,HI-Small,0,legit,483.5610098176718,8.005343915802494e-05,0,bipartite,3.680113e-05,0,bipartite,0.01386891,0,bipartite,0.0046619216103856,0,bipartite,1,fan-out,0.6,0,,0.5,1,scatter-gather,0.8,1,bipartite,0.8,1,scatter-gather,0.8,1,gather-scatter,0.8,0,,0.5
amlc_03456,HI-Small,1,legit,1.0,0.0088439207855254,0,bipartite,0.014679809,0,bipartite,0.18035355,0,bipartite,0.067959093996498,0,bipartite,1,fan-out,0.6,1,fan-out,0.6,1,fan-out,0.8,1,random,0.8,1,fan-out,0.8,1,fan-out,0.8,0,,0.5
amlc_03457,HI-Small,1,legit,1.0,0.0335158283492865,0,fan-in,0.05244574,0,fan-in,0.5749178,0,fan-in,0.2202931203769625,0,fan-in,1,fan-in,0.6,1,fan-in,0.6,1,fan-in,0.6,1,fan-in,0.6,1,fan-in,0.8,1,fan-in,0.8,1,fan-in,0.8
amlc_03458,HI-Small,0,legit,469.33800841514727,1.247931440759376e-05,0,bipartite,2.5906597e-06,0,bipartite,0.0029341101,0,bipartite,0.0009830600307389,0,bipartite,1,gather-scatter,0.6,1,fan-out,0.6,1,fan-in,0.6,1,gather-scatter,0.6,1,gather-scatter,0.8,1,stack,0.8,1,scatter-gather,0.8
amlc_03459,HI-Small,0,legit,483.5610098176718,5.382953635975854e-05,0,bipartite,1.3399547e-05,0,stack,0.031055426,0,stack,0.0103742184362227,0,stack,1,scatter-gather,0.6,1,gather-scatter,0.6,1,scatter-gather,0.6,1,stack,0.8,1,scatter-gather,0.8,1,gather-scatter,0.8,0,,0.5
amlc_03460,HI-Small,1,legit,1.0,0.0005134905121016,0,fan-out,0.00052952213,0,fan-out,0.009996228,0,fan-out,0.0036797468555379,0,fan-out,1,,0.6,0,,0.7,1,random,0.8,0,,0.7,1,fan-out,0.8,1,fan-out,0.8,0,,0.5
amlc_03461,HI-Small,1,legit,1.0,0.0434270322414536,0,bipartite,0.024507377,0,bipartite,0.3601817,0,bipartite,0.1427053662668433,0,bipartite,1,fan-out,0.6,1,fan-out,0.6,1,fan-out,0.8,1,gather-scatter,0.6,1,gather-scatter,0.8,1,gather-scatter,0.8,1,fan-out,0.8
amlc_03462,HI-Small,0,legit,483.5610098176718,0.000267399011536,0,bipartite,2.8899169e-05,0,bipartite,0.038454816,0,bipartite,0.0129170379751909,0,bipartite,1,gather-scatter,0.6,1,fan-in,0.6,1,stack,0.8,1,gather-scatter,0.6,1,stack,0.8,1,stack,0.8,1,fan-in,0.8
amlc_03463,HI-Small,0,legit,469.33800841514727,2.109228575584881e-05,0,bipartite,1.3997104e-05,0,fan-in,0.0005710132,0,scatter-gather,0.0002020341951856,0,fan-in,1,fan-out,0.8,1,gather-scatter,0.6,1,fan-out,0.6,1,gather-scatter,0.6,1,scatter-gather,0.8,1,gather-scatter,0.8,1,gather-scatter,0.8
amlc_03464,HI-Small,0,legit,483.5610098176718,2.219153452682424e-05,0,bipartite,4.4857325e-06,0,fan-in,0.012678345,0,bipartite,0.0042350073336669,0,bipartite,1,gather-scatter,0.8,1,scatter-gather,0.6,1,scatter-gather,0.6,1,gather-scatter,0.6,1,gather-scatter,0.8,1,gather-scatter,0.8,1,gather-scatter,0.8
amlc_03465,HI-Small,0,legit,469.33800841514727,1.4937961785152022e-05,0,stack,7.857326e-06,0,fan-in,0.042182337,0,bipartite,0.0140683775934054,0,fan-in,1,fan-out,0.6,1,scatter-gather,0.6,1,fan-out,0.6,1,gather-scatter,0.6,1,gather-scatter,0.8,1,gather-scatter,0.8,1,stack,0.8
amlc_03466,HI-Small,0,legit,469.33800841514727,4.362849887799865e-05,0,stack,1.6629163e-05,0,stack,0.010745191,0,stack,0.0036018162257031,0,stack,1,fan-out,0.6,1,fan-out,0.6,1,fan-out,0.8,1,gather-scatter,0.6,1,fan-out,0.8,1,gather-scatter,0.8,1,scatter-gather,0.8
amlc_03467,HI-Small,0,legit,469.33800841514727,7.429513209405102e-05,0,bipartite,3.717824e-05,0,stack,0.0026314715,0,stack,0.0009143149550632,0,stack,1,fan-out,0.6,1,fan-out,0.8,1,gather-scatter,0.8,1,gather-scatter,0.6,1,gather-scatter,0.8,1,gather-scatter,0.8,1,gather-scatter,0.8
amlc_03468,HI-Small,0,legit,469.33800841514727,1.268150562789008e-05,0,bipartite,6.7331757e-06,0,scatter-gather,0.0042954963,0,scatter-gather,0.0014383036504706,0,scatter-gather,1,fan-in,0.6,0,,0.5,0,,0.7,1,gather-scatter,0.8,1,fan-in,0.8,1,random,0.8,1,random,0.8
amlc_03469,HI-Small,1,legit,1.0,0.0008523403816525,0,fan-out,0.0016940221,0,fan-out,0.01943579,0,fan-out,0.0073273839711722,0,fan-out,0,,0.5,0,,0.5,1,fan-out,0.8,1,scatter-gather,0.8,1,fan-out,0.8,1,fan-out,0.8,0,,0.5
amlc_03470,HI-Small,1,legit,1.0,0.0128451032427079,0,fan-in,0.03786493,0,fan-in,0.20606378,0,fan-in,0.0855912704595965,0,fan-in,1,fan-in,0.6,1,fan-out,0.8,0,,0.7,1,gather-scatter,0.8,1,fan-in,0.8,1,fan-in,0.8,1,fan-in,0.8
amlc_03471,HI-Small,1,legit,1.0,0.0118793627713905,0,fan-in,0.010370591,0,fan-in,0.790567,0,fan-in,0.2709389781114057,0,fan-in,1,fan-in,0.6,1,fan-in,0.6,1,fan-in,0.8,1,fan-in,0.6,1,fan-in,0.8,1,fan-in,0.8,1,fan-in,0.8
amlc_03472,HI-Small,0,legit,469.33800841514727,1.2859163191339263e-05,0,bipartite,3.0670228e-06,0,fan-in,0.0077316416,0,bipartite,0.0025825226095858,0,bipartite,1,gather-scatter,0.6,1,gather-scatter,0.6,1,fan-out,0.8,1,gather-scatter,0.6,1,gather-scatter,0.8,1,gather-scatter,0.8,1,gather-scatter,0.8
amlc_03473,HI-Small,1,legit,1.0,0.0197358567964394,0,bipartite,0.029894933,0,bipartite,0.70959145,0,bipartite,0.2530740794026639,0,bipartite,1,fan-out,0.6,1,fan-out,0.6,0,,0.7,1,random,0.8,1,fan-out,0.8,1,scatter-gather,0.8,1,fan-out,0.8
amlc_03474,HI-Small,0,legit,469.33800841514727,2.3690653142586766e-05,0,bipartite,3.851389e-06,0,stack,0.0053128777,0,bipartite,0.0017801399164454,0,bipartite,1,fan-out,0.6,1,gather-scatter,0.8,1,fan-out,0.8,1,gather-scatter,0.8,1,fan-out,0.8,0,,0.7,0,,0.5
amlc_03475,HI-Small,0,legit,483.5610098176718,0.0003882083780734,0,fan-out,0.00035996866,0,fan-out,0.013091924,0,fan-out,0.004613366902562,0,fan-out,0,,0.5,0,,0.5,1,fan-out,0.8,1,scatter-gather,0.8,1,fan-out,0.8,1,fan-out,0.8,0,,0.5
amlc_03476,HI-Small,0,legit,469.33800841514727,8.819156288856726e-05,0,bipartite,2.6404057e-05,0,stack,0.07606741,0,bipartite,0.025394002009873,0,bipartite,1,fan-out,0.6,1,fan-out,0.6,1,scatter-gather,0.8,1,gather-scatter,0.8,1,fan-out,0.8,1,fan-out,0.8,0,,0.5
amlc_03477,HI-Small,0,legit,483.5610098176718,1.2512613974603314e-05,0,fan-in,5.1110883e-06,0,fan-in,0.01821896,0,bipartite,0.0060788614384239,0,fan-in,1,fan-out,0.8,1,fan-out,0.6,1,fan-out,0.8,1,cycle,0.8,1,scatter-gather,0.8,1,gather-scatter,0.8,1,gather-scatter,0.8
amlc_03478,HI-Small,1,legit,1.0,0.0048679703346604,0,fan-in,0.017131612,0,fan-in,0.12148613,0,fan-in,0.0478285698053477,0,fan-in,1,scatter-gather,0.6,0,,0.5,1,fan-in,0.6,1,gather-scatter,0.6,1,gather-scatter,0.8,1,fan-in,0.8,1,gather-scatter,0.8
amlc_03479,HI-Small,1,bipartite,1.0,0.3988709582562101,0,bipartite,0.8473997,1,bipartite,0.9479009,1,bipartite,0.7313905203897043,0,bipartite,1,cycle,0.8,1,cycle,0.8,1,fan-in,0.8,1,gather-scatter,0.6,1,gather-scatter,0.8,1,cycle,0.8,1,cycle,0.8
amlc_03480,HI-Small,0,legit,469.33800841514727,1.44984188080776e-05,0,random,8.396128e-06,0,fan-in,0.0071144896,0,bipartite,0.0023791280364287,0,fan-in,1,random,0.8,1,fan-out,0.6,1,fan-out,0.8,1,random,0.8,1,fan-out,0.8,1,gather-scatter,0.8,1,stack,0.8
amlc_03481,HI-Small,0,legit,469.33800841514727,0.000511138434239,0,fan-out,0.00057451345,0,fan-out,0.008997101,0,fan-out,0.0033609177419593,0,fan-out,0,,0.5,0,,0.5,0,,0.5,0,,0.5,0,,0.5,0,,0.5,0,,0.5
amlc_03482,HI-Small,0,legit,469.33800841514727,1.4656581351394269e-05,0,bipartite,5.9824906e-06,0,bipartite,0.0032812632,0,bipartite,0.0011006340802909,0,bipartite,1,fan-out,0.8,1,gather-scatter,0.6,1,scatter-gather,0.6,1,gather-scatter,0.8,1,scatter-gather,0.8,1,gather-scatter,0.8,1,random,0.8
amlc_03483,HI-Small,1,legit,1.0,0.0224627433167995,0,bipartite,0.08429258,0,bipartite,0.62181485,0,bipartite,0.2428567244922817,0,bipartite,1,fan-in,0.6,1,fan-in,0.6,1,fan-in,0.6,1,gather-scatter,0.6,1,fan-in,0.8,1,fan-in,0.8,1,fan-in,0.8
amlc_03484,HI-Small,0,legit,469.33800841514727,2.732025377295717e-05,0,bipartite,1.0838176e-05,0,bipartite,0.002630341,0,bipartite,0.0008894998432567,0,bipartite,1,gather-scatter,0.6,1,fan-out,0.6,1,fan-out,0.8,1,scatter-gather,0.8,1,gather-scatter,0.8,1,gather-scatter,0.8,0,,0.5
amlc_03485,HI-Small,0,legit,469.33800841514727,1.803500773677126e-05,0,bipartite,7.858807e-06,0,bipartite,0.10535661,0,bipartite,0.0351275017088221,0,bipartite,1,scatter-gather,0.6,1,gather-scatter,0.8,0,,0.7,1,gather-scatter,0.8,1,scatter-gather,0.8,1,gather-scatter,0.8,1,gather-scatter,0.8
amlc_03486,HI-Small,0,legit,469.33800841514727,1.2814345312142102e-05,0,bipartite,3.2681176e-06,0,bipartite,0.0030754225,0,bipartite,0.0010305016497183,0,bipartite,1,stack,0.8,1,gather-scatter,0.6,1,fan-out,0.6,1,gather-scatter,0.8,1,gather-scatter,0.8,1,gather-scatter,0.8,1,fan-in,0.8
amlc_03487,HI-Small,0,legit,483.5610098176718,1.3421930026647744e-05,0,stack,1.5098946e-05,0,bipartite,0.031504534,0,stack,0.0105110183537458,0,stack,1,fan-out,0.6,0,,0.5,1,fan-out,0.6,1,gather-scatter,0.6,1,gather-scatter,0.8,1,gather-scatter,0.8,1,gather-scatter,0.8
amlc_03488,HI-Small,0,legit,469.33800841514727,1.7248848539608568e-05,0,stack,1.2878421e-05,0,fan-out,0.0012459944,0,fan-out,0.0004253738745122,0,fan-out,1,fan-out,0.6,1,gather-scatter,0.6,1,scatter-gather,0.6,1,gather-scatter,0.8,1,scatter-gather,0.8,1,scatter-gather,0.8,1,scatter-gather,0.8
amlc_03489,HI-Small,0,legit,483.5610098176718,0.0006050236125273,0,fan-out,0.00197777,0,fan-out,0.026326526,0,fan-out,0.0096364398199065,0,fan-out,0,,0.5,0,,0.5,1,gather-scatter,0.8,0,,0.7,1,fan-out,0.8,1,gather-scatter,0.8,0,,0.5
amlc_03490,HI-Small,0,legit,469.33800841514727,1.2684788744216129e-05,0,random,5.3762824e-06,0,fan-in,0.0042293915,0,bipartite,0.0014158175101693,0,fan-in,1,fan-out,0.6,1,fan-out,0.6,1,fan-out,0.6,1,gather-scatter,0.8,1,fan-out,0.8,1,gather-scatter,0.8,1,fan-out,0.8
amlc_03491,HI-Small,1,legit,1.0,0.0227081927376065,0,bipartite,0.10932956,0,bipartite,0.3951667,0,bipartite,0.1757348155881654,0,bipartite,1,gather-scatter,0.8,1,gather-scatter,0.6,1,fan-out,0.6,1,gather-scatter,0.6,1,gather-scatter,0.8,1,gather-scatter,0.8,1,gather-scatter,0.8
amlc_03492,HI-Small,0,legit,483.5610098176718,3.059838217805758e-05,0,fan-in,1.3287814e-05,0,fan-in,0.024513204,0,fan-in,0.0081856966156301,0,fan-in,1,fan-in,0.6,1,stack,0.8,1,random,0.8,1,scatter-gather,0.8,1,fan-in,0.8,1,gather-scatter,0.8,1,stack,0.8
amlc_03493,HI-Small,1,stack,1.0,0.91442811333765,1,stack,0.91821516,1,stack,0.9384421,1,stack,0.9236951266514905,1,stack,1,gather-scatter,0.6,1,random,0.8,1,fan-in,0.8,1,gather-scatter,0.8,1,gather-scatter,0.8,1,gather-scatter,0.8,1,gather-scatter,0.8
amlc_03494,HI-Small,1,stack,1.0,0.9883653113420448,1,stack,0.9986477,1,stack,0.98446596,1,stack,0.9904929859497692,1,stack,1,fan-out,0.8,1,fan-out,0.6,1,fan-out,0.6,1,gather-scatter,0.8,1,gather-scatter,0.8,1,gather-scatter,0.8,1,gather-scatter,0.8
amlc_03495,HI-Small,1,stack,1.0,0.9890473180926213,1,stack,0.99832916,1,stack,0.9962818,1,stack,0.9945527611148478,1,stack,1,fan-out,0.6,1,fan-out,0.6,1,fan-out,0.8,1,gather-scatter,0.6,1,fan-out,0.8,1,gather-scatter,0.8,1,fan-out,0.8
amlc_03496,HI-Small,1,stack,1.0,0.9656588478220592,1,stack,0.9926688,1,stack,0.9716202,1,stack,0.9766492857977116,1,stack,1,fan-in,0.6,1,fan-in,0.6,1,scatter-gather,0.8,1,gather-scatter,0.8,1,gather-scatter,0.8,1,gather-scatter,0.8,1,gather-scatter,0.8
amlc_03497,HI-Small,1,stack,1.0,0.8283559681667839,1,stack,0.53800213,0,stack,0.48818088,0,stack,0.6181796591048093,0,stack,1,fan-out,0.6,1,fan-out,0.6,0,,0.7,1,gather-scatter,0.8,1,gather-scatter,0.8,1,gather-scatter,0.8,1,gather-scatter,0.8
amlc_03498,HI-Small,1,stack,1.0,0.8529075394809926,1,stack,0.92147386,1,stack,0.9603999,1,stack,0.9115937753101416,1,stack,1,fan-out,0.6,1,fan-out,0.8,1,fan-out,0.8,1,gather-scatter,0.8,1,fan-out,0.8,1,fan-out,0.8,0,,0.5
amlc_03499,HI-Small,1,stack,1.0,0.9888267808252664,1,stack,0.9990808,1,stack,0.96499956,1,stack,0.9843023715116612,1,stack,1,fan-in,0.8,1,fan-out,0.6,1,scatter-gather,0.8,1,gather-scatter,0.8,1,scatter-gather,0.8,1,fan-in,0.8,1,fan-in,0.8
amlc_03500,HI-Small,1,stack,1.0,0.9217382173760468,1,stack,0.93780804,1,stack,0.83472013,1,stack,0.8980887963051178,1,stack,1,scatter-gather,0.6,1,fan-in,0.6,1,fan-in,0.8,1,gather-scatter,0.8,1,fan-in,0.8,1,fan-in,0.8,1,fan-in,0.8
amlc_03501,HI-Small,1,stack,1.0,0.988186060992526,1,stack,0.9968437,1,stack,0.9904733,1,stack,0.9918343423497834,1,stack,1,gather-scatter,0.6,1,random,0.8,1,random,0.8,1,gather-scatter,0.6,1,fan-in,0.8,1,gather-scatter,0.8,1,gather-scatter,0.8
amlc_03502,HI-Small,0,legit,1.0,0.9323708292929946,1,stack,0.9624405,1,stack,0.8940749,1,stack,0.9296287456184168,1,stack,1,fan-out,0.8,1,gather-scatter,0.6,1,gather-scatter,0.6,1,gather-scatter,0.8,1,cycle,0.8,1,gather-scatter,0.8,1,gather-scatter,0.8
amlc_03503,HI-Small,1,stack,1.0,0.9001708216485573,1,stack,0.929176,1,stack,0.8750262,1,stack,0.9014576735435988,1,stack,1,fan-out,0.6,1,fan-out,0.6,1,fan-out,0.8,1,gather-scatter,0.6,1,fan-in,0.8,1,gather-scatter,0.8,1,gather-scatter,0.8
amlc_03504,HI-Small,1,gather-scatter,1.0,0.9926404753639309,1,gather-scatter,0.9994482,1,gather-scatter,0.9991579,1,gather-scatter,0.9970821870470712,1,gather-scatter,1,gather-scatter,0.6,1,fan-in,0.6,0,,0.7,1,gather-scatter,0.8,1,gather-scatter,0.8,1,gather-scatter,0.8,1,gather-scatter,0.8
amlc_03505,HI-Small,1,gather-scatter,1.0,0.9930715934513844,1,gather-scatter,0.99968547,1,gather-scatter,0.9993845,1,gather-scatter,0.9973805273929848,1,gather-scatter,1,scatter-gather,0.6,1,fan-out,0.6,1,fan-out,0.8,1,gather-scatter,0.6,1,gather-scatter,0.8,1,gather-scatter,0.8,1,gather-scatter,0.8
amlc_03506,HI-Small,1,gather-scatter,1.0,0.8994123335200435,1,gather-scatter,0.85055506,1,gather-scatter,0.99779356,1,gather-scatter,0.9159203170245848,1,gather-scatter,1,gather-scatter,0.6,0,,0.5,1,bipartite,0.8,1,gather-scatter,0.8,1,gather-scatter,0.8,1,gather-scatter,0.8,1,gather-scatter,0.8
amlc_03507,HI-Small,1,gather-scatter,1.0,0.8449411389226885,1,gather-scatter,0.97179395,1,gather-scatter,0.99751997,1,gather-scatter,0.9380850194889696,1,gather-scatter,1,fan-out,0.6,1,fan-out,0.8,1,random,0.8,1,gather-scatter,0.8,1,scatter-gather,0.8,1,gather-scatter,0.8,1,gather-scatter,0.8
amlc_03508,HI-Small,1,gather-scatter,1.0,0.993139844240582,1,gather-scatter,0.9996538,1,gather-scatter,0.99793494,1,gather-scatter,0.9969095326469462,1,gather-scatter,1,fan-in,0.6,1,gather-scatter,0.6,1,fan-out,0.8,1,gather-scatter,0.8,1,gather-scatter,0.8,1,gather-scatter,0.8,1,gather-scatter,0.8
amlc_03509,HI-Small,1,gather-scatter,1.0,0.9927881058382432,1,gather-scatter,0.9995718,1,gather-scatter,0.9994677,1,gather-scatter,0.997275858995896,1,gather-scatter,1,gather-scatter,0.6,1,gather-scatter,0.6,0,,0.7,1,gather-scatter,0.6,1,gather-scatter,0.8,1,gather-scatter,0.8,1,gather-scatter,0.8
amlc_03510,HI-Small,1,gather-scatter,1.0,0.9910797891946584,1,gather-scatter,0.99957216,1,gather-scatter,0.9993184,1,gather-scatter,0.996656789313818,1,gather-scatter,1,fan-out,0.6,0,,0.5,1,random,0.8,1,scatter-gather,0.8,1,fan-out,0.8,1,gather-scatter,0.8,1,gather-scatter,0.8
amlc_03511,HI-Small,1,gather-scatter,1.0,0.9931902423136962,1,gather-scatter,0.9997757,1,gather-scatter,0.99951494,1,gather-scatter,0.9974936291454082,1,gather-scatter,1,gather-scatter,0.6,1,gather-scatter,0.6,1,fan-out,0.6,1,gather-scatter,0.8,1,gather-scatter,0.8,1,gather-scatter,0.8,1,gather-scatter,0.8
amlc_03512,HI-Small,1,gather-scatter,1.0,0.9920621672352472,1,gather-scatter,0.99946386,1,gather-scatter,0.9994918,1,gather-scatter,0.9970059447513792,1,gather-scatter,1,fan-out,0.6,1,scatter-gather,0.6,1,scatter-gather,0.8,1,gather-scatter,0.8,1,scatter-gather,0.8,1,gather-scatter,0.8,1,gather-scatter,0.8
amlc_03513,HI-Small,1,gather-scatter,1.0,0.9838854910238126,1,gather-scatter,0.99908954,1,gather-scatter,0.9996295,1,gather-scatter,0.9942015092009816,1,gather-scatter,1,gather-scatter,0.6,1,gather-scatter,0.6,1,gather-scatter,0.8,1,gather-scatter,0.8,1,gather-scatter,0.8,0,,0.7,1,gather-scatter,0.8
amlc_03514,HI-Small,1,gather-scatter,1.0,0.9563188673037007,1,gather-scatter,0.96485823,1,gather-scatter,0.9991004,1,gather-scatter,0.9734258294429288,1,gather-scatter,1,scatter-gather,0.6,0,,0.7,1,gather-scatter,0.6,1,gather-scatter,0.8,1,gather-scatter,0.8,1,gather-scatter,0.8,1,gather-scatter,0.8
amlc_03515,HI-Small,1,gather-scatter,1.0,0.9365109508779096,1,gather-scatter,0.9775151,1,gather-scatter,0.9985221,1,gather-scatter,0.9708493850478348,1,gather-scatter,1,fan-out,0.6,1,fan-out,0.6,1,fan-out,0.6,1,gather-scatter,0.6,1,fan-out,0.8,1,fan-out,0.8,0,,0.5
amlc_03516,HI-Small,1,gather-scatter,1.0,0.992861529935494,1,gather-scatter,0.9996893,1,gather-scatter,0.9994017,1,gather-scatter,0.9973174998326748,1,gather-scatter,1,gather-scatter,0.6,0,,0.7,1,gather-scatter,0.8,1,gather-scatter,0.6,1,gather-scatter,0.8,1,gather-scatter,0.8,1,gather-scatter,0.8
amlc_03517,HI-Small,1,gather-scatter,1.0,0.9940105421620896,1,gather-scatter,0.99976826,1,gather-scatter,0.9994354,1,gather-scatter,0.9977380747026302,1,gather-scatter,1,fan-in,0.8,1,fan-out,0.6,1,scatter-gather,0.8,1,gather-scatter,0.8,1,gather-scatter,0.8,1,gather-scatter,0.8,0,,0.5
amlc_03518,HI-Small,1,gather-scatter,1.0,0.9899201073674088,1,gather-scatter,0.99890506,1,gather-scatter,0.9992584,1,gather-scatter,0.9960278563508632,1,gather-scatter,1,gather-scatter,0.6,1,fan-out,0.6,1,fan-in,0.6,1,gather-scatter,0.8,1,gather-scatter,0.8,0,,0.7,0,,0.5
amlc_03519,HI-Small,1,gather-scatter,1.0,0.9779907541549856,1,gather-scatter,0.9972849,1,gather-scatter,0.9975398,1,gather-scatter,0.9909384872210244,1,gather-scatter,1,fan-out,0.6,1,scatter-gather,0.6,0,,0.7,1,gather-scatter,0.6,1,gather-scatter,0.8,1,gather-scatter,0.8,0,,0.5
amlc_03520,HI-Small,1,gather-scatter,1.0,0.9910973861382648,1,gather-scatter,0.99820197,1,gather-scatter,0.9977294,1,gather-scatter,0.9956762576952988,1,gather-scatter,1,gather-scatter,0.6,1,fan-out,0.6,1,scatter-gather,0.8,1,gather-scatter,0.6,1,fan-in,0.8,1,gather-scatter,0.8,0,,0.5
amlc_03521,HI-Small,1,gather-scatter,1.0,0.9864334455311424,1,gather-scatter,0.99714077,1,gather-scatter,0.9959034,1,gather-scatter,0.9931591944952848,1,gather-scatter,1,fan-out,0.8,1,fan-out,0.6,1,gather-scatter,0.8,1,gather-scatter,0.8,1,fan-in,0.8,1,gather-scatter,0.8,0,,0.5
amlc_03522,HI-Small,1,gather-scatter,1.0,0.9858671881628692,1,gather-scatter,0.9969643,1,gather-scatter,0.99813855,1,gather-scatter,0.9936566703144928,1,gather-scatter,1,gather-scatter,0.6,1,gather-scatter,0.8,1,bipartite,0.8,1,gather-scatter,0.6,1,gather-scatter,0.8,1,gather-scatter,0.8,0,,0.5
amlc_03523,HI-Small,1,gather-scatter,1.0,0.98817614869481,1,gather-scatter,0.9977328,1,gather-scatter,0.998233,1,gather-scatter,0.9947139957090406,1,gather-scatter,1,fan-out,0.8,1,gather-scatter,0.6,1,scatter-gather,0.8,1,gather-scatter,0.6,1,fan-in,0.8,1,gather-scatter,0.8,0,,0.5
amlc_03524,HI-Small,1,gather-scatter,1.0,0.9700688919680616,1,gather-scatter,0.998124,1,gather-scatter,0.99792117,1,gather-scatter,0.9887046880608564,1,gather-scatter,1,fan-out,0.6,1,gather-scatter,0.6,1,gather-scatter,0.8,1,bipartite,0.8,1,gather-scatter,0.8,1,gather-scatter,0.8,0,,0.5
amlc_03525,HI-Small,1,gather-scatter,1.0,0.9901303565543492,1,gather-scatter,0.99788827,1,gather-scatter,0.99860334,1,gather-scatter,0.9955406558527417,1,gather-scatter,1,gather-scatter,0.6,1,gather-scatter,0.6,1,fan-out,0.8,1,gather-scatter,0.8,1,gather-scatter,0.8,1,gather-scatter,0.8,0,,0.5
amlc_03526,HI-Small,1,gather-scatter,1.0,0.9918593800228294,1,gather-scatter,0.99879897,1,gather-scatter,0.9983777,1,gather-scatter,0.9963453424030364,1,gather-scatter,1,gather-scatter,0.8,1,gather-scatter,0.6,1,gather-scatter,0.8,1,gather-scatter,0.6,1,gather-scatter,0.8,1,gather-scatter,0.8,0,,0.5
amlc_03527,HI-Small,1,gather-scatter,1.0,0.9870777696977486,1,gather-scatter,0.99741155,1,gather-scatter,0.99874175,1,gather-scatter,0.9944103549126264,1,gather-scatter,1,gather-scatter,0.6,1,fan-in,0.6,1,bipartite,0.8,1,gather-scatter,0.6,1,gather-scatter,0.8,1,gather-scatter,0.8,0,,0.5
amlc_03528,HI-Small,1,gather-scatter,1.0,0.993226267963698,1,gather-scatter,0.9995329,1,gather-scatter,0.99753475,1,gather-scatter,0.996764632751561,1,gather-scatter,1,fan-out,0.6,1,gather-scatter,0.6,1,fan-in,0.6,1,gather-scatter,0.6,1,gather-scatter,0.8,1,gather-scatter,0.8,0,,0.5
amlc_03529,HI-Small,1,gather-scatter,1.0,0.9833077722390692,1,gather-scatter,0.994977,1,gather-scatter,0.9903325,1,gather-scatter,0.9895390846199524,1,gather-scatter,1,fan-out,0.6,1,gather-scatter,0.6,1,fan-out,0.6,1,gather-scatter,0.6,1,gather-scatter,0.8,1,gather-scatter,0.8,0,,0.5
amlc_03530,HI-Small,1,scatter-gather,1.0,0.9917926505934532,1,scatter-gather,0.99925387,1,scatter-gather,0.9922265,1,scatter-gather,0.994424333695946,1,scatter-gather,1,fan-out,0.8,1,gather-scatter,0.6,1,fan-in,0.8,1,gather-scatter,0.8,1,fan-in,0.8,1,scatter-gather,0.8,0,,0.5
amlc_03531,HI-Small,1,scatter-gather,1.0,0.9052952377218576,1,scatter-gather,0.9512946,1,scatter-gather,0.94693774,1,scatter-gather,0.934509192844847,1,scatter-gather,1,fan-in,0.8,1,fan-in,0.6,1,fan-in,0.8,1,gather-scatter,0.6,1,scatter-gather,0.8,1,scatter-gather,0.8,1,scatter-gather,0.8
amlc_03532,HI-Small,1,scatter-gather,1.0,0.9916301706801718,1,scatter-gather,0.9991295,1,scatter-gather,0.9898111,1,scatter-gather,0.9935235890868924,1,scatter-gather,1,gather-scatter,0.6,1,fan-out,0.6,0,,0.7,1,scatter-gather,0.6,1,fan-in,0.8,1,gather-scatter,0.8,0,,0.5
amlc_03533,HI-Small,1,scatter-gather,1.0,0.969182959716726,1,scatter-gather,0.9906985,1,scatter-gather,0.9950477,1,scatter-gather,0.9849763881899278,1,scatter-gather,1,fan-out,0.8,1,gather-scatter,0.6,1,scatter-gather,0.8,1,gather-scatter,0.6,1,scatter-gather,0.8,1,scatter-gather,0.8,1,scatter-gather,0.8
amlc_03534,HI-Small,1,scatter-gather,1.0,0.9939723880087432,1,scatter-gather,0.9997474,1,scatter-gather,0.99909896,1,scatter-gather,0.9976062467030384,1,scatter-gather,1,fan-out,0.8,1,gather-scatter,0.8,1,gather-scatter,0.8,1,gather-scatter,0.8,1,gather-scatter,0.8,1,gather-scatter,0.8,0,,0.5
amlc_03535,HI-Small,1,scatter-gather,1.0,0.9734845104062936,1,scatter-gather,0.9951811,1,scatter-gather,0.9807397,1,scatter-gather,0.9831351022668806,1,scatter-gather,1,gather-scatter,0.6,1,gather-scatter,0.6,1,gather-scatter,0.8,1,gather-scatter,0.6,1,scatter-gather,0.8,0,,0.7,1,scatter-gather,0.8
amlc_03536,HI-Small,1,scatter-gather,1.0,0.9917280036580144,1,scatter-gather,0.99776584,1,scatter-gather,0.99938554,1,scatter-gather,0.996293126158303,1,scatter-gather,1,gather-scatter,0.6,1,gather-scatter,0.6,1,fan-out,0.8,1,random,0.8,1,gather-scatter,0.8,1,gather-scatter,0.8,0,,0.5
amlc_03537,HI-Small,1,scatter-gather,1.0,0.9408707170099172,1,scatter-gather,0.9857895,1,scatter-gather,0.9713567,1,scatter-gather,0.9660056282550148,1,scatter-gather,1,fan-out,0.8,1,fan-out,0.6,1,fan-out,0.8,1,scatter-gather,0.8,1,scatter-gather,0.8,1,scatter-gather,0.8,0,,0.5
amlc_03538,HI-Small,1,scatter-gather,1.0,0.992512780407956,1,scatter-gather,0.9992348,1,scatter-gather,0.99978817,1,scatter-gather,0.9971785803569326,1,scatter-gather,1,gather-scatter,0.8,1,gather-scatter,0.6,1,fan-out,0.8,1,gather-scatter,0.8,1,scatter-gather,0.8,1,gather-scatter,0.8,0,,0.5
amlc_03539,HI-Small,0,legit,1.0,0.765408251149309,0,scatter-gather,0.8213336,1,scatter-gather,0.9478348,1,scatter-gather,0.8448588760239722,1,scatter-gather,1,fan-in,0.6,1,fan-in,0.6,1,fan-in,0.8,1,gather-scatter,0.6,1,fan-in,0.8,1,scatter-gather,0.8,1,scatter-gather,0.8
amlc_03540,HI-Small,1,scatter-gather,1.0,0.8913709971216525,1,scatter-gather,0.9738137,1,scatter-gather,0.92547274,1,scatter-gather,0.9302191486923962,1,scatter-gather,1,fan-out,0.6,1,fan-in,0.6,1,scatter-gather,0.8,1,gather-scatter,0.8,1,scatter-gather,0.8,1,scatter-gather,0.8,1,scatter-gather,0.8
amlc_03541,HI-Small,1,scatter-gather,1.0,0.9915157323314664,1,scatter-gather,0.999493,1,scatter-gather,0.9998518,1,scatter-gather,0.9969535193586984,1,scatter-gather,1,fan-in,0.6,1,gather-scatter,0.8,0,,0.7,1,gather-scatter,0.6,1,gather-scatter,0.8,1,gather-scatter,0.8,0,,0.5
amlc_03542,HI-Small,0,legit,1.0,0.2724332371468918,0,scatter-gather,0.047298677,0,scatter-gather,0.9126836,1,scatter-gather,0.4108051735201006,0,scatter-gather,1,fan-in,0.6,1,fan-in,0.8,1,fan-in,0.6,1,gather-scatter,0.8,1,scatter-gather,0.8,1,scatter-gather,0.8,1,scatter-gather,0.8
amlc_03543,HI-Small,1,scatter-gather,1.0,0.8218818231562907,1,scatter-gather,0.96738946,1,scatter-gather,0.9028927,1,scatter-gather,0.8973879987710096,1,scatter-gather,1,fan-in,0.8,1,fan-in,0.6,1,random,0.8,1,gather-scatter,0.8,1,scatter-gather,0.8,1,gather-scatter,0.8,1,scatter-gather,0.8
amlc_03544,HI-Small,1,scatter-gather,1.0,0.9931292057796078,1,scatter-gather,0.99952924,1,scatter-gather,0.99973094,1,scatter-gather,0.9974631309762184,1,scatter-gather,1,gather-scatter,0.6,1,gather-scatter,0.6,0,cycle,0.7,1,gather-scatter,0.8,1,gather-scatter,0.8,1,gather-scatter,0.8,0,,0.5
amlc_03545,HI-Small,1,scatter-gather,1.0,0.8817448543904411,1,scatter-gather,0.93693197,1,scatter-gather,0.98568285,1,scatter-gather,0.9347865557471312,1,scatter-gather,1,scatter-gather,0.8,1,fan-in,0.6,1,fan-in,0.8,1,gather-scatter,0.6,1,scatter-gather,0.8,1,scatter-gather,0.8,1,scatter-gather,0.8
amlc_03546,HI-Small,1,scatter-gather,1.0,0.9935800031416692,1,scatter-gather,0.99965686,1,scatter-gather,0.9998287,1,scatter-gather,0.9976885184842044,1,scatter-gather,1,gather-scatter,0.6,1,gather-scatter,0.6,1,fan-in,0.8,1,bipartite,0.8,1,fan-in,0.8,1,gather-scatter,0.8,0,,0.5
amlc_03547,HI-Small,0,legit,1.0,0.2651021130457307,0,scatter-gather,0.15611377,0,scatter-gather,0.95779246,1,scatter-gather,0.459669449182841,0,scatter-gather,1,fan-out,0.6,1,gather-scatter,0.6,1,fan-in,0.8,1,gather-scatter,0.6,1,scatter-gather,0.8,1,scatter-gather,0.8,1,scatter-gather,0.8
amlc_03548,HI-Small,1,scatter-gather,1.0,0.8434601441453726,1,scatter-gather,0.77931875,0,scatter-gather,0.9564579,1,scatter-gather,0.8597456023239701,1,scatter-gather,1,scatter-gather,0.6,1,fan-in,0.6,1,scatter-gather,0.6,1,gather-scatter,0.6,1,scatter-gather,0.8,1,scatter-gather,0.8,1,scatter-gather,0.8
amlc_03549,HI-Small,1,scatter-gather,1.0,0.9938225879919326,1,scatter-gather,0.99980927,1,scatter-gather,0.9997613,1,scatter-gather,0.997797712175442,1,scatter-gather,1,gather-scatter,0.6,1,gather-scatter,0.6,1,fan-out,0.6,1,bipartite,0.8,1,scatter-gather,0.8,1,gather-scatter,0.8,0,,0.5
amlc_03550,HI-Small,1,scatter-gather,1.0,0.9722877453809592,1,scatter-gather,0.9952208,1,scatter-gather,0.996878,1,scatter-gather,0.9881288512231778,1,scatter-gather,1,fan-out,0.8,1,fan-in,0.6,1,scatter-gather,0.6,1,gather-scatter,0.6,1,scatter-gather,0.8,1,scatter-gather,0.8,1,scatter-gather,0.8
amlc_03551,HI-Small,1,scatter-gather,1.0,0.992824309828464,1,scatter-gather,0.9991223,1,scatter-gather,0.9997735,1,scatter-gather,0.9972400445946666,1,scatter-gather,1,gather-scatter,0.6,1,scatter-gather,0.6,0,,0.7,1,random,0.8,1,gather-scatter,0.8,1,fan-in,0.8,0,,0.5
amlc_03552,HI-Small,1,scatter-gather,1.0,0.9664170707761078,1,scatter-gather,0.9889513,1,scatter-gather,0.9939891,1,scatter-gather,0.9831191687285512,1,scatter-gather,1,fan-out,0.8,1,fan-out,0.6,1,scatter-gather,0.6,1,bipartite,0.8,1,scatter-gather,0.8,1,scatter-gather,0.8,1,gather-scatter,0.8
amlc_03553,HI-Small,1,scatter-gather,1.0,0.9905416910180026,1,scatter-gather,0.99913394,1,scatter-gather,0.9997865,1,scatter-gather,0.9964873772306104,1,scatter-gather,1,gather-scatter,0.8,1,gather-scatter,0.8,0,,0.7,1,gather-scatter,0.8,1,gather-scatter,0.8,1,gather-scatter,0.8,0,,0.5
amlc_03554,HI-Small,1,scatter-gather,1.0,0.950709169587192,1,scatter-gather,0.9798953,1,scatter-gather,0.99487114,1,scatter-gather,0.9751585342753918,1,scatter-gather,1,scatter-gather,0.6,1,gather-scatter,0.6,1,scatter-gather,0.6,1,random,0.8,1,scatter-gather,0.8,1,scatter-gather,0.8,0,,0.5
amlc_03555,HI-Small,1,scatter-gather,1.0,0.9933670360295912,1,scatter-gather,0.99952316,1,scatter-gather,0.99981576,1,scatter-gather,0.9975686536381292,1,scatter-gather,1,scatter-gather,0.6,0,,0.7,0,,0.7,1,gather-scatter,0.8,1,gather-scatter,0.8,1,gather-scatter,0.8,0,,0.5
amlc_03556,HI-Small,1,scatter-gather,1.0,0.9790109663230052,1,scatter-gather,0.99695635,1,scatter-gather,0.99835044,1,scatter-gather,0.991439252066012,1,scatter-gather,1,fan-out,0.6,1,gather-scatter,0.6,1,scatter-gather,0.6,1,gather-scatter,0.6,1,scatter-gather,0.8,1,scatter-gather,0.8,1,scatter-gather,0.8
amlc_03557,HI-Small,1,scatter-gather,1.0,0.9583687415511294,1,scatter-gather,0.987105,1,scatter-gather,0.99794245,1,fan-out,0.9811387337178284,1,scatter-gather,1,scatter-gather,0.8,0,,0.5,1,random,0.8,1,random,0.8,1,gather-scatter,0.8,1,gather-scatter,0.8,0,,0.5
amlc_03558,HI-Small,1,scatter-gather,1.0,0.7847850386711606,0,scatter-gather,0.5758113,0,scatter-gather,0.9790398,1,scatter-gather,0.7798787178070231,0,scatter-gather,1,fan-out,0.6,1,cycle,0.8,1,gather-scatter,0.8,1,gather-scatter,0.6,1,scatter-gather,0.8,1,scatter-gather,0.8,0,,0.5
amlc_03559,HI-Small,1,scatter-gather,1.0,0.9939741862247438,1,scatter-gather,0.9998026,1,scatter-gather,0.9990031,1,scatter-gather,0.997593295985793,1,scatter-gather,1,scatter-gather,0.6,1,random,0.8,0,,0.7,1,random,0.8,1,gather-scatter,0.8,1,fan-in,0.8,0,,0.5
amlc_03560,HI-Small,0,legit,1.0,0.2581148402248702,0,scatter-gather,0.08652761,0,scatter-gather,0.9898286,1,scatter-gather,0.4448236783794191,0,scatter-gather,1,fan-out,0.8,1,fan-in,0.6,1,fan-in,0.8,1,gather-scatter,0.8,1,scatter-gather,0.8,1,scatter-gather,0.8,1,scatter-gather,0.8
amlc_03561,HI-Small,1,scatter-gather,1.0,0.930110503851379,1,scatter-gather,0.9886854,1,scatter-gather,0.9827794,1,scatter-gather,0.9671917722023212,1,scatter-gather,1,gather-scatter,0.6,1,fan-in,0.6,1,fan-in,0.8,1,gather-scatter,0.6,1,scatter-gather,0.8,1,scatter-gather,0.8,1,scatter-gather,0.8
amlc_03562,HI-Small,0,legit,1.0,0.30124443706801,0,stack,0.13099188,0,stack,0.807673,1,stack,0.4133030968802851,0,stack,1,fan-in,0.8,1,stack,0.8,1,scatter-gather,0.8,1,gather-scatter,0.6,1,gather-scatter,0.8,1,gather-scatter,0.8,0,,0.5
amlc_03563,HI-Small,1,legit,1.0,0.0018556212588828,0,fan-out,0.0012625953,0,fan-out,0.014003088,0,fan-out,0.0057071014401086,0,fan-out,0,,0.5,0,,0.5,1,fan-out,0.8,1,gather-scatter,0.6,1,fan-out,0.8,0,,0.7,0,,0.5
amlc_03564,HI-Small,0,legit,469.33800841514727,0.0007863695533872,0,fan-out,0.0012501341,0,fan-out,0.0083933715,0,fan-out,0.0034766250378738,0,fan-out,0,,0.5,0,,0.5,0,,0.7,1,gather-scatter,0.8,1,fan-out,0.8,1,fan-out,0.8,0,,0.5
amlc_03565,HI-Small,0,legit,483.5610098176718,0.0002124248431193,0,bipartite,0.00017798344,0,bipartite,0.03286284,0,bipartite,0.0110844155475928,0,bipartite,1,fan-out,0.6,1,fan-out,0.6,1,fan-out,0.6,1,gather-scatter,0.6,1,fan-out,0.8,0,,0.7,0,,0.5
amlc_03566,HI-Small,0,legit,469.33800841514727,1.2808478751664152e-05,0,bipartite,4.164104e-06,0,bipartite,0.008009565,0,bipartite,0.0026755125485947,0,bipartite,1,fan-in,0.6,1,fan-in,0.6,1,random,0.8,1,gather-scatter,0.6,1,fan-in,0.8,1,fan-in,0.8,1,fan-in,0.8
amlc_03567,HI-Small,0,legit,483.5610098176718,3.060521830103801e-05,0,stack,8.186191e-06,0,stack,0.015756527,0,stack,0.0052651061236831,0,stack,1,gather-scatter,0.8,1,gather-scatter,0.8,1,random,0.8,1,gather-scatter,0.6,1,gather-scatter,0.8,1,gather-scatter,0.8,1,gather-scatter,0.8
amlc_03568,HI-Small,1,legit,1.0,0.0652666383671094,0,bipartite,0.036902204,0,bipartite,0.029868254,0,bipartite,0.0440123656536913,0,bipartite,1,gather-scatter,0.8,0,,0.5,1,random,0.8,1,random,0.8,1,fan-out,0.8,1,stack,0.8,1,gather-scatter,0.8
amlc_03569,HI-Small,0,legit,469.33800841514727,9.1538902984588e-05,0,bipartite,3.040049e-05,0,bipartite,0.06885209,0,bipartite,0.0229913429127389,0,bipartite,1,gather-scatter,0.6,1,gather-scatter,0.8,1,fan-out,0.6,1,gather-scatter,0.8,1,gather-scatter,0.8,1,stack,0.8,1,gather-scatter,0.8
amlc_03570,HI-Small,1,legit,1.0,0.009100010191078,0,bipartite,0.019437103,0,bipartite,0.7385567,0,bipartite,0.2556979319518391,0,bipartite,1,gather-scatter,0.6,1,fan-out,0.8,1,gather-scatter,0.8,1,gather-scatter,0.8,1,gather-scatter,0.8,1,gather-scatter,0.8,1,gather-scatter,0.8
amlc_03571,HI-Small,0,legit,469.33800841514727,1.447572443316831e-05,0,bipartite,2.019121e-05,0,fan-in,0.0042640762,0,bipartite,0.0014329143915452,0,bipartite,1,scatter-gather,0.6,1,gather-scatter,0.6,1,scatter-gather,0.8,1,gather-scatter,0.8,1,gather-scatter,0.8,1,scatter-gather,0.8,1,scatter-gather,0.8
amlc_03572,HI-Small,1,legit,1.0,0.0496003096981686,0,fan-in,0.03298306,0,fan-in,0.15002139,0,fan-in,0.0775349199170484,0,fan-in,1,gather-scatter,0.6,1,fan-out,0.8,1,gather-scatter,0.6,1,gather-scatter,0.6,1,fan-out,0.8,1,gather-scatter,0.8,1,gather-scatter,0.8
amlc_03573,HI-Small,0,legit,469.33800841514727,1.3944086523083509e-05,0,bipartite,1.0365364e-05,0,bipartite,0.007562877,0,bipartite,0.0025290621983218,0,bipartite,1,fan-out,0.6,1,fan-out,0.6,1,gather-scatter,0.6,1,gather-scatter,0.6,1,fan-out,0.8,0,,0.7,0,,0.5
amlc_03574,HI-Small,0,legit,1.0,0.944627247989596,1,stack,0.8175653,1,stack,0.26841453,0,cycle,0.6768690323632361,0,stack,1,fan-out,0.6,1,fan-out,0.6,0,,0.7,1,gather-scatter,0.8,1,random,0.8,1,gather-scatter,0.8,0,,0.5
amlc_03575,HI-Small,0,legit,483.5610098176718,1.282470292849273e-05,0,bipartite,4.237293e-06,0,fan-in,0.021340398,0,bipartite,0.0071191533712992,0,bipartite,1,gather-scatter,0.6,1,fan-out,0.6,1,fan-out,0.8,1,gather-scatter,0.6,1,fan-out,0.8,1,fan-out,0.8,0,,0.5
amlc_03576,HI-Small,0,legit,469.33800841514727,0.0005338453442433,0,bipartite,0.00068261294,0,bipartite,0.18904129,0,bipartite,0.0634192483301466,0,bipartite,1,gather-scatter,0.8,1,gather-scatter,0.6,1,gather-scatter,0.8,1,gather-scatter,0.8,1,gather-scatter,0.8,1,gather-scatter,0.8,1,gather-scatter,0.8
amlc_03577,HI-Small,1,legit,1.0,0.0510310680246851,0,bipartite,0.04020142,0,bipartite,0.028136086,0,bipartite,0.039789525190211,0,bipartite,1,fan-in,0.6,1,fan-in,0.6,1,fan-in,0.6,1,gather-scatter,0.6,1,fan-in,0.8,1,fan-in,0.8,1,fan-in,0.8
amlc_03578,HI-Small,1,gather-scatter,1.0,0.9622347991601928,1,gather-scatter,0.9945755,1,gather-scatter,0.9967948,1,gather-scatter,0.984535039826774,1,gather-scatter,1,cycle,0.8,1,gather-scatter,0.6,1,cycle,0.8,1,cycle,0.8,1,cycle,0.8,0,,0.7,0,,0.5
amlc_03579,HI-Small,1,gather-scatter,1.0,0.9781648335520574,1,gather-scatter,0.99759257,1,gather-scatter,0.9997657,1,gather-scatter,0.9918410320303224,1,gather-scatter,1,cycle,0.8,1,cycle,0.8,1,gather-scatter,0.8,1,cycle,0.8,1,cycle,0.8,1,cycle,0.8,0,,0.5
amlc_03580,HI-Small,1,gather-scatter,1.0,0.7763478561254342,0,gather-scatter,0.992239,1,gather-scatter,0.99623215,1,gather-scatter,0.9216063355078962,1,gather-scatter,1,fan-out,0.6,1,fan-out,0.8,1,fan-out,0.8,1,gather-scatter,0.6,1,cycle,0.8,1,cycle,0.8,0,,0.5
amlc_03581,HI-Small,1,gather-scatter,1.0,0.9882116571353968,1,gather-scatter,0.99605453,1,gather-scatter,0.99969494,1,gather-scatter,0.9946537102357248,1,gather-scatter,1,cycle,0.8,1,cycle,0.8,1,cycle,0.8,1,gather-scatter,0.8,1,cycle,0.8,1,cycle,0.8,0,,0.5
amlc_03582,HI-Small,1,gather-scatter,1.0,0.9851386397647468,1,gather-scatter,0.98994464,1,gather-scatter,0.9990942,1,gather-scatter,0.991392488266614,1,gather-scatter,1,cycle,0.8,1,cycle,0.8,1,cycle,0.8,1,gather-scatter,0.8,1,cycle,0.8,0,,0.7,0,,0.5
amlc_03583,HI-Small,1,gather-scatter,1.0,0.9799892892755906,1,gather-scatter,0.99705637,1,gather-scatter,0.99606085,1,gather-scatter,0.9910355008415992,1,gather-scatter,1,cycle,0.8,1,cycle,0.8,1,cycle,0.8,1,gather-scatter,0.6,1,cycle,0.8,1,cycle,0.8,0,,0.5
amlc_03584,HI-Small,0,legit,483.5610098176718,0.0006229797200512,0,fan-out,0.00037223776,0,fan-out,0.030785393,0,fan-out,0.0105935368162029,0,fan-out,0,,0.5,0,,0.5,1,random,0.8,1,gather-scatter,0.6,1,fan-out,0.8,0,,0.7,0,,0.5
amlc_03585,HI-Small,0,legit,483.5610098176718,6.0642754627177945e-05,0,bipartite,2.5248572e-05,0,stack,0.025359064,0,bipartite,0.0084816518889216,0,bipartite,1,fan-out,0.6,1,fan-out,0.8,1,random,0.8,1,gather-scatter,0.6,1,scatter-gather,0.8,1,scatter-gather,0.8,0,,0.5
amlc_03586,HI-Small,1,legit,1.0,0.012379796981782,0,fan-in,0.023928761,0,fan-in,0.1505088,0,fan-in,0.0622724548578164,0,fan-in,1,gather-scatter,0.6,0,,0.5,1,fan-out,0.8,1,random,0.8,1,fan-out,0.8,1,fan-out,0.8,1,fan-out,0.8
amlc_03587,HI-Small,0,legit,469.33800841514727,3.239508709882391e-05,0,bipartite,1.3513137e-05,0,stack,0.0061240103,0,stack,0.0020566395111466,0,stack,1,fan-in,0.8,1,gather-scatter,0.6,1,gather-scatter,0.8,1,gather-scatter,0.6,1,gather-scatter,0.8,1,gather-scatter,0.8,1,gather-scatter,0.8
amlc_03588,HI-Small,1,legit,1.0,0.0033742869538724,0,fan-in,0.003797038,0,fan-in,0.20808497,0,fan-in,0.0717520985530535,0,fan-in,1,gather-scatter,0.6,1,fan-out,0.6,1,gather-scatter,0.8,1,cycle,0.8,1,stack,0.8,1,stack,0.8,1,gather-scatter,0.8
amlc_03589,HI-Small,1,legit,1.0,0.0008612084993491,0,fan-out,0.0005213875,0,fan-out,0.0074102744,0,fan-out,0.0029309567832187,0,fan-out,0,,0.5,0,,0.5,1,random,0.8,1,gather-scatter,0.8,1,fan-out,0.8,0,,0.7,0,,0.5
amlc_03590,HI-Small,1,stack,1.0,0.9890835744919408,1,cycle,0.9978754,1,cycle,0.96752626,1,cycle,0.9848284079890128,1,cycle,1,gather-scatter,0.6,1,gather-scatter,0.6,1,fan-out,0.8,1,gather-scatter,0.6,1,gather-scatter,0.8,0,,0.7,1,gather-scatter,0.8
amlc_03591,HI-Small,1,stack,1.0,0.9862505529358244,1,cycle,0.99649304,1,cycle,0.9713216,1,cycle,0.9846883924151214,1,cycle,1,fan-out,0.6,1,fan-out,0.6,1,fan-out,0.8,1,gather-scatter,0.6,1,fan-out,0.8,0,,0.7,0,,0.5
amlc_03592,HI-Small,0,legit,469.33800841514727,1.4121540737154368e-05,0,bipartite,9.308113e-06,0,bipartite,0.00957195,0,bipartite,0.0031984598682182,0,bipartite,1,gather-scatter,0.6,1,scatter-gather,0.6,1,gather-scatter,0.8,1,random,0.8,1,gather-scatter,0.8,1,stack,0.8,1,random,0.8
amlc_03593,HI-Small,1,legit,1.0,0.0065538609308204,0,bipartite,0.01839972,0,bipartite,0.73469055,0,bipartite,0.2532147090230452,0,bipartite,1,fan-in,0.8,0,random,0.7,1,fan-in,0.6,1,gather-scatter,0.6,1,fan-in,0.8,1,gather-scatter,0.8,1,fan-in,0.8
amlc_03594,HI-Small,1,legit,1.0,0.0007651061991376,0,fan-out,0.00050674815,0,fan-out,0.008934443,0,fan-out,0.0034020990795504,0,fan-out,0,,0.5,0,,0.5,1,fan-out,0.8,1,fan-out,0.6,1,fan-out,0.8,1,fan-out,0.8,0,,0.5
amlc_03595,HI-Small,0,legit,483.5610098176718,0.0005133241531968,0,fan-out,0.00080944906,0,fan-out,0.01079218,0,fan-out,0.0040383177266322,0,fan-out,0,,0.5,0,,0.5,0,,0.5,0,,0.5,1,fan-out,0.8,1,scatter-gather,0.8,0,,0.5
amlc_03596,HI-Small,0,legit,483.5610098176718,1.420344402015287e-05,0,bipartite,4.637571e-05,0,fan-in,0.031855114,0,bipartite,0.0106385643193348,0,bipartite,1,stack,0.8,1,fan-in,0.8,1,scatter-gather,0.8,1,gather-scatter,0.8,1,gather-scatter,0.8,1,gather-scatter,0.8,1,gather-scatter,0.8
amlc_03597,HI-Small,0,legit,1.0,0.8911395613322233,1,stack,0.77503425,0,stack,0.8472107,1,stack,0.8377948384804718,1,stack,1,fan-out,0.6,1,fan-out,0.6,1,fan-out,0.8,1,gather-scatter,0.6,1,fan-out,0.8,1,gather-scatter,0.8,1,fan-out,0.8
amlc_03598,HI-Small,0,legit,469.33800841514727,1.3410707821319117e-05,0,bipartite,9.282157e-06,0,stack,0.011333519,0,bipartite,0.0037854038422623,0,bipartite,1,gather-scatter,0.6,1,fan-out,0.6,1,gather-scatter,0.8,1,gather-scatter,0.6,1,gather-scatter,0.8,1,gather-scatter,0.8,1,gather-scatter,0.8
amlc_03599,HI-Small,0,legit,483.5610098176718,1.7449065570161004e-05,0,bipartite,8.231799e-06,0,bipartite,0.03985003,0,bipartite,0.0132919036530705,0,bipartite,1,scatter-gather,0.6,1,fan-out,0.6,1,gather-scatter,0.8,1,gather-scatter,0.6,1,scatter-gather,0.8,1,scatter-gather,0.8,1,scatter-gather,0.8
amlc_03600,HI-Small,0,legit,469.33800841514727,1.7872012193497084e-05,0,bipartite,6.4911246e-06,0,stack,0.009999549,0,stack,0.0033413040510575,0,stack,1,fan-out,0.6,0,,0.7,1,fan-out,0.6,1,gather-scatter,0.8,1,fan-out,0.8,1,gather-scatter,0.8,0,,0.5
amlc_03601,HI-Small,0,legit,483.5610098176718,6.837588323151039e-05,0,stack,7.04788e-05,0,bipartite,0.018541805,0,bipartite,0.0062268867109719,0,bipartite,1,fan-in,0.8,0,,0.7,1,bipartite,0.8,1,gather-scatter,0.6,1,gather-scatter,0.8,1,gather-scatter,0.8,1,gather-scatter,0.8
amlc_03602,HI-Small,0,legit,483.5610098176718,0.0002472170531033,0,bipartite,4.0391107e-05,0,bipartite,0.03388628,0,bipartite,0.0113912960236944,0,bipartite,1,fan-out,0.6,1,fan-out,0.6,1,fan-out,0.8,1,gather-scatter,0.6,1,fan-out,0.8,0,,0.7,0,,0.5
amlc_03603,HI-Small,0,legit,483.5610098176718,0.0011811297813289,0,bipartite,0.00054445467,0,fan-out,0.03176066,0,fan-out,0.0111620811732438,0,fan-out,0,,0.5,0,,0.5,1,fan-out,0.8,1,gather-scatter,0.8,1,fan-out,0.8,0,,0.7,0,,0.5
amlc_03604,HI-Small,0,legit,469.33800841514727,1.3795717268601544e-05,0,bipartite,1.3004357e-05,0,stack,0.0051785866,0,bipartite,0.0017351288847901,0,bipartite,1,random,0.8,1,gather-scatter,0.6,1,random,0.8,1,gather-scatter,0.8,1,gather-scatter,0.8,1,random,0.8,0,,0.5
amlc_03605,HI-Small,1,legit,1.0,0.0800537653580039,0,fan-in,0.027337575,0,fan-in,0.111105815,0,fan-in,0.0728323850884944,0,fan-in,1,scatter-gather,0.6,1,fan-out,0.6,1,stack,0.8,1,gather-scatter,0.6,1,gather-scatter,0.8,1,gather-scatter,0.8,1,gather-scatter,0.8
amlc_03606,HI-Small,0,legit,469.33800841514727,8.293524258022811e-05,0,scatter-gather,7.192555e-05,0,scatter-gather,0.0042765285,0,stack,0.001477129759699,0,scatter-gather,1,stack,0.8,1,scatter-gather,0.8,1,scatter-gather,0.6,1,gather-scatter,0.8,1,random,0.8,1,gather-scatter,0.8,1,fan-out,0.8
amlc_03607,HI-Small,0,legit,1.0,0.6895905771348171,0,stack,0.5676333,0,stack,0.4887782,0,stack,0.5820006840259927,0,stack,1,gather-scatter,0.6,1,gather-scatter,0.8,1,random,0.8,1,gather-scatter,0.8,1,gather-scatter,0.8,1,gather-scatter,0.8,0,,0.5
amlc_03608,HI-Small,0,legit,469.33800841514727,3.968046080668078e-05,0,stack,1.1898266e-05,0,stack,0.009497042,0,stack,0.0031828735136673,0,stack,1,fan-out,0.6,1,fan-out,0.6,1,fan-out,0.8,1,gather-scatter,0.8,1,fan-out,0.8,0,,0.7,0,,0.5
amlc_03609,HI-Small,0,legit,483.5610098176718,0.0027421435438128,0,bipartite,0.0031585922,0,fan-out,0.0115750935,0,bipartite,0.005825276396673,0,bipartite,0,,0.5,0,,0.5,1,random,0.8,1,random,0.8,1,fan-out,0.8,1,fan-out,0.8,0,,0.5
amlc_03610,HI-Small,0,legit,1.0,0.9768211542307008,1,cycle,0.98717386,1,cycle,0.32666558,0,cycle,0.7635535299360311,0,cycle,1,gather-scatter,0.6,1,fan-out,0.8,1,fan-out,0.8,1,gather-scatter,0.8,1,gather-scatter,0.8,1,bipartite,0.8,1,gather-scatter,0.8
amlc_03611,HI-Small,1,random,1.0,0.0630451444885296,0,cycle,0.39981446,0,cycle,0.90227777,1,cycle,0.455045789616014,0,cycle,1,fan-out,0.6,1,fan-out,0.6,1,fan-out,0.8,1,bipartite,0.8,1,fan-out,0.8,1,fan-out,0.8,0,,0.5
amlc_03612,HI-Small,1,legit,1.0,0.0667797863034392,0,bipartite,0.03225348,0,bipartite,0.047585983,0,bipartite,0.0488730835268227,0,bipartite,1,fan-out,0.6,1,gather-scatter,0.6,0,,0.7,1,gather-scatter,0.6,1,scatter-gather,0.8,1,gather-scatter,0.8,1,scatter-gather,0.8
amlc_03613,HI-Small,1,legit,1.0,0.0079659897928176,0,bipartite,0.0094925035,0,bipartite,0.8599517,1,bipartite,0.2924700560700475,0,bipartite,1,gather-scatter,0.6,1,gather-scatter,0.8,1,fan-out,0.6,1,gather-scatter,0.8,1,gather-scatter,0.8,1,gather-scatter,0.8,1,gather-scatter,0.8
amlc_03614,HI-Small,0,legit,483.5610098176718,5.299360672620827e-05,0,bipartite,2.1383597e-05,0,bipartite,0.021299245,0,bipartite,0.0071245406800375,0,bipartite,1,fan-out,0.6,1,fan-out,0.6,1,fan-out,0.6,1,gather-scatter,0.8,1,fan-out,0.8,1,fan-out,0.8,0,,0.5
amlc_03615,HI-Small,0,legit,483.5610098176718,1.8047953625668112e-05,0,fan-in,9.437534e-06,0,fan-in,0.03183797,0,bipartite,0.0106218185018918,0,fan-in,1,fan-out,0.6,1,gather-scatter,0.6,1,fan-out,0.6,1,gather-scatter,0.8,1,scatter-gather,0.8,1,gather-scatter,0.8,0,,0.5
amlc_03616,HI-Small,1,legit,1.0,0.0073556415797362,0,fan-in,0.007856952,0,fan-in,0.084148884,0,fan-in,0.0331204924752675,0,fan-in,1,fan-in,0.6,1,fan-out,0.6,1,fan-in,0.6,1,gather-scatter,0.6,1,fan-in,0.8,1,gather-scatter,0.8,1,fan-in,0.8
amlc_03617,HI-Small,1,gather-scatter,1.0,0.9581866348947342,1,gather-scatter,0.9242098,1,gather-scatter,0.98156106,1,gather-scatter,0.954652491051795,1,gather-scatter,1,fan-out,0.6,1,fan-out,0.8,1,scatter-gather,0.8,1,gather-scatter,0.6,1,gather-scatter,0.8,1,stack,0.8,1,gather-scatter,0.8
amlc_03618,HI-Small,1,gather-scatter,1.0,0.9634816141896184,1,gather-scatter,0.97980344,1,gather-scatter,0.9904566,1,gather-scatter,0.9779138794201194,1,gather-scatter,1,gather-scatter,0.6,1,fan-in,0.6,1,fan-in,0.8,1,gather-scatter,0.8,1,fan-in,0.8,1,gather-scatter,0.8,1,gather-scatter,0.8
amlc_03619,HI-Small,1,gather-scatter,1.0,0.9886371572141904,1,gather-scatter,0.9988681,1,gather-scatter,0.9983071,1,gather-scatter,0.9952707912963318,1,gather-scatter,1,fan-in,0.6,1,gather-scatter,0.6,1,gather-scatter,0.6,1,gather-scatter,0.6,1,gather-scatter,0.8,1,gather-scatter,0.8,1,gather-scatter,0.8
amlc_03620,HI-Small,1,gather-scatter,1.0,0.992223895275614,1,gather-scatter,0.9996581,1,gather-scatter,0.9985937,1,gather-scatter,0.9968252303481172,1,gather-scatter,1,fan-in,0.6,1,gather-scatter,0.8,1,fan-in,0.8,1,gather-scatter,0.6,1,gather-scatter,0.8,1,gather-scatter,0.8,1,gather-scatter,0.8
amlc_03621,HI-Small,1,gather-scatter,1.0,0.964306744745488,1,gather-scatter,0.98746,1,gather-scatter,0.99218,1,gather-scatter,0.9813155839215104,1,gather-scatter,1,fan-in,0.6,1,gather-scatter,0.6,1,fan-in,0.8,1,gather-scatter,0.8,1,gather-scatter,0.8,1,gather-scatter,0.8,1,fan-in,0.8
amlc_03622,HI-Small,1,gather-scatter,1.0,0.9804051430542146,1,gather-scatter,0.99866086,1,gather-scatter,0.99644244,1,gather-scatter,0.9918361475573272,1,gather-scatter,1,fan-out,0.6,1,fan-out,0.6,1,gather-scatter,0.8,1,gather-scatter,0.6,1,scatter-gather,0.8,1,gather-scatter,0.8,1,gather-scatter,0.8
amlc_03623,HI-Small,1,gather-scatter,1.0,0.964294880618088,1,gather-scatter,0.9986885,1,gather-scatter,0.99289733,1,gather-scatter,0.9852935771112418,1,gather-scatter,1,cycle,0.8,1,fan-out,0.8,1,fan-out,0.8,1,gather-scatter,0.6,1,gather-scatter,0.8,1,gather-scatter,0.8,1,gather-scatter,0.8
amlc_03624,HI-Small,0,legit,483.5610098176718,1.3511343235388416e-05,0,stack,8.171241e-06,0,stack,0.035261553,0,bipartite,0.0117610784548845,0,stack,1,fan-out,0.6,1,gather-scatter,0.6,1,fan-out,0.8,1,random,0.8,1,scatter-gather,0.8,1,gather-scatter,0.8,0,,0.5
amlc_03625,HI-Small,0,legit,469.33800841514727,1.269999496138017e-05,0,bipartite,4.773115e-06,0,fan-in,0.0054436373,0,bipartite,0.0018203701231058,0,bipartite,1,fan-out,0.6,1,fan-out,0.6,1,fan-out,0.8,1,gather-scatter,0.8,1,scatter-gather,0.8,0,,0.7,0,,0.5
amlc_03626,HI-Small,0,legit,483.5610098176718,6.78618268075686e-05,0,bipartite,1.4082552e-05,0,stack,0.032358732,0,stack,0.0108135588178681,0,stack,1,fan-out,0.6,1,gather-scatter,0.6,1,fan-out,0.6,1,gather-scatter,0.6,1,gather-scatter,0.8,1,gather-scatter,0.8,1,gather-scatter,0.8
amlc_03627,HI-Small,0,legit,469.33800841514727,6.466041283440273e-05,0,stack,1.7557859e-05,0,stack,0.009222833,0,stack,0.0031016839038081,0,stack,1,scatter-gather,0.8,1,gather-scatter,0.6,1,gather-scatter,0.8,1,gather-scatter,0.8,1,gather-scatter,0.8,1,gather-scatter,0.8,1,gather-scatter,0.8
amlc_03628,HI-Small,0,legit,483.5610098176718,0.0007139022660637,0,fan-out,0.0016053654,0,fan-out,0.012246901,0,fan-out,0.0048553896202771,0,fan-out,0,,0.5,0,,0.5,1,random,0.8,1,gather-scatter,0.8,1,fan-out,0.8,1,fan-out,0.8,0,,0.5
amlc_03629,HI-Small,1,legit,1.0,0.0335913651679447,0,stack,0.019287001,0,stack,0.58261216,0,stack,0.211830174459169,0,stack,1,gather-scatter,0.6,1,fan-out,0.6,0,,0.7,1,gather-scatter,0.8,1,random,0.8,1,fan-out,0.8,0,,0.5
amlc_03630,HI-Small,1,legit,1.0,0.012495287272579,0,fan-in,0.014906593,0,fan-in,0.1022717,0,fan-in,0.0432245261183204,0,fan-in,1,fan-in,0.6,1,fan-in,0.6,1,fan-in,0.8,1,gather-scatter,0.6,1,fan-in,0.8,1,fan-in,0.8,1,fan-in,0.8
amlc_03631,HI-Small,0,legit,469.33800841514727,1.4240411282431754e-05,0,stack,1.1316212e-05,0,fan-in,0.0024998272,0,bipartite,0.0008417946024532,0,fan-in,1,fan-out,0.6,1,scatter-gather,0.6,1,fan-out,0.8,1,gather-scatter,0.8,1,scatter-gather,0.8,1,gather-scatter,0.8,1,gather-scatter,0.8
amlc_03632,HI-Small,1,legit,1.0,0.0006486313922857,0,fan-out,0.00130361,0,fan-out,0.006234916,0,fan-out,0.0027290524540023,0,fan-out,0,,0.5,0,,0.5,0,,0.5,0,,0.5,1,fan-out,0.8,0,,0.7,0,,0.5
amlc_03633,HI-Small,0,legit,469.33800841514727,1.4677655327947132e-05,0,bipartite,3.7445013e-06,0,fan-in,0.010680208,0,bipartite,0.0035662100464383,0,bipartite,1,fan-out,0.6,1,fan-out,0.6,1,fan-out,0.8,1,scatter-gather,0.8,1,fan-out,0.8,1,fan-out,0.8,0,,0.5
amlc_03634,HI-Small,0,legit,469.33800841514727,0.0002230090767729,0,bipartite,0.00021121619,0,bipartite,0.0082229,0,bipartite,0.0028857085323311,0,bipartite,1,fan-out,0.6,1,scatter-gather,0.6,1,fan-out,0.8,1,gather-scatter,0.6,1,scatter-gather,0.8,1,scatter-gather,0.8,1,scatter-gather,0.8
amlc_03635,HI-Small,0,legit,1.0,0.1496992300043835,0,bipartite,0.49438566,0,bipartite,0.5582737,0,bipartite,0.4007861875855371,0,bipartite,1,gather-scatter,0.8,1,gather-scatter,0.8,1,scatter-gather,0.8,1,gather-scatter,0.6,1,fan-in,0.8,1,gather-scatter,0.8,1,stack,0.8
amlc_03636,HI-Small,0,legit,469.33800841514727,5.172022332508405e-05,0,stack,2.7570699e-05,0,bipartite,0.058051,0,bipartite,0.0193767640675824,0,bipartite,1,fan-out,0.6,1,fan-out,0.6,1,scatter-gather,0.8,1,gather-scatter,0.6,1,scatter-gather,0.8,1,fan-out,0.8,0,,0.5
amlc_03637,HI-Small,0,legit,469.33800841514727,0.0001112944423475,0,stack,6.268879e-05,0,bipartite,0.054759223,0,bipartite,0.0183110687495682,0,bipartite,1,fan-out,0.8,1,scatter-gather,0.6,1,scatter-gather,0.8,1,bipartite,0.8,1,gather-scatter,0.8,1,gather-scatter,0.8,0,,0.5
amlc_03638,HI-Small,0,legit,483.5610098176718,7.40043331129131e-05,0,bipartite,1.8711591e-05,0,bipartite,0.016422244,0,stack,0.0055049865710205,0,bipartite,1,fan-out,0.8,1,fan-out,0.6,1,random,0.8,1,scatter-gather,0.8,1,fan-out,0.8,1,fan-out,0.8,0,,0.5
amlc_03639,HI-Small,1,legit,1.0,0.0019113760749515,0,fan-in,0.001565377,0,fan-in,0.114702225,0,fan-in,0.0393929926005094,0,fan-in,1,fan-in,0.6,1,gather-scatter,0.8,1,fan-in,0.6,1,gather-scatter,0.6,1,fan-in,0.8,1,fan-in,0.8,1,fan-in,0.8
amlc_03640,HI-Small,0,legit,469.33800841514727,0.0005440508653048,0,fan-in,0.0005811701,0,fan-in,0.05496781,0,fan-in,0.018697676805612,0,fan-in,1,fan-in,0.6,1,gather-scatter,0.6,1,fan-in,0.8,1,gather-scatter,0.8,1,fan-in,0.8,1,fan-in,0.8,1,fan-in,0.8
amlc_03641,HI-Small,0,legit,469.33800841514727,3.503968037151335e-05,0,stack,1.3781328e-05,0,stack,0.0092221545,0,stack,0.0030903251711915,0,stack,1,fan-out,0.8,1,gather-scatter,0.6,1,scatter-gather,0.8,1,gather-scatter,0.6,1,fan-out,0.8,1,gather-scatter,0.8,1,gather-scatter,0.8
amlc_03642,HI-Small,0,legit,469.33800841514727,1.248162007543942e-05,0,bipartite,1.1088296e-05,0,fan-in,0.003980219,0,bipartite,0.0013345962714103,0,bipartite,1,fan-out,0.8,1,fan-out,0.6,1,scatter-gather,0.8,1,gather-scatter,0.8,1,gather-scatter,0.8,1,gather-scatter,0.8,1,gather-scatter,0.8
amlc_03643,HI-Small,1,legit,1.0,0.0058702052280388,0,fan-in,0.01132753,0,fan-in,0.43762812,0,fan-in,0.1516086185564624,0,fan-in,1,fan-out,0.6,1,fan-out,0.6,1,fan-out,0.8,1,scatter-gather,0.6,1,scatter-gather,0.8,0,,0.7,0,,0.5
amlc_03644,HI-Small,0,legit,483.5610098176718,1.4883409662385418e-05,0,bipartite,7.2348107e-06,0,bipartite,0.024833955,0,bipartite,0.0082853576970242,0,bipartite,1,gather-scatter,0.6,1,fan-out,0.6,1,fan-out,0.8,1,gather-scatter,0.8,1,gather-scatter,0.8,1,gather-scatter,0.8,1,gather-scatter,0.8
amlc_03645,HI-Small,0,legit,483.5610098176718,7.522728405334671e-05,0,bipartite,2.8488499e-05,0,bipartite,0.019151619,0,stack,0.0064184448291121,0,bipartite,1,gather-scatter,0.6,0,,0.5,0,,0.7,1,gather-scatter,0.8,1,scatter-gather,0.8,1,gather-scatter,0.8,0,,0.5
amlc_03646,HI-Small,1,legit,1.0,0.0053670156387449,0,bipartite,0.014345445,0,bipartite,0.06299479,0,bipartite,0.0275690844783505,0,bipartite,0,,0.7,0,,0.7,0,,0.7,1,gather-scatter,0.6,1,stack,0.8,0,,0.7,1,stack,0.8
amlc_03647,HI-Small,0,legit,483.5610098176718,5.105407731947484e-05,0,bipartite,1.6178807e-05,0,bipartite,0.022086537,0,bipartite,0.007384589798572,0,bipartite,1,fan-out,0.6,1,gather-scatter,0.8,1,scatter-gather,0.8,1,gather-scatter,0.8,1,fan-out,0.8,1,gather-scatter,0.8,1,fan-out,0.8
amlc_03648,HI-Small,0,legit,483.5610098176718,3.6890445781033954e-05,0,stack,3.3175304e-05,0,stack,0.034743495,0,stack,0.0116045203449448,0,stack,1,fan-out,0.6,1,fan-out,0.6,1,fan-out,0.8,1,gather-scatter,0.8,1,fan-out,0.8,1,gather-scatter,0.8,0,,0.5
amlc_03649,HI-Small,1,legit,1.0,0.0030088881845473,0,fan-in,0.003297976,0,fan-in,0.048102476,0,fan-in,0.0181364466242144,0,fan-in,1,fan-in,0.6,1,gather-scatter,0.6,1,fan-in,0.8,1,gather-scatter,0.6,1,fan-in,0.8,1,fan-in,0.8,1,fan-in,0.8
amlc_03650,HI-Small,1,legit,1.0,0.0197830070990008,0,bipartite,0.02141105,0,bipartite,0.31034225,0,bipartite,0.1171787698215141,0,bipartite,1,fan-out,0.6,1,gather-scatter,0.8,1,scatter-gather,0.8,1,bipartite,0.8,1,fan-out,0.8,1,gather-scatter,0.8,1,scatter-gather,0.8
amlc_03651,HI-Small,1,legit,1.0,0.055097138460022,0,fan-in,0.019689959,0,fan-in,0.061198127,0,fan-in,0.0453284078424314,0,fan-in,1,fan-in,0.8,1,gather-scatter,0.6,1,fan-in,0.8,1,gather-scatter,0.6,1,gather-scatter,0.8,1,gather-scatter,0.8,1,gather-scatter,0.8
amlc_03652,HI-Small,1,bipartite,1.0,0.0207847695105523,0,random,0.037555777,0,fan-out,0.08517139,0,fan-out,0.0478373108821859,0,fan-out,1,fan-out,0.6,1,fan-out,0.6,1,fan-out,0.8,1,gather-scatter,0.6,1,fan-out,0.8,1,fan-out,0.8,0,,0.5
amlc_03653,HI-Small,0,legit,469.33800841514727,5.88655230202756e-05,0,stack,1.6652835e-05,0,stack,0.008866422,0,stack,0.0029806467455382,0,stack,1,fan-out,0.6,1,gather-scatter,0.8,1,fan-out,0.6,1,random,0.8,1,scatter-gather,0.8,0,,0.7,0,,0.5
amlc_03654,HI-Small,0,legit,469.33800841514727,0.2806117374114457,0,stack,0.04442291,0,stack,0.11039932,0,stack,0.1451446559168319,0,stack,1,random,0.8,1,fan-out,0.6,1,scatter-gather,0.8,1,gather-scatter,0.8,1,gather-scatter,0.8,1,random,0.8,1,gather-scatter,0.8
amlc_03655,HI-Small,0,legit,1.0,0.2323281447724871,0,stack,0.556565,0,stack,0.4715508,0,stack,0.4201479746446468,0,stack,1,fan-out,0.6,1,fan-out,0.6,1,gather-scatter,0.6,1,gather-scatter,0.8,1,fan-out,0.8,1,gather-scatter,0.8,1,scatter-gather,0.8
amlc_03656,HI-Small,0,legit,469.33800841514727,0.0003372414195532,0,bipartite,0.00018846162,0,bipartite,0.12077852,0,bipartite,0.0404347421421233,0,bipartite,1,fan-out,0.6,1,random,0.8,1,scatter-gather,0.8,1,gather-scatter,0.6,1,scatter-gather,0.8,1,gather-scatter,0.8,0,,0.5
amlc_03657,HI-Small,1,cycle,1.0,0.9875412470338456,1,cycle,0.99660504,1,cycle,0.99360144,1,cycle,0.9925825756866968,1,cycle,1,scatter-gather,0.6,1,fan-out,0.6,0,cycle,0.7,1,gather-scatter,0.6,1,scatter-gather,0.8,1,gather-scatter,0.8,0,,0.5
amlc_03658,HI-Small,1,cycle,1.0,0.98606773146326,1,cycle,0.99404967,1,cycle,0.99468833,1,cycle,0.9916019106187246,1,cycle,1,scatter-gather,0.8,1,fan-out,0.8,0,,0.7,1,gather-scatter,0.8,1,fan-out,0.8,1,scatter-gather,0.8,0,,0.5
amlc_03659,HI-Small,1,cycle,1.0,0.9848061672442062,1,cycle,0.9880233,1,cycle,0.9924328,1,cycle,0.9884207404849564,1,cycle,1,scatter-gather,0.6,1,gather-scatter,0.6,1,gather-scatter,0.8,1,random,0.8,1,scatter-gather,0.8,1,fan-out,0.8,0,,0.5
amlc_03660,HI-Small,0,legit,483.5610098176718,1.495825782807976e-05,0,bipartite,1.171296e-05,0,bipartite,0.025136331,0,bipartite,0.008387667438126,0,bipartite,1,gather-scatter,0.6,1,fan-out,0.6,0,,0.7,1,gather-scatter,0.8,1,gather-scatter,0.8,1,gather-scatter,0.8,0,,0.5
amlc_03661,HI-Small,0,legit,469.33800841514727,1.559052053194688e-05,0,bipartite,1.0278558e-05,0,bipartite,0.011765,0,bipartite,0.0039302898296251,0,bipartite,1,fan-out,0.6,1,fan-out,0.6,1,fan-out,0.6,1,gather-scatter,0.6,1,gather-scatter,0.8,1,gather-scatter,0.8,1,gather-scatter,0.8
amlc_03662,HI-Small,0,legit,469.33800841514727,1.6243579491675972e-05,0,bipartite,9.48314e-06,0,bipartite,0.0070648952,0,bipartite,0.0023635406528312,0,bipartite,1,fan-in,0.8,1,fan-out,0.8,1,random,0.8,1,gather-scatter,0.8,1,scatter-gather,0.8,1,fan-out,0.8,1,gather-scatter,0.8
amlc_03663,HI-Small,0,legit,469.33800841514727,6.860038710256525e-05,0,bipartite,1.9963685e-05,0,bipartite,0.005760777,0,stack,0.0019497802942136,0,bipartite,1,fan-out,0.6,1,gather-scatter,0.8,1,fan-out,0.6,1,gather-scatter,0.6,1,fan-out,0.8,1,fan-out,0.8,0,,0.5
amlc_03664,HI-Small,1,legit,1.0,0.0352352732639217,0,fan-in,0.11892353,0,fan-in,0.2794066,0,fan-in,0.14452180346584,0,fan-in,1,fan-out,0.6,1,fan-out,0.6,1,fan-out,0.8,1,gather-scatter,0.6,1,gather-scatter,0.8,1,gather-scatter,0.8,1,gather-scatter,0.8
amlc_03665,HI-Small,0,legit,469.33800841514727,1.3486949978687151e-05,0,bipartite,8.150926e-06,0,stack,0.008761322,0,stack,0.0029276533339497,0,stack,1,fan-out,0.8,1,fan-out,0.6,1,fan-out,0.6,1,gather-scatter,0.6,1,gather-scatter,0.8,1,gather-scatter,0.8,1,fan-out,0.8
amlc_03666,HI-Small,0,legit,1.0,0.6352637385067269,0,fan-in,0.65112793,0,fan-in,0.6514889,0,fan-in,0.6459601910490766,0,fan-in,1,fan-out,0.6,1,gather-scatter,0.6,1,fan-out,0.8,1,fan-out,0.6,1,gather-scatter,0.8,1,scatter-gather,0.8,1,gather-scatter,0.8
amlc_03667,HI-Small,0,legit,483.5610098176718,2.432163051634471e-05,0,random,1.5259435e-05,0,fan-in,0.0138793085,0,bipartite,0.0046396298474547,0,fan-in,1,fan-out,0.6,1,fan-out,0.6,1,fan-out,0.6,1,gather-scatter,0.8,1,fan-out,0.8,1,fan-out,0.8,0,,0.5
amlc_03668,HI-Small,1,fan-in,1.0,0.9791450766329458,1,fan-in,0.9903488,1,fan-in,0.9985709,1,fan-in,0.9893549371959266,1,fan-in,1,fan-in,0.6,1,fan-in,0.6,1,fan-in,0.6,1,gather-scatter,0.6,1,fan-in,0.8,1,fan-in,0.8,1,fan-in,0.8
amlc_03669,HI-Small,1,fan-in,1.0,0.976674175289348,1,fan-in,0.9942843,1,fan-in,0.9978859,1,fan-in,0.9896147767792396,1,fan-in,1,fan-in,0.6,1,fan-in,0.6,1,fan-in,0.6,1,gather-scatter,0.6,1,fan-in,0.8,1,fan-in,0.8,1,fan-in,0.8
amlc_03670,HI-Small,1,fan-in,1.0,0.95395315074472,1,fan-in,0.9783127,1,fan-in,0.997979,1,fan-in,0.9767482690796202,1,fan-in,0,cycle,0.7,1,fan-out,0.8,0,,0.7,1,gather-scatter,0.6,1,scatter-gather,0.8,1,fan-in,0.8,1,gather-scatter,0.8
amlc_03671,HI-Small,1,fan-in,1.0,0.9334274594336114,1,fan-in,0.9665122,1,fan-in,0.9987694,1,fan-in,0.9662363550513772,1,fan-in,1,fan-out,0.8,1,scatter-gather,0.8,1,stack,0.8,1,gather-scatter,0.8,1,scatter-gather,0.8,1,gather-scatter,0.8,1,scatter-gather,0.8
amlc_03672,HI-Small,1,fan-in,1.0,0.0062780333305176,0,fan-in,0.0057291775,0,fan-in,0.98138314,1,fan-in,0.3311301185623565,0,fan-in,1,fan-out,0.6,1,fan-out,0.6,1,fan-out,0.8,1,gather-scatter,0.6,1,scatter-gather,0.8,1,fan-out,0.8,0,,0.5
amlc_03673,HI-Small,1,fan-in,1.0,0.97879834912094,1,fan-in,0.99030626,1,fan-in,0.99719685,1,fan-in,0.9887671534944658,1,fan-in,1,fan-in,0.6,1,fan-in,0.6,1,fan-in,0.6,1,gather-scatter,0.6,1,fan-in,0.8,1,fan-in,0.8,1,fan-in,0.8
amlc_03674,HI-Small,1,fan-in,1.0,0.9796606945587254,1,fan-in,0.99037945,1,fan-in,0.9975351,1,fan-in,0.9891917522613556,1,fan-in,1,fan-in,0.6,1,fan-in,0.6,1,fan-in,0.6,1,gather-scatter,0.6,1,fan-in,0.8,1,gather-scatter,0.8,1,fan-in,0.8
amlc_03675,HI-Small,1,fan-in,1.0,0.9797882333168746,1,fan-in,0.9940529,1,fan-in,0.99737436,1,fan-in,0.9904051586909214,1,fan-in,1,gather-scatter,0.6,1,gather-scatter,0.8,1,fan-in,0.6,1,gather-scatter,0.6,1,fan-in,0.8,1,fan-in,0.8,1,scatter-gather,0.8
amlc_03676,HI-Small,1,fan-in,1.0,0.9809108616611776,1,fan-in,0.9917455,1,fan-in,0.9898125,1,fan-in,0.9874896089799344,1,fan-in,1,fan-out,0.6,1,stack,0.8,1,gather-scatter,0.8,1,scatter-gather,0.6,1,scatter-gather,0.8,1,fan-in,0.8,1,fan-in,0.8
amlc_03677,HI-Small,1,fan-in,1.0,0.981807618566673,1,fan-in,0.99430287,1,fan-in,0.99854183,1,fan-in,0.9915507731266554,1,fan-in,1,fan-in,0.6,1,fan-in,0.6,1,fan-in,0.6,1,gather-scatter,0.6,1,fan-in,0.8,1,fan-in,0.8,1,fan-in,0.8
amlc_03678,HI-Small,1,fan-in,1.0,0.9720801853445258,1,fan-in,0.98595697,1,fan-in,0.9973177,1,fan-in,0.9851182746657756,1,fan-in,1,fan-in,0.6,1,fan-in,0.6,1,fan-in,0.8,1,gather-scatter,0.8,1,fan-in,0.8,1,fan-in,0.8,1,fan-in,0.8
amlc_03679,HI-Small,1,fan-in,1.0,0.9783451807443744,1,fan-in,0.99353325,1,fan-in,0.9860222,1,fan-in,0.9859668695908268,1,fan-in,1,fan-out,0.6,1,fan-out,0.6,1,fan-out,0.6,1,gather-scatter,0.6,1,scatter-gather,0.8,1,gather-scatter,0.8,1,scatter-gather,0.8
amlc_03680,HI-Small,0,legit,469.33800841514727,1.22623436870002e-05,0,bipartite,4.096887e-06,0,bipartite,0.010226362,0,bipartite,0.0034142405385463,0,bipartite,1,fan-out,0.6,1,fan-out,0.6,1,fan-out,0.8,1,gather-scatter,0.8,1,fan-out,0.8,1,fan-out,0.8,0,,0.5
amlc_03681,HI-Small,1,legit,1.0,0.0264145737089336,0,bipartite,0.0235248,0,bipartite,0.79783773,0,bipartite,0.282592369415615,0,bipartite,1,fan-out,0.6,1,gather-scatter,0.6,1,gather-scatter,0.8,1,gather-scatter,0.6,1,gather-scatter,0.8,1,gather-scatter,0.8,1,gather-scatter,0.8
amlc_03682,HI-Small,0,legit,469.33800841514727,1.243766664254054e-05,0,bipartite,6.535941e-06,0,bipartite,0.0008903335,0,bipartite,0.0003031023680086,0,bipartite,1,random,0.8,1,gather-scatter,0.6,1,random,0.8,1,gather-scatter,0.8,1,random,0.8,1,random,0.8,1,random,0.8
amlc_03683,HI-Small,0,legit,483.5610098176718,1.34733766615367e-05,0,bipartite,6.86535e-06,0,stack,0.023926808,0,stack,0.0079823820979996,0,stack,1,fan-out,0.6,1,gather-scatter,0.6,1,fan-out,0.8,1,gather-scatter,0.6,1,gather-scatter,0.8,1,gather-scatter,0.8,1,fan-out,0.8
amlc_03684,HI-Small,0,legit,469.33800841514727,8.080815846067426e-05,0,stack,1.4712612e-05,0,stack,0.048798107,0,stack,0.0162978757937546,0,stack,1,fan-out,0.8,1,scatter-gather,0.6,1,fan-out,0.8,1,gather-scatter,0.6,1,fan-out,0.8,1,fan-out,0.8,0,,0.5
amlc_03685,HI-Small,1,legit,1.0,0.0068504638475653,0,bipartite,0.0074585816,0,bipartite,0.05570084,0,bipartite,0.0233366280008513,0,bipartite,1,fan-out,0.6,1,stack,0.8,1,fan-out,0.8,1,gather-scatter,0.6,1,fan-out,0.8,1,random,0.8,0,,0.7
amlc_03686,HI-Small,0,legit,469.33800841514727,0.0783108813559307,0,fan-in,0.057398807,0,fan-in,0.09082562,0,fan-in,0.0755117686422432,0,fan-in,1,fan-in,0.6,1,fan-in,0.6,1,fan-in,0.6,1,gather-scatter,0.6,1,fan-in,0.8,1,fan-in,0.8,1,fan-in,0.8
amlc_03687,HI-Small,0,legit,469.33800841514727,4.825955944810293e-05,0,bipartite,2.7219754e-05,0,stack,0.0057921517,0,stack,0.0019558769947751,0,stack,1,gather-scatter,0.8,1,gather-scatter,0.8,0,,0.7,1,gather-scatter,0.8,1,gather-scatter,0.8,1,gather-scatter,0.8,1,gather-scatter,0.8
amlc_03688,HI-Small,0,legit,469.33800841514727,8.923801335912009e-05,0,fan-out,0.00010741515,0,stack,0.1936533,0,fan-out,0.0646166511897802,0,fan-out,1,fan-out,0.6,1,gather-scatter,0.8,1,scatter-gather,0.8,1,gather-scatter,0.6,1,gather-scatter,0.8,1,gather-scatter,0.8,0,,0.5
amlc_03689,HI-Small,0,legit,469.33800841514727,3.9746052745621925e-05,0,bipartite,1.3703144e-05,0,bipartite,0.046625484,0,bipartite,0.0155596443258982,0,bipartite,1,fan-out,0.6,1,gather-scatter,0.6,1,gather-scatter,0.8,1,gather-scatter,0.6,1,gather-scatter,0.8,1,gather-scatter,0.8,1,gather-scatter,0.8
amlc_03690,HI-Small,1,legit,1.0,0.0419342764564449,0,stack,0.03180322,0,stack,0.15685901,0,stack,0.0768655024749734,0,stack,1,fan-out,0.6,1,fan-out,0.6,1,fan-out,0.8,1,fan-out,0.8,1,fan-out,0.8,1,fan-out,0.8,0,,0.5
amlc_03691,HI-Small,1,legit,1.0,0.0629404773447625,0,bipartite,0.07397066,0,bipartite,0.020176299,0,bipartite,0.0523624789427953,0,bipartite,1,fan-out,0.8,1,gather-scatter,0.6,1,gather-scatter,0.6,1,gather-scatter,0.8,0,,0.7,1,cycle,0.8,1,random,0.8
amlc_03692,HI-Small,0,legit,469.33800841514727,1.639543635058651e-05,0,stack,1.1390368e-05,0,stack,0.042942334,0,stack,0.0143233732569296,0,stack,1,fan-out,0.6,1,gather-scatter,0.8,1,fan-out,0.6,1,gather-scatter,0.8,1,scatter-gather,0.8,1,scatter-gather,0.8,1,scatter-gather,0.8
amlc_03693,HI-Small,1,legit,1.0,0.0452323022272195,0,stack,0.03662545,0,stack,0.31707692,0,stack,0.1329782241015303,0,stack,1,fan-out,0.6,1,fan-out,0.6,1,fan-out,0.6,1,random,0.8,1,fan-out,0.8,1,fan-out,0.8,0,,0.5
amlc_03694,HI-Small,1,legit,1.0,0.0146103009927603,0,bipartite,0.03863306,0,bipartite,0.14093202,0,bipartite,0.0647251280760875,0,bipartite,1,scatter-gather,0.8,1,fan-out,0.6,0,,0.7,1,gather-scatter,0.6,1,fan-out,0.8,1,gather-scatter,0.8,1,fan-out,0.8
amlc_03695,HI-Small,0,legit,483.5610098176718,5.578073964328493e-05,0,bipartite,2.9115059e-05,0,bipartite,0.012224307,0,stack,0.0041030676941602,0,bipartite,1,fan-out,0.8,1,gather-scatter,0.6,0,,0.7,1,gather-scatter,0.8,1,gather-scatter,0.8,1,gather-scatter,0.8,1,gather-scatter,0.8
amlc_03696,HI-Small,0,legit,469.33800841514727,3.107596626007897e-05,0,stack,1.7230757e-05,0,stack,0.007247058,0,stack,0.0024317883108619,0,stack,1,gather-scatter,0.8,0,,0.7,1,scatter-gather,0.8,1,gather-scatter,0.8,1,scatter-gather,0.8,0,,0.7,0,,0.5
amlc_03697,HI-Small,1,legit,1.0,0.0096513136575802,0,fan-in,0.004052415,0,fan-in,0.15434161,0,fan-in,0.0560151123226577,0,fan-in,1,fan-in,0.8,1,fan-out,0.6,1,scatter-gather,0.8,1,random,0.8,1,fan-out,0.8,1,scatter-gather,0.8,1,scatter-gather,0.8
amlc_03698,HI-Small,1,legit,1.0,0.0073063255970381,0,fan-in,0.013481928,0,fan-in,0.13558717,0,fan-in,0.0521251414509184,0,fan-in,1,fan-in,0.6,1,fan-in,0.6,1,fan-in,0.8,1,,0.6,1,fan-in,0.8,1,fan-in,0.8,1,fan-in,0.8
amlc_03699,HI-Small,0,legit,469.33800841514727,3.575655212595115e-05,0,bipartite,1.13241895e-05,0,stack,0.010337902,0,bipartite,0.0034616609915342,0,bipartite,1,fan-out,0.8,1,fan-out,0.6,1,scatter-gather,0.8,1,gather-scatter,0.8,1,gather-scatter,0.8,1,gather-scatter,0.8,0,,0.5
amlc_03700,HI-Small,1,legit,1.0,0.0503592729987415,0,fan-in,0.066567704,0,fan-in,0.14521715,0,fan-in,0.0873813758433432,0,fan-in,1,gather-scatter,0.6,1,scatter-gather,0.6,1,fan-out,0.6,1,gather-scatter,0.6,1,scatter-gather,0.8,1,scatter-gather,0.8,1,scatter-gather,0.8
amlc_03701,HI-Small,0,legit,483.5610098176718,0.0002859769428279,0,bipartite,0.0003715086,0,bipartite,0.015913373,0,bipartite,0.0055236194645098,0,bipartite,1,gather-scatter,0.8,0,,0.5,0,,0.7,1,gather-scatter,0.6,1,gather-scatter,0.8,1,gather-scatter,0.8,0,,0.5
amlc_03702,HI-Small,0,legit,469.33800841514727,3.172056494077871e-05,0,stack,6.919747e-06,0,stack,0.0018830148,0,stack,0.0006405517052953,0,stack,1,gather-scatter,0.6,0,,0.5,1,gather-scatter,0.8,1,gather-scatter,0.6,1,fan-in,0.8,1,gather-scatter,0.8,1,gather-scatter,0.8
amlc_03703,HI-Small,0,legit,469.33800841514727,1.4690848164077873e-05,0,bipartite,6.2068298e-06,0,bipartite,0.007793661,0,bipartite,0.0026048529616304,0,bipartite,1,fan-out,0.6,1,gather-scatter,0.6,0,,0.7,1,gather-scatter,0.6,1,gather-scatter,0.8,1,gather-scatter,0.8,1,scatter-gather,0.8
amlc_03704,HI-Small,0,legit,469.33800841514727,1.3052395991452451e-05,0,bipartite,7.898118e-06,0,stack,0.011510301,0,stack,0.0038437506319081,0,stack,1,scatter-gather,0.8,1,scatter-gather,0.6,1,scatter-gather,0.8,1,gather-scatter,0.8,1,gather-scatter,0.8,1,gather-scatter,0.8,1,gather-scatter,0.8
amlc_03705,HI-Small,0,legit,469.33800841514727,5.977247908182008e-05,0,bipartite,2.5956673e-05,0,bipartite,0.007011009,0,stack,0.0023655793556134,0,bipartite,1,gather-scatter,0.6,1,fan-out,0.6,1,scatter-gather,0.8,1,gather-scatter,0.8,1,scatter-gather,0.8,1,gather-scatter,0.8,1,gather-scatter,0.8
amlc_03706,HI-Small,0,legit,483.5610098176718,1.218800594835905e-05,0,bipartite,4.7469885e-06,0,stack,0.01891719,0,bipartite,0.0063113749684694,0,bipartite,1,fan-out,0.6,1,gather-scatter,0.6,1,scatter-gather,0.6,1,scatter-gather,0.8,1,stack,0.8,1,gather-scatter,0.8,1,gather-scatter,0.8
amlc_03707,HI-Small,0,legit,469.33800841514727,1.4261861183805028e-05,0,bipartite,9.792244e-06,0,bipartite,0.010233461,0,bipartite,0.0034191716768586,0,bipartite,1,fan-out,0.8,1,fan-out,0.8,0,,0.7,1,gather-scatter,0.8,1,scatter-gather,0.8,1,gather-scatter,0.8,0,,0.5
amlc_03708,HI-Small,0,legit,483.5610098176718,1.7820892430325384e-05,0,stack,3.9828383e-06,0,fan-in,0.01607202,0,bipartite,0.0053646078884547,0,fan-in,1,fan-out,0.8,1,gather-scatter,0.6,1,gather-scatter,0.6,1,gather-scatter,0.6,1,gather-scatter,0.8,1,gather-scatter,0.8,0,,0.5
amlc_03709,HI-Small,0,legit,469.33800841514727,4.503424645843989e-05,0,bipartite,2.186373e-05,0,stack,0.047764268,0,bipartite,0.0159437219164917,0,bipartite,1,fan-out,0.6,1,fan-out,0.6,1,scatter-gather,0.8,1,random,0.8,1,fan-out,0.8,1,fan-out,0.8,0,,0.5
amlc_03710,HI-Small,0,legit,469.33800841514727,1.491630465842214e-05,0,bipartite,5.2232726e-06,0,bipartite,0.0038467892,0,stack,0.0012889762739527,0,bipartite,1,random,0.8,1,fan-out,0.8,0,,0.7,1,random,0.8,0,,0.7,1,gather-scatter,0.8,1,gather-scatter,0.8
amlc_03711,HI-Small,0,legit,469.33800841514727,1.5325075914759308e-05,0,stack,1.152732e-05,0,bipartite,0.009127069,0,bipartite,0.003051307220074,0,bipartite,1,fan-out,0.6,1,gather-scatter,0.8,1,gather-scatter,0.8,1,gather-scatter,0.6,1,gather-scatter,0.8,1,gather-scatter,0.8,1,gather-scatter,0.8
amlc_03712,HI-Small,1,legit,1.0,0.0334128961018456,0,bipartite,0.05514147,0,bipartite,0.021429019,0,bipartite,0.0366611288256689,0,bipartite,1,gather-scatter,0.8,1,scatter-gather,0.6,1,fan-in,0.8,1,,0.6,1,fan-in,0.8,1,fan-in,0.8,1,fan-in,0.8
amlc_03713,HI-Small,1,legit,1.0,0.0010651906497517,0,fan-out,0.00047423682,0,fan-out,0.00829461,0,fan-out,0.0032780125915452,0,fan-out,0,,0.5,0,,0.5,1,fan-out,0.8,1,gather-scatter,0.8,1,fan-out,0.8,0,,0.7,0,,0.5
amlc_03714,HI-Small,0,legit,469.33800841514727,1.8063076717451937e-05,0,scatter-gather,2.7352851e-05,0,cycle,0.0022606517,0,gather-scatter,0.0007686892000748,0,cycle,1,gather-scatter,0.8,1,gather-scatter,0.6,1,random,0.8,1,gather-scatter,0.8,1,gather-scatter,0.8,1,stack,0.8,1,gather-scatter,0.8
amlc_03715,HI-Small,1,legit,1.0,0.0043185286550399,0,fan-in,0.0026595017,0,fan-in,0.74545366,0,fan-in,0.250810562038502,0,fan-in,1,fan-in,0.6,1,fan-in,0.6,1,fan-in,0.8,1,gather-scatter,0.6,1,fan-in,0.8,1,fan-in,0.8,1,fan-in,0.8
amlc_03716,HI-Small,0,legit,469.33800841514727,1.3130729039495136e-05,0,fan-in,4.084696e-06,0,fan-in,0.0032614414,0,scatter-gather,0.0010928855965661,0,fan-in,1,fan-out,0.6,1,fan-in,0.6,1,fan-in,0.6,1,gather-scatter,0.6,1,fan-in,0.8,1,scatter-gather,0.8,1,fan-in,0.8
amlc_03717,HI-Small,0,legit,483.5610098176718,1.3499680207607288e-05,0,bipartite,7.908717e-06,0,bipartite,0.020106029,0,bipartite,0.0067091457207908,0,bipartite,1,stack,0.8,1,fan-out,0.6,1,scatter-gather,0.8,1,gather-scatter,0.6,1,gather-scatter,0.8,1,gather-scatter,0.8,1,gather-scatter,0.8
amlc_03718,HI-Small,0,legit,1.0,0.5342363799321974,0,bipartite,0.65627223,0,random,0.31036478,0,bipartite,0.5002911317583033,0,bipartite,1,gather-scatter,0.8,1,fan-in,0.6,0,,0.7,1,random,0.8,1,gather-scatter,0.8,1,stack,0.8,1,stack,0.8
amlc_03719,HI-Small,0,legit,469.33800841514727,1.2824255606187164e-05,0,bipartite,6.1754895e-06,0,fan-in,0.0028431544,0,bipartite,0.0009540513688554,0,bipartite,1,fan-out,0.8,1,gather-scatter,0.6,0,,0.7,1,bipartite,0.8,1,fan-out,0.8,0,,0.7,1,gather-scatter,0.8
amlc_03720,HI-Small,0,legit,469.33800841514727,1.5625939067039414e-05,0,bipartite,6.004858e-06,0,stack,0.00741546,0,bipartite,0.002479030251288,0,bipartite,1,fan-in,0.6,1,fan-in,0.6,1,scatter-gather,0.8,1,gather-scatter,0.8,1,fan-out,0.8,1,gather-scatter,0.8,1,gather-scatter,0.8
amlc_03721,HI-Small,0,legit,469.33800841514727,0.0043702574675881,0,fan-in,0.0062278267,0,fan-in,0.30713966,0,fan-in,0.1059125830185282,0,fan-in,1,fan-out,0.8,1,gather-scatter,0.6,1,gather-scatter,0.8,1,gather-scatter,0.6,1,gather-scatter,0.8,1,gather-scatter,0.8,1,stack,0.8
amlc_03722,HI-Small,0,legit,483.5610098176718,4.810565222859385e-05,0,bipartite,1.4465765e-05,0,bipartite,0.01561778,0,bipartite,0.0052267839349306,0,bipartite,1,fan-out,0.6,1,gather-scatter,0.6,1,fan-out,0.8,1,gather-scatter,0.8,1,fan-out,0.8,0,,0.7,0,,0.5
amlc_03723,HI-Small,0,legit,469.33800841514727,6.235827189986824e-05,0,bipartite,1.8848814e-05,0,bipartite,0.010307291,0,bipartite,0.0034628325590171,0,bipartite,1,gather-scatter,0.6,1,gather-scatter,0.8,1,gather-scatter,0.8,1,gather-scatter,0.6,1,scatter-gather,0.8,1,gather-scatter,0.8,0,,0.5
amlc_03724,HI-Small,0,legit,469.33800841514727,4.032460698621836e-05,0,stack,1.1985589e-05,0,stack,0.0061168885,0,random,0.0020563995604688,0,stack,1,fan-out,0.6,1,fan-out,0.6,0,,0.7,1,gather-scatter,0.8,1,fan-out,0.8,0,,0.7,0,,0.5
amlc_03725,HI-Small,0,legit,1.0,0.7734999100632118,0,cycle,0.37492424,0,cycle,0.7757908,0,cycle,0.6414049877149081,0,cycle,1,fan-in,0.6,1,fan-out,0.6,1,gather-scatter,0.8,1,gather-scatter,0.8,1,gather-scatter,0.8,1,gather-scatter,0.8,1,gather-scatter,0.8
amlc_03726,HI-Small,1,legit,1.0,0.012503163074092,0,fan-out,0.0039710766,0,fan-out,0.16966015,0,bipartite,0.0620447968831115,0,fan-out,0,,0.5,0,,0.5,1,gather-scatter,0.8,1,scatter-gather,0.8,1,scatter-gather,0.8,1,fan-out,0.8,0,,0.5
amlc_03727,HI-Small,0,legit,469.33800841514727,4.779885463736159e-05,0,fan-in,4.2367486e-05,0,fan-in,0.0012717493,0,fan-in,0.0004539718685519,0,fan-in,1,fan-out,0.8,1,fan-out,0.8,1,fan-out,0.8,1,gather-scatter,0.6,1,scatter-gather,0.8,1,gather-scatter,0.8,0,,0.5
amlc_03728,HI-Small,1,random,1.0,0.6128992711479093,0,bipartite,0.9432705,1,bipartite,0.9152147,1,bipartite,0.8237948310035673,1,bipartite,1,cycle,0.8,1,bipartite,0.8,1,gather-scatter,0.6,1,gather-scatter,0.8,1,bipartite,0.8,1,bipartite,0.8,1,bipartite,0.8
amlc_03729,HI-Small,1,legit,1.0,0.0238598137324775,0,fan-in,0.0073505393,0,fan-in,0.19302228,0,fan-in,0.0747442113289642,0,fan-in,1,fan-out,0.6,1,fan-out,0.8,1,scatter-gather,0.8,1,gather-scatter,0.6,1,scatter-gather,0.8,1,scatter-gather,0.8,1,gather-scatter,0.8
amlc_03730,HI-Small,1,legit,1.0,0.031439888301132,0,stack,0.01550504,0,stack,0.08689076,0,bipartite,0.0446118951498263,0,stack,1,gather-scatter,0.6,1,random,0.8,1,random,0.8,1,gather-scatter,0.8,1,gather-scatter,0.8,1,stack,0.8,0,,0.7
amlc_03731,HI-Small,0,legit,483.5610098176718,0.0025109027350182,0,fan-out,0.0011456811,0,fan-out,0.010881995,0,fan-out,0.0048461929064818,0,fan-out,0,,0.5,0,,0.5,1,random,0.8,0,,0.7,1,fan-out,0.8,0,,0.7,0,,0.5
amlc_03732,HI-Small,0,legit,469.33800841514727,1.7903426356433334e-05,0,stack,1.485409e-05,0,bipartite,0.004037543,0,bipartite,0.0013567669055361,0,bipartite,1,fan-out,0.6,1,fan-out,0.8,1,fan-out,0.6,1,bipartite,0.8,1,fan-out,0.8,0,,0.7,0,,0.5
amlc_03733,HI-Small,0,legit,469.33800841514727,0.0115987848128679,0,fan-in,0.011726925,0,fan-in,0.03593696,0,fan-in,0.0197542230167588,0,fan-in,1,fan-out,0.6,1,gather-scatter,0.8,1,gather-scatter,0.8,1,gather-scatter,0.6,1,gather-scatter,0.8,1,gather-scatter,0.8,1,gather-scatter,0.8
amlc_03734,HI-Small,1,legit,1.0,0.0002831212514759,0,bipartite,0.00046386803,0,bipartite,0.4556234,0,bipartite,0.1521234591891905,0,bipartite,1,fan-out,0.8,1,gather-scatter,0.6,1,gather-scatter,0.6,1,gather-scatter,0.8,1,scatter-gather,0.8,0,,0.7,1,scatter-gather,0.8
amlc_03735,HI-Small,0,legit,483.5610098176718,3.302105668496267e-05,0,stack,7.0197907e-06,0,bipartite,0.018477648,0,stack,0.0061725631146711,0,stack,1,gather-scatter,0.6,1,fan-out,0.6,0,,0.7,1,gather-scatter,0.8,1,gather-scatter,0.8,1,gather-scatter,0.8,1,gather-scatter,0.8
amlc_03736,HI-Small,0,legit,483.5610098176718,3.391810899597707e-05,0,bipartite,1.0515794e-05,0,bipartite,0.023775976,0,bipartite,0.0079401366848085,0,bipartite,1,fan-out,0.8,1,gather-scatter,0.6,1,fan-out,0.8,1,gather-scatter,0.6,1,scatter-gather,0.8,1,gather-scatter,0.8,1,fan-out,0.8
amlc_03737,HI-Small,1,bipartite,1.0,0.1917036885604011,0,bipartite,0.52719706,0,bipartite,0.9486337,1,bipartite,0.5558448074454979,0,bipartite,1,fan-out,0.6,1,gather-scatter,0.6,1,fan-out,0.8,1,gather-scatter,0.8,1,fan-out,0.8,1,fan-out,0.8,0,,0.5
amlc_03738,HI-Small,0,legit,483.5610098176718,9.014742627368824e-05,0,stack,4.341203e-05,0,stack,0.014778562,0,stack,0.0049707071155359,0,stack,1,fan-out,0.6,1,fan-out,0.6,1,scatter-gather,0.6,1,gather-scatter,0.8,1,fan-out,0.8,0,,0.7,0,,0.5
amlc_03739,HI-Small,0,legit,469.33800841514727,3.105148020610552e-05,0,stack,1.3600232e-05,0,bipartite,0.009428558,0,bipartite,0.0031577365506098,0,bipartite,1,fan-out,0.6,1,gather-scatter,0.6,1,scatter-gather,0.8,1,gather-scatter,0.6,1,scatter-gather,0.8,1,fan-out,0.8,0,,0.5
amlc_03740,HI-Small,1,legit,1.0,0.0480287044587965,0,stack,0.116301656,0,stack,0.9219643,1,stack,0.3620982159953394,0,stack,1,gather-scatter,0.6,1,fan-out,0.6,1,gather-scatter,0.6,1,gather-scatter,0.6,1,gather-scatter,0.8,1,gather-scatter,0.8,1,gather-scatter,0.8
amlc_03741,HI-Small,0,legit,469.33800841514727,1.5282404919718368e-05,0,bipartite,8.314443e-06,0,bipartite,0.0036610574,0,bipartite,0.0012282180980975,0,bipartite,1,fan-out,0.8,1,gather-scatter,0.6,1,fan-out,0.8,1,cycle,0.8,1,fan-out,0.8,1,gather-scatter,0.8,1,fan-out,0.8
amlc_03742,HI-Small,0,legit,469.33800841514727,1.997134435981949e-05,0,bipartite,1.2784678e-05,0,bipartite,0.010493742,0,bipartite,0.0035088327747707,0,bipartite,1,fan-out,0.6,1,scatter-gather,0.8,1,fan-out,0.6,1,gather-scatter,0.6,1,scatter-gather,0.8,1,scatter-gather,0.8,1,scatter-gather,0.8
amlc_03743,HI-Small,0,legit,483.5610098176718,0.0001094968740833,0,bipartite,7.628487e-05,0,stack,0.018632365,0,stack,0.0062727157123116,0,stack,1,fan-out,0.6,1,fan-out,0.6,1,scatter-gather,0.6,1,gather-scatter,0.6,1,fan-out,0.8,1,fan-out,0.8,1,gather-scatter,0.8
amlc_03744,HI-Small,0,legit,483.5610098176718,2.311288514112444e-05,0,bipartite,2.9139439e-05,0,stack,0.027641946,0,stack,0.0092313995913367,0,stack,1,scatter-gather,0.6,1,fan-in,0.8,1,scatter-gather,0.8,1,gather-scatter,0.6,1,fan-out,0.8,1,scatter-gather,0.8,1,fan-out,0.8
amlc_03745,HI-Small,0,legit,469.33800841514727,2.0089993153055764e-05,0,bipartite,8.020306e-06,0,bipartite,0.002364481,0,bipartite,0.0007975304667445,0,bipartite,1,fan-out,0.6,1,fan-out,0.6,1,fan-out,0.8,1,gather-scatter,0.6,1,fan-out,0.8,1,fan-out,0.8,0,,0.5
amlc_03746,HI-Small,0,legit,469.33800841514727,0.0020254799012708,0,fan-in,0.0021128883,0,fan-in,0.099790186,0,fan-in,0.0346428512855327,0,fan-in,1,fan-in,0.6,1,fan-in,0.6,1,fan-in,0.8,1,gather-scatter,0.6,1,fan-in,0.8,1,fan-in,0.8,1,fan-in,0.8
amlc_03747,HI-Small,0,legit,469.33800841514727,1.2692571037807072e-05,0,stack,1.5513711e-05,0,fan-in,0.00616218,0,bipartite,0.0020634621273355,0,fan-in,1,fan-out,0.6,1,fan-out,0.6,1,fan-out,0.6,1,gather-scatter,0.8,1,scatter-gather,0.8,1,cycle,0.8,1,scatter-gather,0.8
amlc_03748,HI-Small,0,legit,469.33800841514727,4.968327976706899e-05,0,bipartite,2.2837137e-05,0,bipartite,0.0094326055,0,bipartite,0.0031683752949326,0,bipartite,1,scatter-gather,0.6,1,gather-scatter,0.6,1,fan-out,0.8,1,gather-scatter,0.8,1,fan-out,0.8,1,gather-scatter,0.8,0,,0.5
amlc_03749,HI-Small,1,legit,1.0,0.0235827435350364,0,fan-in,0.021202449,0,fan-in,0.035982944,0,fan-in,0.0269227121206106,0,fan-in,1,fan-in,0.6,1,gather-scatter,0.6,1,fan-in,0.6,1,gather-scatter,0.6,1,fan-in,0.8,1,gather-scatter,0.8,1,fan-in,0.8
amlc_03750,HI-Small,0,legit,469.33800841514727,0.0004457905469096,0,fan-out,0.001363269,0,fan-out,0.0099952165,0,fan-out,0.0039347587013495,0,fan-out,0,,0.5,0,,0.5,0,,0.5,0,,0.5,1,fan-out,0.8,0,,0.7,0,,0.5
amlc_03751,HI-Small,0,legit,483.5610098176718,0.0067069471676023,0,bipartite,0.006260169,0,bipartite,0.019408045,0,bipartite,0.0107917205695103,0,bipartite,1,fan-out,0.6,1,fan-out,0.6,1,fan-out,0.6,1,bipartite,0.8,1,fan-out,0.8,1,fan-out,0.8,0,,0.5
amlc_03752,HI-Small,0,legit,469.33800841514727,0.0007282654115671,0,fan-out,0.0007602129,0,fan-out,0.09685403,0,fan-out,0.0327808364624692,0,fan-out,1,fan-out,0.6,1,fan-out,0.6,1,fan-out,0.8,1,gather-scatter,0.8,1,fan-out,0.8,1,fan-out,0.8,0,,0.5
