case_id,dataset,gt_label,gt_typology,weight,LightGBM_GFP_prob,LightGBM_GFP_pred,LightGBM_GFP_typo,XGBoost_GFP_prob,XGBoost_GFP_pred,XGBoost_GFP_typo,Ensemble_Soft_prob,Ensemble_Soft_pred,Ensemble_Soft_typo,GPT_OSS_120B_pred,GPT_OSS_120B_typo,GPT_OSS_120B_conf,GPT_OSS_20B_pred,GPT_OSS_20B_typo,GPT_OSS_20B_conf,Nemotron_3_Super_120B_pred,Nemotron_3_Super_120B_typo,Nemotron_3_Super_120B_conf,Nemotron_3_Nano_30B_pred,Nemotron_3_Nano_30B_typo,Nemotron_3_Nano_30B_conf,Qwen3_5_397B_A17B_pred,Qwen3_5_397B_A17B_typo,Qwen3_5_397B_A17B_conf,Qwen3_5_35B_A3B_pred,Qwen3_5_35B_A3B_typo,Qwen3_5_35B_A3B_conf,Qwen3_5_27B_pred,Qwen3_5_27B_typo,Qwen3_5_27B_conf
amlc_00000,LI-Small,0,legit,1136.4420289855072,3.557337617246665e-05,0,bipartite,1.7422022e-05,0,stack,2.649769864586996e-05,0,stack,1,fan-out,0.6,1,fan-out,0.6,1,fan-out,0.8,1,gather-scatter,0.8,1,gather-scatter,0.8,1,fan-out,0.8,1,fan-out,0.8
amlc_00001,LI-Small,0,legit,1.0,0.7351644129518354,1,bipartite,0.33475047,0,bipartite,0.5349574313046379,1,bipartite,1,fan-out,0.6,1,fan-out,0.6,1,fan-out,0.6,1,gather-scatter,0.6,1,fan-out,0.8,1,fan-out,0.8,1,fan-out,0.8
amlc_00002,LI-Small,1,unknown,1.0,0.0003342472070675652,0,bipartite,0.0012774926,0,fan-out,0.0008058699631521632,0,fan-out,0,,0.5,0,,0.5,1,fan-out,0.8,1,fan-out,0.6,1,fan-out,0.8,0,,0.7,0,,0.5
amlc_00003,LI-Small,0,legit,1100.3590361445783,3.516924534545716e-05,0,bipartite,1.7927148e-05,0,bipartite,2.6548197546361333e-05,0,bipartite,1,stack,0.8,1,gather-scatter,0.6,0,,0.7,1,gather-scatter,0.8,1,gather-scatter,0.8,1,gather-scatter,0.8,1,gather-scatter,0.8
amlc_00004,LI-Small,0,legit,1103.0169082125603,3.526862127697342e-05,0,bipartite,1.7811659e-05,0,stack,2.6540139874514494e-05,0,stack,1,fan-out,0.6,1,fan-out,0.6,1,fan-out,0.8,1,gather-scatter,0.6,1,gather-scatter,0.8,1,gather-scatter,0.8,1,fan-out,0.8
amlc_00005,LI-Small,1,unknown,1.0,0.002555349205245304,0,fan-in,0.0031111364,0,fan-in,0.0028332426755675313,0,fan-in,1,fan-in,0.6,1,fan-in,0.6,1,fan-in,0.6,1,gather-scatter,0.6,1,fan-in,0.8,1,fan-in,0.8,1,fan-in,0.8
amlc_00006,LI-Small,0,legit,1103.0169082125603,3.557337617246665e-05,0,bipartite,1.6533231e-05,0,bipartite,2.6053303436527487e-05,0,bipartite,1,fan-out,0.8,1,gather-scatter,0.6,1,random,0.8,1,gather-scatter,0.6,1,gather-scatter,0.8,1,gather-scatter,0.8,1,gather-scatter,0.8
amlc_00007,LI-Small,1,unknown,1.0,0.001447586907377468,0,fan-in,0.002295557,0,fan-in,0.001871571902337485,0,fan-in,1,fan-in,0.6,1,fan-in,0.6,1,fan-in,0.6,1,gather-scatter,0.6,1,fan-in,0.8,1,fan-in,0.8,1,fan-in,0.8
amlc_00008,LI-Small,0,legit,1136.4420289855072,3.516924534545716e-05,0,bipartite,1.8207875e-05,0,bipartite,2.6688560045584892e-05,0,bipartite,1,fan-out,0.6,1,fan-out,0.6,0,,0.7,1,gather-scatter,0.8,1,gather-scatter,0.8,1,gather-scatter,0.8,1,gather-scatter,0.8
amlc_00009,LI-Small,0,legit,1136.4420289855072,3.526862127697342e-05,0,bipartite,4.190871e-05,0,stack,3.858866438788951e-05,0,stack,1,fan-out,0.6,1,fan-out,0.6,1,fan-out,0.6,1,random,0.8,1,fan-out,0.8,0,,0.7,1,fan-out,0.8
amlc_00010,LI-Small,1,unknown,1.0,0.002604792948816461,0,bipartite,0.010447309,0,bipartite,0.00652605087124022,0,bipartite,1,gather-scatter,0.8,1,fan-out,0.6,1,fan-out,0.8,1,gather-scatter,0.8,1,gather-scatter,0.8,1,gather-scatter,0.8,1,fan-out,0.8
amlc_00011,LI-Small,0,legit,1100.3590361445783,3.557337617246665e-05,0,bipartite,2.2912529e-05,0,bipartite,2.9242952378297914e-05,0,bipartite,1,fan-out,0.6,1,fan-out,0.8,1,fan-out,0.8,1,gather-scatter,0.6,1,fan-out,0.8,1,gather-scatter,0.8,1,fan-out,0.8
amlc_00012,LI-Small,1,unknown,1.0,0.004767907475601614,0,bipartite,0.027160948,0,bipartite,0.015964427622740952,0,bipartite,1,fan-out,0.6,1,fan-out,0.6,1,fan-out,0.6,1,gather-scatter,0.6,1,fan-out,0.8,1,gather-scatter,0.8,0,,0.5
amlc_00013,LI-Small,0,legit,1100.3590361445783,0.0002097823987335168,0,cycle,0.00021367388,0,cycle,0.00021172813626901322,0,cycle,1,fan-out,0.6,1,fan-out,0.6,1,scatter-gather,0.8,1,gather-scatter,0.6,1,fan-out,0.8,1,gather-scatter,0.8,1,fan-out,0.8
amlc_00014,LI-Small,0,legit,1100.3590361445783,3.516924534545716e-05,0,bipartite,1.5878972e-05,0,bipartite,2.552410878590177e-05,0,bipartite,1,fan-out,0.6,1,fan-out,0.6,1,fan-out,0.6,1,random,0.8,1,fan-out,0.8,1,fan-out,0.8,0,,0.5
amlc_00015,LI-Small,0,legit,1136.4420289855072,3.516924534545716e-05,0,bipartite,1.537474e-05,0,bipartite,2.527199248899575e-05,0,bipartite,1,fan-out,0.6,1,fan-out,0.8,1,fan-out,0.8,1,random,0.8,1,fan-out,0.8,1,fan-out,0.8,0,,0.5
amlc_00016,LI-Small,0,legit,1103.0169082125603,0.0001815399022807997,0,bipartite,6.476158e-05,0,bipartite,0.00012315074303071837,0,bipartite,1,fan-out,0.6,1,fan-out,0.8,1,random,0.8,1,gather-scatter,0.8,1,scatter-gather,0.8,1,fan-out,0.8,1,fan-out,0.8
amlc_00017,LI-Small,1,unknown,1.0,0.021756867944829603,0,bipartite,0.05181848,0,bipartite,0.03678767079096682,0,bipartite,1,fan-out,0.8,1,fan-out,0.6,1,fan-out,0.8,1,random,0.8,1,fan-out,0.8,1,fan-out,0.8,0,,0.5
amlc_00018,LI-Small,1,unknown,1.0,0.006510403100618093,0,fan-out,0.01484976,0,fan-out,0.010680081369463787,0,fan-out,0,,0.5,0,,0.5,1,scatter-gather,0.6,1,gather-scatter,0.8,1,fan-out,0.8,1,fan-out,0.8,0,,0.5
amlc_00019,LI-Small,1,unknown,1.0,0.002176305283552075,0,bipartite,0.0012885658,0,fan-out,0.001732435580222887,0,fan-out,1,fan-out,0.6,1,fan-out,0.6,1,fan-out,0.6,1,gather-scatter,0.8,1,fan-out,0.8,1,fan-out,0.8,0,,0.5
amlc_00020,LI-Small,1,unknown,1.0,0.01475476007941215,0,bipartite,0.03890046,0,bipartite,0.026827611308708033,0,bipartite,1,gather-scatter,0.6,1,stack,0.8,1,fan-out,0.8,1,gather-scatter,0.6,1,random,0.8,1,gather-scatter,0.8,1,gather-scatter,0.8
amlc_00021,LI-Small,0,legit,1.0,0.39557152909350135,0,random,0.29546523,0,stack,0.34551837107694017,0,stack,1,fan-out,0.6,1,gather-scatter,0.6,1,fan-out,0.6,1,gather-scatter,0.8,1,gather-scatter,0.8,1,gather-scatter,0.8,1,gather-scatter,0.8
amlc_00022,LI-Small,1,unknown,1.0,0.0013586499167211052,0,fan-in,0.0036631082,0,fan-in,0.0025108790210250616,0,fan-in,1,fan-out,0.6,1,fan-out,0.6,1,fan-out,0.8,1,gather-scatter,0.8,1,fan-out,0.8,1,gather-scatter,0.8,1,fan-out,0.8
amlc_00023,LI-Small,0,legit,1103.0169082125603,0.002834047514896832,0,fan-in,0.0044544265,0,fan-in,0.0036442371541392017,0,fan-in,1,fan-in,0.6,1,fan-in,0.6,1,fan-in,0.6,1,gather-scatter,0.6,1,fan-in,0.8,1,fan-in,0.8,1,fan-in,0.8
amlc_00024,LI-Small,0,legit,1103.0169082125603,0.00040141151639139976,0,fan-out,0.0017084451,0,fan-out,0.0010549283743764774,0,fan-out,0,,0.5,0,,0.5,0,,0.7,1,gather-scatter,0.8,1,fan-out,0.8,1,scatter-gather,0.8,0,,0.5
amlc_00025,LI-Small,0,legit,1.0,0.01008386285905164,0,bipartite,0.03552235,0,bipartite,0.02280310434254071,0,bipartite,1,fan-in,0.6,1,fan-in,0.6,1,gather-scatter,0.8,1,gather-scatter,0.6,1,fan-in,0.8,1,gather-scatter,0.8,1,fan-in,0.8
amlc_00026,LI-Small,0,legit,1103.0169082125603,3.557337617246665e-05,0,bipartite,3.238866e-05,0,bipartite,3.398101886927033e-05,0,bipartite,1,fan-out,0.8,1,gather-scatter,0.6,1,fan-out,0.6,1,random,0.8,1,fan-out,0.8,1,fan-out,0.8,1,fan-out,0.8
amlc_00027,LI-Small,0,legit,1103.0169082125603,3.526862127697342e-05,0,bipartite,1.9583378e-05,0,stack,2.742599953747245e-05,0,stack,1,fan-out,0.6,1,fan-out,0.6,1,fan-out,0.8,1,fan-out,0.6,1,fan-out,0.8,1,fan-out,0.8,1,fan-out,0.8
amlc_00028,LI-Small,0,legit,1103.0169082125603,3.557337617246665e-05,0,bipartite,2.3166265e-05,0,bipartite,2.9369820522732325e-05,0,bipartite,1,gather-scatter,0.6,1,fan-in,0.6,1,fan-out,0.6,1,gather-scatter,0.6,1,gather-scatter,0.8,1,gather-scatter,0.8,1,gather-scatter,0.8
amlc_00029,LI-Small,1,unknown,1.0,0.0031992304157273713,0,bipartite,0.02104364,0,stack,0.012121434650374291,0,stack,1,fan-out,0.6,1,fan-out,0.6,1,gather-scatter,0.8,1,gather-scatter,0.8,1,gather-scatter,0.8,1,gather-scatter,0.8,1,gather-scatter,0.8
amlc_00030,LI-Small,1,unknown,1.0,0.002066509115936936,0,bipartite,0.0014010163,0,fan-out,0.0017337627440964585,0,fan-out,1,fan-out,0.8,1,fan-out,0.6,1,fan-out,0.8,1,gather-scatter,0.8,1,fan-out,0.8,1,fan-out,0.8,0,,0.5
amlc_00031,LI-Small,0,legit,1103.0169082125603,3.557337617246665e-05,0,bipartite,2.5585754e-05,0,bipartite,3.057956489141215e-05,0,bipartite,1,gather-scatter,0.6,1,gather-scatter,0.6,1,fan-out,0.8,1,gather-scatter,0.6,1,gather-scatter,0.8,1,gather-scatter,0.8,1,gather-scatter,0.8
amlc_00032,LI-Small,0,legit,1103.0169082125603,0.0008100151815105498,0,fan-out,0.0036123903,0,fan-out,0.0022112025779033213,0,fan-out,0,,0.5,0,,0.5,1,fan-out,0.8,1,fan-out,0.6,1,fan-out,0.8,1,fan-out,0.8,0,,0.5
amlc_00033,LI-Small,0,legit,1136.4420289855072,3.516924534545716e-05,0,bipartite,8.287874e-06,0,bipartite,2.1728559566980546e-05,0,bipartite,1,fan-out,0.6,1,fan-out,0.6,1,fan-out,0.8,1,scatter-gather,0.8,1,gather-scatter,0.8,1,gather-scatter,0.8,1,gather-scatter,0.8
amlc_00034,LI-Small,0,legit,1103.0169082125603,3.557337617246665e-05,0,bipartite,2.4093673e-05,0,bipartite,2.983352439554291e-05,0,bipartite,1,fan-out,0.6,1,fan-out,0.6,1,fan-out,0.8,1,random,0.8,1,fan-out,0.8,1,fan-out,0.8,1,fan-out,0.8
amlc_00035,LI-Small,0,legit,1136.4420289855072,3.526862127697342e-05,0,bipartite,2.4255121e-05,0,stack,2.9761870969041553e-05,0,stack,1,random,0.8,1,stack,0.8,1,scatter-gather,0.6,1,gather-scatter,0.6,1,stack,0.8,1,gather-scatter,0.8,1,stack,0.8
amlc_00036,LI-Small,0,legit,1100.3590361445783,5.373079486394666e-05,0,fan-in,7.9832855e-05,0,fan-out,6.678182768271487e-05,0,fan-out,1,fan-out,0.6,1,gather-scatter,0.6,1,fan-in,0.6,1,gather-scatter,0.6,1,gather-scatter,0.8,1,gather-scatter,0.8,1,gather-scatter,0.8
amlc_00037,LI-Small,0,legit,1100.3590361445783,3.53805787887328e-05,0,bipartite,7.112115e-05,0,bipartite,5.325086502837467e-05,0,bipartite,1,fan-out,0.6,1,gather-scatter,0.8,1,gather-scatter,0.8,1,gather-scatter,0.8,1,gather-scatter,0.8,1,gather-scatter,0.8,1,gather-scatter,0.8
amlc_00038,LI-Small,0,legit,1136.4420289855072,0.0010850109518324923,0,fan-out,0.0020116367,0,fan-out,0.0015483237632925606,0,fan-out,1,fan-out,0.6,1,fan-out,0.6,1,fan-out,0.8,1,gather-scatter,0.8,1,fan-out,0.8,1,fan-out,0.8,0,,0.5
amlc_00039,LI-Small,1,unknown,1.0,0.0004207023495365936,0,bipartite,0.0057109604,0,fan-out,0.0030658313111180937,0,fan-out,1,fan-out,0.6,1,fan-out,0.6,1,fan-out,0.6,1,gather-scatter,0.6,1,fan-out,0.8,1,fan-out,0.8,0,,0.5
amlc_00040,LI-Small,0,legit,1100.3590361445783,3.557337617246665e-05,0,bipartite,1.8820254e-05,0,bipartite,2.7196814853994865e-05,0,bipartite,1,fan-out,0.6,1,scatter-gather,0.6,1,fan-out,0.8,1,gather-scatter,0.6,1,fan-out,0.8,1,fan-out,0.8,1,fan-out,0.8
amlc_00041,LI-Small,0,legit,1136.4420289855072,3.487997806324355e-05,0,bipartite,9.005666e-06,0,bipartite,2.1942821448241413e-05,0,bipartite,1,fan-out,0.6,1,fan-out,0.6,1,fan-out,0.8,1,gather-scatter,0.6,1,fan-out,0.8,1,fan-out,0.8,1,fan-out,0.8
amlc_00042,LI-Small,0,legit,1.0,0.32121655238257607,0,stack,0.39111665,0,bipartite,0.35616660362773517,0,stack,1,cycle,0.8,1,fan-out,0.6,1,random,0.8,1,random,0.8,1,gather-scatter,0.8,1,gather-scatter,0.8,1,gather-scatter,0.8
amlc_00043,LI-Small,0,legit,1136.4420289855072,0.002178447901130518,0,fan-out,0.0038954162,0,fan-out,0.0030369319593761364,0,fan-out,0,,0.5,0,,0.5,1,fan-out,0.8,1,bipartite,0.8,1,fan-out,0.8,0,,0.7,0,,0.5
amlc_00044,LI-Small,0,legit,1136.4420289855072,3.526862127697342e-05,0,bipartite,1.679978e-05,0,stack,2.603420106864192e-05,0,stack,1,fan-out,0.8,0,cycle,0.7,1,random,0.8,1,gather-scatter,0.8,1,scatter-gather,0.8,0,,0.7,1,gather-scatter,0.8
amlc_00045,LI-Small,0,legit,1103.0169082125603,3.557337617246665e-05,0,bipartite,2.9843166e-05,0,bipartite,3.2708271801710356e-05,0,bipartite,1,fan-out,0.8,1,scatter-gather,0.6,1,fan-out,0.6,1,gather-scatter,0.8,1,gather-scatter,0.8,1,scatter-gather,0.8,1,gather-scatter,0.8
amlc_00046,LI-Small,0,legit,1136.4420289855072,3.557337617246665e-05,0,bipartite,3.7725207e-05,0,bipartite,3.6649290605454e-05,0,bipartite,1,fan-out,0.6,1,scatter-gather,0.6,1,fan-out,0.6,1,gather-scatter,0.6,1,gather-scatter,0.8,1,gather-scatter,0.8,1,fan-out,0.8
amlc_00047,LI-Small,0,legit,1103.0169082125603,3.557337617246665e-05,0,bipartite,2.3105153e-05,0,bipartite,2.9339264774933683e-05,0,bipartite,1,fan-out,0.8,1,fan-out,0.6,1,fan-out,0.8,1,gather-scatter,0.6,1,fan-out,0.8,1,stack,0.8,0,,0.5
amlc_00048,LI-Small,0,legit,1103.0169082125603,6.113828208203417e-05,0,bipartite,1.7076094e-05,0,bipartite,3.9107188627642995e-05,0,bipartite,1,fan-out,0.6,1,fan-out,0.6,1,scatter-gather,0.8,1,gather-scatter,0.6,1,fan-out,0.8,1,gather-scatter,0.8,1,fan-out,0.8
amlc_00049,LI-Small,0,legit,1100.3590361445783,3.516924534545716e-05,0,bipartite,1.656885e-05,0,bipartite,2.5869048930615974e-05,0,bipartite,1,fan-out,0.6,1,fan-out,0.6,1,fan-out,0.6,1,gather-scatter,0.6,1,fan-out,0.8,1,fan-out,0.8,0,,0.5
amlc_00050,LI-Small,1,unknown,1.0,0.0004977135439891943,0,fan-out,0.0016798552,0,fan-out,0.001088784343354619,0,fan-out,0,,0.5,0,,0.5,1,fan-out,0.6,1,gather-scatter,0.6,1,fan-out,0.8,1,fan-out,0.8,0,,0.5
amlc_00051,LI-Small,0,legit,1103.0169082125603,3.557337617246665e-05,0,bipartite,1.657174e-05,0,stack,2.607255825790925e-05,0,stack,1,fan-out,0.6,1,fan-out,0.6,1,gather-scatter,0.6,1,gather-scatter,0.6,1,fan-out,0.8,1,fan-out,0.8,1,fan-out,0.8
amlc_00052,LI-Small,0,legit,1103.0169082125603,3.557337617246665e-05,0,bipartite,1.591005e-05,0,bipartite,2.5741712097841075e-05,0,bipartite,1,gather-scatter,0.6,1,gather-scatter,0.8,1,fan-out,0.8,1,gather-scatter,0.6,1,gather-scatter,0.8,1,gather-scatter,0.8,1,gather-scatter,0.8
amlc_00053,LI-Small,0,legit,1136.4420289855072,0.000428650660144501,0,bipartite,0.0015541647,0,fan-out,0.0009914076382677819,0,fan-out,1,fan-out,0.6,1,fan-out,0.8,1,fan-out,0.6,0,random,0.7,1,fan-out,0.8,1,fan-out,0.8,0,,0.5
amlc_00054,LI-Small,0,legit,1100.3590361445783,0.00010957552887952929,0,gather-scatter,0.00015447664,0,scatter-gather,0.00013202607811888233,0,scatter-gather,1,fan-out,0.6,1,fan-in,0.8,1,scatter-gather,0.8,1,gather-scatter,0.6,1,gather-scatter,0.8,1,gather-scatter,0.8,1,gather-scatter,0.8
amlc_00055,LI-Small,0,legit,1100.3590361445783,3.6431517015938875e-05,0,stack,8.4301915e-05,0,stack,6.036671610515623e-05,0,stack,1,fan-out,0.6,1,fan-out,0.8,1,gather-scatter,0.8,1,gather-scatter,0.8,1,fan-out,0.8,1,scatter-gather,0.8,1,gather-scatter,0.8
amlc_00056,LI-Small,0,legit,1100.3590361445783,3.557337617246665e-05,0,bipartite,3.423965e-05,0,stack,3.490651358373579e-05,0,stack,1,gather-scatter,0.6,1,fan-out,0.6,1,fan-out,0.8,1,fan-out,0.8,1,fan-out,0.8,1,fan-out,0.8,1,fan-out,0.8
amlc_00057,LI-Small,1,unknown,1.0,0.000535820185502296,0,bipartite,0.0023862321,0,fan-out,0.001461026057748708,0,fan-out,1,fan-out,0.8,0,,0.7,1,fan-out,0.8,1,gather-scatter,0.8,1,fan-out,0.8,1,fan-out,0.8,0,,0.5
amlc_00058,LI-Small,1,unknown,1.0,0.0010053030099347522,0,bipartite,0.0017830257,0,bipartite,0.001394164323601886,0,bipartite,0,random,0.7,1,stack,0.8,0,,0.7,1,random,0.8,1,fan-in,0.8,1,fan-in,0.8,1,random,0.8
amlc_00059,LI-Small,0,legit,1103.0169082125603,1.9729354225367917e-05,0,bipartite,2.5692358e-05,0,stack,2.271085721954641e-05,0,stack,1,fan-out,0.8,1,fan-out,0.6,1,fan-out,0.8,1,gather-scatter,0.8,1,fan-out,0.8,0,,0.7,0,,0.5
amlc_00060,LI-Small,0,legit,1136.4420289855072,3.516924534545716e-05,0,bipartite,2.1582931e-05,0,bipartite,2.8376089084048143e-05,0,bipartite,1,fan-out,0.6,1,gather-scatter,0.6,1,scatter-gather,0.8,1,gather-scatter,0.6,1,gather-scatter,0.8,1,gather-scatter,0.8,1,gather-scatter,0.8
amlc_00061,LI-Small,1,unknown,1.0,0.008803440281012865,0,bipartite,0.01646609,0,fan-in,0.012634764623274014,0,fan-in,1,fan-out,0.6,1,fan-out,0.8,1,fan-out,0.6,1,gather-scatter,0.6,1,gather-scatter,0.8,1,gather-scatter,0.8,1,gather-scatter,0.8
amlc_00062,LI-Small,0,legit,1103.0169082125603,0.01977046001912435,0,bipartite,0.07178877,0,bipartite,0.045779612754589714,0,bipartite,1,fan-in,0.6,1,fan-in,0.6,1,fan-in,0.6,1,fan-in,0.6,1,fan-in,0.8,1,fan-in,0.8,1,fan-in,0.8
amlc_00063,LI-Small,1,unknown,1.0,0.031136459131596034,0,bipartite,0.05144433,0,bipartite,0.0412903938539612,0,bipartite,1,fan-out,0.6,1,fan-out,0.6,1,random,0.8,1,gather-scatter,0.8,1,random,0.8,1,fan-out,0.8,1,fan-out,0.8
amlc_00064,LI-Small,0,legit,1103.0169082125603,3.557337617246665e-05,0,bipartite,2.6558759e-05,0,bipartite,3.1066068341204654e-05,0,bipartite,1,fan-out,0.6,1,fan-out,0.8,1,random,0.8,1,random,0.8,1,fan-out,0.8,1,fan-out,0.8,1,fan-out,0.8
amlc_00065,LI-Small,0,legit,1103.0169082125603,3.557337617246665e-05,0,bipartite,2.6916827e-05,0,stack,3.124510091805713e-05,0,stack,1,fan-out,0.6,1,scatter-gather,0.8,1,fan-out,0.8,1,scatter-gather,0.6,1,gather-scatter,0.8,1,gather-scatter,0.8,1,gather-scatter,0.8
amlc_00066,LI-Small,0,legit,1100.3590361445783,3.557337617246665e-05,0,bipartite,2.7769705e-05,0,bipartite,3.167154024635091e-05,0,bipartite,1,fan-out,0.6,1,fan-out,0.6,1,scatter-gather,0.6,1,gather-scatter,0.8,1,scatter-gather,0.8,1,fan-out,0.8,1,gather-scatter,0.8
amlc_00067,LI-Small,0,legit,1.0,0.007553765632579268,0,bipartite,0.021160021,0,bipartite,0.014356893714700909,0,bipartite,1,fan-out,0.8,1,fan-out,0.6,1,fan-out,0.6,1,scatter-gather,0.6,1,fan-in,0.8,1,gather-scatter,0.8,1,gather-scatter,0.8
amlc_00068,LI-Small,0,legit,1103.0169082125603,3.557337617246665e-05,0,bipartite,1.6936847e-05,0,bipartite,2.625511076115653e-05,0,bipartite,1,fan-out,0.6,1,gather-scatter,0.6,1,fan-out,0.6,1,gather-scatter,0.6,1,fan-out,0.8,1,gather-scatter,0.8,1,gather-scatter,0.8
amlc_00069,LI-Small,0,legit,1136.4420289855072,3.526862127697342e-05,0,bipartite,1.862713e-05,0,stack,2.6947875444266316e-05,0,stack,1,fan-out,0.8,1,fan-out,0.6,1,fan-out,0.8,1,random,0.8,1,fan-out,0.8,1,fan-out,0.8,1,fan-out,0.8
amlc_00070,LI-Small,0,legit,1103.0169082125603,9.52760111366696e-05,0,bipartite,3.5048466e-05,0,bipartite,6.516223934017212e-05,0,bipartite,1,fan-out,0.6,1,fan-out,0.6,1,scatter-gather,0.8,1,gather-scatter,0.8,1,fan-out,0.8,1,scatter-gather,0.8,1,scatter-gather,0.8
amlc_00071,LI-Small,1,unknown,1.0,0.00031970263778646394,0,bipartite,0.0011805607,0,fan-out,0.000750131704115518,0,fan-out,1,fan-out,0.6,1,fan-out,0.6,1,fan-out,0.8,1,gather-scatter,0.6,1,fan-out,0.8,0,,0.7,0,,0.5
amlc_00072,LI-Small,0,legit,1103.0169082125603,3.557337617246665e-05,0,bipartite,2.7552906e-05,0,bipartite,3.156313993753282e-05,0,bipartite,1,fan-out,0.6,1,fan-out,0.6,1,fan-out,0.8,1,gather-scatter,0.6,1,fan-out,0.8,1,fan-out,0.8,1,fan-out,0.8
amlc_00073,LI-Small,0,legit,1100.3590361445783,3.516924534545716e-05,0,bipartite,1.6486356e-05,0,bipartite,2.5827801435951696e-05,0,bipartite,1,fan-out,0.6,1,gather-scatter,0.6,1,fan-out,0.8,1,gather-scatter,0.8,1,gather-scatter,0.8,1,scatter-gather,0.8,1,gather-scatter,0.8
amlc_00074,LI-Small,0,legit,1136.4420289855072,3.53805787887328e-05,0,bipartite,4.608491e-05,0,bipartite,4.073274438981417e-05,0,bipartite,1,fan-out,0.6,1,fan-out,0.6,1,gather-scatter,0.8,1,gather-scatter,0.8,1,gather-scatter,0.8,1,gather-scatter,0.8,1,scatter-gather,0.8
amlc_00075,LI-Small,0,legit,1136.4420289855072,3.557337617246665e-05,0,bipartite,3.4803594e-05,0,bipartite,3.518848531752009e-05,0,bipartite,1,fan-out,0.6,1,fan-out,0.8,1,scatter-gather,0.8,1,gather-scatter,0.6,1,fan-out,0.8,0,,0.7,1,scatter-gather,0.8
amlc_00076,LI-Small,0,legit,1100.3590361445783,3.516924534545716e-05,0,bipartite,1.6756501e-05,0,bipartite,2.596287385924239e-05,0,bipartite,1,fan-out,0.6,1,fan-out,0.6,0,fan-out,0.7,1,gather-scatter,0.6,1,gather-scatter,0.8,1,gather-scatter,0.8,1,gather-scatter,0.8
amlc_00077,LI-Small,1,unknown,1.0,0.0026003439552303408,0,fan-in,0.008356466,0,fan-in,0.0054784051429091025,0,fan-in,1,gather-scatter,0.6,1,gather-scatter,0.6,1,scatter-gather,0.6,1,gather-scatter,0.6,1,gather-scatter,0.8,1,gather-scatter,0.8,1,gather-scatter,0.8
amlc_00078,LI-Small,1,unknown,1.0,0.0015103666283116201,0,fan-in,0.0023219537,0,fan-in,0.001916160128727578,0,fan-in,1,fan-in,0.6,1,fan-in,0.6,1,fan-in,0.6,1,gather-scatter,0.8,1,fan-in,0.8,1,fan-in,0.8,1,fan-in,0.8
amlc_00079,LI-Small,0,legit,1103.0169082125603,0.0007386173386710366,0,bipartite,0.0003381974,0,bipartite,0.0005384073608846704,0,bipartite,1,fan-out,0.6,1,fan-out,0.6,0,,0.7,1,gather-scatter,0.8,1,fan-out,0.8,1,fan-out,0.8,1,fan-out,0.8
amlc_00080,LI-Small,0,legit,1136.4420289855072,3.526862127697342e-05,0,bipartite,1.560953e-05,0,stack,2.543907584807144e-05,0,stack,1,gather-scatter,0.6,1,gather-scatter,0.6,1,fan-in,0.6,1,gather-scatter,0.6,1,fan-in,0.8,1,gather-scatter,0.8,1,fan-in,0.8
amlc_00081,LI-Small,1,unknown,1.0,0.012822936284966766,0,bipartite,0.023642123,0,bipartite,0.01823252970150486,0,bipartite,1,fan-out,0.6,1,fan-out,0.6,1,fan-out,0.8,1,gather-scatter,0.6,1,gather-scatter,0.8,1,gather-scatter,0.8,1,gather-scatter,0.8
amlc_00082,LI-Small,1,unknown,1.0,0.002289540807556462,0,fan-in,0.009027243,0,fan-in,0.00565839178060559,0,fan-in,1,random,0.8,1,gather-scatter,0.8,1,random,0.8,1,gather-scatter,0.6,1,gather-scatter,0.8,1,gather-scatter,0.8,1,gather-scatter,0.8
amlc_00083,LI-Small,0,legit,1100.3590361445783,3.487997806324355e-05,0,bipartite,7.5781318e-06,0,bipartite,2.1229055053985614e-05,0,bipartite,1,fan-out,0.6,1,fan-out,0.6,1,fan-out,0.8,1,gather-scatter,0.8,1,fan-out,0.8,1,fan-out,0.8,0,,0.5
amlc_00084,LI-Small,1,unknown,1.0,0.0005683597211711253,0,fan-out,0.0013173907,0,fan-out,0.0009428752370636981,0,fan-out,0,,0.5,0,,0.5,1,fan-out,0.8,1,random,0.8,1,fan-out,0.8,0,,0.7,0,,0.5
amlc_00085,LI-Small,0,legit,1100.3590361445783,3.557337617246665e-05,0,bipartite,1.8192059e-05,0,stack,2.688271813025348e-05,0,stack,1,fan-out,0.6,1,gather-scatter,0.6,1,fan-out,0.8,1,gather-scatter,0.6,1,fan-out,0.8,1,random,0.8,0,,0.5
amlc_00086,LI-Small,0,legit,1100.3590361445783,0.00011439237113617003,0,bipartite,3.9368133e-05,0,stack,7.688025206929825e-05,0,stack,1,fan-out,0.6,1,fan-out,0.6,1,fan-out,0.8,1,gather-scatter,0.6,1,fan-out,0.8,1,fan-out,0.8,0,,0.5
amlc_00087,LI-Small,0,legit,1103.0169082125603,0.00040442185236725693,0,stack,0.0010196783,0,fan-out,0.0007120500702533299,0,fan-out,1,fan-out,0.6,1,gather-scatter,0.8,1,fan-out,0.8,1,scatter-gather,0.8,1,fan-out,0.8,0,,0.7,0,,0.5
amlc_00088,LI-Small,0,legit,1103.0169082125603,0.00011439237113617003,0,bipartite,0.00012679552,0,bipartite,0.00012059394857400849,0,bipartite,1,fan-out,0.6,1,fan-out,0.6,1,fan-out,0.8,1,fan-out,0.8,1,fan-out,0.8,1,fan-out,0.8,0,,0.5
amlc_00089,LI-Small,0,legit,1103.0169082125603,3.516924534545716e-05,0,bipartite,1.3589901e-05,0,bipartite,2.4379573368349664e-05,0,bipartite,1,fan-out,0.6,1,fan-out,0.6,1,gather-scatter,0.6,1,gather-scatter,0.8,1,gather-scatter,0.8,1,gather-scatter,0.8,1,gather-scatter,0.8
amlc_00090,LI-Small,1,unknown,1.0,0.005857108139687823,0,fan-in,0.010349165,0,fan-in,0.00810313642829361,0,fan-in,1,fan-out,0.8,1,fan-out,0.6,1,random,0.8,1,gather-scatter,0.6,1,fan-in,0.8,1,fan-in,0.8,1,fan-in,0.8
amlc_00091,LI-Small,1,unknown,1.0,0.012688254261593052,0,bipartite,0.05006253,0,bipartite,0.03137539311974249,0,bipartite,1,fan-out,0.8,1,scatter-gather,0.6,1,gather-scatter,0.6,1,gather-scatter,0.8,1,gather-scatter,0.8,1,gather-scatter,0.8,1,gather-scatter,0.8
amlc_00092,LI-Small,0,legit,1103.0169082125603,0.0003178808059784594,0,bipartite,0.0008405248,0,fan-out,0.0005792027997904927,0,fan-out,1,fan-out,0.6,1,fan-out,0.6,1,fan-out,0.6,1,gather-scatter,0.6,1,fan-out,0.8,1,fan-out,0.8,0,,0.5
amlc_00093,LI-Small,0,legit,1103.0169082125603,0.00010898866677530239,0,bipartite,3.0150131e-05,0,bipartite,6.956939942722273e-05,0,bipartite,1,cycle,0.8,1,gather-scatter,0.6,1,fan-out,0.8,1,gather-scatter,0.8,1,gather-scatter,0.8,1,gather-scatter,0.8,1,gather-scatter,0.8
amlc_00094,LI-Small,1,unknown,1.0,0.0007074769309347648,0,bipartite,0.004084194,0,fan-out,0.002395835574837316,0,fan-out,0,,0.5,0,,0.5,0,,0.7,1,fan-out,0.8,1,fan-out,0.8,0,,0.7,0,,0.5
amlc_00095,LI-Small,0,legit,1103.0169082125603,0.002401611383776254,0,fan-out,0.012682517,0,bipartite,0.007542063429837617,0,fan-out,0,,0.5,0,,0.5,1,fan-out,0.8,1,random,0.8,1,fan-out,0.8,1,fan-out,0.8,0,,0.5
amlc_00096,LI-Small,1,unknown,1.0,0.0002796726908725158,0,bipartite,0.00041512778,0,fan-out,0.0003474002280134909,0,fan-out,0,,0.5,0,,0.5,1,scatter-gather,0.8,1,fan-out,0.8,1,fan-out,0.8,1,fan-out,0.8,0,,0.5
amlc_00097,LI-Small,0,legit,1136.4420289855072,0.00016701973783373803,0,bipartite,0.00022831264,0,bipartite,0.0001976661863483487,0,bipartite,1,fan-out,0.6,1,fan-out,0.6,1,gather-scatter,0.8,1,gather-scatter,0.6,1,fan-out,0.8,1,gather-scatter,0.8,1,fan-out,0.8
amlc_00098,LI-Small,1,unknown,1.0,0.002055021323523925,0,fan-in,0.0073881163,0,fan-in,0.004721568731721246,0,fan-in,1,gather-scatter,0.6,1,gather-scatter,0.6,1,gather-scatter,0.8,1,gather-scatter,0.8,1,gather-scatter,0.8,1,gather-scatter,0.8,1,gather-scatter,0.8
amlc_00099,LI-Small,0,legit,1100.3590361445783,3.526862127697342e-05,0,bipartite,1.7469158e-05,0,stack,2.6368889843825085e-05,0,stack,1,random,0.8,1,fan-out,0.8,1,gather-scatter,0.8,1,gather-scatter,0.8,1,gather-scatter,0.8,1,gather-scatter,0.8,1,gather-scatter,0.8
amlc_00100,LI-Small,0,legit,1100.3590361445783,0.00011339751161921382,0,bipartite,9.239446e-05,0,stack,0.00010289598694097988,0,stack,1,scatter-gather,0.8,1,fan-out,0.6,1,fan-out,0.6,1,gather-scatter,0.8,1,gather-scatter,0.8,1,gather-scatter,0.8,1,gather-scatter,0.8
amlc_00101,LI-Small,0,legit,1.0,0.00821607972225428,0,bipartite,0.02163797,0,bipartite,0.014927024779423476,0,bipartite,1,fan-in,0.6,0,,0.7,1,gather-scatter,0.6,1,gather-scatter,0.8,1,fan-in,0.8,1,gather-scatter,0.8,1,gather-scatter,0.8
amlc_00102,LI-Small,1,unknown,1.0,0.0037397661362144246,0,bipartite,0.015176749,0,bipartite,0.009458257682822787,0,bipartite,1,fan-out,0.6,1,fan-out,0.8,1,gather-scatter,0.6,1,gather-scatter,0.6,1,gather-scatter,0.8,1,gather-scatter,0.8,1,gather-scatter,0.8
amlc_00103,LI-Small,0,legit,1136.4420289855072,0.0005503503358842105,0,bipartite,0.005744881,0,fan-out,0.0031476155964151606,0,fan-out,1,fan-out,0.6,1,fan-out,0.6,1,scatter-gather,0.8,1,gather-scatter,0.8,1,scatter-gather,0.8,1,fan-out,0.8,0,,0.5
amlc_00104,LI-Small,0,legit,1136.4420289855072,0.000399103338071967,0,bipartite,0.0021369644,0,fan-out,0.0012680338095807854,0,fan-out,0,,0.5,0,,0.5,1,fan-out,0.6,1,gather-scatter,0.6,1,fan-out,0.8,0,,0.7,0,,0.5
amlc_00105,LI-Small,0,legit,1103.0169082125603,0.011596998398768776,0,bipartite,0.005189813,0,bipartite,0.00839340575673574,0,bipartite,1,fan-out,0.8,1,fan-out,0.6,1,random,0.8,1,gather-scatter,0.8,1,fan-out,0.8,1,gather-scatter,0.8,1,fan-out,0.8
amlc_00106,LI-Small,1,unknown,1.0,0.03391473209645514,0,bipartite,0.03933701,0,bipartite,0.036625869898926036,0,bipartite,1,gather-scatter,0.6,1,gather-scatter,0.6,0,,0.7,1,gather-scatter,0.6,1,gather-scatter,0.8,1,gather-scatter,0.8,0,,0.7
amlc_00107,LI-Small,0,legit,1103.0169082125603,3.526862127697342e-05,0,bipartite,5.7885267e-05,0,stack,4.657694298187394e-05,0,stack,1,fan-out,0.6,1,fan-out,0.6,1,fan-out,0.8,1,gather-scatter,0.8,1,gather-scatter,0.8,1,gather-scatter,0.8,1,gather-scatter,0.8
amlc_00108,LI-Small,1,unknown,1.0,0.044697872545759375,0,bipartite,0.16769879,0,bipartite,0.1061983276140891,0,bipartite,1,fan-out,0.6,1,gather-scatter,0.6,1,fan-out,0.6,1,gather-scatter,0.6,1,gather-scatter,0.8,1,gather-scatter,0.8,1,gather-scatter,0.8
amlc_00109,LI-Small,1,unknown,1.0,0.002054818883472994,0,fan-in,0.0071818754,0,fan-in,0.004618346959319867,0,fan-in,1,gather-scatter,0.8,1,fan-out,0.8,1,fan-in,0.8,1,gather-scatter,0.8,1,scatter-gather,0.8,1,gather-scatter,0.8,1,gather-scatter,0.8
amlc_00110,LI-Small,0,legit,1100.3590361445783,3.487997806324355e-05,0,bipartite,1.3831564e-05,0,bipartite,2.435577037299849e-05,0,bipartite,1,bipartite,0.8,1,stack,0.8,1,fan-out,0.8,1,gather-scatter,0.8,1,fan-out,0.8,1,fan-out,0.8,1,fan-out,0.8
amlc_00111,LI-Small,0,legit,1103.0169082125603,0.00011439237113617003,0,bipartite,3.672833e-05,0,bipartite,7.55603515213291e-05,0,bipartite,1,fan-out,0.8,1,fan-out,0.6,1,fan-out,0.6,1,gather-scatter,0.6,1,fan-out,0.8,1,gather-scatter,0.8,1,fan-out,0.8
amlc_00112,LI-Small,1,unknown,1.0,0.012876816330223615,0,bipartite,0.019989753,0,stack,0.016433285294904974,0,stack,1,gather-scatter,0.6,1,gather-scatter,0.6,0,,0.7,1,gather-scatter,0.8,1,gather-scatter,0.8,1,gather-scatter,0.8,1,gather-scatter,0.8
amlc_00113,LI-Small,0,legit,1.0,0.7471082550413268,1,bipartite,0.6261717,1,bipartite,0.6866399875346252,1,bipartite,1,fan-out,0.6,1,gather-scatter,0.6,1,cycle,0.8,1,gather-scatter,0.8,1,gather-scatter,0.8,1,gather-scatter,0.8,1,gather-scatter,0.8
amlc_00114,LI-Small,1,unknown,1.0,0.03700897422448897,0,fan-in,0.2576508,0,fan-in,0.14732988937207114,0,fan-in,1,fan-in,0.6,1,fan-in,0.6,1,fan-in,0.8,1,gather-scatter,0.6,1,fan-in,0.8,1,fan-in,0.8,1,fan-in,0.8
amlc_00115,LI-Small,0,legit,1103.0169082125603,0.00031925712352816506,0,fan-out,0.0012740567,0,fan-out,0.0007966569688367309,0,fan-out,0,,0.5,0,,0.5,1,fan-out,0.6,1,gather-scatter,0.8,1,fan-out,0.8,1,fan-out,0.8,0,,0.5
amlc_00116,LI-Small,1,unknown,1.0,0.0009362559501531125,0,bipartite,0.0029589394,0,fan-out,0.001947597727015734,0,fan-out,0,,0.5,0,,0.5,1,fan-out,0.8,1,gather-scatter,0.8,1,fan-out,0.8,1,fan-out,0.8,0,,0.5
amlc_00117,LI-Small,1,unknown,1.0,0.005148188886629729,0,fan-in,0.008586115,0,fan-in,0.0068671523246105455,0,fan-in,1,gather-scatter,0.6,1,fan-out,0.8,1,gather-scatter,0.6,1,gather-scatter,0.6,1,gather-scatter,0.8,1,gather-scatter,0.8,1,gather-scatter,0.8
amlc_00118,LI-Small,0,legit,1100.3590361445783,0.00024504606729663567,0,cycle,7.34284e-05,0,cycle,0.00015923723273473622,0,cycle,1,fan-out,0.6,1,fan-out,0.6,1,fan-out,0.8,1,gather-scatter,0.6,1,fan-out,0.8,1,fan-out,0.8,0,,0.5
amlc_00119,LI-Small,1,unknown,1.0,0.011445946168070077,0,stack,0.052475125,0,stack,0.03196053575533879,0,stack,1,fan-out,0.6,1,fan-out,0.8,1,fan-out,0.8,1,random,0.8,1,fan-out,0.8,1,fan-out,0.8,0,,0.5
amlc_00120,LI-Small,0,legit,1100.3590361445783,0.0003281155884895727,0,bipartite,0.0016573237,0,fan-out,0.000992719622080972,0,fan-out,0,,0.5,0,,0.5,1,fan-out,0.8,0,,0.7,1,fan-out,0.8,1,fan-out,0.8,0,,0.5
amlc_00121,LI-Small,0,legit,1100.3590361445783,0.00011339751161921382,0,bipartite,9.0576475e-05,0,stack,0.00010198699500787809,0,stack,1,fan-out,0.8,1,gather-scatter,0.6,1,fan-in,0.8,1,gather-scatter,0.8,1,fan-out,0.8,1,gather-scatter,0.8,1,gather-scatter,0.8
amlc_00122,LI-Small,0,legit,1136.4420289855072,0.000394583957882643,0,bipartite,0.0026224835,0,fan-out,0.001508533744447887,0,fan-out,1,fan-out,0.6,1,gather-scatter,0.6,1,fan-out,0.6,1,gather-scatter,0.8,1,fan-out,0.8,1,fan-out,0.8,0,,0.5
amlc_00123,LI-Small,0,legit,1103.0169082125603,0.0008457460469479775,0,cycle,0.00017022881,0,cycle,0.0005079874288480314,0,cycle,1,fan-out,0.6,1,fan-out,0.6,1,random,0.8,1,bipartite,0.8,1,fan-in,0.8,1,random,0.8,1,fan-out,0.8
amlc_00124,LI-Small,0,legit,1103.0169082125603,0.0014935546514316619,0,bipartite,0.0003017002,0,bipartite,0.0008976274237138763,0,bipartite,1,fan-out,0.6,1,fan-out,0.6,1,fan-out,0.6,1,gather-scatter,0.8,1,fan-out,0.8,1,stack,0.8,1,fan-out,0.8
amlc_00125,LI-Small,1,unknown,1.0,0.000612027112834026,0,bipartite,0.0047989856,0,fan-out,0.002705506495419825,0,fan-out,0,,0.5,0,,0.5,1,fan-out,0.6,1,scatter-gather,0.8,1,fan-out,0.8,0,,0.7,0,,0.5
amlc_00126,LI-Small,1,unknown,1.0,0.00039103251809709293,0,fan-out,0.0052453415,0,bipartite,0.00281818679963466,0,fan-out,0,,0.5,0,,0.5,0,,0.7,1,fan-out,0.8,1,fan-out,0.8,0,,0.7,0,,0.5
amlc_00127,LI-Small,0,legit,1103.0169082125603,3.557337617246665e-05,0,bipartite,2.7917637e-05,0,stack,3.174550690386094e-05,0,stack,1,fan-out,0.6,1,fan-out,0.6,1,fan-out,0.8,1,gather-scatter,0.8,1,fan-out,0.8,1,gather-scatter,0.8,0,,0.5
amlc_00128,LI-Small,1,unknown,1.0,0.0003139227936887792,0,bipartite,0.0015950203,0,fan-out,0.0009544715788637126,0,fan-out,1,fan-out,0.6,1,gather-scatter,0.8,1,fan-out,0.6,1,random,0.8,1,fan-out,0.8,0,,0.7,0,,0.5
amlc_00129,LI-Small,0,legit,1103.0169082125603,3.557337617246665e-05,0,bipartite,1.5838794e-05,0,bipartite,2.5706084825686403e-05,0,bipartite,1,fan-out,0.6,1,fan-out,0.8,1,fan-out,0.8,1,bipartite,0.8,1,fan-out,0.8,1,fan-out,0.8,1,fan-out,0.8
amlc_00130,LI-Small,1,unknown,1.0,0.00034414222895100917,0,bipartite,0.001795729,0,fan-out,0.0010699356229180853,0,fan-out,1,fan-out,0.6,1,gather-scatter,0.6,1,fan-out,0.8,1,random,0.8,1,fan-out,0.8,1,fan-out,0.8,0,,0.5
amlc_00131,LI-Small,0,legit,1100.3590361445783,5.620769837827146e-05,0,bipartite,2.5822757e-05,0,bipartite,4.101522860648205e-05,0,bipartite,1,fan-out,0.8,1,scatter-gather,0.6,1,fan-out,0.6,1,random,0.8,1,fan-out,0.8,1,gather-scatter,0.8,0,,0.5
amlc_00132,LI-Small,0,legit,1100.3590361445783,3.516924534545716e-05,0,bipartite,2.6358419e-05,0,bipartite,3.0763832090741345e-05,0,bipartite,1,scatter-gather,0.6,1,gather-scatter,0.6,1,gather-scatter,0.6,1,gather-scatter,0.8,1,gather-scatter,0.8,1,gather-scatter,0.8,1,gather-scatter,0.8
amlc_00133,LI-Small,0,legit,1100.3590361445783,3.526862127697342e-05,0,bipartite,1.8377024e-05,0,stack,2.6822822469357704e-05,0,stack,1,fan-in,0.6,1,fan-in,0.6,1,fan-in,0.6,1,gather-scatter,0.6,1,fan-in,0.8,1,fan-in,0.8,1,fan-in,0.8
amlc_00134,LI-Small,0,legit,1103.0169082125603,0.0036717505090830536,0,fan-in,0.012963046,0,fan-in,0.008317398135036121,0,fan-in,1,fan-in,0.6,1,fan-in,0.8,1,fan-in,0.8,1,gather-scatter,0.6,1,fan-in,0.8,1,fan-in,0.8,1,fan-in,0.8
amlc_00135,LI-Small,0,legit,1100.3590361445783,0.00011439237113617003,0,bipartite,9.004373e-05,0,bipartite,0.00010221805195810094,0,bipartite,1,fan-out,0.8,1,gather-scatter,0.6,1,random,0.8,1,gather-scatter,0.8,1,gather-scatter,0.8,1,fan-out,0.8,1,gather-scatter,0.8
amlc_00136,LI-Small,1,unknown,1.0,0.0015714779817665257,0,fan-in,0.0022607972,0,fan-in,0.0019161375982304231,0,fan-in,1,gather-scatter,0.6,1,gather-scatter,0.6,1,fan-in,0.6,1,gather-scatter,0.6,1,fan-in,0.8,1,fan-in,0.8,1,fan-in,0.8
amlc_00137,LI-Small,1,unknown,1.0,0.0027631316950945404,0,fan-in,0.02788592,0,fan-in,0.015324525007159926,0,fan-in,1,fan-in,0.6,1,gather-scatter,0.6,1,fan-in,0.6,1,gather-scatter,0.6,1,fan-in,0.8,1,stack,0.8,1,gather-scatter,0.8
amlc_00138,LI-Small,1,unknown,1.0,0.010125754034131042,0,stack,0.056857068,0,bipartite,0.03349141143541002,0,stack,1,gather-scatter,0.6,1,fan-out,0.6,1,fan-out,0.8,1,cycle,0.8,1,gather-scatter,0.8,1,gather-scatter,0.8,1,gather-scatter,0.8
amlc_00139,LI-Small,0,legit,1103.0169082125603,0.0008409845622738367,0,fan-out,0.0009234176,0,fan-out,0.00088220106454182,0,fan-out,1,fan-out,0.8,1,fan-out,0.6,1,fan-out,0.8,1,gather-scatter,0.8,1,fan-out,0.8,1,gather-scatter,0.8,0,,0.5
amlc_00140,LI-Small,1,unknown,1.0,0.002669847641244717,0,fan-in,0.0048086806,0,fan-in,0.003739264177210722,0,fan-in,1,fan-in,0.6,1,fan-in,0.6,1,fan-in,0.6,1,gather-scatter,0.6,1,fan-in,0.8,1,fan-in,0.8,1,fan-in,0.8
amlc_00141,LI-Small,0,legit,1136.4420289855072,3.516924534545716e-05,0,bipartite,2.4255536e-05,0,bipartite,2.971239091377225e-05,0,bipartite,1,fan-out,0.6,1,scatter-gather,0.8,1,fan-out,0.6,1,gather-scatter,0.6,1,gather-scatter,0.8,1,gather-scatter,0.8,1,gather-scatter,0.8
amlc_00142,LI-Small,1,unknown,1.0,0.05773717838795807,0,bipartite,0.036364995,0,bipartite,0.04705108592049194,0,bipartite,0,cycle,0.7,1,scatter-gather,0.8,1,gather-scatter,0.8,1,gather-scatter,0.8,1,gather-scatter,0.8,1,gather-scatter,0.8,1,gather-scatter,0.8
amlc_00143,LI-Small,0,legit,1103.0169082125603,3.526862127697342e-05,0,bipartite,1.8688792e-05,0,stack,2.6978706223262777e-05,0,stack,1,fan-out,0.6,1,fan-out,0.6,1,fan-out,0.6,1,gather-scatter,0.8,1,gather-scatter,0.8,1,gather-scatter,0.8,1,fan-out,0.8
amlc_00144,LI-Small,0,legit,1136.4420289855072,0.00011439237113617003,0,bipartite,4.408146e-05,0,bipartite,7.92369132764573e-05,0,bipartite,1,fan-out,0.8,1,fan-out,0.8,1,fan-out,0.8,1,gather-scatter,0.8,1,fan-out,0.8,1,fan-out,0.8,0,,0.5
amlc_00145,LI-Small,0,legit,1136.4420289855072,3.516924534545716e-05,0,bipartite,3.2756612e-05,0,bipartite,3.39629282268275e-05,0,bipartite,1,fan-out,0.6,1,fan-out,0.6,1,fan-out,0.8,1,bipartite,0.8,1,scatter-gather,0.8,1,gather-scatter,0.8,0,,0.5
amlc_00146,LI-Small,0,legit,1103.0169082125603,0.0007012847144995265,0,fan-out,0.0039192094,0,fan-out,0.0023102471504779726,0,fan-out,0,,0.5,0,,0.5,1,random,0.8,1,scatter-gather,0.6,1,fan-out,0.8,1,fan-out,0.8,0,,0.5
amlc_00147,LI-Small,1,unknown,1.0,0.007787517572190689,0,fan-in,0.015230551,0,fan-in,0.01150903456024643,0,fan-in,1,fan-in,0.6,0,,0.7,1,fan-in,0.8,1,gather-scatter,0.6,1,fan-in,0.8,1,fan-in,0.8,1,fan-in,0.8
amlc_00148,LI-Small,1,unknown,1.0,0.009981313555904472,0,bipartite,0.032746166,0,bipartite,0.021363739959631485,0,bipartite,1,fan-out,0.6,1,fan-out,0.6,1,gather-scatter,0.8,1,gather-scatter,0.8,1,gather-scatter,0.8,1,gather-scatter,0.8,1,gather-scatter,0.8
amlc_00149,LI-Small,0,legit,1100.3590361445783,3.516924534545716e-05,0,bipartite,6.145955e-05,0,bipartite,4.831439646179075e-05,0,bipartite,1,fan-out,0.6,1,fan-out,0.6,1,fan-out,0.8,1,gather-scatter,0.8,1,fan-out,0.8,1,gather-scatter,0.8,1,scatter-gather,0.8
amlc_00150,LI-Small,1,unknown,1.0,0.07567805949860032,0,bipartite,0.025858676,0,bipartite,0.050768367407288226,0,bipartite,1,gather-scatter,0.6,1,fan-out,0.6,1,fan-out,0.6,1,gather-scatter,0.6,1,fan-out,0.8,1,gather-scatter,0.8,1,gather-scatter,0.8
amlc_00151,LI-Small,0,legit,1100.3590361445783,0.00011439237113617003,0,bipartite,2.5004896e-05,0,bipartite,6.969863379394457e-05,0,bipartite,1,fan-out,0.6,1,fan-out,0.6,1,fan-out,0.8,1,gather-scatter,0.6,1,fan-out,0.8,1,fan-out,0.8,1,fan-out,0.8
amlc_00152,LI-Small,0,legit,1100.3590361445783,3.516924534545716e-05,0,bipartite,1.9213536e-05,0,bipartite,2.7191390744263627e-05,0,bipartite,1,fan-out,0.6,1,fan-out,0.8,1,scatter-gather,0.8,1,fan-out,0.8,1,fan-out,0.8,1,fan-out,0.8,1,fan-out,0.8
amlc_00153,LI-Small,0,legit,1100.3590361445783,3.487997806324355e-05,0,bipartite,1.7176939e-05,0,bipartite,2.6028458640716096e-05,0,bipartite,1,stack,0.8,1,stack,0.8,1,fan-in,0.8,1,gather-scatter,0.6,1,gather-scatter,0.8,1,stack,0.8,1,gather-scatter,0.8
amlc_00154,LI-Small,1,unknown,1.0,0.0006464483681930249,0,bipartite,0.005825491,0,fan-out,0.0032359697157449104,0,fan-out,0,,0.5,0,,0.5,1,fan-out,0.8,1,gather-scatter,0.8,1,fan-out,0.8,1,fan-out,0.8,0,,0.5
amlc_00155,LI-Small,0,legit,1103.0169082125603,3.526862127697342e-05,0,bipartite,2.1050937e-05,0,stack,2.8159779317166026e-05,0,stack,1,fan-out,0.8,1,cycle,0.8,1,fan-out,0.8,1,gather-scatter,0.6,1,scatter-gather,0.8,1,random,0.8,1,fan-out,0.8
amlc_00156,LI-Small,1,unknown,1.0,0.000916883350518741,0,fan-out,0.0007334958,0,fan-out,0.0008251895318651685,0,fan-out,0,,0.5,0,,0.5,1,fan-out,0.8,1,gather-scatter,0.8,1,fan-out,0.8,1,fan-out,0.8,0,,0.5
amlc_00157,LI-Small,0,legit,1103.0169082125603,3.526862127697342e-05,0,bipartite,4.8979513e-05,0,stack,4.212406856352587e-05,0,stack,1,gather-scatter,0.6,1,fan-out,0.6,1,scatter-gather,0.8,1,gather-scatter,0.6,1,gather-scatter,0.8,1,gather-scatter,0.8,1,gather-scatter,0.8
amlc_00158,LI-Small,0,legit,1103.0169082125603,0.00011439237113617003,0,bipartite,3.5024965e-05,0,bipartite,7.470866684938602e-05,0,bipartite,1,gather-scatter,0.6,1,fan-out,0.8,0,,0.7,1,gather-scatter,0.6,1,fan-out,0.8,0,,0.7,0,,0.5
amlc_00159,LI-Small,0,legit,1136.4420289855072,0.00010823128958628125,0,fan-out,9.457193e-05,0,stack,0.00010140161020413313,0,fan-out,1,fan-out,0.6,1,fan-out,0.8,1,fan-out,0.6,1,gather-scatter,0.6,1,fan-out,0.8,1,gather-scatter,0.8,1,gather-scatter,0.8
amlc_00160,LI-Small,1,unknown,1.0,0.033685862744796014,0,bipartite,0.046865907,0,stack,0.04027588502811776,0,stack,1,fan-out,0.8,1,random,0.8,1,fan-in,0.6,1,gather-scatter,0.8,1,gather-scatter,0.8,1,gather-scatter,0.8,1,random,0.8
amlc_00161,LI-Small,1,random,1.0,0.7926677103824742,1,stack,0.9341632,1,stack,0.8634154675397936,1,stack,1,gather-scatter,0.6,1,gather-scatter,0.6,1,gather-scatter,0.6,1,gather-scatter,0.6,1,gather-scatter,0.8,1,gather-scatter,0.8,1,gather-scatter,0.8
amlc_00162,LI-Small,1,random,1.0,0.6818217803929851,1,stack,0.8689243,1,stack,0.7753730143057608,1,stack,1,fan-out,0.8,1,fan-out,0.6,1,random,0.8,1,gather-scatter,0.6,1,fan-out,0.8,1,fan-out,0.8,1,fan-out,0.8
amlc_00163,LI-Small,0,legit,1.0,0.8918361828687328,1,cycle,0.9636343,1,cycle,0.9277352475107976,1,cycle,1,fan-out,0.6,1,fan-out,0.6,1,scatter-gather,0.8,1,gather-scatter,0.6,1,gather-scatter,0.8,1,gather-scatter,0.8,1,gather-scatter,0.8
amlc_00164,LI-Small,1,random,1.0,0.874600164324319,1,cycle,0.9606389,1,cycle,0.9176195344479261,1,cycle,1,fan-out,0.8,1,fan-out,0.6,1,gather-scatter,0.8,1,gather-scatter,0.6,1,gather-scatter,0.8,1,gather-scatter,0.8,1,gather-scatter,0.8
amlc_00165,LI-Small,1,random,1.0,0.7906678295063402,1,cycle,0.5571815,1,cycle,0.6739246743881416,1,cycle,1,fan-out,0.6,1,fan-out,0.6,1,fan-out,0.6,1,gather-scatter,0.8,1,scatter-gather,0.8,1,gather-scatter,0.8,0,,0.5
amlc_00166,LI-Small,0,legit,1.0,0.9223959093104532,1,cycle,0.95150757,1,cycle,0.9369517328744497,1,cycle,1,fan-out,0.6,1,fan-out,0.6,1,scatter-gather,0.6,1,fan-out,0.6,1,gather-scatter,0.8,1,gather-scatter,0.8,1,gather-scatter,0.8
amlc_00167,LI-Small,1,random,1.0,0.9193330763018228,1,cycle,0.950134,1,cycle,0.934733509929781,1,cycle,1,fan-out,0.6,1,fan-out,0.6,1,gather-scatter,0.8,1,gather-scatter,0.8,1,gather-scatter,0.8,1,gather-scatter,0.8,1,gather-scatter,0.8
amlc_00168,LI-Small,0,legit,1.0,0.9154613906208293,1,stack,0.8826424,1,stack,0.8990518954427846,1,stack,1,gather-scatter,0.8,1,scatter-gather,0.8,1,scatter-gather,0.8,1,gather-scatter,0.8,1,gather-scatter,0.8,1,gather-scatter,0.8,1,gather-scatter,0.8
amlc_00169,LI-Small,1,random,1.0,0.9078008045032051,1,stack,0.87307036,1,stack,0.8904355699456943,1,stack,1,fan-out,0.6,1,fan-out,0.8,1,scatter-gather,0.6,1,gather-scatter,0.8,1,gather-scatter,0.8,1,gather-scatter,0.8,1,gather-scatter,0.8
amlc_00170,LI-Small,1,random,1.0,0.23066886063948244,0,cycle,0.3833028,0,cycle,0.30698584018416686,0,cycle,1,fan-out,0.6,1,fan-out,0.8,0,,0.7,1,fan-out,0.6,1,fan-out,0.8,1,fan-out,0.8,0,,0.5
amlc_00171,LI-Small,0,legit,1.0,0.1341771138494245,0,cycle,0.031314526,0,cycle,0.08274581868375498,0,cycle,1,gather-scatter,0.6,1,fan-out,0.8,1,gather-scatter,0.8,1,gather-scatter,0.8,1,gather-scatter,0.8,1,gather-scatter,0.8,1,gather-scatter,0.8
amlc_00172,LI-Small,1,random,1.0,0.9646642047832085,1,cycle,0.997149,1,cycle,0.980906597707156,1,cycle,1,gather-scatter,0.6,1,gather-scatter,0.6,1,fan-out,0.6,1,random,0.8,1,gather-scatter,0.8,1,gather-scatter,0.8,1,gather-scatter,0.8
amlc_00173,LI-Small,1,random,1.0,0.7386876260861434,1,stack,0.7183136,1,stack,0.728500624280407,1,stack,1,fan-out,0.6,1,fan-out,0.8,1,gather-scatter,0.6,1,fan-out,0.6,1,fan-out,0.8,1,gather-scatter,0.8,1,gather-scatter,0.8
amlc_00174,LI-Small,0,legit,1103.0169082125603,0.002834264347487305,0,bipartite,0.0005855552,0,bipartite,0.0017099097959786598,0,bipartite,1,fan-out,0.6,1,fan-out,0.6,1,fan-out,0.6,1,gather-scatter,0.8,1,gather-scatter,0.8,1,fan-out,0.8,1,gather-scatter,0.8
amlc_00175,LI-Small,1,unknown,1.0,0.0004298652531807297,0,bipartite,0.00047785966,0,stack,0.00045386247268156075,0,stack,1,fan-out,0.6,1,gather-scatter,0.8,1,fan-out,0.8,1,gather-scatter,0.6,1,gather-scatter,0.8,1,gather-scatter,0.8,1,gather-scatter,0.8
amlc_00176,LI-Small,1,unknown,1.0,0.000906751226872161,0,fan-out,0.007123961,0,bipartite,0.00401535630983112,0,fan-out,0,,0.5,0,,0.5,0,,0.5,0,,0.5,1,fan-out,0.8,1,fan-out,0.8,0,,0.5
amlc_00177,LI-Small,1,unknown,1.0,0.0202709992179503,0,bipartite,0.034792643,0,bipartite,0.027531820756655435,0,bipartite,1,fan-out,0.6,1,gather-scatter,0.8,1,fan-out,0.6,1,gather-scatter,0.6,1,gather-scatter,0.8,1,gather-scatter,0.8,1,gather-scatter,0.8
amlc_00178,LI-Small,0,legit,1103.0169082125603,0.00036642432320761016,0,fan-in,0.0011760631,0,fan-in,0.0007712436589221028,0,fan-in,1,fan-in,0.6,1,fan-in,0.6,1,fan-in,0.6,1,gather-scatter,0.6,1,fan-in,0.8,1,fan-in,0.8,1,fan-in,0.8
amlc_00179,LI-Small,1,unknown,1.0,0.0009672679340733435,0,stack,0.0013382193,0,scatter-gather,0.001152743613733269,0,scatter-gather,0,,0.5,0,,0.5,1,fan-out,0.6,1,gather-scatter,0.8,1,fan-out,0.8,0,,0.7,0,,0.5
amlc_00180,LI-Small,0,legit,1100.3590361445783,3.526862127697342e-05,0,bipartite,5.4070108e-05,0,stack,4.4669365883992356e-05,0,stack,1,fan-in,0.8,1,stack,0.8,1,scatter-gather,0.8,1,gather-scatter,0.8,1,fan-in,0.8,1,gather-scatter,0.8,1,fan-in,0.8
amlc_00181,LI-Small,0,legit,1100.3590361445783,3.516924534545716e-05,0,bipartite,1.9527197e-05,0,bipartite,2.7348221464052185e-05,0,bipartite,1,fan-out,0.6,1,fan-out,0.8,1,fan-out,0.8,1,fan-out,0.6,1,fan-out,0.8,1,fan-out,0.8,1,gather-scatter,0.8
amlc_00182,LI-Small,1,unknown,1.0,0.005731969809203766,0,fan-out,0.005122997,0,fan-out,0.0054274833845195285,0,fan-out,1,fan-out,0.6,1,fan-out,0.6,1,scatter-gather,0.8,1,bipartite,0.8,1,fan-out,0.8,0,,0.7,0,,0.5
amlc_00183,LI-Small,0,legit,1100.3590361445783,3.557337617246665e-05,0,bipartite,3.0123478e-05,0,bipartite,3.2848427845636606e-05,0,bipartite,1,fan-out,0.6,1,fan-out,0.6,1,fan-out,0.8,1,fan-out,0.6,1,fan-out,0.8,1,fan-out,0.8,1,fan-out,0.8
amlc_00184,LI-Small,1,unknown,1.0,0.011338056092433308,0,bipartite,0.023557093,0,bipartite,0.01744757398464887,0,bipartite,1,fan-out,0.6,1,fan-out,0.6,1,scatter-gather,0.8,1,gather-scatter,0.8,1,scatter-gather,0.8,1,gather-scatter,0.8,1,gather-scatter,0.8
amlc_00185,LI-Small,1,unknown,1.0,0.012346671655246305,0,bipartite,0.03756545,0,bipartite,0.0249560632479532,0,bipartite,1,fan-out,0.6,1,fan-out,0.6,1,fan-out,0.6,1,random,0.8,1,fan-out,0.8,1,gather-scatter,0.8,1,fan-out,0.8
amlc_00186,LI-Small,0,legit,1103.0169082125603,0.0007008543398774314,0,scatter-gather,0.00010128341,0,stack,0.00040106887976094576,0,scatter-gather,1,fan-out,0.6,1,fan-out,0.6,1,fan-out,0.8,1,gather-scatter,0.6,1,fan-out,0.8,1,fan-out,0.8,1,fan-out,0.8
amlc_00187,LI-Small,0,legit,1103.0169082125603,0.0003992666279176302,0,bipartite,0.0011223563,0,fan-out,0.000760811440331212,0,fan-out,0,,0.5,0,,0.5,1,fan-out,0.8,0,,0.7,1,fan-out,0.8,1,fan-out,0.8,0,,0.5
amlc_00188,LI-Small,0,legit,1103.0169082125603,3.516924534545716e-05,0,bipartite,2.4618163e-05,0,bipartite,2.9893703230044194e-05,0,bipartite,1,fan-out,0.8,1,fan-out,0.6,1,fan-out,0.8,1,gather-scatter,0.8,1,fan-out,0.8,1,scatter-gather,0.8,1,fan-out,0.8
amlc_00189,LI-Small,0,legit,1103.0169082125603,3.516924534545716e-05,0,bipartite,2.893458e-05,0,bipartite,3.205191214757957e-05,0,bipartite,1,fan-out,0.6,1,gather-scatter,0.6,1,fan-out,0.6,1,gather-scatter,0.8,1,fan-out,0.8,1,fan-out,0.8,0,,0.5
amlc_00190,LI-Small,0,legit,1103.0169082125603,0.00044753071316728485,0,fan-out,0.00071516493,0,fan-out,0.0005813478407227719,0,fan-out,0,,0.5,0,,0.5,1,fan-out,0.8,1,random,0.8,1,fan-out,0.8,0,,0.7,0,,0.5
amlc_00191,LI-Small,1,unknown,1.0,0.0037438515021741203,0,fan-in,0.026727164,0,fan-in,0.01523550652932822,0,fan-in,1,fan-in,0.6,1,fan-in,0.6,1,fan-in,0.6,1,gather-scatter,0.6,1,fan-in,0.8,1,gather-scatter,0.8,1,fan-in,0.8
amlc_00192,LI-Small,0,legit,1103.0169082125603,0.008322383058072697,0,bipartite,0.0005696186,0,bipartite,0.004446000810620224,0,bipartite,1,fan-in,0.6,1,scatter-gather,0.8,1,fan-out,0.8,1,gather-scatter,0.6,1,scatter-gather,0.8,1,scatter-gather,0.8,1,scatter-gather,0.8
amlc_00193,LI-Small,0,legit,1136.4420289855072,0.0011645164467456806,0,fan-in,0.008580924,0,fan-in,0.004872719903293394,0,fan-in,1,gather-scatter,0.8,1,gather-scatter,0.6,1,fan-in,0.8,1,gather-scatter,0.6,1,fan-in,0.8,1,gather-scatter,0.8,1,fan-in,0.8
amlc_00194,LI-Small,1,unknown,1.0,0.004431374691174296,0,fan-in,0.029776413,0,fan-in,0.017103894214950933,0,fan-in,1,fan-in,0.6,1,fan-in,0.6,1,fan-in,0.6,1,gather-scatter,0.8,1,fan-in,0.8,1,fan-in,0.8,1,fan-in,0.8
amlc_00195,LI-Small,1,unknown,1.0,0.018399456612284842,0,fan-in,0.15358375,0,fan-in,0.08599160337051544,0,fan-in,1,fan-in,0.6,1,fan-in,0.6,1,fan-in,0.6,1,gather-scatter,0.6,1,fan-in,0.8,1,fan-in,0.8,1,fan-in,0.8
amlc_00196,LI-Small,0,legit,1136.4420289855072,0.00021301025783719945,0,stack,0.00016314515,0,stack,0.00018807769344110267,0,stack,1,fan-out,0.8,1,fan-out,0.6,1,fan-out,0.6,1,gather-scatter,0.8,1,gather-scatter,0.8,1,gather-scatter,0.8,1,fan-out,0.8
amlc_00197,LI-Small,0,legit,1136.4420289855072,3.557337617246665e-05,0,bipartite,2.7400494e-05,0,stack,3.1486935741157496e-05,0,stack,1,fan-out,0.6,1,fan-out,0.8,1,fan-out,0.6,1,gather-scatter,0.6,1,gather-scatter,0.8,1,gather-scatter,0.8,1,gather-scatter,0.8
amlc_00198,LI-Small,0,legit,1136.4420289855072,0.000751006610297899,0,fan-in,0.0033795782,0,fan-in,0.0020652923535450004,0,fan-in,1,fan-in,0.6,1,fan-in,0.6,1,fan-in,0.6,1,gather-scatter,0.6,1,fan-in,0.8,1,fan-in,0.8,1,fan-in,0.8
amlc_00199,LI-Small,0,legit,1100.3590361445783,3.557337617246665e-05,0,bipartite,4.1538733e-05,0,stack,3.855605497887008e-05,0,stack,1,fan-out,0.6,1,fan-out,0.6,1,fan-out,0.8,1,fan-out,0.6,1,fan-out,0.8,1,fan-out,0.8,1,fan-out,0.8
amlc_00200,LI-Small,1,unknown,1.0,0.001601065514171453,0,bipartite,0.0028948137,0,fan-out,0.002247939424370394,0,fan-out,0,,0.5,0,,0.5,1,fan-out,0.8,1,gather-scatter,0.8,1,fan-out,0.8,1,fan-out,0.8,0,,0.5
amlc_00201,LI-Small,1,unknown,1.0,0.0002583251722141927,0,bipartite,0.00061236625,0,fan-out,0.00043534570913686486,0,fan-out,0,,0.5,0,,0.5,0,,0.7,1,scatter-gather,0.6,1,fan-out,0.8,0,,0.7,0,,0.5
amlc_00202,LI-Small,0,legit,1100.3590361445783,3.5964231362429076e-05,0,cycle,4.051238e-05,0,scatter-gather,3.823830528154624e-05,0,cycle,1,fan-out,0.6,1,gather-scatter,0.6,1,fan-out,0.6,1,gather-scatter,0.6,1,gather-scatter,0.8,1,gather-scatter,0.8,1,gather-scatter,0.8
amlc_00203,LI-Small,1,unknown,1.0,0.001141153216547703,0,fan-in,0.0062105535,0,fan-in,0.0036758534313176745,0,fan-in,1,gather-scatter,0.6,1,,0.6,1,fan-in,0.8,1,gather-scatter,0.6,1,fan-in,0.8,1,gather-scatter,0.8,1,fan-in,0.8
amlc_00204,LI-Small,1,unknown,1.0,0.001521542563316867,0,fan-in,0.018449847,0,fan-in,0.009985694329826853,0,fan-in,1,fan-out,0.6,1,fan-out,0.6,1,gather-scatter,0.8,1,gather-scatter,0.6,1,fan-out,0.8,1,gather-scatter,0.8,1,gather-scatter,0.8
amlc_00205,LI-Small,0,legit,1136.4420289855072,3.516924534545716e-05,0,bipartite,3.0031602e-05,0,bipartite,3.260042330904849e-05,0,bipartite,1,fan-out,0.8,1,fan-out,0.6,0,,0.7,1,gather-scatter,0.8,1,fan-out,0.8,1,fan-out,0.8,0,,0.5
amlc_00206,LI-Small,1,unknown,1.0,0.0003865739407021646,0,bipartite,0.0017635406,0,fan-out,0.001075057293381733,0,fan-out,1,fan-out,0.6,1,fan-out,0.6,1,fan-out,0.8,1,random,0.8,1,fan-out,0.8,0,,0.7,0,,0.5
amlc_00207,LI-Small,0,legit,1103.0169082125603,0.00011439237113617003,0,bipartite,4.3100656e-05,0,bipartite,7.874651118667617e-05,0,bipartite,1,fan-out,0.6,1,fan-out,0.8,1,fan-out,0.8,1,gather-scatter,0.8,1,gather-scatter,0.8,1,gather-scatter,0.8,1,gather-scatter,0.8
amlc_00208,LI-Small,0,legit,1136.4420289855072,3.557337617246665e-05,0,bipartite,2.4279889e-05,0,bipartite,2.9926631550950687e-05,0,bipartite,1,fan-out,0.6,1,fan-out,0.6,1,fan-out,0.8,1,fan-out,0.8,1,fan-out,0.8,1,fan-out,0.8,0,,0.5
amlc_00209,LI-Small,0,legit,1100.3590361445783,3.516924534545716e-05,0,bipartite,1.4106828e-05,0,bipartite,2.46380363011836e-05,0,bipartite,1,fan-out,0.6,1,fan-out,0.6,1,fan-out,0.8,1,gather-scatter,0.8,1,gather-scatter,0.8,1,fan-out,0.8,1,gather-scatter,0.8
amlc_00210,LI-Small,1,unknown,1.0,0.0039054408452799416,0,bipartite,0.015623324,0,bipartite,0.009764382232322818,0,bipartite,1,fan-in,0.6,1,fan-in,0.6,1,fan-in,0.6,1,gather-scatter,0.6,1,fan-in,0.8,1,fan-in,0.8,1,fan-in,0.8
amlc_00211,LI-Small,0,legit,1103.0169082125603,3.557337617246665e-05,0,bipartite,1.6685943e-05,0,stack,2.6129659791366422e-05,0,stack,1,fan-out,0.6,1,fan-out,0.6,1,fan-out,0.6,1,gather-scatter,0.8,1,fan-out,0.8,1,fan-out,0.8,1,gather-scatter,0.8
amlc_00212,LI-Small,1,unknown,1.0,0.00048241152234137184,0,bipartite,0.0012076882,0,fan-out,0.0008450498643412447,0,fan-out,0,,0.5,0,,0.5,1,scatter-gather,0.8,1,gather-scatter,0.8,1,fan-out,0.8,1,fan-out,0.8,0,,0.5
amlc_00213,LI-Small,0,legit,1100.3590361445783,3.557337617246665e-05,0,bipartite,6.0124883e-05,0,stack,4.7849131051806026e-05,0,stack,1,fan-out,0.8,1,gather-scatter,0.6,1,fan-out,0.6,1,gather-scatter,0.6,1,fan-out,0.8,1,gather-scatter,0.8,1,fan-out,0.8
amlc_00214,LI-Small,1,unknown,1.0,0.04872138356370016,0,bipartite,0.041308854,0,bipartite,0.04501511811068796,0,bipartite,1,fan-out,0.6,1,stack,0.8,1,fan-out,0.6,1,fan-out,0.8,0,,0.7,1,fan-out,0.8,1,gather-scatter,0.8
amlc_00215,LI-Small,1,unknown,1.0,0.006297876163713618,0,fan-in,0.014819424,0,fan-in,0.010558650567825876,0,fan-in,1,fan-out,0.6,1,fan-out,0.6,1,fan-out,0.6,1,gather-scatter,0.8,1,scatter-gather,0.8,1,fan-out,0.8,1,fan-out,0.8
amlc_00216,LI-Small,0,legit,1100.3590361445783,3.557337617246665e-05,0,bipartite,1.944408e-05,0,bipartite,2.7508728244755177e-05,0,bipartite,1,fan-out,0.8,1,gather-scatter,0.6,1,fan-out,0.6,1,gather-scatter,0.8,1,gather-scatter,0.8,1,fan-out,0.8,1,gather-scatter,0.8
amlc_00217,LI-Small,1,unknown,1.0,0.004809326902199603,0,bipartite,0.009442141,0,fan-out,0.007125734463417936,0,fan-out,0,,0.5,0,,0.5,0,,0.7,1,gather-scatter,0.6,1,fan-out,0.8,0,,0.7,0,,0.5
amlc_00218,LI-Small,0,legit,1100.3590361445783,0.00020233587886103922,0,bipartite,0.00021165248,0,bipartite,0.00020699418179173732,0,bipartite,1,fan-out,0.6,1,fan-out,0.8,1,fan-out,0.8,1,gather-scatter,0.6,1,fan-out,0.8,1,fan-out,0.8,1,fan-out,0.8
amlc_00219,LI-Small,1,unknown,1.0,0.000387466793833855,0,bipartite,0.0014011988,0,fan-out,0.000894332829374166,0,fan-out,1,fan-out,0.6,1,scatter-gather,0.8,1,fan-out,0.8,1,random,0.8,1,fan-out,0.8,1,fan-out,0.8,0,,0.5
amlc_00220,LI-Small,0,legit,1100.3590361445783,0.0001686727698927139,0,bipartite,5.3600525e-05,0,stack,0.00011113664722244018,0,stack,1,gather-scatter,0.6,1,fan-out,0.6,1,fan-in,0.6,1,gather-scatter,0.8,1,gather-scatter,0.8,1,gather-scatter,0.8,1,gather-scatter,0.8
amlc_00221,LI-Small,1,unknown,1.0,0.0006099334169187645,0,fan-out,0.0036848367,0,fan-out,0.002147385044768875,0,fan-out,1,fan-out,0.6,1,fan-out,0.6,1,scatter-gather,0.8,1,gather-scatter,0.8,1,fan-out,0.8,1,fan-out,0.8,0,,0.5
amlc_00222,LI-Small,0,legit,1103.0169082125603,3.557337617246665e-05,0,bipartite,3.2216252e-05,0,bipartite,3.389481477864901e-05,0,bipartite,1,fan-out,0.6,1,fan-out,0.6,0,,0.7,1,random,0.8,1,gather-scatter,0.8,1,gather-scatter,0.8,1,gather-scatter,0.8
amlc_00223,LI-Small,1,unknown,1.0,0.0033121107199705034,0,fan-in,0.011465597,0,fan-in,0.00738885402947249,0,fan-in,0,,0.7,1,gather-scatter,0.6,1,gather-scatter,0.8,1,gather-scatter,0.8,1,gather-scatter,0.8,1,random,0.8,1,gather-scatter,0.8
amlc_00224,LI-Small,1,unknown,1.0,0.023988188664580384,0,stack,0.04843921,0,stack,0.036213697423768544,0,stack,1,gather-scatter,0.8,1,stack,0.8,1,gather-scatter,0.8,1,gather-scatter,0.8,1,fan-in,0.8,1,gather-scatter,0.8,1,gather-scatter,0.8
amlc_00225,LI-Small,1,unknown,1.0,0.0008287389228982273,0,fan-out,0.0025413316,0,fan-out,0.0016850352020433812,0,fan-out,0,,0.5,0,,0.5,1,fan-out,0.8,1,gather-scatter,0.8,1,fan-out,0.8,1,fan-out,0.8,0,,0.5
amlc_00226,LI-Small,0,legit,1103.0169082125603,0.00011439237113617003,0,bipartite,3.9476115e-05,0,stack,7.693424222138065e-05,0,stack,1,fan-out,0.6,1,fan-out,0.6,1,fan-out,0.8,1,gather-scatter,0.6,1,gather-scatter,0.8,1,gather-scatter,0.8,0,,0.5
amlc_00227,LI-Small,0,legit,1103.0169082125603,3.516924534545716e-05,0,bipartite,2.1112295e-05,0,bipartite,2.8140770244789165e-05,0,bipartite,1,gather-scatter,0.6,1,scatter-gather,0.8,1,fan-out,0.6,1,fan-out,0.6,1,gather-scatter,0.8,1,gather-scatter,0.8,1,gather-scatter,0.8
amlc_00228,LI-Small,1,unknown,1.0,0.0025710144745729442,0,fan-in,0.012596416,0,fan-in,0.007583714915187263,0,fan-in,1,gather-scatter,0.6,1,gather-scatter,0.8,1,gather-scatter,0.8,1,gather-scatter,0.6,1,gather-scatter,0.8,1,gather-scatter,0.8,1,gather-scatter,0.8
amlc_00229,LI-Small,0,legit,1103.0169082125603,3.557337617246665e-05,0,bipartite,1.6860326e-05,0,bipartite,2.621685104753705e-05,0,bipartite,1,fan-out,0.6,1,fan-out,0.6,1,random,0.8,1,gather-scatter,0.8,1,fan-out,0.8,1,scatter-gather,0.8,1,fan-out,0.8
amlc_00230,LI-Small,0,legit,1103.0169082125603,1.913968563714469e-05,0,bipartite,1.4364983e-05,0,bipartite,1.675233393599132e-05,0,bipartite,1,fan-out,0.8,1,fan-out,0.8,1,fan-out,0.8,1,gather-scatter,0.8,1,fan-out,0.8,0,,0.7,0,,0.5
amlc_00231,LI-Small,1,unknown,1.0,0.09317895325631244,0,bipartite,0.14586493,0,stack,0.11952194647297434,0,stack,1,fan-in,0.6,1,fan-in,0.6,1,fan-in,0.6,1,gather-scatter,0.6,1,fan-in,0.8,1,fan-in,0.8,1,fan-in,0.8
amlc_00232,LI-Small,0,legit,1100.3590361445783,0.00011439237113617003,0,bipartite,4.353642e-05,0,stack,7.896439628579475e-05,0,stack,1,fan-out,0.6,1,scatter-gather,0.8,1,fan-out,0.8,1,gather-scatter,0.6,1,fan-out,0.8,1,gather-scatter,0.8,1,gather-scatter,0.8
amlc_00233,LI-Small,0,legit,1100.3590361445783,6.488477202267842e-05,0,bipartite,2.5379482e-05,0,bipartite,4.513212793632639e-05,0,bipartite,1,gather-scatter,0.6,1,fan-out,0.6,1,fan-out,0.6,1,fan-out,0.8,1,fan-out,0.8,1,fan-out,0.8,0,,0.5
amlc_00234,LI-Small,0,legit,1136.4420289855072,3.557337617246665e-05,0,bipartite,3.079841e-05,0,stack,3.318589258054852e-05,0,stack,1,fan-out,0.8,1,gather-scatter,0.6,1,gather-scatter,0.6,1,gather-scatter,0.6,1,gather-scatter,0.8,1,gather-scatter,0.8,1,gather-scatter,0.8
amlc_00235,LI-Small,1,unknown,1.0,0.01687446402844677,0,bipartite,0.035552613,0,bipartite,0.026213539477869318,0,bipartite,1,scatter-gather,0.8,1,gather-scatter,0.6,1,fan-in,0.8,1,gather-scatter,0.8,1,gather-scatter,0.8,1,gather-scatter,0.8,1,gather-scatter,0.8
amlc_00236,LI-Small,0,legit,1100.3590361445783,3.526862127697342e-05,0,bipartite,5.580213e-05,0,stack,4.5535376188882e-05,0,stack,1,fan-out,0.6,1,fan-out,0.6,1,scatter-gather,0.8,1,gather-scatter,0.8,1,fan-out,0.8,1,scatter-gather,0.8,1,gather-scatter,0.8
amlc_00237,LI-Small,0,legit,1100.3590361445783,0.0003432489470029445,0,bipartite,0.0015204896,0,fan-out,0.0009318693077382728,0,fan-out,0,,0.5,0,,0.5,1,fan-out,0.8,1,gather-scatter,0.8,1,fan-out,0.8,1,gather-scatter,0.8,0,,0.5
amlc_00238,LI-Small,0,legit,1103.0169082125603,0.00035099265039421104,0,bipartite,0.0007105615,0,fan-out,0.0005307771096214999,0,fan-out,0,,0.5,0,,0.5,1,fan-out,0.6,1,random,0.8,1,fan-out,0.8,1,fan-out,0.8,0,,0.5
amlc_00239,LI-Small,0,legit,1136.4420289855072,0.00011339751161921382,0,bipartite,6.158203e-05,0,stack,8.748977351669494e-05,0,stack,1,fan-out,0.8,1,fan-out,0.8,1,scatter-gather,0.8,1,gather-scatter,0.8,1,fan-out,0.8,1,gather-scatter,0.8,0,,0.5
amlc_00240,LI-Small,0,legit,1103.0169082125603,0.00046867001132362186,0,fan-out,0.0007832126,0,fan-out,0.0006259412587679579,0,fan-out,0,,0.5,0,,0.5,1,scatter-gather,0.8,1,gather-scatter,0.6,1,fan-out,0.8,1,fan-out,0.8,0,,0.5
amlc_00241,LI-Small,0,legit,1103.0169082125603,0.0004818889726360612,0,bipartite,0.0029592812,0,fan-out,0.0017205850428173926,0,fan-out,1,fan-out,0.6,1,fan-out,0.6,1,fan-out,0.8,1,gather-scatter,0.6,1,fan-out,0.8,1,fan-out,0.8,0,,0.5
amlc_00242,LI-Small,0,legit,1103.0169082125603,0.0003779189571380956,0,bipartite,0.0024921051,0,fan-out,0.0014350120398968628,0,fan-out,1,fan-out,0.6,1,fan-out,0.6,1,fan-out,0.8,1,random,0.8,1,fan-out,0.8,1,fan-out,0.8,0,,0.5
amlc_00243,LI-Small,1,unknown,1.0,0.0003993638643309722,0,bipartite,0.0028473134,0,fan-out,0.00162333854666279,0,fan-out,1,fan-out,0.8,1,,0.6,1,fan-out,0.8,1,random,0.8,1,fan-out,0.8,1,fan-out,0.8,0,,0.5
amlc_00244,LI-Small,1,unknown,1.0,0.021531348132515775,0,bipartite,0.022028754,0,bipartite,0.021780050646973068,0,bipartite,1,fan-in,0.6,1,fan-in,0.6,1,gather-scatter,0.8,1,gather-scatter,0.8,1,fan-in,0.8,1,gather-scatter,0.8,1,fan-in,0.8
amlc_00245,LI-Small,1,unknown,1.0,0.0007342133702786364,0,fan-out,0.003505685,0,fan-out,0.002119949135653754,0,fan-out,1,fan-out,0.6,1,fan-out,0.8,1,fan-out,0.8,1,fan-out,0.6,1,fan-out,0.8,1,fan-out,0.8,0,,0.5
amlc_00246,LI-Small,1,unknown,1.0,0.006015726950955501,0,fan-in,0.018527592,0,fan-in,0.012271658624059018,0,fan-in,1,fan-in,0.6,1,fan-in,0.6,1,fan-in,0.8,1,gather-scatter,0.6,1,fan-in,0.8,1,fan-in,0.8,1,fan-in,0.8
amlc_00247,LI-Small,0,legit,1103.0169082125603,0.001055231600132862,0,bipartite,0.0057241158,0,bipartite,0.0033896735883639654,0,bipartite,0,,0.5,0,,0.5,1,fan-out,0.8,1,fan-out,0.8,1,fan-out,0.8,0,,0.7,0,,0.5
amlc_00248,LI-Small,0,legit,1136.4420289855072,0.00052577572988854,0,bipartite,0.0006627862,0,bipartite,0.000594280964567071,0,bipartite,1,fan-out,0.8,1,fan-out,0.6,1,fan-out,0.6,1,gather-scatter,0.8,1,fan-out,0.8,1,fan-out,0.8,0,,0.5
amlc_00249,LI-Small,0,legit,1100.3590361445783,3.526862127697342e-05,0,bipartite,2.8218996e-05,0,stack,3.1743808717537975e-05,0,stack,1,fan-out,0.8,1,gather-scatter,0.8,1,fan-out,0.8,1,gather-scatter,0.6,1,gather-scatter,0.8,1,random,0.8,1,gather-scatter,0.8
amlc_00250,LI-Small,1,unknown,1.0,0.007028091083867606,0,fan-in,0.008317781,0,fan-in,0.00767293588241103,0,fan-in,1,fan-out,0.6,1,gather-scatter,0.8,1,fan-in,0.6,1,gather-scatter,0.6,1,scatter-gather,0.8,1,gather-scatter,0.8,1,gather-scatter,0.8
amlc_00251,LI-Small,0,legit,1100.3590361445783,3.557337617246665e-05,0,bipartite,1.9446448e-05,0,bipartite,2.7509912043059003e-05,0,bipartite,1,fan-out,0.8,1,fan-out,0.6,1,fan-out,0.8,1,gather-scatter,0.8,1,fan-out,0.8,1,gather-scatter,0.8,1,fan-out,0.8
amlc_00252,LI-Small,0,legit,1100.3590361445783,3.516924534545716e-05,0,bipartite,1.2718485e-05,0,bipartite,2.394386456100488e-05,0,bipartite,1,fan-out,0.6,1,fan-out,0.6,1,scatter-gather,0.8,1,gather-scatter,0.8,1,scatter-gather,0.8,1,gather-scatter,0.8,1,scatter-gather,0.8
amlc_00253,LI-Small,1,unknown,1.0,0.003922927594875649,0,stack,0.027224313,0,stack,0.01557362127636639,0,stack,1,fan-out,0.6,1,fan-out,0.6,1,fan-out,0.8,1,fan-out,0.8,1,gather-scatter,0.8,1,gather-scatter,0.8,1,gather-scatter,0.8
amlc_00254,LI-Small,0,legit,1100.3590361445783,0.00014815256996701103,0,scatter-gather,7.5011354e-05,0,bipartite,0.00011158196273919475,0,scatter-gather,1,fan-out,0.6,1,fan-out,0.6,1,scatter-gather,0.8,1,gather-scatter,0.8,1,fan-out,0.8,1,fan-out,0.8,0,,0.5
amlc_00255,LI-Small,1,unknown,1.0,0.0016027594959483003,0,bipartite,0.0038265823,0,stack,0.002714670870738499,0,stack,1,fan-in,0.6,1,fan-in,0.6,1,fan-in,0.6,1,gather-scatter,0.8,1,fan-in,0.8,1,fan-in,0.8,1,fan-in,0.8
amlc_00256,LI-Small,0,legit,1136.4420289855072,3.557337617246665e-05,0,bipartite,1.5879867e-05,0,bipartite,2.5726621397951375e-05,0,bipartite,1,fan-out,0.8,1,fan-out,0.8,1,fan-out,0.8,1,gather-scatter,0.8,1,fan-out,0.8,1,stack,0.8,1,gather-scatter,0.8
amlc_00257,LI-Small,1,unknown,1.0,0.03618088201672688,0,bipartite,0.13005036,0,bipartite,0.08311561786130495,0,bipartite,1,fan-out,0.6,1,fan-out,0.8,1,fan-out,0.6,1,gather-scatter,0.6,1,fan-out,0.8,1,fan-out,0.8,1,fan-out,0.8
amlc_00258,LI-Small,1,unknown,1.0,0.024173224582891464,0,bipartite,0.055811297,0,bipartite,0.039992263100852965,0,bipartite,1,fan-out,0.6,1,fan-out,0.8,1,gather-scatter,0.6,1,gather-scatter,0.6,1,gather-scatter,0.8,1,gather-scatter,0.8,1,gather-scatter,0.8
amlc_00259,LI-Small,0,legit,1103.0169082125603,3.5626204102236333e-05,0,bipartite,2.0168105e-05,0,stack,2.7897153842754905e-05,0,stack,1,fan-out,0.6,1,scatter-gather,0.6,1,fan-out,0.8,1,gather-scatter,0.6,1,fan-out,0.8,1,fan-out,0.8,1,gather-scatter,0.8
amlc_00260,LI-Small,0,legit,1100.3590361445783,3.516924534545716e-05,0,bipartite,1.2207403e-05,0,bipartite,2.3688324289395092e-05,0,bipartite,1,fan-out,0.6,1,gather-scatter,0.6,1,fan-out,0.6,1,gather-scatter,0.8,1,fan-out,0.8,1,gather-scatter,0.8,1,fan-out,0.8
amlc_00261,LI-Small,0,legit,1103.0169082125603,3.557337617246665e-05,0,bipartite,1.6220258e-05,0,stack,2.5896816050988845e-05,0,stack,1,stack,0.8,1,fan-out,0.6,1,fan-out,0.8,1,cycle,0.8,1,gather-scatter,0.8,1,gather-scatter,0.8,1,gather-scatter,0.8
amlc_00262,LI-Small,0,legit,1103.0169082125603,0.00011439237113617003,0,bipartite,3.384205e-05,0,bipartite,7.411721007569514e-05,0,bipartite,1,fan-out,0.6,1,fan-out,0.6,1,fan-out,0.8,1,gather-scatter,0.6,1,fan-out,0.8,1,gather-scatter,0.8,0,,0.5
amlc_00263,LI-Small,1,unknown,1.0,0.016535076267108255,0,bipartite,0.03289243,0,bipartite,0.024713751930288935,0,bipartite,1,cycle,0.8,1,gather-scatter,0.6,1,gather-scatter,0.8,1,gather-scatter,0.8,1,gather-scatter,0.8,1,gather-scatter,0.8,1,gather-scatter,0.8
amlc_00264,LI-Small,1,unknown,1.0,0.001989313623125765,0,bipartite,0.006986561,0,bipartite,0.004487937613484966,0,bipartite,1,fan-out,0.6,1,fan-out,0.6,1,scatter-gather,0.6,1,gather-scatter,0.6,1,gather-scatter,0.8,1,gather-scatter,0.8,1,gather-scatter,0.8
amlc_00265,LI-Small,1,unknown,1.0,0.001298230237977473,0,bipartite,0.0016152937,0,fan-out,0.001456761909042432,0,fan-out,1,fan-out,0.8,1,fan-out,0.6,0,,0.7,1,gather-scatter,0.8,1,fan-out,0.8,1,fan-out,0.8,0,,0.5
amlc_00266,LI-Small,0,legit,1100.3590361445783,0.00011439237113617003,0,bipartite,7.424166e-05,0,bipartite,9.431701755287879e-05,0,bipartite,1,fan-out,0.8,1,gather-scatter,0.6,1,fan-out,0.6,1,gather-scatter,0.8,1,fan-out,0.8,1,gather-scatter,0.8,1,gather-scatter,0.8
amlc_00267,LI-Small,1,unknown,1.0,0.006379329016794498,0,bipartite,0.06696881,0,bipartite,0.036674072767789036,0,bipartite,1,fan-out,0.8,1,fan-out,0.8,1,gather-scatter,0.6,1,gather-scatter,0.6,1,scatter-gather,0.8,1,gather-scatter,0.8,1,gather-scatter,0.8
amlc_00268,LI-Small,0,legit,1100.3590361445783,3.516924534545716e-05,0,bipartite,2.3574918e-05,0,bipartite,2.9372082007028947e-05,0,bipartite,1,fan-out,0.8,1,gather-scatter,0.6,1,fan-out,0.8,1,gather-scatter,0.6,1,gather-scatter,0.8,1,gather-scatter,0.8,0,,0.5
amlc_00269,LI-Small,0,legit,1100.3590361445783,0.0013759733498247557,0,gather-scatter,0.00017138482,0,fan-out,0.0007736790852696743,0,fan-out,1,fan-out,0.6,1,fan-out,0.6,1,fan-out,0.8,1,gather-scatter,0.8,1,fan-out,0.8,1,fan-out,0.8,0,,0.5
amlc_00270,LI-Small,1,unknown,1.0,0.0010326459565741766,0,fan-out,0.0018511319,0,fan-out,0.0014418889898612077,0,fan-out,1,fan-out,0.8,1,fan-out,0.8,1,fan-out,0.8,1,gather-scatter,0.6,1,fan-out,0.8,1,fan-out,0.8,0,,0.5
amlc_00271,LI-Small,0,legit,1.0,0.42744094854503745,0,stack,0.18526974,0,stack,0.30635534959986743,0,stack,1,fan-out,0.6,1,fan-out,0.6,1,fan-out,0.8,1,scatter-gather,0.8,1,fan-out,0.8,1,fan-out,0.8,1,fan-out,0.8
amlc_00272,LI-Small,0,legit,1103.0169082125603,0.00011439237113617003,0,bipartite,0.000103323124,0,bipartite,0.00010885774599641383,0,bipartite,1,fan-out,0.8,1,fan-out,0.6,1,gather-scatter,0.8,1,gather-scatter,0.8,1,gather-scatter,0.8,1,gather-scatter,0.8,1,gather-scatter,0.8
amlc_00273,LI-Small,0,legit,1103.0169082125603,3.516924534545716e-05,0,bipartite,2.747569e-05,0,bipartite,3.13224677472304e-05,0,bipartite,1,fan-out,0.6,1,fan-out,0.8,1,gather-scatter,0.8,1,gather-scatter,0.6,1,fan-out,0.8,1,gather-scatter,0.8,1,fan-out,0.8
amlc_00274,LI-Small,0,legit,1136.4420289855072,3.526862127697342e-05,0,bipartite,3.5458866e-05,0,stack,3.536374387734227e-05,0,stack,1,fan-out,0.8,1,fan-out,0.6,1,fan-out,0.8,1,gather-scatter,0.8,1,fan-out,0.8,0,,0.7,0,,0.5
amlc_00275,LI-Small,0,legit,1103.0169082125603,0.022688376197065232,0,fan-in,0.01605323,0,fan-in,0.01937080232493347,0,fan-in,1,gather-scatter,0.6,1,gather-scatter,0.6,1,gather-scatter,0.6,1,gather-scatter,0.8,1,gather-scatter,0.8,1,gather-scatter,0.8,1,gather-scatter,0.8
amlc_00276,LI-Small,0,legit,1103.0169082125603,0.0010554304913831009,0,fan-out,0.016943393,0,bipartite,0.008999411696997894,0,fan-out,0,,0.5,0,,0.5,1,fan-out,0.8,1,gather-scatter,0.6,1,fan-out,0.8,1,fan-out,0.8,0,,0.5
amlc_00277,LI-Small,0,legit,1136.4420289855072,3.557337617246665e-05,0,bipartite,4.9842416e-05,0,stack,4.270789465448469e-05,0,stack,1,fan-out,0.6,1,fan-out,0.6,1,fan-out,0.8,1,fan-out,0.6,1,fan-out,0.8,1,fan-out,0.8,1,fan-out,0.8
amlc_00278,LI-Small,0,legit,1103.0169082125603,3.516924534545716e-05,0,bipartite,1.3073945e-05,0,bipartite,2.412159546904018e-05,0,bipartite,1,fan-out,0.8,1,fan-out,0.6,1,scatter-gather,0.8,1,gather-scatter,0.6,1,fan-out,0.8,1,gather-scatter,0.8,1,gather-scatter,0.8
amlc_00279,LI-Small,0,legit,1136.4420289855072,3.516924534545716e-05,0,bipartite,1.0949707e-05,0,bipartite,2.3059476369524926e-05,0,bipartite,1,fan-out,0.6,1,fan-out,0.6,1,random,0.8,1,gather-scatter,0.8,1,fan-out,0.8,1,fan-out,0.8,0,,0.5
amlc_00280,LI-Small,0,legit,1103.0169082125603,3.557337617246665e-05,0,bipartite,3.493019e-05,0,bipartite,3.5251783784077264e-05,0,bipartite,1,fan-out,0.8,1,fan-out,0.8,1,gather-scatter,0.6,1,gather-scatter,0.8,1,fan-out,0.8,1,gather-scatter,0.8,1,gather-scatter,0.8
amlc_00281,LI-Small,0,legit,1103.0169082125603,0.0007540046738889049,0,fan-in,0.004060069,0,fan-in,0.0024070368166295803,0,fan-in,1,fan-in,0.6,1,fan-out,0.6,1,fan-in,0.6,1,gather-scatter,0.6,1,fan-in,0.8,1,fan-in,0.8,1,fan-in,0.8
amlc_00282,LI-Small,0,legit,1136.4420289855072,0.0002190576551599238,0,bipartite,0.00022818013,0,stack,0.00022361889159659836,0,stack,1,fan-out,0.6,1,scatter-gather,0.8,1,fan-out,0.6,1,random,0.8,1,fan-out,0.8,1,stack,0.8,1,fan-out,0.8
amlc_00283,LI-Small,0,legit,1136.4420289855072,3.557337617246665e-05,0,bipartite,1.5831989e-05,0,bipartite,2.570268213315866e-05,0,bipartite,1,fan-out,0.6,1,fan-out,0.6,1,fan-out,0.8,1,random,0.8,1,fan-out,0.8,1,fan-out,0.8,1,fan-out,0.8
amlc_00284,LI-Small,0,legit,1136.4420289855072,3.557337617246665e-05,0,bipartite,2.72479e-05,0,stack,3.1410637503030006e-05,0,stack,1,fan-out,0.6,1,fan-out,0.6,1,fan-out,0.6,1,random,0.8,1,fan-out,0.8,1,fan-out,0.8,0,,0.5
amlc_00285,LI-Small,1,unknown,1.0,0.014984415517659968,0,bipartite,0.02787882,0,stack,0.021431619138226898,0,stack,1,fan-out,0.6,1,fan-out,0.8,1,fan-out,0.6,1,gather-scatter,0.8,1,gather-scatter,0.8,1,gather-scatter,0.8,1,gather-scatter,0.8
amlc_00286,LI-Small,0,legit,1100.3590361445783,3.526862127697342e-05,0,bipartite,2.1034108e-05,0,stack,2.8151364854084162e-05,0,stack,1,fan-out,0.8,1,gather-scatter,0.8,1,scatter-gather,0.8,1,random,0.8,1,scatter-gather,0.8,1,scatter-gather,0.8,1,gather-scatter,0.8
amlc_00287,LI-Small,1,unknown,1.0,0.003948423454836763,0,fan-out,0.004688439,0,fan-out,0.004318431207128245,0,fan-out,0,,0.5,0,,0.5,0,,0.5,0,,0.5,1,fan-out,0.8,1,fan-out,0.8,0,,0.5
amlc_00288,LI-Small,0,legit,1100.3590361445783,3.557337617246665e-05,0,bipartite,3.594938e-05,0,bipartite,3.576137875865096e-05,0,bipartite,1,gather-scatter,0.8,1,gather-scatter,0.6,1,fan-out,0.6,1,gather-scatter,0.6,1,gather-scatter,0.8,1,gather-scatter,0.8,1,gather-scatter,0.8
amlc_00289,LI-Small,0,legit,1100.3590361445783,0.00011439237113617003,0,bipartite,5.0231338e-05,0,bipartite,8.231185301751186e-05,0,bipartite,1,fan-out,0.6,1,scatter-gather,0.6,1,scatter-gather,0.8,1,scatter-gather,0.8,1,fan-out,0.8,1,gather-scatter,0.8,1,fan-out,0.8
amlc_00290,LI-Small,1,unknown,1.0,0.0006009780260065025,0,bipartite,0.0041988883,0,fan-out,0.0023999332645107717,0,fan-out,1,fan-out,0.6,1,fan-out,0.6,1,gather-scatter,0.8,1,gather-scatter,0.6,1,fan-out,0.8,0,,0.7,0,,0.5
amlc_00291,LI-Small,0,legit,1100.3590361445783,0.00039404596791285955,0,bipartite,0.0010286996,0,bipartite,0.000711372779368702,0,bipartite,1,fan-out,0.8,1,fan-out,0.6,1,fan-out,0.6,1,gather-scatter,0.6,1,scatter-gather,0.8,1,gather-scatter,0.8,1,gather-scatter,0.8
amlc_00292,LI-Small,0,legit,1103.0169082125603,0.0021655191972673083,0,bipartite,0.00050730346,0,bipartite,0.0013364113350542333,0,bipartite,1,fan-in,0.6,1,fan-out,0.6,1,fan-out,0.6,1,gather-scatter,0.6,1,gather-scatter,0.8,1,gather-scatter,0.8,1,gather-scatter,0.8
amlc_00293,LI-Small,0,legit,1136.4420289855072,3.574548805602735e-05,0,scatter-gather,3.3764074e-05,0,fan-out,3.475477904345561e-05,0,fan-out,1,fan-out,0.6,1,gather-scatter,0.6,1,scatter-gather,0.6,1,gather-scatter,0.8,1,gather-scatter,0.8,1,gather-scatter,0.8,1,gather-scatter,0.8
amlc_00294,LI-Small,1,unknown,1.0,0.006846135145637801,0,gather-scatter,0.005172424,0,gather-scatter,0.006009279768274928,0,gather-scatter,1,fan-out,0.6,1,fan-out,0.6,1,fan-out,0.8,1,gather-scatter,0.6,1,fan-out,0.8,1,fan-out,0.8,0,,0.5
amlc_00295,LI-Small,0,legit,1103.0169082125603,0.002389433284951933,0,bipartite,0.00034237484,0,bipartite,0.0013659040737364443,0,bipartite,1,scatter-gather,0.6,1,gather-scatter,0.6,1,gather-scatter,0.8,1,gather-scatter,0.8,1,gather-scatter,0.8,1,gather-scatter,0.8,1,gather-scatter,0.8
amlc_00296,LI-Small,1,unknown,1.0,0.0030264935827681817,0,fan-in,0.011378762,0,fan-in,0.007202627947500814,0,fan-in,1,scatter-gather,0.8,1,fan-in,0.6,1,random,0.8,1,gather-scatter,0.6,1,gather-scatter,0.8,0,gather-scatter,0.7,1,gather-scatter,0.8
amlc_00297,LI-Small,0,legit,1103.0169082125603,0.002030274415603523,0,bipartite,0.00045646023,0,bipartite,0.0012433673158430776,0,bipartite,1,fan-out,0.6,1,fan-out,0.6,1,fan-out,0.8,1,gather-scatter,0.6,1,gather-scatter,0.8,1,scatter-gather,0.8,1,gather-scatter,0.8
amlc_00298,LI-Small,0,legit,1136.4420289855072,0.0014777878093085695,0,bipartite,0.00034081587,0,bipartite,0.000909301834926916,0,bipartite,1,fan-out,0.6,1,fan-out,0.6,1,random,0.8,1,random,0.8,1,random,0.8,1,stack,0.8,1,bipartite,0.8
amlc_00299,LI-Small,0,legit,1136.4420289855072,0.000998513915986448,0,bipartite,0.0019955006,0,bipartite,0.001497007360887095,0,bipartite,1,fan-in,0.6,0,,0.7,1,fan-in,0.8,1,gather-scatter,0.6,1,fan-in,0.8,1,fan-in,0.8,1,fan-in,0.8
amlc_00300,LI-Small,0,legit,1103.0169082125603,3.557337617246665e-05,0,bipartite,4.1024887e-05,0,bipartite,3.829913254816201e-05,0,bipartite,1,gather-scatter,0.6,1,fan-out,0.6,1,fan-out,0.6,1,gather-scatter,0.6,1,fan-out,0.8,1,gather-scatter,0.8,1,gather-scatter,0.8
amlc_00301,LI-Small,0,legit,1136.4420289855072,3.526862127697342e-05,0,bipartite,3.1457603e-05,0,stack,3.336311182904879e-05,0,stack,1,fan-out,0.6,1,fan-out,0.6,1,fan-out,0.8,1,gather-scatter,0.8,1,fan-out,0.8,1,scatter-gather,0.8,1,gather-scatter,0.8
amlc_00302,LI-Small,1,unknown,1.0,0.0020291168718611836,0,bipartite,0.0100759445,0,stack,0.00605253076697765,0,stack,1,fan-out,0.6,1,fan-in,0.6,1,fan-in,0.6,1,gather-scatter,0.6,1,fan-in,0.8,1,fan-in,0.8,1,fan-in,0.8
amlc_00303,LI-Small,0,legit,1.0,0.7682543413680751,1,fan-in,0.16516708,0,fan-in,0.4667107158324102,0,fan-in,1,fan-out,0.6,1,fan-out,0.6,1,gather-scatter,0.8,1,gather-scatter,0.6,1,fan-out,0.8,1,gather-scatter,0.8,1,gather-scatter,0.8
amlc_00304,LI-Small,0,legit,1103.0169082125603,0.0006390605058118977,0,bipartite,0.00016642657,0,bipartite,0.0004027435378668967,0,bipartite,1,random,0.8,1,fan-out,0.8,1,scatter-gather,0.8,1,gather-scatter,0.8,1,gather-scatter,0.8,1,gather-scatter,0.8,1,gather-scatter,0.8
amlc_00305,LI-Small,0,legit,1136.4420289855072,0.0001652771497622689,0,fan-in,0.00015878127,0,fan-in,0.00016202920704440203,0,fan-in,1,fan-out,0.6,1,scatter-gather,0.6,1,scatter-gather,0.6,1,gather-scatter,0.6,1,gather-scatter,0.8,1,gather-scatter,0.8,1,gather-scatter,0.8
amlc_00306,LI-Small,0,legit,1.0,0.17290198429934375,0,bipartite,0.021466773,0,bipartite,0.09718437930326757,0,bipartite,1,fan-in,0.6,1,fan-in,0.6,1,fan-in,0.8,1,fan-in,0.6,1,fan-in,0.8,1,fan-in,0.8,1,fan-in,0.8
amlc_00307,LI-Small,0,legit,1103.0169082125603,0.00046782366119146846,0,fan-in,0.0006392292,0,fan-in,0.0005535264004851157,0,fan-in,1,fan-out,0.8,1,gather-scatter,0.6,1,random,0.8,1,gather-scatter,0.6,1,gather-scatter,0.8,1,gather-scatter,0.8,1,gather-scatter,0.8
amlc_00308,LI-Small,0,legit,1136.4420289855072,0.0006258789095228252,0,bipartite,0.0009809074,0,bipartite,0.000803393125261259,0,bipartite,1,random,0.8,1,fan-out,0.8,1,random,0.8,1,gather-scatter,0.6,1,fan-in,0.8,1,fan-in,0.8,0,,0.7
amlc_00309,LI-Small,0,legit,1.0,0.06274968488521102,0,bipartite,0.0024000586,0,bipartite,0.0325748716732821,0,bipartite,1,fan-out,0.6,1,fan-out,0.6,1,fan-out,0.8,1,gather-scatter,0.6,1,gather-scatter,0.8,1,gather-scatter,0.8,1,gather-scatter,0.8
amlc_00310,LI-Small,0,legit,1103.0169082125603,0.0005386102518357449,0,bipartite,0.00074552716,0,bipartite,0.0006420687093544807,0,bipartite,1,fan-in,0.6,1,fan-in,0.6,1,fan-in,0.6,1,gather-scatter,0.6,1,fan-in,0.8,1,fan-in,0.8,1,fan-in,0.8
amlc_00311,LI-Small,0,legit,1103.0169082125603,0.000465640806288035,0,bipartite,0.00030696485,0,bipartite,0.0003863028378330848,0,bipartite,1,gather-scatter,0.6,1,fan-out,0.6,1,scatter-gather,0.6,1,gather-scatter,0.6,1,gather-scatter,0.8,1,gather-scatter,0.8,1,gather-scatter,0.8
amlc_00312,LI-Small,0,legit,1136.4420289855072,0.0010806392024697463,0,bipartite,0.0010574154,0,bipartite,0.0010690272882793895,0,bipartite,1,fan-out,0.6,1,gather-scatter,0.6,1,fan-out,0.6,1,gather-scatter,0.6,1,gather-scatter,0.8,1,gather-scatter,0.8,1,gather-scatter,0.8
amlc_00313,LI-Small,0,legit,1103.0169082125603,0.0008395273899407793,0,bipartite,0.0002785052,0,bipartite,0.0005590162963364141,0,bipartite,1,fan-out,0.6,1,gather-scatter,0.6,1,fan-out,0.8,1,gather-scatter,0.6,1,scatter-gather,0.8,1,gather-scatter,0.8,1,gather-scatter,0.8
amlc_00314,LI-Small,1,unknown,1.0,0.013174687775589744,0,bipartite,0.038686447,0,bipartite,0.025930567310560603,0,bipartite,1,fan-out,0.8,1,fan-out,0.6,1,fan-out,0.6,1,fan-out,0.8,1,fan-out,0.8,1,gather-scatter,0.8,0,,0.7
amlc_00315,LI-Small,1,unknown,1.0,0.6375461288569214,1,random,0.5574301,1,bipartite,0.5974880908070923,1,bipartite,1,fan-out,0.6,1,scatter-gather,0.6,1,scatter-gather,0.6,1,gather-scatter,0.8,1,fan-out,0.8,1,scatter-gather,0.8,1,fan-out,0.8
amlc_00316,LI-Small,0,legit,1100.3590361445783,3.557337617246665e-05,0,bipartite,3.8561913e-05,0,bipartite,3.7067642888758555e-05,0,bipartite,1,fan-out,0.8,1,fan-out,0.6,1,fan-out,0.6,1,gather-scatter,0.6,1,gather-scatter,0.8,1,gather-scatter,0.8,1,gather-scatter,0.8
amlc_00317,LI-Small,0,legit,1136.4420289855072,0.0005811479295453422,0,bipartite,0.0012401635,0,bipartite,0.0009106557177770135,0,bipartite,1,gather-scatter,0.6,0,stack,0.7,1,gather-scatter,0.6,1,gather-scatter,0.6,1,fan-in,0.8,1,gather-scatter,0.8,1,fan-in,0.8
amlc_00318,LI-Small,0,legit,1100.3590361445783,3.557337617246665e-05,0,bipartite,5.503183e-05,0,bipartite,4.530260445830062e-05,0,bipartite,1,fan-out,0.6,1,fan-in,0.6,1,fan-out,0.8,1,gather-scatter,0.6,1,gather-scatter,0.8,1,gather-scatter,0.8,1,gather-scatter,0.8
amlc_00319,LI-Small,0,legit,1136.4420289855072,0.0003906337384252161,0,bipartite,0.00039128392,0,bipartite,0.0003909588216629952,0,bipartite,1,fan-out,0.6,1,fan-out,0.6,1,fan-out,0.8,1,gather-scatter,0.6,1,scatter-gather,0.8,1,fan-out,0.8,1,gather-scatter,0.8
amlc_00320,LI-Small,0,legit,1136.4420289855072,0.0009011740018718465,0,bipartite,0.0008440054,0,bipartite,0.0008725897020247094,0,bipartite,1,fan-out,0.6,1,fan-out,0.6,0,scatter-gather,0.7,1,gather-scatter,0.8,1,fan-out,0.8,1,gather-scatter,0.8,1,gather-scatter,0.8
amlc_00321,LI-Small,0,legit,1100.3590361445783,0.0007808763342498452,0,stack,0.00042974917,0,stack,0.000605312736917223,0,stack,1,fan-out,0.6,1,fan-out,0.8,1,random,0.8,1,gather-scatter,0.8,1,fan-out,0.8,1,gather-scatter,0.8,1,gather-scatter,0.8
amlc_00322,LI-Small,0,legit,1136.4420289855072,0.0005786815930241884,0,bipartite,0.00031595503,0,bipartite,0.000447318314904821,0,bipartite,1,fan-out,0.8,1,gather-scatter,0.6,1,gather-scatter,0.6,1,gather-scatter,0.8,1,gather-scatter,0.8,1,gather-scatter,0.8,1,gather-scatter,0.8
amlc_00323,LI-Small,1,unknown,1.0,0.0047479560754241775,0,fan-in,0.007678288,0,fan-in,0.006213122101825587,0,fan-in,1,fan-in,0.6,1,gather-scatter,0.6,1,fan-in,0.6,1,gather-scatter,0.8,1,fan-in,0.8,1,gather-scatter,0.8,1,gather-scatter,0.8
amlc_00324,LI-Small,0,legit,1100.3590361445783,3.516924534545716e-05,0,bipartite,3.2060812e-05,0,bipartite,3.3615028131606374e-05,0,bipartite,1,fan-out,0.6,1,fan-out,0.8,1,fan-out,0.6,1,gather-scatter,0.8,1,fan-out,0.8,1,gather-scatter,0.8,0,,0.5
amlc_00325,LI-Small,0,legit,1.0,0.846729973414759,1,bipartite,0.5561608,1,bipartite,0.7014454262749454,1,bipartite,1,bipartite,0.8,0,,0.7,0,,0.7,1,bipartite,0.8,0,,0.7,1,bipartite,0.8,0,,0.7
amlc_00326,LI-Small,0,legit,1100.3590361445783,3.516924534545716e-05,0,bipartite,3.6671037e-05,0,bipartite,3.592014245324986e-05,0,bipartite,1,fan-out,0.6,1,fan-out,0.6,1,scatter-gather,0.8,1,gather-scatter,0.8,1,gather-scatter,0.8,1,gather-scatter,0.8,1,gather-scatter,0.8
amlc_00327,LI-Small,0,legit,1100.3590361445783,3.516924534545716e-05,0,bipartite,2.6258105e-05,0,bipartite,3.071367491313009e-05,0,bipartite,1,fan-out,0.6,1,fan-out,0.6,1,fan-out,0.8,0,,0.7,1,fan-out,0.8,1,fan-out,0.8,0,,0.5
amlc_00328,LI-Small,0,legit,1100.3590361445783,0.0013126139495385528,0,bipartite,0.00035668397,0,bipartite,0.0008346489628359533,0,bipartite,1,gather-scatter,0.6,1,fan-out,0.6,1,cycle,0.8,1,gather-scatter,0.8,1,fan-out,0.8,1,fan-out,0.8,1,gather-scatter,0.8
amlc_00329,LI-Small,0,legit,1136.4420289855072,0.00044451960074459675,0,bipartite,0.00019657108,0,bipartite,0.00032054534794634913,0,bipartite,1,fan-in,0.6,1,fan-in,0.6,1,fan-in,0.6,1,gather-scatter,0.6,1,fan-in,0.8,1,fan-in,0.8,1,fan-in,0.8
amlc_00330,LI-Small,0,legit,1.0,0.6271066157595995,1,bipartite,0.5934007,1,bipartite,0.610253666270608,1,bipartite,1,fan-out,0.6,1,fan-out,0.8,1,fan-out,0.8,1,random,0.8,1,fan-out,0.8,1,fan-out,0.8,0,,0.5
amlc_00331,LI-Small,0,legit,1100.3590361445783,3.516924534545716e-05,0,bipartite,2.6515165e-05,0,bipartite,3.08422054319804e-05,0,bipartite,1,fan-out,0.6,1,fan-out,0.8,1,fan-out,0.6,1,random,0.8,1,fan-out,0.8,1,gather-scatter,0.8,1,gather-scatter,0.8
amlc_00332,LI-Small,1,unknown,1.0,0.017805173613204023,0,bipartite,0.0434008,0,bipartite,0.030602987665719516,0,bipartite,1,fan-out,0.6,1,fan-out,0.6,1,fan-out,0.8,1,gather-scatter,0.8,1,fan-out,0.8,1,fan-out,0.8,1,fan-out,0.8
amlc_00333,LI-Small,0,legit,1100.3590361445783,0.0003075279031454476,0,bipartite,0.00025528457,0,bipartite,0.00028140623170383656,0,bipartite,1,stack,0.8,1,stack,0.8,1,fan-out,0.6,1,gather-scatter,0.6,1,gather-scatter,0.8,0,,0.7,1,gather-scatter,0.8
amlc_00334,LI-Small,0,legit,1100.3590361445783,3.557337617246665e-05,0,bipartite,4.9707007e-05,0,stack,4.2640190413693193e-05,0,stack,1,fan-out,0.8,1,gather-scatter,0.8,1,fan-out,0.8,1,fan-out,0.6,1,scatter-gather,0.8,1,gather-scatter,0.8,1,fan-out,0.8
amlc_00335,LI-Small,0,legit,1100.3590361445783,3.557337617246665e-05,0,bipartite,7.1043534e-05,0,stack,5.330845157954025e-05,0,stack,1,fan-out,0.6,1,fan-out,0.6,1,gather-scatter,0.8,1,gather-scatter,0.6,1,fan-out,0.8,1,gather-scatter,0.8,1,gather-scatter,0.8
amlc_00336,LI-Small,0,legit,1100.3590361445783,0.00014953870498551572,0,bipartite,0.00013987461,0,bipartite,0.0001447066654391799,0,bipartite,1,fan-out,0.8,1,fan-out,0.8,1,gather-scatter,0.6,1,gather-scatter,0.6,1,fan-in,0.8,1,gather-scatter,0.8,1,gather-scatter,0.8
amlc_00337,LI-Small,0,legit,1136.4420289855072,0.0005376466149559801,0,bipartite,0.00023042205,0,bipartite,0.00038403433899407267,0,bipartite,1,fan-out,0.8,1,stack,0.8,1,fan-out,0.8,1,gather-scatter,0.6,1,scatter-gather,0.8,1,gather-scatter,0.8,1,gather-scatter,0.8
amlc_00338,LI-Small,0,legit,1103.0169082125603,3.557337617246665e-05,0,bipartite,2.536656e-05,0,bipartite,3.0469969324656988e-05,0,bipartite,1,gather-scatter,0.6,1,stack,0.8,1,random,0.8,1,random,0.8,1,gather-scatter,0.8,1,gather-scatter,0.8,1,fan-out,0.8
amlc_00339,LI-Small,0,legit,1136.4420289855072,0.0009358617082698282,0,stack,0.00022253298,0,stack,0.0005791973460113635,0,stack,1,random,0.8,1,scatter-gather,0.8,1,random,0.8,1,random,0.8,1,stack,0.8,1,stack,0.8,1,gather-scatter,0.8
amlc_00340,LI-Small,0,legit,1103.0169082125603,0.00011439237113617003,0,bipartite,7.617295e-05,0,bipartite,9.528266518513493e-05,0,bipartite,1,fan-out,0.6,1,gather-scatter,0.6,1,fan-out,0.8,1,gather-scatter,0.6,1,fan-out,0.8,1,gather-scatter,0.8,0,,0.5
amlc_00341,LI-Small,1,unknown,1.0,0.038169993332200725,0,stack,0.035075407,0,stack,0.036622701707568504,0,stack,1,gather-scatter,0.6,1,fan-in,0.6,1,random,0.8,1,gather-scatter,0.6,1,gather-scatter,0.8,1,gather-scatter,0.8,1,gather-scatter,0.8
amlc_00342,LI-Small,0,legit,1100.3590361445783,3.487997806324355e-05,0,bipartite,2.2675094e-05,0,stack,2.8777535706971363e-05,0,stack,0,,0.7,0,,0.7,0,,0.7,1,random,0.8,1,random,0.8,1,stack,0.8,1,random,0.8
amlc_00343,LI-Small,1,unknown,1.0,0.0032972661501387444,0,gather-scatter,0.009388028,0,gather-scatter,0.006342646652023975,0,gather-scatter,0,,0.5,0,,0.5,0,,0.7,1,random,0.8,1,fan-out,0.8,1,fan-out,0.8,0,,0.5
amlc_00344,LI-Small,0,legit,1136.4420289855072,3.516924534545716e-05,0,bipartite,1.760284e-05,0,bipartite,2.6386042462689656e-05,0,bipartite,1,fan-out,0.8,1,fan-out,0.6,1,fan-out,0.8,1,gather-scatter,0.8,1,fan-out,0.8,1,gather-scatter,0.8,0,,0.5
amlc_00345,LI-Small,0,legit,1100.3590361445783,3.516924534545716e-05,0,bipartite,1.4250991e-05,0,bipartite,2.4710117849025263e-05,0,bipartite,1,fan-out,0.6,1,gather-scatter,0.6,1,gather-scatter,0.8,1,gather-scatter,0.8,1,gather-scatter,0.8,1,gather-scatter,0.8,1,gather-scatter,0.8
amlc_00346,LI-Small,0,legit,1100.3590361445783,3.516924534545716e-05,0,bipartite,1.682965e-05,0,bipartite,2.5999448279179486e-05,0,bipartite,1,fan-out,0.6,1,fan-out,0.6,1,fan-out,0.6,1,gather-scatter,0.6,1,scatter-gather,0.8,1,gather-scatter,0.8,1,gather-scatter,0.8
amlc_00347,LI-Small,0,legit,1103.0169082125603,0.00013840812991745285,0,bipartite,4.8703914e-05,0,bipartite,9.355602170352117e-05,0,bipartite,1,fan-out,0.8,1,fan-out,0.6,1,fan-out,0.8,1,gather-scatter,0.8,1,fan-out,0.8,0,,0.7,0,,0.5
amlc_00348,LI-Small,0,legit,1100.3590361445783,3.516924534545716e-05,0,bipartite,1.2603142e-05,0,bipartite,2.388619341101599e-05,0,bipartite,1,gather-scatter,0.6,1,gather-scatter,0.6,1,fan-out,0.8,1,gather-scatter,0.8,1,fan-out,0.8,1,fan-out,0.8,0,,0.5
amlc_00349,LI-Small,1,unknown,1.0,0.03154842878926001,0,bipartite,0.02161048,0,bipartite,0.026579454854370167,0,bipartite,1,fan-in,0.6,1,fan-in,0.6,1,fan-in,0.6,1,gather-scatter,0.8,1,fan-in,0.8,1,gather-scatter,0.8,1,gather-scatter,0.8
amlc_00350,LI-Small,1,unknown,1.0,0.0003970695345000526,0,fan-out,0.0012418485,0,fan-out,0.0008194590179384301,0,fan-out,1,fan-out,0.8,1,gather-scatter,0.6,1,fan-out,0.8,1,random,0.8,1,fan-out,0.8,1,fan-out,0.8,0,,0.5
amlc_00351,LI-Small,1,unknown,1.0,0.006988199294575459,0,bipartite,0.03748252,0,bipartite,0.022235359371189478,0,bipartite,1,fan-out,0.6,1,fan-out,0.6,1,fan-out,0.8,1,gather-scatter,0.6,1,scatter-gather,0.8,1,cycle,0.8,1,fan-out,0.8
amlc_00352,LI-Small,0,legit,1.0,0.4673943757764823,0,bipartite,0.4043173,0,bipartite,0.4358558356638912,0,bipartite,1,fan-in,0.6,0,,0.7,1,fan-in,0.8,1,gather-scatter,0.6,1,fan-in,0.8,1,fan-in,0.8,1,fan-in,0.8
amlc_00353,LI-Small,0,legit,1.0,0.29743364020805496,0,bipartite,0.78729224,1,bipartite,0.5423629351686484,1,bipartite,1,fan-out,0.6,1,fan-out,0.6,1,fan-out,0.8,1,gather-scatter,0.8,1,fan-out,0.8,1,fan-out,0.8,1,fan-out,0.8
amlc_00354,LI-Small,0,legit,1100.3590361445783,5.620769837827146e-05,0,bipartite,5.7899393e-05,0,bipartite,5.705354794255785e-05,0,bipartite,1,fan-out,0.8,1,gather-scatter,0.6,1,fan-out,0.8,1,gather-scatter,0.8,1,gather-scatter,0.8,1,gather-scatter,0.8,0,,0.5
amlc_00355,LI-Small,0,legit,1100.3590361445783,0.00012023686579832498,0,bipartite,4.0758685e-05,0,bipartite,8.049777535807187e-05,0,bipartite,1,fan-out,0.6,1,fan-out,0.6,1,gather-scatter,0.8,1,gather-scatter,0.6,1,fan-out,0.8,1,gather-scatter,0.8,1,fan-out,0.8
amlc_00356,LI-Small,1,unknown,1.0,0.0016636055082624613,0,fan-out,0.014902937,0,bipartite,0.008283271087733182,0,fan-out,0,,0.5,0,,0.5,1,fan-out,0.6,1,gather-scatter,0.6,1,fan-out,0.8,1,fan-out,0.8,0,,0.5
amlc_00357,LI-Small,0,legit,1136.4420289855072,3.516924534545716e-05,0,bipartite,3.311967e-05,0,bipartite,3.414445991322151e-05,0,bipartite,1,fan-out,0.6,1,fan-out,0.6,1,fan-out,0.8,1,fan-out,0.8,1,fan-out,0.8,0,,0.7,0,,0.5
amlc_00358,LI-Small,0,legit,1103.0169082125603,0.009259048643629517,0,gather-scatter,0.047263484,0,gather-scatter,0.028261267477234585,0,gather-scatter,0,,0.5,0,,0.5,1,fan-out,0.8,1,gather-scatter,0.8,1,fan-out,0.8,0,,0.7,0,,0.5
amlc_00359,LI-Small,0,legit,1103.0169082125603,3.557337617246665e-05,0,bipartite,4.322372e-05,0,bipartite,3.939854829735704e-05,0,bipartite,1,fan-out,0.6,1,fan-out,0.6,1,scatter-gather,0.8,1,gather-scatter,0.6,1,fan-out,0.8,1,gather-scatter,0.8,1,fan-out,0.8
amlc_00360,LI-Small,0,legit,1136.4420289855072,3.516924534545716e-05,0,bipartite,1.3134743e-05,0,bipartite,2.415199432900277e-05,0,bipartite,1,fan-out,0.6,1,stack,0.8,1,random,0.8,1,cycle,0.8,1,gather-scatter,0.8,1,fan-out,0.8,1,gather-scatter,0.8
amlc_00361,LI-Small,0,legit,1100.3590361445783,3.526862127697342e-05,0,bipartite,2.382756e-05,0,stack,2.9548090419512076e-05,0,stack,1,fan-out,0.8,1,fan-out,0.6,1,fan-out,0.8,1,gather-scatter,0.8,1,scatter-gather,0.8,0,,0.7,1,scatter-gather,0.8
amlc_00362,LI-Small,1,unknown,1.0,0.02355142847176897,0,bipartite,0.037860204,0,stack,0.03070581544427329,0,stack,1,gather-scatter,0.6,1,gather-scatter,0.6,1,fan-in,0.6,1,gather-scatter,0.6,1,gather-scatter,0.8,1,gather-scatter,0.8,1,gather-scatter,0.8
amlc_00363,LI-Small,0,legit,1136.4420289855072,3.487997806324355e-05,0,bipartite,1.1938691e-05,0,bipartite,2.340933490682259e-05,0,bipartite,1,gather-scatter,0.6,1,fan-out,0.6,1,fan-in,0.6,1,gather-scatter,0.6,1,gather-scatter,0.8,1,gather-scatter,0.8,1,random,0.8
amlc_00364,LI-Small,0,legit,1103.0169082125603,3.557337617246665e-05,0,bipartite,5.4360622e-05,0,bipartite,4.496700054954853e-05,0,bipartite,1,scatter-gather,0.6,1,gather-scatter,0.6,1,gather-scatter,0.8,1,gather-scatter,0.6,1,gather-scatter,0.8,1,gather-scatter,0.8,1,gather-scatter,0.8
amlc_00365,LI-Small,0,legit,1.0,0.6152730132223715,1,bipartite,0.14135154,0,bipartite,0.3783122768045241,0,bipartite,1,fan-out,0.6,1,fan-out,0.6,0,,0.7,1,fan-out,0.6,1,gather-scatter,0.8,1,gather-scatter,0.8,1,gather-scatter,0.8
amlc_00366,LI-Small,0,legit,1100.3590361445783,3.516924534545716e-05,0,bipartite,7.875039e-06,0,bipartite,2.1522142013708215e-05,0,bipartite,1,fan-out,0.6,1,gather-scatter,0.6,1,fan-out,0.8,1,gather-scatter,0.8,1,gather-scatter,0.8,1,fan-out,0.8,1,gather-scatter,0.8
amlc_00367,LI-Small,0,legit,1100.3590361445783,3.516924534545716e-05,0,bipartite,1.0137662e-05,0,bipartite,2.2653453560195483e-05,0,bipartite,1,fan-out,0.6,1,fan-out,0.6,1,fan-out,0.8,1,gather-scatter,0.8,1,scatter-gather,0.8,1,gather-scatter,0.8,1,scatter-gather,0.8
amlc_00368,LI-Small,0,legit,1136.4420289855072,3.516924534545716e-05,0,bipartite,2.5099886e-05,0,bipartite,3.0134565075712598e-05,0,bipartite,1,scatter-gather,0.8,1,fan-out,0.6,1,fan-out,0.8,1,bipartite,0.8,1,fan-out,0.8,1,fan-out,0.8,1,fan-out,0.8
amlc_00369,LI-Small,0,legit,1100.3590361445783,3.516924534545716e-05,0,bipartite,1.8183042e-05,0,bipartite,2.6676143805815228e-05,0,bipartite,1,fan-out,0.8,1,fan-out,0.6,1,fan-out,0.8,1,gather-scatter,0.6,1,fan-out,0.8,1,gather-scatter,0.8,1,fan-out,0.8
amlc_00370,LI-Small,0,legit,1103.0169082125603,0.0024268092743086676,0,gather-scatter,0.0063116634,0,gather-scatter,0.004369236210685365,0,gather-scatter,0,,0.5,0,,0.5,1,fan-out,0.8,1,fan-out,0.8,1,fan-out,0.8,0,,0.7,0,,0.5
amlc_00371,LI-Small,0,legit,1100.3590361445783,3.516924534545716e-05,0,bipartite,2.4019768e-05,0,bipartite,2.9594507303698773e-05,0,bipartite,1,fan-out,0.6,1,fan-out,0.6,1,fan-out,0.8,1,gather-scatter,0.8,1,fan-out,0.8,1,fan-out,0.8,1,fan-out,0.8
amlc_00372,LI-Small,0,legit,1100.3590361445783,3.487997806324355e-05,0,bipartite,1.513014e-05,0,bipartite,2.5005058640594186e-05,0,bipartite,1,fan-out,0.8,1,gather-scatter,0.8,1,gather-scatter,0.8,1,gather-scatter,0.6,1,gather-scatter,0.8,1,gather-scatter,0.8,1,gather-scatter,0.8
amlc_00373,LI-Small,0,legit,1103.0169082125603,3.557337617246665e-05,0,bipartite,1.8477844e-05,0,bipartite,2.7025610479939488e-05,0,bipartite,1,stack,0.8,1,gather-scatter,0.6,1,fan-out,0.8,1,gather-scatter,0.8,1,gather-scatter,0.8,1,gather-scatter,0.8,1,gather-scatter,0.8
amlc_00374,LI-Small,0,legit,1136.4420289855072,0.001381076817551671,0,bipartite,0.0011318043,0,bipartite,0.0012564405524926477,0,bipartite,1,fan-out,0.8,1,fan-out,0.8,1,gather-scatter,0.8,1,gather-scatter,0.6,1,gather-scatter,0.8,1,random,0.8,1,gather-scatter,0.8
amlc_00375,LI-Small,1,unknown,1.0,0.011362328634385804,0,fan-in,0.010304743,0,fan-in,0.01083353612235414,0,fan-in,1,fan-in,0.6,1,fan-out,0.8,1,fan-in,0.8,1,gather-scatter,0.6,1,fan-in,0.8,1,fan-in,0.8,1,fan-in,0.8
amlc_00376,LI-Small,1,unknown,1.0,0.001855925748786911,0,fan-in,0.0079093,0,fan-in,0.0048826126375752605,0,fan-in,1,fan-out,0.6,1,fan-out,0.6,1,fan-out,0.8,1,gather-scatter,0.6,1,fan-out,0.8,1,gather-scatter,0.8,1,fan-out,0.8
amlc_00377,LI-Small,0,legit,1103.0169082125603,9.460804759645134e-05,0,bipartite,0.0008114375,0,bipartite,0.00045302278250050377,0,bipartite,1,fan-in,0.6,0,,0.7,1,fan-in,0.6,1,gather-scatter,0.6,1,fan-in,0.8,1,fan-in,0.8,1,fan-in,0.8
amlc_00378,LI-Small,0,legit,1100.3590361445783,3.516924534545716e-05,0,bipartite,1.6788019e-05,0,bipartite,2.597863249204107e-05,0,bipartite,1,fan-out,0.6,1,fan-out,0.6,1,fan-out,0.8,1,fan-out,0.6,1,fan-out,0.8,1,fan-out,0.8,1,fan-out,0.8
amlc_00379,LI-Small,0,legit,1100.3590361445783,3.516924534545716e-05,0,bipartite,2.6426254e-05,0,bipartite,3.0797750422351385e-05,0,bipartite,1,stack,0.8,1,gather-scatter,0.6,1,scatter-gather,0.8,1,gather-scatter,0.6,1,scatter-gather,0.8,1,gather-scatter,0.8,1,gather-scatter,0.8
amlc_00380,LI-Small,0,legit,1100.3590361445783,3.516924534545716e-05,0,bipartite,2.5206182e-05,0,bipartite,3.0187713581397985e-05,0,bipartite,1,fan-out,0.6,1,fan-out,0.6,1,scatter-gather,0.6,1,gather-scatter,0.6,1,fan-out,0.8,1,scatter-gather,0.8,1,fan-out,0.8
amlc_00381,LI-Small,1,unknown,1.0,0.004221743846950327,0,fan-in,0.006537945,0,fan-in,0.005379844381793039,0,fan-in,1,random,0.8,1,scatter-gather,0.6,1,fan-out,0.6,1,gather-scatter,0.6,1,gather-scatter,0.8,1,gather-scatter,0.8,1,gather-scatter,0.8
amlc_00382,LI-Small,1,unknown,1.0,0.003281117738776119,0,bipartite,0.015489841,0,fan-out,0.00938547847121592,0,fan-out,0,,0.5,0,,0.5,1,fan-out,0.6,1,random,0.8,1,fan-out,0.8,1,fan-out,0.8,0,,0.5
amlc_00383,LI-Small,0,legit,1100.3590361445783,3.557337617246665e-05,0,bipartite,3.1719937e-05,0,stack,3.364665805787662e-05,0,stack,1,fan-out,0.8,1,fan-out,0.8,1,fan-out,0.6,1,gather-scatter,0.6,1,fan-out,0.8,1,fan-out,0.8,1,fan-out,0.8
amlc_00384,LI-Small,0,legit,1100.3590361445783,0.00011339751161921382,0,bipartite,3.665242e-05,0,stack,7.502496327387674e-05,0,stack,1,fan-out,0.8,1,scatter-gather,0.8,0,,0.7,1,random,0.8,1,fan-out,0.8,1,scatter-gather,0.8,0,,0.5
amlc_00385,LI-Small,0,legit,1136.4420289855072,0.00040081161802148674,0,fan-out,0.008020658,0,bipartite,0.004210734925146579,0,fan-out,0,,0.5,0,,0.5,1,fan-out,0.8,1,fan-out,0.8,1,fan-out,0.8,1,fan-out,0.8,0,,0.5
amlc_00386,LI-Small,0,legit,1100.3590361445783,3.557337617246665e-05,0,bipartite,3.62105e-05,0,bipartite,3.589193726878729e-05,0,bipartite,1,fan-out,0.6,1,fan-out,0.6,1,fan-out,0.8,1,gather-scatter,0.8,1,gather-scatter,0.8,0,,0.7,1,scatter-gather,0.8
amlc_00387,LI-Small,0,legit,1100.3590361445783,3.487997806324355e-05,0,bipartite,1.7564485e-05,0,fan-out,2.6222231671048618e-05,0,fan-out,1,gather-scatter,0.6,1,fan-out,0.6,1,fan-in,0.6,1,gather-scatter,0.6,1,gather-scatter,0.8,1,gather-scatter,0.8,1,gather-scatter,0.8
amlc_00388,LI-Small,0,legit,1.0,0.04326151619779605,0,bipartite,0.13621712,0,bipartite,0.0897393107932187,0,bipartite,1,fan-in,0.8,1,gather-scatter,0.6,0,,0.7,1,gather-scatter,0.6,1,gather-scatter,0.8,1,gather-scatter,0.8,1,gather-scatter,0.8
amlc_00389,LI-Small,0,legit,1136.4420289855072,0.00011439237113617003,0,bipartite,0.00011660303,0,bipartite,0.00011549769614843472,0,bipartite,1,fan-out,0.6,1,fan-out,0.6,1,fan-out,0.8,1,gather-scatter,0.8,1,fan-out,0.8,0,,0.7,0,,0.5
amlc_00390,LI-Small,0,legit,1103.0169082125603,0.0010818761382872734,0,bipartite,0.0021208837,0,bipartite,0.0016013798574296071,0,bipartite,1,gather-scatter,0.6,1,gather-scatter,0.6,1,random,0.8,1,gather-scatter,0.6,1,gather-scatter,0.8,1,gather-scatter,0.8,1,gather-scatter,0.8
amlc_00391,LI-Small,0,legit,1136.4420289855072,0.0016875033407528293,0,cycle,0.0021952947,0,stack,0.0019413990737432783,0,cycle,1,cycle,0.8,1,fan-out,0.6,1,gather-scatter,0.8,1,gather-scatter,0.6,1,gather-scatter,0.8,1,gather-scatter,0.8,1,gather-scatter,0.8
amlc_00392,LI-Small,0,legit,1100.3590361445783,5.409477891275348e-05,0,cycle,6.0870057e-05,0,scatter-gather,5.74824167490735e-05,0,cycle,1,fan-out,0.6,1,scatter-gather,0.8,1,fan-out,0.6,1,random,0.8,1,gather-scatter,0.8,1,random,0.8,1,gather-scatter,0.8
amlc_00393,LI-Small,0,legit,1103.0169082125603,3.557337617246665e-05,0,bipartite,3.6940048e-05,0,bipartite,3.625671231060404e-05,0,bipartite,1,fan-out,0.6,1,fan-out,0.6,1,fan-out,0.8,1,gather-scatter,0.8,1,fan-out,0.8,1,fan-out,0.8,1,fan-out,0.8
amlc_00394,LI-Small,1,unknown,1.0,0.0023094135419793075,0,gather-scatter,0.0024362428,0,gather-scatter,0.002372828176680562,0,gather-scatter,0,,0.5,0,,0.5,1,fan-out,0.8,1,gather-scatter,0.8,1,fan-out,0.8,1,fan-out,0.8,0,,0.5
amlc_00395,LI-Small,0,legit,1136.4420289855072,3.574548805602735e-05,0,fan-in,1.9197427e-05,0,fan-out,2.7471457614469815e-05,0,fan-out,1,fan-out,0.6,1,gather-scatter,0.6,1,fan-out,0.6,1,gather-scatter,0.8,1,scatter-gather,0.8,1,stack,0.8,1,gather-scatter,0.8
amlc_00396,LI-Small,0,legit,1103.0169082125603,3.557337617246665e-05,0,bipartite,3.1693464e-05,0,bipartite,3.3633419998694435e-05,0,bipartite,1,fan-out,0.6,1,fan-out,0.6,1,fan-out,0.8,1,gather-scatter,0.6,1,fan-out,0.8,1,fan-out,0.8,0,,0.5
amlc_00397,LI-Small,0,legit,1103.0169082125603,0.00021301025783719945,0,random,0.0001314292,0,stack,0.00017221973072426618,0,stack,1,fan-out,0.6,1,fan-out,0.6,1,fan-out,0.8,1,fan-out,0.6,1,gather-scatter,0.8,1,gather-scatter,0.8,1,fan-out,0.8
amlc_00398,LI-Small,0,legit,1.0,0.40472515552579147,0,bipartite,0.05030681,0,bipartite,0.2275159814920961,0,bipartite,1,fan-in,0.6,1,fan-in,0.6,1,fan-in,0.8,1,gather-scatter,0.6,1,fan-in,0.8,1,fan-in,0.8,1,fan-in,0.8
amlc_00399,LI-Small,0,legit,1.0,0.8748090754867608,1,fan-out,0.95004815,1,fan-out,0.9124286120594052,1,fan-out,1,fan-out,0.6,1,fan-out,0.8,1,fan-out,0.8,1,gather-scatter,0.6,1,gather-scatter,0.8,1,gather-scatter,0.8,0,,0.5
amlc_00400,LI-Small,0,legit,1103.0169082125603,0.0033115992661859432,0,bipartite,0.003650635,0,bipartite,0.0034811172338349546,0,bipartite,1,stack,0.8,1,fan-out,0.8,1,fan-in,0.6,1,gather-scatter,0.6,1,gather-scatter,0.8,1,gather-scatter,0.8,1,gather-scatter,0.8
amlc_00401,LI-Small,0,legit,1136.4420289855072,3.557337617246665e-05,0,bipartite,2.7909351e-05,0,bipartite,3.1741363973595424e-05,0,bipartite,1,scatter-gather,0.8,1,gather-scatter,0.6,1,fan-out,0.8,1,gather-scatter,0.8,1,gather-scatter,0.8,1,gather-scatter,0.8,1,gather-scatter,0.8
amlc_00402,LI-Small,0,legit,1103.0169082125603,5.620769837827146e-05,0,bipartite,4.2521384e-05,0,bipartite,4.9364540035383325e-05,0,bipartite,1,fan-out,0.6,1,gather-scatter,0.6,1,fan-out,0.6,1,gather-scatter,0.8,1,gather-scatter,0.8,1,gather-scatter,0.8,1,gather-scatter,0.8
amlc_00403,LI-Small,0,legit,1136.4420289855072,3.516924534545716e-05,0,bipartite,1.9001232e-05,0,bipartite,2.7085239161095668e-05,0,bipartite,1,fan-out,0.6,1,fan-out,0.6,0,,0.7,1,gather-scatter,0.8,1,scatter-gather,0.8,1,gather-scatter,0.8,1,gather-scatter,0.8
amlc_00404,LI-Small,0,legit,1103.0169082125603,0.002810039136637921,0,gather-scatter,0.0035982162,0,gather-scatter,0.003204127633052406,0,gather-scatter,0,,0.5,0,,0.5,1,fan-out,0.8,1,fan-out,0.6,1,fan-out,0.8,0,,0.7,0,,0.5
amlc_00405,LI-Small,0,legit,1100.3590361445783,3.766031892301135e-05,0,bipartite,4.8771588e-05,0,bipartite,4.321595304718517e-05,0,bipartite,1,fan-out,0.6,1,fan-out,0.6,1,fan-out,0.6,1,gather-scatter,0.6,1,scatter-gather,0.8,1,scatter-gather,0.8,1,gather-scatter,0.8
amlc_00406,LI-Small,0,legit,1.0,0.47507190926221277,0,bipartite,0.4112115,0,bipartite,0.4431417148478193,0,bipartite,1,fan-out,0.8,1,fan-out,0.8,1,fan-out,0.8,1,gather-scatter,0.6,1,fan-out,0.8,0,,0.7,0,,0.5
amlc_00407,LI-Small,0,legit,1.0,0.8920861709588885,1,bipartite,0.68384933,1,bipartite,0.7879677289959848,1,bipartite,1,fan-in,0.6,1,fan-in,0.6,1,fan-in,0.6,1,gather-scatter,0.6,1,fan-in,0.8,1,fan-in,0.8,1,fan-in,0.8
amlc_00408,LI-Small,0,legit,1.0,0.49084753218162425,1,bipartite,0.15431285,0,bipartite,0.32258018316263143,0,bipartite,1,fan-out,0.6,1,gather-scatter,0.8,1,scatter-gather,0.8,0,cycle,0.7,1,fan-out,0.8,0,,0.7,0,,0.5
amlc_00409,LI-Small,1,unknown,1.0,0.005455729593780173,0,bipartite,0.0073424517,0,fan-out,0.00639909079544074,0,fan-out,0,,0.5,0,,0.5,1,fan-out,0.6,1,fan-out,0.8,1,fan-out,0.8,0,,0.7,0,,0.5
amlc_00410,LI-Small,0,legit,1136.4420289855072,0.0008402670834163984,0,cycle,0.00030470293,0,cycle,0.0005724850015457178,0,cycle,0,,0.7,1,stack,0.8,1,stack,0.8,1,random,0.8,1,stack,0.8,1,stack,0.8,0,,0.7
amlc_00411,LI-Small,1,unknown,1.0,0.008029041691514648,0,stack,0.006077171,0,fan-out,0.007053106311158736,0,fan-out,1,fan-out,0.6,1,gather-scatter,0.8,1,fan-out,0.8,1,scatter-gather,0.6,1,fan-out,0.8,1,fan-out,0.8,1,fan-out,0.8
amlc_00412,LI-Small,1,unknown,1.0,0.017554734700919308,0,bipartite,0.044093784,0,bipartite,0.03082426044046934,0,bipartite,1,fan-out,0.8,1,fan-out,0.6,1,fan-out,0.6,1,gather-scatter,0.6,1,fan-out,0.8,0,,0.7,1,gather-scatter,0.8
amlc_00413,LI-Small,0,legit,1136.4420289855072,3.557337617246665e-05,0,bipartite,2.374045e-05,0,bipartite,2.9656913257384432e-05,0,bipartite,1,fan-out,0.8,1,fan-out,0.8,1,fan-out,0.8,1,gather-scatter,0.8,1,gather-scatter,0.8,1,gather-scatter,0.8,1,gather-scatter,0.8
amlc_00414,LI-Small,1,unknown,1.0,0.012693323775322585,0,bipartite,0.029077139,0,bipartite,0.020885232381120993,0,bipartite,1,fan-out,0.8,1,fan-out,0.6,1,fan-out,0.6,1,gather-scatter,0.6,1,fan-out,0.8,1,fan-out,0.8,1,fan-out,0.8
amlc_00415,LI-Small,0,legit,1103.0169082125603,0.0007845796652448759,0,bipartite,0.00044053918,0,bipartite,0.0006125594318533979,0,bipartite,1,scatter-gather,0.8,0,,0.7,0,stack,0.7,1,gather-scatter,0.6,1,fan-in,0.8,1,stack,0.8,1,stack,0.8
amlc_00416,LI-Small,0,legit,1136.4420289855072,3.516924534545716e-05,0,bipartite,1.1037977e-05,0,bipartite,2.310361087322104e-05,0,bipartite,1,gather-scatter,0.6,1,gather-scatter,0.6,1,fan-out,0.8,1,cycle,0.8,1,gather-scatter,0.8,1,gather-scatter,0.8,1,gather-scatter,0.8
amlc_00417,LI-Small,0,legit,1100.3590361445783,3.516924534545716e-05,0,bipartite,1.597693e-05,0,bipartite,2.5573087622177408e-05,0,bipartite,1,fan-out,0.8,1,fan-out,0.6,1,fan-out,0.8,1,gather-scatter,0.6,1,fan-out,0.8,0,,0.7,0,,0.5
amlc_00418,LI-Small,0,legit,1136.4420289855072,3.516924534545716e-05,0,bipartite,2.161423e-05,0,bipartite,2.839173875938155e-05,0,bipartite,1,fan-out,0.6,1,gather-scatter,0.6,1,gather-scatter,0.6,1,gather-scatter,0.6,1,gather-scatter,0.8,1,gather-scatter,0.8,1,gather-scatter,0.8
amlc_00419,LI-Small,0,legit,1136.4420289855072,0.0004705526359314174,0,fan-out,0.002633557,0,fan-out,0.001552054703046106,0,fan-out,0,,0.5,0,,0.5,1,fan-out,0.6,1,gather-scatter,0.8,1,fan-out,0.8,1,fan-out,0.8,0,,0.5
amlc_00420,LI-Small,0,legit,1103.0169082125603,3.526862127697342e-05,0,bipartite,3.0781626e-05,0,stack,3.302512377088547e-05,0,stack,1,gather-scatter,0.6,1,gather-scatter,0.6,1,fan-out,0.8,1,gather-scatter,0.6,1,gather-scatter,0.8,1,gather-scatter,0.8,1,gather-scatter,0.8
amlc_00421,LI-Small,0,legit,1103.0169082125603,0.0021226464218308773,0,bipartite,0.0012982709,0,bipartite,0.0017104587183258309,0,bipartite,1,fan-in,0.8,1,random,0.8,1,random,0.8,1,gather-scatter,0.6,1,gather-scatter,0.8,1,stack,0.8,1,fan-in,0.8
amlc_00422,LI-Small,0,legit,1136.4420289855072,0.00011339751161921382,0,bipartite,5.761177e-05,0,stack,8.550464198660377e-05,0,stack,0,,0.5,0,,0.5,1,fan-out,0.8,1,fan-out,0.6,1,gather-scatter,0.8,1,gather-scatter,0.8,0,,0.5
amlc_00423,LI-Small,0,legit,1136.4420289855072,3.557337617246665e-05,0,bipartite,2.7328966e-05,0,bipartite,3.14511704077071e-05,0,bipartite,1,fan-out,0.8,1,scatter-gather,0.8,0,,0.7,1,gather-scatter,0.8,1,fan-out,0.8,1,gather-scatter,0.8,1,gather-scatter,0.8
amlc_00424,LI-Small,0,legit,1103.0169082125603,3.557337617246665e-05,0,bipartite,2.4551418e-05,0,stack,3.0062397282052543e-05,0,stack,1,fan-out,0.6,1,fan-out,0.6,1,fan-out,0.8,1,gather-scatter,0.8,1,gather-scatter,0.8,1,gather-scatter,0.8,1,fan-out,0.8
amlc_00425,LI-Small,0,legit,1136.4420289855072,3.487997806324355e-05,0,bipartite,1.6412878e-05,0,bipartite,2.564642757402366e-05,0,bipartite,1,fan-in,0.6,1,fan-in,0.8,1,fan-in,0.6,1,gather-scatter,0.6,1,fan-in,0.8,1,fan-in,0.8,1,fan-in,0.8
amlc_00426,LI-Small,0,legit,1103.0169082125603,0.0006782113782538332,0,gather-scatter,0.003461443,0,gather-scatter,0.002069826993320056,0,gather-scatter,0,,0.5,0,,0.5,1,scatter-gather,0.8,1,gather-scatter,0.8,1,fan-out,0.8,1,fan-out,0.8,0,,0.5
amlc_00427,LI-Small,1,unknown,1.0,0.002854049017206532,0,gather-scatter,0.014777379,0,gather-scatter,0.008815713784434251,0,gather-scatter,0,,0.5,0,,0.5,0,,0.7,1,gather-scatter,0.6,1,fan-out,0.8,1,fan-out,0.8,0,,0.5
amlc_00428,LI-Small,0,legit,1136.4420289855072,3.557337617246665e-05,0,bipartite,3.4228404e-05,0,bipartite,3.4900891269388365e-05,0,bipartite,1,fan-out,0.6,1,scatter-gather,0.6,1,fan-out,0.8,1,gather-scatter,0.6,1,gather-scatter,0.8,1,gather-scatter,0.8,0,,0.5
amlc_00429,LI-Small,0,legit,1100.3590361445783,3.516924534545716e-05,0,bipartite,1.5643254e-05,0,bipartite,2.5406250005033653e-05,0,bipartite,1,fan-out,0.6,1,fan-out,0.6,1,fan-out,0.8,1,gather-scatter,0.6,1,fan-out,0.8,1,gather-scatter,0.8,1,gather-scatter,0.8
amlc_00430,LI-Small,0,legit,1.0,0.5207030585814791,1,stack,0.30703753,0,stack,0.41387030439621597,0,stack,1,scatter-gather,0.8,1,gather-scatter,0.6,1,scatter-gather,0.6,1,cycle,0.8,1,gather-scatter,0.8,1,gather-scatter,0.8,1,gather-scatter,0.8
amlc_00431,LI-Small,0,legit,1136.4420289855072,0.00037110329128640045,0,bipartite,0.0010992403,0,fan-out,0.000735171796930145,0,fan-out,0,,0.5,0,,0.5,1,scatter-gather,0.8,1,random,0.8,1,fan-out,0.8,1,gather-scatter,0.8,0,,0.5
amlc_00432,LI-Small,1,unknown,1.0,0.01678210441696496,0,fan-in,0.031610053,0,fan-in,0.024196078724800802,0,fan-in,1,fan-in,0.6,1,fan-in,0.6,1,fan-in,0.8,1,gather-scatter,0.8,1,fan-in,0.8,1,fan-in,0.8,1,fan-in,0.8
amlc_00433,LI-Small,0,legit,1100.3590361445783,0.0005460560032389514,0,bipartite,0.0002545073,0,bipartite,0.000400281645205776,0,bipartite,1,fan-out,0.8,1,fan-out,0.6,1,fan-out,0.8,1,gather-scatter,0.6,1,fan-out,0.8,1,fan-out,0.8,1,fan-out,0.8
amlc_00434,LI-Small,1,unknown,1.0,0.011749900890328416,0,stack,0.08130897,0,stack,0.0465294357453475,0,stack,1,fan-in,0.6,1,fan-in,0.6,1,fan-in,0.6,1,gather-scatter,0.6,1,fan-in,0.8,1,fan-in,0.8,1,fan-in,0.8
amlc_00435,LI-Small,0,legit,1100.3590361445783,0.0003082182243218182,0,bipartite,0.0007632788,0,bipartite,0.0005357485373380362,0,bipartite,1,fan-in,0.6,1,fan-in,0.6,1,fan-in,0.6,1,,0.6,1,fan-in,0.8,1,fan-in,0.8,1,fan-in,0.8
amlc_00436,LI-Small,0,legit,1100.3590361445783,3.516924534545716e-05,0,bipartite,1.4410996e-05,0,bipartite,2.479012082287096e-05,0,bipartite,1,scatter-gather,0.6,1,fan-out,0.6,1,random,0.8,1,gather-scatter,0.6,1,gather-scatter,0.8,1,scatter-gather,0.8,1,fan-out,0.8
amlc_00437,LI-Small,0,legit,1103.0169082125603,3.557337617246665e-05,0,bipartite,4.7560105e-05,0,bipartite,4.1566740010638015e-05,0,bipartite,1,gather-scatter,0.6,1,gather-scatter,0.6,1,fan-out,0.8,1,gather-scatter,0.8,1,gather-scatter,0.8,1,gather-scatter,0.8,1,gather-scatter,0.8
amlc_00438,LI-Small,1,unknown,1.0,0.027019775173337444,0,bipartite,0.07690534,0,bipartite,0.051962557192281475,0,bipartite,1,fan-out,0.8,1,cycle,0.8,1,gather-scatter,0.8,1,gather-scatter,0.6,1,gather-scatter,0.8,1,gather-scatter,0.8,1,gather-scatter,0.8
amlc_00439,LI-Small,0,legit,1100.3590361445783,3.516924534545716e-05,0,bipartite,2.2249762e-05,0,bipartite,2.870950365715413e-05,0,bipartite,1,fan-out,0.8,1,fan-out,0.6,1,fan-out,0.8,1,gather-scatter,0.8,1,gather-scatter,0.8,1,gather-scatter,0.8,1,gather-scatter,0.8
amlc_00440,LI-Small,1,unknown,1.0,0.004740664123327301,0,bipartite,0.01422545,0,bipartite,0.009483057420120023,0,bipartite,1,cycle,0.8,1,fan-out,0.8,1,gather-scatter,0.6,1,gather-scatter,0.6,1,gather-scatter,0.8,1,gather-scatter,0.8,1,gather-scatter,0.8
amlc_00441,LI-Small,0,legit,1103.0169082125603,3.557337617246665e-05,0,bipartite,2.8543242e-05,0,stack,3.205830832524806e-05,0,stack,1,fan-out,0.6,1,fan-out,0.6,1,random,0.8,1,gather-scatter,0.6,1,gather-scatter,0.8,1,gather-scatter,0.8,1,gather-scatter,0.8
amlc_00442,LI-Small,0,legit,1103.0169082125603,3.526862127697342e-05,0,bipartite,3.708159e-05,0,stack,3.61751050102886e-05,0,stack,1,fan-out,0.6,1,fan-out,0.8,1,scatter-gather,0.8,1,random,0.8,1,fan-out,0.8,1,gather-scatter,0.8,1,fan-out,0.8
amlc_00443,LI-Small,0,legit,1136.4420289855072,8.199807428747729e-05,0,bipartite,7.555994e-05,0,stack,7.87790072237483e-05,0,stack,1,fan-out,0.6,1,fan-out,0.8,1,fan-out,0.6,1,gather-scatter,0.8,1,scatter-gather,0.8,1,scatter-gather,0.8,1,fan-out,0.8
amlc_00444,LI-Small,0,legit,1103.0169082125603,3.526862127697342e-05,0,bipartite,2.780843e-05,0,stack,3.153852630460292e-05,0,stack,1,gather-scatter,0.8,1,fan-out,0.6,1,fan-out,0.8,1,gather-scatter,0.6,1,gather-scatter,0.8,1,gather-scatter,0.8,1,gather-scatter,0.8
amlc_00445,LI-Small,0,legit,1103.0169082125603,6.050536220608012e-05,0,scatter-gather,0.00012516693,0,bipartite,9.28361422158485e-05,0,scatter-gather,1,fan-out,0.6,1,fan-out,0.6,1,random,0.8,1,gather-scatter,0.8,1,gather-scatter,0.8,1,gather-scatter,0.8,1,gather-scatter,0.8
amlc_00446,LI-Small,0,legit,1103.0169082125603,0.0018187326932399342,0,gather-scatter,0.009568329,0,gather-scatter,0.005693531250305418,0,gather-scatter,0,,0.5,0,,0.5,1,gather-scatter,0.8,1,gather-scatter,0.8,1,fan-out,0.8,1,fan-out,0.8,0,,0.5
amlc_00447,LI-Small,0,legit,1136.4420289855072,3.516924534545716e-05,0,bipartite,1.46353e-05,0,bipartite,2.490227270638439e-05,0,bipartite,1,gather-scatter,0.8,1,gather-scatter,0.6,1,random,0.8,1,gather-scatter,0.6,1,gather-scatter,0.8,1,gather-scatter,0.8,1,gather-scatter,0.8
amlc_00448,LI-Small,1,unknown,1.0,0.0036651000562221646,0,gather-scatter,0.015582186,0,gather-scatter,0.009623642274881942,0,gather-scatter,0,,0.5,0,,0.5,1,fan-out,0.6,0,,0.7,1,fan-out,0.8,0,,0.7,0,,0.5
amlc_00449,LI-Small,1,unknown,1.0,0.03436929541327263,0,bipartite,0.07797277,0,bipartite,0.05617103071261299,0,bipartite,1,fan-out,0.6,1,fan-out,0.6,1,fan-out,0.6,1,gather-scatter,0.6,1,fan-out,0.8,0,,0.7,1,fan-out,0.8
amlc_00450,LI-Small,1,fan-out,1.0,0.977298268645427,1,fan-out,0.9964566,1,fan-out,0.9868774220195519,1,fan-out,1,fan-out,0.6,1,gather-scatter,0.6,1,random,0.8,1,gather-scatter,0.8,1,gather-scatter,0.8,1,gather-scatter,0.8,1,gather-scatter,0.8
amlc_00451,LI-Small,1,fan-out,1.0,0.9382429290311307,1,fan-out,0.99050844,1,fan-out,0.9643756890543684,1,fan-out,1,fan-out,0.8,1,gather-scatter,0.6,1,random,0.8,1,gather-scatter,0.6,1,gather-scatter,0.8,1,gather-scatter,0.8,1,gather-scatter,0.8
amlc_00452,LI-Small,1,fan-out,1.0,0.9734582354471593,1,fan-out,0.9921438,1,fan-out,0.9828010285817339,1,fan-out,1,fan-out,0.6,1,gather-scatter,0.6,1,fan-out,0.6,1,random,0.8,1,gather-scatter,0.8,1,gather-scatter,0.8,1,gather-scatter,0.8
amlc_00453,LI-Small,1,fan-out,1.0,0.9566145077220085,1,fan-out,0.992013,1,fan-out,0.9743137367005886,1,fan-out,1,gather-scatter,0.6,1,gather-scatter,0.6,1,scatter-gather,0.8,1,gather-scatter,0.6,1,gather-scatter,0.8,1,gather-scatter,0.8,1,gather-scatter,0.8
amlc_00454,LI-Small,1,fan-out,1.0,0.9671507892912633,1,fan-out,0.9925443,1,fan-out,0.979847511545122,1,fan-out,1,fan-out,0.6,1,fan-out,0.8,1,scatter-gather,0.6,1,gather-scatter,0.6,1,gather-scatter,0.8,1,random,0.8,1,gather-scatter,0.8
amlc_00455,LI-Small,1,fan-out,1.0,0.9643344179951019,1,fan-out,0.9928877,1,fan-out,0.9786110468786392,1,fan-out,1,fan-out,0.6,1,gather-scatter,0.6,0,,0.7,1,gather-scatter,0.6,1,gather-scatter,0.8,1,gather-scatter,0.8,1,gather-scatter,0.8
amlc_00456,LI-Small,1,fan-out,1.0,0.9716613909651663,1,fan-out,0.99482423,1,fan-out,0.9832427988971186,1,fan-out,1,fan-out,0.6,1,fan-out,0.8,1,fan-out,0.8,1,gather-scatter,0.6,1,gather-scatter,0.8,1,gather-scatter,0.8,1,gather-scatter,0.8
amlc_00457,LI-Small,0,legit,1136.4420289855072,3.557337617246665e-05,0,bipartite,5.995742e-05,0,bipartite,4.7765396421198955e-05,0,bipartite,1,fan-out,0.8,1,gather-scatter,0.8,1,gather-scatter,0.8,1,random,0.8,1,gather-scatter,0.8,1,gather-scatter,0.8,1,gather-scatter,0.8
amlc_00458,LI-Small,0,legit,1.0,0.7204974536132321,1,bipartite,0.6265914,1,bipartite,0.6735444190120452,1,bipartite,1,fan-out,0.8,1,scatter-gather,0.6,1,fan-out,0.8,1,gather-scatter,0.6,1,fan-out,0.8,1,fan-out,0.8,1,fan-out,0.8
amlc_00459,LI-Small,0,legit,1136.4420289855072,2.049246446054905e-05,0,bipartite,2.3319233e-05,0,bipartite,2.190584844182018e-05,0,bipartite,1,fan-out,0.6,1,gather-scatter,0.6,1,random,0.8,1,gather-scatter,0.8,1,gather-scatter,0.8,1,gather-scatter,0.8,1,gather-scatter,0.8
amlc_00460,LI-Small,1,unknown,1.0,0.06087487966962243,0,bipartite,0.07295151,0,bipartite,0.06691319734428121,0,bipartite,1,random,0.8,1,fan-out,0.8,1,random,0.8,1,scatter-gather,0.6,1,gather-scatter,0.8,1,gather-scatter,0.8,1,random,0.8
amlc_00461,LI-Small,0,legit,1136.4420289855072,3.516924534545716e-05,0,bipartite,1.1580071e-05,0,bipartite,2.3374658393293935e-05,0,bipartite,1,fan-out,0.6,1,fan-out,0.6,1,fan-out,0.8,1,random,0.8,1,gather-scatter,0.8,1,random,0.8,1,scatter-gather,0.8
amlc_00462,LI-Small,0,legit,1.0,0.8701348610448317,1,bipartite,0.603469,1,bipartite,0.7368019316458442,1,bipartite,1,fan-out,0.8,1,fan-out,0.6,1,fan-out,0.6,1,gather-scatter,0.6,1,fan-out,0.8,1,fan-out,0.8,1,fan-out,0.8
amlc_00463,LI-Small,0,legit,1100.3590361445783,3.487997806324355e-05,0,bipartite,3.5509587e-05,0,bipartite,3.519478298453946e-05,0,bipartite,1,fan-out,0.6,1,fan-out,0.6,1,fan-out,0.6,1,gather-scatter,0.8,1,scatter-gather,0.8,1,gather-scatter,0.8,0,,0.5
amlc_00464,LI-Small,1,unknown,1.0,0.007090417480137254,0,fan-in,0.01985911,0,fan-in,0.01347476271821375,0,fan-in,1,fan-in,0.6,1,fan-in,0.6,1,fan-in,0.8,1,gather-scatter,0.6,1,fan-in,0.8,1,fan-in,0.8,1,fan-in,0.8
amlc_00465,LI-Small,0,legit,1100.3590361445783,3.526862127697342e-05,0,stack,3.6071444e-05,0,stack,3.567003295286682e-05,0,stack,1,gather-scatter,0.6,1,fan-in,0.6,1,gather-scatter,0.6,1,gather-scatter,0.6,1,gather-scatter,0.8,1,gather-scatter,0.8,1,gather-scatter,0.8
amlc_00466,LI-Small,1,unknown,1.0,0.00031724079908803185,0,bipartite,0.0010478594,0,fan-out,0.0006825501107424501,0,fan-out,1,fan-out,0.6,1,fan-out,0.6,1,fan-out,0.6,1,gather-scatter,0.6,1,fan-out,0.8,1,fan-out,0.8,0,,0.5
amlc_00467,LI-Small,0,legit,1.0,0.5027247534229108,1,fan-in,0.24524105,0,fan-in,0.3739828967071448,0,fan-in,1,gather-scatter,0.6,1,fan-out,0.6,1,gather-scatter,0.6,1,gather-scatter,0.6,1,gather-scatter,0.8,1,gather-scatter,0.8,1,gather-scatter,0.8
amlc_00468,LI-Small,1,unknown,1.0,0.004748840612825912,0,bipartite,0.035845734,0,bipartite,0.020297287954716463,0,bipartite,1,fan-out,0.6,1,gather-scatter,0.8,1,fan-out,0.6,1,gather-scatter,0.6,1,gather-scatter,0.8,1,gather-scatter,0.8,1,gather-scatter,0.8
amlc_00469,LI-Small,0,legit,1103.0169082125603,0.0011116543630646878,0,bipartite,0.004020145,0,bipartite,0.0025658997164362276,0,bipartite,0,,0.7,0,,0.7,0,,0.7,1,scatter-gather,0.6,0,,0.7,1,fan-out,0.8,1,bipartite,0.8
amlc_00470,LI-Small,0,legit,1136.4420289855072,3.487997806324355e-05,0,bipartite,1.8296323e-05,0,fan-out,2.6588150948149674e-05,0,fan-out,1,random,0.8,1,bipartite,0.8,1,gather-scatter,0.8,1,gather-scatter,0.6,1,gather-scatter,0.8,1,gather-scatter,0.8,1,gather-scatter,0.8
amlc_00471,LI-Small,0,legit,1136.4420289855072,3.557337617246665e-05,0,bipartite,4.0036946e-05,0,bipartite,3.78051601459796e-05,0,bipartite,1,fan-out,0.8,1,fan-out,0.8,1,fan-out,0.8,1,gather-scatter,0.6,1,fan-out,0.8,0,,0.7,0,,0.5
amlc_00472,LI-Small,0,legit,1100.3590361445783,3.516924534545716e-05,0,bipartite,2.232276e-05,0,bipartite,2.8746002589030978e-05,0,bipartite,1,fan-out,0.8,1,gather-scatter,0.6,1,fan-out,0.6,1,gather-scatter,0.8,1,fan-out,0.8,1,gather-scatter,0.8,0,,0.5
amlc_00473,LI-Small,1,unknown,1.0,0.00421125352640367,0,fan-in,0.033777386,0,fan-in,0.018994318993188024,0,fan-in,1,fan-in,0.8,1,fan-in,0.8,1,fan-in,0.8,1,gather-scatter,0.6,1,fan-in,0.8,1,fan-in,0.8,1,fan-in,0.8
amlc_00474,LI-Small,1,unknown,1.0,0.03116644982994542,0,fan-in,0.039563365,0,fan-in,0.0353649086728739,0,fan-in,1,fan-out,0.6,1,fan-out,0.6,1,fan-out,0.8,1,fan-out,0.6,1,scatter-gather,0.8,1,fan-out,0.8,1,fan-out,0.8
amlc_00475,LI-Small,1,unknown,1.0,0.003412768272791994,0,gather-scatter,0.014584909,0,gather-scatter,0.008998838733004874,0,gather-scatter,1,fan-out,0.6,1,fan-out,0.6,1,random,0.8,1,gather-scatter,0.6,1,fan-out,0.8,1,fan-out,0.8,0,,0.5
amlc_00476,LI-Small,0,legit,1103.0169082125603,5.41084335996531e-05,0,scatter-gather,9.54283e-05,0,fan-out,7.476837013362647e-05,0,fan-out,1,fan-out,0.6,1,fan-out,0.6,1,fan-out,0.8,1,cycle,0.8,1,gather-scatter,0.8,1,scatter-gather,0.8,1,fan-out,0.8
amlc_00477,LI-Small,0,legit,1.0,0.7711319816505213,1,bipartite,0.15265478,0,bipartite,0.4618933803039441,0,bipartite,1,bipartite,0.8,0,,0.7,0,,0.7,0,cycle,0.7,0,,0.7,1,bipartite,0.8,1,bipartite,0.8
amlc_00478,LI-Small,1,unknown,1.0,0.001246505921545292,0,fan-in,0.0050242,0,fan-in,0.0031353530668778544,0,fan-in,1,scatter-gather,0.6,1,fan-in,0.6,1,fan-in,0.6,1,gather-scatter,0.6,1,fan-in,0.8,1,gather-scatter,0.8,1,fan-in,0.8
amlc_00479,LI-Small,1,unknown,1.0,0.005879545793806967,0,bipartite,0.026413705,0,bipartite,0.01614662549688193,0,bipartite,1,fan-out,0.6,1,fan-out,0.8,1,gather-scatter,0.6,1,gather-scatter,0.8,1,scatter-gather,0.8,1,gather-scatter,0.8,1,gather-scatter,0.8
amlc_00480,LI-Small,1,unknown,1.0,0.025260313125282974,0,bipartite,0.033301353,0,stack,0.029280833476200925,0,stack,1,fan-in,0.6,1,fan-in,0.6,1,fan-in,0.8,1,gather-scatter,0.6,1,fan-in,0.8,1,fan-in,0.8,1,fan-in,0.8
amlc_00481,LI-Small,0,legit,1136.4420289855072,3.557337617246665e-05,0,bipartite,4.2835483e-05,0,stack,3.920443047758308e-05,0,stack,1,fan-out,0.6,1,scatter-gather,0.6,1,fan-out,0.6,1,gather-scatter,0.8,1,fan-out,0.8,1,gather-scatter,0.8,1,fan-out,0.8
amlc_00482,LI-Small,1,unknown,1.0,0.00036744957994972355,0,bipartite,0.0021913056,0,fan-out,0.0012793775332175428,0,fan-out,0,,0.5,0,,0.5,0,fan-out,0.7,1,gather-scatter,0.8,1,fan-out,0.8,0,,0.7,0,,0.5
amlc_00483,LI-Small,0,legit,1.0,0.5035927907298229,1,bipartite,0.27374694,0,bipartite,0.38866988051286444,0,bipartite,1,gather-scatter,0.6,1,scatter-gather,0.8,0,,0.7,1,gather-scatter,0.6,1,gather-scatter,0.8,1,gather-scatter,0.8,1,gather-scatter,0.8
amlc_00484,LI-Small,0,legit,1136.4420289855072,0.0005119122008099064,0,bipartite,0.000290412,0,bipartite,0.00040116208819694963,0,bipartite,1,fan-in,0.8,1,fan-in,0.6,1,fan-in,0.8,1,gather-scatter,0.6,1,fan-in,0.8,1,fan-in,0.8,1,fan-in,0.8
amlc_00485,LI-Small,0,legit,1136.4420289855072,0.0019087615481541327,0,bipartite,0.0013326922,0,bipartite,0.0016207268956564748,0,bipartite,1,fan-out,0.6,1,fan-out,0.8,0,,0.7,1,random,0.8,1,fan-out,0.8,1,fan-out,0.8,1,fan-out,0.8
amlc_00486,LI-Small,0,legit,1100.3590361445783,3.557337617246665e-05,0,bipartite,6.737929e-05,0,bipartite,5.14763327104796e-05,0,bipartite,1,fan-out,0.6,1,fan-out,0.8,1,fan-out,0.8,1,random,0.8,1,fan-out,0.8,1,fan-out,0.8,0,,0.5
amlc_00487,LI-Small,0,legit,1100.3590361445783,3.526862127697342e-05,0,bipartite,4.5785313e-05,0,stack,4.052696858237155e-05,0,stack,1,fan-out,0.8,1,gather-scatter,0.8,1,fan-out,0.6,1,gather-scatter,0.6,1,fan-out,0.8,1,gather-scatter,0.8,1,fan-out,0.8
amlc_00488,LI-Small,1,unknown,1.0,0.027493965889238726,0,bipartite,0.11010873,0,bipartite,0.06880134506286353,0,bipartite,1,fan-in,0.6,1,gather-scatter,0.8,1,gather-scatter,0.8,1,gather-scatter,0.8,1,fan-in,0.8,1,gather-scatter,0.8,1,gather-scatter,0.8
amlc_00489,LI-Small,1,unknown,1.0,0.0008254356922918944,0,bipartite,0.0053109666,0,fan-out,0.003068201139493008,0,fan-out,0,,0.5,0,,0.5,1,fan-out,0.8,0,,0.7,1,fan-out,0.8,1,fan-out,0.8,0,,0.5
amlc_00490,LI-Small,0,legit,1136.4420289855072,3.557337617246665e-05,0,fan-out,3.3653683e-05,0,stack,3.461352932430454e-05,0,fan-out,1,fan-out,0.6,1,fan-out,0.6,1,random,0.8,1,gather-scatter,0.8,1,fan-out,0.8,1,random,0.8,0,,0.5
amlc_00491,LI-Small,0,legit,1103.0169082125603,0.00040729391993145987,0,stack,9.776671e-05,0,stack,0.0002525303160323835,0,stack,1,fan-out,0.6,1,fan-out,0.6,1,scatter-gather,0.8,1,random,0.8,1,scatter-gather,0.8,1,fan-out,0.8,1,fan-out,0.8
amlc_00492,LI-Small,1,unknown,1.0,0.009303441375542428,0,bipartite,0.013372335,0,bipartite,0.011337887920463455,0,bipartite,1,fan-in,0.6,1,fan-in,0.6,1,fan-in,0.8,1,gather-scatter,0.6,1,fan-in,0.8,1,fan-in,0.8,1,fan-in,0.8
amlc_00493,LI-Small,0,legit,1.0,0.0051551198313049135,0,bipartite,0.0058904355,0,bipartite,0.005522777871509972,0,bipartite,1,fan-in,0.6,1,fan-in,0.6,1,gather-scatter,0.8,1,gather-scatter,0.6,1,gather-scatter,0.8,1,gather-scatter,0.8,1,gather-scatter,0.8
amlc_00494,LI-Small,0,legit,1.0,0.0008832947686217441,0,bipartite,0.000782412,0,bipartite,0.0008328533840782799,0,bipartite,1,gather-scatter,0.6,0,,0.7,1,fan-in,0.8,1,gather-scatter,0.6,1,cycle,0.8,1,stack,0.8,1,cycle,0.8
amlc_00495,LI-Small,0,legit,1103.0169082125603,3.8100738197640125e-05,0,bipartite,7.803105e-05,0,bipartite,5.806589318815646e-05,0,bipartite,1,fan-out,0.6,1,scatter-gather,0.6,1,gather-scatter,0.8,1,gather-scatter,0.6,1,gather-scatter,0.8,1,gather-scatter,0.8,1,gather-scatter,0.8
amlc_00496,LI-Small,0,legit,1136.4420289855072,3.487997806324355e-05,0,bipartite,1.4678201e-05,0,bipartite,2.4779089679717843e-05,0,bipartite,1,fan-out,0.6,1,fan-out,0.6,1,fan-out,0.6,1,gather-scatter,0.8,1,fan-out,0.8,1,gather-scatter,0.8,1,fan-out,0.8
amlc_00497,LI-Small,1,unknown,1.0,0.0009886304799301242,0,fan-in,0.008546263,0,fan-in,0.0047674469159833,0,fan-in,1,gather-scatter,0.6,1,fan-out,0.6,1,random,0.8,1,gather-scatter,0.6,1,gather-scatter,0.8,1,gather-scatter,0.8,1,gather-scatter,0.8
amlc_00498,LI-Small,1,unknown,1.0,0.00652164523906941,0,bipartite,0.028166447,0,bipartite,0.017344046409465047,0,bipartite,1,scatter-gather,0.6,1,gather-scatter,0.6,1,scatter-gather,0.6,1,gather-scatter,0.6,1,gather-scatter,0.8,1,gather-scatter,0.8,1,gather-scatter,0.8
amlc_00499,LI-Small,0,legit,1103.0169082125603,0.0010664132545877018,0,gather-scatter,0.009320509,0,gather-scatter,0.005193461111336376,0,gather-scatter,0,,0.5,0,,0.5,1,fan-out,0.6,1,gather-scatter,0.8,1,fan-out,0.8,0,,0.7,0,,0.5
amlc_00500,LI-Small,0,legit,1103.0169082125603,0.0009663767909479318,0,gather-scatter,0.010580032,0,gather-scatter,0.005773204508323082,0,gather-scatter,1,fan-out,0.6,1,fan-out,0.8,1,fan-out,0.8,1,scatter-gather,0.6,1,fan-out,0.8,0,,0.7,0,,0.5
amlc_00501,LI-Small,0,legit,1136.4420289855072,5.41084335996531e-05,0,random,9.829058e-05,0,fan-out,7.619950370261185e-05,0,fan-out,1,fan-out,0.8,1,scatter-gather,0.8,1,random,0.8,1,fan-out,0.8,1,fan-out,0.8,1,scatter-gather,0.8,0,,0.5
amlc_00502,LI-Small,0,legit,1.0,0.786741641596105,1,fan-in,0.22275762,0,fan-in,0.5047496380583179,1,fan-in,1,fan-in,0.6,1,gather-scatter,0.8,1,fan-in,0.6,1,gather-scatter,0.8,1,fan-in,0.8,1,fan-in,0.8,1,fan-in,0.8
amlc_00503,LI-Small,1,unknown,1.0,0.0011162497583396256,0,fan-out,0.0055328785,0,fan-out,0.0033245642909589916,0,fan-out,1,fan-out,0.6,1,fan-out,0.6,1,fan-out,0.6,1,fan-out,0.8,1,fan-out,0.8,0,,0.7,0,,0.5
amlc_00504,LI-Small,0,legit,1103.0169082125603,3.557337617246665e-05,0,bipartite,2.816013e-05,0,bipartite,3.1866753461543695e-05,0,bipartite,1,fan-out,0.6,1,fan-out,0.6,1,fan-out,0.6,1,gather-scatter,0.8,1,gather-scatter,0.8,1,gather-scatter,0.8,1,gather-scatter,0.8
amlc_00505,LI-Small,0,legit,1.0,0.024965238650371886,0,bipartite,0.07690854,0,bipartite,0.05093689229574315,0,bipartite,1,fan-out,0.8,0,cycle,0.7,0,,0.7,1,gather-scatter,0.8,1,stack,0.8,1,stack,0.8,1,stack,0.8
amlc_00506,LI-Small,0,legit,1.0,0.011129176333139831,0,bipartite,0.03777048,0,bipartite,0.024449827566539496,0,bipartite,1,fan-out,0.6,1,fan-in,0.6,1,fan-in,0.8,1,gather-scatter,0.8,1,gather-scatter,0.8,1,gather-scatter,0.8,1,gather-scatter,0.8
amlc_00507,LI-Small,0,legit,1103.0169082125603,0.0008006301132250165,0,stack,0.0007283255,0,bipartite,0.0007644777945818173,0,stack,0,,0.7,0,,0.7,0,,0.7,1,gather-scatter,0.6,0,,0.7,0,fan-in,0.7,1,fan-in,0.8
amlc_00508,LI-Small,1,unknown,1.0,0.002326607540762951,0,gather-scatter,0.012236407,0,gather-scatter,0.007281506631779934,0,gather-scatter,0,,0.5,0,,0.5,1,fan-out,0.6,1,gather-scatter,0.6,1,fan-out,0.8,1,fan-out,0.8,0,,0.5
amlc_00509,LI-Small,1,unknown,1.0,0.019358072897973533,0,fan-in,0.00892221,0,fan-in,0.014140141197757361,0,fan-in,1,fan-in,0.6,1,random,0.8,1,fan-in,0.6,1,gather-scatter,0.8,1,fan-in,0.8,1,gather-scatter,0.8,1,gather-scatter,0.8
amlc_00510,LI-Small,0,legit,1100.3590361445783,3.557337617246665e-05,0,bipartite,5.4501532e-05,0,bipartite,4.503745510231819e-05,0,bipartite,1,fan-out,0.6,1,fan-out,0.6,1,fan-out,0.6,1,gather-scatter,0.6,1,fan-out,0.8,1,gather-scatter,0.8,0,,0.5
amlc_00511,LI-Small,0,legit,1136.4420289855072,0.0006762290501616211,0,bipartite,0.0002932258,0,bipartite,0.00048472743132725664,0,bipartite,1,fan-out,0.8,1,gather-scatter,0.6,1,fan-out,0.8,1,gather-scatter,0.6,1,fan-out,0.8,0,,0.7,0,,0.5
amlc_00512,LI-Small,0,legit,1.0,0.038271116566818406,0,bipartite,0.09713584,0,bipartite,0.0677034799517003,0,bipartite,1,fan-out,0.6,1,fan-out,0.6,1,fan-out,0.8,1,fan-out,0.6,1,fan-out,0.8,1,scatter-gather,0.8,1,fan-out,0.8
amlc_00513,LI-Small,0,legit,1.0,0.5335703741269524,1,fan-in,0.26334056,0,fan-in,0.39845546239401974,0,fan-in,1,gather-scatter,0.6,1,fan-out,0.6,1,fan-in,0.8,1,gather-scatter,0.6,1,fan-in,0.8,1,gather-scatter,0.8,1,fan-in,0.8
amlc_00514,LI-Small,0,legit,1100.3590361445783,3.516924534545716e-05,0,bipartite,3.0511297e-05,0,bipartite,3.2840271795720185e-05,0,bipartite,1,fan-out,0.6,1,gather-scatter,0.6,1,fan-out,0.8,1,gather-scatter,0.6,1,gather-scatter,0.8,1,gather-scatter,0.8,1,gather-scatter,0.8
amlc_00515,LI-Small,0,legit,1.0,0.9082251670986734,1,bipartite,0.6513972,1,bipartite,0.7798111797884266,1,bipartite,0,,0.7,0,,0.7,0,,0.7,1,fan-out,0.6,1,fan-out,0.8,1,stack,0.8,0,,0.7
amlc_00516,LI-Small,1,unknown,1.0,0.021453354296800384,0,bipartite,0.1332356,0,bipartite,0.07734448191410148,0,bipartite,1,fan-out,0.6,1,fan-out,0.8,1,fan-out,0.8,1,gather-scatter,0.6,1,fan-out,0.8,1,fan-out,0.8,1,fan-out,0.8
amlc_00517,LI-Small,0,legit,1100.3590361445783,3.516924534545716e-05,0,bipartite,1.60202e-05,0,bipartite,2.5594723409738944e-05,0,bipartite,1,fan-out,0.6,1,fan-out,0.6,1,fan-out,0.8,1,gather-scatter,0.6,1,fan-out,0.8,0,,0.7,0,,0.5
amlc_00518,LI-Small,1,unknown,1.0,0.0194992062251207,0,bipartite,0.020691663,0,bipartite,0.02009543518475874,0,bipartite,1,gather-scatter,0.6,1,fan-out,0.8,1,gather-scatter,0.6,1,gather-scatter,0.6,1,gather-scatter,0.8,1,gather-scatter,0.8,1,gather-scatter,0.8
amlc_00519,LI-Small,0,legit,1.0,0.7050324945363169,1,bipartite,0.6017841,1,bipartite,0.6534083082632604,1,bipartite,1,fan-out,0.6,1,bipartite,0.8,0,,0.7,1,cycle,0.8,0,,0.7,1,bipartite,0.8,0,,0.7
amlc_00520,LI-Small,1,unknown,1.0,0.0003962982821294767,0,bipartite,0.004785328,0,bipartite,0.002590813320270633,0,bipartite,1,fan-out,0.6,1,fan-out,0.8,1,fan-out,0.8,1,gather-scatter,0.6,1,fan-out,0.8,1,fan-out,0.8,0,,0.5
amlc_00521,LI-Small,1,unknown,1.0,0.03068800111703287,0,bipartite,0.037603505,0,bipartite,0.03414575191881364,0,bipartite,1,fan-out,0.8,1,scatter-gather,0.6,1,gather-scatter,0.8,1,gather-scatter,0.6,1,stack,0.8,1,stack,0.8,1,stack,0.8
amlc_00522,LI-Small,0,legit,1103.0169082125603,0.0007434647488319582,0,fan-in,0.0014549618,0,fan-in,0.0010992133619685325,0,fan-in,1,fan-out,0.6,1,fan-out,0.8,1,random,0.8,1,gather-scatter,0.6,1,fan-in,0.8,1,scatter-gather,0.8,1,fan-in,0.8
amlc_00523,LI-Small,1,unknown,1.0,0.0009174797063351769,0,fan-out,0.009718026,0,fan-out,0.005317752870434577,0,fan-out,0,,0.5,0,,0.5,1,fan-out,0.8,1,scatter-gather,0.8,1,fan-out,0.8,0,,0.7,0,,0.5
amlc_00524,LI-Small,0,legit,1103.0169082125603,0.00478939777222621,0,bipartite,0.017878288,0,bipartite,0.011333843460218845,0,bipartite,1,gather-scatter,0.6,1,fan-in,0.6,1,gather-scatter,0.8,1,gather-scatter,0.6,1,fan-in,0.8,1,gather-scatter,0.8,1,gather-scatter,0.8
amlc_00525,LI-Small,0,legit,1.0,0.44400353162455347,0,bipartite,0.36457622,0,bipartite,0.4042898701080073,0,bipartite,1,bipartite,0.8,0,,0.7,0,,0.7,1,stack,0.8,1,bipartite,0.8,1,bipartite,0.8,0,,0.7
amlc_00526,LI-Small,0,legit,1136.4420289855072,3.516924534545716e-05,0,bipartite,3.056287e-05,0,bipartite,3.286605797140379e-05,0,bipartite,1,cycle,0.8,1,gather-scatter,0.6,1,fan-out,0.8,1,random,0.8,1,fan-out,0.8,1,fan-out,0.8,1,gather-scatter,0.8
amlc_00527,LI-Small,0,legit,1103.0169082125603,0.001378207780653863,0,bipartite,0.005792723,0,bipartite,0.003585465688374951,0,bipartite,1,fan-out,0.6,0,,0.7,0,,0.7,1,gather-scatter,0.6,0,,0.7,0,,0.7,0,,0.7
amlc_00528,LI-Small,0,legit,1100.3590361445783,5.370013239151874e-05,0,fan-in,6.822059e-05,0,fan-out,6.0960360123129e-05,0,fan-out,1,fan-out,0.6,1,fan-out,0.8,1,gather-scatter,0.6,1,gather-scatter,0.6,1,gather-scatter,0.8,1,gather-scatter,0.8,1,gather-scatter,0.8
amlc_00529,LI-Small,1,unknown,1.0,0.0018068045303750824,0,fan-in,0.013939118,0,fan-in,0.007872961457845013,0,fan-in,1,fan-out,0.6,1,fan-out,0.6,1,gather-scatter,0.8,1,gather-scatter,0.8,1,gather-scatter,0.8,1,gather-scatter,0.8,1,gather-scatter,0.8
amlc_00530,LI-Small,0,legit,1136.4420289855072,0.00020562028639100612,0,bipartite,0.00029962225,0,stack,0.0002526212693708396,0,stack,1,fan-out,0.6,1,fan-out,0.6,0,,0.7,1,gather-scatter,0.6,1,gather-scatter,0.8,1,random,0.8,1,fan-out,0.8
amlc_00531,LI-Small,0,legit,1136.4420289855072,3.557337617246665e-05,0,bipartite,3.099615e-05,0,bipartite,3.3284762840083557e-05,0,bipartite,1,gather-scatter,0.6,1,gather-scatter,0.8,1,gather-scatter,0.6,1,gather-scatter,0.8,1,gather-scatter,0.8,1,gather-scatter,0.8,1,gather-scatter,0.8
amlc_00532,LI-Small,1,unknown,1.0,0.003976496542952554,0,gather-scatter,0.031580687,0,gather-scatter,0.017778590811025154,0,gather-scatter,1,fan-out,0.6,1,fan-out,0.8,1,fan-out,0.8,1,scatter-gather,0.8,1,fan-out,0.8,0,,0.7,0,,0.5
amlc_00533,LI-Small,0,legit,1136.4420289855072,0.00011439237113617003,0,bipartite,5.614189e-05,0,bipartite,8.526713090445201e-05,0,bipartite,1,fan-out,0.6,1,fan-out,0.6,1,gather-scatter,0.8,1,gather-scatter,0.8,1,gather-scatter,0.8,1,gather-scatter,0.8,1,gather-scatter,0.8
amlc_00534,LI-Small,0,legit,1103.0169082125603,3.526862127697342e-05,0,bipartite,4.8035898e-05,0,stack,4.165225945583202e-05,0,stack,1,fan-out,0.6,1,fan-out,0.6,1,scatter-gather,0.6,1,gather-scatter,0.8,1,fan-out,0.8,1,scatter-gather,0.8,0,,0.5
amlc_00535,LI-Small,0,legit,1103.0169082125603,0.011661060471075188,0,fan-in,0.040166754,0,fan-in,0.025913908118375843,0,fan-in,1,fan-out,0.6,1,fan-out,0.8,1,fan-out,0.8,1,gather-scatter,0.6,1,fan-out,0.8,1,fan-out,0.8,1,fan-out,0.8
amlc_00536,LI-Small,0,legit,1103.0169082125603,3.557337617246665e-05,0,bipartite,2.5388668e-05,0,bipartite,3.048102223186869e-05,0,bipartite,1,fan-out,0.6,1,fan-out,0.6,1,fan-out,0.6,1,gather-scatter,0.8,1,fan-out,0.8,1,gather-scatter,0.8,0,,0.5
amlc_00537,LI-Small,0,legit,1136.4420289855072,3.625841616745409e-05,0,bipartite,3.4413923e-05,0,bipartite,3.533616899442544e-05,0,bipartite,1,fan-out,0.6,1,fan-out,0.6,1,fan-out,0.6,1,gather-scatter,0.6,1,fan-out,0.8,1,fan-out,0.8,0,,0.5
amlc_00538,LI-Small,0,legit,1.0,0.3602599663093173,0,random,0.28324914,0,fan-out,0.3217545560277742,0,fan-out,1,fan-out,0.6,1,gather-scatter,0.6,1,fan-out,0.8,1,random,0.8,1,gather-scatter,0.8,1,gather-scatter,0.8,1,fan-out,0.8
amlc_00539,LI-Small,0,legit,1103.0169082125603,3.557337617246665e-05,0,bipartite,2.4563578e-05,0,stack,3.0068476708437076e-05,0,stack,1,fan-out,0.8,1,fan-out,0.6,1,gather-scatter,0.8,1,gather-scatter,0.6,1,fan-out,0.8,1,fan-out,0.8,1,gather-scatter,0.8
amlc_00540,LI-Small,0,legit,1103.0169082125603,0.0007351790115421133,0,gather-scatter,0.008457489,0,gather-scatter,0.00459633434788312,0,gather-scatter,0,,0.5,0,,0.5,1,fan-out,0.8,1,gather-scatter,0.6,1,fan-out,0.8,1,gather-scatter,0.8,0,,0.5
amlc_00541,LI-Small,0,legit,1100.3590361445783,3.516924534545716e-05,0,bipartite,2.284542e-05,0,bipartite,2.900733297676066e-05,0,bipartite,1,fan-out,0.6,1,fan-out,0.6,1,fan-out,0.8,1,gather-scatter,0.8,1,fan-out,0.8,1,gather-scatter,0.8,1,fan-out,0.8
amlc_00542,LI-Small,0,legit,1103.0169082125603,0.010090601686432074,0,bipartite,0.0044672037,0,bipartite,0.007278902810088849,0,bipartite,1,fan-out,0.6,1,gather-scatter,0.6,1,fan-out,0.6,1,gather-scatter,0.6,1,scatter-gather,0.8,1,fan-out,0.8,1,gather-scatter,0.8
amlc_00543,LI-Small,0,legit,1100.3590361445783,0.00021519442151917114,0,bipartite,0.00017941954,0,bipartite,0.00019730697271955184,0,bipartite,1,fan-out,0.6,1,scatter-gather,0.6,1,fan-out,0.6,1,gather-scatter,0.6,1,gather-scatter,0.8,1,gather-scatter,0.8,1,gather-scatter,0.8
amlc_00544,LI-Small,0,legit,1136.4420289855072,0.0015409408714967443,0,bipartite,0.0008331137,0,bipartite,0.0011870272455443925,0,bipartite,1,fan-out,0.6,1,fan-out,0.6,1,fan-out,0.8,1,gather-scatter,0.6,1,fan-out,0.8,0,,0.7,0,,0.5
amlc_00545,LI-Small,0,legit,1100.3590361445783,3.516924534545716e-05,0,bipartite,2.6901918e-05,0,bipartite,3.103558201357242e-05,0,bipartite,1,fan-out,0.6,1,fan-out,0.6,1,fan-out,0.8,1,gather-scatter,0.6,1,fan-out,0.8,1,gather-scatter,0.8,1,fan-out,0.8
amlc_00546,LI-Small,0,legit,1136.4420289855072,0.004405445296071658,0,bipartite,0.007723796,0,bipartite,0.006064621064689105,0,bipartite,1,gather-scatter,0.6,1,fan-out,0.6,1,scatter-gather,0.6,1,gather-scatter,0.6,1,gather-scatter,0.8,1,gather-scatter,0.8,1,gather-scatter,0.8
amlc_00547,LI-Small,0,legit,1136.4420289855072,0.0006507107644917653,0,bipartite,0.007607994,0,fan-out,0.004129352589678868,0,fan-out,1,fan-out,0.6,1,fan-out,0.6,1,gather-scatter,0.8,1,random,0.8,1,fan-out,0.8,0,,0.7,0,,0.5
amlc_00548,LI-Small,1,unknown,1.0,0.00565418053051554,0,bipartite,0.009112081,0,bipartite,0.007383130218862111,0,bipartite,1,bipartite,0.8,1,fan-in,0.6,1,fan-in,0.6,1,gather-scatter,0.6,1,fan-in,0.8,1,fan-in,0.8,1,fan-in,0.8
amlc_00549,LI-Small,0,legit,1103.0169082125603,0.0004693355960380308,0,scatter-gather,0.0012372542,0,fan-out,0.0008532949124732996,0,fan-out,1,fan-out,0.6,1,stack,0.8,1,fan-out,0.6,1,gather-scatter,0.6,1,fan-out,0.8,0,,0.7,0,,0.5
amlc_00550,LI-Small,0,legit,1136.4420289855072,3.557337617246665e-05,0,bipartite,2.9517518e-05,0,bipartite,3.254544605664559e-05,0,bipartite,1,fan-out,0.6,1,fan-out,0.6,1,fan-out,0.8,1,gather-scatter,0.6,1,scatter-gather,0.8,1,scatter-gather,0.8,1,fan-out,0.8
amlc_00551,LI-Small,0,legit,1103.0169082125603,0.006563292722364357,0,bipartite,0.0036318195,0,bipartite,0.005097555997389104,0,bipartite,0,,0.7,0,,0.7,0,,0.7,1,gather-scatter,0.6,1,stack,0.8,1,gather-scatter,0.8,0,,0.7
amlc_00552,LI-Small,1,bipartite,1.0,0.3548912421315017,0,bipartite,0.13402757,0,bipartite,0.24445940183843687,0,bipartite,1,fan-out,0.6,1,fan-out,0.6,1,fan-out,0.6,1,gather-scatter,0.6,1,fan-out,0.8,1,fan-out,0.8,0,,0.5
amlc_00553,LI-Small,1,bipartite,1.0,0.010318386175401099,0,bipartite,0.021984639,0,bipartite,0.016151511852029506,0,bipartite,1,fan-out,0.6,1,fan-out,0.8,1,gather-scatter,0.8,1,gather-scatter,0.6,1,gather-scatter,0.8,1,gather-scatter,0.8,1,gather-scatter,0.8
amlc_00554,LI-Small,1,bipartite,1.0,0.024601565799176307,0,bipartite,0.025025915,0,bipartite,0.024813740949362322,0,bipartite,1,gather-scatter,0.6,1,gather-scatter,0.6,1,fan-out,0.8,1,random,0.8,1,fan-out,0.8,1,gather-scatter,0.8,1,gather-scatter,0.8
amlc_00555,LI-Small,1,bipartite,1.0,0.8807921162219479,1,bipartite,0.9810011,1,bipartite,0.9308965976522184,1,bipartite,1,scatter-gather,0.6,1,fan-out,0.6,1,scatter-gather,0.8,1,gather-scatter,0.6,1,gather-scatter,0.8,1,gather-scatter,0.8,1,gather-scatter,0.8
amlc_00556,LI-Small,1,bipartite,1.0,0.910571583875015,1,bipartite,0.95981425,1,bipartite,0.9351929112116469,1,bipartite,1,gather-scatter,0.6,1,fan-out,0.6,0,,0.7,1,gather-scatter,0.6,1,gather-scatter,0.8,1,gather-scatter,0.8,1,gather-scatter,0.8
amlc_00557,LI-Small,1,bipartite,1.0,0.9619090755704764,1,bipartite,0.9907958,1,bipartite,0.9763524512412014,1,bipartite,1,fan-out,0.6,1,gather-scatter,0.6,1,gather-scatter,0.8,1,gather-scatter,0.8,1,fan-out,0.8,1,fan-out,0.8,1,gather-scatter,0.8
amlc_00558,LI-Small,1,bipartite,1.0,0.8261845828023237,1,bipartite,0.9678882,1,bipartite,0.8970363438589712,1,bipartite,1,fan-out,0.6,1,fan-out,0.8,1,fan-out,0.6,1,gather-scatter,0.6,1,fan-out,0.8,1,fan-out,0.8,1,fan-out,0.8
amlc_00559,LI-Small,1,bipartite,1.0,0.8846500125748896,1,bipartite,0.9805935,1,bipartite,0.9326217694691312,1,bipartite,1,fan-out,0.8,1,gather-scatter,0.6,1,fan-out,0.6,1,gather-scatter,0.8,1,gather-scatter,0.8,1,gather-scatter,0.8,1,gather-scatter,0.8
amlc_00560,LI-Small,1,bipartite,1.0,0.7925078915744954,1,bipartite,0.9233097,1,bipartite,0.8579088294103709,1,bipartite,1,fan-out,0.8,1,fan-out,0.6,1,gather-scatter,0.8,1,gather-scatter,0.8,1,fan-out,0.8,0,,0.7,0,,0.5
amlc_00561,LI-Small,1,bipartite,1.0,0.06582062582214507,0,bipartite,0.05572138,0,bipartite,0.060771000584164424,0,bipartite,1,fan-in,0.6,1,gather-scatter,0.6,1,fan-in,0.6,1,gather-scatter,0.6,1,gather-scatter,0.8,1,gather-scatter,0.8,1,gather-scatter,0.8
amlc_00562,LI-Small,0,legit,1103.0169082125603,0.0006846100724469742,0,bipartite,0.0010831192,0,bipartite,0.0008838646546555619,0,bipartite,1,fan-in,0.6,1,fan-in,0.6,0,,0.7,1,gather-scatter,0.8,1,fan-in,0.8,1,fan-in,0.8,0,,0.7
amlc_00563,LI-Small,0,legit,1136.4420289855072,3.557337617246665e-05,0,bipartite,4.7395744e-05,0,bipartite,4.1484559888375216e-05,0,bipartite,1,fan-out,0.6,1,fan-out,0.6,1,fan-out,0.8,1,gather-scatter,0.6,1,fan-out,0.8,1,fan-out,0.8,0,,0.5
amlc_00564,LI-Small,0,legit,1.0,0.4294490070271347,0,stack,0.6484925,1,stack,0.5389707670175957,1,stack,1,fan-out,0.6,1,fan-out,0.6,1,gather-scatter,0.6,1,gather-scatter,0.8,1,fan-out,0.8,0,,0.7,1,fan-out,0.8
amlc_00565,LI-Small,0,legit,1.0,0.8621380356918508,1,bipartite,0.82877797,1,bipartite,0.8454580082481471,1,bipartite,0,,0.7,0,,0.7,1,scatter-gather,0.6,1,gather-scatter,0.6,0,,0.7,1,scatter-gather,0.8,1,scatter-gather,0.8
amlc_00566,LI-Small,0,legit,1103.0169082125603,0.0007766711706390008,0,bipartite,0.0007179497,0,bipartite,0.0007473104316322766,0,bipartite,1,fan-out,0.8,1,fan-out,0.6,1,fan-out,0.8,1,gather-scatter,0.6,1,fan-out,0.8,1,fan-out,0.8,0,,0.5
amlc_00567,LI-Small,0,legit,1100.3590361445783,3.516924534545716e-05,0,bipartite,1.2814111e-05,0,bipartite,2.3991678243618076e-05,0,bipartite,1,fan-out,0.6,1,fan-out,0.6,1,fan-out,0.8,1,scatter-gather,0.8,1,fan-out,0.8,1,gather-scatter,0.8,1,gather-scatter,0.8
amlc_00568,LI-Small,0,legit,1103.0169082125603,0.00011439237113617003,0,bipartite,6.5528744e-05,0,bipartite,8.996055939546142e-05,0,bipartite,1,fan-out,0.6,1,fan-out,0.6,1,fan-out,0.8,1,gather-scatter,0.6,1,fan-out,0.8,1,fan-out,0.8,1,fan-out,0.8
amlc_00569,LI-Small,0,legit,1.0,0.7877945086860914,1,bipartite,0.7605822,1,bipartite,0.7741883765411506,1,bipartite,0,,0.7,0,,0.7,0,,0.7,0,,0.7,0,,0.7,1,fan-in,0.8,0,,0.7
amlc_00570,LI-Small,0,legit,1103.0169082125603,0.011174797799750696,0,fan-out,0.024195343,0,fan-out,0.017685070062212413,0,fan-out,0,,0.5,0,,0.5,1,fan-out,0.8,1,bipartite,0.8,1,fan-out,0.8,1,fan-out,0.8,0,,0.5
amlc_00571,LI-Small,0,legit,1136.4420289855072,3.557337617246665e-05,0,bipartite,4.3695585e-05,0,bipartite,3.96344814093376e-05,0,bipartite,1,fan-out,0.8,1,gather-scatter,0.6,1,fan-out,0.8,1,gather-scatter,0.6,1,gather-scatter,0.8,1,gather-scatter,0.8,1,fan-out,0.8
amlc_00572,LI-Small,1,unknown,1.0,0.011399606515236515,0,bipartite,0.022339568,0,bipartite,0.016869587401185344,0,bipartite,1,fan-out,0.6,1,fan-out,0.8,1,fan-out,0.8,1,gather-scatter,0.8,1,fan-out,0.8,1,gather-scatter,0.8,1,fan-out,0.8
amlc_00573,LI-Small,0,legit,1100.3590361445783,0.000301734195914079,0,stack,7.81564e-05,0,stack,0.00018994530005564752,0,stack,1,gather-scatter,0.6,1,fan-out,0.8,1,fan-in,0.8,1,gather-scatter,0.6,1,gather-scatter,0.8,1,gather-scatter,0.8,1,gather-scatter,0.8
amlc_00574,LI-Small,1,unknown,1.0,0.0014110380695382667,0,gather-scatter,0.0100240465,0,gather-scatter,0.0057175422974487106,0,gather-scatter,1,fan-out,0.8,1,fan-out,0.8,1,fan-out,0.8,1,gather-scatter,0.8,1,fan-out,0.8,0,,0.7,0,,0.5
amlc_00575,LI-Small,0,legit,1.0,0.5360374607390355,1,stack,0.24990907,0,stack,0.3929732594761347,0,stack,1,gather-scatter,0.6,0,,0.7,1,random,0.8,1,gather-scatter,0.8,1,gather-scatter,0.8,1,gather-scatter,0.8,1,gather-scatter,0.8
amlc_00576,LI-Small,0,legit,1100.3590361445783,3.557337617246665e-05,0,bipartite,6.1314706e-05,0,bipartite,4.844403990358696e-05,0,bipartite,1,fan-out,0.6,1,fan-out,0.8,1,fan-out,0.6,1,gather-scatter,0.8,1,gather-scatter,0.8,1,gather-scatter,0.8,1,gather-scatter,0.8
amlc_00577,LI-Small,0,legit,1103.0169082125603,0.0014108286586411143,0,bipartite,0.00094729103,0,bipartite,0.0011790598334189427,0,bipartite,1,fan-out,0.6,1,fan-out,0.6,1,fan-out,0.8,1,gather-scatter,0.8,1,fan-out,0.8,1,fan-out,0.8,1,gather-scatter,0.8
amlc_00578,LI-Small,0,legit,1100.3590361445783,3.516924534545716e-05,0,bipartite,2.2553973e-05,0,bipartite,2.8861609370068037e-05,0,bipartite,1,fan-out,0.8,1,gather-scatter,0.6,1,gather-scatter,0.6,1,gather-scatter,0.6,1,gather-scatter,0.8,1,gather-scatter,0.8,1,gather-scatter,0.8
amlc_00579,LI-Small,0,legit,1100.3590361445783,3.557337617246665e-05,0,bipartite,4.189859e-05,0,bipartite,3.873598468129639e-05,0,bipartite,1,fan-out,0.8,1,fan-out,0.8,1,gather-scatter,0.8,1,gather-scatter,0.6,1,gather-scatter,0.8,1,stack,0.8,1,gather-scatter,0.8
amlc_00580,LI-Small,0,legit,1.0,0.6963191288518286,1,bipartite,0.3766387,0,bipartite,0.5364789196753191,1,bipartite,1,fan-out,0.6,1,fan-out,0.8,1,fan-out,0.8,1,gather-scatter,0.6,1,fan-out,0.8,1,gather-scatter,0.8,0,,0.5
amlc_00581,LI-Small,1,unknown,1.0,0.020300269345868375,0,fan-in,0.020128418,0,fan-in,0.020214343366736543,0,fan-in,1,fan-in,0.6,1,fan-in,0.6,1,fan-in,0.6,1,gather-scatter,0.6,1,fan-in,0.8,1,fan-in,0.8,1,fan-in,0.8
amlc_00582,LI-Small,0,legit,1.0,0.7789061039233576,1,bipartite,0.387928,0,bipartite,0.5834170654189771,1,bipartite,0,,0.7,0,cycle,0.7,0,,0.7,0,,0.7,1,stack,0.8,1,stack,0.8,0,,0.7
amlc_00583,LI-Small,0,legit,1100.3590361445783,3.516924534545716e-05,0,bipartite,2.0157968e-05,0,bipartite,2.766360603229128e-05,0,bipartite,1,fan-out,0.6,1,fan-out,0.6,1,random,0.8,1,gather-scatter,0.8,1,fan-out,0.8,1,fan-out,0.8,1,gather-scatter,0.8
amlc_00584,LI-Small,0,legit,1100.3590361445783,3.557337617246665e-05,0,bipartite,3.76568e-05,0,bipartite,3.6615086328709725e-05,0,bipartite,1,fan-out,0.6,1,fan-out,0.6,1,fan-out,0.6,1,gather-scatter,0.8,1,fan-out,0.8,1,gather-scatter,0.8,0,,0.5
amlc_00585,LI-Small,1,unknown,1.0,0.018661598077498294,0,bipartite,0.02265043,0,bipartite,0.020656013376306702,0,bipartite,1,fan-out,0.6,1,fan-out,0.6,1,scatter-gather,0.8,1,gather-scatter,0.8,1,gather-scatter,0.8,1,gather-scatter,0.8,1,scatter-gather,0.8
amlc_00586,LI-Small,0,legit,1100.3590361445783,3.526862127697342e-05,0,bipartite,2.8121745e-05,0,stack,3.1695183310903445e-05,0,stack,1,gather-scatter,0.8,1,gather-scatter,0.6,1,random,0.8,1,gather-scatter,0.8,1,gather-scatter,0.8,1,gather-scatter,0.8,1,gather-scatter,0.8
amlc_00587,LI-Small,0,legit,1103.0169082125603,0.0016589669595645374,0,bipartite,0.014171043,0,bipartite,0.007915005092098639,0,bipartite,0,,0.5,0,,0.5,1,fan-out,0.8,1,gather-scatter,0.8,1,fan-out,0.8,0,,0.7,0,,0.5
amlc_00588,LI-Small,0,legit,1103.0169082125603,0.0029489000632425145,0,fan-out,0.066516325,0,fan-out,0.03473261060784558,0,fan-out,1,fan-out,0.6,1,fan-out,0.6,1,scatter-gather,0.8,1,gather-scatter,0.6,1,fan-out,0.8,1,fan-out,0.8,0,,0.5
amlc_00589,LI-Small,1,unknown,1.0,0.013896656858167863,0,stack,0.0072710924,0,fan-out,0.010583874714743006,0,fan-out,1,fan-out,0.8,1,scatter-gather,0.6,1,fan-in,0.8,1,gather-scatter,0.6,1,scatter-gather,0.8,1,gather-scatter,0.8,1,gather-scatter,0.8
amlc_00590,LI-Small,0,legit,1.0,0.3478456169636223,0,bipartite,0.4517265,0,bipartite,0.39978604467069967,0,bipartite,1,fan-out,0.6,1,gather-scatter,0.6,1,random,0.8,1,gather-scatter,0.6,1,gather-scatter,0.8,1,scatter-gather,0.8,1,gather-scatter,0.8
amlc_00591,LI-Small,0,legit,1103.0169082125603,0.00011439237113617003,0,bipartite,6.1667604e-05,0,bipartite,8.802998881632749e-05,0,bipartite,1,fan-out,0.6,1,gather-scatter,0.6,1,fan-out,0.8,1,gather-scatter,0.6,1,fan-out,0.8,1,fan-out,0.8,1,fan-out,0.8
amlc_00592,LI-Small,0,legit,1.0,0.3222803873161856,0,scatter-gather,0.29435673,0,fan-out,0.30831855745814163,0,fan-out,1,fan-out,0.8,1,scatter-gather,0.6,1,scatter-gather,0.6,1,gather-scatter,0.8,1,fan-out,0.8,1,gather-scatter,0.8,1,fan-out,0.8
amlc_00593,LI-Small,0,legit,1136.4420289855072,3.557337617246665e-05,0,bipartite,5.344873e-05,0,stack,4.4511052665655726e-05,0,stack,1,fan-out,0.8,1,fan-out,0.8,1,fan-out,0.6,1,gather-scatter,0.8,1,gather-scatter,0.8,1,gather-scatter,0.8,1,gather-scatter,0.8
amlc_00594,LI-Small,0,legit,1103.0169082125603,0.0012723820891052812,0,bipartite,0.0008647038,0,bipartite,0.001068542933874221,0,bipartite,0,,0.7,1,random,0.8,0,,0.7,1,gather-scatter,0.6,1,fan-in,0.8,1,fan-in,0.8,1,fan-in,0.8
amlc_00595,LI-Small,0,legit,1103.0169082125603,0.00021301025783719945,0,stack,0.0002232833,0,stack,0.00021814678226636015,0,stack,1,fan-out,0.6,1,gather-scatter,0.6,1,scatter-gather,0.8,1,random,0.8,1,gather-scatter,0.8,1,gather-scatter,0.8,1,gather-scatter,0.8
amlc_00596,LI-Small,0,legit,1.0,3.5626204102236333e-05,0,bipartite,2.6803687e-05,0,bipartite,3.121494631338004e-05,0,bipartite,1,scatter-gather,0.8,1,fan-out,0.6,1,fan-out,0.8,1,gather-scatter,0.6,1,fan-out,0.8,1,gather-scatter,0.8,1,fan-out,0.8
amlc_00597,LI-Small,0,legit,1.0,3.5626204102236333e-05,0,bipartite,2.6756004e-05,0,bipartite,3.119110336407624e-05,0,bipartite,1,fan-out,0.8,1,fan-out,0.8,1,fan-out,0.8,1,gather-scatter,0.8,1,fan-out,0.8,1,gather-scatter,0.8,1,gather-scatter,0.8
amlc_00598,LI-Small,1,unknown,1.0,0.0005467265019484739,0,gather-scatter,0.005026076,0,gather-scatter,0.0027864011756290187,0,gather-scatter,1,fan-out,0.6,1,fan-out,0.8,1,fan-out,0.6,1,gather-scatter,0.8,1,fan-out,0.8,0,,0.7,0,,0.5
amlc_00599,LI-Small,0,legit,1103.0169082125603,0.010774725810650577,0,bipartite,0.017261688,0,bipartite,0.01401820794913351,0,bipartite,1,fan-in,0.8,1,fan-in,0.6,1,fan-in,0.8,1,,0.6,1,fan-in,0.8,1,fan-in,0.8,1,fan-in,0.8
amlc_00600,LI-Small,0,legit,1.0,0.2113499506232514,0,bipartite,0.036048137,0,bipartite,0.12369904345111918,0,bipartite,1,bipartite,0.8,1,bipartite,0.8,0,,0.7,1,gather-scatter,0.6,1,bipartite,0.8,1,bipartite,0.8,0,,0.7
amlc_00601,LI-Small,0,legit,1103.0169082125603,0.0010092479006127576,0,bipartite,0.0004966747,0,bipartite,0.0007529612894505789,0,bipartite,0,,0.7,0,,0.7,0,,0.7,0,,0.7,0,,0.7,0,,0.7,0,,0.7
amlc_00602,LI-Small,0,legit,1136.4420289855072,3.526862127697342e-05,0,bipartite,2.5272297e-05,0,stack,3.0270459678677213e-05,0,stack,1,fan-in,0.6,1,fan-in,0.6,1,fan-in,0.6,1,gather-scatter,0.8,1,fan-in,0.8,1,fan-in,0.8,1,fan-in,0.8
amlc_00603,LI-Small,0,legit,1103.0169082125603,0.0018490077723024856,0,bipartite,0.0005500556,0,bipartite,0.001199531684639979,0,bipartite,1,fan-out,0.6,1,fan-out,0.6,0,,0.7,1,fan-out,0.8,1,gather-scatter,0.8,0,,0.7,1,fan-out,0.8
amlc_00604,LI-Small,1,unknown,1.0,0.01099461003999601,0,bipartite,0.024538994,0,fan-out,0.017766802310251645,0,fan-out,0,,0.5,0,,0.5,1,gather-scatter,0.8,1,gather-scatter,0.6,1,fan-out,0.8,1,fan-out,0.8,0,,0.5
amlc_00605,LI-Small,0,legit,1136.4420289855072,3.516924534545716e-05,0,bipartite,2.9218481e-05,0,bipartite,3.2193864625440765e-05,0,bipartite,1,fan-out,0.6,1,gather-scatter,0.6,0,,0.7,1,gather-scatter,0.6,1,fan-out,0.8,1,gather-scatter,0.8,1,gather-scatter,0.8
amlc_00606,LI-Small,0,legit,1136.4420289855072,3.557337617246665e-05,0,bipartite,3.5157296e-05,0,bipartite,3.5365335470886196e-05,0,bipartite,1,fan-out,0.6,1,gather-scatter,0.6,1,fan-out,0.8,1,random,0.8,1,fan-out,0.8,1,fan-out,0.8,1,gather-scatter,0.8
amlc_00607,LI-Small,0,legit,1136.4420289855072,3.557337617246665e-05,0,bipartite,2.745667e-05,0,bipartite,3.151502384793129e-05,0,bipartite,1,fan-out,0.6,1,fan-out,0.6,1,fan-out,0.8,1,gather-scatter,0.6,1,scatter-gather,0.8,1,stack,0.8,1,gather-scatter,0.8
amlc_00608,LI-Small,0,legit,1136.4420289855072,3.516924534545716e-05,0,bipartite,2.0999089e-05,0,bipartite,2.8084167478226444e-05,0,bipartite,1,fan-out,0.8,1,fan-out,0.8,1,gather-scatter,0.8,1,gather-scatter,0.8,1,gather-scatter,0.8,1,gather-scatter,0.8,1,fan-out,0.8
amlc_00609,LI-Small,0,legit,1103.0169082125603,0.0022463067132897294,0,bipartite,0.00082815194,0,bipartite,0.001537229344291221,0,bipartite,1,fan-out,0.8,1,fan-out,0.8,1,random,0.8,1,random,0.8,1,scatter-gather,0.8,1,gather-scatter,0.8,1,gather-scatter,0.8
amlc_00610,LI-Small,0,legit,1103.0169082125603,0.0013916234258201329,0,gather-scatter,0.011768898,0,gather-scatter,0.006580261083115468,0,gather-scatter,1,fan-out,0.6,1,fan-out,0.6,1,scatter-gather,0.8,1,gather-scatter,0.6,1,fan-out,0.8,1,fan-out,0.8,0,,0.5
amlc_00611,LI-Small,0,legit,1103.0169082125603,3.557337617246665e-05,0,bipartite,2.0916288e-05,0,bipartite,2.8244832874805425e-05,0,bipartite,1,fan-out,0.6,1,fan-out,0.8,1,scatter-gather,0.6,1,gather-scatter,0.8,1,fan-out,0.8,1,gather-scatter,0.8,1,gather-scatter,0.8
amlc_00612,LI-Small,0,legit,1.0,0.9321088868022157,1,bipartite,0.8847536,1,bipartite,0.90843124179245,1,bipartite,1,fan-in,0.6,1,fan-in,0.6,1,fan-in,0.8,1,gather-scatter,0.6,1,fan-in,0.8,1,fan-in,0.8,1,fan-in,0.8
amlc_00613,LI-Small,0,legit,1103.0169082125603,0.0006630608054517118,0,bipartite,0.0011515266,0,bipartite,0.0009072937041840655,0,bipartite,1,random,0.8,0,,0.7,1,fan-in,0.8,1,gather-scatter,0.6,0,,0.7,1,fan-in,0.8,1,fan-in,0.8
amlc_00614,LI-Small,0,legit,1136.4420289855072,0.00010898866677530239,0,bipartite,5.3415955e-05,0,stack,8.120230996394129e-05,0,stack,1,fan-out,0.6,1,gather-scatter,0.6,1,scatter-gather,0.8,1,gather-scatter,0.8,1,gather-scatter,0.8,1,gather-scatter,0.8,1,gather-scatter,0.8
amlc_00615,LI-Small,0,legit,1100.3590361445783,3.557337617246665e-05,0,bipartite,6.699503e-05,0,bipartite,5.128420559270888e-05,0,bipartite,1,fan-out,0.6,1,fan-out,0.6,1,fan-out,0.8,1,gather-scatter,0.8,1,fan-out,0.8,1,gather-scatter,0.8,1,gather-scatter,0.8
amlc_00616,LI-Small,0,legit,1103.0169082125603,0.0010253672762497639,0,bipartite,0.00039017582,0,bipartite,0.0007077715613275456,0,bipartite,0,stack,0.7,0,,0.7,0,,0.7,0,,0.7,0,,0.7,0,,0.7,1,fan-in,0.8
amlc_00617,LI-Small,0,legit,1.0,0.6273520545860916,1,bipartite,0.5465617,1,bipartite,0.5869569041679694,1,bipartite,1,gather-scatter,0.6,1,stack,0.8,0,,0.7,1,gather-scatter,0.6,1,fan-in,0.8,1,gather-scatter,0.8,1,stack,0.8
amlc_00618,LI-Small,0,legit,1.0,0.9365489650491143,1,bipartite,0.8888942,1,bipartite,0.9127215767265987,1,bipartite,0,,0.7,1,random,0.8,0,,0.7,0,,0.7,1,stack,0.8,0,,0.7,0,,0.7
amlc_00619,LI-Small,0,legit,1100.3590361445783,3.557337617246665e-05,0,bipartite,4.898936e-05,0,bipartite,4.228136892419424e-05,0,bipartite,1,fan-out,0.6,1,gather-scatter,0.6,1,fan-out,0.8,1,gather-scatter,0.6,1,fan-out,0.8,1,scatter-gather,0.8,1,gather-scatter,0.8
amlc_00620,LI-Small,0,legit,1100.3590361445783,7.016202130158795e-05,0,bipartite,7.667176e-05,0,bipartite,7.34168911773683e-05,0,bipartite,1,fan-out,0.6,1,fan-out,0.6,1,fan-out,0.8,1,gather-scatter,0.8,1,fan-out,0.8,1,fan-out,0.8,0,,0.5
amlc_00621,LI-Small,0,legit,1100.3590361445783,3.557337617246665e-05,0,bipartite,3.6064106e-05,0,bipartite,3.58187411351886e-05,0,bipartite,1,fan-out,0.6,1,scatter-gather,0.6,1,fan-out,0.8,1,gather-scatter,0.8,1,gather-scatter,0.8,1,gather-scatter,0.8,1,gather-scatter,0.8
amlc_00622,LI-Small,0,legit,1100.3590361445783,3.516924534545716e-05,0,bipartite,3.4571396e-05,0,bipartite,3.487032072254675e-05,0,bipartite,1,fan-out,0.6,1,fan-out,0.6,1,fan-out,0.8,1,fan-out,0.8,1,fan-out,0.8,1,fan-out,0.8,1,fan-out,0.8
amlc_00623,LI-Small,0,legit,1100.3590361445783,3.516924534545716e-05,0,bipartite,2.4450139e-05,0,bipartite,2.9809692658744606e-05,0,bipartite,1,gather-scatter,0.6,1,gather-scatter,0.6,1,fan-out,0.6,1,gather-scatter,0.6,1,gather-scatter,0.8,1,gather-scatter,0.8,1,gather-scatter,0.8
amlc_00624,LI-Small,0,legit,1100.3590361445783,3.5626204102236333e-05,0,bipartite,4.725371e-05,0,bipartite,4.143995796036046e-05,0,bipartite,1,scatter-gather,0.6,1,scatter-gather,0.6,1,scatter-gather,0.6,1,gather-scatter,0.8,1,stack,0.8,1,gather-scatter,0.8,1,gather-scatter,0.8
amlc_00625,LI-Small,0,legit,1.0,0.6175129708233927,1,bipartite,0.21688807,0,bipartite,0.41720051897483346,0,bipartite,1,fan-out,0.6,1,fan-out,0.6,1,fan-out,0.8,1,gather-scatter,0.8,1,fan-out,0.8,1,gather-scatter,0.8,1,fan-out,0.8
amlc_00626,LI-Small,0,legit,1100.3590361445783,3.557337617246665e-05,0,bipartite,3.7841375e-05,0,bipartite,3.670737639407743e-05,0,bipartite,1,fan-out,0.6,1,fan-out,0.6,1,fan-out,0.8,1,gather-scatter,0.8,1,fan-out,0.8,1,gather-scatter,0.8,1,fan-out,0.8
amlc_00627,LI-Small,0,legit,1100.3590361445783,9.02343643746669e-05,0,fan-in,8.8114044e-05,0,stack,8.917420421081384e-05,0,fan-in,1,fan-out,0.8,1,fan-out,0.6,1,scatter-gather,0.8,1,gather-scatter,0.6,1,scatter-gather,0.8,1,gather-scatter,0.8,1,gather-scatter,0.8
amlc_00628,LI-Small,0,legit,1100.3590361445783,0.00011439237113617003,0,bipartite,5.148458e-05,0,bipartite,8.293847667713937e-05,0,bipartite,1,fan-out,0.6,1,scatter-gather,0.8,1,scatter-gather,0.6,1,scatter-gather,0.6,1,gather-scatter,0.8,0,,0.7,1,gather-scatter,0.8
amlc_00629,LI-Small,0,legit,1.0,0.5062352182486002,1,bipartite,0.49745885,1,bipartite,0.5018470139313909,1,bipartite,1,fan-in,0.8,1,fan-in,0.8,1,random,0.8,1,gather-scatter,0.8,1,fan-in,0.8,1,fan-in,0.8,1,fan-in,0.8
amlc_00630,LI-Small,0,legit,1103.0169082125603,0.00012690507300418236,0,bipartite,0.00034307028,0,bipartite,0.0002349876814113762,0,bipartite,0,,0.7,0,,0.7,0,,0.7,1,fan-out,0.8,1,stack,0.8,0,,0.7,0,,0.7
amlc_00631,LI-Small,0,legit,1103.0169082125603,0.000969391351474526,0,stack,0.00086531043,0,bipartite,0.0009173509259252262,0,stack,0,,0.7,0,cycle,0.7,1,gather-scatter,0.8,1,gather-scatter,0.6,1,gather-scatter,0.8,1,gather-scatter,0.8,1,gather-scatter,0.8
amlc_00632,LI-Small,0,legit,1103.0169082125603,0.001802237591233791,0,gather-scatter,0.01172029,0,gather-scatter,0.0067612639062538445,0,gather-scatter,1,fan-out,0.6,1,fan-out,0.8,1,fan-out,0.8,1,random,0.8,1,fan-out,0.8,0,,0.7,0,,0.5
amlc_00633,LI-Small,0,legit,1100.3590361445783,3.526862127697342e-05,0,bipartite,2.583845e-05,0,stack,3.055353608472629e-05,0,stack,1,fan-out,0.6,1,gather-scatter,0.6,1,fan-out,0.8,1,gather-scatter,0.8,1,fan-out,0.8,1,gather-scatter,0.8,1,gather-scatter,0.8
amlc_00634,LI-Small,0,legit,1136.4420289855072,3.557337617246665e-05,0,bipartite,3.8440863e-05,0,bipartite,3.7007118562940735e-05,0,bipartite,1,fan-out,0.8,1,fan-out,0.6,1,fan-out,0.8,1,gather-scatter,0.6,1,fan-out,0.8,1,gather-scatter,0.8,0,,0.5
amlc_00635,LI-Small,1,unknown,1.0,0.09817302664244086,0,bipartite,0.08088283,0,bipartite,0.08952793250542834,0,bipartite,1,random,0.8,1,scatter-gather,0.6,0,,0.7,1,gather-scatter,0.8,1,fan-in,0.8,1,scatter-gather,0.8,1,fan-in,0.8
amlc_00636,LI-Small,0,legit,1103.0169082125603,0.0010624268304978558,0,bipartite,0.00043001072,0,bipartite,0.0007462187718345349,0,bipartite,1,fan-out,0.8,1,scatter-gather,0.8,1,fan-out,0.6,1,gather-scatter,0.6,1,gather-scatter,0.8,1,gather-scatter,0.8,1,gather-scatter,0.8
amlc_00637,LI-Small,0,legit,1136.4420289855072,3.516924534545716e-05,0,bipartite,1.667713e-05,0,bipartite,2.5923186693688475e-05,0,bipartite,1,fan-out,0.8,1,fan-out,0.6,1,gather-scatter,0.8,1,gather-scatter,0.6,1,gather-scatter,0.8,1,gather-scatter,0.8,1,gather-scatter,0.8
amlc_00638,LI-Small,0,legit,1136.4420289855072,0.0007233170858240987,0,bipartite,0.00021441914,0,bipartite,0.00046886812089389765,0,bipartite,1,fan-in,0.6,1,fan-in,0.6,1,fan-in,0.6,1,fan-in,0.6,1,fan-in,0.8,1,fan-in,0.8,1,fan-in,0.8
amlc_00639,LI-Small,0,legit,1136.4420289855072,0.0006505504264343635,0,bipartite,0.0010853873,0,bipartite,0.0008679689031483657,0,bipartite,1,gather-scatter,0.6,0,,0.7,1,gather-scatter,0.6,1,gather-scatter,0.6,1,fan-in,0.8,1,gather-scatter,0.8,1,gather-scatter,0.8
amlc_00640,LI-Small,1,unknown,1.0,0.001196262033119233,0,fan-in,0.002842238,0,fan-in,0.0020192499865886726,0,fan-in,1,gather-scatter,0.6,1,gather-scatter,0.6,1,fan-in,0.8,1,gather-scatter,0.6,1,fan-in,0.8,1,gather-scatter,0.8,1,gather-scatter,0.8
amlc_00641,LI-Small,0,legit,1.0,0.8252729726355181,1,bipartite,0.57704324,1,bipartite,0.7011581099292092,1,bipartite,0,,0.7,0,,0.7,0,,0.7,1,cycle,0.8,1,stack,0.8,1,stack,0.8,0,,0.7
amlc_00642,LI-Small,0,legit,1100.3590361445783,3.516924534545716e-05,0,bipartite,1.5984611e-05,0,bipartite,2.5576928145454584e-05,0,bipartite,1,fan-out,0.6,1,fan-out,0.6,1,fan-out,0.8,1,gather-scatter,0.6,1,fan-out,0.8,1,fan-out,0.8,0,,0.5
amlc_00643,LI-Small,0,legit,1103.0169082125603,0.0007135331478949671,0,bipartite,0.0010051128,0,bipartite,0.0008593229908520374,0,bipartite,1,fan-in,0.6,1,fan-in,0.6,1,fan-in,0.6,1,gather-scatter,0.6,1,fan-in,0.8,1,fan-in,0.8,1,fan-in,0.8
amlc_00644,LI-Small,1,unknown,1.0,0.0029892012435193535,0,fan-in,0.016772464,0,fan-in,0.009880832301229023,0,fan-in,1,gather-scatter,0.6,1,fan-in,0.6,1,scatter-gather,0.8,1,gather-scatter,0.6,1,gather-scatter,0.8,1,gather-scatter,0.8,1,gather-scatter,0.8
amlc_00645,LI-Small,1,unknown,1.0,0.0025576266759407334,0,fan-in,0.020529317,0,fan-in,0.011543471893358817,0,fan-in,1,stack,0.8,1,cycle,0.8,1,gather-scatter,0.8,1,gather-scatter,0.6,1,gather-scatter,0.8,1,gather-scatter,0.8,1,gather-scatter,0.8
amlc_00646,LI-Small,0,legit,1100.3590361445783,3.557337617246665e-05,0,bipartite,5.130817e-05,0,bipartite,4.344077239733305e-05,0,bipartite,1,fan-out,0.8,1,fan-out,0.6,1,fan-out,0.6,1,scatter-gather,0.8,1,scatter-gather,0.8,1,gather-scatter,0.8,0,,0.5
amlc_00647,LI-Small,0,legit,1100.3590361445783,3.516924534545716e-05,0,bipartite,3.1580952e-05,0,bipartite,3.337509742661365e-05,0,bipartite,1,scatter-gather,0.8,1,fan-out,0.8,1,fan-out,0.8,1,gather-scatter,0.8,1,fan-out,0.8,1,gather-scatter,0.8,1,gather-scatter,0.8
amlc_00648,LI-Small,1,unknown,1.0,0.024746623107219944,0,fan-in,0.07801832,0,fan-in,0.05138247023941338,0,fan-in,1,gather-scatter,0.6,1,gather-scatter,0.6,1,fan-in,0.6,1,gather-scatter,0.6,1,fan-in,0.8,1,fan-in,0.8,1,gather-scatter,0.8
amlc_00649,LI-Small,0,legit,1103.0169082125603,0.0025510072834942395,0,fan-in,0.005015391,0,fan-in,0.003783199337132456,0,fan-in,1,fan-in,0.6,1,fan-in,0.6,1,fan-in,0.8,1,fan-in,0.6,1,fan-in,0.8,1,fan-in,0.8,1,fan-in,0.8
amlc_00650,LI-Small,0,legit,1100.3590361445783,0.000289193778080256,0,fan-in,4.9445407e-05,0,fan-out,0.0001693195929327492,0,fan-out,1,fan-out,0.8,1,fan-out,0.6,1,fan-out,0.6,1,gather-scatter,0.8,1,fan-out,0.8,1,gather-scatter,0.8,0,,0.5
amlc_00651,LI-Small,0,legit,1100.3590361445783,3.557337617246665e-05,0,bipartite,2.3432174e-05,0,bipartite,2.950277482381206e-05,0,bipartite,1,scatter-gather,0.6,1,fan-out,0.6,1,scatter-gather,0.8,1,random,0.8,1,scatter-gather,0.8,1,gather-scatter,0.8,1,gather-scatter,0.8
amlc_00652,LI-Small,0,legit,1136.4420289855072,3.516924534545716e-05,0,bipartite,2.157538e-05,0,bipartite,2.8372313225844264e-05,0,bipartite,1,fan-out,0.8,1,fan-out,0.6,1,fan-out,0.6,1,gather-scatter,0.8,1,fan-out,0.8,0,,0.7,0,,0.5
amlc_00653,LI-Small,0,legit,1103.0169082125603,3.557337617246665e-05,0,bipartite,2.5681284e-05,0,bipartite,3.062733046175562e-05,0,bipartite,1,fan-out,0.6,1,scatter-gather,0.8,1,random,0.8,1,gather-scatter,0.6,1,gather-scatter,0.8,1,gather-scatter,0.8,1,gather-scatter,0.8
amlc_00654,LI-Small,1,unknown,1.0,0.006413319037454336,0,gather-scatter,0.14259426,0,gather-scatter,0.07450378801728139,0,gather-scatter,1,fan-out,0.6,1,fan-out,0.8,1,fan-out,0.8,1,scatter-gather,0.6,1,fan-out,0.8,0,,0.7,0,,0.5
amlc_00655,LI-Small,1,unknown,1.0,0.007842267660615783,0,fan-in,0.034236554,0,fan-in,0.02103941160356896,0,fan-in,1,fan-out,0.8,1,fan-out,0.6,1,gather-scatter,0.8,1,gather-scatter,0.6,1,gather-scatter,0.8,1,random,0.8,1,gather-scatter,0.8
amlc_00656,LI-Small,0,legit,1103.0169082125603,0.0014834497273464643,0,bipartite,0.0014268754,0,bipartite,0.0014551626127461414,0,bipartite,1,fan-out,0.8,1,fan-out,0.6,1,fan-out,0.6,1,gather-scatter,0.6,1,gather-scatter,0.8,1,stack,0.8,1,gather-scatter,0.8
amlc_00657,LI-Small,0,legit,1103.0169082125603,0.0015839146468344864,0,gather-scatter,0.01479972,0,gather-scatter,0.008191817394435582,0,gather-scatter,0,,0.5,0,,0.5,1,random,0.8,1,gather-scatter,0.8,1,fan-out,0.8,1,gather-scatter,0.8,0,,0.5
amlc_00658,LI-Small,0,legit,1.0,0.3919415492682256,0,fan-in,0.6010431,1,fan-in,0.4964923152758975,1,fan-in,1,fan-in,0.6,1,fan-in,0.6,1,fan-in,0.6,1,,0.6,1,fan-in,0.8,1,fan-in,0.8,1,fan-in,0.8
amlc_00659,LI-Small,0,legit,1.0,0.6235132133822036,1,fan-in,0.17605248,0,fan-in,0.3997828501393592,0,fan-in,1,fan-in,0.6,1,fan-in,0.6,1,fan-in,0.8,1,gather-scatter,0.6,1,fan-in,0.8,1,fan-in,0.8,1,fan-in,0.8
amlc_00660,LI-Small,0,legit,1136.4420289855072,0.0005526988045648803,0,bipartite,0.0007132882,0,bipartite,0.0006329935032576854,0,bipartite,1,fan-in,0.8,1,fan-in,0.6,1,fan-in,0.8,1,fan-in,0.8,1,fan-in,0.8,1,fan-in,0.8,1,fan-in,0.8
amlc_00661,LI-Small,0,legit,1100.3590361445783,3.516924534545716e-05,0,bipartite,1.7562172e-05,0,bipartite,2.6365708434894768e-05,0,bipartite,1,cycle,0.8,1,fan-out,0.8,1,gather-scatter,0.8,1,gather-scatter,0.8,1,gather-scatter,0.8,1,gather-scatter,0.8,1,gather-scatter,0.8
amlc_00662,LI-Small,0,legit,1103.0169082125603,0.0006250510981714315,0,bipartite,0.0013808062,0,bipartite,0.001002928675731549,0,bipartite,1,gather-scatter,0.6,1,fan-out,0.8,1,gather-scatter,0.8,1,gather-scatter,0.8,1,fan-out,0.8,1,gather-scatter,0.8,0,,0.5
amlc_00663,LI-Small,0,legit,1100.3590361445783,3.516924534545716e-05,0,bipartite,1.8643952e-05,0,bipartite,2.6906598303611244e-05,0,bipartite,1,fan-out,0.6,1,fan-out,0.6,1,fan-out,0.8,1,random,0.8,1,fan-out,0.8,0,,0.7,0,,0.5
amlc_00664,LI-Small,0,legit,1136.4420289855072,3.516924534545716e-05,0,bipartite,2.077342e-05,0,bipartite,2.797133247324251e-05,0,bipartite,1,fan-out,0.6,1,fan-out,0.6,1,scatter-gather,0.8,1,gather-scatter,0.8,1,gather-scatter,0.8,1,gather-scatter,0.8,1,fan-out,0.8
amlc_00665,LI-Small,1,unknown,1.0,0.026147533646702935,0,bipartite,0.04433565,0,bipartite,0.035241590659558855,0,bipartite,1,fan-in,0.6,1,scatter-gather,0.6,1,fan-in,0.6,1,gather-scatter,0.6,1,fan-in,0.8,1,gather-scatter,0.8,1,gather-scatter,0.8
amlc_00666,LI-Small,0,legit,1.0,0.3902767332743055,0,stack,0.36071607,0,stack,0.3754964129304114,0,stack,1,fan-out,0.6,1,fan-out,0.6,1,fan-out,0.8,1,gather-scatter,0.6,1,gather-scatter,0.8,1,gather-scatter,0.8,1,fan-out,0.8
amlc_00667,LI-Small,0,legit,1100.3590361445783,3.516924534545716e-05,0,bipartite,1.4332912e-05,0,bipartite,2.475107858001007e-05,0,bipartite,1,fan-out,0.8,1,fan-out,0.6,1,fan-out,0.8,1,gather-scatter,0.8,1,scatter-gather,0.8,1,stack,0.8,1,gather-scatter,0.8
amlc_00668,LI-Small,1,unknown,1.0,0.007060653588661472,0,gather-scatter,0.013915496,0,gather-scatter,0.010488074581567903,0,gather-scatter,0,,0.5,0,,0.5,1,fan-out,0.8,1,gather-scatter,0.8,1,fan-out,0.8,0,,0.7,0,,0.5
amlc_00669,LI-Small,0,legit,1136.4420289855072,3.557337617246665e-05,0,bipartite,4.0131894e-05,0,bipartite,3.7852634678018504e-05,0,bipartite,1,fan-out,0.8,1,fan-out,0.6,1,fan-out,0.8,1,random,0.8,1,fan-out,0.8,1,fan-out,0.8,1,fan-out,0.8
amlc_00670,LI-Small,0,legit,1.0,0.019085062407757383,0,bipartite,0.043081228,0,bipartite,0.03108314467634039,0,bipartite,1,fan-out,0.6,1,fan-out,0.6,1,fan-out,0.8,1,gather-scatter,0.6,1,fan-out,0.8,1,fan-out,0.8,1,fan-out,0.8
amlc_00671,LI-Small,0,legit,1136.4420289855072,3.557337617246665e-05,0,bipartite,2.3928547e-05,0,stack,2.9750961739808544e-05,0,stack,1,fan-out,0.8,1,fan-out,0.6,1,scatter-gather,0.8,1,gather-scatter,0.6,1,gather-scatter,0.8,1,gather-scatter,0.8,1,gather-scatter,0.8
amlc_00672,LI-Small,0,legit,1.0,0.7809029619595191,1,bipartite,0.5353594,1,bipartite,0.6581311603735278,1,bipartite,1,bipartite,0.8,0,,0.7,0,,0.7,1,gather-scatter,0.6,0,,0.7,1,bipartite,0.8,0,,0.7
amlc_00673,LI-Small,0,legit,1100.3590361445783,3.5626204102236333e-05,0,bipartite,2.4880675e-05,0,bipartite,3.0253439610501064e-05,0,bipartite,1,fan-out,0.6,1,fan-out,0.6,1,fan-out,0.8,1,random,0.8,1,fan-out,0.8,0,,0.7,0,,0.5
amlc_00674,LI-Small,0,legit,1136.4420289855072,0.0019700530055683447,0,bipartite,0.00023849592,0,bipartite,0.0011042744582289068,0,bipartite,1,fan-out,0.6,1,fan-out,0.6,1,scatter-gather,0.8,1,gather-scatter,0.8,1,gather-scatter,0.8,1,gather-scatter,0.8,1,gather-scatter,0.8
amlc_00675,LI-Small,0,legit,1100.3590361445783,0.00011415494863511037,0,bipartite,0.00011223384,0,bipartite,0.00011319439826933189,0,bipartite,1,fan-out,0.6,1,gather-scatter,0.6,1,stack,0.8,1,gather-scatter,0.6,1,fan-out,0.8,1,fan-out,0.8,0,,0.5
amlc_00676,LI-Small,0,legit,1100.3590361445783,0.0002573237254643084,0,cycle,0.00047077183,0,cycle,0.0003640477615820811,0,cycle,1,fan-in,0.6,1,scatter-gather,0.6,0,,0.7,1,cycle,0.8,1,gather-scatter,0.8,1,gather-scatter,0.8,1,gather-scatter,0.8
amlc_00677,LI-Small,0,legit,1100.3590361445783,3.557337617246665e-05,0,bipartite,4.9823262e-05,0,bipartite,4.269831694767926e-05,0,bipartite,1,fan-out,0.6,1,fan-out,0.6,0,,0.7,1,gather-scatter,0.6,1,fan-out,0.8,1,fan-out,0.8,1,fan-out,0.8
amlc_00678,LI-Small,0,legit,1100.3590361445783,3.526862127697342e-05,0,bipartite,1.33249905e-05,0,stack,2.429680598182145e-05,0,stack,1,fan-out,0.6,1,scatter-gather,0.6,0,,0.7,1,gather-scatter,0.6,1,scatter-gather,0.8,1,gather-scatter,0.8,1,fan-out,0.8
amlc_00679,LI-Small,0,legit,1136.4420289855072,5.620769837827146e-05,0,bipartite,5.3628242e-05,0,bipartite,5.491796998168669e-05,0,bipartite,1,fan-out,0.6,1,fan-out,0.6,1,random,0.8,1,gather-scatter,0.6,1,fan-out,0.8,1,fan-out,0.8,1,fan-out,0.8
amlc_00680,LI-Small,0,legit,1103.0169082125603,0.00010632347673102406,0,stack,8.0982485e-05,0,stack,9.365298018171049e-05,0,stack,1,stack,0.8,1,gather-scatter,0.6,1,random,0.8,1,gather-scatter,0.8,1,fan-in,0.8,1,stack,0.8,1,gather-scatter,0.8
amlc_00681,LI-Small,0,legit,1100.3590361445783,3.516924534545716e-05,0,bipartite,2.9293704e-05,0,bipartite,3.2231473868449536e-05,0,bipartite,1,fan-out,0.8,1,fan-out,0.6,1,fan-out,0.8,1,gather-scatter,0.6,1,fan-out,0.8,1,gather-scatter,0.8,1,fan-out,0.8
amlc_00682,LI-Small,0,legit,1103.0169082125603,3.557337617246665e-05,0,bipartite,4.0243718e-05,0,bipartite,3.790854786569834e-05,0,bipartite,1,fan-out,0.6,1,fan-out,0.6,1,fan-out,0.8,1,gather-scatter,0.6,1,fan-out,0.8,1,fan-out,0.8,1,fan-out,0.8
amlc_00683,LI-Small,1,unknown,1.0,0.000693127643854338,0,gather-scatter,0.0028209023,0,gather-scatter,0.001757015004091421,0,gather-scatter,0,,0.5,0,,0.5,1,fan-out,0.8,1,gather-scatter,0.6,1,fan-out,0.8,1,fan-out,0.8,0,,0.5
amlc_00684,LI-Small,0,legit,1103.0169082125603,3.526862127697342e-05,0,bipartite,2.4553612e-05,0,stack,2.9911117048714144e-05,0,stack,1,scatter-gather,0.8,1,gather-scatter,0.6,1,gather-scatter,0.8,1,gather-scatter,0.8,1,gather-scatter,0.8,1,gather-scatter,0.8,1,gather-scatter,0.8
amlc_00685,LI-Small,0,legit,1136.4420289855072,0.0017464191141892522,0,fan-in,0.0017968869,0,fan-in,0.0017716529523665234,0,fan-in,1,fan-in,0.6,1,fan-in,0.6,1,fan-in,0.6,1,gather-scatter,0.6,1,fan-in,0.8,1,fan-in,0.8,1,fan-in,0.8
amlc_00686,LI-Small,0,legit,1136.4420289855072,5.370013239151874e-05,0,fan-in,2.6716589e-05,0,fan-out,4.0208361850812015e-05,0,fan-out,1,fan-out,0.6,1,fan-out,0.6,1,fan-out,0.6,1,gather-scatter,0.6,1,fan-out,0.8,0,,0.7,1,fan-out,0.8
amlc_00687,LI-Small,1,unknown,1.0,0.003164954514244197,0,fan-in,0.0045216177,0,fan-in,0.0038432860900655384,0,fan-in,1,fan-out,0.6,1,fan-out,0.6,1,fan-out,0.8,1,fan-out,0.8,1,fan-out,0.8,1,fan-out,0.8,0,,0.5
amlc_00688,LI-Small,0,legit,1.0,0.9088390103512591,1,bipartite,0.81124794,1,bipartite,0.8600434597101602,1,bipartite,0,random,0.7,0,,0.7,1,fan-in,0.8,1,gather-scatter,0.6,1,gather-scatter,0.8,1,gather-scatter,0.8,1,stack,0.8
amlc_00689,LI-Small,0,legit,1.0,0.7298664979220212,1,bipartite,0.21245217,0,bipartite,0.4711593370676429,0,bipartite,1,scatter-gather,0.6,1,fan-out,0.8,1,gather-scatter,0.8,1,gather-scatter,0.6,1,scatter-gather,0.8,1,gather-scatter,0.8,1,scatter-gather,0.8
amlc_00690,LI-Small,0,legit,1.0,0.0028968775828636046,0,fan-out,0.0042073904,0,fan-out,0.00355213371558519,0,fan-out,1,fan-out,0.6,1,fan-out,0.6,1,fan-out,0.8,1,random,0.8,1,fan-out,0.8,0,,0.7,1,fan-out,0.8
amlc_00691,LI-Small,0,legit,1100.3590361445783,3.516924534545716e-05,0,bipartite,2.0892086e-05,0,bipartite,2.8030665906697833e-05,0,bipartite,1,fan-out,0.6,1,fan-out,0.6,1,fan-out,0.6,1,gather-scatter,0.6,1,fan-out,0.8,1,gather-scatter,0.8,1,fan-out,0.8
amlc_00692,LI-Small,0,legit,1100.3590361445783,3.516924534545716e-05,0,bipartite,1.2037774e-05,0,bipartite,2.360350927003179e-05,0,bipartite,1,fan-out,0.8,1,fan-out,0.6,1,scatter-gather,0.8,1,gather-scatter,0.6,1,fan-out,0.8,0,,0.7,1,gather-scatter,0.8
amlc_00693,LI-Small,1,unknown,1.0,0.0006858469263710976,0,fan-out,0.013623824,0,bipartite,0.007154835820992708,0,fan-out,1,fan-out,0.6,1,gather-scatter,0.8,1,fan-out,0.6,1,gather-scatter,0.8,1,fan-out,0.8,1,fan-out,0.8,0,,0.5
amlc_00694,LI-Small,0,legit,1.0,0.3172560393808267,0,bipartite,0.49785438,1,bipartite,0.4075552105902623,0,bipartite,1,fan-in,0.6,1,fan-in,0.6,1,fan-in,0.8,1,gather-scatter,0.6,1,fan-in,0.8,1,gather-scatter,0.8,1,fan-in,0.8
amlc_00695,LI-Small,0,legit,1100.3590361445783,3.516924534545716e-05,0,bipartite,2.2363334e-05,0,bipartite,2.8766289595949782e-05,0,bipartite,1,fan-out,0.6,1,fan-out,0.6,1,random,0.8,1,gather-scatter,0.6,1,fan-out,0.8,1,cycle,0.8,1,gather-scatter,0.8
amlc_00696,LI-Small,0,legit,1.0,0.0007338744561757903,0,bipartite,0.0007029542,0,bipartite,0.0007184143048530449,0,bipartite,0,cycle,0.7,0,,0.7,1,gather-scatter,0.8,1,gather-scatter,0.6,0,,0.7,1,gather-scatter,0.8,1,gather-scatter,0.8
amlc_00697,LI-Small,1,unknown,1.0,0.00812721461890457,0,bipartite,0.14031225,0,bipartite,0.07421973005353569,0,bipartite,1,random,0.8,1,scatter-gather,0.6,1,gather-scatter,0.6,1,gather-scatter,0.8,1,gather-scatter,0.8,1,random,0.8,1,gather-scatter,0.8
amlc_00698,LI-Small,0,legit,1103.0169082125603,0.002605626053681466,0,gather-scatter,0.0076880986,0,gather-scatter,0.005146862273822473,0,gather-scatter,0,,0.5,0,,0.5,1,scatter-gather,0.8,1,gather-scatter,0.8,1,fan-out,0.8,1,fan-out,0.8,0,,0.5
amlc_00699,LI-Small,0,legit,1103.0169082125603,3.526862127697342e-05,0,bipartite,2.9406243e-05,0,stack,3.2337432089507416e-05,0,stack,1,fan-out,0.6,1,fan-out,0.6,1,fan-out,0.8,1,gather-scatter,0.6,1,fan-out,0.8,1,gather-scatter,0.8,1,fan-out,0.8
amlc_00700,LI-Small,1,unknown,1.0,0.0012844756927431152,0,gather-scatter,0.0060770577,0,gather-scatter,0.0036807665942281743,0,gather-scatter,0,,0.5,0,,0.5,1,fan-out,0.8,1,fan-out,0.6,1,fan-out,0.8,0,,0.7,0,,0.5
amlc_00701,LI-Small,0,legit,1100.3590361445783,3.516924534545716e-05,0,bipartite,1.7510578e-05,0,bipartite,2.633991089052739e-05,0,bipartite,1,fan-out,0.6,1,fan-out,0.6,1,fan-out,0.8,1,random,0.8,1,gather-scatter,0.8,1,gather-scatter,0.8,1,gather-scatter,0.8
amlc_00702,LI-Small,0,legit,1.0,0.0037996008703301463,0,bipartite,0.0015975113,0,bipartite,0.002698556121429558,0,bipartite,1,gather-scatter,0.6,0,cycle,0.7,0,,0.7,1,gather-scatter,0.6,0,,0.7,1,gather-scatter,0.8,0,,0.7
amlc_00703,LI-Small,0,legit,1136.4420289855072,3.516924534545716e-05,0,bipartite,2.4258828e-05,0,bipartite,2.971403691728352e-05,0,bipartite,1,gather-scatter,0.6,1,fan-out,0.8,1,gather-scatter,0.8,1,gather-scatter,0.8,1,gather-scatter,0.8,1,gather-scatter,0.8,1,gather-scatter,0.8
amlc_00704,LI-Small,0,legit,1.0,0.2620892637069248,0,fan-in,0.23781069,0,fan-in,0.2499499779490244,0,fan-in,1,fan-in,0.6,1,stack,0.8,1,bipartite,0.8,1,gather-scatter,0.6,1,fan-in,0.8,1,fan-in,0.8,1,fan-in,0.8
amlc_00705,LI-Small,1,unknown,1.0,0.0010202115221043828,0,fan-in,0.004535737,0,fan-in,0.002777974391640246,0,fan-in,1,fan-in,0.6,1,fan-in,0.8,1,fan-in,0.6,1,gather-scatter,0.6,1,fan-in,0.8,1,fan-in,0.8,1,fan-in,0.8
amlc_00706,LI-Small,0,legit,1136.4420289855072,8.37322025202524e-05,0,bipartite,9.85269e-05,0,bipartite,9.112954825937432e-05,0,bipartite,1,fan-out,0.6,1,gather-scatter,0.6,1,scatter-gather,0.8,1,gather-scatter,0.6,1,fan-out,0.8,1,fan-out,0.8,1,gather-scatter,0.8
amlc_00707,LI-Small,0,legit,1.0,0.3604923643814756,0,stack,0.061085176,0,bipartite,0.2107887689345694,0,stack,0,cycle,0.7,0,,0.7,0,,0.7,1,random,0.8,0,,0.7,1,stack,0.8,0,,0.7
amlc_00708,LI-Small,0,legit,1.0,0.8565011116390009,1,stack,0.5709275,1,stack,0.7137143449249158,1,stack,1,fan-out,0.6,1,fan-out,0.6,1,fan-out,0.6,1,gather-scatter,0.8,1,fan-out,0.8,1,fan-out,0.8,1,fan-out,0.8
amlc_00709,LI-Small,1,unknown,1.0,0.008496436204324942,0,bipartite,0.01577602,0,bipartite,0.012136227780734888,0,bipartite,1,fan-out,0.8,1,fan-out,0.8,1,fan-out,0.6,1,gather-scatter,0.8,1,gather-scatter,0.8,1,gather-scatter,0.8,1,gather-scatter,0.8
amlc_00710,LI-Small,1,unknown,1.0,0.011747774754405405,0,fan-out,0.010760676,0,fan-out,0.011254225435078336,0,fan-out,0,,0.5,0,,0.5,1,fan-out,0.8,1,gather-scatter,0.8,1,fan-out,0.8,0,,0.7,0,,0.5
amlc_00711,LI-Small,1,unknown,1.0,0.015998306857858264,0,bipartite,0.05918944,0,bipartite,0.03759387395645884,0,bipartite,1,fan-out,0.6,1,fan-out,0.6,1,gather-scatter,0.8,1,gather-scatter,0.6,1,gather-scatter,0.8,1,gather-scatter,0.8,0,,0.5
amlc_00712,LI-Small,0,legit,1.0,0.8453464522073336,1,bipartite,0.5752391,1,bipartite,0.7102927930210863,1,bipartite,1,fan-in,0.6,0,,0.7,0,,0.7,1,gather-scatter,0.6,1,gather-scatter,0.8,1,gather-scatter,0.8,1,gather-scatter,0.8
amlc_00713,LI-Small,0,legit,1100.3590361445783,3.557337617246665e-05,0,bipartite,3.9120507e-05,0,bipartite,3.7346941799513286e-05,0,bipartite,1,stack,0.8,1,scatter-gather,0.6,0,,0.7,1,gather-scatter,0.6,1,stack,0.8,1,stack,0.8,1,stack,0.8
amlc_00714,LI-Small,0,legit,1100.3590361445783,0.00025190905636820825,0,scatter-gather,0.00017887075,0,stack,0.0002153898977753328,0,scatter-gather,1,fan-out,0.6,1,fan-out,0.6,1,fan-out,0.8,1,gather-scatter,0.6,1,fan-out,0.8,1,gather-scatter,0.8,1,gather-scatter,0.8
amlc_00715,LI-Small,0,legit,1100.3590361445783,3.526862127697342e-05,0,bipartite,2.5915622e-05,0,stack,3.0592121761246886e-05,0,stack,1,fan-in,0.6,1,stack,0.8,1,fan-in,0.6,1,gather-scatter,0.6,1,fan-in,0.8,1,gather-scatter,0.8,1,fan-in,0.8
amlc_00716,LI-Small,0,legit,1136.4420289855072,0.0004924377049766303,0,gather-scatter,0.0050130906,0,gather-scatter,0.002752764131663358,0,gather-scatter,0,,0.5,0,,0.5,1,fan-out,0.8,1,scatter-gather,0.8,1,fan-out,0.8,1,gather-scatter,0.8,0,,0.5
amlc_00717,LI-Small,0,legit,1100.3590361445783,3.557337617246665e-05,0,bipartite,4.7209694e-05,0,bipartite,4.139153640648e-05,0,bipartite,1,gather-scatter,0.6,1,fan-out,0.6,1,fan-out,0.6,1,gather-scatter,0.6,1,gather-scatter,0.8,1,gather-scatter,0.8,1,gather-scatter,0.8
amlc_00718,LI-Small,0,legit,1136.4420289855072,0.0008527443570240242,0,bipartite,0.00065912015,0,bipartite,0.0007559322374019226,0,bipartite,1,fan-in,0.6,1,random,0.8,0,,0.7,1,gather-scatter,0.6,1,fan-in,0.8,1,gather-scatter,0.8,1,gather-scatter,0.8
amlc_00719,LI-Small,0,legit,1136.4420289855072,0.00011439237113617003,0,bipartite,6.920417e-05,0,bipartite,9.179827165693797e-05,0,bipartite,1,fan-out,0.6,1,fan-out,0.6,0,,0.7,1,gather-scatter,0.6,1,fan-out,0.8,1,fan-out,0.8,0,,0.5
amlc_00720,LI-Small,0,legit,1.0,0.26208689507638383,0,stack,0.36210275,0,stack,0.3120948180397102,0,stack,1,gather-scatter,0.6,1,fan-out,0.6,1,gather-scatter,0.8,1,gather-scatter,0.6,1,gather-scatter,0.8,1,gather-scatter,0.8,1,gather-scatter,0.8
amlc_00721,LI-Small,1,unknown,1.0,0.0026609017622082278,0,gather-scatter,0.013628358,0,gather-scatter,0.008144629332999828,0,gather-scatter,0,,0.5,0,,0.5,1,fan-out,0.8,1,gather-scatter,0.8,1,fan-out,0.8,0,,0.7,0,,0.5
amlc_00722,LI-Small,0,legit,1.0,0.0007077277528795256,0,bipartite,0.00046060802,0,bipartite,0.0005841678885148293,0,bipartite,1,gather-scatter,0.6,1,scatter-gather,0.6,0,,0.7,1,gather-scatter,0.6,1,cycle,0.8,1,gather-scatter,0.8,1,gather-scatter,0.8
amlc_00723,LI-Small,0,legit,1.0,0.896030635127563,1,bipartite,0.77983034,1,bipartite,0.8379305037305448,1,bipartite,1,cycle,0.8,0,,0.7,0,,0.7,1,fan-out,0.6,0,,0.7,0,,0.7,0,,0.7
amlc_00724,LI-Small,0,legit,1.0,0.42223264240168545,0,bipartite,0.046375602,0,bipartite,0.23430412281524643,0,bipartite,0,,0.7,1,bipartite,0.8,0,,0.7,0,,0.7,0,,0.7,1,bipartite,0.8,0,,0.7
amlc_00725,LI-Small,0,legit,1103.0169082125603,1.8995382707293746e-05,0,bipartite,1.4805603e-05,0,stack,1.6900493374452994e-05,0,stack,1,fan-in,0.6,1,fan-in,0.6,1,fan-in,0.6,1,gather-scatter,0.8,1,fan-in,0.8,1,fan-in,0.8,1,fan-in,0.8
amlc_00726,LI-Small,1,unknown,1.0,0.004898567137255218,0,bipartite,0.008392749,0,bipartite,0.00664565815261699,0,bipartite,1,fan-in,0.6,1,fan-in,0.6,1,fan-in,0.8,1,gather-scatter,0.6,1,fan-in,0.8,1,fan-in,0.8,1,fan-in,0.8
amlc_00727,LI-Small,1,gather-scatter,1.0,0.5951454764184891,1,gather-scatter,0.43540016,0,gather-scatter,0.515272814312455,1,gather-scatter,1,fan-out,0.8,1,fan-out,0.6,0,,0.7,1,gather-scatter,0.6,1,gather-scatter,0.8,1,gather-scatter,0.8,1,gather-scatter,0.8
amlc_00728,LI-Small,1,gather-scatter,1.0,0.17989669134195357,0,gather-scatter,0.32152352,0,gather-scatter,0.25071010733632104,0,gather-scatter,1,fan-out,0.8,1,fan-out,0.6,0,,0.7,1,fan-out,0.6,1,gather-scatter,0.8,1,gather-scatter,0.8,0,,0.5
amlc_00729,LI-Small,1,gather-scatter,1.0,0.13309862254544286,0,gather-scatter,0.078560844,0,gather-scatter,0.10582973330460085,0,gather-scatter,1,fan-out,0.6,1,gather-scatter,0.6,1,random,0.8,1,gather-scatter,0.6,1,gather-scatter,0.8,1,gather-scatter,0.8,1,gather-scatter,0.8
amlc_00730,LI-Small,1,gather-scatter,1.0,0.9490582558203894,1,gather-scatter,0.9899151,1,gather-scatter,0.9694866762900928,1,gather-scatter,1,fan-out,0.6,1,gather-scatter,0.6,1,fan-out,0.8,1,fan-out,0.8,1,gather-scatter,0.8,1,scatter-gather,0.8,0,,0.5
amlc_00731,LI-Small,0,legit,1.0,0.002850313237732378,0,gather-scatter,0.0012812351,0,gather-scatter,0.002065774162697657,0,gather-scatter,1,fan-out,0.8,1,fan-out,0.6,1,scatter-gather,0.8,1,gather-scatter,0.8,1,fan-out,0.8,1,gather-scatter,0.8,0,,0.5
amlc_00732,LI-Small,1,gather-scatter,1.0,0.9435386428712229,1,gather-scatter,0.98319256,1,gather-scatter,0.9633655791222264,1,gather-scatter,1,fan-out,0.8,1,fan-out,0.6,1,fan-out,0.6,1,gather-scatter,0.6,1,fan-out,0.8,1,gather-scatter,0.8,0,,0.5
amlc_00733,LI-Small,1,gather-scatter,1.0,0.7043206634859354,1,gather-scatter,0.916344,1,gather-scatter,0.8103323192765369,1,gather-scatter,1,fan-out,0.8,1,scatter-gather,0.8,1,fan-out,0.6,1,fan-out,0.8,1,fan-out,0.8,1,fan-out,0.8,0,,0.5
amlc_00734,LI-Small,1,gather-scatter,1.0,0.811097434454279,1,gather-scatter,0.96978456,1,gather-scatter,0.8904409722949648,1,gather-scatter,1,fan-out,0.6,1,gather-scatter,0.6,1,cycle,0.8,1,gather-scatter,0.8,1,gather-scatter,0.8,1,gather-scatter,0.8,0,,0.5
amlc_00735,LI-Small,0,legit,1.0,0.002850313237732378,0,gather-scatter,0.0013278328,0,gather-scatter,0.0020890730129806837,0,gather-scatter,1,fan-out,0.8,1,fan-out,0.6,1,fan-in,0.8,0,,0.7,1,gather-scatter,0.8,1,fan-out,0.8,0,,0.5
amlc_00736,LI-Small,1,gather-scatter,1.0,0.7791978009731235,1,gather-scatter,0.96131307,1,gather-scatter,0.8702554468408555,1,gather-scatter,1,fan-out,0.6,1,fan-out,0.6,1,fan-out,0.6,1,fan-out,0.6,1,gather-scatter,0.8,1,fan-out,0.8,0,,0.5
amlc_00737,LI-Small,1,gather-scatter,1.0,0.9233270885271061,1,gather-scatter,0.9629731,1,gather-scatter,0.9431500793358797,1,gather-scatter,1,fan-out,0.6,1,gather-scatter,0.6,1,fan-out,0.6,1,gather-scatter,0.6,1,fan-out,0.8,1,fan-out,0.8,0,,0.5
amlc_00738,LI-Small,1,gather-scatter,1.0,0.7969983640788343,1,gather-scatter,0.97169197,1,gather-scatter,0.8843451948701514,1,gather-scatter,1,fan-out,0.6,1,fan-out,0.6,1,fan-out,0.8,1,gather-scatter,0.8,1,fan-out,0.8,1,gather-scatter,0.8,0,,0.5
amlc_00739,LI-Small,0,legit,1.0,0.0033601424893215416,0,gather-scatter,0.0019954296,0,gather-scatter,0.0026777860011830985,0,gather-scatter,1,fan-out,0.6,1,fan-out,0.6,1,fan-out,0.8,1,gather-scatter,0.8,1,fan-out,0.8,1,fan-out,0.8,0,,0.5
amlc_00740,LI-Small,1,gather-scatter,1.0,0.7692705700222364,1,gather-scatter,0.9787858,1,gather-scatter,0.8740281795175727,1,gather-scatter,1,fan-out,0.8,1,fan-out,0.6,1,fan-out,0.8,0,,0.7,1,fan-out,0.8,1,fan-out,0.8,0,,0.5
amlc_00741,LI-Small,1,gather-scatter,1.0,0.812731979050298,1,gather-scatter,0.9796933,1,gather-scatter,0.896212660152743,1,gather-scatter,1,fan-out,0.8,1,fan-out,0.6,0,,0.7,1,gather-scatter,0.8,1,fan-out,0.8,1,gather-scatter,0.8,0,,0.5
amlc_00742,LI-Small,1,gather-scatter,1.0,0.8756841369314181,1,gather-scatter,0.974609,1,gather-scatter,0.9251465473494523,1,gather-scatter,1,fan-out,0.8,1,gather-scatter,0.8,1,gather-scatter,0.8,1,scatter-gather,0.8,1,fan-out,0.8,1,gather-scatter,0.8,0,,0.5
amlc_00743,LI-Small,1,gather-scatter,1.0,0.8963105967542898,1,gather-scatter,0.967914,1,gather-scatter,0.9321122612010126,1,gather-scatter,1,fan-out,0.8,1,scatter-gather,0.8,1,scatter-gather,0.6,1,fan-out,0.6,1,fan-out,0.8,1,fan-out,0.8,0,,0.5
amlc_00744,LI-Small,1,gather-scatter,1.0,0.8681557279694889,1,gather-scatter,0.9638273,1,gather-scatter,0.9159915080601382,1,gather-scatter,1,fan-out,0.8,1,fan-out,0.6,1,fan-out,0.8,1,gather-scatter,0.8,1,fan-out,0.8,1,gather-scatter,0.8,0,,0.5
amlc_00745,LI-Small,0,legit,1136.4420289855072,0.0006856215401266979,0,stack,0.00030225283,0,fan-out,0.0004939371871037081,0,fan-out,1,fan-out,0.6,1,fan-out,0.8,1,fan-out,0.8,1,cycle,0.8,1,fan-out,0.8,0,,0.7,1,fan-out,0.8
amlc_00746,LI-Small,0,legit,1136.4420289855072,3.766031892301135e-05,0,bipartite,3.4078355e-05,0,bipartite,3.586933751721676e-05,0,bipartite,1,fan-out,0.6,1,fan-out,0.6,1,fan-out,0.8,1,gather-scatter,0.6,1,fan-out,0.8,1,gather-scatter,0.8,1,fan-out,0.8
amlc_00747,LI-Small,0,legit,1100.3590361445783,3.516924534545716e-05,0,bipartite,2.1213285e-05,0,bipartite,2.8191266118227357e-05,0,bipartite,1,fan-out,0.6,1,fan-out,0.6,1,scatter-gather,0.8,1,random,0.8,1,gather-scatter,0.8,1,random,0.8,1,gather-scatter,0.8
amlc_00748,LI-Small,1,unknown,1.0,0.017068920015436927,0,bipartite,0.03980312,0,bipartite,0.02843602025466289,0,bipartite,1,fan-out,0.6,1,fan-out,0.6,1,fan-out,0.8,1,gather-scatter,0.8,1,gather-scatter,0.8,1,gather-scatter,0.8,1,gather-scatter,0.8
amlc_00749,LI-Small,1,unknown,1.0,0.012711580127755551,0,bipartite,0.027364602,0,bipartite,0.020038091592629627,0,bipartite,1,fan-out,0.8,1,stack,0.8,1,gather-scatter,0.8,1,gather-scatter,0.6,1,gather-scatter,0.8,1,gather-scatter,0.8,1,gather-scatter,0.8
amlc_00750,LI-Small,0,legit,1136.4420289855072,3.516924534545716e-05,0,bipartite,1.8689596e-05,0,bipartite,2.6929420981758594e-05,0,bipartite,1,fan-out,0.6,1,fan-out,0.6,1,fan-out,0.8,1,gather-scatter,0.6,1,gather-scatter,0.8,1,gather-scatter,0.8,1,gather-scatter,0.8
amlc_00751,LI-Small,0,legit,1136.4420289855072,3.516924534545716e-05,0,bipartite,2.286211e-05,0,bipartite,2.901567686305367e-05,0,bipartite,1,fan-out,0.8,1,gather-scatter,0.6,1,gather-scatter,0.6,1,random,0.8,1,fan-out,0.8,1,gather-scatter,0.8,1,gather-scatter,0.8
amlc_00752,LI-Small,0,legit,1.0,0.8619832932364384,1,bipartite,0.5136063,1,bipartite,0.6877947985833605,1,bipartite,1,fan-out,0.8,1,scatter-gather,0.6,1,scatter-gather,0.6,1,gather-scatter,0.6,1,scatter-gather,0.8,1,fan-in,0.8,0,scatter-gather,0.7
amlc_00753,LI-Small,0,legit,1103.0169082125603,0.0012120523352836365,0,bipartite,0.00089027156,0,bipartite,0.0010511619319538174,0,bipartite,1,fan-in,0.6,0,,0.7,0,,0.7,1,gather-scatter,0.6,0,,0.7,1,scatter-gather,0.8,1,fan-in,0.8
amlc_00754,LI-Small,0,legit,1100.3590361445783,3.516924534545716e-05,0,bipartite,2.1838316e-05,0,bipartite,2.850378086688448e-05,0,bipartite,1,fan-out,0.8,1,scatter-gather,0.8,1,scatter-gather,0.6,1,gather-scatter,0.6,1,gather-scatter,0.8,1,gather-scatter,0.8,1,scatter-gather,0.8
amlc_00755,LI-Small,1,unknown,1.0,0.056419987182985055,0,bipartite,0.024031475,0,bipartite,0.040225731184666505,0,bipartite,1,fan-out,0.6,1,fan-out,0.8,1,fan-out,0.6,1,random,0.8,1,fan-out,0.8,1,gather-scatter,0.8,1,gather-scatter,0.8
amlc_00756,LI-Small,0,legit,1100.3590361445783,3.516924534545716e-05,0,bipartite,1.882522e-05,0,bipartite,2.6997232542924904e-05,0,bipartite,1,fan-out,0.6,1,fan-out,0.8,1,fan-out,0.8,1,fan-out,0.6,1,fan-out,0.8,1,gather-scatter,0.8,1,fan-out,0.8
amlc_00757,LI-Small,0,legit,1100.3590361445783,5.517524092922421e-05,0,bipartite,6.260539e-05,0,bipartite,5.889031698053453e-05,0,bipartite,1,stack,0.8,1,stack,0.8,1,scatter-gather,0.6,1,cycle,0.8,1,gather-scatter,0.8,1,gather-scatter,0.8,1,stack,0.8
amlc_00758,LI-Small,0,legit,1103.0169082125603,0.0003687773737123345,0,random,0.00013294115,0,fan-out,0.00025085926284073467,0,fan-out,1,scatter-gather,0.6,1,gather-scatter,0.8,1,fan-out,0.8,1,gather-scatter,0.8,1,fan-out,0.8,1,gather-scatter,0.8,0,,0.5
amlc_00759,LI-Small,0,legit,1.0,0.6918220485472064,1,scatter-gather,0.5187796,1,stack,0.6053008062255075,1,scatter-gather,1,fan-out,0.8,1,fan-out,0.6,1,fan-out,0.6,1,fan-out,0.6,1,gather-scatter,0.8,1,gather-scatter,0.8,1,fan-out,0.8
amlc_00760,LI-Small,1,unknown,1.0,0.035973909044209613,0,bipartite,0.105456494,0,bipartite,0.07071519992944772,0,bipartite,1,fan-in,0.8,1,fan-in,0.6,1,gather-scatter,0.6,1,gather-scatter,0.6,1,fan-in,0.8,1,gather-scatter,0.8,1,gather-scatter,0.8
amlc_00761,LI-Small,1,unknown,1.0,0.010019113302863595,0,bipartite,0.040042754,0,bipartite,0.02503093415530372,0,bipartite,1,fan-out,0.6,1,gather-scatter,0.6,1,fan-out,0.8,1,gather-scatter,0.8,1,fan-out,0.8,1,gather-scatter,0.8,1,fan-out,0.8
amlc_00762,LI-Small,0,legit,1136.4420289855072,0.0005490557706915332,0,cycle,0.000117604235,0,fan-out,0.00033333000363784497,0,fan-out,1,fan-out,0.6,1,gather-scatter,0.6,1,gather-scatter,0.8,1,gather-scatter,0.6,1,gather-scatter,0.8,1,random,0.8,1,gather-scatter,0.8
amlc_00763,LI-Small,0,legit,1100.3590361445783,3.487997806324355e-05,0,bipartite,1.3954379e-05,0,bipartite,2.4417178636716967e-05,0,bipartite,1,gather-scatter,0.6,1,fan-out,0.6,1,gather-scatter,0.6,1,gather-scatter,0.6,1,gather-scatter,0.8,1,gather-scatter,0.8,1,gather-scatter,0.8
amlc_00764,LI-Small,0,legit,1.0,0.033645887790497056,0,bipartite,0.040704533,0,bipartite,0.03717521099665558,0,bipartite,1,fan-out,0.6,1,fan-out,0.6,0,,0.7,1,gather-scatter,0.8,1,fan-out,0.8,1,fan-out,0.8,1,gather-scatter,0.8
amlc_00765,LI-Small,1,unknown,1.0,0.049493315384158326,0,bipartite,0.11753728,0,bipartite,0.08351529889572105,0,bipartite,1,fan-in,0.6,1,gather-scatter,0.8,1,random,0.8,1,gather-scatter,0.6,1,fan-in,0.8,1,gather-scatter,0.8,1,fan-in,0.8
amlc_00766,LI-Small,0,legit,1136.4420289855072,0.00011439237113617003,0,bipartite,3.882721e-05,0,bipartite,7.660979126425747e-05,0,bipartite,1,fan-out,0.8,1,fan-out,0.6,1,fan-out,0.6,1,gather-scatter,0.8,1,scatter-gather,0.8,1,gather-scatter,0.8,1,gather-scatter,0.8
amlc_00767,LI-Small,0,legit,1.0,0.583593185327158,1,random,0.32586083,0,fan-out,0.4547270127046633,0,fan-out,1,fan-out,0.8,1,fan-out,0.8,1,fan-out,0.8,1,gather-scatter,0.8,1,gather-scatter,0.8,1,gather-scatter,0.8,1,gather-scatter,0.8
amlc_00768,LI-Small,1,unknown,1.0,0.0023612652902171723,0,bipartite,0.009110424,0,bipartite,0.005735844699510223,0,bipartite,1,gather-scatter,0.6,1,gather-scatter,0.6,1,fan-in,0.6,1,gather-scatter,0.6,1,gather-scatter,0.8,1,gather-scatter,0.8,1,gather-scatter,0.8
amlc_00769,LI-Small,1,unknown,1.0,0.002578684390433134,0,fan-in,0.0037748436,0,fan-in,0.0031767640872411435,0,fan-in,1,fan-in,0.6,1,gather-scatter,0.6,1,fan-in,0.8,1,gather-scatter,0.6,1,fan-in,0.8,1,gather-scatter,0.8,1,fan-in,0.8
amlc_00770,LI-Small,0,legit,1100.3590361445783,0.00011439237113617003,0,bipartite,3.662716e-05,0,bipartite,7.550976542601649e-05,0,bipartite,1,fan-out,0.6,1,fan-out,0.6,1,fan-out,0.8,1,gather-scatter,0.8,1,scatter-gather,0.8,1,gather-scatter,0.8,1,fan-out,0.8
amlc_00771,LI-Small,0,legit,1100.3590361445783,3.516924534545716e-05,0,bipartite,2.4802717e-05,0,bipartite,2.9985981108182894e-05,0,bipartite,1,fan-out,0.6,1,fan-out,0.6,1,fan-out,0.8,1,gather-scatter,0.8,1,fan-out,0.8,1,gather-scatter,0.8,1,fan-out,0.8
amlc_00772,LI-Small,0,legit,1100.3590361445783,3.516924534545716e-05,0,bipartite,1.8163264e-05,0,bipartite,2.666625468802391e-05,0,bipartite,1,fan-out,0.6,1,fan-out,0.6,1,scatter-gather,0.6,1,gather-scatter,0.6,1,fan-out,0.8,1,fan-out,0.8,1,fan-out,0.8
amlc_00773,LI-Small,1,unknown,1.0,0.0002899567240782233,0,bipartite,0.0015218476,0,fan-out,0.0009059021653574035,0,fan-out,0,,0.5,0,,0.5,1,fan-out,0.8,0,,0.7,1,fan-out,0.8,1,fan-out,0.8,0,,0.5
amlc_00774,LI-Small,1,unknown,1.0,0.014130907609291527,0,fan-in,0.028938329,0,fan-in,0.02153461878708385,0,fan-in,1,cycle,0.8,1,fan-in,0.8,1,fan-in,0.8,1,gather-scatter,0.6,1,fan-in,0.8,1,fan-in,0.8,1,fan-in,0.8
amlc_00775,LI-Small,1,unknown,1.0,0.0007316658591827553,0,bipartite,0.0061161565,0,fan-out,0.003423910836781104,0,fan-out,0,,0.5,0,,0.5,1,fan-out,0.8,1,random,0.8,1,fan-out,0.8,1,fan-out,0.8,0,,0.5
amlc_00776,LI-Small,1,unknown,1.0,0.000343958236335057,0,fan-out,0.00050274486,0,bipartite,0.00042335154153975995,0,fan-out,0,,0.5,0,,0.5,1,random,0.8,1,gather-scatter,0.8,1,fan-out,0.8,0,,0.7,0,,0.5
amlc_00777,LI-Small,0,legit,1136.4420289855072,3.557337617246665e-05,0,bipartite,2.6788253e-05,0,bipartite,3.1180815104051715e-05,0,bipartite,1,fan-out,0.6,1,fan-out,0.6,1,fan-out,0.8,1,gather-scatter,0.8,1,fan-out,0.8,1,gather-scatter,0.8,1,gather-scatter,0.8
amlc_00778,LI-Small,0,legit,1103.0169082125603,0.0007853190758972739,0,fan-in,0.009730296,0,fan-out,0.005257807735808162,0,fan-out,0,,0.5,0,,0.5,1,fan-out,0.8,1,scatter-gather,0.6,1,fan-out,0.8,1,fan-out,0.8,0,,0.5
amlc_00779,LI-Small,1,unknown,1.0,0.0016792785501137096,0,fan-out,0.0060465103,0,fan-out,0.0038628945655204217,0,fan-out,0,,0.5,0,,0.5,1,fan-out,0.6,1,gather-scatter,0.6,1,fan-out,0.8,0,,0.7,0,,0.5
amlc_00780,LI-Small,0,legit,1136.4420289855072,3.526862127697342e-05,0,bipartite,2.6404514e-05,0,stack,3.083656792553498e-05,0,stack,1,fan-out,0.6,1,gather-scatter,0.6,1,fan-out,0.6,1,gather-scatter,0.6,1,fan-out,0.8,1,gather-scatter,0.8,1,gather-scatter,0.8
amlc_00781,LI-Small,1,unknown,1.0,0.0012243663379362007,0,fan-in,0.0061386772,0,fan-in,0.0036815217439736315,0,fan-in,1,gather-scatter,0.6,1,fan-in,0.8,1,fan-in,0.6,1,gather-scatter,0.6,1,fan-in,0.8,1,gather-scatter,0.8,1,fan-in,0.8
amlc_00782,LI-Small,1,unknown,1.0,0.00260639403136237,0,gather-scatter,0.005519637,0,gather-scatter,0.0040630155155890356,0,gather-scatter,0,,0.5,0,,0.5,1,fan-out,0.8,1,random,0.8,1,fan-out,0.8,1,fan-out,0.8,0,,0.5
amlc_00783,LI-Small,0,legit,1.0,0.3053478756596685,0,bipartite,0.033397816,0,bipartite,0.16937284570435882,0,bipartite,1,fan-in,0.6,1,fan-in,0.6,1,fan-in,0.8,1,gather-scatter,0.6,1,fan-in,0.8,1,gather-scatter,0.8,1,fan-in,0.8
amlc_00784,LI-Small,0,legit,1136.4420289855072,3.526862127697342e-05,0,bipartite,3.33401e-05,0,stack,3.430436044694048e-05,0,stack,1,random,0.8,1,scatter-gather,0.6,0,,0.7,1,gather-scatter,0.6,1,gather-scatter,0.8,1,gather-scatter,0.8,1,gather-scatter,0.8
amlc_00785,LI-Small,1,unknown,1.0,0.0026214377076549432,0,gather-scatter,0.008102448,0,gather-scatter,0.005361942716743702,0,gather-scatter,0,,0.5,0,,0.5,1,fan-out,0.8,1,gather-scatter,0.6,1,fan-out,0.8,0,,0.7,0,,0.5
amlc_00786,LI-Small,1,unknown,1.0,0.012815642621563964,0,bipartite,0.003471328,0,scatter-gather,0.008143485248652394,0,scatter-gather,1,fan-out,0.6,1,stack,0.8,1,fan-out,0.8,1,gather-scatter,0.6,1,scatter-gather,0.8,1,fan-out,0.8,1,fan-out,0.8
amlc_00787,LI-Small,0,legit,1.0,0.03670686201221249,0,bipartite,0.018127838,0,bipartite,0.027417350639733183,0,bipartite,1,gather-scatter,0.6,1,stack,0.8,0,,0.7,1,gather-scatter,0.8,1,gather-scatter,0.8,1,gather-scatter,0.8,0,,0.7
amlc_00788,LI-Small,0,legit,1100.3590361445783,5.1288473646970834e-05,0,bipartite,3.0242629e-05,0,bipartite,4.076554994104635e-05,0,bipartite,1,fan-out,0.6,1,fan-in,0.6,1,fan-out,0.6,1,gather-scatter,0.6,1,gather-scatter,0.8,1,gather-scatter,0.8,1,gather-scatter,0.8
amlc_00789,LI-Small,0,legit,1136.4420289855072,0.0006992932106205578,0,bipartite,0.0005127131,0,bipartite,0.0006060031586012495,0,bipartite,1,gather-scatter,0.6,1,fan-out,0.6,1,scatter-gather,0.8,1,gather-scatter,0.6,1,gather-scatter,0.8,1,gather-scatter,0.8,1,gather-scatter,0.8
amlc_00790,LI-Small,0,legit,1136.4420289855072,3.516924534545716e-05,0,bipartite,1.7986278e-05,0,bipartite,2.6577761581137164e-05,0,bipartite,1,fan-out,0.6,1,fan-out,0.6,1,fan-out,0.8,1,random,0.8,1,fan-out,0.8,0,,0.7,0,,0.5
amlc_00791,LI-Small,1,unknown,1.0,0.00925416420274432,0,bipartite,0.072254635,0,bipartite,0.04075440128829805,0,bipartite,1,scatter-gather,0.6,1,scatter-gather,0.8,1,fan-out,0.6,1,gather-scatter,0.8,1,fan-out,0.8,1,gather-scatter,0.8,1,scatter-gather,0.8
amlc_00792,LI-Small,0,legit,1.0,0.8860245312582343,1,bipartite,0.5373797,1,bipartite,0.7117021066611453,1,bipartite,1,fan-in,0.6,1,fan-in,0.6,1,fan-in,0.6,1,gather-scatter,0.6,1,fan-in,0.8,1,fan-in,0.8,1,fan-in,0.8
amlc_00793,LI-Small,1,unknown,1.0,0.0008980098941666275,0,bipartite,0.008597894,0,fan-out,0.004747952093245704,0,fan-out,0,,0.5,0,,0.5,1,fan-out,0.6,1,bipartite,0.8,1,fan-out,0.8,1,fan-out,0.8,0,,0.5
amlc_00794,LI-Small,0,legit,1100.3590361445783,3.557337617246665e-05,0,bipartite,6.244074e-05,0,bipartite,4.900706150732584e-05,0,bipartite,1,fan-out,0.6,1,fan-out,0.6,1,fan-out,0.8,1,gather-scatter,0.6,1,fan-out,0.8,1,gather-scatter,0.8,1,fan-out,0.8
amlc_00795,LI-Small,0,legit,1.0,0.29107899824466976,0,bipartite,0.53711545,1,bipartite,0.41409722049875397,0,bipartite,1,fan-out,0.8,1,scatter-gather,0.6,1,scatter-gather,0.8,1,gather-scatter,0.8,1,gather-scatter,0.8,1,gather-scatter,0.8,1,gather-scatter,0.8
amlc_00796,LI-Small,0,legit,1100.3590361445783,3.526862127697342e-05,0,bipartite,5.949838e-05,0,stack,4.738350034570445e-05,0,stack,1,fan-out,0.6,1,fan-out,0.6,1,fan-out,0.6,1,gather-scatter,0.6,1,fan-out,0.8,1,gather-scatter,0.8,0,,0.5
amlc_00797,LI-Small,0,legit,1100.3590361445783,3.526862127697342e-05,0,bipartite,3.874291e-05,0,stack,3.7005765984604435e-05,0,stack,1,fan-out,0.6,1,fan-out,0.6,1,fan-out,0.8,1,gather-scatter,0.6,1,fan-out,0.8,1,gather-scatter,0.8,1,fan-out,0.8
amlc_00798,LI-Small,0,legit,1100.3590361445783,3.557337617246665e-05,0,bipartite,2.9489547e-05,0,bipartite,3.253146130231325e-05,0,bipartite,1,fan-out,0.6,1,fan-out,0.6,1,fan-out,0.6,1,gather-scatter,0.8,1,fan-out,0.8,1,fan-out,0.8,0,,0.5
amlc_00799,LI-Small,0,legit,1100.3590361445783,3.557337617246665e-05,0,bipartite,4.7220918e-05,0,stack,4.1397147261194175e-05,0,stack,1,scatter-gather,0.6,1,scatter-gather,0.8,1,gather-scatter,0.8,1,gather-scatter,0.6,1,gather-scatter,0.8,1,gather-scatter,0.8,1,gather-scatter,0.8
amlc_00800,LI-Small,0,legit,1136.4420289855072,3.516924534545716e-05,0,bipartite,2.4412278e-05,0,bipartite,2.9790761526527202e-05,0,bipartite,1,fan-out,0.6,1,fan-out,0.6,1,fan-out,0.8,1,gather-scatter,0.8,1,fan-out,0.8,1,fan-out,0.8,0,,0.5
amlc_00801,LI-Small,0,legit,1103.0169082125603,0.00011439237113617003,0,bipartite,6.905902e-05,0,bipartite,9.172569543492801e-05,0,bipartite,1,fan-out,0.8,1,scatter-gather,0.8,1,scatter-gather,0.8,1,random,0.8,1,gather-scatter,0.8,1,gather-scatter,0.8,1,gather-scatter,0.8
amlc_00802,LI-Small,0,legit,1.0,3.5626204102236333e-05,0,bipartite,3.5639052e-05,0,stack,3.563262692474831e-05,0,stack,1,fan-out,0.6,1,fan-out,0.6,1,gather-scatter,0.8,1,gather-scatter,0.8,1,fan-out,0.8,1,gather-scatter,0.8,1,gather-scatter,0.8
amlc_00803,LI-Small,0,legit,1.0,3.5626204102236333e-05,0,bipartite,3.63483e-05,0,stack,3.59872516418954e-05,0,stack,1,fan-out,0.6,1,fan-out,0.6,1,scatter-gather,0.8,1,gather-scatter,0.8,1,fan-out,0.8,1,gather-scatter,0.8,1,gather-scatter,0.8
amlc_00804,LI-Small,0,legit,1103.0169082125603,3.516924534545716e-05,0,bipartite,1.9939896e-05,0,bipartite,2.7554570896171355e-05,0,bipartite,1,fan-out,0.8,1,scatter-gather,0.6,1,fan-out,0.6,1,gather-scatter,0.8,1,fan-out,0.8,1,gather-scatter,0.8,1,fan-out,0.8
amlc_00805,LI-Small,0,legit,1103.0169082125603,0.003636013629442028,0,gather-scatter,0.009392281,0,gather-scatter,0.006514147346171524,0,gather-scatter,1,fan-out,0.6,1,fan-out,0.6,1,scatter-gather,0.8,1,gather-scatter,0.6,1,fan-out,0.8,1,fan-out,0.8,0,,0.5
amlc_00806,LI-Small,0,legit,1136.4420289855072,3.557337617246665e-05,0,bipartite,3.1590513e-05,0,bipartite,3.358194605465396e-05,0,bipartite,1,fan-out,0.6,1,fan-out,0.6,1,scatter-gather,0.8,1,gather-scatter,0.6,1,gather-scatter,0.8,1,fan-out,0.8,1,gather-scatter,0.8
amlc_00807,LI-Small,0,legit,1136.4420289855072,3.516924534545716e-05,0,bipartite,2.0683978e-05,0,bipartite,2.792661116356481e-05,0,bipartite,1,fan-out,0.6,1,fan-out,0.8,1,fan-out,0.8,1,fan-out,0.8,1,fan-out,0.8,1,fan-out,0.8,0,,0.5
amlc_00808,LI-Small,0,legit,1103.0169082125603,3.557337617246665e-05,0,bipartite,2.0532982e-05,0,bipartite,2.8053179239976445e-05,0,bipartite,1,fan-out,0.6,1,fan-out,0.6,1,fan-out,0.8,1,gather-scatter,0.8,1,gather-scatter,0.8,1,gather-scatter,0.8,1,gather-scatter,0.8
amlc_00809,LI-Small,0,legit,1136.4420289855072,3.516924534545716e-05,0,bipartite,1.9604566e-05,0,bipartite,2.7386905366000572e-05,0,bipartite,1,fan-out,0.6,1,fan-out,0.6,1,scatter-gather,0.8,1,gather-scatter,0.6,1,fan-out,0.8,1,gather-scatter,0.8,1,gather-scatter,0.8
amlc_00810,LI-Small,1,unknown,1.0,0.002223399178150333,0,gather-scatter,0.010579784,0,gather-scatter,0.006401591649757343,0,gather-scatter,0,,0.5,0,,0.5,1,fan-out,0.8,1,gather-scatter,0.6,1,fan-out,0.8,0,,0.7,0,,0.5
amlc_00811,LI-Small,0,legit,1.0,0.00304742187773804,0,bipartite,0.0022380077,0,bipartite,0.0026427147097419705,0,bipartite,1,fan-in,0.8,0,,0.7,1,fan-in,0.8,1,gather-scatter,0.6,1,fan-in,0.8,0,,0.7,1,fan-in,0.8
amlc_00812,LI-Small,1,unknown,1.0,0.004977370362065669,0,gather-scatter,0.0641704,0,gather-scatter,0.034573882599960984,0,gather-scatter,0,,0.5,0,,0.5,1,fan-out,0.8,1,gather-scatter,0.6,1,fan-out,0.8,0,,0.7,0,,0.5
amlc_00813,LI-Small,0,legit,1103.0169082125603,0.00048034322413640794,0,fan-out,0.00486534,0,fan-out,0.002672841707072345,0,fan-out,0,,0.7,0,,0.7,1,random,0.8,1,gather-scatter,0.6,1,fan-out,0.8,1,fan-out,0.8,0,,0.5
amlc_00814,LI-Small,0,legit,1136.4420289855072,3.516924534545716e-05,0,bipartite,1.7710361e-05,0,bipartite,2.6439802967359865e-05,0,bipartite,1,fan-out,0.6,1,gather-scatter,0.6,1,fan-out,0.6,1,gather-scatter,0.6,1,gather-scatter,0.8,1,gather-scatter,0.8,0,,0.5
amlc_00815,LI-Small,0,legit,1100.3590361445783,3.487997806324355e-05,0,bipartite,2.819002e-05,0,bipartite,3.153499904197274e-05,0,bipartite,1,fan-in,0.6,1,scatter-gather,0.6,1,gather-scatter,0.6,1,gather-scatter,0.8,1,gather-scatter,0.8,1,gather-scatter,0.8,1,gather-scatter,0.8
amlc_00816,LI-Small,0,legit,1103.0169082125603,0.00021301025783719945,0,stack,0.000113119975,0,fan-out,0.0001630651172161218,0,fan-out,1,fan-out,0.6,1,fan-out,0.6,1,fan-out,0.8,1,gather-scatter,0.8,1,fan-out,0.8,0,,0.7,0,,0.5
amlc_00817,LI-Small,0,legit,1100.3590361445783,3.516924534545716e-05,0,bipartite,1.592203e-05,0,bipartite,2.554563807163373e-05,0,bipartite,1,fan-out,0.6,1,fan-out,0.6,1,fan-out,0.8,1,fan-out,0.8,1,fan-out,0.8,1,fan-out,0.8,1,fan-out,0.8
amlc_00818,LI-Small,0,legit,1136.4420289855072,3.5626204102236333e-05,0,bipartite,2.4539248e-05,0,stack,3.0082725272191e-05,0,stack,1,stack,0.8,1,fan-out,0.8,1,scatter-gather,0.8,1,gather-scatter,0.6,1,stack,0.8,0,,0.7,1,stack,0.8
amlc_00819,LI-Small,0,legit,1100.3590361445783,3.516924534545716e-05,0,bipartite,1.5521793e-05,0,bipartite,2.5345518678221706e-05,0,bipartite,1,fan-out,0.6,1,fan-out,0.6,1,fan-out,0.6,1,gather-scatter,0.8,1,fan-out,0.8,1,fan-out,0.8,0,,0.5
amlc_00820,LI-Small,1,unknown,1.0,0.0025551420438436638,0,fan-in,0.015335677,0,fan-in,0.008945409710861642,0,fan-in,1,fan-in,0.6,1,fan-in,0.6,1,fan-in,0.8,1,fan-in,0.8,1,fan-in,0.8,1,fan-in,0.8,1,fan-in,0.8
amlc_00821,LI-Small,0,legit,1.0,0.4655408644046535,0,fan-in,0.29562622,0,fan-in,0.38058355119656273,0,fan-in,1,fan-out,0.6,1,fan-out,0.8,1,scatter-gather,0.8,1,gather-scatter,0.6,1,scatter-gather,0.8,1,scatter-gather,0.8,1,gather-scatter,0.8
amlc_00822,LI-Small,0,legit,1103.0169082125603,0.005247591143315034,0,bipartite,0.009059565,0,fan-out,0.0071535778165931485,0,fan-out,1,fan-out,0.6,1,fan-out,0.6,1,fan-out,0.8,1,gather-scatter,0.8,1,fan-out,0.8,1,fan-out,0.8,0,,0.5
amlc_00823,LI-Small,0,legit,1100.3590361445783,3.557337617246665e-05,0,bipartite,7.2731666e-05,0,bipartite,5.4152520142850685e-05,0,bipartite,1,fan-out,0.8,1,fan-out,0.8,1,fan-out,0.8,1,gather-scatter,0.6,1,scatter-gather,0.8,1,scatter-gather,0.8,0,,0.5
amlc_00824,LI-Small,0,legit,1136.4420289855072,0.0013217036177462747,0,bipartite,0.00079541246,0,bipartite,0.0010585580385785009,0,bipartite,1,fan-out,0.8,1,gather-scatter,0.6,1,fan-in,0.6,1,gather-scatter,0.6,1,gather-scatter,0.8,1,gather-scatter,0.8,1,gather-scatter,0.8
amlc_00825,LI-Small,0,legit,1.0,0.653299389386619,1,bipartite,0.6390637,1,bipartite,0.6461815765025442,1,bipartite,1,gather-scatter,0.6,1,fan-in,0.6,1,random,0.8,1,gather-scatter,0.6,1,random,0.8,1,gather-scatter,0.8,1,gather-scatter,0.8
amlc_00826,LI-Small,0,legit,1100.3590361445783,3.516924534545716e-05,0,bipartite,1.0904479e-05,0,bipartite,2.3036861783765342e-05,0,bipartite,1,gather-scatter,0.6,1,gather-scatter,0.6,1,gather-scatter,0.8,1,gather-scatter,0.8,1,fan-out,0.8,1,gather-scatter,0.8,1,fan-out,0.8
amlc_00827,LI-Small,0,legit,1136.4420289855072,0.00011763507723058598,0,bipartite,4.781181e-05,0,bipartite,8.272344241475232e-05,0,bipartite,1,fan-out,0.6,1,fan-out,0.6,1,gather-scatter,0.8,1,gather-scatter,0.8,1,fan-out,0.8,1,gather-scatter,0.8,1,fan-out,0.8
amlc_00828,LI-Small,1,unknown,1.0,0.002448274008819352,0,fan-in,0.0067149615,0,fan-in,0.004581617703606134,0,fan-in,1,fan-in,0.6,1,fan-in,0.6,1,fan-in,0.6,1,gather-scatter,0.6,1,fan-in,0.8,1,fan-in,0.8,1,fan-in,0.8
amlc_00829,LI-Small,0,legit,1103.0169082125603,0.0026260426878063014,0,gather-scatter,0.0126674,0,gather-scatter,0.0076467209800644784,0,gather-scatter,1,fan-out,0.8,1,fan-out,0.8,1,fan-out,0.8,1,random,0.8,1,fan-out,0.8,0,,0.7,0,,0.5
amlc_00830,LI-Small,0,legit,1103.0169082125603,0.005813429671199228,0,bipartite,0.0039115697,0,bipartite,0.004862499692872716,0,bipartite,1,gather-scatter,0.6,0,,0.7,0,,0.7,1,cycle,0.8,0,,0.7,1,stack,0.8,1,fan-in,0.8
amlc_00831,LI-Small,1,unknown,1.0,0.015777270222588166,0,bipartite,0.021272544,0,bipartite,0.01852490720643788,0,bipartite,1,fan-out,0.8,1,fan-out,0.8,1,fan-out,0.6,1,gather-scatter,0.6,1,scatter-gather,0.8,1,gather-scatter,0.8,1,gather-scatter,0.8
amlc_00832,LI-Small,0,legit,1136.4420289855072,3.557337617246665e-05,0,fan-in,4.2061198e-05,0,bipartite,3.881728732307091e-05,0,fan-in,1,fan-out,0.6,1,fan-out,0.8,1,fan-out,0.8,1,gather-scatter,0.8,1,gather-scatter,0.8,1,gather-scatter,0.8,0,,0.5
amlc_00833,LI-Small,0,legit,1103.0169082125603,0.0009416311223621914,0,bipartite,0.0024605023,0,bipartite,0.0017010666750652468,0,bipartite,1,fan-out,0.8,1,fan-out,0.6,1,fan-out,0.8,1,gather-scatter,0.8,1,gather-scatter,0.8,1,fan-out,0.8,1,gather-scatter,0.8
amlc_00834,LI-Small,0,legit,1136.4420289855072,3.516924534545716e-05,0,bipartite,1.4295622e-05,0,bipartite,2.4732433756724786e-05,0,bipartite,1,fan-out,0.8,1,fan-out,0.6,1,fan-out,0.6,1,gather-scatter,0.6,1,fan-out,0.8,1,gather-scatter,0.8,0,,0.5
amlc_00835,LI-Small,0,legit,1103.0169082125603,3.516924534545716e-05,0,bipartite,1.6609629e-05,0,bipartite,2.5889436891446674e-05,0,bipartite,1,fan-out,0.6,1,fan-out,0.8,1,fan-out,0.6,1,fan-out,0.6,1,scatter-gather,0.8,1,gather-scatter,0.8,1,fan-out,0.8
amlc_00836,LI-Small,0,legit,1136.4420289855072,0.00011439237113617003,0,bipartite,5.51956e-05,0,bipartite,8.479398593094021e-05,0,bipartite,1,fan-out,0.6,1,fan-out,0.6,1,fan-out,0.8,1,gather-scatter,0.6,1,scatter-gather,0.8,1,scatter-gather,0.8,1,fan-out,0.8
amlc_00837,LI-Small,1,unknown,1.0,0.0014548360035639876,0,fan-in,0.0033537939,0,fan-in,0.0024043149147590934,0,fan-in,1,fan-in,0.6,1,fan-in,0.6,1,fan-in,0.6,1,gather-scatter,0.6,1,fan-in,0.8,1,fan-in,0.8,1,fan-in,0.8
amlc_00838,LI-Small,0,legit,1.0,0.21789087451458,0,bipartite,0.028880775,0,bipartite,0.12338582548975956,0,bipartite,1,fan-in,0.6,1,fan-in,0.6,1,fan-in,0.8,1,gather-scatter,0.6,1,fan-in,0.8,1,fan-in,0.8,1,fan-in,0.8
amlc_00839,LI-Small,0,legit,1136.4420289855072,3.557337617246665e-05,0,bipartite,4.8924598e-05,0,bipartite,4.224898909382172e-05,0,bipartite,1,fan-out,0.6,1,fan-out,0.6,1,scatter-gather,0.8,1,gather-scatter,0.8,1,gather-scatter,0.8,1,fan-out,0.8,1,gather-scatter,0.8
amlc_00840,LI-Small,1,unknown,1.0,0.0007062081420822481,0,gather-scatter,0.0034729918,0,gather-scatter,0.0020895999710089735,0,gather-scatter,0,,0.5,0,,0.5,1,fan-out,0.8,1,gather-scatter,0.6,1,fan-out,0.8,0,,0.7,0,,0.5
amlc_00841,LI-Small,0,legit,1100.3590361445783,5.517524092922421e-05,0,bipartite,7.9292244e-05,0,bipartite,6.723374161402911e-05,0,bipartite,1,fan-out,0.6,1,scatter-gather,0.6,1,fan-out,0.8,1,gather-scatter,0.8,1,gather-scatter,0.8,1,gather-scatter,0.8,1,gather-scatter,0.8
amlc_00842,LI-Small,0,legit,1100.3590361445783,3.516924534545716e-05,0,bipartite,1.7375201e-05,0,bipartite,2.6272223384438404e-05,0,bipartite,1,fan-out,0.6,1,scatter-gather,0.6,1,random,0.8,1,gather-scatter,0.8,1,scatter-gather,0.8,1,gather-scatter,0.8,1,scatter-gather,0.8
amlc_00843,LI-Small,1,unknown,1.0,0.036405321121880246,0,bipartite,0.02550036,0,bipartite,0.030952840812836502,0,bipartite,1,fan-out,0.6,1,fan-out,0.6,1,scatter-gather,0.8,1,fan-out,0.6,1,fan-out,0.8,1,fan-out,0.8,1,fan-out,0.8
amlc_00844,LI-Small,0,legit,1136.4420289855072,3.487997806324355e-05,0,bipartite,1.8595741e-05,0,bipartite,2.673785977872653e-05,0,bipartite,1,fan-out,0.6,1,fan-out,0.8,1,gather-scatter,0.6,1,gather-scatter,0.6,1,scatter-gather,0.8,1,scatter-gather,0.8,1,scatter-gather,0.8
amlc_00845,LI-Small,0,legit,1100.3590361445783,3.516924534545716e-05,0,bipartite,2.60243e-05,0,bipartite,3.059677210214301e-05,0,bipartite,1,fan-out,0.6,1,fan-out,0.6,1,fan-out,0.8,1,random,0.8,1,gather-scatter,0.8,1,fan-out,0.8,1,scatter-gather,0.8
amlc_00846,LI-Small,0,legit,1136.4420289855072,3.526862127697342e-05,0,bipartite,3.723047e-05,0,stack,3.624954515074037e-05,0,stack,1,fan-out,0.8,1,fan-in,0.6,1,fan-out,0.6,1,gather-scatter,0.8,1,fan-in,0.8,1,random,0.8,1,scatter-gather,0.8
amlc_00847,LI-Small,1,unknown,1.0,0.003941999086837379,0,bipartite,0.032754295,0,bipartite,0.0183481462717555,0,bipartite,0,,0.5,0,,0.5,1,fan-out,0.8,1,gather-scatter,0.8,1,fan-out,0.8,1,fan-out,0.8,0,,0.5
amlc_00848,LI-Small,0,legit,1103.0169082125603,0.00259815647812828,0,fan-in,0.0052135065,0,fan-in,0.0039058314523952435,0,fan-in,1,fan-in,0.6,1,fan-in,0.6,1,fan-in,0.6,1,gather-scatter,0.8,1,fan-in,0.8,1,fan-in,0.8,1,fan-in,0.8
amlc_00849,LI-Small,0,legit,1100.3590361445783,3.557337617246665e-05,0,bipartite,3.6357735e-05,0,bipartite,3.5965554680331836e-05,0,bipartite,1,fan-out,0.6,1,fan-out,0.6,1,fan-out,0.8,1,gather-scatter,0.6,1,gather-scatter,0.8,1,fan-out,0.8,1,gather-scatter,0.8
amlc_00850,LI-Small,0,legit,1100.3590361445783,3.516924534545716e-05,0,bipartite,1.6468763e-05,0,bipartite,2.5819003075156216e-05,0,bipartite,1,fan-out,0.6,1,scatter-gather,0.6,0,,0.7,1,gather-scatter,0.8,1,gather-scatter,0.8,1,gather-scatter,0.8,1,gather-scatter,0.8
amlc_00851,LI-Small,0,legit,1100.3590361445783,3.526862127697342e-05,0,bipartite,5.5438082e-05,0,stack,4.535335319345009e-05,0,stack,1,fan-in,0.6,1,stack,0.8,1,fan-in,0.8,1,fan-out,0.6,1,gather-scatter,0.8,1,gather-scatter,0.8,1,gather-scatter,0.8
amlc_00852,LI-Small,0,legit,1100.3590361445783,3.557337617246665e-05,0,bipartite,3.6416954e-05,0,bipartite,3.599516400794381e-05,0,bipartite,1,fan-out,0.6,1,fan-out,0.6,1,fan-out,0.6,1,gather-scatter,0.6,1,fan-out,0.8,1,fan-out,0.8,0,,0.5
amlc_00853,LI-Small,0,legit,1103.0169082125603,0.005508092909902457,0,fan-out,0.0063352,0,fan-out,0.005921646453365745,0,fan-out,1,fan-out,0.8,1,stack,0.8,1,fan-out,0.8,1,gather-scatter,0.6,1,fan-out,0.8,0,,0.7,0,,0.5
amlc_00854,LI-Small,1,unknown,1.0,0.028281605683043935,0,bipartite,0.047753446,0,bipartite,0.038017525743581526,0,bipartite,1,fan-out,0.6,1,fan-out,0.6,1,fan-out,0.8,1,random,0.8,1,fan-out,0.8,1,fan-out,0.8,0,,0.5
amlc_00855,LI-Small,0,legit,1103.0169082125603,3.557337617246665e-05,0,bipartite,3.2995515e-05,0,bipartite,3.428444485547369e-05,0,bipartite,1,fan-out,0.6,1,fan-out,0.8,1,fan-out,0.8,1,random,0.8,1,fan-out,0.8,1,scatter-gather,0.8,1,gather-scatter,0.8
amlc_00856,LI-Small,0,legit,1103.0169082125603,0.0036610103928603963,0,gather-scatter,0.015753876,0,gather-scatter,0.009707443777896873,0,gather-scatter,1,fan-out,0.8,1,fan-out,0.6,1,fan-out,0.8,1,fan-out,0.6,1,fan-out,0.8,1,fan-out,0.8,0,,0.5
amlc_00857,LI-Small,0,legit,1103.0169082125603,0.006019242973364501,0,fan-in,0.020186048,0,fan-in,0.013102645394075468,0,fan-in,1,fan-out,0.8,1,gather-scatter,0.6,1,scatter-gather,0.8,1,gather-scatter,0.8,1,gather-scatter,0.8,1,gather-scatter,0.8,1,gather-scatter,0.8
amlc_00858,LI-Small,0,legit,1100.3590361445783,3.526862127697342e-05,0,bipartite,4.214064e-05,0,bipartite,3.870462932794012e-05,0,bipartite,1,stack,0.8,1,fan-out,0.8,1,gather-scatter,0.8,1,gather-scatter,0.8,1,gather-scatter,0.8,1,gather-scatter,0.8,1,gather-scatter,0.8
amlc_00859,LI-Small,1,unknown,1.0,0.01860874147226451,0,bipartite,0.050976515,0,bipartite,0.03479262777174531,0,bipartite,1,gather-scatter,0.6,1,fan-out,0.6,1,scatter-gather,0.6,1,gather-scatter,0.6,1,gather-scatter,0.8,1,gather-scatter,0.8,1,gather-scatter,0.8
amlc_00860,LI-Small,0,legit,1103.0169082125603,3.557337617246665e-05,0,bipartite,3.796833e-05,0,bipartite,3.6770852575899326e-05,0,bipartite,1,fan-out,0.6,1,scatter-gather,0.6,1,scatter-gather,0.8,1,gather-scatter,0.8,1,gather-scatter,0.8,1,gather-scatter,0.8,1,gather-scatter,0.8
amlc_00861,LI-Small,0,legit,1103.0169082125603,3.557337617246665e-05,0,bipartite,4.184357e-05,0,bipartite,3.8708473194163516e-05,0,bipartite,1,gather-scatter,0.6,1,fan-in,0.6,1,scatter-gather,0.8,1,gather-scatter,0.6,1,gather-scatter,0.8,1,gather-scatter,0.8,1,gather-scatter,0.8
amlc_00862,LI-Small,1,unknown,1.0,0.0004127299170852853,0,gather-scatter,0.003931285,0,gather-scatter,0.0021720072599083757,0,gather-scatter,0,,0.5,0,,0.5,1,fan-out,0.8,1,gather-scatter,0.6,1,fan-out,0.8,1,fan-out,0.8,0,,0.5
amlc_00863,LI-Small,0,legit,1136.4420289855072,0.00012627526912835572,0,bipartite,0.0001389631,0,bipartite,0.00013261918807400927,0,bipartite,1,gather-scatter,0.6,1,cycle,0.8,1,fan-out,0.8,1,gather-scatter,0.6,1,gather-scatter,0.8,1,fan-in,0.8,1,gather-scatter,0.8
amlc_00864,LI-Small,0,legit,1136.4420289855072,3.557337617246665e-05,0,bipartite,3.2580945e-05,0,bipartite,3.407715973520534e-05,0,bipartite,1,fan-out,0.6,1,fan-out,0.6,1,scatter-gather,0.6,1,scatter-gather,0.8,1,gather-scatter,0.8,1,gather-scatter,0.8,1,gather-scatter,0.8
amlc_00865,LI-Small,1,unknown,1.0,0.001011468965020624,0,fan-in,0.010925548,0,gather-scatter,0.005968508651210291,0,fan-in,0,,0.5,0,,0.5,1,fan-out,0.8,1,scatter-gather,0.8,1,fan-out,0.8,1,fan-out,0.8,0,,0.5
amlc_00866,LI-Small,1,unknown,1.0,0.016469965741316955,0,bipartite,0.039660044,0,bipartite,0.028065006740530574,0,bipartite,1,fan-out,0.6,1,fan-in,0.8,1,gather-scatter,0.8,1,gather-scatter,0.8,1,gather-scatter,0.8,1,random,0.8,1,gather-scatter,0.8
amlc_00867,LI-Small,0,legit,1103.0169082125603,3.557337617246665e-05,0,bipartite,2.457052e-05,0,bipartite,3.007194643072434e-05,0,bipartite,1,fan-out,0.6,1,fan-out,0.6,1,fan-out,0.8,1,gather-scatter,0.6,1,scatter-gather,0.8,1,gather-scatter,0.8,1,scatter-gather,0.8
amlc_00868,LI-Small,0,legit,1.0,0.6971766886665481,1,bipartite,0.5289276,1,bipartite,0.6130521534658501,1,bipartite,0,,0.7,0,,0.7,1,fan-out,0.6,1,fan-out,0.6,0,,0.7,1,stack,0.8,0,,0.7
amlc_00869,LI-Small,0,legit,1103.0169082125603,0.0016071256448765964,0,fan-in,0.009444816,0,fan-in,0.005525970515481649,0,fan-in,1,fan-out,0.6,1,fan-out,0.6,1,fan-out,0.8,1,gather-scatter,0.6,1,scatter-gather,0.8,1,fan-out,0.8,1,fan-out,0.8
amlc_00870,LI-Small,0,legit,1136.4420289855072,0.00028411684606138453,0,bipartite,0.00048306995,0,bipartite,0.0003835933820899009,0,bipartite,1,fan-out,0.6,1,gather-scatter,0.6,1,scatter-gather,0.8,1,gather-scatter,0.6,1,gather-scatter,0.8,1,gather-scatter,0.8,1,gather-scatter,0.8
amlc_00871,LI-Small,0,legit,1136.4420289855072,0.000740287977463814,0,fan-out,0.006839852,0,bipartite,0.0037900701459531046,0,fan-out,0,,0.5,0,,0.5,1,fan-out,0.8,1,random,0.8,1,fan-out,0.8,1,fan-out,0.8,0,,0.5
amlc_00872,LI-Small,1,unknown,1.0,0.21827364678577194,0,stack,0.1234524,0,stack,0.17086301801301843,0,stack,1,fan-out,0.6,1,fan-out,0.6,1,fan-out,0.8,1,gather-scatter,0.6,1,fan-out,0.8,1,fan-out,0.8,1,fan-out,0.8
amlc_00873,LI-Small,0,legit,1.0,0.8464734322123177,1,bipartite,0.72971934,1,bipartite,0.7880963805463139,1,bipartite,0,stack,0.7,1,fan-out,0.8,0,,0.7,1,cycle,0.8,0,,0.7,1,stack,0.8,0,,0.7
amlc_00874,LI-Small,0,legit,1100.3590361445783,3.557337617246665e-05,0,bipartite,7.2359435e-05,0,bipartite,5.396640114707987e-05,0,bipartite,1,fan-out,0.6,1,fan-out,0.6,1,gather-scatter,0.8,1,bipartite,0.8,1,fan-out,0.8,1,gather-scatter,0.8,1,gather-scatter,0.8
amlc_00875,LI-Small,0,legit,1100.3590361445783,3.516924534545716e-05,0,bipartite,1.6088325e-05,0,bipartite,2.5628785714360273e-05,0,bipartite,1,fan-out,0.6,1,gather-scatter,0.6,1,gather-scatter,0.8,1,gather-scatter,0.8,1,scatter-gather,0.8,1,gather-scatter,0.8,1,gather-scatter,0.8
amlc_00876,LI-Small,0,legit,1.0,0.5214357153440365,1,bipartite,0.3416099,0,bipartite,0.4315227963459914,0,bipartite,1,stack,0.8,1,fan-out,0.6,1,gather-scatter,0.6,1,gather-scatter,0.8,1,gather-scatter,0.8,1,stack,0.8,1,gather-scatter,0.8
amlc_00877,LI-Small,0,legit,1.0,0.7446131003599656,1,bipartite,0.36295003,0,bipartite,0.5537815606942422,1,bipartite,0,,0.7,0,cycle,0.7,1,bipartite,0.8,1,fan-in,0.8,0,,0.7,0,,0.7,1,fan-in,0.8
amlc_00878,LI-Small,0,legit,1.0,0.6934732259240617,1,bipartite,0.21242175,0,bipartite,0.45294749219849056,0,bipartite,1,fan-out,0.6,1,fan-out,0.6,1,fan-out,0.8,1,scatter-gather,0.6,1,gather-scatter,0.8,1,gather-scatter,0.8,1,fan-out,0.8
amlc_00879,LI-Small,0,legit,1100.3590361445783,3.516924534545716e-05,0,bipartite,2.1806083e-05,0,bipartite,2.8487663529375423e-05,0,bipartite,1,fan-out,0.6,1,fan-out,0.6,1,gather-scatter,0.8,1,random,0.8,1,fan-out,0.8,1,gather-scatter,0.8,1,gather-scatter,0.8
amlc_00880,LI-Small,0,legit,1100.3590361445783,3.557337617246665e-05,0,bipartite,3.8275222e-05,0,stack,3.692429924780153e-05,0,stack,1,scatter-gather,0.8,1,fan-out,0.6,1,gather-scatter,0.8,1,fan-out,0.6,1,gather-scatter,0.8,1,gather-scatter,0.8,1,gather-scatter,0.8
amlc_00881,LI-Small,0,legit,1100.3590361445783,3.516924534545716e-05,0,bipartite,3.583474e-05,0,bipartite,3.550199062257758e-05,0,bipartite,1,fan-out,0.8,1,fan-out,0.6,1,scatter-gather,0.6,1,gather-scatter,0.8,1,fan-out,0.8,1,gather-scatter,0.8,1,gather-scatter,0.8
amlc_00882,LI-Small,0,legit,1.0,0.45805112582613516,0,bipartite,0.3530333,0,bipartite,0.4055422060796096,0,bipartite,0,,0.7,1,fan-in,0.6,1,fan-in,0.6,1,gather-scatter,0.6,1,fan-in,0.8,1,fan-in,0.8,1,fan-in,0.8
amlc_00883,LI-Small,0,legit,1.0,0.25745032523628847,0,bipartite,0.5007328,1,bipartite,0.37909154044864957,0,bipartite,1,fan-in,0.6,1,gather-scatter,0.6,1,gather-scatter,0.6,1,gather-scatter,0.6,1,gather-scatter,0.8,1,gather-scatter,0.8,1,gather-scatter,0.8
amlc_00884,LI-Small,0,legit,1103.0169082125603,0.002167963327698374,0,bipartite,0.0037529443,0,fan-out,0.002960453775174898,0,fan-out,1,fan-out,0.6,1,fan-out,0.6,1,random,0.8,1,gather-scatter,0.8,1,fan-out,0.8,0,,0.7,0,,0.5
amlc_00885,LI-Small,0,legit,1136.4420289855072,3.516924534545716e-05,0,bipartite,1.7521168e-05,0,fan-out,2.6345206241529523e-05,0,fan-out,1,fan-out,0.6,1,scatter-gather,0.8,1,scatter-gather,0.8,1,gather-scatter,0.8,1,fan-out,0.8,1,gather-scatter,0.8,1,fan-out,0.8
amlc_00886,LI-Small,0,legit,1136.4420289855072,3.557337617246665e-05,0,bipartite,2.4473144e-05,0,bipartite,3.002325954224797e-05,0,bipartite,1,fan-out,0.6,1,fan-out,0.6,1,random,0.8,1,gather-scatter,0.6,1,fan-out,0.8,1,fan-out,0.8,1,fan-out,0.8
amlc_00887,LI-Small,1,unknown,1.0,0.0010556926409174532,0,fan-in,0.0073923543,0,fan-in,0.004224023521804289,0,fan-in,1,fan-out,0.6,1,gather-scatter,0.6,1,fan-out,0.8,1,gather-scatter,0.6,1,gather-scatter,0.8,1,gather-scatter,0.8,1,scatter-gather,0.8
amlc_00888,LI-Small,1,unknown,1.0,0.01121195954426382,0,bipartite,0.04135088,0,bipartite,0.026281416738253106,0,bipartite,1,fan-out,0.6,1,fan-out,0.6,1,fan-out,0.6,1,gather-scatter,0.6,1,fan-out,0.8,1,fan-out,0.8,1,fan-out,0.8
amlc_00889,LI-Small,0,legit,1136.4420289855072,0.0006396600368916746,0,bipartite,0.0019794102,0,bipartite,0.0013095350632220386,0,bipartite,1,fan-in,0.6,1,random,0.8,1,fan-in,0.6,1,fan-in,0.6,1,fan-in,0.8,0,,0.7,1,fan-in,0.8
amlc_00890,LI-Small,0,legit,1103.0169082125603,3.557337617246665e-05,0,bipartite,2.585135e-05,0,bipartite,3.0712363486998936e-05,0,bipartite,1,fan-out,0.8,1,fan-out,0.6,1,fan-out,0.6,1,gather-scatter,0.8,1,fan-out,0.8,1,stack,0.8,1,fan-out,0.8
amlc_00891,LI-Small,0,legit,1136.4420289855072,3.522397773450737e-05,0,bipartite,2.5126956e-05,0,bipartite,3.0175466370389486e-05,0,bipartite,1,fan-out,0.6,1,gather-scatter,0.8,1,fan-out,0.6,1,random,0.8,1,scatter-gather,0.8,1,scatter-gather,0.8,0,,0.5
amlc_00892,LI-Small,0,legit,1.0,3.5626204102236333e-05,0,bipartite,4.670397e-05,0,stack,4.116508792500548e-05,0,stack,1,fan-out,0.6,1,fan-out,0.6,1,scatter-gather,0.8,1,gather-scatter,0.6,1,fan-out,0.8,1,gather-scatter,0.8,1,gather-scatter,0.8
amlc_00893,LI-Small,0,legit,1.0,3.5626204102236333e-05,0,bipartite,3.593131e-05,0,stack,3.577875689367369e-05,0,stack,1,fan-out,0.6,1,fan-out,0.8,1,fan-out,0.8,1,gather-scatter,0.8,1,fan-out,0.8,1,gather-scatter,0.8,1,gather-scatter,0.8
amlc_00894,LI-Small,0,legit,1136.4420289855072,3.526862127697342e-05,0,bipartite,2.1611253e-05,0,stack,2.8439936972818174e-05,0,stack,1,fan-out,0.6,1,fan-out,0.8,1,fan-out,0.6,1,gather-scatter,0.6,1,fan-out,0.8,1,fan-out,0.8,1,fan-out,0.8
amlc_00895,LI-Small,1,unknown,1.0,0.003953676973891588,0,fan-in,0.0062691146,0,fan-in,0.0051113956260742405,0,fan-in,1,fan-in,0.6,1,fan-out,0.6,1,fan-out,0.8,1,gather-scatter,0.6,1,fan-in,0.8,1,gather-scatter,0.8,1,scatter-gather,0.8
amlc_00896,LI-Small,0,legit,1136.4420289855072,0.0009858824959974107,0,bipartite,0.0007419097,0,bipartite,0.0008638961098631529,0,bipartite,1,scatter-gather,0.8,1,fan-out,0.6,1,fan-out,0.8,1,gather-scatter,0.8,1,gather-scatter,0.8,1,random,0.8,1,gather-scatter,0.8
amlc_00897,LI-Small,1,unknown,1.0,0.002411371206632565,0,fan-in,0.041990668,0,fan-in,0.022201020139153455,0,fan-in,1,scatter-gather,0.6,1,fan-out,0.6,1,gather-scatter,0.8,1,gather-scatter,0.6,1,gather-scatter,0.8,1,gather-scatter,0.8,1,gather-scatter,0.8
amlc_00898,LI-Small,1,unknown,1.0,0.006027605631090444,0,fan-out,0.0544477,0,fan-out,0.03023765248464407,0,fan-out,0,,0.5,0,,0.5,0,,0.7,1,random,0.8,1,fan-out,0.8,0,,0.7,0,,0.5
amlc_00899,LI-Small,0,legit,1136.4420289855072,3.557337617246665e-05,0,bipartite,4.4055407e-05,0,bipartite,3.9814390739082585e-05,0,bipartite,1,fan-out,0.6,1,gather-scatter,0.6,1,gather-scatter,0.6,1,gather-scatter,0.6,1,fan-out,0.8,1,gather-scatter,0.8,1,gather-scatter,0.8
amlc_00900,LI-Small,0,legit,1.0,0.8294302968615339,1,bipartite,0.79893005,1,bipartite,0.8141801788625145,1,bipartite,1,gather-scatter,0.6,0,,0.7,1,fan-in,0.6,1,gather-scatter,0.8,1,gather-scatter,0.8,1,gather-scatter,0.8,1,gather-scatter,0.8
amlc_00901,LI-Small,0,legit,1100.3590361445783,3.487997806324355e-05,0,bipartite,2.1977423e-05,0,bipartite,2.8428700287398937e-05,0,bipartite,1,fan-out,0.6,1,fan-out,0.6,1,gather-scatter,0.6,1,gather-scatter,0.8,1,gather-scatter,0.8,1,gather-scatter,0.8,1,gather-scatter,0.8
amlc_00902,LI-Small,1,unknown,1.0,0.003824083973761213,0,bipartite,0.008030579,0,stack,0.005927331420181102,0,stack,1,fan-out,0.6,1,fan-out,0.6,1,fan-in,0.8,1,gather-scatter,0.8,1,gather-scatter,0.8,1,gather-scatter,0.8,1,gather-scatter,0.8
amlc_00903,LI-Small,1,unknown,1.0,0.0037834434982188156,0,fan-in,0.020463625,0,fan-out,0.012123533768010519,0,fan-out,0,,0.5,0,,0.5,1,bipartite,0.8,1,fan-out,0.6,1,fan-out,0.8,1,fan-out,0.8,0,,0.5
amlc_00904,LI-Small,0,legit,1100.3590361445783,3.516924534545716e-05,0,bipartite,3.412455e-05,0,bipartite,3.46468982558859e-05,0,bipartite,1,fan-out,0.6,1,fan-out,0.6,1,fan-out,0.6,1,gather-scatter,0.8,1,gather-scatter,0.8,1,gather-scatter,0.8,1,gather-scatter,0.8
amlc_00905,LI-Small,0,legit,1100.3590361445783,3.5964231362429076e-05,0,cycle,2.5128935e-05,0,scatter-gather,3.0546583260282684e-05,0,cycle,1,fan-out,0.8,1,fan-out,0.8,1,scatter-gather,0.6,1,gather-scatter,0.6,1,gather-scatter,0.8,1,gather-scatter,0.8,1,gather-scatter,0.8
amlc_00906,LI-Small,0,legit,1103.0169082125603,0.003052939395060386,0,bipartite,0.0018665204,0,bipartite,0.0024597299120452235,0,bipartite,1,scatter-gather,0.6,1,fan-out,0.8,1,fan-in,0.6,1,random,0.8,1,scatter-gather,0.8,1,random,0.8,1,gather-scatter,0.8
amlc_00907,LI-Small,1,unknown,1.0,0.0014134424712075482,0,fan-out,0.017850447,0,fan-out,0.009631945144922221,0,fan-out,1,fan-out,0.6,1,fan-out,0.6,1,fan-out,0.8,1,gather-scatter,0.8,1,fan-out,0.8,1,fan-out,0.8,0,,0.5
amlc_00908,LI-Small,0,legit,1136.4420289855072,0.00013235044745589674,0,bipartite,7.3967036e-05,0,stack,0.00010315874165785998,0,stack,1,cycle,0.8,1,gather-scatter,0.8,1,fan-out,0.6,1,gather-scatter,0.6,1,gather-scatter,0.8,1,gather-scatter,0.8,1,gather-scatter,0.8
amlc_00909,LI-Small,1,unknown,1.0,0.016005841278550988,0,bipartite,0.07039314,0,bipartite,0.043199489456175744,0,bipartite,1,scatter-gather,0.6,1,fan-out,0.6,1,random,0.8,1,gather-scatter,0.6,1,gather-scatter,0.8,1,gather-scatter,0.8,1,gather-scatter,0.8
amlc_00910,LI-Small,1,unknown,1.0,0.01900138513147382,0,bipartite,0.03698624,0,bipartite,0.027993812006709716,0,bipartite,0,,0.7,1,random,0.8,0,,0.7,1,gather-scatter,0.6,1,fan-in,0.8,1,random,0.8,1,gather-scatter,0.8
amlc_00911,LI-Small,0,legit,1.0,0.72674909102552,1,bipartite,0.39383268,0,bipartite,0.5602908932548407,1,bipartite,1,fan-out,0.6,1,scatter-gather,0.6,1,fan-out,0.6,1,gather-scatter,0.6,1,gather-scatter,0.8,1,gather-scatter,0.8,1,fan-out,0.8
amlc_00912,LI-Small,0,legit,1103.0169082125603,0.0034642811464071993,0,fan-in,0.013929555,0,fan-in,0.00869691779696945,0,fan-in,1,fan-in,0.8,1,scatter-gather,0.8,1,gather-scatter,0.6,1,gather-scatter,0.6,1,fan-in,0.8,1,fan-in,0.8,1,fan-in,0.8
amlc_00913,LI-Small,0,legit,1136.4420289855072,3.516924534545716e-05,0,bipartite,1.3141886e-05,0,bipartite,2.41555660056461e-05,0,bipartite,1,fan-out,0.6,1,gather-scatter,0.6,1,fan-out,0.6,1,gather-scatter,0.8,1,gather-scatter,0.8,1,gather-scatter,0.8,1,gather-scatter,0.8
amlc_00914,LI-Small,0,legit,1103.0169082125603,0.009599587170028182,0,fan-out,0.022136105,0,fan-out,0.015867847221714006,0,fan-out,0,,0.5,0,,0.5,1,fan-out,0.6,1,gather-scatter,0.8,1,fan-out,0.8,0,,0.7,0,,0.5
amlc_00915,LI-Small,1,unknown,1.0,0.012094976200778741,0,fan-in,0.010137056,0,fan-in,0.011116015914390215,0,fan-in,1,fan-in,0.6,1,fan-in,0.6,1,fan-in,0.6,1,fan-in,0.6,1,fan-in,0.8,1,fan-in,0.8,1,fan-in,0.8
amlc_00916,LI-Small,0,legit,1.0,0.026041871384139364,0,bipartite,0.0820186,0,bipartite,0.05403023738431707,0,bipartite,1,gather-scatter,0.6,1,fan-in,0.6,1,gather-scatter,0.8,1,gather-scatter,0.6,1,fan-in,0.8,1,gather-scatter,0.8,1,gather-scatter,0.8
amlc_00917,LI-Small,0,legit,1103.0169082125603,0.008383309613249533,0,bipartite,0.0024346374,0,bipartite,0.005408973505388614,0,bipartite,0,,0.7,0,,0.7,0,,0.7,1,fan-in,0.6,0,,0.7,0,,0.7,0,,0.7
amlc_00918,LI-Small,1,unknown,1.0,0.023585495906344532,0,bipartite,0.041322496,0,stack,0.032453995474811134,0,stack,1,gather-scatter,0.6,1,gather-scatter,0.6,1,cycle,0.8,1,gather-scatter,0.6,1,gather-scatter,0.8,1,gather-scatter,0.8,1,random,0.8
amlc_00919,LI-Small,1,unknown,1.0,0.027027127147790358,0,bipartite,0.029186342,0,bipartite,0.02810673415714332,0,bipartite,1,fan-out,0.6,1,fan-out,0.6,1,fan-out,0.8,1,gather-scatter,0.6,1,fan-out,0.8,1,fan-out,0.8,1,fan-out,0.8
amlc_00920,LI-Small,0,legit,1103.0169082125603,0.004627633975485418,0,gather-scatter,0.031034028,0,gather-scatter,0.01783083106653862,0,gather-scatter,0,,0.5,0,,0.5,1,fan-out,0.6,0,random,0.7,1,fan-out,0.8,1,scatter-gather,0.8,0,,0.5
amlc_00921,LI-Small,0,legit,1136.4420289855072,0.0028197880562803564,0,cycle,0.0019592005,0,cycle,0.002389494246264866,0,cycle,1,fan-out,0.6,1,fan-out,0.6,1,fan-out,0.8,1,gather-scatter,0.6,1,fan-out,0.8,1,gather-scatter,0.8,1,gather-scatter,0.8
amlc_00922,LI-Small,0,legit,1.0,0.897713313164601,1,bipartite,0.73724663,1,bipartite,0.8174799609493659,1,bipartite,0,,0.7,1,bipartite,0.8,0,,0.7,0,,0.7,0,,0.7,0,,0.7,0,,0.7
amlc_00923,LI-Small,0,legit,1100.3590361445783,0.00011481900634049256,0,bipartite,0.00019690613,0,bipartite,0.00015586257675798053,0,bipartite,1,fan-out,0.6,1,fan-out,0.6,1,fan-out,0.8,1,gather-scatter,0.6,1,fan-out,0.8,1,fan-out,0.8,1,fan-out,0.8
amlc_00924,LI-Small,0,legit,1100.3590361445783,0.0002354601855187655,0,bipartite,0.00020411247,0,bipartite,0.00021978632969702483,0,bipartite,1,fan-out,0.6,1,gather-scatter,0.8,1,gather-scatter,0.6,1,gather-scatter,0.8,1,gather-scatter,0.8,1,gather-scatter,0.8,1,gather-scatter,0.8
amlc_00925,LI-Small,0,legit,1.0,0.5741172623122899,1,bipartite,0.67848206,1,bipartite,0.6262996768695697,1,bipartite,1,fan-in,0.6,1,stack,0.8,1,bipartite,0.8,1,gather-scatter,0.8,1,gather-scatter,0.8,1,gather-scatter,0.8,1,gather-scatter,0.8
amlc_00926,LI-Small,1,unknown,1.0,0.0003846738494447487,0,bipartite,0.0020382076,0,fan-out,0.0012114407847392864,0,fan-out,0,,0.5,0,,0.5,1,fan-out,0.6,1,random,0.8,1,fan-out,0.8,1,fan-out,0.8,0,,0.5
amlc_00927,LI-Small,0,legit,1100.3590361445783,0.0004384736454866469,0,bipartite,0.00011618228,0,bipartite,0.0002773279635611743,0,bipartite,1,random,0.8,0,stack,0.7,0,,0.7,1,gather-scatter,0.8,1,random,0.8,1,random,0.8,0,,0.7
amlc_00928,LI-Small,0,legit,1100.3590361445783,0.0002618199558172795,0,gather-scatter,0.00021614265,0,fan-out,0.0002389813086687797,0,fan-out,1,fan-out,0.6,1,scatter-gather,0.8,1,scatter-gather,0.8,1,gather-scatter,0.6,1,gather-scatter,0.8,1,gather-scatter,0.8,1,gather-scatter,0.8
amlc_00929,LI-Small,0,legit,1100.3590361445783,3.516924534545716e-05,0,gather-scatter,2.9580167e-05,0,bipartite,3.237470673295189e-05,0,gather-scatter,1,fan-out,0.6,1,fan-out,0.6,1,fan-out,0.8,1,gather-scatter,0.6,1,fan-out,0.8,1,fan-out,0.8,0,,0.5
amlc_00930,LI-Small,0,legit,1136.4420289855072,0.0007262201656690308,0,fan-in,0.00036905071,0,fan-out,0.0005476354459817742,0,fan-out,1,fan-out,0.6,1,fan-out,0.6,1,fan-out,0.8,1,gather-scatter,0.8,1,gather-scatter,0.8,1,gather-scatter,0.8,1,gather-scatter,0.8
amlc_00931,LI-Small,0,legit,1.0,0.8968792097899005,1,bipartite,0.7367479,1,bipartite,0.8168135591910624,1,bipartite,1,fan-out,0.6,1,fan-out,0.6,1,scatter-gather,0.8,1,gather-scatter,0.8,1,fan-in,0.8,1,fan-in,0.8,1,fan-in,0.8
amlc_00932,LI-Small,0,legit,1.0,0.8896871706245859,1,stack,0.933901,1,bipartite,0.9117941032051305,1,stack,1,stack,0.8,1,stack,0.8,1,scatter-gather,0.8,1,gather-scatter,0.6,1,fan-in,0.8,1,fan-in,0.8,1,gather-scatter,0.8
amlc_00933,LI-Small,0,legit,1136.4420289855072,0.0009002035902530275,0,bipartite,0.0008411004,0,bipartite,0.0008706519938863974,0,bipartite,0,,0.7,0,cycle,0.7,0,,0.7,1,cycle,0.8,1,fan-in,0.8,0,,0.7,1,fan-in,0.8
amlc_00934,LI-Small,0,legit,1.0,0.26405641519490086,0,bipartite,0.048901953,0,bipartite,0.15647918586166304,0,bipartite,1,fan-in,0.6,0,,0.7,0,,0.7,1,gather-scatter,0.6,1,fan-in,0.8,1,gather-scatter,0.8,1,gather-scatter,0.8
amlc_00935,LI-Small,0,legit,1136.4420289855072,3.526862127697342e-05,0,bipartite,2.324552e-05,0,stack,2.9257070486737718e-05,0,stack,1,fan-out,0.6,1,fan-out,0.6,1,scatter-gather,0.8,1,gather-scatter,0.6,1,fan-out,0.8,1,fan-out,0.8,1,fan-out,0.8
amlc_00936,LI-Small,0,legit,1103.0169082125603,0.00174752019525411,0,stack,0.00043661305,0,fan-out,0.0010920666289417932,0,fan-out,1,scatter-gather,0.6,1,fan-out,0.8,0,,0.7,1,gather-scatter,0.6,1,fan-in,0.8,1,gather-scatter,0.8,1,gather-scatter,0.8
amlc_00937,LI-Small,0,legit,1136.4420289855072,0.0014480489615576568,0,bipartite,0.0005267478,0,stack,0.0009873983692257778,0,stack,0,,0.7,0,,0.7,0,,0.7,1,gather-scatter,0.6,1,gather-scatter,0.8,1,gather-scatter,0.8,1,gather-scatter,0.8
amlc_00938,LI-Small,0,legit,1103.0169082125603,0.0011276206798542562,0,bipartite,0.001099576,0,bipartite,0.0011135982922589542,0,bipartite,0,,0.7,0,,0.7,0,,0.7,0,,0.7,0,,0.7,0,,0.7,0,,0.7
amlc_00939,LI-Small,0,legit,1103.0169082125603,0.014027767049944684,0,fan-in,0.016850663,0,fan-in,0.015439215385753057,0,fan-in,1,fan-in,0.6,1,fan-in,0.6,1,fan-in,0.6,1,gather-scatter,0.6,1,fan-in,0.8,0,fan-in,0.7,1,fan-in,0.8
amlc_00940,LI-Small,0,legit,1103.0169082125603,3.516924534545716e-05,0,random,3.3690816e-05,0,bipartite,3.443003142703543e-05,0,bipartite,1,fan-out,0.8,1,fan-out,0.6,1,fan-out,0.6,1,fan-out,0.6,1,fan-out,0.8,1,fan-out,0.8,0,,0.5
amlc_00941,LI-Small,0,legit,1136.4420289855072,3.557337617246665e-05,0,bipartite,2.471678e-05,0,bipartite,3.01450788996939e-05,0,bipartite,1,fan-out,0.8,1,fan-out,0.8,1,fan-out,0.6,1,gather-scatter,0.6,1,gather-scatter,0.8,1,gather-scatter,0.8,1,gather-scatter,0.8
amlc_00942,LI-Small,0,legit,1136.4420289855072,3.516924534545716e-05,0,bipartite,1.0955151e-05,0,bipartite,2.306219794147051e-05,0,bipartite,1,fan-out,0.6,1,fan-out,0.6,1,fan-out,0.6,1,fan-out,0.8,1,fan-out,0.8,1,fan-out,0.8,0,,0.5
amlc_00943,LI-Small,0,legit,1136.4420289855072,3.516924534545716e-05,0,bipartite,1.5021922e-05,0,bipartite,2.5095583622458944e-05,0,bipartite,1,fan-out,0.6,1,fan-out,0.6,1,scatter-gather,0.8,1,gather-scatter,0.6,1,gather-scatter,0.8,1,gather-scatter,0.8,1,gather-scatter,0.8
amlc_00944,LI-Small,0,legit,1.0,0.0008420843555925096,0,bipartite,0.00037193368,0,bipartite,0.000607009015831056,0,bipartite,1,random,0.8,0,,0.7,0,,0.7,1,gather-scatter,0.6,0,,0.7,0,,0.7,1,stack,0.8
amlc_00945,LI-Small,0,legit,1.0,0.2706720565694457,0,cycle,0.31872734,0,fan-out,0.29469969744175106,0,fan-out,1,fan-out,0.6,1,fan-out,0.6,1,scatter-gather,0.8,1,gather-scatter,0.8,1,fan-out,0.8,1,gather-scatter,0.8,1,fan-out,0.8
amlc_00946,LI-Small,0,legit,1100.3590361445783,3.516924534545716e-05,0,bipartite,2.5219953e-05,0,bipartite,3.0194598456290406e-05,0,bipartite,1,fan-out,0.8,1,gather-scatter,0.6,1,gather-scatter,0.8,1,gather-scatter,0.6,1,gather-scatter,0.8,1,gather-scatter,0.8,1,gather-scatter,0.8
amlc_00947,LI-Small,0,legit,1.0,0.9293707898171144,1,bipartite,0.8293314,1,bipartite,0.8793511237160064,1,bipartite,1,fan-in,0.6,1,fan-in,0.6,1,fan-in,0.6,1,gather-scatter,0.6,1,fan-in,0.8,1,fan-in,0.8,1,fan-in,0.8
amlc_00948,LI-Small,0,legit,1.0,0.9096593202064109,1,stack,0.8035283,1,stack,0.8565938145374096,1,stack,1,fan-in,0.6,1,stack,0.8,1,fan-in,0.8,1,fan-in,0.6,1,fan-in,0.8,1,fan-in,0.8,1,fan-in,0.8
amlc_00949,LI-Small,1,unknown,1.0,0.0028313948383372972,0,fan-out,0.007620734,0,fan-out,0.005226064407350716,0,fan-out,0,,0.5,0,,0.5,1,fan-out,0.8,1,gather-scatter,0.6,1,fan-out,0.8,1,fan-out,0.8,0,,0.5
amlc_00950,LI-Small,0,legit,1100.3590361445783,3.557337617246665e-05,0,scatter-gather,4.616637e-05,0,bipartite,4.0869873892405296e-05,0,scatter-gather,1,fan-out,0.6,1,fan-in,0.8,1,scatter-gather,0.8,1,gather-scatter,0.8,1,gather-scatter,0.8,1,gather-scatter,0.8,1,gather-scatter,0.8
amlc_00951,LI-Small,0,legit,1103.0169082125603,0.015832968686623407,0,bipartite,0.021413522,0,bipartite,0.01862324554329268,0,bipartite,1,gather-scatter,0.8,1,gather-scatter,0.6,1,gather-scatter,0.8,1,gather-scatter,0.6,1,gather-scatter,0.8,1,gather-scatter,0.8,1,gather-scatter,0.8
amlc_00952,LI-Small,0,legit,1136.4420289855072,0.0005693187967747047,0,bipartite,0.00051029463,0,bipartite,0.0005398067166266761,0,bipartite,1,fan-out,0.6,1,fan-out,0.6,1,fan-out,0.8,1,fan-out,0.8,1,fan-out,0.8,1,gather-scatter,0.8,1,fan-out,0.8
amlc_00953,LI-Small,0,legit,1100.3590361445783,0.00011439237113617003,0,bipartite,0.00011294694,0,bipartite,0.0001136696503604465,0,bipartite,1,fan-out,0.6,1,fan-out,0.6,1,fan-out,0.8,1,gather-scatter,0.8,1,fan-out,0.8,1,fan-out,0.8,0,,0.5
amlc_00954,LI-Small,0,legit,1100.3590361445783,3.526862127697342e-05,0,bipartite,2.7634418e-05,0,stack,3.145152003965464e-05,0,stack,1,random,0.8,1,fan-in,0.6,1,fan-in,0.6,1,gather-scatter,0.8,1,stack,0.8,1,gather-scatter,0.8,1,gather-scatter,0.8
amlc_00955,LI-Small,0,legit,1103.0169082125603,0.0004650090714458868,0,fan-in,0.014470017,0,fan-out,0.0074675137589456765,0,fan-out,1,fan-out,0.6,1,fan-out,0.6,1,fan-out,0.6,1,gather-scatter,0.6,1,fan-out,0.8,0,,0.7,0,,0.5
amlc_00956,LI-Small,0,legit,1136.4420289855072,0.0004151791292036208,0,bipartite,0.001454245,0,fan-out,0.000934711998783903,0,fan-out,0,,0.5,0,,0.5,1,fan-out,0.8,1,gather-scatter,0.6,1,fan-out,0.8,0,,0.7,0,,0.5
amlc_00957,LI-Small,0,legit,1103.0169082125603,3.557337617246665e-05,0,bipartite,3.279046e-05,0,bipartite,3.4181917881540716e-05,0,bipartite,1,fan-out,0.6,1,fan-out,0.8,1,fan-out,0.8,1,gather-scatter,0.6,1,fan-out,0.8,1,fan-out,0.8,0,,0.5
amlc_00958,LI-Small,0,legit,1136.4420289855072,3.516924534545716e-05,0,bipartite,1.3362037e-05,0,bipartite,2.426564142180592e-05,0,bipartite,1,scatter-gather,0.8,1,gather-scatter,0.8,1,random,0.8,1,random,0.8,1,gather-scatter,0.8,1,stack,0.8,1,gather-scatter,0.8
amlc_00959,LI-Small,0,legit,1136.4420289855072,0.004744822891302002,0,bipartite,0.002435061,0,bipartite,0.0035899419737344443,0,bipartite,0,,0.7,0,,0.7,1,fan-in,0.8,1,gather-scatter,0.6,1,fan-in,0.8,1,fan-in,0.8,1,fan-in,0.8
amlc_00960,LI-Small,0,legit,1136.4420289855072,3.526862127697342e-05,0,bipartite,5.1207775e-05,0,stack,4.3238199209399825e-05,0,stack,1,fan-out,0.6,1,fan-out,0.6,1,fan-out,0.6,1,gather-scatter,0.8,1,gather-scatter,0.8,1,gather-scatter,0.8,1,gather-scatter,0.8
amlc_00961,LI-Small,0,legit,1103.0169082125603,3.557337617246665e-05,0,bipartite,3.508069e-05,0,bipartite,3.5327034466207255e-05,0,bipartite,1,fan-out,0.6,1,fan-out,0.6,1,fan-out,0.6,1,gather-scatter,0.6,1,fan-out,0.8,1,scatter-gather,0.8,1,scatter-gather,0.8
amlc_00962,LI-Small,0,legit,1103.0169082125603,3.526862127697342e-05,0,bipartite,3.3395907e-05,0,stack,3.433226410818875e-05,0,stack,1,fan-out,0.6,1,fan-out,0.8,0,,0.7,1,gather-scatter,0.8,1,gather-scatter,0.8,1,random,0.8,1,gather-scatter,0.8
amlc_00963,LI-Small,0,legit,1103.0169082125603,0.0007694640493757841,0,bipartite,0.0010052421,0,bipartite,0.0008873530986621886,0,bipartite,1,fan-out,0.6,1,gather-scatter,0.6,0,,0.7,1,gather-scatter,0.8,1,gather-scatter,0.8,1,gather-scatter,0.8,0,,0.5
amlc_00964,LI-Small,0,legit,1103.0169082125603,3.526862127697342e-05,0,bipartite,2.5562762e-05,0,stack,3.041569143063512e-05,0,stack,1,gather-scatter,0.8,1,scatter-gather,0.8,1,random,0.8,1,gather-scatter,0.8,1,gather-scatter,0.8,1,gather-scatter,0.8,1,gather-scatter,0.8
amlc_00965,LI-Small,0,legit,1103.0169082125603,0.001193631421400941,0,gather-scatter,0.014103284,0,gather-scatter,0.00764845767039748,0,gather-scatter,0,,0.5,0,,0.5,1,fan-out,0.8,1,gather-scatter,0.6,1,fan-out,0.8,1,fan-out,0.8,0,,0.5
amlc_00966,LI-Small,0,legit,1103.0169082125603,0.0009878946670183707,0,fan-in,0.0016065957,0,fan-in,0.001297245208026924,0,fan-in,1,fan-in,0.6,1,fan-in,0.6,1,fan-in,0.6,1,gather-scatter,0.6,1,fan-in,0.8,1,fan-in,0.8,1,fan-in,0.8
amlc_00967,LI-Small,0,legit,1103.0169082125603,3.516924534545716e-05,0,bipartite,1.8958955e-05,0,bipartite,2.706410023048971e-05,0,bipartite,1,stack,0.8,1,stack,0.8,1,fan-in,0.6,1,gather-scatter,0.6,1,scatter-gather,0.8,0,,0.7,1,gather-scatter,0.8
amlc_00968,LI-Small,0,legit,1103.0169082125603,0.0006508497904266739,0,bipartite,0.00039349945,0,bipartite,0.0005221746209416328,0,bipartite,0,,0.7,0,cycle,0.7,0,,0.7,0,stack,0.7,0,,0.7,0,,0.7,0,,0.7
amlc_00969,LI-Small,0,legit,1103.0169082125603,3.557337617246665e-05,0,bipartite,2.7212081e-05,0,bipartite,3.139272918855421e-05,0,bipartite,1,fan-out,0.6,1,fan-out,0.6,1,gather-scatter,0.8,1,gather-scatter,0.6,1,fan-out,0.8,1,gather-scatter,0.8,1,fan-out,0.8
amlc_00970,LI-Small,0,legit,1103.0169082125603,0.0010257145248826194,0,gather-scatter,0.0046450337,0,gather-scatter,0.0028353741787610375,0,gather-scatter,0,,0.5,0,,0.5,1,fan-out,0.8,1,fan-out,0.6,1,fan-out,0.8,0,,0.7,0,,0.5
amlc_00971,LI-Small,0,legit,1136.4420289855072,3.557337617246665e-05,0,bipartite,2.6548863e-05,0,bipartite,3.106111905293655e-05,0,bipartite,1,fan-out,0.6,1,fan-out,0.6,1,fan-out,0.8,1,fan-out,0.6,1,fan-out,0.8,1,fan-out,0.8,1,fan-out,0.8
amlc_00972,LI-Small,1,unknown,1.0,0.016197599613956774,0,fan-in,0.03255152,0,fan-in,0.024374559220816775,0,fan-in,1,gather-scatter,0.8,1,scatter-gather,0.8,1,cycle,0.8,1,gather-scatter,0.6,1,gather-scatter,0.8,1,gather-scatter,0.8,1,gather-scatter,0.8
amlc_00973,LI-Small,1,unknown,1.0,0.0017576406354095132,0,bipartite,0.004187596,0,bipartite,0.002972618565802057,0,bipartite,1,gather-scatter,0.6,0,,0.7,1,gather-scatter,0.6,1,gather-scatter,0.6,1,fan-in,0.8,1,gather-scatter,0.8,1,gather-scatter,0.8
amlc_00974,LI-Small,0,legit,1.0,0.8860998270783167,1,bipartite,0.77560246,1,bipartite,0.8308511315719953,1,bipartite,0,,0.7,1,fan-out,0.8,1,random,0.8,1,random,0.8,1,fan-in,0.8,1,fan-in,0.8,1,fan-in,0.8
amlc_00975,LI-Small,0,legit,1100.3590361445783,3.526862127697342e-05,0,bipartite,3.6999074e-05,0,bipartite,3.6133848329727837e-05,0,bipartite,1,fan-out,0.8,1,fan-out,0.6,1,fan-out,0.6,1,scatter-gather,0.8,1,gather-scatter,0.8,1,gather-scatter,0.8,1,scatter-gather,0.8
amlc_00976,LI-Small,0,legit,1100.3590361445783,3.526862127697342e-05,0,bipartite,2.9468303e-05,0,stack,3.236846168404568e-05,0,stack,1,fan-out,0.6,1,fan-out,0.6,1,fan-out,0.8,1,gather-scatter,0.8,1,fan-out,0.8,1,fan-out,0.8,1,fan-out,0.8
amlc_00977,LI-Small,0,legit,1100.3590361445783,3.487997806324355e-05,0,bipartite,1.562139e-05,0,bipartite,2.52506849652073e-05,0,bipartite,1,fan-in,0.6,1,fan-in,0.6,1,fan-in,0.8,1,gather-scatter,0.6,1,fan-in,0.8,1,fan-in,0.8,1,fan-in,0.8
amlc_00978,LI-Small,0,legit,1136.4420289855072,0.0013683974668378032,0,bipartite,0.00067168905,0,bipartite,0.0010200432580892939,0,bipartite,1,fan-out,0.6,1,fan-out,0.6,1,fan-out,0.8,1,gather-scatter,0.6,1,scatter-gather,0.8,1,fan-out,0.8,1,gather-scatter,0.8
amlc_00979,LI-Small,0,legit,1100.3590361445783,3.557337617246665e-05,0,bipartite,4.279035e-05,0,bipartite,3.918186336744692e-05,0,bipartite,1,fan-out,0.6,1,fan-out,0.6,1,scatter-gather,0.8,1,gather-scatter,0.6,1,fan-out,0.8,1,fan-out,0.8,1,fan-out,0.8
amlc_00980,LI-Small,0,legit,1.0,0.005964997482485235,0,bipartite,0.018632447,0,bipartite,0.012298722228500574,0,bipartite,1,fan-in,0.8,1,gather-scatter,0.6,1,gather-scatter,0.8,1,gather-scatter,0.6,1,gather-scatter,0.8,1,gather-scatter,0.8,1,gather-scatter,0.8
amlc_00981,LI-Small,0,legit,1136.4420289855072,3.557337617246665e-05,0,bipartite,3.8041904e-05,0,bipartite,3.680764018139452e-05,0,bipartite,1,fan-out,0.6,1,fan-out,0.8,1,random,0.8,1,gather-scatter,0.6,1,fan-out,0.8,1,random,0.8,1,fan-out,0.8
amlc_00982,LI-Small,0,legit,1.0,3.522397773450737e-05,0,bipartite,2.5789448e-05,0,bipartite,3.0506714163317963e-05,0,bipartite,1,fan-out,0.6,1,fan-out,0.6,1,fan-out,0.8,1,gather-scatter,0.6,1,gather-scatter,0.8,1,gather-scatter,0.8,1,fan-out,0.8
amlc_00983,LI-Small,0,legit,1.0,3.522397773450737e-05,0,bipartite,1.7622853e-05,0,bipartite,2.6423415463620485e-05,0,bipartite,1,fan-out,0.6,1,cycle,0.8,1,cycle,0.8,1,random,0.8,1,fan-out,0.8,1,gather-scatter,0.8,1,gather-scatter,0.8
amlc_00984,LI-Small,0,legit,1.0,3.522397773450737e-05,0,bipartite,2.3788667e-05,0,bipartite,2.9506322560161505e-05,0,bipartite,1,fan-out,0.6,1,fan-out,0.8,1,gather-scatter,0.8,1,gather-scatter,0.8,1,fan-out,0.8,1,scatter-gather,0.8,1,fan-out,0.8
amlc_00985,LI-Small,0,legit,1136.4420289855072,3.557337617246665e-05,0,bipartite,4.059896e-05,0,bipartite,3.80861681791779e-05,0,bipartite,1,fan-out,0.8,1,gather-scatter,0.8,0,,0.7,1,random,0.8,1,gather-scatter,0.8,1,gather-scatter,0.8,1,gather-scatter,0.8
amlc_00986,LI-Small,0,legit,1103.0169082125603,0.0006801492150128453,0,gather-scatter,0.0054150773,0,gather-scatter,0.0030476134078204916,0,gather-scatter,0,,0.5,0,,0.5,1,fan-out,0.8,1,gather-scatter,0.8,1,fan-out,0.8,0,,0.7,0,,0.5
amlc_00987,LI-Small,0,legit,1103.0169082125603,3.516924534545716e-05,0,bipartite,2.1033566e-05,0,bipartite,2.8101404767511267e-05,0,bipartite,1,fan-out,0.6,1,gather-scatter,0.6,1,gather-scatter,0.8,1,gather-scatter,0.6,1,fan-out,0.8,1,gather-scatter,0.8,1,gather-scatter,0.8
amlc_00988,LI-Small,0,legit,1.0,0.04473977811748138,0,bipartite,0.08968468,0,bipartite,0.06721222911086852,0,bipartite,1,fan-in,0.6,1,fan-in,0.6,1,fan-in,0.6,1,gather-scatter,0.8,1,fan-in,0.8,1,fan-in,0.8,1,fan-in,0.8
amlc_00989,LI-Small,0,legit,1103.0169082125603,0.0012150277614332327,0,gather-scatter,0.013023386,0,gather-scatter,0.0071192064903545915,0,gather-scatter,0,,0.5,0,,0.5,1,fan-out,0.8,1,fan-out,0.8,1,fan-out,0.8,1,fan-out,0.8,0,,0.5
amlc_00990,LI-Small,0,legit,1103.0169082125603,3.557337617246665e-05,0,bipartite,2.2536227e-05,0,bipartite,2.905480157136334e-05,0,bipartite,1,fan-out,0.8,1,gather-scatter,0.6,1,fan-out,0.8,1,gather-scatter,0.8,1,gather-scatter,0.8,1,gather-scatter,0.8,1,gather-scatter,0.8
amlc_00991,LI-Small,0,legit,1136.4420289855072,1.9729354225367917e-05,0,bipartite,5.1183724e-05,0,stack,3.545653925325659e-05,0,stack,1,fan-out,0.6,1,gather-scatter,0.6,1,fan-out,0.8,1,gather-scatter,0.6,1,fan-out,0.8,0,,0.7,0,,0.5
amlc_00992,LI-Small,0,legit,1136.4420289855072,0.00039773759012430376,0,fan-out,0.0015673498,0,fan-out,0.0009825437029327426,0,fan-out,0,,0.5,0,,0.5,0,fan-out,0.7,1,random,0.8,1,fan-out,0.8,1,fan-out,0.8,0,,0.5
amlc_00993,LI-Small,0,legit,1136.4420289855072,3.516924534545716e-05,0,bipartite,1.711041e-05,0,bipartite,2.6139826694560323e-05,0,bipartite,1,gather-scatter,0.6,1,gather-scatter,0.6,1,fan-out,0.8,1,gather-scatter,0.6,1,gather-scatter,0.8,1,gather-scatter,0.8,1,gather-scatter,0.8
amlc_00994,LI-Small,0,legit,1100.3590361445783,0.0002498359567585033,0,fan-in,0.0004986077,0,fan-in,0.0003742218382706216,0,fan-in,1,fan-in,0.6,1,stack,0.8,1,fan-in,0.6,1,gather-scatter,0.8,1,fan-in,0.8,1,fan-in,0.8,1,fan-in,0.8
amlc_00995,LI-Small,0,legit,1136.4420289855072,3.516924534545716e-05,0,bipartite,1.33828025e-05,0,bipartite,2.4276023667624537e-05,0,bipartite,1,fan-out,0.6,1,gather-scatter,0.8,1,scatter-gather,0.8,1,gather-scatter,0.6,1,gather-scatter,0.8,1,gather-scatter,0.8,1,gather-scatter,0.8
amlc_00996,LI-Small,0,legit,1136.4420289855072,0.00033121457115923073,0,fan-in,0.0001352325,0,stack,0.00023322354330885696,0,fan-in,1,fan-out,0.6,1,gather-scatter,0.6,1,fan-out,0.8,1,gather-scatter,0.6,1,gather-scatter,0.8,1,gather-scatter,0.8,1,gather-scatter,0.8
amlc_00997,LI-Small,0,legit,1103.0169082125603,3.557337617246665e-05,0,bipartite,2.1326245e-05,0,stack,2.844981060701538e-05,0,stack,1,scatter-gather,0.6,1,stack,0.8,1,random,0.8,1,gather-scatter,0.8,1,fan-in,0.8,1,random,0.8,1,fan-in,0.8
amlc_00998,LI-Small,0,legit,1103.0169082125603,0.003941761719601521,0,gather-scatter,0.010968966,0,gather-scatter,0.007455364250847285,0,gather-scatter,0,,0.5,0,,0.5,0,,0.5,0,,0.5,0,,0.5,0,,0.5,0,,0.5
amlc_00999,LI-Small,0,legit,1100.3590361445783,3.516924534545716e-05,0,bipartite,3.6967853e-05,0,bipartite,3.606854815981802e-05,0,bipartite,1,fan-out,0.6,1,scatter-gather,0.6,1,fan-out,0.6,1,gather-scatter,0.8,1,fan-out,0.8,1,gather-scatter,0.8,1,gather-scatter,0.8
amlc_01000,LI-Small,0,legit,1100.3590361445783,0.00037057082135375077,0,fan-in,0.00036592226,0,cycle,0.0003682465331589591,0,fan-in,1,fan-out,0.6,1,fan-out,0.6,1,fan-out,0.6,1,gather-scatter,0.8,1,fan-out,0.8,1,fan-out,0.8,1,fan-out,0.8
amlc_01001,LI-Small,1,unknown,1.0,0.011583636276806248,0,stack,0.081188284,0,stack,0.04638596006874485,0,stack,1,fan-in,0.6,1,fan-in,0.6,1,fan-in,0.6,1,gather-scatter,0.6,1,fan-in,0.8,1,fan-in,0.8,1,fan-in,0.8
amlc_01002,LI-Small,1,unknown,1.0,0.003948029600333082,0,bipartite,0.06163429,0,bipartite,0.03279116177198833,0,bipartite,1,gather-scatter,0.6,1,gather-scatter,0.6,1,gather-scatter,0.8,1,gather-scatter,0.8,1,gather-scatter,0.8,1,gather-scatter,0.8,1,gather-scatter,0.8
amlc_01003,LI-Small,0,legit,1100.3590361445783,3.557337617246665e-05,0,bipartite,3.9300452e-05,0,bipartite,3.7436913744785116e-05,0,bipartite,1,fan-out,0.8,1,fan-out,0.6,1,fan-out,0.6,1,gather-scatter,0.6,1,fan-out,0.8,1,fan-out,0.8,0,,0.5
amlc_01004,LI-Small,0,legit,1136.4420289855072,3.487997806324355e-05,0,bipartite,2.1180851e-05,0,bipartite,2.8030414367598537e-05,0,bipartite,1,fan-out,0.6,1,fan-out,0.6,1,fan-out,0.6,1,gather-scatter,0.6,1,fan-out,0.8,1,fan-out,0.8,1,fan-out,0.8
amlc_01005,LI-Small,0,legit,1103.0169082125603,3.557337617246665e-05,0,bipartite,5.7325757e-05,0,bipartite,4.644956604391918e-05,0,bipartite,1,fan-out,0.8,1,scatter-gather,0.8,1,fan-out,0.6,1,gather-scatter,0.8,1,gather-scatter,0.8,1,gather-scatter,0.8,1,gather-scatter,0.8
amlc_01006,LI-Small,0,legit,1103.0169082125603,3.557337617246665e-05,0,bipartite,3.2742428e-05,0,bipartite,3.415790212824358e-05,0,bipartite,1,fan-out,0.6,1,fan-out,0.8,1,fan-out,0.8,1,gather-scatter,0.8,1,gather-scatter,0.8,1,fan-out,0.8,1,fan-out,0.8
amlc_01007,LI-Small,0,legit,1136.4420289855072,0.00011439237113617003,0,bipartite,5.227211e-05,0,bipartite,8.333223913409102e-05,0,bipartite,1,fan-out,0.6,1,fan-out,0.8,1,fan-out,0.6,1,gather-scatter,0.6,1,fan-out,0.8,1,fan-out,0.8,1,fan-out,0.8
amlc_01008,LI-Small,0,legit,1103.0169082125603,0.0012668260807732873,0,bipartite,0.0011774638,0,bipartite,0.0012221449737717775,0,bipartite,1,fan-in,0.8,1,gather-scatter,0.6,0,,0.7,1,gather-scatter,0.8,1,gather-scatter,0.8,1,gather-scatter,0.8,1,gather-scatter,0.8
amlc_01009,LI-Small,0,legit,1103.0169082125603,3.5626204102236333e-05,0,bipartite,4.90349e-05,0,stack,4.2330552998432666e-05,0,stack,1,fan-out,0.6,1,fan-out,0.8,1,fan-out,0.8,1,gather-scatter,0.6,1,fan-out,0.8,1,gather-scatter,0.8,1,fan-out,0.8
amlc_01010,LI-Small,1,unknown,1.0,0.0029452737873334432,0,gather-scatter,0.016396238,0,gather-scatter,0.009670755941695907,0,gather-scatter,0,,0.5,0,,0.5,1,scatter-gather,0.8,1,gather-scatter,0.8,1,fan-out,0.8,1,gather-scatter,0.8,0,,0.5
amlc_01011,LI-Small,0,legit,1136.4420289855072,3.557337617246665e-05,0,bipartite,3.5261666e-05,0,bipartite,3.541752045788452e-05,0,bipartite,1,fan-out,0.6,1,fan-out,0.6,1,fan-out,0.6,1,gather-scatter,0.8,1,gather-scatter,0.8,1,fan-out,0.8,0,,0.5
amlc_01012,LI-Small,0,legit,1136.4420289855072,0.00011339751161921382,0,bipartite,0.00010075618,0,bipartite,0.00010707684386315561,0,bipartite,1,fan-out,0.8,1,fan-out,0.6,1,scatter-gather,0.6,1,gather-scatter,0.8,1,fan-out,0.8,1,gather-scatter,0.8,1,gather-scatter,0.8
amlc_01013,LI-Small,0,legit,1103.0169082125603,0.00047110693354493786,0,gather-scatter,0.005004503,0,gather-scatter,0.002737805139330955,0,gather-scatter,1,fan-out,0.6,1,fan-out,0.8,1,fan-out,0.6,1,gather-scatter,0.6,1,fan-out,0.8,1,fan-out,0.8,0,,0.5
amlc_01014,LI-Small,1,scatter-gather,1.0,0.9048344010816468,1,scatter-gather,0.9821558,1,scatter-gather,0.9434950825922913,1,scatter-gather,1,fan-out,0.8,1,gather-scatter,0.8,1,random,0.8,1,gather-scatter,0.8,1,gather-scatter,0.8,1,gather-scatter,0.8,0,,0.5
amlc_01015,LI-Small,1,scatter-gather,1.0,0.024793719803538762,0,scatter-gather,0.054441072,0,scatter-gather,0.039617396297676785,0,scatter-gather,1,fan-out,0.8,1,fan-out,0.8,1,random,0.8,1,gather-scatter,0.6,1,scatter-gather,0.8,1,fan-out,0.8,1,gather-scatter,0.8
amlc_01016,LI-Small,1,scatter-gather,1.0,0.9801851109338087,1,scatter-gather,0.99775666,1,scatter-gather,0.9889709152615211,1,scatter-gather,1,fan-out,0.8,1,fan-out,0.6,1,fan-out,0.8,1,gather-scatter,0.8,1,fan-out,0.8,1,gather-scatter,0.8,0,,0.5
amlc_01017,LI-Small,1,scatter-gather,1.0,0.8636502217235087,1,scatter-gather,0.96212924,1,scatter-gather,0.9128897225351095,1,scatter-gather,1,fan-out,0.6,1,fan-out,0.8,1,fan-out,0.8,1,gather-scatter,0.8,1,scatter-gather,0.8,1,scatter-gather,0.8,0,,0.5
amlc_01018,LI-Small,1,scatter-gather,1.0,0.9710531853997313,1,scatter-gather,0.99206525,1,scatter-gather,0.9815591764133972,1,scatter-gather,1,fan-out,0.8,1,fan-out,0.6,1,fan-out,0.8,1,gather-scatter,0.8,1,fan-out,0.8,1,fan-out,0.8,0,,0.5
amlc_01019,LI-Small,1,scatter-gather,1.0,0.37466364792924534,0,scatter-gather,0.5693635,1,scatter-gather,0.47201353754570785,0,scatter-gather,1,fan-out,0.8,1,fan-out,0.6,1,scatter-gather,0.8,1,gather-scatter,0.8,1,fan-out,0.8,1,scatter-gather,0.8,1,fan-out,0.8
amlc_01020,LI-Small,1,scatter-gather,1.0,0.9753364887319318,1,scatter-gather,0.9973774,1,scatter-gather,0.9863569481413718,1,scatter-gather,1,fan-out,0.8,1,gather-scatter,0.6,1,random,0.8,1,gather-scatter,0.6,1,fan-out,0.8,1,fan-out,0.8,0,,0.5
amlc_01021,LI-Small,1,scatter-gather,1.0,0.8837700695363722,1,scatter-gather,0.9276643,1,scatter-gather,0.9057171747370582,1,scatter-gather,1,fan-out,0.6,1,fan-out,0.6,1,fan-out,0.8,1,gather-scatter,0.8,1,scatter-gather,0.8,1,gather-scatter,0.8,1,fan-out,0.8
amlc_01022,LI-Small,1,scatter-gather,1.0,0.9748577142970609,1,scatter-gather,0.9937545,1,scatter-gather,0.9843060982831741,1,scatter-gather,1,fan-out,0.8,1,fan-out,0.6,1,scatter-gather,0.8,1,gather-scatter,0.8,1,fan-out,0.8,1,fan-out,0.8,0,,0.5
amlc_01023,LI-Small,1,scatter-gather,1.0,0.6188182617015567,1,scatter-gather,0.61330104,1,scatter-gather,0.61605966214274,1,scatter-gather,1,fan-out,0.6,1,gather-scatter,0.6,1,gather-scatter,0.6,1,random,0.8,1,scatter-gather,0.8,1,fan-out,0.8,1,scatter-gather,0.8
amlc_01024,LI-Small,1,scatter-gather,1.0,0.9677443073462836,1,scatter-gather,0.9960024,1,scatter-gather,0.9818733655547793,1,scatter-gather,1,fan-out,0.8,1,fan-out,0.8,0,,0.7,1,random,0.8,1,fan-out,0.8,1,fan-out,0.8,0,,0.5
amlc_01025,LI-Small,1,scatter-gather,1.0,0.770382415244263,1,scatter-gather,0.85255605,1,scatter-gather,0.8114692206130829,1,scatter-gather,1,fan-out,0.8,1,fan-out,0.6,1,fan-out,0.6,1,fan-out,0.8,1,fan-out,0.8,1,gather-scatter,0.8,0,,0.5
amlc_01026,LI-Small,1,scatter-gather,1.0,0.9656989180045883,1,scatter-gather,0.9934843,1,scatter-gather,0.9795916121700188,1,scatter-gather,1,fan-out,0.6,1,fan-out,0.8,1,fan-out,0.8,1,gather-scatter,0.6,1,fan-out,0.8,1,fan-out,0.8,0,,0.5
amlc_01027,LI-Small,1,scatter-gather,1.0,0.49380599413384607,1,scatter-gather,0.63917875,1,scatter-gather,0.5664923735165079,1,scatter-gather,1,fan-out,0.6,1,fan-out,0.8,1,gather-scatter,0.6,1,cycle,0.8,1,scatter-gather,0.8,1,fan-out,0.8,0,,0.5
amlc_01028,LI-Small,1,scatter-gather,1.0,0.9555145586692051,1,scatter-gather,0.99427223,1,scatter-gather,0.9748934251647569,1,scatter-gather,1,fan-out,0.6,1,fan-out,0.6,1,fan-out,0.8,1,gather-scatter,0.6,1,gather-scatter,0.8,1,fan-out,0.8,0,,0.5
amlc_01029,LI-Small,0,legit,1.0,0.5169218499675388,1,scatter-gather,0.24325438,0,scatter-gather,0.38008812463358016,0,scatter-gather,1,fan-out,0.8,1,fan-out,0.6,1,scatter-gather,0.8,1,gather-scatter,0.8,1,fan-out,0.8,1,gather-scatter,0.8,1,scatter-gather,0.8
amlc_01030,LI-Small,1,scatter-gather,1.0,0.9267759701401864,1,scatter-gather,0.89871377,1,scatter-gather,0.9127448926762181,1,scatter-gather,1,fan-out,0.6,1,fan-out,0.6,1,fan-out,0.8,1,gather-scatter,0.8,1,scatter-gather,0.8,1,gather-scatter,0.8,1,scatter-gather,0.8
amlc_01031,LI-Small,1,scatter-gather,1.0,0.9726015607853412,1,scatter-gather,0.9941162,1,scatter-gather,0.9833588799009562,1,scatter-gather,1,fan-out,0.8,1,fan-out,0.6,1,gather-scatter,0.8,1,gather-scatter,0.8,1,fan-out,0.8,1,scatter-gather,0.8,0,,0.5
amlc_01032,LI-Small,1,scatter-gather,1.0,0.7779798391854286,1,scatter-gather,0.7657036,1,scatter-gather,0.7718417288559436,1,scatter-gather,1,fan-out,0.6,1,scatter-gather,0.8,1,gather-scatter,0.8,1,gather-scatter,0.8,1,scatter-gather,0.8,1,gather-scatter,0.8,0,,0.5
amlc_01033,LI-Small,1,scatter-gather,1.0,0.9751820314231688,1,scatter-gather,0.9913683,1,scatter-gather,0.9832751864345457,1,scatter-gather,1,fan-out,0.8,1,fan-out,0.6,1,fan-out,0.8,1,random,0.8,1,fan-out,0.8,1,scatter-gather,0.8,0,,0.5
amlc_01034,LI-Small,1,scatter-gather,1.0,0.8175751325460341,1,scatter-gather,0.75222695,1,scatter-gather,0.7849010525629951,1,scatter-gather,1,fan-out,0.8,1,fan-out,0.6,1,fan-in,0.6,1,gather-scatter,0.8,1,gather-scatter,0.8,1,gather-scatter,0.8,0,,0.5
amlc_01035,LI-Small,1,scatter-gather,1.0,0.9792851966827483,1,scatter-gather,0.99703807,1,scatter-gather,0.988161625574498,1,scatter-gather,1,fan-out,0.6,1,fan-out,0.6,1,scatter-gather,0.8,1,gather-scatter,0.6,1,fan-out,0.8,1,scatter-gather,0.8,0,,0.5
amlc_01036,LI-Small,1,scatter-gather,1.0,0.906541765790444,1,scatter-gather,0.9546037,1,scatter-gather,0.9305727129485515,1,scatter-gather,1,fan-out,0.6,1,gather-scatter,0.6,1,fan-out,0.8,1,gather-scatter,0.8,1,scatter-gather,0.8,1,gather-scatter,0.8,1,gather-scatter,0.8
amlc_01037,LI-Small,1,scatter-gather,1.0,0.9792851966827483,1,scatter-gather,0.99767,1,scatter-gather,0.9884776136383102,1,scatter-gather,1,fan-out,0.8,1,fan-out,0.8,1,scatter-gather,0.8,1,gather-scatter,0.8,1,fan-out,0.8,1,gather-scatter,0.8,0,,0.5
amlc_01038,LI-Small,1,scatter-gather,1.0,0.9063133928931825,1,scatter-gather,0.9663949,1,scatter-gather,0.9363541649658021,1,scatter-gather,1,fan-out,0.6,1,fan-out,0.6,1,random,0.8,1,gather-scatter,0.8,1,scatter-gather,0.8,1,fan-out,0.8,0,,0.5
amlc_01039,LI-Small,1,scatter-gather,1.0,0.9753322389238646,1,scatter-gather,0.9960391,1,scatter-gather,0.9856856478509094,1,scatter-gather,1,fan-out,0.8,1,fan-out,0.8,1,gather-scatter,0.8,1,random,0.8,1,fan-out,0.8,1,gather-scatter,0.8,0,,0.5
amlc_01040,LI-Small,1,scatter-gather,1.0,0.7539795830410186,1,scatter-gather,0.73111045,1,scatter-gather,0.7425450302442642,1,scatter-gather,1,fan-out,0.8,1,fan-out,0.6,0,,0.7,1,gather-scatter,0.6,1,scatter-gather,0.8,1,scatter-gather,0.8,0,,0.5
amlc_01041,LI-Small,1,scatter-gather,1.0,0.8988549979175688,1,scatter-gather,0.9645599,1,scatter-gather,0.9317074612600387,1,scatter-gather,1,fan-out,0.8,1,gather-scatter,0.6,1,fan-out,0.8,1,gather-scatter,0.6,1,fan-out,0.8,0,,0.7,0,,0.5
amlc_01042,LI-Small,1,scatter-gather,1.0,0.48183422371699025,1,scatter-gather,0.20157635,0,scatter-gather,0.3417052923885664,0,scatter-gather,1,fan-out,0.6,1,fan-out,0.6,1,fan-out,0.8,1,gather-scatter,0.6,1,fan-out,0.8,0,,0.7,0,,0.5
amlc_01043,LI-Small,1,unknown,1.0,0.004385654639153935,0,fan-in,0.010186242,0,fan-in,0.007285948522239555,0,fan-in,1,fan-in,0.6,1,fan-in,0.6,1,fan-in,0.6,1,gather-scatter,0.6,1,fan-in,0.8,1,fan-in,0.8,1,fan-in,0.8
amlc_01044,LI-Small,1,unknown,1.0,0.01182694324855751,0,bipartite,0.071509056,0,bipartite,0.04166800063850853,0,bipartite,1,stack,0.8,1,gather-scatter,0.6,0,,0.7,1,gather-scatter,0.8,1,gather-scatter,0.8,1,gather-scatter,0.8,1,gather-scatter,0.8
amlc_01045,LI-Small,1,unknown,1.0,0.01793428285195437,0,bipartite,0.029445458,0,bipartite,0.023689869782696205,0,bipartite,1,fan-in,0.6,1,fan-in,0.6,1,fan-in,0.6,1,gather-scatter,0.6,1,fan-in,0.8,1,fan-in,0.8,1,fan-in,0.8
amlc_01046,LI-Small,0,legit,1100.3590361445783,3.516924534545716e-05,0,bipartite,2.2017008e-05,0,bipartite,2.8593126170306786e-05,0,bipartite,1,fan-out,0.6,1,fan-out,0.6,1,scatter-gather,0.6,1,gather-scatter,0.8,1,scatter-gather,0.8,1,gather-scatter,0.8,1,fan-out,0.8
amlc_01047,LI-Small,0,legit,1100.3590361445783,3.557337617246665e-05,0,bipartite,3.9663642e-05,0,stack,3.7618510005302955e-05,0,stack,1,fan-out,0.6,1,scatter-gather,0.8,1,fan-out,0.8,1,random,0.8,1,scatter-gather,0.8,1,fan-out,0.8,1,fan-out,0.8
amlc_01048,LI-Small,0,legit,1100.3590361445783,3.516924534545716e-05,0,bipartite,1.618986e-05,0,bipartite,2.5679552708169067e-05,0,bipartite,1,fan-out,0.6,1,fan-out,0.6,1,fan-out,0.8,1,gather-scatter,0.8,1,fan-out,0.8,1,fan-out,0.8,1,fan-out,0.8
amlc_01049,LI-Small,0,legit,1100.3590361445783,3.557337617246665e-05,0,bipartite,5.128843e-05,0,bipartite,4.343090219703153e-05,0,bipartite,1,fan-out,0.6,1,fan-out,0.6,1,scatter-gather,0.8,1,gather-scatter,0.6,1,fan-out,0.8,1,fan-out,0.8,1,fan-out,0.8
amlc_01050,LI-Small,0,legit,1136.4420289855072,0.0005716741238449435,0,bipartite,0.0011523755,0,bipartite,0.0008620248543894252,0,bipartite,1,fan-in,0.6,0,,0.7,1,fan-in,0.8,1,gather-scatter,0.6,1,fan-in,0.8,1,fan-in,0.8,1,fan-in,0.8
amlc_01051,LI-Small,0,legit,1100.3590361445783,3.5964231362429076e-05,0,cycle,4.3311367e-05,0,scatter-gather,3.963779716605907e-05,0,cycle,1,fan-out,0.6,1,fan-out,0.6,1,random,0.8,1,gather-scatter,0.8,1,gather-scatter,0.8,1,gather-scatter,0.8,1,gather-scatter,0.8
amlc_01052,LI-Small,1,unknown,1.0,0.0005792485188902467,0,bipartite,0.0034560587,0,fan-out,0.0020176537270762546,0,fan-out,1,fan-out,0.6,1,gather-scatter,0.6,1,fan-out,0.6,1,fan-out,0.6,1,fan-out,0.8,0,,0.7,0,,0.5
amlc_01053,LI-Small,0,legit,1103.0169082125603,3.557337617246665e-05,0,bipartite,1.7368133e-05,0,bipartite,2.6470754137734176e-05,0,bipartite,1,fan-out,0.6,1,scatter-gather,0.6,1,gather-scatter,0.8,1,gather-scatter,0.6,1,gather-scatter,0.8,1,scatter-gather,0.8,1,gather-scatter,0.8
amlc_01054,LI-Small,0,legit,1.0,0.37556611838258247,0,random,0.17244855,0,stack,0.274007334273641,0,stack,1,fan-out,0.6,1,fan-out,0.8,1,fan-out,0.8,1,fan-out,0.8,1,fan-out,0.8,1,fan-out,0.8,1,fan-out,0.8
amlc_01055,LI-Small,0,legit,1136.4420289855072,3.516924534545716e-05,0,bipartite,2.176806e-05,0,bipartite,2.8468653816815784e-05,0,bipartite,1,fan-out,0.6,1,gather-scatter,0.8,1,scatter-gather,0.8,1,gather-scatter,0.6,0,,0.7,1,gather-scatter,0.8,1,gather-scatter,0.8
amlc_01056,LI-Small,0,legit,1103.0169082125603,3.557337617246665e-05,0,bipartite,5.653063e-05,0,bipartite,4.605200299050774e-05,0,bipartite,1,fan-out,0.6,1,scatter-gather,0.6,1,scatter-gather,0.8,1,gather-scatter,0.8,1,fan-out,0.8,1,fan-out,0.8,1,gather-scatter,0.8
amlc_01057,LI-Small,0,legit,1100.3590361445783,5.409477891275348e-05,0,cycle,7.507199e-05,0,scatter-gather,6.458338176186972e-05,0,cycle,1,fan-out,0.8,1,gather-scatter,0.6,1,gather-scatter,0.6,1,gather-scatter,0.6,1,gather-scatter,0.8,1,gather-scatter,0.8,1,gather-scatter,0.8
amlc_01058,LI-Small,0,legit,1103.0169082125603,0.0008382489465136639,0,bipartite,0.0011617125,0,bipartite,0.0009999807005727941,0,bipartite,1,fan-out,0.8,1,fan-out,0.6,1,random,0.8,1,random,0.8,1,fan-out,0.8,1,gather-scatter,0.8,0,,0.5
amlc_01059,LI-Small,0,legit,1.0,0.005244792698479087,0,fan-in,0.009225166,0,fan-in,0.0072349797368826425,0,fan-in,1,gather-scatter,0.6,1,gather-scatter,0.6,1,fan-in,0.6,1,gather-scatter,0.6,1,fan-in,0.8,1,gather-scatter,0.8,1,gather-scatter,0.8
amlc_01060,LI-Small,0,legit,1136.4420289855072,3.522397773450737e-05,0,bipartite,3.1544747e-05,0,bipartite,3.338436231188724e-05,0,bipartite,1,fan-out,0.8,1,gather-scatter,0.6,1,scatter-gather,0.8,1,gather-scatter,0.8,1,gather-scatter,0.8,1,gather-scatter,0.8,1,stack,0.8
amlc_01061,LI-Small,1,unknown,1.0,0.007270211862718803,0,gather-scatter,0.027654525,0,gather-scatter,0.017462368750172725,0,gather-scatter,0,,0.5,0,,0.5,1,fan-out,0.8,1,fan-out,0.8,1,fan-out,0.8,0,,0.7,0,,0.5
amlc_01062,LI-Small,0,legit,1.0,0.5869709689740575,1,random,0.15463243,0,bipartite,0.3708017016114909,0,bipartite,1,random,0.8,1,random,0.8,1,gather-scatter,0.8,1,random,0.8,1,gather-scatter,0.8,1,gather-scatter,0.8,1,gather-scatter,0.8
amlc_01063,LI-Small,0,legit,1.0,0.41007662565847125,0,random,0.33433655,0,fan-out,0.37220657841036664,0,fan-out,1,fan-out,0.8,1,fan-out,0.6,1,scatter-gather,0.8,1,gather-scatter,0.6,1,gather-scatter,0.8,1,gather-scatter,0.8,1,gather-scatter,0.8
amlc_01064,LI-Small,1,unknown,1.0,0.02292141761436966,0,bipartite,0.044409454,0,bipartite,0.033665434624030724,0,bipartite,1,fan-out,0.6,1,fan-out,0.6,1,fan-out,0.6,1,gather-scatter,0.6,1,fan-out,0.8,1,fan-out,0.8,1,fan-out,0.8
amlc_01065,LI-Small,0,legit,1100.3590361445783,3.526862127697342e-05,0,bipartite,6.6740045e-05,0,stack,5.1004330812093175e-05,0,stack,1,fan-out,0.8,1,fan-out,0.6,1,scatter-gather,0.8,1,random,0.8,1,fan-out,0.8,1,fan-out,0.8,0,,0.5
amlc_01066,LI-Small,0,legit,1100.3590361445783,3.557337617246665e-05,0,bipartite,5.5122004e-05,0,stack,4.534769029345479e-05,0,stack,1,fan-out,0.8,1,fan-out,0.6,1,fan-out,0.8,1,gather-scatter,0.6,1,fan-out,0.8,1,gather-scatter,0.8,1,gather-scatter,0.8
amlc_01067,LI-Small,0,legit,1.0,0.9157323928578641,1,bipartite,0.8579191,1,bipartite,0.8868257687441481,1,bipartite,1,fan-out,0.6,0,,0.7,0,,0.7,1,gather-scatter,0.6,1,fan-out,0.8,1,fan-in,0.8,1,stack,0.8
amlc_01068,LI-Small,0,legit,1100.3590361445783,3.516924534545716e-05,0,bipartite,2.1828153e-05,0,bipartite,2.8498699338086736e-05,0,bipartite,1,cycle,0.8,1,scatter-gather,0.8,1,stack,0.8,1,gather-scatter,0.6,1,gather-scatter,0.8,1,gather-scatter,0.8,1,gather-scatter,0.8
amlc_01069,LI-Small,1,unknown,1.0,0.0019506696897620944,0,bipartite,0.0057257633,0,bipartite,0.003838216481128086,0,bipartite,1,fan-out,0.6,1,fan-out,0.6,1,fan-out,0.6,1,gather-scatter,0.6,1,fan-out,0.8,1,gather-scatter,0.8,1,fan-out,0.8
amlc_01070,LI-Small,0,legit,1100.3590361445783,3.574548805602735e-05,0,gather-scatter,3.4881297e-05,0,fan-out,3.5313391962577134e-05,0,fan-out,1,fan-out,0.6,1,scatter-gather,0.6,1,fan-out,0.6,1,gather-scatter,0.8,1,scatter-gather,0.8,1,gather-scatter,0.8,1,fan-out,0.8
amlc_01071,LI-Small,1,unknown,1.0,0.00042724778646346495,0,fan-out,0.00059897423,0,bipartite,0.0005131109932145306,0,fan-out,0,,0.5,0,,0.5,1,random,0.8,1,gather-scatter,0.6,1,fan-out,0.8,1,fan-out,0.8,0,,0.5
amlc_01072,LI-Small,0,legit,1103.0169082125603,3.516924534545716e-05,0,bipartite,2.1364684e-05,0,bipartite,2.8266964453649563e-05,0,bipartite,1,fan-out,0.6,1,scatter-gather,0.6,1,fan-out,0.8,1,gather-scatter,0.6,1,fan-out,0.8,1,fan-out,0.8,1,fan-out,0.8
amlc_01073,LI-Small,0,legit,1103.0169082125603,0.0014586500577190775,0,bipartite,0.0015636638,0,bipartite,0.0015111568959210943,0,bipartite,1,fan-out,0.6,1,gather-scatter,0.6,1,gather-scatter,0.8,1,gather-scatter,0.8,1,fan-out,0.8,1,fan-out,0.8,1,fan-out,0.8
amlc_01074,LI-Small,0,legit,1.0,0.0014868392774994021,0,bipartite,0.00052271417,0,bipartite,0.0010047767248782564,0,bipartite,0,cycle,0.7,1,gather-scatter,0.6,1,gather-scatter,0.8,1,gather-scatter,0.8,1,fan-in,0.8,1,gather-scatter,0.8,1,gather-scatter,0.8
amlc_01075,LI-Small,0,legit,1103.0169082125603,0.02236079099748372,0,fan-out,0.023996275,0,fan-out,0.023178534075487846,0,fan-out,0,,0.5,0,,0.5,1,fan-out,0.8,1,gather-scatter,0.8,1,fan-out,0.8,0,,0.7,0,,0.5
amlc_01076,LI-Small,0,legit,1103.0169082125603,0.0022984003081883636,0,gather-scatter,0.018789506,0,gather-scatter,0.010543953505901777,0,gather-scatter,0,,0.5,0,,0.5,1,fan-out,0.8,1,random,0.8,1,fan-out,0.8,0,,0.7,0,,0.5
amlc_01077,LI-Small,0,legit,1103.0169082125603,3.557337617246665e-05,0,bipartite,2.9254099e-05,0,bipartite,3.241373794520622e-05,0,bipartite,1,gather-scatter,0.8,1,gather-scatter,0.6,1,gather-scatter,0.8,1,gather-scatter,0.6,1,gather-scatter,0.8,1,gather-scatter,0.8,1,gather-scatter,0.8
amlc_01078,LI-Small,1,unknown,1.0,0.0008299323983064127,0,gather-scatter,0.0073624747,0,gather-scatter,0.004096203635984204,0,gather-scatter,0,,0.5,0,,0.5,1,fan-out,0.6,1,gather-scatter,0.6,1,fan-out,0.8,1,fan-out,0.8,0,,0.5
amlc_01079,LI-Small,0,legit,1.0,0.6331427675165069,1,stack,0.35562348,0,stack,0.4943831255871719,1,stack,1,gather-scatter,0.6,1,scatter-gather,0.6,1,gather-scatter,0.6,1,gather-scatter,0.6,1,gather-scatter,0.8,1,gather-scatter,0.8,1,gather-scatter,0.8
amlc_01080,LI-Small,0,legit,1136.4420289855072,3.557337617246665e-05,0,bipartite,4.2193264e-05,0,bipartite,3.8883318821206916e-05,0,bipartite,1,fan-out,0.6,1,fan-out,0.8,1,fan-out,0.8,1,gather-scatter,0.6,1,gather-scatter,0.8,1,gather-scatter,0.8,1,gather-scatter,0.8
amlc_01081,LI-Small,0,legit,1103.0169082125603,3.557337617246665e-05,0,bipartite,3.3738957e-05,0,bipartite,3.465616679972153e-05,0,bipartite,1,fan-out,0.6,1,fan-out,0.8,1,fan-out,0.8,1,gather-scatter,0.6,1,fan-out,0.8,1,gather-scatter,0.8,1,fan-out,0.8
amlc_01082,LI-Small,0,legit,1136.4420289855072,3.516924534545716e-05,0,bipartite,2.2432047e-05,0,bipartite,2.8800645758309254e-05,0,bipartite,1,fan-in,0.6,1,fan-in,0.6,1,fan-in,0.8,1,gather-scatter,0.6,1,fan-in,0.8,1,gather-scatter,0.8,1,fan-in,0.8
amlc_01083,LI-Small,0,legit,1100.3590361445783,5.608491297271437e-05,0,bipartite,4.2257445e-05,0,bipartite,4.917117783238813e-05,0,bipartite,0,,0.7,1,fan-out,0.8,1,bipartite,0.8,1,gather-scatter,0.6,1,fan-in,0.8,1,gather-scatter,0.8,1,fan-in,0.8
amlc_01084,LI-Small,0,legit,1136.4420289855072,3.516924534545716e-05,0,bipartite,2.2549453e-05,0,bipartite,2.885934854813837e-05,0,bipartite,1,fan-out,0.6,1,fan-out,0.8,1,fan-out,0.8,1,gather-scatter,0.8,1,fan-out,0.8,1,gather-scatter,0.8,1,gather-scatter,0.8
amlc_01085,LI-Small,1,unknown,1.0,0.0011808464769090192,0,gather-scatter,0.004897305,0,gather-scatter,0.003039075690312434,0,gather-scatter,0,,0.5,0,,0.5,1,fan-out,0.8,1,gather-scatter,0.6,1,fan-out,0.8,1,fan-out,0.8,0,,0.5
amlc_01086,LI-Small,0,legit,1136.4420289855072,0.0006803724431488231,0,bipartite,0.0011539345,0,bipartite,0.0009171535019324876,0,bipartite,0,stack,0.7,0,cycle,0.7,1,gather-scatter,0.6,1,gather-scatter,0.6,1,fan-in,0.8,1,gather-scatter,0.8,1,fan-in,0.8
amlc_01087,LI-Small,1,unknown,1.0,0.0169880310157922,0,bipartite,0.040761597,0,bipartite,0.028874813117582953,0,bipartite,1,fan-out,0.8,1,scatter-gather,0.6,1,gather-scatter,0.8,1,gather-scatter,0.6,1,gather-scatter,0.8,1,gather-scatter,0.8,1,gather-scatter,0.8
amlc_01088,LI-Small,0,legit,1103.0169082125603,3.5626204102236333e-05,0,bipartite,2.6964175e-05,0,bipartite,3.1295189211928065e-05,0,bipartite,1,gather-scatter,0.6,1,fan-out,0.6,1,fan-out,0.8,1,gather-scatter,0.8,1,fan-out,0.8,1,gather-scatter,0.8,1,fan-out,0.8
amlc_01089,LI-Small,0,legit,1136.4420289855072,3.557337617246665e-05,0,bipartite,1.8917295e-05,0,bipartite,2.724533639633445e-05,0,bipartite,1,fan-out,0.6,1,fan-out,0.6,1,fan-out,0.6,1,gather-scatter,0.8,1,scatter-gather,0.8,1,fan-out,0.8,0,,0.5
amlc_01090,LI-Small,1,unknown,1.0,0.0036899788744167786,0,fan-in,0.010401591,0,fan-in,0.007045784987107728,0,fan-in,1,fan-out,0.8,1,fan-in,0.8,1,random,0.8,1,gather-scatter,0.6,1,fan-in,0.8,1,gather-scatter,0.8,1,gather-scatter,0.8
amlc_01091,LI-Small,0,legit,1103.0169082125603,0.0014375806540583788,0,bipartite,0.0005125739,0,bipartite,0.0009750772901511549,0,bipartite,1,scatter-gather,0.6,1,fan-out,0.8,1,fan-out,0.6,1,gather-scatter,0.6,1,fan-in,0.8,1,scatter-gather,0.8,1,scatter-gather,0.8
amlc_01092,LI-Small,0,legit,1136.4420289855072,0.00011439237113617003,0,bipartite,6.611092e-05,0,stack,9.025164681274265e-05,0,stack,1,fan-out,0.8,1,fan-out,0.6,1,fan-out,0.8,1,random,0.8,1,fan-out,0.8,1,gather-scatter,0.8,0,,0.5
amlc_01093,LI-Small,0,legit,1.0,0.5391302204257842,1,random,0.7127615,1,bipartite,0.625945841080278,1,bipartite,1,fan-out,0.6,1,fan-out,0.8,1,fan-out,0.8,1,gather-scatter,0.8,1,gather-scatter,0.8,1,gather-scatter,0.8,1,gather-scatter,0.8
amlc_01094,LI-Small,0,legit,1103.0169082125603,0.0010211348878359035,0,gather-scatter,0.015550533,0,gather-scatter,0.008285833912442885,0,gather-scatter,0,,0.5,0,,0.5,1,fan-out,0.8,1,gather-scatter,0.8,1,fan-out,0.8,1,fan-out,0.8,0,,0.5
amlc_01095,LI-Small,0,legit,1103.0169082125603,3.526862127697342e-05,0,bipartite,2.5433788e-05,0,stack,3.0351205163997432e-05,0,stack,1,random,0.8,1,fan-out,0.6,1,fan-in,0.8,1,gather-scatter,0.6,1,gather-scatter,0.8,1,gather-scatter,0.8,1,gather-scatter,0.8
amlc_01096,LI-Small,0,legit,1136.4420289855072,0.00011439237113617003,0,bipartite,3.3995955e-05,0,bipartite,7.419416424140155e-05,0,bipartite,1,scatter-gather,0.6,1,gather-scatter,0.6,0,,0.7,1,gather-scatter,0.8,1,gather-scatter,0.8,1,gather-scatter,0.8,1,gather-scatter,0.8
amlc_01097,LI-Small,0,legit,1103.0169082125603,3.557337617246665e-05,0,bipartite,7.323978e-05,0,stack,5.440657984803546e-05,0,stack,1,gather-scatter,0.6,1,gather-scatter,0.6,1,random,0.8,1,gather-scatter,0.6,1,gather-scatter,0.8,1,stack,0.8,1,gather-scatter,0.8
amlc_01098,LI-Small,0,legit,1103.0169082125603,3.516924534545716e-05,0,bipartite,1.1944605e-05,0,bipartite,2.355692513330592e-05,0,bipartite,1,fan-out,0.6,0,,0.7,0,,0.7,1,gather-scatter,0.6,1,random,0.8,1,gather-scatter,0.8,1,gather-scatter,0.8
amlc_01099,LI-Small,0,legit,1103.0169082125603,3.557337617246665e-05,0,bipartite,3.2684937e-05,0,bipartite,3.41291564568004e-05,0,bipartite,1,fan-out,0.6,1,fan-in,0.6,0,,0.7,1,gather-scatter,0.6,1,gather-scatter,0.8,1,gather-scatter,0.8,1,gather-scatter,0.8
amlc_01100,LI-Small,0,legit,1136.4420289855072,3.516924534545716e-05,0,bipartite,2.3090564e-05,0,bipartite,2.9129904668223897e-05,0,bipartite,1,scatter-gather,0.6,1,gather-scatter,0.6,1,fan-out,0.6,1,gather-scatter,0.8,1,gather-scatter,0.8,1,gather-scatter,0.8,1,gather-scatter,0.8
amlc_01101,LI-Small,0,legit,1103.0169082125603,0.003846752117930592,0,gather-scatter,0.0063939183,0,gather-scatter,0.005120335209920377,0,gather-scatter,1,fan-out,0.6,1,fan-out,0.6,1,fan-out,0.6,1,gather-scatter,0.6,1,fan-out,0.8,1,fan-out,0.8,0,,0.5
amlc_01102,LI-Small,1,unknown,1.0,0.04519450124423664,0,bipartite,0.04940395,0,bipartite,0.04729922739824137,0,bipartite,1,fan-out,0.6,1,fan-in,0.6,1,gather-scatter,0.8,1,gather-scatter,0.6,1,scatter-gather,0.8,1,gather-scatter,0.8,1,gather-scatter,0.8
amlc_01103,LI-Small,0,legit,1.0,0.8730224134776498,1,bipartite,0.76032484,1,bipartite,0.8166735948251439,1,bipartite,1,fan-out,0.6,1,scatter-gather,0.6,0,,0.7,1,gather-scatter,0.6,0,,0.7,1,gather-scatter,0.8,1,gather-scatter,0.8
amlc_01104,LI-Small,1,unknown,1.0,0.005068210182377615,0,fan-in,0.009730621,0,fan-in,0.007399415804837603,0,fan-in,1,fan-out,0.6,1,fan-out,0.6,1,fan-out,0.8,1,gather-scatter,0.8,1,fan-out,0.8,0,,0.7,1,fan-out,0.8
amlc_01105,LI-Small,1,unknown,1.0,0.0023308691264449467,0,fan-out,0.0047457065,0,fan-out,0.003538287881451791,0,fan-out,0,,0.5,0,,0.5,1,scatter-gather,0.8,1,gather-scatter,0.8,1,fan-out,0.8,0,,0.7,0,,0.5
amlc_01106,LI-Small,0,legit,1100.3590361445783,3.557337617246665e-05,0,bipartite,3.5696703e-05,0,bipartite,3.5635039758234045e-05,0,bipartite,1,stack,0.8,1,fan-out,0.8,1,fan-out,0.6,1,gather-scatter,0.6,1,gather-scatter,0.8,1,gather-scatter,0.8,1,gather-scatter,0.8
amlc_01107,LI-Small,0,legit,1.0,0.6801881273840056,1,bipartite,0.6259126,1,bipartite,0.6530503789710098,1,bipartite,1,gather-scatter,0.8,1,gather-scatter,0.6,1,fan-in,0.6,1,gather-scatter,0.8,1,gather-scatter,0.8,1,gather-scatter,0.8,1,gather-scatter,0.8
amlc_01108,LI-Small,0,legit,1100.3590361445783,0.0001624464547085291,0,bipartite,0.00012882275,0,bipartite,0.00014563459964984536,0,bipartite,1,stack,0.8,1,scatter-gather,0.6,1,gather-scatter,0.8,1,gather-scatter,0.6,1,gather-scatter,0.8,1,gather-scatter,0.8,1,gather-scatter,0.8
amlc_01109,LI-Small,0,legit,1100.3590361445783,3.516924534545716e-05,0,bipartite,2.786196e-05,0,bipartite,3.151560222133281e-05,0,bipartite,1,scatter-gather,0.8,1,fan-out,0.8,1,fan-out,0.8,1,gather-scatter,0.6,1,scatter-gather,0.8,1,gather-scatter,0.8,1,gather-scatter,0.8
amlc_01110,LI-Small,0,legit,1100.3590361445783,3.557337617246665e-05,0,bipartite,4.963854e-05,0,bipartite,4.2605955941724816e-05,0,bipartite,1,fan-out,0.6,1,fan-out,0.8,1,fan-out,0.8,1,gather-scatter,0.6,1,fan-out,0.8,1,gather-scatter,0.8,1,fan-out,0.8
amlc_01111,LI-Small,0,legit,1103.0169082125603,0.0014042863890411333,0,gather-scatter,0.013404143,0,gather-scatter,0.007404214809084031,0,gather-scatter,1,fan-out,0.6,1,fan-out,0.8,1,fan-out,0.8,1,gather-scatter,0.8,1,fan-out,0.8,0,,0.7,0,,0.5
amlc_01112,LI-Small,0,legit,1103.0169082125603,0.003295043257226926,0,bipartite,0.0010780187,0,bipartite,0.002186530948231807,0,bipartite,1,cycle,0.8,1,stack,0.8,1,random,0.8,1,gather-scatter,0.6,1,random,0.8,1,gather-scatter,0.8,1,fan-out,0.8
amlc_01113,LI-Small,0,legit,1136.4420289855072,0.00011439237113617003,0,bipartite,9.5604926e-05,0,bipartite,0.0001049986486546398,0,bipartite,1,fan-out,0.6,1,fan-out,0.6,1,random,0.8,1,gather-scatter,0.6,1,fan-out,0.8,1,fan-out,0.8,1,fan-out,0.8
amlc_01114,LI-Small,1,unknown,1.0,0.016788409416297757,0,bipartite,0.026226878,0,bipartite,0.021507644163777272,0,bipartite,1,fan-out,0.6,1,fan-out,0.8,1,gather-scatter,0.8,1,gather-scatter,0.6,1,gather-scatter,0.8,1,gather-scatter,0.8,1,gather-scatter,0.8
amlc_01115,LI-Small,0,legit,1103.0169082125603,3.557337617246665e-05,0,bipartite,2.8672526e-05,0,bipartite,3.212295066117657e-05,0,bipartite,1,fan-out,0.6,1,gather-scatter,0.6,1,fan-out,0.6,1,gather-scatter,0.8,1,fan-out,0.8,1,fan-out,0.8,0,,0.5
amlc_01116,LI-Small,0,legit,1103.0169082125603,3.526862127697342e-05,0,bipartite,2.8531056e-05,0,stack,3.189983780869639e-05,0,stack,1,fan-out,0.6,1,fan-out,0.8,1,random,0.8,1,gather-scatter,0.8,1,fan-in,0.8,1,gather-scatter,0.8,1,scatter-gather,0.8
amlc_01117,LI-Small,0,legit,1103.0169082125603,0.0014056191881876019,0,bipartite,0.0004955094,0,bipartite,0.0009505643065664708,0,bipartite,1,gather-scatter,0.6,1,gather-scatter,0.6,1,scatter-gather,0.6,1,gather-scatter,0.8,1,gather-scatter,0.8,0,gather-scatter,0.7,1,gather-scatter,0.8
amlc_01118,LI-Small,0,legit,1.0,0.21878083980699733,0,bipartite,0.00771566,0,bipartite,0.11324824988405087,0,bipartite,1,fan-in,0.6,1,fan-in,0.6,1,fan-in,0.6,1,gather-scatter,0.6,0,fan-in,0.7,1,fan-in,0.8,1,fan-in,0.8
amlc_01119,LI-Small,0,legit,1.0,3.522397773450737e-05,0,bipartite,1.4122868e-05,0,bipartite,2.4673422783786817e-05,0,bipartite,1,fan-out,0.6,1,fan-out,0.6,1,fan-out,0.8,1,gather-scatter,0.8,1,gather-scatter,0.8,1,gather-scatter,0.8,1,gather-scatter,0.8
amlc_01120,LI-Small,0,legit,1.0,3.522397773450737e-05,0,bipartite,1.4844756e-05,0,bipartite,2.5034367033919707e-05,0,bipartite,1,fan-out,0.6,1,fan-out,0.8,1,gather-scatter,0.6,1,gather-scatter,0.6,1,fan-out,0.8,1,gather-scatter,0.8,1,gather-scatter,0.8
amlc_01121,LI-Small,0,legit,1.0,3.522397773450737e-05,0,bipartite,2.1975222e-05,0,bipartite,2.859959945254276e-05,0,bipartite,1,fan-out,0.8,1,fan-out,0.6,1,random,0.8,1,gather-scatter,0.8,1,fan-out,0.8,1,fan-out,0.8,1,gather-scatter,0.8
amlc_01122,LI-Small,0,legit,1136.4420289855072,3.557337617246665e-05,0,bipartite,3.168328e-05,0,bipartite,3.362832773785921e-05,0,bipartite,1,fan-out,0.6,1,fan-out,0.8,1,gather-scatter,0.8,1,gather-scatter,0.6,1,fan-out,0.8,1,gather-scatter,0.8,1,fan-out,0.8
amlc_01123,LI-Small,1,scatter-gather,1.0,0.8833613613883766,1,cycle,0.50509506,1,cycle,0.6942282040735142,1,cycle,1,fan-out,0.6,1,fan-out,0.6,1,fan-out,0.6,1,gather-scatter,0.8,1,fan-out,0.8,1,fan-out,0.8,1,fan-out,0.8
amlc_01124,LI-Small,1,scatter-gather,1.0,0.7350370137501534,1,cycle,0.3446011,0,cycle,0.5398190601969152,1,cycle,1,fan-out,0.8,1,fan-out,0.6,1,fan-out,0.6,1,gather-scatter,0.6,1,fan-out,0.8,1,gather-scatter,0.8,1,fan-out,0.8
amlc_01125,LI-Small,0,legit,1136.4420289855072,3.557337617246665e-05,0,bipartite,1.8931896e-05,0,bipartite,2.725263618270982e-05,0,bipartite,1,gather-scatter,0.6,1,gather-scatter,0.6,1,gather-scatter,0.8,1,gather-scatter,0.8,1,gather-scatter,0.8,1,gather-scatter,0.8,1,gather-scatter,0.8
amlc_01126,LI-Small,0,legit,1136.4420289855072,0.0001411536635303337,0,random,0.001199076,0,fan-out,0.0006701148253136048,0,fan-out,1,fan-out,0.6,1,scatter-gather,0.6,1,scatter-gather,0.6,1,random,0.8,1,scatter-gather,0.8,1,gather-scatter,0.8,1,gather-scatter,0.8
amlc_01127,LI-Small,0,legit,1136.4420289855072,0.0010868832489245226,0,bipartite,0.00044969638,0,bipartite,0.0007682898121072273,0,bipartite,1,fan-in,0.6,1,gather-scatter,0.8,1,scatter-gather,0.8,1,gather-scatter,0.8,1,gather-scatter,0.8,1,gather-scatter,0.8,1,gather-scatter,0.8
amlc_01128,LI-Small,0,legit,1103.0169082125603,0.0006880114152899861,0,bipartite,0.00068938464,0,bipartite,0.0006886980121425777,0,bipartite,1,fan-in,0.6,1,fan-in,0.6,1,fan-in,0.6,1,fan-in,0.6,1,fan-in,0.8,1,fan-in,0.8,1,fan-in,0.8
amlc_01129,LI-Small,0,legit,1100.3590361445783,3.516924534545716e-05,0,bipartite,1.2825828e-05,0,bipartite,2.3997536298992195e-05,0,bipartite,1,random,0.8,1,fan-in,0.6,1,random,0.8,1,gather-scatter,0.8,1,gather-scatter,0.8,1,gather-scatter,0.8,1,gather-scatter,0.8
amlc_01130,LI-Small,0,legit,1103.0169082125603,3.557337617246665e-05,0,bipartite,5.2230123e-05,0,bipartite,4.390175160591606e-05,0,bipartite,1,scatter-gather,0.8,1,gather-scatter,0.8,0,,0.7,1,gather-scatter,0.6,1,fan-in,0.8,1,gather-scatter,0.8,1,gather-scatter,0.8
amlc_01131,LI-Small,0,legit,1100.3590361445783,3.516924534545716e-05,0,bipartite,2.0872078e-05,0,bipartite,2.802066164687727e-05,0,bipartite,1,fan-out,0.6,1,scatter-gather,0.6,1,scatter-gather,0.8,1,gather-scatter,0.6,1,gather-scatter,0.8,1,gather-scatter,0.8,1,scatter-gather,0.8
amlc_01132,LI-Small,0,legit,1136.4420289855072,0.0019718322995150345,0,bipartite,0.00063650956,0,bipartite,0.0013041709421218314,0,bipartite,1,cycle,0.8,1,cycle,0.8,1,gather-scatter,0.8,1,gather-scatter,0.6,1,gather-scatter,0.8,1,cycle,0.8,1,gather-scatter,0.8
amlc_01133,LI-Small,0,legit,1136.4420289855072,0.0003949052766896999,0,bipartite,0.0040110634,0,fan-out,0.0022029842306394236,0,fan-out,0,,0.5,0,,0.5,1,fan-out,0.8,1,random,0.8,1,fan-out,0.8,0,,0.7,0,,0.5
amlc_01134,LI-Small,0,legit,1.0,0.5605565500511231,1,bipartite,0.70210814,1,bipartite,0.6313323593265564,1,bipartite,1,gather-scatter,0.6,1,fan-in,0.6,1,gather-scatter,0.8,1,gather-scatter,0.6,1,fan-in,0.8,1,gather-scatter,0.8,1,gather-scatter,0.8
amlc_01135,LI-Small,0,legit,1136.4420289855072,3.557337617246665e-05,0,bipartite,3.0029983e-05,0,bipartite,3.280168090935912e-05,0,bipartite,1,fan-out,0.6,1,fan-out,0.8,1,fan-in,0.8,1,gather-scatter,0.6,1,gather-scatter,0.8,1,scatter-gather,0.8,1,gather-scatter,0.8
amlc_01136,LI-Small,0,legit,1136.4420289855072,0.00045241046087978723,0,bipartite,0.001497471,0,bipartite,0.0009749407453749998,0,bipartite,0,,0.7,0,,0.7,0,,0.7,0,stack,0.7,0,,0.7,1,bipartite,0.8,0,,0.7
amlc_01137,LI-Small,0,legit,1136.4420289855072,0.002120630235456236,0,gather-scatter,0.003676089,0,gather-scatter,0.002898359474282865,0,gather-scatter,1,fan-out,0.6,1,fan-out,0.6,1,fan-out,0.8,1,gather-scatter,0.6,1,fan-out,0.8,1,fan-out,0.8,1,fan-out,0.8
amlc_01138,LI-Small,0,legit,1136.4420289855072,0.000759709113888211,0,bipartite,0.00034561372,0,bipartite,0.0005526614082771127,0,bipartite,1,random,0.8,1,gather-scatter,0.6,0,,0.7,1,gather-scatter,0.8,0,,0.7,1,fan-in,0.8,1,gather-scatter,0.8
amlc_01139,LI-Small,0,legit,1136.4420289855072,3.516924534545716e-05,0,bipartite,1.18505095e-05,0,bipartite,2.3509877154282146e-05,0,bipartite,1,fan-out,0.6,1,gather-scatter,0.6,1,fan-out,0.8,1,gather-scatter,0.6,1,fan-out,0.8,0,,0.7,0,,0.5
amlc_01140,LI-Small,0,legit,1136.4420289855072,3.516924534545716e-05,0,bipartite,1.6760343e-05,0,bipartite,2.5964794984900945e-05,0,bipartite,1,fan-out,0.6,1,fan-out,0.6,1,random,0.8,1,gather-scatter,0.8,1,fan-out,0.8,1,gather-scatter,0.8,1,fan-out,0.8
amlc_01141,LI-Small,0,legit,1136.4420289855072,3.487997806324355e-05,0,bipartite,2.5314072e-05,0,bipartite,3.0097025163335317e-05,0,bipartite,1,fan-out,0.8,1,fan-out,0.6,1,gather-scatter,0.8,1,gather-scatter,0.8,1,gather-scatter,0.8,1,gather-scatter,0.8,1,gather-scatter,0.8
amlc_01142,LI-Small,0,legit,1.0,0.7378354588728461,1,bipartite,0.41870743,0,bipartite,0.578271435677077,1,bipartite,1,gather-scatter,0.6,1,gather-scatter,0.6,1,gather-scatter,0.8,1,gather-scatter,0.6,1,gather-scatter,0.8,1,gather-scatter,0.8,1,gather-scatter,0.8
amlc_01143,LI-Small,0,legit,1.0,0.0010325798814528318,0,bipartite,0.0021542057,0,stack,0.0015933929152492747,0,stack,1,fan-in,0.8,1,fan-in,0.6,0,,0.7,1,gather-scatter,0.8,1,fan-in,0.8,1,gather-scatter,0.8,1,gather-scatter,0.8
amlc_01144,LI-Small,0,legit,1103.0169082125603,0.00011439237113617003,0,bipartite,8.512019e-05,0,bipartite,9.97562840862368e-05,0,bipartite,1,fan-out,0.6,1,gather-scatter,0.6,1,fan-out,0.6,1,gather-scatter,0.8,1,gather-scatter,0.8,1,gather-scatter,0.8,1,gather-scatter,0.8
amlc_01145,LI-Small,0,legit,1103.0169082125603,3.526862127697342e-05,0,bipartite,2.419967e-05,0,stack,2.9734145204956945e-05,0,stack,1,fan-out,0.6,1,fan-out,0.6,1,random,0.8,1,gather-scatter,0.8,1,fan-out,0.8,1,gather-scatter,0.8,1,gather-scatter,0.8
amlc_01146,LI-Small,0,legit,1103.0169082125603,3.557337617246665e-05,0,random,2.9802584e-05,0,bipartite,3.26879791559244e-05,0,bipartite,1,gather-scatter,0.6,1,scatter-gather,0.6,1,fan-out,0.6,1,gather-scatter,0.8,1,gather-scatter,0.8,1,gather-scatter,0.8,1,gather-scatter,0.8
amlc_01147,LI-Small,1,unknown,1.0,0.0007910985955919211,0,gather-scatter,0.0028436624,0,gather-scatter,0.0018173804734808896,0,gather-scatter,1,fan-out,0.6,1,fan-out,0.8,0,,0.7,1,gather-scatter,0.8,1,fan-out,0.8,0,,0.7,0,,0.5
amlc_01148,LI-Small,0,legit,1100.3590361445783,0.00024784954761957096,0,cycle,0.00020703042,0,cycle,0.0002274399843130321,0,cycle,1,fan-out,0.6,1,fan-out,0.6,1,fan-out,0.8,1,cycle,0.8,1,gather-scatter,0.8,1,gather-scatter,0.8,1,scatter-gather,0.8
amlc_01149,LI-Small,1,bipartite,1.0,0.022965231601255305,0,bipartite,0.039062627,0,bipartite,0.031013928758033694,0,bipartite,1,fan-out,0.6,1,fan-out,0.6,1,fan-out,0.8,1,fan-out,0.6,1,fan-out,0.8,0,,0.7,0,,0.5
amlc_01150,LI-Small,1,bipartite,1.0,0.02331035573844674,0,bipartite,0.050744552,0,bipartite,0.03702745283427121,0,bipartite,1,fan-in,0.6,1,fan-out,0.8,0,,0.7,1,gather-scatter,0.6,1,fan-in,0.8,1,fan-in,0.8,0,,0.7
amlc_01151,LI-Small,1,bipartite,1.0,0.9365772004877606,1,bipartite,0.98814213,1,bipartite,0.962359624900176,1,bipartite,1,fan-out,0.6,1,gather-scatter,0.6,1,fan-out,0.6,1,gather-scatter,0.8,1,gather-scatter,0.8,1,gather-scatter,0.8,1,gather-scatter,0.8
amlc_01152,LI-Small,0,legit,1136.4420289855072,3.516924534545716e-05,0,bipartite,2.366056e-05,0,bipartite,2.941490265467888e-05,0,bipartite,1,scatter-gather,0.8,1,cycle,0.8,0,,0.7,1,gather-scatter,0.6,1,scatter-gather,0.8,1,gather-scatter,0.8,1,gather-scatter,0.8
amlc_01153,LI-Small,1,unknown,1.0,0.0058196581048683095,0,bipartite,0.01134487,0,bipartite,0.008582264142379947,0,bipartite,1,fan-out,0.6,1,fan-out,0.6,1,fan-out,0.6,1,gather-scatter,0.8,1,random,0.8,1,gather-scatter,0.8,1,fan-out,0.8
amlc_01154,LI-Small,1,unknown,1.0,0.06182616496354609,0,bipartite,0.10034152,0,bipartite,0.08108384531870619,0,bipartite,1,fan-out,0.6,1,gather-scatter,0.6,1,fan-out,0.6,1,gather-scatter,0.6,1,gather-scatter,0.8,1,gather-scatter,0.8,1,gather-scatter,0.8
amlc_01155,LI-Small,1,unknown,1.0,0.03812436108459537,0,bipartite,0.013207058,0,bipartite,0.025665709567166888,0,bipartite,1,fan-out,0.6,1,fan-out,0.8,1,fan-out,0.6,1,gather-scatter,0.6,1,gather-scatter,0.8,1,stack,0.8,1,gather-scatter,0.8
amlc_01156,LI-Small,0,legit,1136.4420289855072,3.557337617246665e-05,0,bipartite,2.7724931e-05,0,bipartite,3.1649153943761474e-05,0,bipartite,1,fan-out,0.6,1,fan-out,0.8,1,gather-scatter,0.8,1,random,0.8,1,gather-scatter,0.8,1,gather-scatter,0.8,1,gather-scatter,0.8
amlc_01157,LI-Small,1,unknown,1.0,0.028250480344650865,0,bipartite,0.026841115,0,bipartite,0.02754579945194608,0,bipartite,1,fan-out,0.8,1,fan-out,0.6,1,fan-out,0.8,1,gather-scatter,0.6,1,scatter-gather,0.8,1,gather-scatter,0.8,1,gather-scatter,0.8
amlc_01158,LI-Small,1,unknown,1.0,0.0032202983801604785,0,bipartite,0.0063893707,0,fan-out,0.004804834447120204,0,fan-out,0,,0.5,0,,0.5,0,,0.7,1,gather-scatter,0.8,1,fan-out,0.8,0,,0.7,0,,0.5
amlc_01159,LI-Small,0,legit,1.0,0.46800312181966686,0,stack,0.42833042,0,stack,0.4481667626930136,0,stack,1,gather-scatter,0.8,1,gather-scatter,0.6,1,fan-out,0.8,1,gather-scatter,0.8,1,gather-scatter,0.8,1,gather-scatter,0.8,1,gather-scatter,0.8
amlc_01160,LI-Small,1,unknown,1.0,0.0008903038762859902,0,fan-out,0.006171673,0,fan-out,0.0035309887062933247,0,fan-out,0,,0.5,0,,0.5,1,fan-out,0.8,1,gather-scatter,0.8,1,fan-out,0.8,1,fan-out,0.8,0,,0.5
amlc_01161,LI-Small,0,legit,1100.3590361445783,3.557337617246665e-05,0,bipartite,5.7782756e-05,0,bipartite,4.667806312721804e-05,0,bipartite,1,fan-out,0.6,1,scatter-gather,0.8,1,fan-out,0.8,1,gather-scatter,0.6,1,fan-out,0.8,1,gather-scatter,0.8,1,fan-out,0.8
amlc_01162,LI-Small,0,legit,1103.0169082125603,0.01635721723474663,0,gather-scatter,0.05660705,0,gather-scatter,0.03648213421423039,0,gather-scatter,0,,0.5,0,,0.5,1,fan-out,0.8,1,gather-scatter,0.6,1,fan-out,0.8,0,,0.7,0,,0.5
amlc_01163,LI-Small,1,unknown,1.0,0.01667170149682688,0,bipartite,0.016879246,0,bipartite,0.016775474033498404,0,bipartite,1,stack,0.8,1,scatter-gather,0.6,1,stack,0.8,1,gather-scatter,0.8,1,stack,0.8,0,,0.7,1,gather-scatter,0.8
amlc_01164,LI-Small,0,legit,1100.3590361445783,3.487997806324355e-05,0,bipartite,2.8430175e-05,0,bipartite,3.165507726276159e-05,0,bipartite,1,gather-scatter,0.6,1,gather-scatter,0.6,1,gather-scatter,0.6,1,gather-scatter,0.6,1,gather-scatter,0.8,1,gather-scatter,0.8,1,gather-scatter,0.8
amlc_01165,LI-Small,0,legit,1100.3590361445783,3.557337617246665e-05,0,bipartite,3.9336435e-05,0,stack,3.745490573277347e-05,0,stack,1,fan-out,0.6,1,fan-out,0.6,1,fan-out,0.8,1,gather-scatter,0.8,1,fan-out,0.8,1,fan-out,0.8,1,fan-out,0.8
amlc_01166,LI-Small,0,legit,1100.3590361445783,3.557337617246665e-05,0,bipartite,7.325229e-05,0,stack,5.441283644398789e-05,0,stack,1,fan-out,0.8,1,fan-out,0.6,1,fan-out,0.6,1,gather-scatter,0.6,1,fan-out,0.8,1,fan-out,0.8,0,,0.5
amlc_01167,LI-Small,0,legit,1100.3590361445783,3.487997806324355e-05,0,bipartite,2.3391152e-05,0,bipartite,2.913556575418083e-05,0,bipartite,1,fan-out,0.6,1,fan-out,0.6,1,fan-out,0.8,1,gather-scatter,0.8,1,gather-scatter,0.8,1,gather-scatter,0.8,1,gather-scatter,0.8
amlc_01168,LI-Small,0,legit,1100.3590361445783,3.487997806324355e-05,0,bipartite,2.2987788e-05,0,bipartite,2.89338831212754e-05,0,bipartite,1,fan-in,0.8,1,gather-scatter,0.6,1,scatter-gather,0.8,1,gather-scatter,0.6,1,fan-in,0.8,1,fan-in,0.8,1,gather-scatter,0.8
amlc_01169,LI-Small,0,legit,1100.3590361445783,3.526862127697342e-05,0,bipartite,2.9202289e-05,0,bipartite,3.2235455723666885e-05,0,bipartite,1,fan-out,0.8,1,fan-out,0.6,1,scatter-gather,0.6,1,cycle,0.8,1,scatter-gather,0.8,1,gather-scatter,0.8,1,scatter-gather,0.8
amlc_01170,LI-Small,1,unknown,1.0,0.0076178487813169105,0,bipartite,0.06244446,0,bipartite,0.03503115607677372,0,bipartite,1,fan-in,0.8,1,fan-in,0.8,1,fan-in,0.6,1,gather-scatter,0.6,1,fan-in,0.8,1,fan-in,0.8,1,fan-in,0.8
amlc_01171,LI-Small,0,legit,1103.0169082125603,0.005981664728948239,0,stack,0.0031342483,0,bipartite,0.004557956683736921,0,stack,1,fan-in,0.6,0,,0.7,1,gather-scatter,0.8,1,gather-scatter,0.6,1,fan-in,0.8,1,gather-scatter,0.8,0,,0.7
amlc_01172,LI-Small,0,legit,1103.0169082125603,0.0008101023085892606,0,gather-scatter,0.0064542172,0,gather-scatter,0.0036321600109577384,0,gather-scatter,1,fan-out,0.6,1,fan-out,0.6,1,fan-out,0.8,1,random,0.8,1,fan-out,0.8,0,,0.7,0,,0.5
amlc_01173,LI-Small,0,legit,1136.4420289855072,3.516924534545716e-05,0,bipartite,2.8841674e-05,0,bipartite,3.200545897809075e-05,0,bipartite,1,fan-out,0.6,1,fan-out,0.6,1,fan-out,0.8,1,cycle,0.8,1,gather-scatter,0.8,1,gather-scatter,0.8,1,fan-out,0.8
amlc_01174,LI-Small,1,unknown,1.0,0.002971194584634992,0,gather-scatter,0.010794449,0,gather-scatter,0.006882822091116058,0,gather-scatter,1,fan-out,0.6,1,fan-out,0.6,1,fan-out,0.8,1,random,0.8,1,fan-out,0.8,1,fan-out,0.8,0,,0.5
amlc_01175,LI-Small,0,legit,1136.4420289855072,3.516924534545716e-05,0,bipartite,1.9123549e-05,0,bipartite,2.7146397313771158e-05,0,bipartite,1,fan-out,0.6,1,fan-out,0.8,1,fan-out,0.6,1,gather-scatter,0.6,1,gather-scatter,0.8,1,gather-scatter,0.8,1,gather-scatter,0.8
amlc_01176,LI-Small,0,legit,1136.4420289855072,0.00011439237113617003,0,bipartite,3.3102628e-05,0,bipartite,7.374749956992975e-05,0,bipartite,1,cycle,0.8,1,fan-out,0.8,1,fan-out,0.8,1,gather-scatter,0.8,1,gather-scatter,0.8,1,gather-scatter,0.8,1,gather-scatter,0.8
amlc_01177,LI-Small,1,bipartite,1.0,0.02246242398638093,0,bipartite,0.036205545,0,bipartite,0.029333984154555022,0,bipartite,1,fan-out,0.6,1,fan-out,0.6,1,fan-out,0.6,1,fan-out,0.6,1,fan-out,0.8,1,fan-out,0.8,1,fan-out,0.8
amlc_01178,LI-Small,1,bipartite,1.0,0.026481304902204857,0,bipartite,0.100407586,0,bipartite,0.06344445041734427,0,bipartite,1,fan-out,0.8,1,fan-out,0.6,1,fan-out,0.8,1,bipartite,0.8,1,fan-out,0.8,0,,0.7,1,fan-out,0.8
amlc_01179,LI-Small,1,bipartite,1.0,0.014274369152617353,0,bipartite,0.0848486,0,bipartite,0.0495614874970078,0,bipartite,1,fan-out,0.6,1,gather-scatter,0.8,1,fan-out,0.6,1,gather-scatter,0.6,1,gather-scatter,0.8,1,gather-scatter,0.8,1,gather-scatter,0.8
amlc_01180,LI-Small,1,bipartite,1.0,0.836083965574699,1,bipartite,0.89648694,1,bipartite,0.8662854339058187,1,bipartite,1,fan-out,0.6,1,fan-out,0.8,1,fan-out,0.6,1,fan-out,0.8,1,fan-out,0.8,1,gather-scatter,0.8,1,fan-out,0.8
amlc_01181,LI-Small,1,bipartite,1.0,0.7515928387839738,1,bipartite,0.91330147,1,bipartite,0.8324471473792763,1,bipartite,1,fan-out,0.6,1,gather-scatter,0.6,1,fan-out,0.8,1,gather-scatter,0.8,1,fan-out,0.8,1,gather-scatter,0.8,0,,0.5
amlc_01182,LI-Small,1,bipartite,1.0,0.9601696032566178,1,bipartite,0.99112,1,bipartite,0.9756447979948097,1,bipartite,0,,0.7,0,stack,0.7,0,,0.7,1,gather-scatter,0.8,1,stack,0.8,1,stack,0.8,1,fan-in,0.8
amlc_01183,LI-Small,1,bipartite,1.0,0.008834767509528066,0,bipartite,0.034329373,0,bipartite,0.021582069518182707,0,bipartite,1,fan-out,0.6,1,fan-out,0.6,1,scatter-gather,0.8,1,gather-scatter,0.6,1,gather-scatter,0.8,1,gather-scatter,0.8,0,,0.5
amlc_01184,LI-Small,1,bipartite,1.0,0.8501625555216863,1,bipartite,0.97501534,1,bipartite,0.9125889727204836,1,bipartite,1,fan-out,0.6,1,scatter-gather,0.6,1,fan-out,0.6,1,gather-scatter,0.6,1,gather-scatter,0.8,1,gather-scatter,0.8,1,fan-out,0.8
amlc_01185,LI-Small,1,bipartite,1.0,0.005966843760076085,0,bipartite,0.07743401,0,bipartite,0.0417004287720039,0,bipartite,1,fan-out,0.6,1,cycle,0.8,1,scatter-gather,0.8,1,gather-scatter,0.6,1,scatter-gather,0.8,1,fan-out,0.8,0,,0.5
amlc_01186,LI-Small,1,bipartite,1.0,0.8069779208094616,1,bipartite,0.9339695,1,bipartite,0.8704736913636694,1,bipartite,1,fan-out,0.6,1,gather-scatter,0.6,0,,0.7,1,random,0.8,1,gather-scatter,0.8,1,gather-scatter,0.8,0,,0.5
amlc_01187,LI-Small,1,bipartite,1.0,0.8193789138107108,1,bipartite,0.92137337,1,bipartite,0.870376134599676,1,bipartite,1,fan-out,0.6,1,fan-out,0.6,1,stack,0.8,1,gather-scatter,0.8,1,scatter-gather,0.8,1,gather-scatter,0.8,0,,0.5
amlc_01188,LI-Small,1,bipartite,1.0,0.07490519479861901,0,bipartite,0.1736209,0,bipartite,0.12426304318483197,0,bipartite,1,fan-out,0.6,1,fan-out,0.6,1,fan-out,0.6,1,gather-scatter,0.6,1,gather-scatter,0.8,1,gather-scatter,0.8,1,gather-scatter,0.8
amlc_01189,LI-Small,1,bipartite,1.0,0.3353553370136573,0,bipartite,0.10069515,0,bipartite,0.21802524107190738,0,bipartite,1,fan-out,0.8,1,fan-out,0.6,1,fan-out,0.6,1,gather-scatter,0.6,1,gather-scatter,0.8,1,fan-out,0.8,1,fan-out,0.8
amlc_01190,LI-Small,1,bipartite,1.0,0.0031850237193977726,0,bipartite,0.0006268845,0,bipartite,0.001905954100866536,0,bipartite,1,gather-scatter,0.8,1,gather-scatter,0.6,1,scatter-gather,0.8,1,gather-scatter,0.6,1,gather-scatter,0.8,1,gather-scatter,0.8,1,gather-scatter,0.8
amlc_01191,LI-Small,0,legit,1103.0169082125603,0.0007283131740308576,0,bipartite,0.00072738074,0,bipartite,0.0007278469348918285,0,bipartite,1,cycle,0.8,1,fan-out,0.8,1,fan-out,0.6,1,random,0.8,1,fan-out,0.8,1,gather-scatter,0.8,1,gather-scatter,0.8
amlc_01192,LI-Small,0,legit,1.0,0.8239025243617395,1,bipartite,0.509066,1,bipartite,0.6664842490602185,1,bipartite,1,fan-in,0.6,1,fan-in,0.6,1,fan-out,0.6,1,fan-in,0.6,1,fan-in,0.8,0,,0.7,1,fan-in,0.8
amlc_01193,LI-Small,0,legit,1103.0169082125603,0.008974239830352093,0,bipartite,0.019003306,0,bipartite,0.0139887728935367,0,bipartite,0,,0.7,0,random,0.7,0,,0.7,1,gather-scatter,0.8,1,fan-in,0.8,0,,0.7,0,,0.7
amlc_01194,LI-Small,1,unknown,1.0,0.024762919985421347,0,fan-in,0.061971676,0,fan-in,0.043367297049943535,0,fan-in,1,fan-in,0.6,1,fan-in,0.6,1,fan-in,0.6,1,gather-scatter,0.6,1,fan-in,0.8,1,fan-in,0.8,1,fan-in,0.8
amlc_01195,LI-Small,0,legit,1.0,0.866006409061575,1,bipartite,0.6670854,1,bipartite,0.7665459150734664,1,bipartite,1,fan-in,0.6,0,,0.7,0,,0.7,1,fan-in,0.6,1,fan-in,0.8,1,fan-in,0.8,1,fan-in,0.8
amlc_01196,LI-Small,0,legit,1100.3590361445783,3.557337617246665e-05,0,bipartite,3.538168e-05,0,bipartite,3.5477527826913856e-05,0,bipartite,1,fan-out,0.6,1,fan-out,0.6,1,fan-out,0.8,1,gather-scatter,0.8,1,fan-out,0.8,1,fan-out,0.8,0,,0.5
amlc_01197,LI-Small,0,legit,1100.3590361445783,3.526862127697342e-05,0,bipartite,3.968056e-05,0,stack,3.747459049448494e-05,0,stack,1,scatter-gather,0.6,1,fan-out,0.8,1,fan-in,0.6,1,gather-scatter,0.6,1,fan-in,0.8,1,gather-scatter,0.8,1,fan-in,0.8
amlc_01198,LI-Small,0,legit,1103.0169082125603,0.004702800354275709,0,bipartite,0.0023635991,0,bipartite,0.00353319979287118,0,bipartite,1,scatter-gather,0.8,0,,0.7,0,,0.7,1,cycle,0.8,1,bipartite,0.8,1,bipartite,0.8,0,,0.7
amlc_01199,LI-Small,1,unknown,1.0,0.027691985747284237,0,bipartite,0.06547806,0,bipartite,0.04658502344343392,0,bipartite,1,scatter-gather,0.8,1,scatter-gather,0.8,0,,0.7,1,gather-scatter,0.6,1,fan-in,0.8,1,gather-scatter,0.8,1,fan-in,0.8
amlc_01200,LI-Small,0,legit,1100.3590361445783,3.557337617246665e-05,0,bipartite,4.464137e-05,0,bipartite,4.010737245192867e-05,0,bipartite,1,fan-out,0.6,1,gather-scatter,0.6,1,fan-out,0.6,1,gather-scatter,0.6,1,fan-out,0.8,1,gather-scatter,0.8,1,fan-out,0.8
amlc_01201,LI-Small,1,unknown,1.0,0.018098006032882915,0,fan-in,0.03381063,0,fan-in,0.0259543176780039,0,fan-in,1,fan-out,0.6,1,fan-out,0.6,1,fan-out,0.8,1,fan-out,0.8,1,fan-out,0.8,1,fan-out,0.8,1,fan-out,0.8
amlc_01202,LI-Small,1,unknown,1.0,0.0237481953843005,0,fan-in,0.0250967,0,fan-in,0.024422447489875924,0,fan-in,1,fan-out,0.6,1,gather-scatter,0.6,1,fan-out,0.8,1,fan-out,0.8,1,scatter-gather,0.8,1,fan-out,0.8,1,scatter-gather,0.8
amlc_01203,LI-Small,0,legit,1100.3590361445783,3.557337617246665e-05,0,bipartite,4.2993943e-05,0,bipartite,3.928365910763968e-05,0,bipartite,1,fan-out,0.8,1,fan-out,0.6,1,fan-out,0.8,1,gather-scatter,0.8,1,fan-out,0.8,1,gather-scatter,0.8,1,fan-out,0.8
amlc_01204,LI-Small,0,legit,1100.3590361445783,3.516924534545716e-05,0,bipartite,1.698489e-05,0,bipartite,2.6077067831209716e-05,0,bipartite,1,fan-out,0.6,1,fan-out,0.6,1,fan-out,0.8,1,gather-scatter,0.8,1,fan-out,0.8,0,,0.7,0,,0.5
amlc_01205,LI-Small,1,unknown,1.0,0.002879103273043363,0,gather-scatter,0.006188584,0,gather-scatter,0.0045338435563640435,0,gather-scatter,0,,0.5,0,,0.5,1,fan-out,0.8,1,gather-scatter,0.6,1,fan-out,0.8,0,,0.7,0,,0.5
amlc_01206,LI-Small,0,legit,1136.4420289855072,3.557337617246665e-05,0,bipartite,2.448482e-05,0,bipartite,3.0029097224940772e-05,0,bipartite,1,fan-out,0.6,1,gather-scatter,0.6,1,fan-out,0.8,1,gather-scatter,0.8,1,gather-scatter,0.8,1,random,0.8,1,gather-scatter,0.8
amlc_01207,LI-Small,0,legit,1103.0169082125603,0.00011439237113617003,0,bipartite,6.291647e-05,0,bipartite,8.865442132131949e-05,0,bipartite,1,fan-out,0.8,1,gather-scatter,0.8,1,fan-out,0.8,1,gather-scatter,0.8,1,gather-scatter,0.8,1,random,0.8,1,gather-scatter,0.8
amlc_01208,LI-Small,0,legit,1.0,0.335528910182754,0,stack,0.4262702,0,stack,0.3808995545023877,0,stack,1,scatter-gather,0.6,1,gather-scatter,0.6,1,scatter-gather,0.8,1,gather-scatter,0.6,1,gather-scatter,0.8,1,stack,0.8,1,gather-scatter,0.8
amlc_01209,LI-Small,0,legit,1103.0169082125603,0.0006969869074045069,0,gather-scatter,0.010588225,0,gather-scatter,0.005642606082028073,0,gather-scatter,1,fan-out,0.8,1,fan-out,0.6,1,fan-out,0.8,1,gather-scatter,0.6,1,fan-out,0.8,0,,0.7,0,,0.5
amlc_01210,LI-Small,0,legit,1103.0169082125603,3.557337617246665e-05,0,bipartite,2.0258623e-05,0,bipartite,2.7916000699804853e-05,0,bipartite,1,fan-out,0.6,1,fan-out,0.6,0,,0.7,1,fan-out,0.6,1,fan-out,0.8,1,fan-out,0.8,1,fan-out,0.8
amlc_01211,LI-Small,1,unknown,1.0,0.00032841271671978247,0,bipartite,0.0004242835,0,bipartite,0.00037634812212805006,0,bipartite,1,random,0.8,1,fan-in,0.8,1,fan-in,0.8,1,gather-scatter,0.6,1,gather-scatter,0.8,1,gather-scatter,0.8,1,gather-scatter,0.8
amlc_01212,LI-Small,0,legit,1103.0169082125603,3.557337617246665e-05,0,bipartite,3.5060675e-05,0,stack,3.531702565891318e-05,0,stack,1,fan-out,0.6,1,fan-out,0.8,1,fan-out,0.6,1,gather-scatter,0.8,1,gather-scatter,0.8,1,gather-scatter,0.8,0,,0.5
amlc_01213,LI-Small,0,legit,1.0,0.7556634974138794,1,bipartite,0.45955467,0,bipartite,0.6076090818473129,1,bipartite,0,,0.7,1,bipartite,0.8,1,random,0.8,1,cycle,0.8,1,bipartite,0.8,0,,0.7,0,,0.7
amlc_01214,LI-Small,0,legit,1.0,0.9373880376709369,1,bipartite,0.9235832,1,bipartite,0.930485617632313,1,bipartite,1,cycle,0.8,0,,0.7,0,,0.7,1,gather-scatter,0.6,1,gather-scatter,0.8,1,cycle,0.8,1,gather-scatter,0.8
amlc_01215,LI-Small,0,legit,1103.0169082125603,0.0019128947746409129,0,bipartite,0.0018780719,0,bipartite,0.0018954833151972866,0,bipartite,1,fan-out,0.8,1,fan-out,0.6,1,fan-out,0.8,1,gather-scatter,0.6,1,fan-out,0.8,1,fan-out,0.8,0,,0.5
amlc_01216,LI-Small,0,legit,1103.0169082125603,3.526862127697342e-05,0,bipartite,2.6257068e-05,0,stack,3.076284501260503e-05,0,stack,1,gather-scatter,0.6,1,fan-out,0.6,1,random,0.8,1,gather-scatter,0.6,1,gather-scatter,0.8,1,gather-scatter,0.8,1,gather-scatter,0.8
amlc_01217,LI-Small,1,unknown,1.0,0.0009720054867620607,0,fan-out,0.003739743,0,fan-out,0.0023558741874498794,0,fan-out,1,fan-out,0.6,1,fan-out,0.6,1,fan-out,0.8,1,gather-scatter,0.8,1,fan-out,0.8,1,fan-out,0.8,0,,0.5
amlc_01218,LI-Small,0,legit,1100.3590361445783,3.516924534545716e-05,0,bipartite,2.4724397e-05,0,bipartite,2.9946820812909717e-05,0,bipartite,1,fan-in,0.8,1,fan-in,0.6,1,gather-scatter,0.8,1,gather-scatter,0.8,1,gather-scatter,0.8,1,gather-scatter,0.8,1,gather-scatter,0.8
amlc_01219,LI-Small,0,legit,1136.4420289855072,3.526862127697342e-05,0,bipartite,3.8108294e-05,0,stack,3.668845710747533e-05,0,stack,1,gather-scatter,0.6,0,,0.7,1,gather-scatter,0.6,1,gather-scatter,0.6,1,gather-scatter,0.8,1,gather-scatter,0.8,1,gather-scatter,0.8
amlc_01220,LI-Small,0,legit,1103.0169082125603,0.014224742131527366,0,stack,0.005597812,0,bipartite,0.009911277127562016,0,stack,1,cycle,0.8,0,,0.7,0,,0.7,1,gather-scatter,0.6,1,fan-in,0.8,1,gather-scatter,0.8,0,,0.7
amlc_01221,LI-Small,0,legit,1103.0169082125603,3.526862127697342e-05,0,bipartite,2.7180617e-05,0,stack,3.122461911955739e-05,0,stack,1,fan-out,0.6,1,gather-scatter,0.8,1,fan-out,0.8,1,gather-scatter,0.6,1,gather-scatter,0.8,0,gather-scatter,0.7,1,fan-out,0.8
amlc_01222,LI-Small,0,legit,1103.0169082125603,0.0014208202432911838,0,gather-scatter,0.014635677,0,gather-scatter,0.008028248473819158,0,gather-scatter,0,,0.5,0,,0.5,1,fan-out,0.8,1,gather-scatter,0.6,1,fan-out,0.8,1,gather-scatter,0.8,0,,0.5
amlc_01223,LI-Small,0,legit,1100.3590361445783,0.00010450228909154638,0,fan-in,0.00015133517,0,fan-out,0.00012791873468148164,0,fan-out,1,cycle,0.8,1,fan-out,0.6,1,fan-out,0.8,1,fan-out,0.6,1,gather-scatter,0.8,1,gather-scatter,0.8,1,gather-scatter,0.8
amlc_01224,LI-Small,0,legit,1136.4420289855072,3.516924534545716e-05,0,bipartite,2.9324749e-05,0,bipartite,3.224699676022152e-05,0,bipartite,1,fan-out,0.6,1,scatter-gather,0.6,1,fan-in,0.8,1,gather-scatter,0.8,1,fan-out,0.8,1,fan-out,0.8,1,fan-out,0.8
amlc_01225,LI-Small,0,legit,1103.0169082125603,0.0013958960784341205,0,fan-in,0.0028859184,0,fan-in,0.0021409072453958448,0,fan-in,1,fan-in,0.6,1,fan-in,0.6,1,fan-in,0.8,1,gather-scatter,0.6,1,fan-in,0.8,1,fan-in,0.8,1,fan-in,0.8
amlc_01226,LI-Small,0,legit,1100.3590361445783,3.487997806324355e-05,0,bipartite,1.5696594e-05,0,bipartite,2.5288285931814286e-05,0,bipartite,1,gather-scatter,0.6,1,gather-scatter,0.6,1,gather-scatter,0.8,1,cycle,0.8,1,gather-scatter,0.8,1,gather-scatter,0.8,1,gather-scatter,0.8
amlc_01227,LI-Small,0,legit,1.0,0.8834159552441012,1,bipartite,0.6996305,1,bipartite,0.7915232449464982,1,bipartite,1,fan-out,0.6,1,fan-in,0.6,1,random,0.8,1,gather-scatter,0.6,1,fan-in,0.8,1,fan-in,0.8,1,fan-in,0.8
amlc_01228,LI-Small,0,legit,1100.3590361445783,3.516924534545716e-05,0,bipartite,2.2236438e-05,0,bipartite,2.8702841608463642e-05,0,bipartite,1,fan-out,0.6,1,fan-out,0.6,1,fan-out,0.8,1,gather-scatter,0.6,1,fan-out,0.8,1,fan-out,0.8,0,,0.5
amlc_01229,LI-Small,1,unknown,1.0,0.0035245562855743123,0,bipartite,0.008041138,0,bipartite,0.005782847569726047,0,bipartite,1,fan-in,0.6,1,stack,0.8,1,fan-in,0.8,1,gather-scatter,0.6,1,fan-in,0.8,1,fan-in,0.8,1,fan-in,0.8
amlc_01230,LI-Small,0,legit,1100.3590361445783,3.526862127697342e-05,0,bipartite,3.9046845e-05,0,stack,3.7157733454323674e-05,0,stack,1,fan-out,0.6,1,fan-out,0.6,1,gather-scatter,0.8,1,gather-scatter,0.6,1,fan-out,0.8,1,stack,0.8,1,gather-scatter,0.8
amlc_01231,LI-Small,0,legit,1100.3590361445783,3.557337617246665e-05,0,bipartite,4.82428e-05,0,bipartite,4.1908087196532864e-05,0,bipartite,1,fan-out,0.6,1,scatter-gather,0.8,1,fan-out,0.6,1,gather-scatter,0.6,1,fan-out,0.8,1,fan-out,0.8,1,gather-scatter,0.8
amlc_01232,LI-Small,1,unknown,1.0,0.004061106665502888,0,fan-in,0.013085683,0,fan-in,0.008573395143484524,0,fan-in,1,fan-in,0.6,1,fan-in,0.6,1,fan-in,0.6,1,gather-scatter,0.6,1,fan-in,0.8,1,fan-in,0.8,1,fan-in,0.8
amlc_01233,LI-Small,0,legit,1100.3590361445783,3.487997806324355e-05,0,bipartite,1.343509e-05,0,bipartite,2.415753490691172e-05,0,bipartite,1,random,0.8,1,fan-in,0.6,1,gather-scatter,0.8,1,gather-scatter,0.6,1,fan-in,0.8,1,random,0.8,1,stack,0.8
amlc_01234,LI-Small,0,legit,1100.3590361445783,3.487997806324355e-05,0,bipartite,2.6177691e-05,0,bipartite,3.0528834148348366e-05,0,bipartite,1,fan-out,0.6,1,gather-scatter,0.6,1,gather-scatter,0.8,1,fan-out,0.8,1,gather-scatter,0.8,1,gather-scatter,0.8,1,gather-scatter,0.8
amlc_01235,LI-Small,0,legit,1.0,0.4489151505886828,0,scatter-gather,0.11821822,0,fan-out,0.2835666856795209,0,fan-out,1,fan-out,0.6,1,fan-out,0.6,1,scatter-gather,0.8,1,gather-scatter,0.6,1,gather-scatter,0.8,1,gather-scatter,0.8,1,gather-scatter,0.8
amlc_01236,LI-Small,0,legit,1100.3590361445783,5.370013239151874e-05,0,random,7.415104e-05,0,fan-out,6.392558278893623e-05,0,fan-out,1,fan-out,0.6,1,gather-scatter,0.6,1,gather-scatter,0.8,1,gather-scatter,0.8,1,gather-scatter,0.8,1,gather-scatter,0.8,1,gather-scatter,0.8
amlc_01237,LI-Small,0,legit,1103.0169082125603,3.557337617246665e-05,0,bipartite,2.509823e-05,0,bipartite,3.033580303093767e-05,0,bipartite,1,fan-out,0.8,1,gather-scatter,0.6,1,scatter-gather,0.6,1,gather-scatter,0.8,1,gather-scatter,0.8,1,gather-scatter,0.8,1,gather-scatter,0.8
amlc_01238,LI-Small,0,legit,1100.3590361445783,3.516924534545716e-05,0,bipartite,2.3644632e-05,0,bipartite,2.940693966476698e-05,0,bipartite,1,fan-out,0.8,1,fan-out,0.6,1,fan-out,0.6,1,scatter-gather,0.6,1,fan-out,0.8,1,fan-out,0.8,1,fan-out,0.8
amlc_01239,LI-Small,0,legit,1.0,0.2118139271400067,0,bipartite,0.011023076,0,bipartite,0.11141850169557795,0,bipartite,0,,0.7,0,,0.7,0,,0.7,1,gather-scatter,0.6,0,,0.7,1,stack,0.8,1,fan-in,0.8
amlc_01240,LI-Small,0,legit,1100.3590361445783,3.516924534545716e-05,0,bipartite,1.2643106e-05,0,bipartite,2.3906176191957052e-05,0,bipartite,1,fan-out,0.6,1,fan-out,0.6,1,fan-out,0.8,1,gather-scatter,0.6,1,scatter-gather,0.8,1,scatter-gather,0.8,1,scatter-gather,0.8
amlc_01241,LI-Small,0,legit,1103.0169082125603,3.557337617246665e-05,0,bipartite,2.9408979e-05,0,stack,3.24911783267802e-05,0,stack,1,fan-out,0.6,1,fan-out,0.6,1,fan-out,0.6,1,gather-scatter,0.8,1,gather-scatter,0.8,1,fan-out,0.8,1,gather-scatter,0.8
amlc_01242,LI-Small,1,unknown,1.0,0.08643796416533546,0,bipartite,0.06729678,0,bipartite,0.07686737315064944,0,bipartite,1,gather-scatter,0.8,1,gather-scatter,0.6,1,stack,0.8,1,gather-scatter,0.6,1,gather-scatter,0.8,1,gather-scatter,0.8,1,gather-scatter,0.8
amlc_01243,LI-Small,1,unknown,1.0,0.003231414281839447,0,fan-in,0.024328958,0,fan-in,0.013780187566337147,0,fan-in,1,random,0.8,1,fan-out,0.6,1,fan-out,0.8,1,gather-scatter,0.6,1,scatter-gather,0.8,1,gather-scatter,0.8,1,gather-scatter,0.8
amlc_01244,LI-Small,1,unknown,1.0,0.00039978104621207506,0,bipartite,0.0011780439,0,fan-out,0.0007889124528786082,0,fan-out,1,fan-out,0.8,1,fan-out,0.6,1,fan-out,0.6,1,fan-out,0.6,1,fan-out,0.8,1,fan-out,0.8,0,,0.5
amlc_01245,LI-Small,1,unknown,1.0,0.000455557826657288,0,bipartite,0.0012955567,0,fan-out,0.0008755572276341134,0,fan-out,1,fan-out,0.6,1,fan-out,0.6,1,fan-out,0.8,1,gather-scatter,0.8,1,fan-out,0.8,0,,0.7,0,,0.5
amlc_01246,LI-Small,0,legit,1100.3590361445783,3.516924534545716e-05,0,scatter-gather,2.0260337e-05,0,bipartite,2.771479184841024e-05,0,scatter-gather,1,fan-out,0.6,1,fan-out,0.8,1,fan-out,0.6,1,fan-out,0.6,1,fan-out,0.8,1,fan-out,0.8,0,,0.5
amlc_01247,LI-Small,1,unknown,1.0,0.01172596781311521,0,bipartite,0.041464724,0,bipartite,0.026595347965052175,0,bipartite,1,fan-in,0.8,1,stack,0.8,1,fan-in,0.6,1,gather-scatter,0.6,1,fan-in,0.8,0,fan-in,0.7,1,fan-in,0.8
amlc_01248,LI-Small,0,legit,1.0,0.4172629860038752,0,stack,0.3621115,0,stack,0.38968725338554355,0,stack,1,gather-scatter,0.8,1,gather-scatter,0.6,1,gather-scatter,0.6,0,,0.7,1,gather-scatter,0.8,1,stack,0.8,1,gather-scatter,0.8
amlc_01249,LI-Small,0,legit,1100.3590361445783,3.516924534545716e-05,0,bipartite,9.814353e-06,0,bipartite,2.249179906240766e-05,0,bipartite,1,fan-out,0.8,1,fan-out,0.6,1,gather-scatter,0.8,1,gather-scatter,0.6,1,gather-scatter,0.8,1,gather-scatter,0.8,1,gather-scatter,0.8
amlc_01250,LI-Small,0,legit,1103.0169082125603,3.557337617246665e-05,0,bipartite,3.40123e-05,0,bipartite,3.479283875134423e-05,0,bipartite,1,fan-out,0.6,1,fan-out,0.6,1,fan-out,0.8,1,random,0.8,1,fan-out,0.8,1,fan-out,0.8,0,,0.5
amlc_01251,LI-Small,0,legit,1103.0169082125603,0.029811082363533435,0,fan-in,0.059063464,0,fan-in,0.044437270030581684,0,fan-in,1,gather-scatter,0.6,1,random,0.8,1,gather-scatter,0.8,1,gather-scatter,0.6,1,scatter-gather,0.8,1,gather-scatter,0.8,1,gather-scatter,0.8
amlc_01252,LI-Small,1,unknown,1.0,0.0008695144764586887,0,fan-out,0.008502509,0,fan-out,0.004686012146969865,0,fan-out,1,fan-out,0.6,1,fan-out,0.8,0,,0.7,1,random,0.8,1,fan-out,0.8,0,,0.7,0,,0.5
amlc_01253,LI-Small,1,unknown,1.0,0.006275506690226045,0,fan-in,0.015067093,0,fan-in,0.01067129978914164,0,fan-in,1,fan-in,0.6,1,fan-out,0.6,1,gather-scatter,0.8,1,gather-scatter,0.8,1,fan-in,0.8,1,gather-scatter,0.8,1,fan-in,0.8
amlc_01254,LI-Small,0,legit,1100.3590361445783,3.516924534545716e-05,0,bipartite,2.0105792e-05,0,bipartite,2.763751863196245e-05,0,bipartite,1,fan-out,0.6,1,fan-out,0.6,1,fan-out,0.8,1,gather-scatter,0.8,1,gather-scatter,0.8,1,gather-scatter,0.8,1,gather-scatter,0.8
amlc_01255,LI-Small,1,unknown,1.0,0.0030994884845405592,0,gather-scatter,0.013317804,0,gather-scatter,0.00820864635466485,0,gather-scatter,0,,0.5,0,,0.5,1,fan-out,0.6,1,random,0.8,1,fan-out,0.8,0,,0.7,0,,0.5
amlc_01256,LI-Small,0,legit,1103.0169082125603,0.005230347573418155,0,gather-scatter,0.03697493,0,gather-scatter,0.021102639727124936,0,gather-scatter,0,,0.5,0,,0.5,1,fan-out,0.8,0,random,0.7,1,fan-out,0.8,0,,0.7,0,,0.5
amlc_01257,LI-Small,0,legit,1136.4420289855072,3.516924534545716e-05,0,bipartite,2.6829472e-05,0,bipartite,3.099935793099445e-05,0,bipartite,1,fan-out,0.6,1,fan-out,0.6,1,fan-out,0.8,1,gather-scatter,0.8,1,fan-out,0.8,1,fan-out,0.8,0,,0.5
amlc_01258,LI-Small,1,unknown,1.0,0.04838150403226079,0,bipartite,0.03266815,0,bipartite,0.04052482693803639,0,bipartite,1,fan-in,0.6,1,gather-scatter,0.6,1,fan-in,0.6,1,gather-scatter,0.6,1,gather-scatter,0.8,1,gather-scatter,0.8,1,gather-scatter,0.8
amlc_01259,LI-Small,0,legit,1100.3590361445783,3.516924534545716e-05,0,bipartite,2.161154e-05,0,bipartite,2.8390392707222926e-05,0,bipartite,1,fan-out,0.6,1,fan-out,0.6,1,gather-scatter,0.8,1,gather-scatter,0.6,1,fan-out,0.8,1,fan-out,0.8,0,,0.5
amlc_01260,LI-Small,1,unknown,1.0,0.0017606228141659915,0,gather-scatter,0.007805433,0,gather-scatter,0.004783028015801033,0,gather-scatter,1,fan-out,0.6,1,fan-out,0.6,1,fan-out,0.8,1,gather-scatter,0.8,1,fan-out,0.8,0,,0.7,0,,0.5
amlc_01261,LI-Small,0,legit,1100.3590361445783,3.516924534545716e-05,0,bipartite,2.1663524e-05,0,bipartite,2.8416384974405954e-05,0,bipartite,1,fan-out,0.6,1,scatter-gather,0.8,1,fan-out,0.8,1,gather-scatter,0.8,1,fan-out,0.8,1,gather-scatter,0.8,1,fan-out,0.8
amlc_01262,LI-Small,0,legit,1103.0169082125603,0.0004928575570897448,0,bipartite,0.0022007974,0,bipartite,0.001346827425212472,0,bipartite,1,fan-in,0.6,1,fan-in,0.6,0,,0.7,1,gather-scatter,0.6,1,fan-in,0.8,1,fan-in,0.8,1,fan-in,0.8
amlc_01263,LI-Small,0,legit,1.0,0.7729171736948022,1,bipartite,0.79929256,1,bipartite,0.7861048571225171,1,bipartite,1,gather-scatter,0.6,0,,0.7,0,,0.7,1,gather-scatter,0.6,1,gather-scatter,0.8,1,gather-scatter,0.8,1,gather-scatter,0.8
amlc_01264,LI-Small,0,legit,1136.4420289855072,0.0006266612252533207,0,bipartite,0.0002849595,0,bipartite,0.0004558103704050069,0,bipartite,1,fan-out,0.6,1,fan-out,0.6,1,fan-out,0.8,1,gather-scatter,0.6,1,fan-out,0.8,1,fan-out,0.8,0,,0.5
amlc_01265,LI-Small,0,legit,1136.4420289855072,3.557337617246665e-05,0,stack,2.0965406e-05,0,stack,2.8269391232641637e-05,0,stack,1,fan-out,0.6,1,fan-out,0.6,1,fan-out,0.6,1,gather-scatter,0.6,1,fan-out,0.8,0,,0.7,0,,0.5
amlc_01266,LI-Small,0,legit,1100.3590361445783,3.516924534545716e-05,0,bipartite,2.1418115e-05,0,bipartite,2.829367995101944e-05,0,bipartite,1,fan-out,0.6,1,fan-out,0.6,1,fan-out,0.6,1,gather-scatter,0.8,1,fan-out,0.8,1,scatter-gather,0.8,1,fan-out,0.8
amlc_01267,LI-Small,1,unknown,1.0,0.0010358522024205012,0,bipartite,0.009646988,0,fan-out,0.0053414194999362365,0,fan-out,0,,0.5,0,,0.5,1,fan-out,0.8,1,gather-scatter,0.8,1,fan-out,0.8,1,fan-out,0.8,0,,0.5
amlc_01268,LI-Small,0,legit,1100.3590361445783,0.00011439237113617003,0,bipartite,6.8011024e-05,0,bipartite,9.120169697466128e-05,0,bipartite,1,fan-out,0.8,1,fan-out,0.8,1,fan-out,0.8,1,gather-scatter,0.6,1,scatter-gather,0.8,1,gather-scatter,0.8,0,,0.5
amlc_01269,LI-Small,0,legit,1136.4420289855072,0.0011444411758439782,0,bipartite,0.0006797436,0,bipartite,0.000912092366773364,0,bipartite,1,fan-out,0.6,1,fan-out,0.6,1,fan-out,0.8,1,fan-out,0.6,1,fan-out,0.8,1,fan-out,0.8,0,,0.5
amlc_01270,LI-Small,1,unknown,1.0,0.014793944498828144,0,bipartite,0.01712669,0,bipartite,0.01596031810637866,0,bipartite,1,fan-out,0.6,1,gather-scatter,0.6,1,fan-out,0.8,1,scatter-gather,0.8,1,fan-out,0.8,1,fan-out,0.8,1,fan-out,0.8
amlc_01271,LI-Small,0,legit,1136.4420289855072,0.0004971445788517513,0,bipartite,0.0005823613,0,bipartite,0.0005397529612006579,0,bipartite,1,fan-in,0.6,1,random,0.8,1,fan-in,0.6,1,random,0.8,1,fan-in,0.8,1,fan-in,0.8,1,fan-in,0.8
amlc_01272,LI-Small,0,legit,1136.4420289855072,2.8992764818476457e-05,0,bipartite,1.8820187e-05,0,bipartite,2.3906475161897924e-05,0,bipartite,1,scatter-gather,0.6,1,fan-out,0.8,1,scatter-gather,0.6,1,gather-scatter,0.6,1,stack,0.8,1,gather-scatter,0.8,0,,0.5
amlc_01273,LI-Small,0,legit,1.0,0.5886831387728261,1,random,0.5300491,1,bipartite,0.5593661211356424,1,bipartite,1,gather-scatter,0.6,0,,0.7,1,fan-out,0.8,1,gather-scatter,0.6,1,gather-scatter,0.8,1,gather-scatter,0.8,1,gather-scatter,0.8
amlc_01274,LI-Small,1,unknown,1.0,0.0010964319911144602,0,gather-scatter,0.007429757,0,gather-scatter,0.004263094806126874,0,gather-scatter,0,,0.5,0,,0.5,1,fan-out,0.8,0,,0.7,1,fan-out,0.8,1,fan-out,0.8,0,,0.5
amlc_01275,LI-Small,1,unknown,1.0,0.0013982943574584025,0,gather-scatter,0.023745796,0,gather-scatter,0.012572045127798939,0,gather-scatter,0,,0.5,0,,0.5,1,fan-out,0.8,1,fan-out,0.6,1,fan-out,0.8,0,,0.7,0,,0.5
amlc_01276,LI-Small,0,legit,1.0,0.20898754692121718,0,bipartite,0.02761006,0,bipartite,0.11829880449197876,0,bipartite,1,fan-in,0.6,0,stack,0.7,0,,0.7,1,gather-scatter,0.6,1,fan-in,0.8,1,gather-scatter,0.8,1,fan-in,0.8
amlc_01277,LI-Small,0,legit,1136.4420289855072,3.516924534545716e-05,0,bipartite,1.2422104e-05,0,bipartite,2.3795674768478927e-05,0,bipartite,1,fan-out,0.6,1,gather-scatter,0.6,1,fan-out,0.6,1,gather-scatter,0.8,1,gather-scatter,0.8,1,gather-scatter,0.8,1,gather-scatter,0.8
amlc_01278,LI-Small,0,legit,1136.4420289855072,3.526862127697342e-05,0,bipartite,3.634794e-05,0,stack,3.580828014931299e-05,0,stack,1,scatter-gather,0.6,1,gather-scatter,0.6,1,gather-scatter,0.8,1,gather-scatter,0.6,1,gather-scatter,0.8,1,gather-scatter,0.8,1,gather-scatter,0.8
amlc_01279,LI-Small,0,legit,1103.0169082125603,0.007291453345746389,0,bipartite,0.0042524254,0,bipartite,0.005771939416915472,0,bipartite,1,fan-in,0.6,1,fan-in,0.6,1,fan-in,0.8,1,gather-scatter,0.6,1,fan-in,0.8,1,fan-in,0.8,1,fan-in,0.8
amlc_01280,LI-Small,0,legit,1103.0169082125603,0.004336932395662002,0,fan-out,0.0216888,0,fan-out,0.01301286672292408,0,fan-out,1,fan-out,0.8,1,fan-out,0.6,1,fan-out,0.8,1,gather-scatter,0.8,1,fan-out,0.8,1,fan-out,0.8,0,,0.5
amlc_01281,LI-Small,0,legit,1136.4420289855072,0.000570882035586833,0,bipartite,0.00088047254,0,bipartite,0.0007256772453802819,0,bipartite,1,fan-out,0.8,1,fan-out,0.6,1,fan-out,0.8,1,gather-scatter,0.8,1,scatter-gather,0.8,1,gather-scatter,0.8,1,scatter-gather,0.8
amlc_01282,LI-Small,0,legit,1100.3590361445783,3.516924534545716e-05,0,bipartite,1.4493647e-05,0,bipartite,2.4831446079332235e-05,0,bipartite,1,gather-scatter,0.8,1,gather-scatter,0.6,1,fan-out,0.8,1,cycle,0.8,1,gather-scatter,0.8,1,gather-scatter,0.8,1,gather-scatter,0.8
amlc_01283,LI-Small,0,legit,1103.0169082125603,3.557337617246665e-05,0,bipartite,3.0470721e-05,0,bipartite,3.3022046928125194e-05,0,bipartite,1,fan-out,0.8,1,fan-out,0.6,1,fan-out,0.8,1,gather-scatter,0.6,1,fan-out,0.8,1,fan-out,0.8,1,fan-out,0.8
amlc_01284,LI-Small,0,legit,1.0,0.03232098063065096,0,bipartite,0.06125175,0,bipartite,0.04678636337435983,0,bipartite,1,gather-scatter,0.8,0,,0.7,0,,0.7,1,gather-scatter,0.6,1,fan-in,0.8,1,gather-scatter,0.8,0,,0.5
amlc_01285,LI-Small,0,legit,1.0,0.22749553579950685,0,bipartite,0.029699052,0,bipartite,0.12859729321730312,0,bipartite,1,bipartite,0.8,1,bipartite,0.8,0,,0.7,0,,0.7,0,,0.7,1,bipartite,0.8,0,,0.7
amlc_01286,LI-Small,0,legit,1100.3590361445783,3.516924534545716e-05,0,bipartite,1.9344463e-05,0,bipartite,2.725685435390784e-05,0,bipartite,1,fan-out,0.6,1,cycle,0.8,1,fan-out,0.8,1,gather-scatter,0.8,1,fan-out,0.8,1,gather-scatter,0.8,1,gather-scatter,0.8
amlc_01287,LI-Small,0,legit,1103.0169082125603,3.557337617246665e-05,0,bipartite,3.0620206e-05,0,bipartite,3.309679029411053e-05,0,bipartite,1,fan-out,0.8,1,gather-scatter,0.6,1,fan-out,0.8,1,gather-scatter,0.6,1,scatter-gather,0.8,1,gather-scatter,0.8,1,gather-scatter,0.8
amlc_01288,LI-Small,0,legit,1.0,0.005992677404924963,0,bipartite,0.018540006,0,bipartite,0.012266341209135816,0,bipartite,1,gather-scatter,0.6,0,,0.7,1,gather-scatter,0.8,1,gather-scatter,0.6,1,gather-scatter,0.8,1,gather-scatter,0.8,0,,0.5
amlc_01289,LI-Small,0,legit,1.0,0.6046947269326673,1,stack,0.7454831,1,bipartite,0.6750889196339361,1,stack,1,fan-out,0.8,1,gather-scatter,0.8,1,fan-out,0.8,1,gather-scatter,0.6,1,fan-out,0.8,1,fan-out,0.8,1,fan-out,0.8
amlc_01290,LI-Small,0,legit,1103.0169082125603,0.001324041964986683,0,bipartite,0.0007741342,0,bipartite,0.0010490880799653684,0,bipartite,1,fan-in,0.6,1,fan-in,0.6,1,fan-in,0.6,1,gather-scatter,0.8,1,fan-in,0.8,1,fan-in,0.8,1,fan-in,0.8
amlc_01291,LI-Small,0,legit,1100.3590361445783,3.516924534545716e-05,0,bipartite,1.8737595e-05,0,bipartite,2.695342145554474e-05,0,bipartite,1,fan-out,0.8,1,fan-out,0.6,1,fan-out,0.6,1,gather-scatter,0.6,1,fan-out,0.8,1,gather-scatter,0.8,1,fan-out,0.8
amlc_01292,LI-Small,0,legit,1.0,0.8632241882430659,1,bipartite,0.58259284,1,bipartite,0.7229085285239988,1,bipartite,1,bipartite,0.8,1,bipartite,0.8,0,,0.7,1,cycle,0.8,0,,0.7,0,,0.7,0,,0.7
amlc_01293,LI-Small,0,legit,1103.0169082125603,0.001105655838021969,0,gather-scatter,0.02026106,0,gather-scatter,0.010683358514790403,0,gather-scatter,0,,0.5,0,,0.5,1,fan-out,0.8,1,random,0.8,1,fan-out,0.8,0,,0.7,0,,0.5
amlc_01294,LI-Small,0,legit,1103.0169082125603,0.00011439237113617003,0,bipartite,4.95542e-05,0,bipartite,8.197328451982987e-05,0,bipartite,1,fan-out,0.6,1,gather-scatter,0.6,1,fan-out,0.8,1,gather-scatter,0.8,1,gather-scatter,0.8,1,gather-scatter,0.8,1,gather-scatter,0.8
amlc_01295,LI-Small,1,unknown,1.0,0.004479534857294317,0,fan-in,0.02269094,0,fan-in,0.013585237939070344,0,fan-in,1,stack,0.8,1,fan-out,0.8,1,fan-out,0.8,1,fan-out,0.8,1,gather-scatter,0.8,1,gather-scatter,0.8,1,gather-scatter,0.8
amlc_01296,LI-Small,1,stack,1.0,0.9717479834556452,1,stack,0.9939901,1,stack,0.9828690533637936,1,stack,1,fan-out,0.6,1,fan-out,0.6,1,gather-scatter,0.6,1,gather-scatter,0.6,1,fan-out,0.8,1,gather-scatter,0.8,1,fan-out,0.8
amlc_01297,LI-Small,1,stack,1.0,0.9474905948377698,1,stack,0.98781526,1,stack,0.9676529040205999,1,stack,1,gather-scatter,0.8,1,fan-in,0.6,1,fan-in,0.8,1,gather-scatter,0.6,1,gather-scatter,0.8,1,gather-scatter,0.8,1,gather-scatter,0.8
amlc_01298,LI-Small,1,stack,1.0,0.9724512326614491,1,stack,0.990708,1,stack,0.9815796130844172,1,stack,1,fan-out,0.6,1,gather-scatter,0.6,1,scatter-gather,0.6,1,gather-scatter,0.6,1,fan-out,0.8,1,gather-scatter,0.8,1,gather-scatter,0.8
amlc_01299,LI-Small,1,stack,1.0,0.947994023462677,1,random,0.96703684,1,stack,0.9575154214603424,1,stack,1,fan-out,0.6,1,scatter-gather,0.6,1,fan-out,0.8,1,fan-out,0.6,1,fan-out,0.8,1,fan-out,0.8,1,fan-out,0.8
amlc_01300,LI-Small,1,stack,1.0,0.9466350065476361,1,cycle,0.9927141,1,stack,0.9696745806339713,1,cycle,1,fan-out,0.6,1,scatter-gather,0.6,1,fan-out,0.8,1,gather-scatter,0.6,1,fan-out,0.8,1,fan-out,0.8,0,,0.5
amlc_01301,LI-Small,1,stack,1.0,0.8299703084293555,1,stack,0.93201256,1,bipartite,0.8809914510877703,1,stack,1,gather-scatter,0.6,1,gather-scatter,0.6,1,gather-scatter,0.8,1,gather-scatter,0.6,1,gather-scatter,0.8,1,gather-scatter,0.8,1,gather-scatter,0.8
amlc_01302,LI-Small,1,stack,1.0,0.9686335385696332,1,random,0.9892418,1,random,0.9789376765914877,1,random,1,fan-out,0.8,1,fan-out,0.8,1,fan-out,0.6,1,gather-scatter,0.8,1,gather-scatter,0.8,1,gather-scatter,0.8,1,gather-scatter,0.8
amlc_01303,LI-Small,1,stack,1.0,0.7971531784101019,1,random,0.97612774,1,stack,0.886640449144626,1,stack,1,fan-out,0.6,1,scatter-gather,0.6,1,fan-out,0.6,1,gather-scatter,0.6,1,gather-scatter,0.8,1,gather-scatter,0.8,1,gather-scatter,0.8
amlc_01304,LI-Small,0,legit,1100.3590361445783,3.516924534545716e-05,0,bipartite,1.0911159e-05,0,bipartite,2.3040202084956543e-05,0,bipartite,1,fan-out,0.6,1,gather-scatter,0.8,0,,0.7,1,gather-scatter,0.6,1,scatter-gather,0.8,1,gather-scatter,0.8,1,gather-scatter,0.8
amlc_01305,LI-Small,0,legit,1100.3590361445783,3.487997806324355e-05,0,bipartite,2.1340169e-05,0,bipartite,2.8110074098143782e-05,0,bipartite,1,fan-in,0.6,1,fan-in,0.6,0,stack,0.7,1,gather-scatter,0.6,1,fan-in,0.8,1,fan-in,0.8,1,fan-in,0.8
amlc_01306,LI-Small,0,legit,1103.0169082125603,3.526862127697342e-05,0,bipartite,3.597374e-05,0,stack,3.5621180354455786e-05,0,stack,1,gather-scatter,0.8,1,fan-out,0.6,1,fan-out,0.8,1,gather-scatter,0.8,1,gather-scatter,0.8,1,gather-scatter,0.8,1,gather-scatter,0.8
amlc_01307,LI-Small,1,unknown,1.0,0.00648942684556086,0,bipartite,0.0081253145,0,bipartite,0.007307370713850056,0,bipartite,1,random,0.8,1,fan-in,0.8,1,fan-in,0.6,1,gather-scatter,0.6,1,fan-in,0.8,0,,0.7,0,,0.7
amlc_01308,LI-Small,0,legit,1136.4420289855072,0.0006295347838679577,0,bipartite,0.00019436784,0,bipartite,0.0004119513085935389,0,bipartite,1,fan-in,0.6,1,fan-in,0.6,1,fan-in,0.6,1,gather-scatter,0.6,1,fan-in,0.8,1,fan-in,0.8,1,fan-in,0.8
amlc_01309,LI-Small,1,unknown,1.0,0.003979950601604672,0,gather-scatter,0.03299093,0,gather-scatter,0.018485440229250534,0,gather-scatter,0,,0.5,0,,0.5,1,fan-out,0.8,1,fan-out,0.8,1,fan-out,0.8,1,fan-out,0.8,0,,0.5
amlc_01310,LI-Small,0,legit,1103.0169082125603,0.0014463810262047502,0,bipartite,0.0009522579,0,bipartite,0.0011993194295913355,0,bipartite,1,fan-out,0.8,1,gather-scatter,0.6,1,fan-out,0.8,1,gather-scatter,0.6,1,gather-scatter,0.8,1,gather-scatter,0.8,1,gather-scatter,0.8
amlc_01311,LI-Small,1,unknown,1.0,0.020915740505512287,0,stack,0.08020038,0,stack,0.050558059551147484,0,stack,1,fan-in,0.8,1,fan-in,0.6,1,fan-in,0.8,1,gather-scatter,0.6,1,fan-in,0.8,1,fan-in,0.8,1,fan-in,0.8
amlc_01312,LI-Small,1,unknown,1.0,0.02460881039585671,0,stack,0.10343709,0,bipartite,0.06402295239312451,0,stack,1,gather-scatter,0.6,1,gather-scatter,0.6,1,scatter-gather,0.8,1,gather-scatter,0.6,1,gather-scatter,0.8,1,gather-scatter,0.8,1,gather-scatter,0.8
amlc_01313,LI-Small,0,legit,1100.3590361445783,5.608491297271437e-05,0,bipartite,4.7053378e-05,0,bipartite,5.156914574231654e-05,0,bipartite,1,fan-out,0.6,1,scatter-gather,0.6,1,fan-out,0.6,1,gather-scatter,0.8,1,fan-out,0.8,1,gather-scatter,0.8,1,fan-out,0.8
amlc_01314,LI-Small,0,legit,1100.3590361445783,3.4859053507566893e-05,0,bipartite,5.0017057e-05,0,bipartite,4.243805609113931e-05,0,bipartite,1,fan-out,0.6,1,fan-out,0.6,1,fan-out,0.6,1,gather-scatter,0.8,1,fan-out,0.8,0,,0.7,0,,0.5
amlc_01315,LI-Small,0,legit,1100.3590361445783,0.00011439237113617003,0,bipartite,0.000116189905,0,bipartite,0.0001152911368049384,0,bipartite,1,fan-out,0.6,1,fan-out,0.6,1,fan-out,0.8,1,gather-scatter,0.8,1,gather-scatter,0.8,1,gather-scatter,0.8,1,gather-scatter,0.8
amlc_01316,LI-Small,0,legit,1100.3590361445783,3.526862127697342e-05,0,bipartite,4.0395455e-05,0,stack,3.7832037555590575e-05,0,stack,1,fan-in,0.6,1,fan-in,0.6,1,fan-in,0.8,1,fan-in,0.6,1,fan-in,0.8,1,fan-in,0.8,1,fan-in,0.8
amlc_01317,LI-Small,0,legit,1.0,0.8883271740057544,1,bipartite,0.6100804,1,bipartite,0.7492038034488001,1,bipartite,1,fan-in,0.6,1,fan-in,0.6,1,fan-in,0.8,1,gather-scatter,0.6,1,fan-in,0.8,1,fan-in,0.8,1,fan-in,0.8
amlc_01318,LI-Small,1,unknown,1.0,0.018321447563330973,0,bipartite,0.070641,0,bipartite,0.04448122630127303,0,bipartite,1,fan-out,0.6,1,fan-out,0.6,1,fan-out,0.6,1,gather-scatter,0.8,1,fan-out,0.8,1,fan-out,0.8,1,fan-out,0.8
amlc_01319,LI-Small,0,legit,1100.3590361445783,3.516924534545716e-05,0,bipartite,1.9056864e-05,0,fan-out,2.7113054874206283e-05,0,fan-out,1,fan-out,0.6,1,stack,0.8,1,fan-out,0.8,1,gather-scatter,0.8,1,fan-out,0.8,1,fan-out,0.8,0,,0.5
amlc_01320,LI-Small,0,legit,1103.0169082125603,3.516924534545716e-05,0,bipartite,2.5382189e-05,0,bipartite,3.0275717380135175e-05,0,bipartite,1,fan-out,0.6,1,stack,0.8,1,fan-out,0.6,1,random,0.8,1,fan-out,0.8,1,fan-out,0.8,1,fan-out,0.8
amlc_01321,LI-Small,0,legit,1136.4420289855072,3.557337617246665e-05,0,bipartite,3.364327e-05,0,stack,3.460832464992417e-05,0,stack,1,fan-out,0.6,1,scatter-gather,0.6,1,random,0.8,1,gather-scatter,0.6,1,scatter-gather,0.8,1,gather-scatter,0.8,1,gather-scatter,0.8
amlc_01322,LI-Small,0,legit,1136.4420289855072,0.00011439237113617003,0,fan-out,9.308767e-05,0,bipartite,0.00010374002149232484,0,fan-out,1,fan-out,0.6,1,bipartite,0.8,1,fan-out,0.8,1,gather-scatter,0.8,1,fan-out,0.8,0,,0.7,0,,0.5
amlc_01323,LI-Small,0,legit,1103.0169082125603,0.0013150158715381634,0,bipartite,0.00039438996,0,bipartite,0.0008547029355514503,0,bipartite,1,fan-out,0.6,1,fan-out,0.6,1,fan-out,0.8,1,fan-out,0.6,1,fan-out,0.8,1,fan-out,0.8,1,gather-scatter,0.8
amlc_01324,LI-Small,0,legit,1.0,0.0011846796678812767,0,bipartite,0.00083571643,0,bipartite,0.0010101980739024264,0,bipartite,1,fan-out,0.6,1,fan-out,0.6,1,fan-out,0.8,1,gather-scatter,0.6,1,fan-out,0.8,1,gather-scatter,0.8,1,fan-out,0.8
amlc_01325,LI-Small,1,unknown,1.0,0.0003080482276042688,0,random,0.0044914004,0,fan-out,0.002399724217032909,0,fan-out,1,fan-out,0.8,1,fan-out,0.6,1,random,0.8,1,gather-scatter,0.6,1,fan-out,0.8,1,fan-out,0.8,0,,0.5
amlc_01326,LI-Small,0,legit,1103.0169082125603,0.0003830026466758695,0,bipartite,0.0011744065,0,fan-out,0.000778704548924498,0,fan-out,0,,0.5,0,,0.5,1,fan-out,0.8,1,gather-scatter,0.8,1,fan-out,0.8,1,fan-out,0.8,0,,0.5
amlc_01327,LI-Small,0,legit,1103.0169082125603,0.010412234674812606,0,bipartite,0.008774396,0,bipartite,0.009593315120623138,0,bipartite,1,fan-out,0.8,1,gather-scatter,0.6,1,gather-scatter,0.6,1,gather-scatter,0.8,1,gather-scatter,0.8,1,gather-scatter,0.8,0,,0.7
amlc_01328,LI-Small,1,unknown,1.0,0.00821911461270062,0,bipartite,0.046024136,0,bipartite,0.02712162617403372,0,bipartite,1,scatter-gather,0.8,1,gather-scatter,0.6,1,gather-scatter,0.8,1,gather-scatter,0.8,1,gather-scatter,0.8,1,gather-scatter,0.8,1,gather-scatter,0.8
amlc_01329,LI-Small,1,unknown,1.0,0.010120739559309755,0,fan-in,0.017712247,0,fan-in,0.01391649234790458,0,fan-in,1,fan-in,0.6,1,fan-in,0.6,1,fan-in,0.8,1,gather-scatter,0.6,1,fan-in,0.8,1,fan-in,0.8,1,fan-in,0.8
amlc_01330,LI-Small,0,legit,1.0,0.8952160815232137,1,bipartite,0.542904,1,bipartite,0.7190600802418162,1,bipartite,1,fan-in,0.6,0,,0.7,1,fan-in,0.6,1,fan-in,0.6,1,fan-in,0.8,1,fan-in,0.8,0,,0.7
amlc_01331,LI-Small,1,unknown,1.0,0.0012264868521882097,0,gather-scatter,0.00999441,0,gather-scatter,0.005610448415288976,0,gather-scatter,0,,0.5,0,,0.5,1,fan-out,0.8,1,gather-scatter,0.8,1,fan-out,0.8,0,,0.7,0,,0.5
amlc_01332,LI-Small,0,legit,1136.4420289855072,3.516924534545716e-05,0,bipartite,3.046195e-05,0,bipartite,3.2815597932056844e-05,0,bipartite,1,fan-out,0.6,1,scatter-gather,0.6,1,scatter-gather,0.6,1,gather-scatter,0.6,1,fan-out,0.8,1,scatter-gather,0.8,1,scatter-gather,0.8
amlc_01333,LI-Small,0,legit,1103.0169082125603,3.557337617246665e-05,0,bipartite,2.6714057e-05,0,bipartite,3.114371699706534e-05,0,bipartite,1,fan-out,0.6,1,fan-out,0.6,1,fan-out,0.6,1,gather-scatter,0.8,1,fan-out,0.8,1,fan-out,0.8,0,,0.5
amlc_01334,LI-Small,0,legit,1103.0169082125603,3.522397773450737e-05,0,bipartite,2.9629906e-05,0,bipartite,3.242694196870333e-05,0,bipartite,1,fan-out,0.6,1,fan-out,0.6,1,gather-scatter,0.8,1,gather-scatter,0.8,1,gather-scatter,0.8,1,gather-scatter,0.8,1,gather-scatter,0.8
amlc_01335,LI-Small,0,legit,1103.0169082125603,3.557337617246665e-05,0,bipartite,3.689084e-05,0,bipartite,3.623210720474016e-05,0,bipartite,1,fan-out,0.6,1,fan-out,0.6,1,scatter-gather,0.8,1,gather-scatter,0.6,1,gather-scatter,0.8,1,gather-scatter,0.8,1,gather-scatter,0.8
amlc_01336,LI-Small,0,legit,1.0,0.8574833773821267,1,bipartite,0.36439726,0,bipartite,0.6109403144940571,1,bipartite,1,fan-in,0.6,1,fan-in,0.8,1,fan-in,0.6,1,,0.6,1,fan-in,0.8,1,fan-in,0.8,1,fan-in,0.8
amlc_01337,LI-Small,0,legit,1136.4420289855072,3.516924534545716e-05,0,bipartite,1.2688016e-05,0,bipartite,2.3928630979497535e-05,0,bipartite,1,fan-in,0.8,1,gather-scatter,0.8,1,fan-in,0.8,1,gather-scatter,0.8,1,fan-in,0.8,1,gather-scatter,0.8,1,gather-scatter,0.8
amlc_01338,LI-Small,0,legit,1103.0169082125603,3.557337617246665e-05,0,bipartite,4.241073e-05,0,bipartite,3.8992053278378436e-05,0,bipartite,1,fan-out,0.6,1,fan-out,0.6,0,,0.7,1,gather-scatter,0.6,1,fan-out,0.8,1,gather-scatter,0.8,1,fan-out,0.8
amlc_01339,LI-Small,0,legit,1136.4420289855072,3.557337617246665e-05,0,bipartite,2.9344093e-05,0,bipartite,3.24587341041828e-05,0,bipartite,1,stack,0.8,1,gather-scatter,0.8,1,scatter-gather,0.6,1,gather-scatter,0.6,1,gather-scatter,0.8,1,gather-scatter,0.8,1,gather-scatter,0.8
amlc_01340,LI-Small,0,legit,1.0,0.7179933358071716,1,bipartite,0.1419491,0,bipartite,0.4299712175547318,0,bipartite,1,cycle,0.8,0,,0.7,0,,0.7,1,gather-scatter,0.6,1,fan-in,0.8,1,fan-in,0.8,0,,0.7
amlc_01341,LI-Small,0,legit,1.0,0.8510184511619767,1,bipartite,0.56771225,1,bipartite,0.709365346286593,1,bipartite,0,cycle,0.7,0,cycle,0.7,0,,0.7,1,fan-out,0.8,1,stack,0.8,1,gather-scatter,0.8,1,stack,0.8
amlc_01342,LI-Small,0,legit,1136.4420289855072,0.0006787547299787997,0,bipartite,0.0006763659,0,bipartite,0.0006775603184085637,0,bipartite,0,stack,0.7,0,,0.7,0,,0.7,1,gather-scatter,0.8,1,bipartite,0.8,0,,0.7,0,,0.7
amlc_01343,LI-Small,0,legit,1100.3590361445783,3.487997806324355e-05,0,bipartite,2.1899674e-05,0,bipartite,2.8389825209664238e-05,0,bipartite,1,fan-out,0.8,1,fan-out,0.8,1,fan-out,0.6,1,gather-scatter,0.8,1,gather-scatter,0.8,1,gather-scatter,0.8,1,gather-scatter,0.8
amlc_01344,LI-Small,0,legit,1103.0169082125603,0.0005599573985546081,0,bipartite,0.0003677254,0,bipartite,0.00046384140312965953,0,bipartite,1,fan-in,0.6,1,bipartite,0.8,0,,0.7,1,gather-scatter,0.6,1,fan-in,0.8,1,stack,0.8,1,fan-in,0.8
amlc_01345,LI-Small,1,unknown,1.0,0.0025711466287613367,0,fan-in,0.018563766,0,fan-in,0.010567457075667403,0,fan-in,1,gather-scatter,0.6,1,fan-in,0.6,1,fan-in,0.8,1,gather-scatter,0.6,1,fan-in,0.8,1,gather-scatter,0.8,1,fan-in,0.8
amlc_01346,LI-Small,0,legit,1100.3590361445783,3.557337617246665e-05,0,bipartite,2.4786665e-05,0,bipartite,3.0180020049045553e-05,0,bipartite,1,stack,0.8,1,gather-scatter,0.8,0,,0.7,1,gather-scatter,0.6,1,gather-scatter,0.8,1,gather-scatter,0.8,1,gather-scatter,0.8
amlc_01347,LI-Small,0,legit,1100.3590361445783,0.0002246047426269088,0,fan-in,0.00018921048,0,bipartite,0.00020690761146939713,0,fan-in,0,,0.5,0,,0.5,1,gather-scatter,0.8,1,gather-scatter,0.8,1,fan-out,0.8,1,fan-out,0.8,0,,0.5
amlc_01348,LI-Small,0,legit,1100.3590361445783,0.0003750178894198276,0,fan-in,0.0011960709,0,fan-out,0.0007855443715202977,0,fan-out,0,,0.5,0,,0.5,1,fan-out,0.8,1,gather-scatter,0.8,1,fan-out,0.8,1,fan-out,0.8,0,,0.5
amlc_01349,LI-Small,1,unknown,1.0,0.0037180886992116044,0,fan-in,0.0034833574,0,fan-in,0.003600722989852194,0,fan-in,1,fan-in,0.6,0,,0.7,1,gather-scatter,0.8,1,gather-scatter,0.6,1,fan-in,0.8,1,fan-in,0.8,1,fan-in,0.8
amlc_01350,LI-Small,0,legit,1100.3590361445783,3.516924534545716e-05,0,bipartite,3.4402583e-05,0,bipartite,3.478591415725401e-05,0,bipartite,1,scatter-gather,0.6,1,scatter-gather,0.8,1,fan-out,0.8,1,gather-scatter,0.6,1,gather-scatter,0.8,1,gather-scatter,0.8,1,gather-scatter,0.8
amlc_01351,LI-Small,0,legit,1100.3590361445783,3.557337617246665e-05,0,bipartite,2.3383818e-05,0,bipartite,2.947859808995271e-05,0,bipartite,1,gather-scatter,0.8,1,scatter-gather,0.8,1,gather-scatter,0.6,1,gather-scatter,0.6,1,fan-in,0.8,1,fan-in,0.8,1,fan-in,0.8
amlc_01352,LI-Small,0,legit,1136.4420289855072,0.0012138419955826452,0,bipartite,0.0006459836,0,bipartite,0.0009299128110914999,0,bipartite,1,fan-in,0.6,1,fan-in,0.6,1,fan-in,0.8,1,gather-scatter,0.6,1,fan-in,0.8,1,fan-in,0.8,1,fan-in,0.8
amlc_01353,LI-Small,0,legit,1100.3590361445783,3.516924534545716e-05,0,bipartite,1.8708935e-05,0,bipartite,2.693908927423632e-05,0,bipartite,1,fan-out,0.6,1,fan-out,0.6,1,fan-out,0.8,1,gather-scatter,0.8,1,gather-scatter,0.8,1,gather-scatter,0.8,1,gather-scatter,0.8
amlc_01354,LI-Small,0,legit,1103.0169082125603,3.526862127697342e-05,0,bipartite,2.4474302e-05,0,stack,2.98714610788285e-05,0,stack,1,gather-scatter,0.6,1,scatter-gather,0.8,0,stack,0.7,1,cycle,0.8,1,gather-scatter,0.8,1,stack,0.8,1,gather-scatter,0.8
amlc_01355,LI-Small,0,legit,1.0,0.8046643507529266,1,bipartite,0.90766335,1,bipartite,0.8561638480449204,1,bipartite,1,fan-in,0.6,1,fan-in,0.6,1,fan-in,0.6,1,gather-scatter,0.6,1,fan-in,0.8,1,gather-scatter,0.8,1,fan-in,0.8
amlc_01356,LI-Small,1,unknown,1.0,0.0028985935798022653,0,fan-out,0.004276672,0,fan-out,0.003587632839293952,0,fan-out,0,,0.5,0,,0.5,1,random,0.8,1,gather-scatter,0.8,1,fan-out,0.8,0,,0.7,0,,0.5
amlc_01357,LI-Small,0,legit,1103.0169082125603,0.0010959288821498939,0,gather-scatter,0.018987034,0,gather-scatter,0.010041481664820532,0,gather-scatter,0,,0.5,0,,0.5,1,fan-out,0.6,1,scatter-gather,0.8,1,fan-out,0.8,1,fan-out,0.8,0,,0.5
amlc_01358,LI-Small,0,legit,1.0,0.1750759991667386,0,bipartite,0.02215519,0,bipartite,0.09861559359539132,0,bipartite,0,,0.7,1,bipartite,0.8,0,,0.7,0,cycle,0.7,0,,0.7,0,,0.7,0,,0.7
amlc_01359,LI-Small,0,legit,1136.4420289855072,3.516924534545716e-05,0,bipartite,1.8763229e-05,0,bipartite,2.69662365996906e-05,0,bipartite,1,fan-out,0.8,1,fan-out,0.8,1,gather-scatter,0.8,1,gather-scatter,0.6,1,stack,0.8,1,random,0.8,1,scatter-gather,0.8
amlc_01360,LI-Small,0,legit,1100.3590361445783,3.522397773450737e-05,0,bipartite,1.7971175e-05,0,bipartite,2.6597576241153447e-05,0,bipartite,1,random,0.8,1,gather-scatter,0.6,1,random,0.8,1,random,0.8,1,fan-out,0.8,1,gather-scatter,0.8,1,gather-scatter,0.8
amlc_01361,LI-Small,0,legit,1.0,0.851699754975925,1,bipartite,0.65428627,1,bipartite,0.7529930340164354,1,bipartite,1,fan-out,0.8,1,gather-scatter,0.8,1,fan-out,0.6,1,gather-scatter,0.6,1,fan-out,0.8,1,gather-scatter,0.8,0,,0.5
amlc_01362,LI-Small,0,legit,1136.4420289855072,3.526862127697342e-05,0,bipartite,2.7628988e-05,0,stack,3.144880428847514e-05,0,stack,1,scatter-gather,0.6,1,fan-out,0.8,1,gather-scatter,0.8,1,gather-scatter,0.6,1,gather-scatter,0.8,1,gather-scatter,0.8,1,gather-scatter,0.8
amlc_01363,LI-Small,0,legit,1.0,0.7519558918581857,1,bipartite,0.2826857,0,bipartite,0.5173207855277486,1,bipartite,0,,0.7,0,,0.7,0,,0.7,1,gather-scatter,0.6,0,,0.7,1,stack,0.8,1,stack,0.8
amlc_01364,LI-Small,0,legit,1100.3590361445783,3.516924534545716e-05,0,bipartite,1.8565155e-05,0,bipartite,2.6867199720726203e-05,0,bipartite,1,fan-out,0.8,1,gather-scatter,0.6,1,scatter-gather,0.8,1,gather-scatter,0.8,1,gather-scatter,0.8,1,gather-scatter,0.8,1,gather-scatter,0.8
amlc_01365,LI-Small,0,legit,1100.3590361445783,3.557337617246665e-05,0,bipartite,4.09993e-05,0,stack,3.828633741289959e-05,0,stack,1,fan-out,0.6,1,fan-out,0.6,1,fan-out,0.8,1,gather-scatter,0.6,1,fan-out,0.8,1,fan-out,0.8,1,fan-out,0.8
amlc_01366,LI-Small,0,legit,1136.4420289855072,0.0014683721640378245,0,bipartite,0.0043740934,0,bipartite,0.002921232723502815,0,bipartite,1,bipartite,0.8,1,random,0.8,1,fan-in,0.8,1,,0.6,1,fan-in,0.8,1,fan-in,0.8,1,fan-in,0.8
amlc_01367,LI-Small,0,legit,1100.3590361445783,3.516924534545716e-05,0,bipartite,1.9818419e-05,0,bipartite,2.7493832475300733e-05,0,bipartite,1,fan-out,0.6,1,fan-out,0.6,1,fan-out,0.6,1,scatter-gather,0.8,1,fan-out,0.8,1,fan-out,0.8,0,,0.5
amlc_01368,LI-Small,0,legit,1103.0169082125603,0.005863355342124226,0,bipartite,0.0024350858,0,bipartite,0.004149220655584993,0,bipartite,1,gather-scatter,0.6,0,,0.7,0,,0.7,1,gather-scatter,0.6,1,gather-scatter,0.8,1,gather-scatter,0.8,1,gather-scatter,0.8
amlc_01369,LI-Small,0,legit,1100.3590361445783,3.487997806324355e-05,0,bipartite,2.4334688e-05,0,bipartite,2.9607333207017333e-05,0,bipartite,1,fan-out,0.6,1,fan-out,0.8,1,fan-out,0.8,1,gather-scatter,0.6,1,fan-out,0.8,0,,0.7,1,fan-out,0.8
amlc_01370,LI-Small,0,legit,1.0,0.8485277211057906,1,cycle,0.5404275,1,stack,0.6944776135378958,1,cycle,1,fan-out,0.8,1,fan-out,0.6,1,fan-out,0.6,1,gather-scatter,0.8,1,gather-scatter,0.8,1,gather-scatter,0.8,1,gather-scatter,0.8
amlc_01371,LI-Small,0,legit,1100.3590361445783,3.557337617246665e-05,0,bipartite,2.8893686e-05,0,stack,3.2233531756390576e-05,0,stack,1,fan-out,0.8,1,fan-out,0.8,1,fan-out,0.6,1,gather-scatter,0.8,1,scatter-gather,0.8,1,gather-scatter,0.8,1,scatter-gather,0.8
amlc_01372,LI-Small,0,legit,1100.3590361445783,3.557337617246665e-05,0,bipartite,2.1475478e-05,0,stack,2.8524427553237175e-05,0,stack,1,fan-out,0.6,1,fan-out,0.6,1,fan-out,0.8,1,gather-scatter,0.6,1,fan-out,0.8,1,fan-out,0.8,1,fan-out,0.8
amlc_01373,LI-Small,1,unknown,1.0,0.0004508572130986391,0,fan-out,0.0074624373,0,fan-out,0.003956647657955107,0,fan-out,1,fan-out,0.6,1,fan-out,0.6,1,fan-out,0.8,1,gather-scatter,0.8,1,fan-out,0.8,1,fan-out,0.8,0,,0.5
amlc_01374,LI-Small,1,unknown,1.0,0.0027591618494960885,0,bipartite,0.0035417706,0,fan-out,0.0031504661319726817,0,fan-out,1,gather-scatter,0.6,1,gather-scatter,0.6,1,random,0.8,1,cycle,0.8,1,fan-out,0.8,0,,0.7,0,,0.5
amlc_01375,LI-Small,0,legit,1103.0169082125603,0.00043310727034937945,0,bipartite,0.00019770527,0,bipartite,0.0003154062781611475,0,bipartite,0,,0.7,0,,0.7,0,,0.7,0,,0.7,0,,0.7,0,,0.7,0,,0.7
amlc_01376,LI-Small,0,legit,1100.3590361445783,3.5964231362429076e-05,0,cycle,4.2009684e-05,0,scatter-gather,3.8986958755693674e-05,0,cycle,1,fan-out,0.8,1,fan-out,0.6,0,,0.7,1,gather-scatter,0.6,1,gather-scatter,0.8,1,gather-scatter,0.8,1,gather-scatter,0.8
amlc_01377,LI-Small,0,legit,1.0,0.4104840020294881,0,fan-in,0.50317305,1,fan-in,0.45682852764705295,0,fan-in,1,gather-scatter,0.6,1,gather-scatter,0.6,1,gather-scatter,0.8,1,gather-scatter,0.8,1,gather-scatter,0.8,1,gather-scatter,0.8,1,gather-scatter,0.8
amlc_01378,LI-Small,0,legit,1136.4420289855072,0.00011339751161921382,0,bipartite,8.7239445e-05,0,stack,0.00010031847968375116,0,stack,1,fan-out,0.6,1,fan-out,0.6,1,fan-out,0.6,1,gather-scatter,0.6,1,scatter-gather,0.8,1,gather-scatter,0.8,1,fan-out,0.8
amlc_01379,LI-Small,1,unknown,1.0,0.008614054460386234,0,bipartite,0.039830584,0,bipartite,0.024222317779590587,0,bipartite,1,fan-out,0.6,1,scatter-gather,0.8,1,gather-scatter,0.8,1,gather-scatter,0.6,1,gather-scatter,0.8,1,gather-scatter,0.8,1,gather-scatter,0.8
amlc_01380,LI-Small,0,legit,1100.3590361445783,3.516924534545716e-05,0,bipartite,2.1139458e-05,0,bipartite,2.815435172917074e-05,0,bipartite,1,fan-out,0.6,1,scatter-gather,0.8,1,fan-out,0.6,1,gather-scatter,0.6,1,gather-scatter,0.8,1,gather-scatter,0.8,1,gather-scatter,0.8
amlc_01381,LI-Small,0,legit,1103.0169082125603,0.0008737629015421869,0,bipartite,0.0014000193,0,bipartite,0.0011368910533587635,0,bipartite,1,fan-out,0.6,1,cycle,0.8,1,fan-out,0.6,1,gather-scatter,0.8,1,gather-scatter,0.8,1,gather-scatter,0.8,1,gather-scatter,0.8
amlc_01382,LI-Small,1,unknown,1.0,0.015457934880029306,0,fan-in,0.013711448,0,fan-in,0.01458469163317042,0,fan-in,1,fan-in,0.6,0,,0.7,1,fan-in,0.6,1,gather-scatter,0.8,1,fan-in,0.8,1,fan-in,0.8,1,fan-in,0.8
amlc_01383,LI-Small,0,legit,1103.0169082125603,0.001139083406748813,0,bipartite,0.0019409865,0,bipartite,0.0015400349604201523,0,bipartite,1,fan-out,0.8,1,fan-out,0.6,1,fan-out,0.6,1,gather-scatter,0.6,1,fan-out,0.8,1,gather-scatter,0.8,1,fan-out,0.8
amlc_01384,LI-Small,0,legit,1136.4420289855072,3.526862127697342e-05,0,bipartite,1.6071523e-05,0,stack,2.5670072495659185e-05,0,stack,1,fan-out,0.6,1,fan-out,0.6,1,scatter-gather,0.6,1,gather-scatter,0.6,1,fan-out,0.8,1,random,0.8,1,fan-out,0.8
amlc_01385,LI-Small,1,unknown,1.0,0.000653588181216796,0,gather-scatter,0.012418543,0,gather-scatter,0.006536065771172087,0,gather-scatter,0,,0.5,0,,0.5,0,,0.7,1,gather-scatter,0.6,1,fan-out,0.8,1,fan-out,0.8,0,,0.5
amlc_01386,LI-Small,1,unknown,1.0,0.0003988461609616363,0,fan-in,0.0036511626,0,fan-out,0.002025004431775932,0,fan-out,1,fan-out,0.8,1,fan-out,0.6,1,fan-out,0.8,1,gather-scatter,0.6,1,fan-out,0.8,0,,0.7,0,,0.5
amlc_01387,LI-Small,0,legit,1136.4420289855072,3.557337617246665e-05,0,bipartite,3.3276083e-05,0,bipartite,3.44247309571423e-05,0,bipartite,1,fan-out,0.6,1,fan-out,0.6,1,fan-out,0.6,1,fan-out,0.6,1,gather-scatter,0.8,1,gather-scatter,0.8,1,gather-scatter,0.8
amlc_01388,LI-Small,0,legit,1136.4420289855072,3.557337617246665e-05,0,bipartite,2.4921668e-05,0,stack,3.0247521290619615e-05,0,stack,1,fan-out,0.8,1,scatter-gather,0.8,1,scatter-gather,0.8,1,gather-scatter,0.8,1,scatter-gather,0.8,1,fan-out,0.8,1,gather-scatter,0.8
amlc_01389,LI-Small,1,unknown,1.0,0.0034288898852302906,0,gather-scatter,0.0135178,0,gather-scatter,0.008473344929359073,0,gather-scatter,1,fan-out,0.6,1,fan-out,0.8,1,fan-out,0.8,1,fan-out,0.8,1,fan-out,0.8,0,,0.7,0,,0.5
amlc_01390,LI-Small,0,legit,1.0,0.011718517498297071,0,bipartite,0.021015767,0,bipartite,0.016367141321859048,0,bipartite,1,fan-out,0.6,1,fan-out,0.6,0,,0.7,1,gather-scatter,0.6,1,gather-scatter,0.8,1,gather-scatter,0.8,1,stack,0.8
amlc_01391,LI-Small,1,unknown,1.0,0.006666919478547277,0,fan-in,0.017918993,0,fan-in,0.012292956133073421,0,fan-in,1,fan-in,0.6,1,fan-in,0.6,1,fan-in,0.6,1,gather-scatter,0.8,1,fan-in,0.8,1,fan-in,0.8,1,fan-in,0.8
amlc_01392,LI-Small,0,legit,1.0,0.7226916092838527,1,fan-in,0.35219115,0,fan-in,0.5374413856966138,1,fan-in,1,fan-in,0.6,1,fan-in,0.6,1,fan-in,0.8,1,gather-scatter,0.6,1,fan-in,0.8,1,fan-in,0.8,1,fan-in,0.8
amlc_01393,LI-Small,0,legit,1136.4420289855072,3.557337617246665e-05,0,bipartite,4.0991858e-05,0,bipartite,3.8282618307165095e-05,0,bipartite,1,gather-scatter,0.6,1,fan-out,0.6,1,scatter-gather,0.6,1,random,0.8,1,scatter-gather,0.8,1,scatter-gather,0.8,1,gather-scatter,0.8
amlc_01394,LI-Small,0,legit,1.0,0.7765057151021997,1,bipartite,0.51174945,1,bipartite,0.6441275896878262,1,bipartite,1,fan-out,0.8,1,gather-scatter,0.6,0,,0.7,1,gather-scatter,0.6,1,fan-in,0.8,1,fan-in,0.8,1,fan-in,0.8
amlc_01395,LI-Small,1,unknown,1.0,0.007410382206677844,0,bipartite,0.0675196,0,bipartite,0.03746499144804451,0,bipartite,1,fan-out,0.6,1,fan-out,0.8,1,fan-out,0.6,1,gather-scatter,0.6,1,gather-scatter,0.8,1,gather-scatter,0.8,1,gather-scatter,0.8
amlc_01396,LI-Small,0,legit,1103.0169082125603,0.0005749506829511126,0,gather-scatter,0.0037815378,0,gather-scatter,0.0021782441507195932,0,gather-scatter,1,fan-out,0.6,1,fan-out,0.6,1,fan-out,0.8,1,gather-scatter,0.8,1,fan-out,0.8,1,fan-out,0.8,0,,0.5
amlc_01397,LI-Small,0,legit,1100.3590361445783,3.526862127697342e-05,0,bipartite,4.2855925e-05,0,stack,3.906227283990134e-05,0,stack,1,fan-out,0.6,1,fan-in,0.6,1,random,0.8,1,gather-scatter,0.6,1,fan-out,0.8,1,gather-scatter,0.8,1,gather-scatter,0.8
amlc_01398,LI-Small,0,legit,1136.4420289855072,0.0015146002873720314,0,bipartite,0.004560945,0,fan-out,0.0030377726886392426,0,fan-out,0,,0.5,0,,0.5,1,fan-out,0.8,1,gather-scatter,0.8,1,fan-out,0.8,0,,0.7,0,,0.5
amlc_01399,LI-Small,1,unknown,1.0,0.0019090827608854084,0,fan-in,0.012103374,0,fan-in,0.00700622825223955,0,fan-in,1,scatter-gather,0.8,1,scatter-gather,0.6,1,fan-in,0.8,1,gather-scatter,0.6,1,gather-scatter,0.8,1,gather-scatter,0.8,1,fan-in,0.8
amlc_01400,LI-Small,1,unknown,1.0,0.0018791891630395845,0,bipartite,0.015771527,0,fan-out,0.008825358003174494,0,fan-out,0,,0.5,0,,0.5,1,fan-out,0.8,1,gather-scatter,0.8,1,fan-out,0.8,1,fan-out,0.8,0,,0.5
amlc_01401,LI-Small,0,legit,1.0,0.37226019086643625,0,bipartite,0.3425428,0,bipartite,0.35740149409673894,0,bipartite,1,bipartite,0.8,0,stack,0.7,0,,0.7,1,bipartite,0.8,1,bipartite,0.8,0,,0.7,0,,0.7
amlc_01402,LI-Small,0,legit,1136.4420289855072,0.0016755850258134727,0,gather-scatter,0.0025653935,0,gather-scatter,0.0021204892415013373,0,gather-scatter,1,fan-out,0.6,1,fan-out,0.6,1,fan-out,0.8,1,gather-scatter,0.8,1,fan-out,0.8,1,fan-out,0.8,1,fan-out,0.8
amlc_01403,LI-Small,1,unknown,1.0,0.003977841543420331,0,fan-in,0.0089316,0,fan-in,0.006454720457277782,0,fan-in,1,gather-scatter,0.6,1,fan-out,0.8,1,fan-in,0.6,1,gather-scatter,0.8,1,gather-scatter,0.8,1,gather-scatter,0.8,1,gather-scatter,0.8
amlc_01404,LI-Small,0,legit,1136.4420289855072,3.557337617246665e-05,0,bipartite,2.941526e-05,0,bipartite,3.249431717489496e-05,0,bipartite,1,fan-out,0.6,1,fan-out,0.6,1,fan-out,0.8,1,bipartite,0.8,1,fan-out,0.8,0,,0.7,0,,0.5
amlc_01405,LI-Small,1,unknown,1.0,0.01590366194267553,0,bipartite,0.119592026,0,bipartite,0.06774784018407007,0,bipartite,1,fan-out,0.6,1,fan-out,0.6,1,fan-out,0.8,1,gather-scatter,0.6,1,fan-out,0.8,1,fan-out,0.8,1,fan-out,0.8
amlc_01406,LI-Small,0,legit,1103.0169082125603,0.0006790825710174741,0,fan-in,0.005253129,0,gather-scatter,0.0029661058254777046,0,fan-in,0,,0.5,0,,0.5,1,fan-out,0.8,1,gather-scatter,0.8,1,fan-out,0.8,1,fan-out,0.8,0,,0.5
amlc_01407,LI-Small,0,legit,1136.4420289855072,3.516924534545716e-05,0,bipartite,1.949874e-05,0,bipartite,2.7333992783240827e-05,0,bipartite,1,fan-out,0.6,1,fan-out,0.6,1,fan-out,0.8,1,gather-scatter,0.8,1,fan-out,0.8,1,fan-out,0.8,0,,0.5
amlc_01408,LI-Small,1,unknown,1.0,0.0008509674801768594,0,gather-scatter,0.009225832,0,gather-scatter,0.005038399377060023,0,gather-scatter,1,fan-out,0.6,1,fan-out,0.6,1,fan-out,0.8,1,gather-scatter,0.8,1,fan-out,0.8,0,,0.7,0,,0.5
amlc_01409,LI-Small,0,legit,1103.0169082125603,3.557337617246665e-05,0,bipartite,2.5021849e-05,0,bipartite,3.0297613712208106e-05,0,bipartite,1,fan-out,0.6,1,fan-out,0.6,1,fan-out,0.8,1,gather-scatter,0.6,1,gather-scatter,0.8,1,gather-scatter,0.8,1,fan-out,0.8
amlc_01410,LI-Small,1,unknown,1.0,0.6902164230632235,1,fan-in,0.6811657,1,fan-in,0.6856910352849687,1,fan-in,1,stack,0.8,1,scatter-gather,0.8,1,fan-in,0.6,1,gather-scatter,0.6,1,stack,0.8,1,gather-scatter,0.8,1,gather-scatter,0.8
amlc_01411,LI-Small,1,unknown,1.0,0.018951481806016548,0,fan-in,0.08643067,0,fan-in,0.05269107680856018,0,fan-in,1,gather-scatter,0.6,1,fan-out,0.6,1,fan-in,0.6,1,gather-scatter,0.8,1,gather-scatter,0.8,1,gather-scatter,0.8,1,gather-scatter,0.8
amlc_01412,LI-Small,0,legit,1.0,0.5724858254337772,1,stack,0.21482524,0,stack,0.3936555326056711,0,stack,1,fan-out,0.6,1,gather-scatter,0.6,1,random,0.8,1,gather-scatter,0.8,1,fan-out,0.8,1,fan-out,0.8,1,fan-out,0.8
amlc_01413,LI-Small,0,legit,1.0,0.0013047364119008436,0,stack,0.010702554,0,stack,0.006003645087943239,0,stack,1,fan-in,0.6,1,fan-in,0.6,1,fan-in,0.6,1,gather-scatter,0.6,1,fan-in,0.8,1,fan-in,0.8,1,fan-in,0.8
amlc_01414,LI-Small,0,legit,1100.3590361445783,0.00022960167787453256,0,bipartite,0.00018405568,0,stack,0.00020682868461332333,0,stack,1,scatter-gather,0.6,1,fan-out,0.6,1,scatter-gather,0.8,1,gather-scatter,0.8,1,gather-scatter,0.8,1,gather-scatter,0.8,1,gather-scatter,0.8
amlc_01415,LI-Small,0,legit,1103.0169082125603,0.001726040208040958,0,bipartite,0.0024116882,0,bipartite,0.0020688643265884543,0,bipartite,0,,0.7,0,,0.7,0,,0.7,0,,0.7,0,,0.7,0,,0.7,0,,0.7
amlc_01416,LI-Small,0,legit,1.0,0.6518743668140925,1,bipartite,0.6015754,1,bipartite,0.6267248766691464,1,bipartite,1,fan-out,0.8,1,fan-out,0.6,1,gather-scatter,0.8,1,scatter-gather,0.6,1,gather-scatter,0.8,1,gather-scatter,0.8,1,gather-scatter,0.8
amlc_01417,LI-Small,0,legit,1100.3590361445783,3.557337617246665e-05,0,bipartite,4.078525e-05,0,bipartite,3.8179312441969515e-05,0,bipartite,1,stack,0.8,1,gather-scatter,0.8,1,random,0.8,1,random,0.8,1,gather-scatter,0.8,0,,0.7,1,gather-scatter,0.8
amlc_01418,LI-Small,1,unknown,1.0,0.014669738751471003,0,bipartite,0.028160755,0,bipartite,0.021415246485084277,0,bipartite,1,fan-out,0.6,0,,0.7,1,fan-out,0.6,1,gather-scatter,0.8,1,gather-scatter,0.8,1,gather-scatter,0.8,1,gather-scatter,0.8
amlc_01419,LI-Small,0,legit,1100.3590361445783,3.557337617246665e-05,0,bipartite,2.6961972e-05,0,bipartite,3.1267673848959376e-05,0,bipartite,1,fan-out,0.6,1,fan-out,0.6,1,fan-out,0.8,1,gather-scatter,0.8,1,scatter-gather,0.8,1,gather-scatter,0.8,1,scatter-gather,0.8
amlc_01420,LI-Small,0,legit,1100.3590361445783,3.516924534545716e-05,0,bipartite,9.957113e-06,0,bipartite,2.2563179389834256e-05,0,bipartite,1,fan-out,0.6,1,fan-out,0.6,1,fan-out,0.8,1,gather-scatter,0.6,1,fan-out,0.8,1,fan-out,0.8,1,fan-out,0.8
amlc_01421,LI-Small,0,legit,1136.4420289855072,0.0005891413455813684,0,bipartite,0.0047313734,0,fan-out,0.0026602573706760784,0,fan-out,1,fan-out,0.6,1,fan-out,0.6,0,,0.7,1,gather-scatter,0.6,1,fan-out,0.8,1,fan-out,0.8,0,,0.5
amlc_01422,LI-Small,0,legit,1103.0169082125603,0.005763130502373492,0,fan-in,0.010299863,0,fan-in,0.008031496804937976,0,fan-in,1,fan-in,0.6,1,fan-in,0.6,1,fan-in,0.8,1,gather-scatter,0.8,1,fan-in,0.8,1,fan-in,0.8,1,fan-in,0.8
amlc_01423,LI-Small,0,legit,1136.4420289855072,3.516924534545716e-05,0,bipartite,2.8743709e-05,0,bipartite,3.1956477595229956e-05,0,bipartite,1,fan-out,0.6,1,gather-scatter,0.6,1,random,0.8,1,gather-scatter,0.6,1,fan-out,0.8,1,gather-scatter,0.8,1,gather-scatter,0.8
amlc_01424,LI-Small,0,legit,1103.0169082125603,0.003940695681473446,0,fan-in,0.008875774,0,fan-in,0.0064082347642882825,0,fan-in,1,fan-in,0.6,1,fan-in,0.6,1,fan-in,0.6,1,gather-scatter,0.8,1,fan-in,0.8,1,fan-in,0.8,1,fan-in,0.8
amlc_01425,LI-Small,1,unknown,1.0,0.02093573338931774,0,fan-in,0.07651609,0,fan-in,0.04872591186138975,0,fan-in,1,fan-in,0.6,1,fan-in,0.6,0,,0.7,1,gather-scatter,0.6,1,fan-in,0.8,1,fan-in,0.8,1,fan-in,0.8
amlc_01426,LI-Small,0,legit,1100.3590361445783,3.516924534545716e-05,0,bipartite,4.62761e-05,0,bipartite,4.07226746562797e-05,0,bipartite,1,fan-out,0.8,1,fan-out,0.6,1,fan-out,0.6,1,gather-scatter,0.6,1,fan-out,0.8,1,fan-out,0.8,1,fan-out,0.8
amlc_01427,LI-Small,1,unknown,1.0,0.0026111749589637955,0,fan-in,0.004743415,0,fan-out,0.003677295038113795,0,fan-out,0,,0.5,0,,0.5,1,fan-out,0.8,1,random,0.8,1,fan-out,0.8,1,fan-out,0.8,0,,0.5
amlc_01428,LI-Small,0,legit,1103.0169082125603,3.557337617246665e-05,0,bipartite,2.3849556e-05,0,bipartite,2.9711466204788296e-05,0,bipartite,1,fan-out,0.6,1,fan-out,0.8,1,fan-out,0.8,1,random,0.8,1,fan-out,0.8,1,random,0.8,1,fan-out,0.8
amlc_01429,LI-Small,0,legit,1136.4420289855072,3.516924534545716e-05,0,bipartite,1.2986125e-05,0,bipartite,2.4077684610091233e-05,0,bipartite,1,fan-out,0.6,1,gather-scatter,0.6,1,fan-out,0.6,1,gather-scatter,0.6,1,fan-out,0.8,1,fan-out,0.8,1,scatter-gather,0.8
amlc_01430,LI-Small,0,legit,1103.0169082125603,3.557337617246665e-05,0,bipartite,3.6745558e-05,0,bipartite,3.61594678637979e-05,0,bipartite,1,fan-out,0.6,1,fan-out,0.6,1,fan-out,0.6,1,gather-scatter,0.6,1,gather-scatter,0.8,1,gather-scatter,0.8,1,gather-scatter,0.8
amlc_01431,LI-Small,0,legit,1136.4420289855072,3.557337617246665e-05,0,bipartite,3.846379e-05,0,bipartite,3.701858547214069e-05,0,bipartite,1,fan-out,0.6,1,gather-scatter,0.6,1,fan-out,0.6,1,gather-scatter,0.8,1,scatter-gather,0.8,1,gather-scatter,0.8,1,gather-scatter,0.8
amlc_01432,LI-Small,1,unknown,1.0,0.0012919297195893877,0,gather-scatter,0.019799078,0,gather-scatter,0.010545502870153505,0,gather-scatter,0,,0.5,0,,0.5,1,random,0.8,1,gather-scatter,0.8,1,fan-out,0.8,1,fan-out,0.8,0,,0.5
amlc_01433,LI-Small,1,unknown,1.0,0.05858383116386975,0,bipartite,0.08044195,0,bipartite,0.06951289220284743,0,bipartite,1,gather-scatter,0.8,1,fan-out,0.8,1,gather-scatter,0.8,1,fan-out,0.8,1,gather-scatter,0.8,1,gather-scatter,0.8,1,gather-scatter,0.8
amlc_01434,LI-Small,0,legit,1136.4420289855072,5.892511843704748e-05,0,bipartite,6.531992e-05,0,bipartite,6.212251541438112e-05,0,bipartite,1,fan-out,0.8,1,fan-out,0.6,1,fan-out,0.6,1,gather-scatter,0.8,1,gather-scatter,0.8,1,gather-scatter,0.8,0,,0.5
amlc_01435,LI-Small,0,legit,1136.4420289855072,3.557337617246665e-05,0,bipartite,3.01582e-05,0,bipartite,3.286578809860511e-05,0,bipartite,1,fan-out,0.6,1,fan-out,0.6,1,scatter-gather,0.8,1,gather-scatter,0.6,1,fan-out,0.8,1,fan-out,0.8,0,,0.5
amlc_01436,LI-Small,1,unknown,1.0,0.0036047789553766674,0,gather-scatter,0.053861737,0,gather-scatter,0.0287332581033292,0,gather-scatter,0,,0.5,0,,0.5,1,fan-out,0.8,1,gather-scatter,0.6,1,fan-out,0.8,1,fan-out,0.8,0,,0.5
amlc_01437,LI-Small,0,legit,1100.3590361445783,3.487997806324355e-05,0,bipartite,1.8842988e-05,0,bipartite,2.6861483027963956e-05,0,bipartite,1,fan-out,0.6,1,fan-in,0.6,1,fan-out,0.8,1,gather-scatter,0.6,1,gather-scatter,0.8,1,gather-scatter,0.8,1,gather-scatter,0.8
amlc_01438,LI-Small,0,legit,1100.3590361445783,3.5626204102236333e-05,0,bipartite,5.7056088e-05,0,bipartite,4.63411470554683e-05,0,bipartite,1,fan-out,0.6,1,fan-out,0.6,1,fan-out,0.6,1,gather-scatter,0.8,1,fan-out,0.8,1,fan-out,0.8,0,,0.5
amlc_01439,LI-Small,0,legit,1.0,0.758885623960096,1,bipartite,0.44801942,0,bipartite,0.6034525165698917,1,bipartite,1,random,0.8,1,random,0.8,1,random,0.8,1,gather-scatter,0.6,1,fan-in,0.8,1,random,0.8,1,fan-in,0.8
amlc_01440,LI-Small,0,legit,1100.3590361445783,3.557337617246665e-05,0,bipartite,3.6661055e-05,0,stack,3.6117215468437634e-05,0,stack,1,fan-out,0.6,1,fan-out,0.8,1,fan-out,0.8,1,gather-scatter,0.8,1,fan-out,0.8,1,gather-scatter,0.8,1,fan-out,0.8
amlc_01441,LI-Small,1,unknown,1.0,0.005760056852282909,0,fan-out,0.0026843492,0,fan-out,0.004222203046509041,0,fan-out,1,fan-out,0.8,1,fan-out,0.6,1,random,0.8,1,random,0.8,1,fan-out,0.8,1,fan-out,0.8,1,fan-out,0.8
amlc_01442,LI-Small,0,legit,1136.4420289855072,3.557337617246665e-05,0,bipartite,4.1948988e-05,0,bipartite,3.8761181686312185e-05,0,bipartite,1,fan-out,0.8,1,fan-out,0.8,1,fan-out,0.6,1,gather-scatter,0.6,1,fan-out,0.8,1,fan-out,0.8,0,,0.5
amlc_01443,LI-Small,0,legit,1136.4420289855072,3.516924534545716e-05,0,bipartite,2.9201456e-05,0,bipartite,3.218535139123429e-05,0,bipartite,1,fan-out,0.6,1,fan-out,0.8,1,gather-scatter,0.8,1,gather-scatter,0.6,1,fan-out,0.8,1,gather-scatter,0.8,1,gather-scatter,0.8
amlc_01444,LI-Small,0,legit,1103.0169082125603,0.006392417226705723,0,bipartite,0.008771484,0,bipartite,0.007581950599687184,0,bipartite,1,fan-out,0.8,1,fan-out,0.6,0,,0.7,1,gather-scatter,0.6,1,fan-in,0.8,1,gather-scatter,0.8,1,gather-scatter,0.8
amlc_01445,LI-Small,0,legit,1103.0169082125603,0.0014590296839493632,0,fan-out,0.007888221,0,fan-out,0.00467362533980698,0,fan-out,0,,0.5,0,,0.5,1,gather-scatter,0.8,1,gather-scatter,0.6,1,fan-out,0.8,1,fan-out,0.8,0,,0.5
amlc_01446,LI-Small,1,unknown,1.0,0.0011141152044427927,0,fan-out,0.009493024,0,fan-out,0.005303569413611915,0,fan-out,0,,0.5,0,,0.5,0,,0.7,1,scatter-gather,0.6,1,fan-out,0.8,1,gather-scatter,0.8,0,,0.5
amlc_01447,LI-Small,1,unknown,1.0,0.00037691028563345205,0,fan-out,0.004446823,0,fan-out,0.0024118669273240603,0,fan-out,0,,0.5,0,,0.5,1,fan-out,0.6,1,gather-scatter,0.6,1,fan-out,0.8,1,gather-scatter,0.8,0,,0.5
amlc_01448,LI-Small,0,legit,1103.0169082125603,0.004672512996912176,0,bipartite,0.008103704,0,bipartite,0.006388108352184382,0,bipartite,1,gather-scatter,0.6,1,gather-scatter,0.6,1,random,0.8,1,gather-scatter,0.6,1,gather-scatter,0.8,1,gather-scatter,0.8,1,gather-scatter,0.8
amlc_01449,LI-Small,0,legit,1.0,0.5354768997668379,1,random,0.43654484,0,fan-out,0.4860108766078529,1,fan-out,1,gather-scatter,0.8,1,fan-out,0.8,1,fan-out,0.8,1,gather-scatter,0.6,1,gather-scatter,0.8,1,gather-scatter,0.8,1,gather-scatter,0.8
amlc_01450,LI-Small,0,legit,1.0,0.15374740191915542,0,bipartite,0.009604672,0,bipartite,0.08167603647892133,0,bipartite,0,,0.7,1,bipartite,0.8,1,cycle,0.8,1,bipartite,0.8,1,bipartite,0.8,1,bipartite,0.8,1,bipartite,0.8
amlc_01451,LI-Small,0,legit,1136.4420289855072,3.516924534545716e-05,0,bipartite,1.1485999e-05,0,bipartite,2.3327621692004465e-05,0,bipartite,1,fan-out,0.6,1,gather-scatter,0.8,1,gather-scatter,0.6,1,gather-scatter,0.8,1,fan-in,0.8,1,gather-scatter,0.8,1,gather-scatter,0.8
amlc_01452,LI-Small,1,unknown,1.0,0.00292808141439564,0,gather-scatter,0.007556087,0,gather-scatter,0.005242084096518194,0,gather-scatter,1,fan-out,0.6,1,gather-scatter,0.6,1,fan-out,0.8,1,gather-scatter,0.8,1,fan-out,0.8,0,,0.7,0,,0.5
amlc_01453,LI-Small,0,legit,1103.0169082125603,3.557337617246665e-05,0,bipartite,3.5058903e-05,0,bipartite,3.531613890157895e-05,0,bipartite,1,fan-out,0.6,1,fan-out,0.6,1,gather-scatter,0.8,1,gather-scatter,0.6,1,gather-scatter,0.8,1,gather-scatter,0.8,1,gather-scatter,0.8
amlc_01454,LI-Small,0,legit,1136.4420289855072,3.557337617246665e-05,0,random,1.9408148e-05,0,bipartite,2.7490762814012114e-05,0,bipartite,1,fan-out,0.6,1,fan-out,0.6,1,fan-out,0.6,1,fan-out,0.8,1,fan-out,0.8,1,fan-out,0.8,0,,0.5
amlc_01455,LI-Small,0,legit,1103.0169082125603,0.00011439237113617003,0,bipartite,4.4212593e-05,0,stack,7.930248202368904e-05,0,stack,1,gather-scatter,0.8,1,stack,0.8,1,gather-scatter,0.8,1,gather-scatter,0.8,1,gather-scatter,0.8,1,gather-scatter,0.8,1,gather-scatter,0.8
amlc_01456,LI-Small,0,legit,1136.4420289855072,3.557337617246665e-05,0,bipartite,4.2087548e-05,0,bipartite,3.883046080812928e-05,0,bipartite,1,fan-out,0.8,1,fan-out,0.6,1,scatter-gather,0.8,1,gather-scatter,0.8,1,fan-out,0.8,1,fan-out,0.8,1,fan-out,0.8
amlc_01457,LI-Small,0,legit,1136.4420289855072,3.557337617246665e-05,0,bipartite,5.016629e-05,0,bipartite,4.2869832732720527e-05,0,bipartite,1,fan-out,0.8,1,fan-out,0.6,1,fan-out,0.8,1,gather-scatter,0.8,1,gather-scatter,0.8,0,,0.7,1,gather-scatter,0.8
amlc_01458,LI-Small,1,unknown,1.0,0.0006073784553988534,0,gather-scatter,0.0045648688,0,gather-scatter,0.0025861234173915663,0,gather-scatter,0,,0.5,0,,0.5,1,fan-out,0.6,1,random,0.8,1,fan-out,0.8,1,random,0.8,0,,0.5
amlc_01459,LI-Small,0,legit,1136.4420289855072,0.00011439237113617003,0,bipartite,4.3460557e-05,0,bipartite,7.892646562735836e-05,0,bipartite,1,fan-out,0.8,1,fan-out,0.6,1,gather-scatter,0.8,1,gather-scatter,0.6,1,fan-out,0.8,1,fan-out,0.8,0,,0.5
amlc_01460,LI-Small,0,legit,1136.4420289855072,3.516924534545716e-05,0,bipartite,1.6878592e-05,0,bipartite,2.602391814318122e-05,0,bipartite,1,fan-out,0.8,1,fan-out,0.6,1,fan-out,0.8,1,fan-out,0.8,1,fan-out,0.8,1,fan-out,0.8,0,,0.5
amlc_01461,LI-Small,0,legit,1103.0169082125603,0.03208198547525894,0,bipartite,0.00731201,0,bipartite,0.019696997945078665,0,bipartite,1,gather-scatter,0.6,1,fan-in,0.6,1,fan-in,0.8,1,gather-scatter,0.6,1,fan-in,0.8,1,gather-scatter,0.8,1,gather-scatter,0.8
amlc_01462,LI-Small,0,legit,1100.3590361445783,3.516924534545716e-05,0,bipartite,1.9689169e-05,0,bipartite,2.7429207237872616e-05,0,bipartite,1,fan-out,0.6,1,fan-out,0.6,1,scatter-gather,0.6,1,gather-scatter,0.6,1,fan-out,0.8,1,gather-scatter,0.8,1,fan-out,0.8
amlc_01463,LI-Small,0,legit,1100.3590361445783,3.516924534545716e-05,0,bipartite,1.951353e-05,0,bipartite,2.7341388066559886e-05,0,bipartite,1,fan-out,0.6,1,fan-out,0.6,1,fan-out,0.6,1,gather-scatter,0.8,1,fan-out,0.8,1,fan-out,0.8,0,,0.5
amlc_01464,LI-Small,1,unknown,1.0,0.00014985029191444177,0,bipartite,0.00034709476,0,bipartite,0.00024847251224198615,0,bipartite,1,gather-scatter,0.6,1,fan-out,0.8,1,bipartite,0.8,1,gather-scatter,0.6,1,gather-scatter,0.8,1,gather-scatter,0.8,1,gather-scatter,0.8
amlc_01465,LI-Small,0,legit,1100.3590361445783,0.000340798165786677,0,stack,0.00015080105,0,stack,0.0002457996046392438,0,stack,1,fan-out,0.6,1,fan-out,0.6,1,fan-out,0.8,1,gather-scatter,0.8,1,fan-out,0.8,1,fan-out,0.8,0,,0.5
amlc_01466,LI-Small,0,legit,1100.3590361445783,3.557337617246665e-05,0,bipartite,2.5882833e-05,0,bipartite,3.072810447560041e-05,0,bipartite,1,gather-scatter,0.6,1,gather-scatter,0.6,1,fan-out,0.8,1,gather-scatter,0.6,1,gather-scatter,0.8,0,,0.7,1,gather-scatter,0.8
amlc_01467,LI-Small,1,unknown,1.0,0.0032505188643427363,0,fan-out,0.0063395775,0,fan-out,0.004795048318033003,0,fan-out,0,,0.5,0,,0.5,1,fan-out,0.8,1,gather-scatter,0.8,1,fan-out,0.8,0,,0.7,0,,0.5
amlc_01468,LI-Small,0,legit,1100.3590361445783,3.487997806324355e-05,0,bipartite,2.5126463e-05,0,bipartite,3.000322078928916e-05,0,bipartite,1,gather-scatter,0.6,1,fan-out,0.8,1,fan-in,0.8,1,gather-scatter,0.6,1,gather-scatter,0.8,1,gather-scatter,0.8,1,gather-scatter,0.8
amlc_01469,LI-Small,0,legit,1100.3590361445783,3.516924534545716e-05,0,bipartite,2.4313533e-05,0,bipartite,2.974138924284358e-05,0,bipartite,1,fan-out,0.6,1,fan-out,0.6,1,fan-out,0.6,1,scatter-gather,0.8,1,fan-out,0.8,1,gather-scatter,0.8,0,,0.5
amlc_01470,LI-Small,1,unknown,1.0,0.007198510898681666,0,bipartite,0.033788253,0,stack,0.020493381760285388,0,stack,1,gather-scatter,0.6,1,fan-in,0.8,1,scatter-gather,0.6,1,gather-scatter,0.8,1,fan-in,0.8,1,cycle,0.8,1,gather-scatter,0.8
amlc_01471,LI-Small,0,legit,1100.3590361445783,0.00011439237113617003,0,bipartite,8.625365e-05,0,bipartite,0.00010032301060759283,0,bipartite,1,fan-out,0.6,1,fan-out,0.6,1,fan-out,0.6,1,gather-scatter,0.6,1,fan-out,0.8,1,fan-out,0.8,0,,0.5
amlc_01472,LI-Small,1,unknown,1.0,0.02452692591054333,0,bipartite,0.060766436,0,bipartite,0.04264668029001898,0,bipartite,1,gather-scatter,0.6,1,fan-in,0.6,1,gather-scatter,0.8,1,gather-scatter,0.8,1,fan-in,0.8,1,gather-scatter,0.8,1,fan-in,0.8
amlc_01473,LI-Small,0,legit,1.0,0.8369028250045656,1,bipartite,0.5581151,1,bipartite,0.6975089569721161,1,bipartite,1,bipartite,0.8,1,fan-in,0.6,1,fan-in,0.8,1,fan-in,0.6,1,fan-in,0.8,0,,0.7,1,fan-in,0.8
amlc_01474,LI-Small,0,legit,1136.4420289855072,0.0006036965682303862,0,bipartite,0.0015432513,0,bipartite,0.0010734739733460523,0,bipartite,1,fan-out,0.6,1,fan-out,0.6,1,fan-in,0.6,1,gather-scatter,0.6,1,scatter-gather,0.8,1,gather-scatter,0.8,1,gather-scatter,0.8
amlc_01475,LI-Small,1,unknown,1.0,0.002595349640907247,0,fan-out,0.023590382,0,bipartite,0.013092865169674853,0,fan-out,1,fan-out,0.6,1,fan-out,0.6,1,fan-out,0.6,1,random,0.8,1,gather-scatter,0.8,1,fan-out,0.8,1,gather-scatter,0.8
amlc_01476,LI-Small,0,legit,1103.0169082125603,0.001228073296259536,0,bipartite,0.0003106318,0,bipartite,0.0007693525426468843,0,bipartite,1,fan-out,0.6,1,fan-out,0.6,1,fan-out,0.8,1,gather-scatter,0.6,1,fan-out,0.8,1,gather-scatter,0.8,1,fan-out,0.8
amlc_01477,LI-Small,0,legit,1.0,0.011485796526386293,0,bipartite,0.031816173,0,bipartite,0.021650985680676478,0,bipartite,1,fan-out,0.6,0,,0.7,0,,0.7,1,gather-scatter,0.8,1,stack,0.8,1,stack,0.8,0,,0.7
amlc_01478,LI-Small,1,unknown,1.0,0.015359030759935156,0,bipartite,0.02690289,0,bipartite,0.021130959923865683,0,bipartite,1,fan-out,0.6,1,gather-scatter,0.6,1,fan-out,0.8,1,gather-scatter,0.6,1,gather-scatter,0.8,1,gather-scatter,0.8,1,gather-scatter,0.8
amlc_01479,LI-Small,0,legit,1103.0169082125603,0.0013157880581114868,0,gather-scatter,0.011217982,0,gather-scatter,0.006266884398420362,0,gather-scatter,1,fan-out,0.6,1,fan-out,0.6,1,fan-out,0.8,1,random,0.8,1,fan-out,0.8,0,,0.7,0,,0.5
amlc_01480,LI-Small,0,legit,1103.0169082125603,0.010070564544369581,0,bipartite,0.013639675,0,bipartite,0.011855120371366443,0,bipartite,0,,0.7,0,,0.7,1,gather-scatter,0.8,1,gather-scatter,0.6,1,gather-scatter,0.8,1,gather-scatter,0.8,0,gather-scatter,0.7
amlc_01481,LI-Small,0,legit,1103.0169082125603,3.526862127697342e-05,0,bipartite,2.6855294e-05,0,stack,3.1061958174932585e-05,0,stack,1,fan-out,0.6,1,fan-out,0.6,1,fan-out,0.8,1,gather-scatter,0.6,1,fan-out,0.8,1,gather-scatter,0.8,1,fan-out,0.8
amlc_01482,LI-Small,0,legit,1103.0169082125603,0.0019136936148233864,0,gather-scatter,0.011368531,0,gather-scatter,0.006641112255192183,0,gather-scatter,1,fan-out,0.6,1,fan-out,0.6,1,fan-out,0.8,1,gather-scatter,0.6,1,fan-out,0.8,1,fan-out,0.8,0,,0.5
amlc_01483,LI-Small,1,unknown,1.0,0.014443585483960058,0,bipartite,0.034047164,0,bipartite,0.024245375125970317,0,bipartite,1,fan-out,0.6,1,fan-out,0.6,1,fan-out,0.6,1,gather-scatter,0.6,1,scatter-gather,0.8,1,stack,0.8,1,gather-scatter,0.8
amlc_01484,LI-Small,0,legit,1136.4420289855072,3.516924534545716e-05,0,bipartite,2.1841443e-05,0,bipartite,2.850534392447895e-05,0,bipartite,1,fan-out,0.6,1,fan-out,0.6,1,fan-out,0.8,1,random,0.8,1,fan-out,0.8,1,fan-out,0.8,1,fan-out,0.8
amlc_01485,LI-Small,0,legit,1100.3590361445783,6.795368202645592e-05,0,fan-in,3.387517e-05,0,fan-out,5.0914427237458425e-05,0,fan-out,1,fan-out,0.6,1,fan-out,0.6,1,fan-out,0.8,1,fan-out,0.6,1,fan-out,0.8,1,fan-out,0.8,1,fan-out,0.8
amlc_01486,LI-Small,0,legit,1100.3590361445783,3.487997806324355e-05,0,bipartite,1.5330674e-05,0,bipartite,2.5105325883991143e-05,0,bipartite,1,scatter-gather,0.6,1,gather-scatter,0.8,1,scatter-gather,0.8,1,gather-scatter,0.6,1,gather-scatter,0.8,1,gather-scatter,0.8,1,gather-scatter,0.8
amlc_01487,LI-Small,0,legit,1103.0169082125603,0.0009568883485526564,0,bipartite,0.00075597054,0,bipartite,0.0008564294447373957,0,bipartite,1,scatter-gather,0.8,1,fan-out,0.6,1,fan-out,0.6,1,gather-scatter,0.6,1,fan-out,0.8,1,gather-scatter,0.8,1,fan-out,0.8
amlc_01488,LI-Small,0,legit,1103.0169082125603,3.557337617246665e-05,0,bipartite,2.7058466e-05,0,bipartite,3.1315921087696906e-05,0,bipartite,1,fan-out,0.6,1,fan-out,0.6,1,random,0.8,1,gather-scatter,0.8,1,scatter-gather,0.8,1,gather-scatter,0.8,1,gather-scatter,0.8
amlc_01489,LI-Small,0,legit,1103.0169082125603,0.008690649713071128,0,fan-in,0.087872826,0,fan-out,0.04828173689295448,0,fan-out,0,,0.5,0,,0.5,1,fan-out,0.8,1,scatter-gather,0.6,1,fan-out,0.8,1,fan-out,0.8,0,,0.5
amlc_01490,LI-Small,0,legit,1136.4420289855072,0.00011439237113617003,0,bipartite,4.870528e-05,0,bipartite,8.15488240701082e-05,0,bipartite,1,fan-out,0.6,1,fan-out,0.6,1,fan-out,0.8,1,random,0.8,1,fan-out,0.8,1,scatter-gather,0.8,1,gather-scatter,0.8
amlc_01491,LI-Small,1,unknown,1.0,0.004631107730762246,0,gather-scatter,0.048421517,0,gather-scatter,0.026526312372632865,0,gather-scatter,1,fan-out,0.6,1,fan-out,0.8,1,fan-out,0.6,1,gather-scatter,0.8,1,fan-out,0.8,1,fan-out,0.8,0,,0.5
amlc_01492,LI-Small,0,legit,1136.4420289855072,3.557337617246665e-05,0,bipartite,3.976788e-05,0,bipartite,3.767062878108699e-05,0,bipartite,1,fan-out,0.6,1,fan-out,0.8,1,fan-out,0.8,1,gather-scatter,0.8,1,fan-out,0.8,1,fan-out,0.8,1,fan-out,0.8
amlc_01493,LI-Small,0,legit,1103.0169082125603,0.00650475155847294,0,gather-scatter,0.10733573,0,gather-scatter,0.05692023998268954,0,gather-scatter,1,scatter-gather,0.6,1,fan-out,0.6,1,fan-out,0.6,1,gather-scatter,0.8,1,fan-out,0.8,1,fan-out,0.8,0,,0.5
amlc_01494,LI-Small,0,legit,1100.3590361445783,3.516924534545716e-05,0,bipartite,1.6484519e-05,0,bipartite,2.5826881754909264e-05,0,bipartite,1,fan-out,0.6,1,gather-scatter,0.6,1,scatter-gather,0.8,1,gather-scatter,0.6,1,gather-scatter,0.8,1,gather-scatter,0.8,1,gather-scatter,0.8
amlc_01495,LI-Small,0,legit,1136.4420289855072,0.000825391936738394,0,bipartite,0.00057900266,0,bipartite,0.0007021972850981986,0,bipartite,1,fan-out,0.6,1,fan-out,0.6,1,fan-out,0.8,1,gather-scatter,0.8,1,fan-out,0.8,1,fan-out,0.8,1,fan-out,0.8
amlc_01496,LI-Small,1,unknown,1.0,0.00495260603208488,0,fan-in,0.015410309,0,fan-in,0.010181457192843883,0,fan-in,1,fan-in,0.6,1,fan-in,0.6,0,,0.7,1,gather-scatter,0.6,1,fan-in,0.8,1,fan-in,0.8,1,fan-in,0.8
amlc_01497,LI-Small,0,legit,1100.3590361445783,3.516924534545716e-05,0,bipartite,2.3592936e-05,0,bipartite,2.938109146154471e-05,0,bipartite,1,fan-out,0.6,1,scatter-gather,0.8,1,fan-out,0.8,1,gather-scatter,0.6,1,fan-out,0.8,1,gather-scatter,0.8,1,gather-scatter,0.8
amlc_01498,LI-Small,0,legit,1100.3590361445783,3.557337617246665e-05,0,bipartite,5.1120463e-05,0,bipartite,4.334692127525922e-05,0,bipartite,1,fan-out,0.6,1,gather-scatter,0.6,1,gather-scatter,0.8,1,gather-scatter,0.8,1,gather-scatter,0.8,1,fan-out,0.8,1,gather-scatter,0.8
amlc_01499,LI-Small,1,unknown,1.0,0.00039295158867566827,0,fan-out,0.006734252,0,fan-out,0.0035636017357782977,0,fan-out,0,,0.5,0,,0.5,1,fan-out,0.8,1,gather-scatter,0.6,1,fan-out,0.8,1,fan-out,0.8,0,,0.5
amlc_01500,LI-Small,0,legit,1100.3590361445783,3.557337617246665e-05,0,bipartite,3.4903613e-05,0,bipartite,3.523849552078754e-05,0,bipartite,1,fan-out,0.6,1,fan-out,0.6,1,fan-out,0.8,1,gather-scatter,0.8,1,fan-out,0.8,1,fan-out,0.8,0,,0.5
amlc_01501,LI-Small,0,legit,1100.3590361445783,0.00011439237113617003,0,bipartite,7.195334e-05,0,bipartite,9.317285648334592e-05,0,bipartite,1,cycle,0.8,0,,0.7,1,fan-out,0.6,1,gather-scatter,0.6,1,fan-out,0.8,1,fan-out,0.8,1,fan-out,0.8
amlc_01502,LI-Small,0,legit,1136.4420289855072,3.516924534545716e-05,0,bipartite,1.845948e-05,0,bipartite,2.6814362626026704e-05,0,bipartite,1,gather-scatter,0.8,1,fan-out,0.8,1,fan-out,0.8,1,gather-scatter,0.8,1,fan-out,0.8,1,random,0.8,1,fan-out,0.8
amlc_01503,LI-Small,0,legit,1103.0169082125603,0.0011349062997862655,0,bipartite,0.0038349847,0,fan-out,0.0024849455619238296,0,fan-out,1,fan-out,0.6,1,scatter-gather,0.6,1,fan-out,0.8,1,random,0.8,1,fan-out,0.8,0,,0.7,0,,0.5
amlc_01504,LI-Small,1,unknown,1.0,0.002125344936693436,0,bipartite,0.0054155467,0,fan-out,0.0037704459153834607,0,fan-out,0,,0.5,0,,0.5,1,fan-out,0.8,1,random,0.8,1,fan-out,0.8,0,,0.7,0,,0.5
amlc_01505,LI-Small,0,legit,1103.0169082125603,0.001752386064161085,0,bipartite,0.0016198229,0,bipartite,0.0016861044843143338,0,bipartite,1,fan-out,0.6,1,fan-out,0.6,1,fan-out,0.8,1,fan-out,0.6,1,fan-out,0.8,1,gather-scatter,0.8,0,,0.5
amlc_01506,LI-Small,1,unknown,1.0,0.035793996761402144,0,bipartite,0.0356803,0,bipartite,0.035737148006836895,0,bipartite,1,fan-out,0.6,1,scatter-gather,0.8,1,fan-out,0.8,1,fan-out,0.6,1,fan-out,0.8,1,fan-out,0.8,1,fan-out,0.8
amlc_01507,LI-Small,1,unknown,1.0,0.0007176917196272034,0,fan-out,0.003243769,0,fan-out,0.001980730316649289,0,fan-out,0,,0.5,0,,0.5,0,,0.5,0,,0.5,1,fan-out,0.8,0,,0.7,0,,0.5
amlc_01508,LI-Small,1,unknown,1.0,0.0033816353362558526,0,fan-out,0.031456593,0,fan-out,0.01741911382137528,0,fan-out,0,,0.5,0,,0.5,1,fan-out,0.8,1,random,0.8,1,fan-out,0.8,1,fan-out,0.8,0,,0.5
amlc_01509,LI-Small,1,unknown,1.0,0.03207072802129969,0,bipartite,0.028126165,0,bipartite,0.030098446273523493,0,bipartite,1,gather-scatter,0.8,1,fan-out,0.6,1,fan-out,0.8,1,gather-scatter,0.6,1,gather-scatter,0.8,1,random,0.8,1,gather-scatter,0.8
amlc_01510,LI-Small,0,legit,1103.0169082125603,0.012986692430878405,0,bipartite,0.02613059,0,bipartite,0.019558641136837366,0,bipartite,1,fan-out,0.6,1,fan-out,0.6,1,fan-out,0.8,1,bipartite,0.8,1,fan-out,0.8,1,fan-out,0.8,1,fan-out,0.8
amlc_01511,LI-Small,0,legit,1103.0169082125603,3.6975278928023905e-05,0,bipartite,4.4994835e-05,0,bipartite,4.098505647635793e-05,0,bipartite,1,fan-out,0.6,1,fan-out,0.8,1,fan-out,0.8,1,scatter-gather,0.8,1,gather-scatter,0.8,1,gather-scatter,0.8,1,gather-scatter,0.8
amlc_01512,LI-Small,0,legit,1103.0169082125603,0.004151517876792327,0,fan-in,0.0044432324,0,fan-in,0.00429737508641351,0,fan-in,1,fan-in,0.6,1,fan-in,0.6,1,fan-in,0.6,1,gather-scatter,0.6,1,fan-in,0.8,1,fan-in,0.8,1,fan-in,0.8
amlc_01513,LI-Small,1,unknown,1.0,0.0005880248010126515,0,fan-out,0.0037800106,0,fan-out,0.0021840178279190145,0,fan-out,1,fan-out,0.6,1,fan-out,0.6,1,fan-out,0.6,1,random,0.8,1,fan-out,0.8,1,fan-out,0.8,0,,0.5
amlc_01514,LI-Small,0,legit,1136.4420289855072,0.00011339751161921382,0,bipartite,7.140976e-05,0,bipartite,9.240363769376456e-05,0,bipartite,1,fan-out,0.6,1,scatter-gather,0.6,1,fan-out,0.8,1,gather-scatter,0.6,1,fan-out,0.8,1,scatter-gather,0.8,1,fan-out,0.8
amlc_01515,LI-Small,1,unknown,1.0,0.003976551398698023,0,gather-scatter,0.062280048,0,gather-scatter,0.03312829842421588,0,gather-scatter,0,,0.5,0,,0.5,1,fan-out,0.6,1,gather-scatter,0.8,1,fan-out,0.8,1,fan-out,0.8,0,,0.5
amlc_01516,LI-Small,0,legit,1136.4420289855072,3.516924534545716e-05,0,bipartite,1.2651706e-05,0,bipartite,2.3910475373412333e-05,0,bipartite,1,gather-scatter,0.6,1,gather-scatter,0.6,1,fan-out,0.8,1,gather-scatter,0.6,1,stack,0.8,1,gather-scatter,0.8,1,gather-scatter,0.8
amlc_01517,LI-Small,0,legit,1103.0169082125603,3.557337617246665e-05,0,bipartite,4.1879935e-05,0,bipartite,3.8726654357049836e-05,0,bipartite,1,fan-out,0.6,1,fan-out,0.6,1,fan-out,0.8,1,gather-scatter,0.8,1,fan-out,0.8,1,fan-out,0.8,0,,0.5
amlc_01518,LI-Small,0,legit,1.0,0.5870615489855886,1,stack,0.11756893,0,stack,0.35231523998456604,0,stack,1,random,0.8,1,random,0.8,1,fan-in,0.8,1,gather-scatter,0.6,1,fan-in,0.8,1,random,0.8,1,fan-in,0.8
amlc_01519,LI-Small,0,legit,1.0,0.9278329137825366,1,bipartite,0.79949504,1,bipartite,0.8636639537346064,1,bipartite,0,stack,0.7,1,bipartite,0.8,0,,0.7,1,cycle,0.8,0,,0.7,0,,0.7,0,,0.7
amlc_01520,LI-Small,1,unknown,1.0,0.02238973129680965,0,fan-in,0.013095957,0,fan-in,0.017742843889401425,0,fan-in,1,gather-scatter,0.6,1,fan-out,0.6,1,gather-scatter,0.6,1,gather-scatter,0.6,1,gather-scatter,0.8,1,gather-scatter,0.8,1,gather-scatter,0.8
amlc_01521,LI-Small,0,legit,1103.0169082125603,3.557337617246665e-05,0,bipartite,1.5519243e-05,0,stack,2.5546309343952444e-05,0,stack,1,fan-out,0.6,1,fan-out,0.8,1,fan-out,0.8,1,gather-scatter,0.8,1,fan-out,0.8,0,,0.7,0,,0.5
amlc_01522,LI-Small,1,unknown,1.0,0.003364381382885658,0,gather-scatter,0.006230363,0,gather-scatter,0.004797372223199946,0,gather-scatter,1,fan-out,0.8,1,fan-out,0.6,1,fan-out,0.8,1,bipartite,0.8,1,fan-out,0.8,0,,0.7,0,,0.5
amlc_01523,LI-Small,0,legit,1.0,0.7426725196804037,1,bipartite,0.9206866,1,bipartite,0.8316795849782939,1,bipartite,1,scatter-gather,0.6,1,gather-scatter,0.6,1,scatter-gather,0.8,1,gather-scatter,0.6,1,gather-scatter,0.8,1,gather-scatter,0.8,1,gather-scatter,0.8
amlc_01524,LI-Small,0,legit,1100.3590361445783,3.516924534545716e-05,0,bipartite,2.2228938e-05,0,bipartite,2.869909139801035e-05,0,bipartite,1,fan-out,0.8,1,scatter-gather,0.8,1,gather-scatter,0.8,1,fan-out,0.6,1,fan-out,0.8,1,fan-out,0.8,1,fan-out,0.8
amlc_01525,LI-Small,0,legit,1.0,0.5151984471287958,1,random,0.16996971,0,fan-out,0.3425840751929399,0,fan-out,1,fan-out,0.6,1,fan-out,0.6,1,fan-out,0.8,1,gather-scatter,0.6,1,gather-scatter,0.8,1,gather-scatter,0.8,1,gather-scatter,0.8
amlc_01526,LI-Small,0,legit,1103.0169082125603,0.0011305111778721533,0,bipartite,0.009294627,0,bipartite,0.005212568693878518,0,bipartite,1,fan-out,0.6,1,fan-out,0.6,1,random,0.8,1,random,0.8,1,fan-out,0.8,1,fan-out,0.8,1,fan-out,0.8
amlc_01527,LI-Small,0,legit,1100.3590361445783,3.557337617246665e-05,0,bipartite,4.2434407e-05,0,bipartite,3.900389162521459e-05,0,bipartite,1,fan-out,0.6,1,gather-scatter,0.6,1,fan-out,0.6,1,gather-scatter,0.6,1,gather-scatter,0.8,1,fan-out,0.8,0,,0.5
amlc_01528,LI-Small,0,legit,1100.3590361445783,0.00036611020585232656,0,cycle,0.00029629326,0,cycle,0.0003312017432026996,0,cycle,1,fan-out,0.6,1,fan-out,0.8,1,fan-out,0.8,1,gather-scatter,0.8,1,fan-out,0.8,1,fan-out,0.8,0,,0.5
amlc_01529,LI-Small,0,legit,1103.0169082125603,0.004161616563361818,0,gather-scatter,0.020156598,0,gather-scatter,0.012159107047846882,0,gather-scatter,0,,0.5,0,,0.5,1,fan-out,0.8,1,gather-scatter,0.8,1,fan-out,0.8,1,fan-out,0.8,0,,0.5
amlc_01530,LI-Small,0,legit,1103.0169082125603,0.017302532181950825,0,bipartite,0.009629896,0,bipartite,0.013466214139418014,0,bipartite,0,cycle,0.7,1,gather-scatter,0.6,0,,0.7,1,fan-in,0.6,1,fan-in,0.8,1,gather-scatter,0.8,1,gather-scatter,0.8
amlc_01531,LI-Small,1,unknown,1.0,0.0011553822947306324,0,bipartite,0.006669077,0,bipartite,0.003912230018787726,0,bipartite,1,fan-out,0.6,1,fan-out,0.6,1,fan-in,0.8,1,gather-scatter,0.8,1,fan-in,0.8,1,gather-scatter,0.8,1,fan-in,0.8
amlc_01532,LI-Small,0,legit,1100.3590361445783,0.00036596044551774365,0,bipartite,8.5466614e-05,0,stack,0.00022571352690322076,0,stack,1,gather-scatter,0.6,1,stack,0.8,1,gather-scatter,0.6,1,gather-scatter,0.8,1,gather-scatter,0.8,1,gather-scatter,0.8,1,gather-scatter,0.8
amlc_01533,LI-Small,0,legit,1103.0169082125603,3.557337617246665e-05,0,fan-out,3.6932135e-05,0,bipartite,3.625275564485345e-05,0,fan-out,1,bipartite,0.8,0,,0.7,1,random,0.8,1,gather-scatter,0.8,1,stack,0.8,0,,0.7,1,stack,0.8
amlc_01534,LI-Small,0,legit,1100.3590361445783,3.516924534545716e-05,0,bipartite,1.9581483e-05,0,bipartite,2.7375363332538255e-05,0,bipartite,1,fan-out,0.6,1,fan-out,0.8,1,fan-out,0.6,1,gather-scatter,0.6,1,gather-scatter,0.8,1,fan-out,0.8,0,,0.5
amlc_01535,LI-Small,0,legit,1103.0169082125603,0.007101112402167174,0,bipartite,0.0033492714,0,bipartite,0.005225191932698713,0,bipartite,1,fan-out,0.6,1,gather-scatter,0.8,1,fan-out,0.6,1,fan-out,0.6,1,fan-out,0.8,1,random,0.8,1,gather-scatter,0.8
amlc_01536,LI-Small,0,legit,1100.3590361445783,3.516924534545716e-05,0,bipartite,1.2552645e-05,0,bipartite,2.3860945110499013e-05,0,bipartite,1,fan-out,0.8,1,fan-out,0.6,1,fan-out,0.6,1,gather-scatter,0.8,1,fan-out,0.8,0,,0.7,0,,0.5
amlc_01537,LI-Small,0,legit,1136.4420289855072,3.516924534545716e-05,0,bipartite,1.7304157e-05,0,bipartite,2.6236701067972316e-05,0,bipartite,1,fan-out,0.6,1,fan-out,0.6,1,fan-out,0.6,1,gather-scatter,0.8,1,fan-out,0.8,1,fan-out,0.8,0,,0.5
amlc_01538,LI-Small,1,unknown,1.0,0.003070522241680368,0,fan-out,0.011752586,0,fan-out,0.007411554154201619,0,fan-out,1,fan-out,0.6,1,fan-out,0.6,1,scatter-gather,0.8,1,gather-scatter,0.8,1,fan-out,0.8,1,fan-out,0.8,0,,0.5
amlc_01539,LI-Small,0,legit,1.0,0.005655397394694472,0,bipartite,0.014155926,0,bipartite,0.009905661881912543,0,bipartite,1,scatter-gather,0.6,0,,0.7,0,,0.7,1,gather-scatter,0.6,1,fan-in,0.8,1,gather-scatter,0.8,1,stack,0.8
amlc_01540,LI-Small,0,legit,1100.3590361445783,3.516924534545716e-05,0,bipartite,1.9544954e-05,0,bipartite,2.7357099314684602e-05,0,bipartite,1,fan-out,0.6,1,fan-out,0.6,1,fan-out,0.8,1,gather-scatter,0.6,1,fan-out,0.8,1,fan-out,0.8,0,,0.5
amlc_01541,LI-Small,0,legit,1.0,0.3929307660626845,0,bipartite,0.051948745,0,bipartite,0.22243975468811775,0,bipartite,1,bipartite,0.8,0,,0.7,1,bipartite,0.8,0,,0.7,0,,0.7,1,bipartite,0.8,0,,0.7
amlc_01542,LI-Small,0,legit,1136.4420289855072,9.605187368959024e-05,0,bipartite,7.41227e-05,0,bipartite,8.508728642090142e-05,0,bipartite,1,fan-out,0.8,1,fan-out,0.8,1,fan-out,0.6,1,gather-scatter,0.6,1,scatter-gather,0.8,1,gather-scatter,0.8,1,gather-scatter,0.8
amlc_01543,LI-Small,0,legit,1.0,0.3678324778939249,0,stack,0.20805785,0,stack,0.2879451702070714,0,stack,1,fan-out,0.6,1,fan-out,0.6,1,scatter-gather,0.6,1,gather-scatter,0.6,1,fan-out,0.8,1,gather-scatter,0.8,1,gather-scatter,0.8
amlc_01544,LI-Small,0,legit,1103.0169082125603,0.0008712183493730397,0,bipartite,0.0003601623,0,bipartite,0.0006156903334465235,0,bipartite,1,fan-in,0.6,1,fan-in,0.8,1,fan-in,0.6,1,gather-scatter,0.8,1,fan-in,0.8,1,fan-in,0.8,1,fan-in,0.8
amlc_01545,LI-Small,1,unknown,1.0,0.015006738476937667,0,bipartite,0.036751807,0,bipartite,0.02587927186140699,0,bipartite,1,cycle,0.8,1,scatter-gather,0.8,0,,0.7,1,gather-scatter,0.6,1,gather-scatter,0.8,1,gather-scatter,0.8,1,gather-scatter,0.8
amlc_01546,LI-Small,0,legit,1136.4420289855072,3.526862127697342e-05,0,bipartite,3.0184217e-05,0,stack,3.272641878978007e-05,0,stack,1,fan-out,0.6,1,gather-scatter,0.6,1,fan-in,0.6,1,gather-scatter,0.6,1,gather-scatter,0.8,1,gather-scatter,0.8,1,gather-scatter,0.8
amlc_01547,LI-Small,0,legit,1.0,0.5815902643876474,1,fan-in,0.13452782,0,fan-in,0.3580590371527871,0,fan-in,1,gather-scatter,0.6,1,scatter-gather,0.6,1,scatter-gather,0.6,1,gather-scatter,0.6,1,fan-in,0.8,1,gather-scatter,0.8,1,fan-in,0.8
amlc_01548,LI-Small,0,legit,1103.0169082125603,0.003825218836968884,0,gather-scatter,0.01748051,0,gather-scatter,0.01065286335125851,0,gather-scatter,1,fan-out,0.6,1,fan-out,0.6,0,,0.7,1,fan-out,0.6,1,fan-out,0.8,1,fan-out,0.8,0,,0.5
amlc_01549,LI-Small,0,legit,1103.0169082125603,0.0022028729689169595,0,bipartite,0.0017617721,0,bipartite,0.001982322563270662,0,bipartite,1,fan-out,0.6,1,fan-out,0.6,1,fan-out,0.8,1,random,0.8,1,scatter-gather,0.8,1,fan-out,0.8,0,,0.5
amlc_01550,LI-Small,1,unknown,1.0,0.002481588161051578,0,fan-out,0.008512705,0,fan-out,0.005497146210849438,0,fan-out,0,,0.5,0,,0.5,1,fan-out,0.8,1,gather-scatter,0.6,1,fan-out,0.8,0,,0.7,0,,0.5
amlc_01551,LI-Small,0,legit,1136.4420289855072,0.00131720894540308,0,gather-scatter,0.0028897107,0,gather-scatter,0.002103459746868452,0,gather-scatter,1,fan-out,0.6,1,fan-out,0.6,1,fan-out,0.8,1,gather-scatter,0.8,1,fan-out,0.8,1,fan-out,0.8,1,fan-out,0.8
amlc_01552,LI-Small,0,legit,1103.0169082125603,0.011219293370922038,0,stack,0.008267169,0,fan-out,0.009743231268639182,0,fan-out,1,fan-out,0.6,1,fan-out,0.6,1,fan-out,0.8,1,scatter-gather,0.6,1,fan-out,0.8,1,gather-scatter,0.8,1,fan-out,0.8
amlc_01553,LI-Small,0,legit,1100.3590361445783,3.516924534545716e-05,0,bipartite,2.023165e-05,0,bipartite,2.7700447752721228e-05,0,bipartite,1,fan-out,0.8,1,gather-scatter,0.6,1,scatter-gather,0.6,1,gather-scatter,0.8,1,gather-scatter,0.8,1,gather-scatter,0.8,1,gather-scatter,0.8
amlc_01554,LI-Small,0,legit,1100.3590361445783,3.557337617246665e-05,0,bipartite,4.1442738e-05,0,stack,3.850805730547871e-05,0,stack,1,gather-scatter,0.6,1,gather-scatter,0.6,1,gather-scatter,0.8,1,gather-scatter,0.8,1,gather-scatter,0.8,1,scatter-gather,0.8,1,gather-scatter,0.8
amlc_01555,LI-Small,1,unknown,1.0,0.021449438712723933,0,bipartite,0.035181027,0,bipartite,0.028315232809249503,0,bipartite,1,stack,0.8,1,scatter-gather,0.8,1,gather-scatter,0.8,1,gather-scatter,0.6,1,stack,0.8,1,gather-scatter,0.8,1,gather-scatter,0.8
amlc_01556,LI-Small,1,unknown,1.0,0.0007337620728123347,0,bipartite,0.01138588,0,fan-out,0.006059821195175656,0,fan-out,0,,0.5,0,,0.5,1,random,0.8,1,gather-scatter,0.8,1,fan-out,0.8,0,,0.7,0,,0.5
amlc_01557,LI-Small,0,legit,1136.4420289855072,3.516924534545716e-05,0,bipartite,1.9555499e-05,0,bipartite,2.7362371746420248e-05,0,bipartite,1,gather-scatter,0.6,1,gather-scatter,0.8,1,scatter-gather,0.6,1,gather-scatter,0.6,1,fan-out,0.8,1,gather-scatter,0.8,1,gather-scatter,0.8
amlc_01558,LI-Small,0,legit,1136.4420289855072,0.00012415012590363738,0,bipartite,7.4830685e-05,0,stack,9.949040896613209e-05,0,stack,1,gather-scatter,0.6,1,gather-scatter,0.6,1,fan-out,0.8,1,gather-scatter,0.8,1,gather-scatter,0.8,1,gather-scatter,0.8,1,gather-scatter,0.8
amlc_01559,LI-Small,0,legit,1136.4420289855072,0.00011439237113617003,0,bipartite,6.677753e-05,0,bipartite,9.058495188268654e-05,0,bipartite,1,fan-out,0.6,1,fan-out,0.6,1,fan-out,0.8,1,gather-scatter,0.6,1,fan-out,0.8,1,fan-out,0.8,0,,0.5
amlc_01560,LI-Small,0,legit,1103.0169082125603,0.00140926034790287,0,gather-scatter,0.021671737,0,gather-scatter,0.011540498759806204,0,gather-scatter,0,,0.5,0,,0.5,0,,0.5,0,,0.5,1,fan-out,0.8,1,fan-out,0.8,0,,0.5
amlc_01561,LI-Small,1,unknown,1.0,0.007748918146307247,0,fan-in,0.0122078555,0,fan-in,0.009978386901525148,0,fan-in,1,fan-out,0.8,1,fan-out,0.8,1,gather-scatter,0.8,1,gather-scatter,0.6,1,gather-scatter,0.8,1,gather-scatter,0.8,1,gather-scatter,0.8
amlc_01562,LI-Small,0,legit,1100.3590361445783,3.498255807181925e-05,0,bipartite,3.6947815e-05,0,bipartite,3.5965185711263274e-05,0,bipartite,1,fan-out,0.8,1,fan-out,0.6,1,fan-out,0.8,1,gather-scatter,0.6,1,fan-out,0.8,1,fan-out,0.8,0,,0.5
amlc_01563,LI-Small,0,legit,1103.0169082125603,3.526862127697342e-05,0,bipartite,2.1948468e-05,0,stack,2.860854473949999e-05,0,stack,1,random,0.8,1,random,0.8,1,random,0.8,1,gather-scatter,0.6,1,gather-scatter,0.8,1,gather-scatter,0.8,0,,0.7
amlc_01564,LI-Small,0,legit,1103.0169082125603,3.557337617246665e-05,0,bipartite,3.097119e-05,0,bipartite,3.327228220808901e-05,0,bipartite,0,,0.7,1,scatter-gather,0.8,1,gather-scatter,0.8,1,gather-scatter,0.6,1,gather-scatter,0.8,1,gather-scatter,0.8,1,gather-scatter,0.8
amlc_01565,LI-Small,1,unknown,1.0,0.02154396626622223,0,bipartite,0.059600104,0,bipartite,0.04057203607395661,0,bipartite,1,fan-out,0.6,1,fan-out,0.6,1,fan-out,0.8,1,scatter-gather,0.8,1,fan-out,0.8,1,fan-out,0.8,0,,0.5
amlc_01566,LI-Small,0,legit,1.0,0.9221814272530304,1,fan-out,0.7891736,1,fan-out,0.8556775032345169,1,fan-out,1,fan-out,0.6,1,fan-out,0.6,1,fan-out,0.8,1,random,0.8,1,fan-out,0.8,1,gather-scatter,0.8,1,scatter-gather,0.8
amlc_01567,LI-Small,0,legit,1.0,0.5314646773658817,1,random,0.19291334,0,stack,0.3621890154045137,0,stack,1,fan-out,0.6,1,fan-out,0.6,1,fan-out,0.6,1,gather-scatter,0.8,1,fan-out,0.8,1,fan-out,0.8,1,fan-out,0.8
amlc_01568,LI-Small,0,legit,1136.4420289855072,0.0008009508948021007,0,bipartite,0.00036394372,0,bipartite,0.0005824473190443775,0,bipartite,1,fan-in,0.6,1,fan-in,0.6,1,fan-in,0.6,1,gather-scatter,0.6,1,fan-in,0.8,1,fan-in,0.8,1,fan-in,0.8
amlc_01569,LI-Small,1,unknown,1.0,0.007308721480834069,0,fan-in,0.0142211495,0,fan-in,0.010764935395651848,0,fan-in,1,fan-in,0.6,1,fan-in,0.6,1,fan-in,0.8,1,fan-in,0.6,1,fan-in,0.8,1,fan-in,0.8,1,fan-in,0.8
amlc_01570,LI-Small,0,legit,1136.4420289855072,8.464097854668562e-05,0,bipartite,8.1313534e-05,0,bipartite,8.297725512348725e-05,0,bipartite,1,fan-out,0.6,1,scatter-gather,0.6,1,fan-out,0.6,1,gather-scatter,0.8,1,fan-out,0.8,1,gather-scatter,0.8,1,gather-scatter,0.8
amlc_01571,LI-Small,0,legit,1.0,0.2598472363171872,0,bipartite,0.030944029,0,bipartite,0.14539563259322924,0,bipartite,1,bipartite,0.8,1,bipartite,0.8,0,,0.7,1,bipartite,0.8,0,,0.7,1,bipartite,0.8,0,,0.7
amlc_01572,LI-Small,0,legit,1136.4420289855072,0.00011439237113617003,0,bipartite,7.723035e-05,0,bipartite,9.581135663806281e-05,0,bipartite,1,fan-out,0.8,1,fan-out,0.8,1,scatter-gather,0.8,1,gather-scatter,0.8,1,scatter-gather,0.8,1,fan-out,0.8,0,,0.5
amlc_01573,LI-Small,0,legit,1.0,0.019144654223446952,0,bipartite,0.025482971,0,bipartite,0.022313811604740674,0,bipartite,1,fan-in,0.6,1,scatter-gather,0.8,1,fan-in,0.8,1,gather-scatter,0.6,1,fan-in,0.8,1,gather-scatter,0.8,1,fan-in,0.8
amlc_01574,LI-Small,0,legit,1103.0169082125603,0.0007383705683099973,0,fan-in,0.00010579151,0,fan-out,0.00042208103325920793,0,fan-out,1,fan-out,0.6,1,scatter-gather,0.6,1,gather-scatter,0.8,1,gather-scatter,0.6,1,fan-out,0.8,1,gather-scatter,0.8,1,gather-scatter,0.8
amlc_01575,LI-Small,0,legit,1136.4420289855072,3.516924534545716e-05,0,bipartite,3.7436163e-05,0,bipartite,3.630270266395979e-05,0,bipartite,1,fan-out,0.6,1,fan-out,0.6,1,fan-out,0.8,1,cycle,0.8,1,fan-out,0.8,1,fan-out,0.8,0,,0.5
amlc_01576,LI-Small,0,legit,1100.3590361445783,3.516924534545716e-05,0,bipartite,1.9032243e-05,0,bipartite,2.7100743953923085e-05,0,bipartite,1,gather-scatter,0.6,1,scatter-gather,0.8,1,random,0.8,1,gather-scatter,0.8,1,gather-scatter,0.8,1,gather-scatter,0.8,1,gather-scatter,0.8
amlc_01577,LI-Small,0,legit,1.0,0.20600969104499195,0,bipartite,0.028109595,0,bipartite,0.11705964255348134,0,bipartite,0,,0.7,0,cycle,0.7,1,gather-scatter,0.8,1,gather-scatter,0.6,1,gather-scatter,0.8,1,gather-scatter,0.8,0,,0.7
amlc_01578,LI-Small,0,legit,1136.4420289855072,3.557337617246665e-05,0,bipartite,4.4171968e-05,0,bipartite,3.9872671159572194e-05,0,bipartite,1,fan-out,0.6,1,fan-out,0.6,1,fan-out,0.8,1,gather-scatter,0.8,1,fan-out,0.8,0,,0.7,1,fan-out,0.8
amlc_01579,LI-Small,0,legit,1103.0169082125603,0.020933264631809306,0,fan-out,0.018297967,0,fan-out,0.019615615414471186,0,fan-out,0,,0.5,0,,0.5,1,fan-out,0.8,1,random,0.8,1,fan-out,0.8,0,,0.7,0,,0.5
amlc_01580,LI-Small,1,unknown,1.0,0.0023272718265693456,0,bipartite,0.03866408,0,fan-out,0.020495675828309905,0,fan-out,0,,0.5,0,,0.5,0,,0.5,0,,0.5,1,fan-out,0.8,0,,0.7,0,,0.5
amlc_01581,LI-Small,1,unknown,1.0,0.0013598582289801747,0,gather-scatter,0.018959362,0,gather-scatter,0.010159610516934928,0,gather-scatter,0,,0.5,0,,0.5,1,fan-out,0.8,1,gather-scatter,0.6,1,fan-out,0.8,1,fan-out,0.8,0,,0.5
amlc_01582,LI-Small,0,legit,1136.4420289855072,0.004419112695498652,0,stack,0.0007305479,0,stack,0.0025748302990693034,0,stack,1,gather-scatter,0.6,1,gather-scatter,0.6,1,gather-scatter,0.8,1,gather-scatter,0.6,1,gather-scatter,0.8,1,gather-scatter,0.8,1,gather-scatter,0.8
amlc_01583,LI-Small,0,legit,1100.3590361445783,3.557337617246665e-05,0,bipartite,5.5649034e-05,0,bipartite,4.561120292277191e-05,0,bipartite,1,fan-out,0.6,1,gather-scatter,0.6,1,fan-out,0.8,1,random,0.8,1,gather-scatter,0.8,1,gather-scatter,0.8,1,gather-scatter,0.8
amlc_01584,LI-Small,0,legit,1100.3590361445783,3.519919367257284e-05,0,bipartite,7.535894e-05,0,bipartite,5.527907029833533e-05,0,bipartite,1,fan-out,0.8,1,gather-scatter,0.8,1,fan-out,0.6,1,gather-scatter,0.6,1,gather-scatter,0.8,1,gather-scatter,0.8,1,gather-scatter,0.8
amlc_01585,LI-Small,0,legit,1103.0169082125603,0.007793428036789805,0,bipartite,0.015084917,0,bipartite,0.011439172288140015,0,bipartite,1,fan-in,0.6,1,fan-in,0.6,1,fan-in,0.6,1,fan-in,0.6,1,fan-in,0.8,1,fan-in,0.8,1,fan-in,0.8
amlc_01586,LI-Small,1,unknown,1.0,0.0007336930145867028,0,bipartite,0.0074996627,0,fan-out,0.004116677923937507,0,fan-out,0,,0.5,0,,0.5,1,fan-out,0.8,1,gather-scatter,0.6,1,fan-out,0.8,0,,0.7,0,,0.5
amlc_01587,LI-Small,1,unknown,1.0,0.0006478277357284022,0,bipartite,0.0031134312,0,fan-out,0.0018806294233532643,0,fan-out,1,fan-out,0.6,1,fan-out,0.6,1,fan-out,0.8,1,gather-scatter,0.6,1,fan-out,0.8,1,fan-out,0.8,0,,0.5
amlc_01588,LI-Small,0,legit,1100.3590361445783,3.557337617246665e-05,0,bipartite,4.8477777e-05,0,bipartite,4.202557681350153e-05,0,bipartite,1,fan-out,0.8,1,fan-out,0.8,1,scatter-gather,0.8,1,gather-scatter,0.8,1,fan-out,0.8,1,gather-scatter,0.8,1,fan-out,0.8
amlc_01589,LI-Small,0,legit,1100.3590361445783,3.526862127697342e-05,0,bipartite,5.0231516e-05,0,stack,4.275006903738372e-05,0,stack,1,fan-out,0.6,1,fan-out,0.8,1,cycle,0.8,1,gather-scatter,0.8,1,gather-scatter,0.8,1,gather-scatter,0.8,1,gather-scatter,0.8
amlc_01590,LI-Small,0,legit,1103.0169082125603,0.007470103081771162,0,fan-out,0.028811524,0,fan-out,0.018140813572559967,0,fan-out,1,fan-out,0.6,1,fan-out,0.6,1,fan-out,0.8,1,gather-scatter,0.8,1,fan-out,0.8,1,fan-out,0.8,0,,0.5
amlc_01591,LI-Small,0,legit,1136.4420289855072,3.526862127697342e-05,0,bipartite,2.8764782e-05,0,stack,3.2016702239007056e-05,0,stack,1,fan-out,0.6,1,scatter-gather,0.6,1,scatter-gather,0.8,1,gather-scatter,0.6,1,gather-scatter,0.8,1,gather-scatter,0.8,1,gather-scatter,0.8
amlc_01592,LI-Small,0,legit,1.0,0.2559495812409956,0,fan-in,0.33983788,0,fan-out,0.2978937271115104,0,fan-out,1,fan-out,0.8,1,cycle,0.8,1,fan-out,0.6,1,gather-scatter,0.8,1,gather-scatter,0.8,1,gather-scatter,0.8,1,fan-out,0.8
amlc_01593,LI-Small,0,legit,1103.0169082125603,3.557337617246665e-05,0,bipartite,2.9459974e-05,0,bipartite,3.2516675646946524e-05,0,bipartite,1,fan-out,0.6,1,fan-out,0.6,1,fan-out,0.8,1,gather-scatter,0.6,1,fan-out,0.8,1,fan-out,0.8,0,,0.5
amlc_01594,LI-Small,0,legit,1136.4420289855072,3.516924534545716e-05,0,bipartite,2.5981364e-05,0,bipartite,3.0575305480596e-05,0,bipartite,1,fan-out,0.6,1,gather-scatter,0.8,1,fan-out,0.8,1,gather-scatter,0.8,1,gather-scatter,0.8,1,gather-scatter,0.8,1,gather-scatter,0.8
amlc_01595,LI-Small,1,unknown,1.0,0.020293356282175566,0,bipartite,0.03764977,0,bipartite,0.028971562436551346,0,bipartite,1,gather-scatter,0.8,1,gather-scatter,0.6,1,random,0.8,1,gather-scatter,0.6,1,gather-scatter,0.8,1,gather-scatter,0.8,1,gather-scatter,0.8
amlc_01596,LI-Small,0,legit,1103.0169082125603,0.009321798900178415,0,gather-scatter,0.043664265,0,gather-scatter,0.02649303160330223,0,gather-scatter,0,,0.5,0,,0.5,1,fan-out,0.8,1,gather-scatter,0.8,1,fan-out,0.8,0,,0.7,0,,0.5
amlc_01597,LI-Small,1,unknown,1.0,0.0011715292052987204,0,gather-scatter,0.01839867,0,gather-scatter,0.009785100121873766,0,gather-scatter,0,,0.5,0,,0.5,1,fan-out,0.8,1,gather-scatter,0.8,1,fan-out,0.8,0,,0.7,0,,0.5
amlc_01598,LI-Small,0,legit,1136.4420289855072,3.516924534545716e-05,0,bipartite,2.562958e-05,0,bipartite,3.039941357084768e-05,0,bipartite,1,fan-out,0.6,1,fan-out,0.8,1,scatter-gather,0.8,1,gather-scatter,0.8,1,fan-out,0.8,1,gather-scatter,0.8,1,fan-out,0.8
amlc_01599,LI-Small,0,legit,1100.3590361445783,0.0002593399538021309,0,bipartite,0.00010730375,0,stack,0.00018332185661726433,0,stack,1,fan-out,0.8,1,gather-scatter,0.6,1,gather-scatter,0.6,1,gather-scatter,0.8,1,gather-scatter,0.8,1,gather-scatter,0.8,1,gather-scatter,0.8
amlc_01600,LI-Small,0,legit,1136.4420289855072,0.00044191009015853006,0,bipartite,0.00036489143,0,bipartite,0.00040340074454472616,0,bipartite,1,fan-out,0.8,1,fan-out,0.6,1,gather-scatter,0.6,1,gather-scatter,0.6,1,scatter-gather,0.8,1,gather-scatter,0.8,1,gather-scatter,0.8
amlc_01601,LI-Small,1,unknown,1.0,0.007050505549939712,0,gather-scatter,0.013439566,0,gather-scatter,0.010245035257802525,0,gather-scatter,0,,0.5,0,,0.5,1,fan-out,0.8,1,gather-scatter,0.6,1,fan-out,0.8,0,,0.7,0,,0.5
amlc_01602,LI-Small,0,legit,1100.3590361445783,3.487997806324355e-05,0,bipartite,9.602541e-06,0,bipartite,2.2241259492651846e-05,0,bipartite,1,fan-out,0.8,1,fan-out,0.8,1,random,0.8,1,fan-out,0.8,1,random,0.8,1,gather-scatter,0.8,0,,0.7
amlc_01603,LI-Small,0,legit,1100.3590361445783,3.516924534545716e-05,0,bipartite,1.19672295e-05,0,bipartite,2.356823724650763e-05,0,bipartite,1,gather-scatter,0.6,0,cycle,0.7,1,gather-scatter,0.8,1,gather-scatter,0.8,1,gather-scatter,0.8,1,gather-scatter,0.8,1,gather-scatter,0.8
amlc_01604,LI-Small,0,legit,1103.0169082125603,3.557337617246665e-05,0,bipartite,2.3358069e-05,0,bipartite,2.9465722009661832e-05,0,bipartite,1,fan-out,0.6,1,gather-scatter,0.8,1,fan-out,0.6,1,gather-scatter,0.6,1,gather-scatter,0.8,1,gather-scatter,0.8,1,gather-scatter,0.8
amlc_01605,LI-Small,0,legit,1.0,0.018916321605333266,0,bipartite,0.08398612,0,bipartite,0.051451223000828716,0,bipartite,0,,0.7,0,,0.7,0,,0.7,1,gather-scatter,0.6,1,stack,0.8,0,,0.7,1,gather-scatter,0.8
amlc_01606,LI-Small,0,legit,1136.4420289855072,3.516924534545716e-05,0,bipartite,1.616278e-05,0,bipartite,2.5666012787695363e-05,0,bipartite,1,fan-out,0.6,1,stack,0.8,1,fan-out,0.8,1,gather-scatter,0.6,1,fan-out,0.8,1,fan-out,0.8,0,,0.5
amlc_01607,LI-Small,1,unknown,1.0,0.00623892699199725,0,fan-in,0.010774718,0,fan-in,0.00850682223597074,0,fan-in,1,fan-out,0.6,1,fan-out,0.6,1,fan-out,0.6,1,gather-scatter,0.6,1,fan-out,0.8,1,fan-out,0.8,1,gather-scatter,0.8
amlc_01608,LI-Small,0,legit,1103.0169082125603,0.000702078523151704,0,bipartite,0.0003766255,0,bipartite,0.0005393520167750012,0,bipartite,1,fan-out,0.8,1,scatter-gather,0.6,1,fan-out,0.6,1,gather-scatter,0.8,1,fan-out,0.8,1,gather-scatter,0.8,0,,0.5
amlc_01609,LI-Small,0,legit,1136.4420289855072,3.487997806324355e-05,0,bipartite,1.6345259e-05,0,bipartite,2.5612618199878893e-05,0,bipartite,1,gather-scatter,0.6,0,,0.7,1,gather-scatter,0.8,1,gather-scatter,0.8,1,gather-scatter,0.8,1,gather-scatter,0.8,1,gather-scatter,0.8
amlc_01610,LI-Small,0,legit,1103.0169082125603,0.0011532095350193226,0,gather-scatter,0.0044070836,0,gather-scatter,0.002780146435641609,0,gather-scatter,0,,0.5,0,,0.5,1,fan-out,0.8,1,fan-out,0.6,1,fan-out,0.8,1,fan-out,0.8,0,,0.5
amlc_01611,LI-Small,0,legit,1.0,0.1845768322710275,0,bipartite,0.008565931,0,bipartite,0.0965713810878038,0,bipartite,1,gather-scatter,0.6,1,fan-in,0.6,1,fan-in,0.6,1,gather-scatter,0.6,1,gather-scatter,0.8,1,gather-scatter,0.8,1,gather-scatter,0.8
amlc_01612,LI-Small,0,legit,1136.4420289855072,0.0009653840332082342,0,bipartite,0.005608139,0,bipartite,0.0032867617032851493,0,bipartite,1,fan-in,0.8,1,fan-in,0.6,1,gather-scatter,0.8,1,gather-scatter,0.6,1,fan-in,0.8,1,gather-scatter,0.8,1,gather-scatter,0.8
amlc_01613,LI-Small,0,legit,1100.3590361445783,3.557337617246665e-05,0,stack,8.633289e-05,0,stack,6.095313289773765e-05,0,stack,1,fan-out,0.6,1,fan-out,0.6,1,fan-out,0.6,1,gather-scatter,0.6,1,fan-out,0.8,1,fan-out,0.8,1,fan-out,0.8
amlc_01614,LI-Small,1,unknown,1.0,0.003974952755398643,0,bipartite,0.018137863,0,bipartite,0.01105640838942284,0,bipartite,1,fan-out,0.6,0,,0.7,0,,0.7,1,gather-scatter,0.6,1,gather-scatter,0.8,1,gather-scatter,0.8,1,gather-scatter,0.8
amlc_01615,LI-Small,1,unknown,1.0,0.0010582510325975293,0,fan-in,0.0017282047,0,fan-in,0.0013932278817478355,0,fan-in,1,fan-in,0.6,1,fan-in,0.6,1,fan-in,0.8,1,gather-scatter,0.6,1,fan-in,0.8,1,fan-in,0.8,1,fan-in,0.8
amlc_01616,LI-Small,0,legit,1100.3590361445783,7.103854330567265e-05,0,bipartite,5.4704997e-05,0,bipartite,6.28717692892933e-05,0,bipartite,1,fan-out,0.6,1,scatter-gather,0.6,1,fan-out,0.6,1,gather-scatter,0.8,1,fan-out,0.8,1,gather-scatter,0.8,1,gather-scatter,0.8
amlc_01617,LI-Small,0,legit,1136.4420289855072,0.0007584331390877172,0,bipartite,0.00062774314,0,bipartite,0.0006930881329561077,0,bipartite,1,fan-out,0.6,1,fan-out,0.8,1,scatter-gather,0.8,1,gather-scatter,0.6,1,fan-out,0.8,1,gather-scatter,0.8,1,scatter-gather,0.8
amlc_01618,LI-Small,0,legit,1100.3590361445783,3.516924534545716e-05,0,bipartite,2.5083824e-05,0,bipartite,3.0126534237495943e-05,0,bipartite,1,fan-out,0.6,1,fan-out,0.6,1,fan-out,0.8,1,gather-scatter,0.6,1,fan-out,0.8,1,fan-out,0.8,1,scatter-gather,0.8
amlc_01619,LI-Small,0,legit,1.0,0.6243025506382465,1,bipartite,0.61093426,1,bipartite,0.6176184100332499,1,bipartite,1,random,0.8,1,random,0.8,1,random,0.8,1,gather-scatter,0.6,1,fan-in,0.8,1,scatter-gather,0.8,1,fan-in,0.8
amlc_01620,LI-Small,0,legit,1.0,0.44400353162455347,0,bipartite,0.36277768,0,bipartite,0.40339060887181655,0,bipartite,0,cycle,0.7,0,,0.7,0,,0.7,1,stack,0.8,1,stack,0.8,0,,0.7,0,,0.7
amlc_01621,LI-Small,0,legit,1136.4420289855072,3.557337617246665e-05,0,bipartite,3.9682498e-05,0,bipartite,3.762793782738153e-05,0,bipartite,1,fan-out,0.6,1,fan-out,0.6,1,fan-out,0.8,1,gather-scatter,0.6,1,fan-out,0.8,1,fan-out,0.8,0,,0.5
amlc_01622,LI-Small,0,legit,1103.0169082125603,3.557337617246665e-05,0,bipartite,3.3545162e-05,0,bipartite,3.4559270143689345e-05,0,bipartite,1,fan-out,0.6,1,fan-out,0.6,1,fan-out,0.8,1,gather-scatter,0.8,1,fan-out,0.8,0,,0.7,0,,0.5
amlc_01623,LI-Small,0,legit,1136.4420289855072,3.557337617246665e-05,0,bipartite,4.8037386e-05,0,bipartite,4.180538014264893e-05,0,bipartite,1,fan-out,0.6,1,gather-scatter,0.6,1,gather-scatter,0.8,1,gather-scatter,0.6,1,gather-scatter,0.8,1,gather-scatter,0.8,1,gather-scatter,0.8
amlc_01624,LI-Small,1,unknown,1.0,0.005410692810675681,0,bipartite,0.036554843,0,stack,0.02098276688141683,0,stack,1,random,0.8,1,fan-out,0.8,1,gather-scatter,0.8,1,gather-scatter,0.6,1,gather-scatter,0.8,1,gather-scatter,0.8,1,random,0.8
amlc_01625,LI-Small,0,legit,1.0,0.19191144289687348,0,bipartite,0.020853002,0,bipartite,0.10638222170181608,0,bipartite,0,,0.7,0,,0.7,0,,0.7,1,bipartite,0.8,0,,0.7,1,bipartite,0.8,1,bipartite,0.8
amlc_01626,LI-Small,1,unknown,1.0,0.015397277641833962,0,bipartite,0.008363245,0,bipartite,0.01188026102249381,0,bipartite,1,gather-scatter,0.8,1,scatter-gather,0.6,1,random,0.8,1,gather-scatter,0.6,1,scatter-gather,0.8,1,gather-scatter,0.8,1,gather-scatter,0.8
amlc_01627,LI-Small,0,legit,1.0,0.0031729080985878483,0,bipartite,0.0047337255,0,bipartite,0.003953316844609607,0,bipartite,0,,0.7,0,,0.7,0,,0.7,1,gather-scatter,0.6,0,,0.7,1,stack,0.8,0,,0.7
amlc_01628,LI-Small,0,legit,1103.0169082125603,3.5626204102236333e-05,0,bipartite,2.8442362e-05,0,bipartite,3.203428262346728e-05,0,bipartite,1,fan-out,0.6,1,fan-out,0.6,1,gather-scatter,0.8,1,gather-scatter,0.6,1,gather-scatter,0.8,1,gather-scatter,0.8,1,gather-scatter,0.8
amlc_01629,LI-Small,0,legit,1100.3590361445783,3.495786391042681e-05,0,bipartite,5.0666178e-05,0,bipartite,4.281202211665244e-05,0,bipartite,1,gather-scatter,0.6,1,stack,0.8,0,,0.7,1,gather-scatter,0.6,1,gather-scatter,0.8,1,gather-scatter,0.8,1,gather-scatter,0.8
amlc_01630,LI-Small,0,legit,1.0,0.015385832156666002,0,bipartite,0.037638683,0,bipartite,0.02651225676930342,0,bipartite,1,fan-in,0.8,1,scatter-gather,0.6,1,gather-scatter,0.8,1,gather-scatter,0.6,1,fan-in,0.8,1,gather-scatter,0.8,1,fan-in,0.8
amlc_01631,LI-Small,0,legit,1136.4420289855072,3.571453773669397e-05,0,bipartite,0.00012186632,0,bipartite,7.879042710653255e-05,0,bipartite,1,fan-out,0.8,1,fan-out,0.6,1,scatter-gather,0.8,1,gather-scatter,0.6,1,gather-scatter,0.8,1,gather-scatter,0.8,1,gather-scatter,0.8
amlc_01632,LI-Small,1,unknown,1.0,0.0003166475726179778,0,bipartite,0.00066713896,0,fan-out,0.0004918932529110461,0,fan-out,1,fan-out,0.6,1,fan-out,0.6,1,fan-out,0.8,1,gather-scatter,0.6,1,fan-out,0.8,1,fan-out,0.8,0,,0.5
amlc_01633,LI-Small,0,legit,1.0,0.9240675728622355,1,bipartite,0.8365773,1,bipartite,0.8803224584014853,1,bipartite,1,fan-in,0.8,1,stack,0.8,0,,0.7,1,gather-scatter,0.8,1,fan-in,0.8,1,fan-in,0.8,1,fan-in,0.8
amlc_01634,LI-Small,0,legit,1100.3590361445783,3.557337617246665e-05,0,bipartite,5.530632e-05,0,bipartite,4.543984502601087e-05,0,bipartite,1,fan-out,0.6,1,gather-scatter,0.6,1,fan-out,0.8,1,gather-scatter,0.8,1,fan-out,0.8,1,gather-scatter,0.8,1,gather-scatter,0.8
amlc_01635,LI-Small,1,unknown,1.0,0.005423184602112774,0,bipartite,0.011730278,0,bipartite,0.00857673134960294,0,bipartite,1,fan-out,0.8,1,gather-scatter,0.8,1,random,0.8,1,gather-scatter,0.6,1,fan-out,0.8,1,gather-scatter,0.8,1,gather-scatter,0.8
amlc_01636,LI-Small,0,legit,1.0,0.6156909496684311,1,bipartite,0.69651556,1,bipartite,0.6561032608697532,1,bipartite,1,gather-scatter,0.6,0,,0.7,0,,0.7,1,gather-scatter,0.6,1,fan-in,0.8,1,gather-scatter,0.8,1,scatter-gather,0.8
amlc_01637,LI-Small,0,legit,1.0,0.8713700815112565,1,bipartite,0.7531127,1,bipartite,0.8122413657144296,1,bipartite,1,gather-scatter,0.6,1,gather-scatter,0.6,1,fan-in,0.6,1,fan-in,0.6,1,fan-in,0.8,1,gather-scatter,0.8,1,fan-in,0.8
amlc_01638,LI-Small,0,legit,1100.3590361445783,3.516924534545716e-05,0,bipartite,2.0914767e-05,0,bipartite,2.8042006214235297e-05,0,bipartite,1,scatter-gather,0.6,1,gather-scatter,0.6,1,gather-scatter,0.8,1,gather-scatter,0.8,1,gather-scatter,0.8,1,gather-scatter,0.8,1,gather-scatter,0.8
amlc_01639,LI-Small,1,unknown,1.0,0.010190289141916881,0,bipartite,0.044082727,0,fan-out,0.027136507840049097,0,fan-out,0,,0.5,0,,0.5,1,fan-out,0.8,1,gather-scatter,0.6,1,fan-out,0.8,0,,0.7,0,,0.5
amlc_01640,LI-Small,0,legit,1100.3590361445783,3.557337617246665e-05,0,bipartite,3.825673e-05,0,stack,3.6915053324663304e-05,0,stack,1,fan-out,0.6,1,fan-out,0.8,1,fan-out,0.8,1,fan-out,0.6,1,fan-out,0.8,1,fan-out,0.8,1,fan-out,0.8
amlc_01641,LI-Small,0,legit,1103.0169082125603,0.001981101781751425,0,bipartite,0.00048315115,0,bipartite,0.0012321264847030048,0,bipartite,1,fan-out,0.6,1,fan-out,0.6,1,fan-out,0.6,1,gather-scatter,0.8,1,scatter-gather,0.8,1,gather-scatter,0.8,0,,0.5
amlc_01642,LI-Small,0,legit,1100.3590361445783,5.6972302636312985e-05,0,bipartite,5.0664916e-05,0,bipartite,5.381860847128309e-05,0,bipartite,1,fan-out,0.6,1,fan-out,0.6,1,gather-scatter,0.8,1,random,0.8,1,gather-scatter,0.8,1,fan-out,0.8,0,,0.5
amlc_01643,LI-Small,1,unknown,1.0,0.00786331990802926,0,bipartite,0.0470103,0,bipartite,0.027436808990660522,0,bipartite,1,gather-scatter,0.6,1,gather-scatter,0.6,0,,0.7,1,gather-scatter,0.6,1,gather-scatter,0.8,1,gather-scatter,0.8,1,gather-scatter,0.8
amlc_01644,LI-Small,0,legit,1136.4420289855072,0.00011449569187506637,0,bipartite,5.522325e-05,0,bipartite,8.485946807327017e-05,0,bipartite,1,fan-out,0.8,1,gather-scatter,0.6,1,gather-scatter,0.6,1,gather-scatter,0.6,1,gather-scatter,0.8,0,,0.7,0,,0.5
amlc_01645,LI-Small,0,legit,1136.4420289855072,3.526862127697342e-05,0,bipartite,4.0337138e-05,0,stack,3.780287988304749e-05,0,stack,1,fan-out,0.8,1,fan-out,0.6,1,fan-out,0.6,1,gather-scatter,0.8,1,fan-out,0.8,1,gather-scatter,0.8,1,fan-out,0.8
amlc_01646,LI-Small,0,legit,1.0,0.5283394975680352,1,random,0.48968711,1,bipartite,0.5090133092412472,1,bipartite,1,fan-out,0.6,1,fan-out,0.6,1,gather-scatter,0.8,1,gather-scatter,0.8,1,fan-out,0.8,1,gather-scatter,0.8,1,gather-scatter,0.8
amlc_01647,LI-Small,0,legit,1103.0169082125603,0.001024695376761492,0,bipartite,0.00087267254,0,bipartite,0.0009486839619410464,0,bipartite,1,fan-out,0.8,1,fan-out,0.6,1,scatter-gather,0.6,1,gather-scatter,0.6,1,fan-out,0.8,1,fan-out,0.8,0,,0.5
amlc_01648,LI-Small,0,legit,1103.0169082125603,3.557337617246665e-05,0,bipartite,3.0773597e-05,0,bipartite,3.3173487800412106e-05,0,bipartite,1,fan-out,0.6,1,fan-out,0.6,1,fan-out,0.8,1,gather-scatter,0.6,1,fan-out,0.8,1,fan-out,0.8,0,,0.5
amlc_01649,LI-Small,0,legit,1103.0169082125603,0.001440422118681123,0,bipartite,0.00035952165,0,bipartite,0.0008999718867906433,0,bipartite,1,fan-out,0.6,1,gather-scatter,0.6,1,gather-scatter,0.8,1,gather-scatter,0.6,1,gather-scatter,0.8,1,gather-scatter,0.8,1,gather-scatter,0.8
amlc_01650,LI-Small,0,legit,1136.4420289855072,3.526862127697342e-05,0,stack,4.0449097e-05,0,stack,3.785885928194162e-05,0,stack,1,fan-out,0.6,1,scatter-gather,0.6,1,fan-out,0.6,1,gather-scatter,0.8,1,gather-scatter,0.8,1,gather-scatter,0.8,1,gather-scatter,0.8
amlc_01651,LI-Small,0,legit,1136.4420289855072,0.0008166031078840539,0,bipartite,0.00021251381,0,bipartite,0.0005145584631448113,0,bipartite,1,fan-out,0.6,1,fan-out,0.6,1,fan-out,0.6,1,gather-scatter,0.8,1,fan-out,0.8,1,fan-out,0.8,1,gather-scatter,0.8
amlc_01652,LI-Small,0,legit,1103.0169082125603,0.0020500592313083786,0,bipartite,0.0002304822,0,bipartite,0.0011402707157927082,0,bipartite,1,fan-out,0.6,1,fan-out,0.8,1,fan-out,0.8,1,gather-scatter,0.6,1,gather-scatter,0.8,1,gather-scatter,0.8,1,gather-scatter,0.8
amlc_01653,LI-Small,0,legit,1136.4420289855072,0.0011994667211303101,0,bipartite,0.00023234633,0,bipartite,0.0007159065283363492,0,bipartite,1,gather-scatter,0.6,1,fan-out,0.6,1,gather-scatter,0.8,1,gather-scatter,0.6,1,gather-scatter,0.8,1,gather-scatter,0.8,1,gather-scatter,0.8
amlc_01654,LI-Small,0,legit,1103.0169082125603,0.00039824127506603725,0,bipartite,0.00023541864,0,bipartite,0.0003168299665937631,0,bipartite,1,fan-out,0.6,1,gather-scatter,0.6,1,fan-out,0.8,1,gather-scatter,0.8,1,fan-out,0.8,1,random,0.8,1,gather-scatter,0.8
amlc_01655,LI-Small,0,legit,1136.4420289855072,0.0005258803321602101,0,stack,0.0002178882,0,stack,0.00037188426687355614,0,stack,1,gather-scatter,0.6,1,gather-scatter,0.6,1,gather-scatter,0.8,1,gather-scatter,0.6,1,gather-scatter,0.8,1,gather-scatter,0.8,1,gather-scatter,0.8
amlc_01656,LI-Small,0,legit,1103.0169082125603,0.000680220064594524,0,bipartite,0.00032668756,0,bipartite,0.000503453819723391,0,bipartite,1,fan-out,0.6,1,gather-scatter,0.6,1,fan-out,0.6,1,gather-scatter,0.6,1,fan-out,0.8,1,fan-out,0.8,1,fan-out,0.8
amlc_01657,LI-Small,0,legit,1103.0169082125603,0.000980545298075626,0,bipartite,0.00033983088,0,bipartite,0.0006601880901122216,0,bipartite,1,fan-out,0.8,1,fan-out,0.6,1,fan-out,0.8,1,random,0.8,1,fan-out,0.8,1,fan-out,0.8,0,,0.5
amlc_01658,LI-Small,0,legit,1103.0169082125603,0.002116165156268348,0,bipartite,0.00029471223,0,bipartite,0.001205438682705546,0,bipartite,1,fan-out,0.6,1,fan-out,0.8,1,gather-scatter,0.8,1,gather-scatter,0.8,1,gather-scatter,0.8,1,gather-scatter,0.8,1,gather-scatter,0.8
amlc_01659,LI-Small,0,legit,1100.3590361445783,3.516924534545716e-05,0,fan-in,2.073326e-05,0,bipartite,2.795125337681253e-05,0,fan-in,1,fan-out,0.6,1,gather-scatter,0.6,1,stack,0.8,1,cycle,0.8,1,fan-out,0.8,1,gather-scatter,0.8,1,gather-scatter,0.8
amlc_01660,LI-Small,0,legit,1136.4420289855072,3.557337617246665e-05,0,bipartite,3.4584307e-05,0,bipartite,3.507884154754574e-05,0,bipartite,1,cycle,0.8,1,gather-scatter,0.6,1,random,0.8,1,gather-scatter,0.8,1,gather-scatter,0.8,0,,0.7,1,stack,0.8
amlc_01661,LI-Small,0,legit,1103.0169082125603,0.0008925319474196069,0,bipartite,0.0003432978,0,bipartite,0.0006179148767611947,0,bipartite,1,fan-out,0.6,1,fan-out,0.6,1,scatter-gather,0.6,1,gather-scatter,0.8,1,gather-scatter,0.8,1,gather-scatter,0.8,1,gather-scatter,0.8
amlc_01662,LI-Small,0,legit,1136.4420289855072,0.00018255188178402233,0,bipartite,0.00023688823,0,bipartite,0.0002097200529051053,0,bipartite,1,fan-in,0.6,1,fan-in,0.8,1,fan-in,0.8,1,gather-scatter,0.8,1,fan-in,0.8,1,fan-in,0.8,1,fan-in,0.8
amlc_01663,LI-Small,0,legit,1103.0169082125603,0.001345435278173758,0,bipartite,0.00032463556,0,bipartite,0.0008350354117156184,0,bipartite,1,scatter-gather,0.6,1,gather-scatter,0.6,1,scatter-gather,0.8,1,gather-scatter,0.8,1,gather-scatter,0.8,1,gather-scatter,0.8,1,gather-scatter,0.8
amlc_01664,LI-Small,1,unknown,1.0,0.019039897519558223,0,bipartite,0.032891255,0,bipartite,0.025965576195820943,0,bipartite,1,fan-in,0.6,1,gather-scatter,0.6,1,fan-in,0.6,1,gather-scatter,0.8,1,fan-in,0.8,1,fan-in,0.8,1,fan-in,0.8
amlc_01665,LI-Small,0,legit,1136.4420289855072,0.001240784773933515,0,bipartite,0.00015088866,0,bipartite,0.0006958367172534577,0,bipartite,1,fan-out,0.6,1,fan-out,0.6,1,scatter-gather,0.6,1,gather-scatter,0.8,1,gather-scatter,0.8,1,gather-scatter,0.8,1,gather-scatter,0.8
amlc_01666,LI-Small,0,legit,1100.3590361445783,3.516924534545716e-05,0,bipartite,2.0343212e-05,0,bipartite,2.7756228790820897e-05,0,bipartite,1,fan-out,0.6,1,fan-out,0.6,1,gather-scatter,0.8,1,gather-scatter,0.6,1,gather-scatter,0.8,1,gather-scatter,0.8,1,gather-scatter,0.8
amlc_01667,LI-Small,0,legit,1136.4420289855072,0.0007979916181934381,0,bipartite,0.00020962302,0,bipartite,0.0005038073143948492,0,bipartite,1,fan-out,0.6,1,fan-out,0.6,1,fan-out,0.6,1,gather-scatter,0.8,1,fan-out,0.8,1,gather-scatter,0.8,1,scatter-gather,0.8
amlc_01668,LI-Small,0,legit,1136.4420289855072,0.0008769016719703023,0,stack,0.00042529023,0,stack,0.0006510959563218253,0,stack,1,fan-out,0.6,1,fan-out,0.6,1,fan-out,0.8,1,gather-scatter,0.8,1,gather-scatter,0.8,1,gather-scatter,0.8,1,gather-scatter,0.8
amlc_01669,LI-Small,0,legit,1136.4420289855072,0.0005751587186173816,0,bipartite,0.0003534501,0,bipartite,0.0004643044054940018,0,bipartite,1,fan-out,0.6,1,fan-out,0.6,1,scatter-gather,0.8,1,gather-scatter,0.6,1,gather-scatter,0.8,1,gather-scatter,0.8,1,fan-out,0.8
amlc_01670,LI-Small,0,legit,1100.3590361445783,0.0003659541811487252,0,bipartite,0.00025655207,0,bipartite,0.0003112531226207775,0,bipartite,1,fan-out,0.8,1,fan-out,0.6,1,fan-out,0.6,1,gather-scatter,0.8,1,scatter-gather,0.8,1,gather-scatter,0.8,1,scatter-gather,0.8
amlc_01671,LI-Small,0,legit,1100.3590361445783,3.557337617246665e-05,0,bipartite,5.1159062e-05,0,bipartite,4.336622075283084e-05,0,bipartite,1,fan-out,0.8,1,scatter-gather,0.8,1,gather-scatter,0.8,1,gather-scatter,0.8,1,stack,0.8,1,gather-scatter,0.8,1,gather-scatter,0.8
amlc_01672,LI-Small,0,legit,1.0,0.4325187876732303,0,stack,0.3954666,0,bipartite,0.41399268582021964,0,stack,1,fan-out,0.6,0,,0.7,1,fan-out,0.8,1,gather-scatter,0.6,1,gather-scatter,0.8,0,,0.7,1,gather-scatter,0.8
amlc_01673,LI-Small,0,legit,1136.4420289855072,0.0012429453627843486,0,bipartite,0.00016118806,0,bipartite,0.0007020667161994652,0,bipartite,1,scatter-gather,0.8,1,scatter-gather,0.8,1,gather-scatter,0.8,1,gather-scatter,0.6,1,gather-scatter,0.8,1,gather-scatter,0.8,1,gather-scatter,0.8
amlc_01674,LI-Small,0,legit,1100.3590361445783,0.00037882780254705077,0,bipartite,0.00019814078,0,bipartite,0.00028848429620907743,0,bipartite,1,fan-out,0.6,1,fan-out,0.6,1,fan-out,0.8,1,gather-scatter,0.8,1,gather-scatter,0.8,1,gather-scatter,0.8,1,gather-scatter,0.8
amlc_01675,LI-Small,0,legit,1136.4420289855072,0.0008843898999329382,0,bipartite,0.0003103632,0,bipartite,0.000597376559409858,0,bipartite,1,fan-out,0.8,1,scatter-gather,0.6,1,gather-scatter,0.8,1,gather-scatter,0.8,1,gather-scatter,0.8,1,gather-scatter,0.8,1,gather-scatter,0.8
amlc_01676,LI-Small,0,legit,1100.3590361445783,0.0001587071527888801,0,bipartite,0.00024522317,0,bipartite,0.00020196515756769982,0,bipartite,1,fan-out,0.6,1,fan-out,0.8,1,fan-out,0.8,1,gather-scatter,0.6,1,scatter-gather,0.8,1,gather-scatter,0.8,1,gather-scatter,0.8
amlc_01677,LI-Small,0,legit,1100.3590361445783,0.00027404223411877293,0,bipartite,0.0002017564,0,bipartite,0.0002378993153412483,0,bipartite,1,fan-out,0.6,1,scatter-gather,0.8,1,fan-out,0.8,1,gather-scatter,0.6,1,gather-scatter,0.8,0,,0.7,1,gather-scatter,0.8
amlc_01678,LI-Small,0,legit,1136.4420289855072,0.0021732980172118597,0,bipartite,0.001643464,0,bipartite,0.0019083810281458522,0,bipartite,1,fan-out,0.8,1,scatter-gather,0.6,0,,0.7,1,gather-scatter,0.6,1,gather-scatter,0.8,1,fan-out,0.8,1,gather-scatter,0.8
amlc_01679,LI-Small,0,legit,1103.0169082125603,0.0011314052178079358,0,fan-out,0.0003161957,0,bipartite,0.0007238004629044842,0,fan-out,1,gather-scatter,0.6,1,fan-in,0.6,1,random,0.8,1,gather-scatter,0.8,1,gather-scatter,0.8,1,gather-scatter,0.8,1,gather-scatter,0.8
amlc_01680,LI-Small,0,legit,1136.4420289855072,0.0007241911780060149,0,fan-out,0.0013341344,0,bipartite,0.0010291627521612156,0,fan-out,1,random,0.8,0,random,0.7,1,random,0.8,1,gather-scatter,0.6,1,fan-out,0.8,0,,0.7,0,,0.7
amlc_01681,LI-Small,0,legit,1.0,0.35740493082104463,0,stack,0.4510715,0,stack,0.40423820089846024,0,stack,1,cycle,0.8,1,random,0.8,1,random,0.8,1,gather-scatter,0.6,0,,0.7,1,cycle,0.8,1,gather-scatter,0.8
amlc_01682,LI-Small,0,legit,1136.4420289855072,0.00011439237113617003,0,bipartite,5.2893807e-05,0,bipartite,8.364308914364602e-05,0,bipartite,1,fan-out,0.8,1,cycle,0.8,1,fan-out,0.8,1,gather-scatter,0.8,1,fan-out,0.8,1,fan-out,0.8,1,fan-out,0.8
amlc_01683,LI-Small,0,legit,1.0,0.0943697215221868,0,bipartite,0.30645055,0,bipartite,0.20041012918465068,0,bipartite,1,gather-scatter,0.8,1,fan-out,0.6,1,gather-scatter,0.8,1,gather-scatter,0.6,1,gather-scatter,0.8,1,gather-scatter,0.8,1,gather-scatter,0.8
amlc_01684,LI-Small,0,legit,1100.3590361445783,3.516924534545716e-05,0,bipartite,1.9138646e-05,0,bipartite,2.715394521030117e-05,0,bipartite,1,fan-out,0.6,1,stack,0.8,1,fan-out,0.6,1,gather-scatter,0.8,1,fan-out,0.8,1,fan-out,0.8,0,,0.5
amlc_01685,LI-Small,0,legit,1.0,0.017621930931505526,0,bipartite,0.019513307,0,stack,0.018567618849126978,0,stack,1,fan-in,0.6,1,fan-in,0.6,1,fan-in,0.8,1,gather-scatter,0.6,1,fan-in,0.8,1,fan-in,0.8,1,fan-in,0.8
amlc_01686,LI-Small,0,legit,1100.3590361445783,3.487997806324355e-05,0,bipartite,2.0706026e-05,0,bipartite,2.7793002235333957e-05,0,bipartite,1,fan-out,0.6,1,scatter-gather,0.8,1,scatter-gather,0.8,1,gather-scatter,0.8,1,gather-scatter,0.8,1,gather-scatter,0.8,1,gather-scatter,0.8
amlc_01687,LI-Small,1,unknown,1.0,0.0006626992627078181,0,fan-out,0.011696354,0,bipartite,0.00617952612931996,0,fan-out,0,,0.5,0,,0.5,1,fan-out,0.8,1,gather-scatter,0.8,1,fan-out,0.8,0,,0.7,0,,0.5
amlc_01688,LI-Small,1,unknown,1.0,0.002149074632005991,0,fan-in,0.02388845,0,fan-in,0.01301876237396255,0,fan-in,1,fan-out,0.6,1,scatter-gather,0.8,1,fan-out,0.8,1,gather-scatter,0.6,1,fan-out,0.8,1,gather-scatter,0.8,1,gather-scatter,0.8
amlc_01689,LI-Small,1,unknown,1.0,0.005153232567677307,0,bipartite,0.03965175,0,bipartite,0.022402491856698896,0,bipartite,1,fan-out,0.6,1,stack,0.8,1,fan-out,0.6,1,gather-scatter,0.6,1,gather-scatter,0.8,1,gather-scatter,0.8,1,gather-scatter,0.8
amlc_01690,LI-Small,1,unknown,1.0,0.016491490866594554,0,bipartite,0.013243715,0,bipartite,0.014867603165831685,0,bipartite,1,fan-out,0.6,1,fan-out,0.6,1,fan-out,0.8,1,fan-out,0.8,1,gather-scatter,0.8,1,gather-scatter,0.8,1,fan-out,0.8
amlc_01691,LI-Small,1,unknown,1.0,0.008080194797317058,0,fan-in,0.0074220756,0,fan-in,0.007751134969269172,0,fan-in,1,fan-in,0.6,1,fan-in,0.6,1,fan-in,0.6,1,gather-scatter,0.6,1,fan-in,0.8,1,fan-in,0.8,1,fan-in,0.8
amlc_01692,LI-Small,1,unknown,1.0,0.0006966570814401554,0,bipartite,0.008141785,0,fan-out,0.004419220911957356,0,fan-out,1,fan-out,0.6,1,fan-out,0.6,1,fan-out,0.8,1,random,0.8,1,fan-out,0.8,1,fan-out,0.8,0,,0.5
amlc_01693,LI-Small,0,legit,1136.4420289855072,3.557337617246665e-05,0,bipartite,3.153325e-05,0,bipartite,3.355331461574532e-05,0,bipartite,1,fan-out,0.6,1,fan-out,0.6,1,gather-scatter,0.8,1,gather-scatter,0.6,1,fan-out,0.8,0,,0.7,0,,0.5
amlc_01694,LI-Small,0,legit,1136.4420289855072,3.526862127697342e-05,0,bipartite,3.4646197e-05,0,bipartite,3.495740929322906e-05,0,bipartite,1,fan-out,0.6,1,fan-out,0.6,1,fan-out,0.6,1,gather-scatter,0.6,1,fan-out,0.8,1,fan-out,0.8,1,gather-scatter,0.8
amlc_01695,LI-Small,0,legit,1.0,0.011322303242032932,0,bipartite,0.041139036,0,bipartite,0.026230670202049222,0,bipartite,1,gather-scatter,0.6,1,fan-in,0.8,1,gather-scatter,0.8,1,gather-scatter,0.6,1,fan-in,0.8,1,gather-scatter,0.8,1,gather-scatter,0.8
amlc_01696,LI-Small,0,legit,1100.3590361445783,0.0006723130031879111,0,bipartite,0.0011488397,0,bipartite,0.0009105763644175164,0,bipartite,1,fan-out,0.6,1,fan-out,0.6,1,fan-out,0.8,1,gather-scatter,0.8,1,gather-scatter,0.8,1,gather-scatter,0.8,1,scatter-gather,0.8
amlc_01697,LI-Small,0,legit,1.0,0.003857116765637808,0,bipartite,0.016432494,0,bipartite,0.010144805065969435,0,bipartite,1,fan-out,0.6,1,gather-scatter,0.6,1,gather-scatter,0.8,1,gather-scatter,0.6,1,gather-scatter,0.8,1,gather-scatter,0.8,1,gather-scatter,0.8
amlc_01698,LI-Small,1,unknown,1.0,0.01681101299554226,0,fan-in,0.013942438,0,fan-in,0.015376725772917854,0,fan-in,1,fan-out,0.6,1,scatter-gather,0.6,1,fan-out,0.6,1,gather-scatter,0.6,1,fan-out,0.8,1,scatter-gather,0.8,1,gather-scatter,0.8
amlc_01699,LI-Small,1,cycle,1.0,0.9311215881570233,1,cycle,0.9459823,1,cycle,0.9385519506565757,1,cycle,1,scatter-gather,0.8,1,fan-out,0.6,0,,0.7,1,gather-scatter,0.6,1,gather-scatter,0.8,1,gather-scatter,0.8,1,gather-scatter,0.8
amlc_01700,LI-Small,1,cycle,1.0,0.9532496256749216,1,random,0.9751074,1,cycle,0.9641785225828678,1,cycle,1,gather-scatter,0.8,1,fan-out,0.8,1,scatter-gather,0.8,1,gather-scatter,0.6,1,fan-out,0.8,1,gather-scatter,0.8,1,gather-scatter,0.8
amlc_01701,LI-Small,1,cycle,1.0,0.949235225532387,1,random,0.97417915,1,cycle,0.9617071930636637,1,cycle,1,fan-out,0.6,0,,0.7,1,scatter-gather,0.6,1,gather-scatter,0.6,1,gather-scatter,0.8,0,,0.7,1,scatter-gather,0.8
amlc_01702,LI-Small,1,cycle,1.0,0.942088533941036,1,random,0.9775709,1,cycle,0.9598297007397442,1,cycle,1,fan-out,0.6,1,fan-out,0.6,1,fan-out,0.8,1,gather-scatter,0.6,1,fan-out,0.8,1,gather-scatter,0.8,1,gather-scatter,0.8
amlc_01703,LI-Small,1,unknown,1.0,0.0010817842605008582,0,fan-out,0.014596278,0,fan-out,0.0078390307747967,0,fan-out,0,,0.5,0,,0.5,1,fan-out,0.6,1,random,0.8,1,fan-out,0.8,1,fan-out,0.8,0,,0.5
amlc_01704,LI-Small,1,unknown,1.0,0.0004448860402291916,0,bipartite,0.0017263668,0,fan-out,0.0010856263797301004,0,fan-out,0,,0.5,0,,0.5,1,fan-out,0.6,1,gather-scatter,0.8,1,fan-out,0.8,0,,0.7,0,,0.5
amlc_01705,LI-Small,0,legit,1.0,0.3681468400112082,0,stack,0.32030836,0,stack,0.34422758980350143,0,stack,1,fan-out,0.6,1,fan-out,0.6,1,stack,0.8,1,gather-scatter,0.6,1,random,0.8,1,gather-scatter,0.8,1,gather-scatter,0.8
amlc_01706,LI-Small,1,unknown,1.0,0.020810095979929256,0,bipartite,0.014744734,0,bipartite,0.017777415465146447,0,bipartite,1,fan-out,0.6,1,stack,0.8,1,fan-out,0.6,1,gather-scatter,0.8,1,gather-scatter,0.8,1,scatter-gather,0.8,1,gather-scatter,0.8
amlc_01707,LI-Small,1,unknown,1.0,0.004169251527892009,0,bipartite,0.02051586,0,bipartite,0.01234255467554254,0,bipartite,1,gather-scatter,0.6,1,fan-in,0.6,1,gather-scatter,0.8,1,gather-scatter,0.6,1,fan-in,0.8,1,gather-scatter,0.8,1,gather-scatter,0.8
amlc_01708,LI-Small,0,legit,1100.3590361445783,3.516924534545716e-05,0,bipartite,1.22077345e-05,0,bipartite,2.3688489544582403e-05,0,bipartite,1,fan-out,0.8,1,fan-out,0.8,1,fan-out,0.8,1,gather-scatter,0.8,1,scatter-gather,0.8,1,scatter-gather,0.8,1,scatter-gather,0.8
amlc_01709,LI-Small,0,legit,1103.0169082125603,0.0011219645994502143,0,fan-in,0.008889704,0,fan-in,0.005005834398547701,0,fan-in,1,fan-in,0.6,1,fan-in,0.6,1,fan-in,0.8,1,gather-scatter,0.6,1,fan-in,0.8,1,fan-in,0.8,1,fan-in,0.8
amlc_01710,LI-Small,0,legit,1136.4420289855072,3.557337617246665e-05,0,bipartite,2.2876906e-05,0,bipartite,2.9225141197856276e-05,0,bipartite,1,fan-out,0.6,1,fan-out,0.6,1,fan-out,0.8,1,gather-scatter,0.8,1,scatter-gather,0.8,1,scatter-gather,0.8,1,gather-scatter,0.8
amlc_01711,LI-Small,1,unknown,1.0,0.0005907445622290434,0,fan-out,0.017174855,0,bipartite,0.0088827994390232,0,fan-out,1,fan-out,0.6,1,stack,0.8,1,fan-out,0.8,1,gather-scatter,0.6,1,fan-out,0.8,0,,0.7,0,,0.5
amlc_01712,LI-Small,0,legit,1136.4420289855072,3.516924534545716e-05,0,bipartite,2.2494674e-05,0,bipartite,2.883196002468918e-05,0,bipartite,1,cycle,0.8,1,gather-scatter,0.6,1,random,0.8,1,gather-scatter,0.8,1,gather-scatter,0.8,1,gather-scatter,0.8,1,gather-scatter,0.8
amlc_01713,LI-Small,1,unknown,1.0,0.020600032502841717,0,bipartite,0.03435229,0,bipartite,0.027476161007797602,0,bipartite,1,gather-scatter,0.6,0,stack,0.7,0,,0.7,1,gather-scatter,0.6,1,fan-out,0.8,1,gather-scatter,0.8,1,gather-scatter,0.8
amlc_01714,LI-Small,0,legit,1136.4420289855072,3.487997806324355e-05,0,bipartite,1.4691053e-05,0,bipartite,2.4785515987381627e-05,0,bipartite,1,fan-out,0.6,1,fan-out,0.8,0,,0.7,1,gather-scatter,0.8,1,random,0.8,1,stack,0.8,0,,0.7
amlc_01715,LI-Small,0,legit,1100.3590361445783,3.557337617246665e-05,0,bipartite,4.1335716e-05,0,bipartite,3.845454482001368e-05,0,bipartite,1,fan-out,0.6,1,gather-scatter,0.8,1,fan-out,0.8,1,gather-scatter,0.8,1,fan-out,0.8,1,scatter-gather,0.8,1,fan-out,0.8
amlc_01716,LI-Small,1,unknown,1.0,0.014085110377715218,0,bipartite,0.111513816,0,bipartite,0.06279946384402424,0,bipartite,1,gather-scatter,0.8,1,stack,0.8,1,random,0.8,1,gather-scatter,0.6,1,gather-scatter,0.8,1,gather-scatter,0.8,1,fan-in,0.8
amlc_01717,LI-Small,1,unknown,1.0,0.010250851211073558,0,fan-in,0.012829217,0,fan-in,0.011540033890367826,0,fan-in,1,fan-out,0.6,1,fan-out,0.6,1,random,0.8,1,gather-scatter,0.6,1,scatter-gather,0.8,1,scatter-gather,0.8,1,scatter-gather,0.8
amlc_01718,LI-Small,1,unknown,1.0,0.04468840677311042,0,fan-in,0.053316366,0,fan-in,0.04900238560522606,0,fan-in,1,gather-scatter,0.8,1,gather-scatter,0.6,1,gather-scatter,0.8,1,gather-scatter,0.6,1,gather-scatter,0.8,1,gather-scatter,0.8,1,gather-scatter,0.8
amlc_01719,LI-Small,1,unknown,1.0,0.0027614880087917255,0,fan-in,0.016025502,0,fan-in,0.009393494376686472,0,fan-in,1,gather-scatter,0.8,1,random,0.8,1,gather-scatter,0.8,1,gather-scatter,0.8,1,gather-scatter,0.8,1,gather-scatter,0.8,1,gather-scatter,0.8
amlc_01720,LI-Small,1,unknown,1.0,0.01856541941315287,0,bipartite,0.04528584,0,bipartite,0.03192562801018533,0,bipartite,1,stack,0.8,1,gather-scatter,0.6,0,cycle,0.7,1,gather-scatter,0.6,1,random,0.8,1,gather-scatter,0.8,0,,0.5
amlc_01721,LI-Small,1,unknown,1.0,0.06137216110968954,0,bipartite,0.074617915,0,bipartite,0.06799503537488165,0,bipartite,1,fan-out,0.6,1,gather-scatter,0.6,1,fan-out,0.8,1,gather-scatter,0.6,1,gather-scatter,0.8,1,gather-scatter,0.8,1,gather-scatter,0.8
amlc_01722,LI-Small,1,unknown,1.0,0.0018659247251611145,0,fan-in,0.01572298,0,fan-in,0.008794453282766599,0,fan-in,1,fan-in,0.6,1,fan-in,0.6,1,gather-scatter,0.8,1,gather-scatter,0.6,1,fan-in,0.8,1,gather-scatter,0.8,1,gather-scatter,0.8
amlc_01723,LI-Small,1,unknown,1.0,0.0016014835620835755,0,bipartite,0.024090733,0,bipartite,0.012846108191207812,0,bipartite,0,,0.5,0,,0.5,1,fan-out,0.6,1,fan-out,0.8,1,fan-out,0.8,1,fan-out,0.8,0,,0.5
amlc_01724,LI-Small,0,legit,1.0,0.45071487190943926,0,stack,0.46225482,0,bipartite,0.45648485602250677,0,stack,1,fan-out,0.6,1,fan-out,0.8,1,fan-out,0.8,1,random,0.8,1,fan-out,0.8,1,fan-out,0.8,1,fan-out,0.8
amlc_01725,LI-Small,1,unknown,1.0,0.014892938714456464,0,fan-in,0.010889643,0,fan-in,0.012891290420657347,0,fan-in,1,fan-out,0.6,1,fan-out,0.6,0,,0.7,1,gather-scatter,0.8,1,fan-out,0.8,1,gather-scatter,0.8,1,fan-out,0.8
amlc_01726,LI-Small,1,unknown,1.0,0.01418475353200529,0,bipartite,0.01236819,0,bipartite,0.013276471817142237,0,bipartite,1,scatter-gather,0.6,1,gather-scatter,0.6,1,fan-out,0.8,1,gather-scatter,0.6,1,gather-scatter,0.8,1,gather-scatter,0.8,1,gather-scatter,0.8
amlc_01727,LI-Small,0,legit,1.0,0.38406931525238136,0,stack,0.2528812,0,stack,0.31847525271657995,0,stack,1,fan-out,0.6,1,fan-out,0.6,1,fan-out,0.6,1,random,0.8,1,fan-out,0.8,1,fan-out,0.8,1,fan-out,0.8
amlc_01728,LI-Small,1,unknown,1.0,0.013067352048516445,0,bipartite,0.022850316,0,bipartite,0.01795883440572032,0,bipartite,1,fan-out,0.6,1,stack,0.8,1,fan-out,0.8,1,random,0.8,1,fan-out,0.8,0,gather-scatter,0.7,1,gather-scatter,0.8
amlc_01729,LI-Small,1,unknown,1.0,0.02499928144458478,0,fan-in,0.1086932,0,fan-in,0.06684623717190596,0,fan-in,1,fan-in,0.6,1,fan-in,0.6,1,fan-in,0.6,1,gather-scatter,0.6,1,fan-in,0.8,1,fan-in,0.8,1,fan-in,0.8
amlc_01730,LI-Small,0,legit,1103.0169082125603,3.557337617246665e-05,0,bipartite,2.1891476e-05,0,bipartite,2.8732425353553837e-05,0,bipartite,1,fan-out,0.8,1,scatter-gather,0.8,1,fan-out,0.8,1,gather-scatter,0.8,1,gather-scatter,0.8,1,gather-scatter,0.8,1,gather-scatter,0.8
amlc_01731,LI-Small,1,unknown,1.0,0.027132202401446835,0,fan-in,0.08257296,0,fan-in,0.05485257864727951,0,fan-in,1,fan-in,0.6,1,fan-in,0.6,1,fan-in,0.6,1,gather-scatter,0.6,1,fan-in,0.8,1,fan-in,0.8,1,fan-in,0.8
amlc_01732,LI-Small,0,legit,1136.4420289855072,3.557337617246665e-05,0,bipartite,3.5810182e-05,0,bipartite,3.569177967659779e-05,0,bipartite,1,fan-out,0.8,1,scatter-gather,0.8,1,fan-out,0.6,1,gather-scatter,0.8,1,gather-scatter,0.8,1,gather-scatter,0.8,1,gather-scatter,0.8
amlc_01733,LI-Small,1,unknown,1.0,0.013321242696942417,0,bipartite,0.078132264,0,stack,0.04572675350651221,0,stack,1,gather-scatter,0.6,1,fan-in,0.6,1,gather-scatter,0.6,1,gather-scatter,0.6,1,gather-scatter,0.8,1,gather-scatter,0.8,1,gather-scatter,0.8
amlc_01734,LI-Small,0,legit,1136.4420289855072,3.526862127697342e-05,0,bipartite,3.477642e-05,0,stack,3.502252183791839e-05,0,stack,1,fan-out,0.6,1,fan-in,0.6,0,,0.7,1,gather-scatter,0.8,1,gather-scatter,0.8,1,fan-out,0.8,1,gather-scatter,0.8
amlc_01735,LI-Small,0,legit,1100.3590361445783,0.0003679805746863684,0,fan-in,0.00036117955,0,cycle,0.0003645800646442498,0,fan-in,1,fan-out,0.6,1,fan-out,0.6,1,fan-out,0.6,1,gather-scatter,0.6,1,gather-scatter,0.8,1,gather-scatter,0.8,1,gather-scatter,0.8
amlc_01736,LI-Small,1,unknown,1.0,0.00042440671733035067,0,bipartite,0.0022775892,0,fan-out,0.001350998060211606,0,fan-out,1,fan-out,0.8,1,fan-out,0.6,1,scatter-gather,0.8,1,gather-scatter,0.6,1,fan-out,0.8,1,gather-scatter,0.8,0,,0.5
amlc_01737,LI-Small,0,legit,1103.0169082125603,0.014096613598537816,0,fan-in,0.016052475,0,fan-in,0.015074544771349615,0,fan-in,1,fan-in,0.8,1,gather-scatter,0.6,1,fan-in,0.6,1,gather-scatter,0.6,1,fan-in,0.8,1,scatter-gather,0.8,1,fan-in,0.8
amlc_01738,LI-Small,1,unknown,1.0,0.0059121503364363386,0,bipartite,0.017584104,0,bipartite,0.011748127865608488,0,bipartite,1,fan-out,0.8,1,gather-scatter,0.6,1,scatter-gather,0.8,1,gather-scatter,0.8,1,gather-scatter,0.8,1,gather-scatter,0.8,1,gather-scatter,0.8
amlc_01739,LI-Small,1,unknown,1.0,0.031021512173738712,0,fan-in,0.015223458,0,fan-in,0.023122485570920823,0,fan-in,1,fan-in,0.6,1,gather-scatter,0.8,1,fan-in,0.8,1,gather-scatter,0.6,1,gather-scatter,0.8,1,gather-scatter,0.8,1,gather-scatter,0.8
amlc_01740,LI-Small,0,legit,1100.3590361445783,3.516924534545716e-05,0,bipartite,1.646319e-05,0,bipartite,2.5816217656682565e-05,0,bipartite,1,fan-out,0.6,1,fan-out,0.6,1,fan-out,0.6,1,gather-scatter,0.8,1,gather-scatter,0.8,1,random,0.8,1,gather-scatter,0.8
amlc_01741,LI-Small,1,unknown,1.0,0.014745828846513301,0,bipartite,0.08162366,0,bipartite,0.04818474182954384,0,bipartite,1,gather-scatter,0.6,1,gather-scatter,0.6,1,fan-in,0.6,1,gather-scatter,0.6,1,fan-in,0.8,1,fan-in,0.8,1,fan-in,0.8
amlc_01742,LI-Small,0,legit,1136.4420289855072,0.00011439237113617003,0,bipartite,4.8965332e-05,0,bipartite,8.167885161723763e-05,0,bipartite,1,fan-out,0.6,1,fan-out,0.6,1,fan-out,0.6,1,random,0.8,1,fan-out,0.8,1,gather-scatter,0.8,1,fan-out,0.8
amlc_01743,LI-Small,1,unknown,1.0,0.003822256358655216,0,bipartite,0.01793306,0,bipartite,0.010877658014343143,0,bipartite,1,fan-out,0.8,1,fan-out,0.6,1,gather-scatter,0.8,1,gather-scatter,0.8,1,scatter-gather,0.8,1,random,0.8,1,gather-scatter,0.8
amlc_01744,LI-Small,1,unknown,1.0,0.015081089115436961,0,bipartite,0.022975668,0,bipartite,0.01902837983086511,0,bipartite,1,fan-out,0.6,1,fan-out,0.6,1,fan-out,0.6,1,gather-scatter,0.8,1,fan-out,0.8,1,fan-out,0.8,0,,0.5
amlc_01745,LI-Small,1,unknown,1.0,0.011033108214525526,0,bipartite,0.023613999,0,bipartite,0.01732355306793657,0,bipartite,1,fan-out,0.6,1,stack,0.8,1,fan-out,0.8,1,random,0.8,1,gather-scatter,0.8,1,gather-scatter,0.8,1,gather-scatter,0.8
amlc_01746,LI-Small,0,legit,1136.4420289855072,0.001960924809435476,0,fan-in,0.0037841215,0,fan-in,0.0028725230515050234,0,fan-in,1,fan-in,0.6,1,fan-in,0.6,1,fan-in,0.8,1,gather-scatter,0.6,1,fan-in,0.8,1,fan-in,0.8,1,fan-in,0.8
amlc_01747,LI-Small,0,legit,1136.4420289855072,3.516924534545716e-05,0,bipartite,1.8674331e-05,0,bipartite,2.6921787410827674e-05,0,bipartite,1,fan-out,0.8,1,fan-out,0.8,1,fan-out,0.8,1,gather-scatter,0.6,1,gather-scatter,0.8,1,gather-scatter,0.8,1,gather-scatter,0.8
amlc_01748,LI-Small,0,legit,1100.3590361445783,3.516924534545716e-05,0,bipartite,1.281952e-05,0,bipartite,2.399438280801274e-05,0,bipartite,1,gather-scatter,0.6,1,gather-scatter,0.8,1,gather-scatter,0.8,1,random,0.8,1,gather-scatter,0.8,1,gather-scatter,0.8,1,gather-scatter,0.8
amlc_01749,LI-Small,0,legit,1103.0169082125603,0.00011439237113617003,0,bipartite,3.4618006e-05,0,bipartite,7.450518869204035e-05,0,bipartite,1,fan-out,0.6,1,scatter-gather,0.8,1,fan-out,0.8,1,gather-scatter,0.6,1,fan-out,0.8,0,,0.7,0,,0.5
amlc_01750,LI-Small,0,legit,1136.4420289855072,0.00011339751161921382,0,bipartite,8.233922e-05,0,stack,9.786836425800614e-05,0,stack,1,fan-out,0.8,1,fan-out,0.6,1,fan-out,0.8,1,gather-scatter,0.8,1,gather-scatter,0.8,1,gather-scatter,0.8,1,gather-scatter,0.8
amlc_01751,LI-Small,0,legit,1103.0169082125603,3.557337617246665e-05,0,bipartite,4.3760043e-05,0,bipartite,3.9666707717004455e-05,0,bipartite,1,scatter-gather,0.8,1,gather-scatter,0.6,1,scatter-gather,0.8,1,gather-scatter,0.8,1,gather-scatter,0.8,1,gather-scatter,0.8,1,gather-scatter,0.8
amlc_01752,LI-Small,0,legit,1136.4420289855072,0.0017475168736245258,0,stack,0.000338393,0,fan-out,0.001042954931783665,0,fan-out,1,gather-scatter,0.6,1,gather-scatter,0.8,1,scatter-gather,0.8,1,gather-scatter,0.6,1,gather-scatter,0.8,1,gather-scatter,0.8,1,gather-scatter,0.8
amlc_01753,LI-Small,1,fan-in,1.0,0.009794832093107804,0,bipartite,0.048151128,0,scatter-gather,0.028972982651287373,0,scatter-gather,1,gather-scatter,0.6,1,fan-out,0.6,1,scatter-gather,0.8,1,gather-scatter,0.6,1,gather-scatter,0.8,1,gather-scatter,0.8,1,gather-scatter,0.8
amlc_01754,LI-Small,1,fan-in,1.0,0.005862335605364785,0,bipartite,0.054548275,0,scatter-gather,0.030205304047933097,0,scatter-gather,1,fan-out,0.6,1,gather-scatter,0.6,1,scatter-gather,0.8,1,gather-scatter,0.6,1,gather-scatter,0.8,1,gather-scatter,0.8,1,gather-scatter,0.8
amlc_01755,LI-Small,1,fan-in,1.0,0.012046084014589646,0,scatter-gather,0.13968349,0,scatter-gather,0.0758647822876846,0,scatter-gather,1,fan-out,0.6,1,fan-out,0.6,1,fan-out,0.8,1,fan-out,0.8,1,fan-out,0.8,1,fan-out,0.8,0,,0.5
amlc_01756,LI-Small,1,fan-in,1.0,0.8947786766171649,1,scatter-gather,0.9811114,1,scatter-gather,0.9379450538694956,1,scatter-gather,1,gather-scatter,0.8,1,gather-scatter,0.6,1,scatter-gather,0.8,1,gather-scatter,0.6,1,gather-scatter,0.8,1,gather-scatter,0.8,1,gather-scatter,0.8
amlc_01757,LI-Small,1,fan-in,1.0,0.025356585068324517,0,bipartite,0.2009757,0,scatter-gather,0.11316614537577793,0,scatter-gather,1,gather-scatter,0.6,1,scatter-gather,0.8,1,scatter-gather,0.8,1,random,0.8,1,gather-scatter,0.8,1,gather-scatter,0.8,1,gather-scatter,0.8
amlc_01758,LI-Small,1,fan-in,1.0,0.009303028000427618,0,bipartite,0.14687338,0,scatter-gather,0.07808820859245127,0,scatter-gather,1,fan-out,0.6,1,fan-out,0.6,1,fan-out,0.6,1,gather-scatter,0.6,1,fan-out,0.8,1,fan-out,0.8,0,,0.5
amlc_01759,LI-Small,1,fan-in,1.0,0.0213900687025775,0,scatter-gather,0.105845496,0,scatter-gather,0.06361778163546272,0,scatter-gather,1,fan-out,0.8,1,fan-out,0.6,1,fan-out,0.8,1,gather-scatter,0.8,1,fan-out,0.8,1,scatter-gather,0.8,1,gather-scatter,0.8
amlc_01760,LI-Small,1,fan-in,1.0,0.8608126310696133,1,scatter-gather,0.9652628,1,scatter-gather,0.9130377068216566,1,scatter-gather,1,fan-out,0.6,1,fan-out,0.6,1,fan-out,0.8,1,gather-scatter,0.6,1,fan-out,0.8,1,fan-out,0.8,0,,0.5
amlc_01761,LI-Small,1,fan-in,1.0,0.0029575920895711827,0,bipartite,0.008979753,0,scatter-gather,0.005968672281552168,0,scatter-gather,1,fan-out,0.8,1,fan-out,0.6,1,scatter-gather,0.8,1,gather-scatter,0.8,1,gather-scatter,0.8,1,scatter-gather,0.8,1,gather-scatter,0.8
amlc_01762,LI-Small,1,fan-in,1.0,0.01854903306281625,0,random,0.101404026,0,scatter-gather,0.05997652513641148,0,scatter-gather,1,fan-out,0.8,1,fan-out,0.8,1,gather-scatter,0.8,1,gather-scatter,0.6,1,fan-out,0.8,0,,0.7,0,,0.5
amlc_01763,LI-Small,1,fan-in,1.0,0.024357732844829075,0,bipartite,0.0149655,0,bipartite,0.019661616204917187,0,bipartite,1,gather-scatter,0.6,1,fan-in,0.6,0,cycle,0.7,1,gather-scatter,0.6,1,fan-in,0.8,1,fan-in,0.8,1,fan-in,0.8
amlc_01764,LI-Small,1,unknown,1.0,0.029207744604548495,0,stack,0.08719876,0,stack,0.05820325210998489,0,stack,1,stack,0.8,1,stack,0.8,1,fan-in,0.6,1,gather-scatter,0.6,1,gather-scatter,0.8,1,gather-scatter,0.8,1,gather-scatter,0.8
amlc_01765,LI-Small,1,unknown,1.0,0.018877244501181882,0,bipartite,0.031094927,0,bipartite,0.02498608498964133,0,bipartite,1,fan-out,0.6,1,fan-out,0.6,1,fan-out,0.6,1,fan-out,0.6,1,fan-out,0.8,1,fan-out,0.8,1,fan-out,0.8
amlc_01766,LI-Small,1,unknown,1.0,0.04483956315683721,0,bipartite,0.026083374,0,bipartite,0.03546146840387284,0,bipartite,1,fan-out,0.6,1,fan-out,0.6,1,fan-out,0.8,1,scatter-gather,0.6,1,fan-out,0.8,1,fan-out,0.8,0,,0.5
amlc_01767,LI-Small,1,unknown,1.0,0.08428749155443073,0,bipartite,0.124099635,0,stack,0.10419356083592354,0,stack,0,,0.7,1,scatter-gather,0.8,1,fan-out,0.6,1,gather-scatter,0.6,1,gather-scatter,0.8,1,gather-scatter,0.8,1,gather-scatter,0.8
amlc_01768,LI-Small,0,legit,1100.3590361445783,3.516924534545716e-05,0,bipartite,2.111075e-05,0,bipartite,2.8139998356635768e-05,0,bipartite,1,fan-out,0.6,1,fan-out,0.6,1,scatter-gather,0.6,1,gather-scatter,0.6,1,fan-out,0.8,0,,0.7,1,fan-out,0.8
amlc_01769,LI-Small,0,legit,1100.3590361445783,4.956209163364885e-05,0,bipartite,3.155952e-05,0,bipartite,4.05608067231226e-05,0,bipartite,1,fan-out,0.6,1,fan-out,0.8,1,fan-out,0.6,1,gather-scatter,0.6,1,fan-out,0.8,0,,0.7,1,fan-out,0.8
amlc_01770,LI-Small,1,unknown,1.0,0.03579349998352624,0,bipartite,0.05300483,0,bipartite,0.044399165902126315,0,bipartite,1,scatter-gather,0.6,1,fan-out,0.8,1,random,0.8,1,gather-scatter,0.6,1,gather-scatter,0.8,1,gather-scatter,0.8,1,gather-scatter,0.8
amlc_01771,LI-Small,0,legit,1100.3590361445783,0.00011439237113617003,0,bipartite,4.165483e-05,0,bipartite,7.802359932297196e-05,0,bipartite,1,fan-out,0.8,1,gather-scatter,0.8,1,fan-out,0.8,1,gather-scatter,0.8,1,scatter-gather,0.8,1,gather-scatter,0.8,1,gather-scatter,0.8
amlc_01772,LI-Small,1,unknown,1.0,0.008269231847997351,0,bipartite,0.0381488,0,bipartite,0.02320901699715646,0,bipartite,0,,0.7,0,,0.7,1,fan-in,0.6,0,,0.7,1,fan-in,0.8,1,fan-in,0.8,1,fan-in,0.8
amlc_01773,LI-Small,0,legit,1100.3590361445783,3.557337617246665e-05,0,bipartite,5.1145442e-05,0,bipartite,4.335940863751456e-05,0,bipartite,1,fan-out,0.8,1,gather-scatter,0.6,1,gather-scatter,0.6,1,gather-scatter,0.6,1,gather-scatter,0.8,1,gather-scatter,0.8,1,gather-scatter,0.8
amlc_01774,LI-Small,0,legit,1100.3590361445783,3.516924534545716e-05,0,bipartite,1.886598e-05,0,bipartite,2.701761268210117e-05,0,bipartite,1,stack,0.8,1,fan-out,0.8,1,scatter-gather,0.8,1,gather-scatter,0.6,1,gather-scatter,0.8,1,gather-scatter,0.8,1,gather-scatter,0.8
amlc_01775,LI-Small,1,unknown,1.0,0.0004907802970172379,0,bipartite,0.0018026643,0,fan-out,0.0011467223201424585,0,fan-out,1,fan-out,0.8,1,fan-out,0.6,1,random,0.8,1,random,0.8,1,fan-out,0.8,1,fan-out,0.8,0,,0.5
amlc_01776,LI-Small,0,legit,1103.0169082125603,3.557337617246665e-05,0,bipartite,2.6515268e-05,0,bipartite,3.104432268668314e-05,0,bipartite,1,fan-out,0.6,1,gather-scatter,0.6,0,,0.7,1,random,0.8,1,gather-scatter,0.8,1,gather-scatter,0.8,1,gather-scatter,0.8
amlc_01777,LI-Small,1,unknown,1.0,0.02685982399916661,0,bipartite,0.0956857,0,bipartite,0.06127276402580743,0,bipartite,1,fan-out,0.8,1,fan-out,0.8,1,fan-out,0.6,1,scatter-gather,0.8,1,gather-scatter,0.8,1,gather-scatter,0.8,1,gather-scatter,0.8
amlc_01778,LI-Small,0,legit,1136.4420289855072,3.557337617246665e-05,0,bipartite,3.5507626e-05,0,bipartite,3.5540502513357194e-05,0,bipartite,1,gather-scatter,0.8,1,fan-out,0.8,1,fan-out,0.6,1,gather-scatter,0.8,1,fan-out,0.8,1,fan-out,0.8,1,gather-scatter,0.8
amlc_01779,LI-Small,1,unknown,1.0,0.000621797953529057,0,fan-in,0.003710291,0,fan-out,0.0021660445112650084,0,fan-out,1,fan-out,0.6,1,gather-scatter,0.8,1,fan-out,0.8,1,gather-scatter,0.8,1,fan-out,0.8,0,,0.7,0,,0.5
amlc_01780,LI-Small,1,unknown,1.0,0.009707512396656792,0,fan-in,0.04730289,0,fan-in,0.028505200365227124,0,fan-in,1,fan-in,0.6,1,gather-scatter,0.6,1,fan-in,0.6,1,gather-scatter,0.6,1,fan-in,0.8,1,gather-scatter,0.8,1,fan-in,0.8
amlc_01781,LI-Small,1,unknown,1.0,0.000640394509349966,0,fan-out,0.00378897,0,fan-out,0.002214682343671572,0,fan-out,1,fan-out,0.6,1,fan-out,0.6,1,fan-out,0.6,1,gather-scatter,0.6,1,fan-out,0.8,1,fan-out,0.8,0,,0.5
amlc_01782,LI-Small,0,legit,1136.4420289855072,3.516924534545716e-05,0,random,3.593733e-05,0,bipartite,3.5553288488443796e-05,0,bipartite,1,gather-scatter,0.6,1,stack,0.8,1,gather-scatter,0.6,1,gather-scatter,0.8,1,gather-scatter,0.8,1,gather-scatter,0.8,1,gather-scatter,0.8
amlc_01783,LI-Small,0,legit,1103.0169082125603,0.0008494804175635726,0,bipartite,0.008038569,0,fan-out,0.004444024829662867,0,fan-out,0,,0.5,0,,0.5,1,fan-out,0.8,1,bipartite,0.8,1,fan-out,0.8,1,fan-out,0.8,0,,0.5
amlc_01784,LI-Small,1,unknown,1.0,0.029158745977867374,0,bipartite,0.020984668,0,bipartite,0.025071706758731965,0,bipartite,1,fan-out,0.8,1,scatter-gather,0.8,1,random,0.8,1,gather-scatter,0.8,1,fan-in,0.8,1,gather-scatter,0.8,1,fan-in,0.8
amlc_01785,LI-Small,0,legit,1100.3590361445783,3.516924534545716e-05,0,fan-in,2.2308734e-05,0,bipartite,2.8738989657284547e-05,0,fan-in,1,fan-out,0.6,1,scatter-gather,0.8,1,fan-out,0.8,1,gather-scatter,0.6,1,fan-out,0.8,1,gather-scatter,0.8,1,gather-scatter,0.8
amlc_01786,LI-Small,1,unknown,1.0,0.0032681225794129686,0,fan-in,0.003602846,0,fan-in,0.003435484179982201,0,fan-in,1,gather-scatter,0.6,1,scatter-gather,0.6,1,fan-in,0.6,1,gather-scatter,0.6,1,fan-in,0.8,1,gather-scatter,0.8,1,fan-in,0.8
amlc_01787,LI-Small,1,unknown,1.0,0.0007532714900883454,0,bipartite,0.0068040653,0,fan-out,0.003778668634469927,0,fan-out,1,fan-out,0.6,1,fan-out,0.6,1,random,0.8,1,gather-scatter,0.6,1,fan-out,0.8,1,fan-out,0.8,0,,0.5
amlc_01788,LI-Small,0,legit,1.0,0.005046227623496474,0,fan-in,0.036102854,0,fan-in,0.02057454029692909,0,fan-in,1,fan-in,0.6,1,fan-in,0.6,1,fan-in,0.8,1,fan-in,0.6,1,fan-in,0.8,1,fan-in,0.8,1,fan-in,0.8
amlc_01789,LI-Small,0,legit,1136.4420289855072,3.526862127697342e-05,0,bipartite,4.328083e-05,0,stack,3.9274726436660924e-05,0,stack,1,fan-out,0.8,1,fan-out,0.8,1,random,0.8,1,scatter-gather,0.8,1,scatter-gather,0.8,1,gather-scatter,0.8,1,gather-scatter,0.8
amlc_01790,LI-Small,0,legit,1.0,0.362237055570649,0,bipartite,0.5509672,1,bipartite,0.45660213603117406,0,bipartite,1,gather-scatter,0.6,1,gather-scatter,0.8,1,random,0.8,1,gather-scatter,0.6,1,gather-scatter,0.8,1,gather-scatter,0.8,1,gather-scatter,0.8
amlc_01791,LI-Small,0,legit,1.0,0.0508788710949419,0,bipartite,0.07027043,0,bipartite,0.06057464883315553,0,bipartite,0,,0.7,1,fan-in,0.6,0,,0.7,1,gather-scatter,0.6,1,stack,0.8,1,gather-scatter,0.8,1,stack,0.8
amlc_01792,LI-Small,0,legit,1103.0169082125603,0.0009611674700808157,0,fan-in,0.0072821425,0,fan-in,0.004121655091873388,0,fan-in,1,cycle,0.8,1,fan-in,0.6,1,stack,0.8,1,gather-scatter,0.6,1,gather-scatter,0.8,1,gather-scatter,0.8,1,gather-scatter,0.8
amlc_01793,LI-Small,0,legit,1103.0169082125603,0.0008510863644282021,0,bipartite,0.0008785934,0,bipartite,0.0008648398799461622,0,bipartite,1,fan-out,0.8,1,fan-out,0.6,1,fan-out,0.6,1,gather-scatter,0.6,1,scatter-gather,0.8,1,gather-scatter,0.8,1,gather-scatter,0.8
amlc_01794,LI-Small,1,unknown,1.0,0.019735220769518884,0,bipartite,0.053896856,0,bipartite,0.03681603742116405,0,bipartite,1,scatter-gather,0.8,1,gather-scatter,0.6,1,fan-in,0.8,1,gather-scatter,0.6,1,gather-scatter,0.8,1,gather-scatter,0.8,1,gather-scatter,0.8
amlc_01795,LI-Small,1,unknown,1.0,0.02427262161560678,0,fan-in,0.016318098,0,fan-in,0.02029535966310811,0,fan-in,1,fan-out,0.6,1,fan-out,0.6,1,fan-out,0.8,1,gather-scatter,0.6,1,fan-out,0.8,1,fan-out,0.8,1,fan-out,0.8
amlc_01796,LI-Small,0,legit,1136.4420289855072,3.526862127697342e-05,0,bipartite,3.027049e-05,0,stack,3.276955575968728e-05,0,stack,1,gather-scatter,0.6,0,,0.7,1,fan-in,0.8,1,gather-scatter,0.6,1,fan-in,0.8,1,fan-in,0.8,1,fan-in,0.8
amlc_01797,LI-Small,1,unknown,1.0,0.05894243570167094,0,fan-in,0.03462879,0,fan-in,0.046785612414271975,0,fan-in,1,random,0.8,1,fan-out,0.6,0,,0.7,1,gather-scatter,0.6,1,gather-scatter,0.8,1,gather-scatter,0.8,1,gather-scatter,0.8
amlc_01798,LI-Small,0,legit,1100.3590361445783,3.557337617246665e-05,0,bipartite,4.4650922e-05,0,stack,4.011214948190026e-05,0,stack,1,fan-out,0.6,1,fan-out,0.6,1,fan-out,0.8,1,scatter-gather,0.8,1,fan-out,0.8,1,fan-out,0.8,0,,0.5
amlc_01799,LI-Small,1,unknown,1.0,0.0039039258726818863,0,bipartite,0.00975759,0,bipartite,0.006830757897018566,0,bipartite,1,fan-out,0.6,1,fan-out,0.6,1,fan-out,0.8,1,gather-scatter,0.6,1,fan-out,0.8,0,,0.7,1,fan-out,0.8
amlc_01800,LI-Small,1,unknown,1.0,0.0054875609732037015,0,bipartite,0.036981065,0,bipartite,0.021234312340933342,0,bipartite,1,fan-out,0.6,1,gather-scatter,0.6,1,fan-out,0.6,1,gather-scatter,0.6,1,gather-scatter,0.8,1,gather-scatter,0.8,1,gather-scatter,0.8
amlc_01801,LI-Small,0,legit,1100.3590361445783,3.557337617246665e-05,0,bipartite,3.5763365e-05,0,stack,3.56683721933572e-05,0,stack,1,fan-out,0.6,1,fan-out,0.8,1,fan-out,0.8,1,gather-scatter,0.6,1,gather-scatter,0.8,1,fan-out,0.8,1,gather-scatter,0.8
amlc_01802,LI-Small,0,legit,1136.4420289855072,3.516924534545716e-05,0,bipartite,2.4134535e-05,0,bipartite,2.9651890052917732e-05,0,bipartite,1,random,0.8,1,stack,0.8,1,random,0.8,1,gather-scatter,0.8,1,gather-scatter,0.8,1,gather-scatter,0.8,1,gather-scatter,0.8
amlc_01803,LI-Small,0,legit,1100.3590361445783,0.00011439237113617003,0,bipartite,5.800338e-05,0,bipartite,8.619787576803292e-05,0,bipartite,1,fan-out,0.8,1,gather-scatter,0.6,1,fan-out,0.8,1,gather-scatter,0.8,1,fan-out,0.8,1,gather-scatter,0.8,0,,0.5
amlc_01804,LI-Small,1,unknown,1.0,0.009600349923040796,0,bipartite,0.010118247,0,bipartite,0.009859298326728905,0,bipartite,1,fan-out,0.6,1,fan-out,0.6,1,fan-out,0.6,1,random,0.8,1,fan-out,0.8,1,gather-scatter,0.8,1,fan-out,0.8
amlc_01805,LI-Small,1,unknown,1.0,0.0004168064042144316,0,fan-out,0.003043571,0,fan-out,0.0017301886662450083,0,fan-out,0,,0.5,0,,0.5,1,fan-out,0.6,1,gather-scatter,0.6,1,fan-out,0.8,0,,0.7,0,,0.5
amlc_01806,LI-Small,0,legit,1.0,0.7022145177412737,1,bipartite,0.44129777,0,bipartite,0.5717561436438913,1,bipartite,1,fan-out,0.6,1,fan-out,0.6,1,fan-out,0.8,1,gather-scatter,0.6,1,fan-out,0.8,1,fan-out,0.8,1,gather-scatter,0.8
amlc_01807,LI-Small,0,legit,1136.4420289855072,3.516924534545716e-05,0,bipartite,1.6002263e-05,0,bipartite,2.558575406393953e-05,0,bipartite,1,fan-out,0.8,1,fan-out,0.6,1,fan-out,0.8,1,fan-out,0.8,1,fan-out,0.8,1,gather-scatter,0.8,1,fan-out,0.8
amlc_01808,LI-Small,1,unknown,1.0,0.00886612866702496,0,fan-in,0.012153988,0,fan-in,0.010510057661100324,0,fan-in,1,gather-scatter,0.6,1,gather-scatter,0.6,1,gather-scatter,0.8,1,gather-scatter,0.8,1,scatter-gather,0.8,1,gather-scatter,0.8,1,gather-scatter,0.8
amlc_01809,LI-Small,0,legit,1100.3590361445783,3.522397773450737e-05,0,bipartite,2.2796441e-05,0,bipartite,2.9010209207451125e-05,0,bipartite,1,fan-out,0.6,1,fan-out,0.6,1,fan-out,0.8,1,gather-scatter,0.8,1,fan-out,0.8,1,fan-out,0.8,1,fan-out,0.8
amlc_01810,LI-Small,0,legit,1100.3590361445783,3.516924534545716e-05,0,bipartite,2.2682356e-05,0,bipartite,2.8925800414725525e-05,0,bipartite,1,fan-out,0.6,1,fan-out,0.6,1,fan-out,0.8,1,fan-out,0.8,1,fan-out,0.8,0,,0.7,0,,0.5
amlc_01811,LI-Small,0,legit,1100.3590361445783,3.487997806324355e-05,0,bipartite,1.5137572e-05,0,bipartite,2.500877529069298e-05,0,bipartite,1,fan-in,0.6,0,,0.7,0,,0.7,1,gather-scatter,0.8,1,fan-in,0.8,1,fan-in,0.8,1,fan-in,0.8
amlc_01812,LI-Small,0,legit,1136.4420289855072,0.0007099995456983749,0,bipartite,0.002548517,0,fan-out,0.0016292582998226137,0,fan-out,1,fan-out,0.6,1,fan-out,0.6,1,fan-out,0.8,0,,0.7,1,fan-out,0.8,1,fan-out,0.8,0,,0.5
amlc_01813,LI-Small,0,legit,1100.3590361445783,3.516924534545716e-05,0,bipartite,1.7128903e-05,0,bipartite,2.614907452763742e-05,0,bipartite,1,fan-out,0.6,1,fan-out,0.6,1,scatter-gather,0.8,1,gather-scatter,0.6,1,fan-out,0.8,1,fan-out,0.8,1,fan-out,0.8
amlc_01814,LI-Small,0,legit,1103.0169082125603,0.0009336420942953158,0,bipartite,0.004225907,0,fan-out,0.002579774551695135,0,fan-out,0,,0.5,0,,0.5,0,,0.7,1,gather-scatter,0.6,1,fan-out,0.8,1,fan-out,0.8,0,,0.5
amlc_01815,LI-Small,0,legit,1103.0169082125603,0.0015918364186734567,0,fan-out,0.03267765,0,bipartite,0.01713474324890229,0,fan-out,1,fan-out,0.8,1,stack,0.8,1,fan-out,0.8,1,gather-scatter,0.6,1,fan-out,0.8,0,,0.7,0,,0.5
amlc_01816,LI-Small,0,legit,1136.4420289855072,3.516924534545716e-05,0,bipartite,3.4904548e-05,0,bipartite,3.503689540477222e-05,0,bipartite,1,fan-out,0.6,1,fan-out,0.6,1,fan-out,0.6,1,gather-scatter,0.8,1,gather-scatter,0.8,1,random,0.8,1,gather-scatter,0.8
amlc_01817,LI-Small,0,legit,1.0,0.004459646299883702,0,bipartite,0.016768055,0,bipartite,0.010613849830083538,0,bipartite,1,fan-in,0.6,1,stack,0.8,1,gather-scatter,0.6,1,gather-scatter,0.8,1,stack,0.8,1,gather-scatter,0.8,1,stack,0.8
amlc_01818,LI-Small,0,legit,1100.3590361445783,3.516924534545716e-05,0,bipartite,1.7928936e-05,0,bipartite,2.6549090397310066e-05,0,bipartite,1,scatter-gather,0.6,1,fan-out,0.6,1,gather-scatter,0.8,1,gather-scatter,0.6,1,gather-scatter,0.8,1,gather-scatter,0.8,1,gather-scatter,0.8
amlc_01819,LI-Small,1,unknown,1.0,0.0003893822809966003,0,bipartite,0.0023358723,0,fan-out,0.001362627309575011,0,fan-out,0,,0.5,0,,0.5,1,fan-out,0.8,1,random,0.8,1,fan-out,0.8,0,,0.7,0,,0.5
amlc_01820,LI-Small,1,unknown,1.0,0.0005517282994396018,0,bipartite,0.0010361467,0,bipartite,0.0007939374251722806,0,bipartite,1,fan-out,0.6,1,gather-scatter,0.6,1,fan-out,0.8,1,gather-scatter,0.8,1,gather-scatter,0.8,1,gather-scatter,0.8,1,gather-scatter,0.8
amlc_01821,LI-Small,0,legit,1100.3590361445783,0.00011439237113617003,0,bipartite,5.1933952e-05,0,bipartite,8.316316115864839e-05,0,bipartite,1,fan-out,0.8,1,fan-out,0.6,1,fan-out,0.8,1,gather-scatter,0.6,1,fan-out,0.8,1,gather-scatter,0.8,0,,0.5
amlc_01822,LI-Small,1,unknown,1.0,0.00042709529675241854,0,bipartite,0.0062124915,0,fan-out,0.003319793419426663,0,fan-out,0,,0.5,0,,0.5,1,random,0.8,1,gather-scatter,0.8,1,fan-out,0.8,0,,0.7,0,,0.5
amlc_01823,LI-Small,0,legit,1136.4420289855072,0.0001514160151776242,0,fan-out,7.689489e-05,0,bipartite,0.00011415545110108046,0,fan-out,1,fan-out,0.6,1,fan-out,0.6,1,random,0.8,1,scatter-gather,0.8,1,fan-out,0.8,1,fan-out,0.8,0,,0.5
amlc_01824,LI-Small,1,unknown,1.0,0.023705676440183288,0,bipartite,0.030811882,0,bipartite,0.027258779043348613,0,bipartite,1,fan-out,0.6,1,fan-out,0.8,1,fan-out,0.8,1,gather-scatter,0.6,1,fan-out,0.8,1,gather-scatter,0.8,1,fan-out,0.8
amlc_01825,LI-Small,0,legit,1136.4420289855072,3.557337617246665e-05,0,bipartite,2.9698878e-05,0,bipartite,3.263612777158268e-05,0,bipartite,1,fan-out,0.6,1,fan-out,0.6,1,random,0.8,1,gather-scatter,0.6,1,fan-out,0.8,1,fan-out,0.8,0,,0.5
amlc_01826,LI-Small,0,legit,1103.0169082125603,0.0005884746448587406,0,fan-out,0.0027868082,0,fan-out,0.0016876412036588306,0,fan-out,1,fan-out,0.8,1,fan-out,0.6,1,fan-out,0.8,1,gather-scatter,0.8,1,fan-out,0.8,1,fan-out,0.8,0,,0.5
amlc_01827,LI-Small,0,legit,1100.3590361445783,3.516924534545716e-05,0,bipartite,1.2009987e-05,0,bipartite,2.3589615828967506e-05,0,bipartite,1,fan-out,0.6,1,scatter-gather,0.6,1,fan-out,0.6,1,gather-scatter,0.8,1,gather-scatter,0.8,1,gather-scatter,0.8,1,gather-scatter,0.8
amlc_01828,LI-Small,0,legit,1.0,0.7525691424840751,1,stack,0.6090382,1,stack,0.6808036583182246,1,stack,1,fan-out,0.6,1,fan-out,0.6,1,fan-out,0.8,1,gather-scatter,0.8,1,fan-out,0.8,1,gather-scatter,0.8,1,fan-out,0.8
amlc_01829,LI-Small,0,legit,1103.0169082125603,0.04985200116836623,0,bipartite,0.021492999,0,stack,0.03567250066649713,0,stack,1,scatter-gather,0.8,1,gather-scatter,0.6,1,fan-out,0.8,1,gather-scatter,0.6,1,gather-scatter,0.8,1,gather-scatter,0.8,1,gather-scatter,0.8
amlc_01830,LI-Small,0,legit,1136.4420289855072,3.5626204102236333e-05,0,bipartite,2.443039e-05,0,bipartite,3.002829674366234e-05,0,bipartite,1,scatter-gather,0.6,1,fan-out,0.6,1,fan-in,0.6,1,gather-scatter,0.6,1,gather-scatter,0.8,1,gather-scatter,0.8,1,gather-scatter,0.8
amlc_01831,LI-Small,0,legit,1100.3590361445783,3.516924534545716e-05,0,bipartite,9.914035e-06,0,bipartite,2.254164009966058e-05,0,bipartite,1,fan-out,0.6,1,scatter-gather,0.6,1,fan-out,0.6,1,gather-scatter,0.8,1,fan-out,0.8,1,gather-scatter,0.8,1,gather-scatter,0.8
amlc_01832,LI-Small,0,legit,1.0,0.01890276191121329,0,bipartite,0.07769362,0,bipartite,0.048298188882499885,0,bipartite,1,fan-in,0.6,1,fan-in,0.6,1,gather-scatter,0.8,1,gather-scatter,0.6,1,gather-scatter,0.8,1,gather-scatter,0.8,1,gather-scatter,0.8
amlc_01833,LI-Small,0,legit,1136.4420289855072,3.487997806324355e-05,0,bipartite,1.35885375e-05,0,bipartite,2.423425778811547e-05,0,bipartite,1,fan-out,0.8,1,gather-scatter,0.6,1,gather-scatter,0.8,1,gather-scatter,0.6,1,gather-scatter,0.8,1,gather-scatter,0.8,1,gather-scatter,0.8
amlc_01834,LI-Small,0,legit,1136.4420289855072,3.526862127697342e-05,0,bipartite,2.7671904e-05,0,stack,3.1470261815075135e-05,0,stack,1,gather-scatter,0.6,1,gather-scatter,0.6,1,gather-scatter,0.8,1,gather-scatter,0.8,1,gather-scatter,0.8,0,,0.7,1,gather-scatter,0.8
amlc_01835,LI-Small,0,legit,1136.4420289855072,3.526862127697342e-05,0,bipartite,2.8859451e-05,0,stack,3.206403689076083e-05,0,stack,1,fan-out,0.6,1,gather-scatter,0.6,1,fan-out,0.8,1,gather-scatter,0.6,1,gather-scatter,0.8,1,gather-scatter,0.8,1,gather-scatter,0.8
amlc_01836,LI-Small,1,unknown,1.0,0.02546462832259297,0,fan-in,0.044249713,0,fan-in,0.034857172175582055,0,fan-in,1,fan-in,0.6,1,fan-in,0.6,1,fan-in,0.6,1,gather-scatter,0.6,1,fan-in,0.8,1,fan-in,0.8,1,fan-in,0.8
amlc_01837,LI-Small,1,unknown,1.0,0.025168452762943338,0,fan-in,0.08464156,0,fan-in,0.054905011307886165,0,fan-in,1,fan-in,0.6,1,fan-in,0.6,1,fan-in,0.6,1,gather-scatter,0.8,1,fan-in,0.8,1,fan-in,0.8,1,fan-in,0.8
amlc_01838,LI-Small,1,unknown,1.0,0.005397076580035682,0,bipartite,0.006657024,0,bipartite,0.00602705034022927,0,bipartite,1,fan-out,0.6,1,fan-out,0.6,1,fan-out,0.8,1,gather-scatter,0.6,1,scatter-gather,0.8,1,gather-scatter,0.8,1,gather-scatter,0.8
amlc_01839,LI-Small,1,unknown,1.0,0.006864409336878194,0,bipartite,0.026145944,0,bipartite,0.01650517666808433,0,bipartite,1,fan-out,0.8,1,fan-out,0.6,1,fan-out,0.8,1,gather-scatter,0.8,1,fan-out,0.8,1,fan-out,0.8,1,fan-out,0.8
amlc_01840,LI-Small,0,legit,1100.3590361445783,3.516924534545716e-05,0,bipartite,2.9865938e-05,0,bipartite,3.25175914428824e-05,0,bipartite,1,fan-out,0.6,1,fan-out,0.6,1,fan-out,0.8,1,gather-scatter,0.8,1,fan-out,0.8,1,fan-out,0.8,0,,0.5
amlc_01841,LI-Small,0,legit,1136.4420289855072,0.0009558649322304127,0,fan-in,0.001587267,0,fan-in,0.0012715660179176925,0,fan-in,1,gather-scatter,0.6,1,fan-in,0.6,1,fan-in,0.8,1,gather-scatter,0.8,1,fan-in,0.8,1,gather-scatter,0.8,1,fan-in,0.8
amlc_01842,LI-Small,1,unknown,1.0,0.009589959277386938,0,bipartite,0.07263465,0,bipartite,0.04111230539464726,0,bipartite,1,fan-out,0.6,1,fan-out,0.6,1,scatter-gather,0.6,1,gather-scatter,0.6,1,fan-out,0.8,1,fan-out,0.8,1,fan-out,0.8
amlc_01843,LI-Small,0,legit,1100.3590361445783,3.516924534545716e-05,0,bipartite,1.9596617e-05,0,bipartite,2.7382930328457006e-05,0,bipartite,1,gather-scatter,0.6,1,fan-out,0.6,1,fan-out,0.8,1,gather-scatter,0.8,1,fan-out,0.8,1,gather-scatter,0.8,1,gather-scatter,0.8
amlc_01844,LI-Small,0,legit,1136.4420289855072,3.557337617246665e-05,0,bipartite,3.5338384e-05,0,bipartite,3.5455880034022256e-05,0,bipartite,1,fan-out,0.6,1,scatter-gather,0.8,1,gather-scatter,0.8,1,gather-scatter,0.6,1,scatter-gather,0.8,1,gather-scatter,0.8,1,gather-scatter,0.8
amlc_01845,LI-Small,0,legit,1100.3590361445783,3.516924534545716e-05,0,bipartite,1.8319997e-05,0,bipartite,2.6744620935204292e-05,0,bipartite,1,fan-out,0.6,1,fan-out,0.6,1,fan-out,0.8,1,gather-scatter,0.8,1,fan-out,0.8,1,fan-out,0.8,0,,0.5
amlc_01846,LI-Small,0,legit,1136.4420289855072,0.00011439237113617003,0,bipartite,9.182037e-05,0,bipartite,0.00010310637071283356,0,bipartite,1,fan-out,0.6,1,fan-out,0.8,1,random,0.8,1,random,0.8,1,fan-out,0.8,1,gather-scatter,0.8,1,fan-out,0.8
amlc_01847,LI-Small,0,legit,1136.4420289855072,0.00011439237113617003,0,bipartite,4.7546506e-05,0,bipartite,8.096943956529077e-05,0,bipartite,1,fan-out,0.6,1,gather-scatter,0.8,1,gather-scatter,0.8,1,gather-scatter,0.6,1,fan-out,0.8,0,,0.7,1,gather-scatter,0.8
amlc_01848,LI-Small,1,unknown,1.0,0.012292662507818719,0,bipartite,0.025827754,0,bipartite,0.019060208584629784,0,bipartite,1,fan-in,0.6,1,gather-scatter,0.6,1,fan-in,0.6,1,gather-scatter,0.6,1,fan-in,0.8,1,fan-in,0.8,1,fan-in,0.8
amlc_01849,LI-Small,1,unknown,1.0,0.0006102522154318848,0,bipartite,0.0021456783,0,fan-out,0.0013779653128692289,0,fan-out,1,fan-out,0.8,1,scatter-gather,0.6,1,fan-out,0.8,1,gather-scatter,0.6,1,fan-out,0.8,1,fan-out,0.8,0,,0.5
amlc_01850,LI-Small,0,legit,1136.4420289855072,0.0007483969208388535,0,bipartite,0.0007510851,0,bipartite,0.0007497409823618336,0,bipartite,1,fan-out,0.8,1,scatter-gather,0.6,1,fan-out,0.6,1,gather-scatter,0.8,1,gather-scatter,0.8,1,gather-scatter,0.8,1,gather-scatter,0.8
amlc_01851,LI-Small,0,legit,1103.0169082125603,0.0027034623788029133,0,fan-in,0.014576361,0,fan-in,0.00863991166731865,0,fan-in,1,fan-in,0.6,1,gather-scatter,0.6,1,fan-in,0.6,1,gather-scatter,0.6,1,fan-in,0.8,1,fan-in,0.8,1,fan-in,0.8
amlc_01852,LI-Small,1,unknown,1.0,0.0025991924899218715,0,fan-in,0.008749472,0,fan-in,0.005674331954240711,0,fan-in,1,gather-scatter,0.8,1,gather-scatter,0.6,0,cycle,0.7,1,gather-scatter,0.8,1,fan-in,0.8,1,gather-scatter,0.8,1,fan-in,0.8
amlc_01853,LI-Small,1,unknown,1.0,0.025986457978830462,0,bipartite,0.0401232,0,stack,0.03305482770758158,0,stack,1,gather-scatter,0.6,1,gather-scatter,0.8,1,gather-scatter,0.8,1,gather-scatter,0.8,1,gather-scatter,0.8,1,gather-scatter,0.8,1,gather-scatter,0.8
amlc_01854,LI-Small,0,legit,1100.3590361445783,0.00011439237113617003,0,bipartite,4.5503744e-05,0,bipartite,7.994805882530574e-05,0,bipartite,1,fan-out,0.6,1,fan-out,0.6,1,fan-out,0.8,1,gather-scatter,0.6,1,fan-out,0.8,1,scatter-gather,0.8,1,gather-scatter,0.8
amlc_01855,LI-Small,0,legit,1103.0169082125603,0.0007497326805671528,0,bipartite,0.0012846299,0,bipartite,0.001017181289356474,0,bipartite,1,fan-out,0.6,1,fan-out,0.8,0,fan-out,0.7,1,random,0.8,1,fan-out,0.8,1,gather-scatter,0.8,0,,0.5
amlc_01856,LI-Small,0,legit,1136.4420289855072,3.557337617246665e-05,0,bipartite,4.2961725e-05,0,bipartite,3.9267549773684e-05,0,bipartite,1,fan-out,0.8,1,gather-scatter,0.6,1,scatter-gather,0.8,1,gather-scatter,0.6,1,gather-scatter,0.8,1,gather-scatter,0.8,1,gather-scatter,0.8
amlc_01857,LI-Small,1,unknown,1.0,0.000533580632603689,0,fan-out,0.008129115,0,bipartite,0.004331348064217232,0,fan-out,0,,0.5,0,,0.5,1,fan-out,0.6,1,fan-out,0.6,1,fan-out,0.8,1,fan-out,0.8,0,,0.5
amlc_01858,LI-Small,0,legit,1136.4420289855072,0.003074640839527936,0,fan-in,0.0032686994,0,fan-in,0.003171670000618146,0,fan-in,1,fan-in,0.6,1,fan-in,0.6,1,fan-in,0.8,1,fan-in,0.6,1,fan-in,0.8,1,fan-in,0.8,1,fan-in,0.8
amlc_01859,LI-Small,1,unknown,1.0,0.018643024950659493,0,bipartite,0.044339903,0,bipartite,0.03149146456988465,0,bipartite,1,fan-in,0.6,1,gather-scatter,0.6,1,gather-scatter,0.8,1,gather-scatter,0.8,1,fan-in,0.8,1,gather-scatter,0.8,1,gather-scatter,0.8
amlc_01860,LI-Small,1,cycle,1.0,0.9587552139190947,1,random,0.96779394,1,cycle,0.9632745836689132,1,cycle,1,fan-out,0.6,1,fan-out,0.6,1,fan-out,0.8,1,gather-scatter,0.6,1,fan-out,0.8,1,fan-out,0.8,0,,0.5
amlc_01861,LI-Small,1,cycle,1.0,0.9598450932992654,1,cycle,0.96938974,1,cycle,0.9646174209362843,1,cycle,1,fan-out,0.6,1,scatter-gather,0.6,1,fan-out,0.6,1,gather-scatter,0.6,1,gather-scatter,0.8,1,stack,0.8,1,gather-scatter,0.8
amlc_01862,LI-Small,1,cycle,1.0,0.9633684432902102,1,cycle,0.98141634,1,stack,0.9723923701245667,1,cycle,1,fan-out,0.8,1,gather-scatter,0.6,1,fan-out,0.8,1,gather-scatter,0.6,1,gather-scatter,0.8,1,gather-scatter,0.8,1,gather-scatter,0.8
amlc_01863,LI-Small,1,cycle,1.0,0.9698586757347419,1,cycle,0.965279,1,cycle,0.9675688711486974,1,cycle,1,fan-out,0.6,1,gather-scatter,0.6,1,fan-out,0.8,1,gather-scatter,0.6,1,gather-scatter,0.8,1,gather-scatter,0.8,1,gather-scatter,0.8
amlc_01864,LI-Small,1,cycle,1.0,0.9528119748278435,1,cycle,0.9707721,1,cycle,0.961791989477673,1,cycle,1,fan-out,0.8,1,gather-scatter,0.8,1,scatter-gather,0.8,1,gather-scatter,0.8,1,gather-scatter,0.8,1,gather-scatter,0.8,0,,0.5
amlc_01865,LI-Small,1,cycle,1.0,0.951573417423503,1,cycle,0.9881711,1,cycle,0.969872259019979,1,cycle,1,fan-out,0.8,1,fan-out,0.6,1,fan-out,0.6,1,random,0.8,1,gather-scatter,0.8,1,gather-scatter,0.8,1,gather-scatter,0.8
amlc_01866,LI-Small,1,cycle,1.0,0.9229703353663645,1,random,0.9870671,1,stack,0.9550187134156805,1,stack,1,fan-out,0.6,1,gather-scatter,0.6,1,gather-scatter,0.8,1,gather-scatter,0.8,1,fan-out,0.8,1,fan-out,0.8,1,gather-scatter,0.8
amlc_01867,LI-Small,1,cycle,1.0,0.8702183018354577,1,random,0.9484871,1,random,0.9093527024104198,1,random,1,fan-out,0.8,1,fan-out,0.6,1,fan-out,0.8,0,,0.7,1,fan-out,0.8,1,gather-scatter,0.8,0,,0.5
amlc_01868,LI-Small,1,cycle,1.0,0.8943382896157992,1,cycle,0.97637403,1,cycle,0.9353561539040453,1,cycle,1,gather-scatter,0.6,1,fan-out,0.8,1,fan-out,0.8,1,fan-out,0.8,1,fan-out,0.8,1,gather-scatter,0.8,1,fan-out,0.8
amlc_01869,LI-Small,1,cycle,1.0,0.9691401680598858,1,random,0.9797894,1,cycle,0.9744647542779745,1,cycle,1,fan-out,0.6,1,fan-out,0.6,1,fan-out,0.6,1,gather-scatter,0.6,1,gather-scatter,0.8,1,gather-scatter,0.8,1,gather-scatter,0.8
amlc_01870,LI-Small,1,cycle,1.0,0.933024234584345,1,cycle,0.99012786,1,cycle,0.9615760361211368,1,cycle,1,fan-out,0.6,1,gather-scatter,0.8,1,fan-out,0.6,1,gather-scatter,0.8,1,gather-scatter,0.8,1,gather-scatter,0.8,1,gather-scatter,0.8
amlc_01871,LI-Small,1,cycle,1.0,0.9639914522301127,1,cycle,0.989498,1,stack,0.9767447357242787,1,cycle,1,fan-out,0.6,1,gather-scatter,0.6,1,gather-scatter,0.8,1,gather-scatter,0.6,1,gather-scatter,0.8,1,gather-scatter,0.8,1,gather-scatter,0.8
amlc_01872,LI-Small,1,cycle,1.0,0.9336340763253823,1,random,0.992916,1,cycle,0.9632750440678425,1,cycle,1,fan-out,0.8,1,scatter-gather,0.8,1,scatter-gather,0.8,1,scatter-gather,0.8,1,scatter-gather,0.8,1,gather-scatter,0.8,1,gather-scatter,0.8
amlc_01873,LI-Small,0,legit,1136.4420289855072,3.557337617246665e-05,0,bipartite,3.19266e-05,0,bipartite,3.374998738803551e-05,0,bipartite,1,fan-out,0.6,1,fan-out,0.6,1,fan-out,0.6,1,gather-scatter,0.8,1,fan-out,0.8,1,fan-out,0.8,0,,0.5
amlc_01874,LI-Small,0,legit,1.0,0.003886274406178178,0,bipartite,0.015261811,0,bipartite,0.009574042991480918,0,bipartite,1,fan-in,0.6,1,fan-out,0.6,1,gather-scatter,0.8,1,gather-scatter,0.8,1,gather-scatter,0.8,1,gather-scatter,0.8,1,gather-scatter,0.8
amlc_01875,LI-Small,0,legit,1100.3590361445783,3.526862127697342e-05,0,bipartite,2.3786837e-05,0,bipartite,2.9527729379724546e-05,0,bipartite,1,fan-out,0.6,1,gather-scatter,0.8,1,fan-out,0.6,1,gather-scatter,0.6,1,gather-scatter,0.8,1,gather-scatter,0.8,1,gather-scatter,0.8
amlc_01876,LI-Small,1,unknown,1.0,0.0009240834011057453,0,bipartite,0.00530209,0,fan-out,0.0031130869391520536,0,fan-out,0,,0.5,0,,0.5,0,,0.7,1,random,0.8,1,fan-out,0.8,0,,0.7,0,,0.5
amlc_01877,LI-Small,0,legit,1100.3590361445783,3.557337617246665e-05,0,bipartite,3.9124418e-05,0,bipartite,3.734889684932422e-05,0,bipartite,1,fan-out,0.6,1,fan-out,0.6,1,fan-out,0.8,1,gather-scatter,0.6,1,fan-out,0.8,1,gather-scatter,0.8,0,,0.5
amlc_01878,LI-Small,0,legit,1.0,0.16707635335331433,0,bipartite,0.4661354,0,bipartite,0.31660589780512094,0,bipartite,1,fan-in,0.6,1,fan-out,0.8,1,random,0.8,1,gather-scatter,0.8,1,gather-scatter,0.8,1,fan-out,0.8,0,,0.7
amlc_01879,LI-Small,0,legit,1103.0169082125603,7.576353547585064e-05,0,bipartite,4.034186e-05,0,bipartite,5.8052696575540385e-05,0,bipartite,1,gather-scatter,0.8,1,gather-scatter,0.6,1,fan-out,0.8,1,gather-scatter,0.8,1,gather-scatter,0.8,1,gather-scatter,0.8,1,gather-scatter,0.8
amlc_01880,LI-Small,1,unknown,1.0,0.0184787527318755,0,bipartite,0.067577004,0,bipartite,0.043027880072392985,0,bipartite,1,gather-scatter,0.6,1,fan-in,0.6,1,random,0.8,1,gather-scatter,0.8,1,gather-scatter,0.8,1,gather-scatter,0.8,1,stack,0.8
amlc_01881,LI-Small,0,legit,1136.4420289855072,0.00012094695734928649,0,bipartite,5.3578864e-05,0,bipartite,8.726291214300928e-05,0,bipartite,1,fan-out,0.6,1,gather-scatter,0.6,1,gather-scatter,0.8,1,gather-scatter,0.8,1,fan-in,0.8,1,fan-in,0.8,1,stack,0.8
amlc_01882,LI-Small,1,unknown,1.0,0.03872829118090126,0,bipartite,0.034174647,0,bipartite,0.03645146918156372,0,bipartite,1,fan-out,0.6,1,fan-out,0.6,1,fan-out,0.8,1,gather-scatter,0.8,1,fan-out,0.8,1,fan-out,0.8,1,fan-out,0.8
amlc_01883,LI-Small,1,unknown,1.0,0.000364953854868017,0,fan-in,0.002750316,0,fan-out,0.0015576349654243403,0,fan-out,0,,0.5,0,,0.5,1,fan-out,0.8,1,gather-scatter,0.6,1,fan-out,0.8,1,fan-out,0.8,0,,0.5
amlc_01884,LI-Small,0,legit,1136.4420289855072,3.557337617246665e-05,0,bipartite,3.19569e-05,0,bipartite,3.376513720508082e-05,0,bipartite,1,fan-out,0.6,1,fan-out,0.6,1,fan-out,0.6,1,gather-scatter,0.8,1,scatter-gather,0.8,0,,0.7,0,,0.5
amlc_01885,LI-Small,1,unknown,1.0,0.01613184260086773,0,bipartite,0.02630205,0,bipartite,0.02121694707252859,0,bipartite,1,fan-in,0.8,1,gather-scatter,0.6,1,fan-in,0.8,1,gather-scatter,0.6,1,fan-in,0.8,1,gather-scatter,0.8,1,gather-scatter,0.8
amlc_01886,LI-Small,0,legit,1100.3590361445783,3.516924534545716e-05,0,bipartite,4.5833585e-05,0,bipartite,4.050141533181755e-05,0,bipartite,1,fan-out,0.6,1,fan-out,0.8,1,fan-out,0.8,1,gather-scatter,0.8,1,fan-out,0.8,0,,0.7,0,,0.5
amlc_01887,LI-Small,0,legit,1100.3590361445783,3.650992831706246e-05,0,cycle,6.600424e-05,0,cycle,5.125708717690869e-05,0,cycle,1,fan-out,0.6,1,gather-scatter,0.6,1,fan-out,0.8,1,gather-scatter,0.6,1,gather-scatter,0.8,1,fan-out,0.8,1,gather-scatter,0.8
amlc_01888,LI-Small,1,unknown,1.0,0.012844864092063386,0,fan-out,0.011716092,0,fan-out,0.01228047823498223,0,fan-out,0,,0.5,0,,0.5,0,,0.5,0,,0.5,1,fan-out,0.8,1,fan-out,0.8,0,,0.5
amlc_01889,LI-Small,0,legit,1136.4420289855072,3.557337617246665e-05,0,fan-out,4.4585722e-05,0,bipartite,4.007954864431521e-05,0,fan-out,1,random,0.8,1,fan-out,0.8,1,random,0.8,1,gather-scatter,0.6,1,gather-scatter,0.8,1,random,0.8,0,,0.7
amlc_01890,LI-Small,0,legit,1103.0169082125603,0.0003872269371394992,0,fan-out,0.0016365027,0,fan-out,0.0010118648562515617,0,fan-out,1,fan-out,0.6,1,gather-scatter,0.6,1,fan-out,0.8,1,fan-out,0.8,1,fan-out,0.8,1,fan-out,0.8,0,,0.5
amlc_01891,LI-Small,0,legit,1136.4420289855072,3.557337617246665e-05,0,bipartite,3.3075416e-05,0,stack,3.4324394774046954e-05,0,stack,1,scatter-gather,0.8,1,gather-scatter,0.6,1,gather-scatter,0.6,1,gather-scatter,0.6,1,gather-scatter,0.8,1,random,0.8,1,gather-scatter,0.8
amlc_01892,LI-Small,1,unknown,1.0,0.011029282004020528,0,fan-in,0.025900107,0,fan-in,0.018464695558141626,0,fan-in,1,fan-in,0.6,1,fan-in,0.6,1,fan-in,0.6,1,gather-scatter,0.6,1,fan-in,0.8,1,fan-in,0.8,1,fan-in,0.8
amlc_01893,LI-Small,1,unknown,1.0,0.6269225354296617,1,fan-in,0.17218325,0,fan-in,0.3995528904250588,0,fan-in,1,fan-in,0.6,1,fan-in,0.6,1,scatter-gather,0.8,1,gather-scatter,0.6,1,fan-in,0.8,1,fan-in,0.8,1,fan-in,0.8
amlc_01894,LI-Small,0,legit,1.0,0.030072144191918244,0,stack,0.07331775,0,stack,0.05169494923028224,0,stack,1,fan-in,0.6,1,fan-in,0.6,1,fan-in,0.6,1,gather-scatter,0.8,1,fan-in,0.8,1,fan-in,0.8,1,fan-in,0.8
amlc_01895,LI-Small,0,legit,1.0,0.15468275816941315,0,stack,0.17523885,0,stack,0.1649607999707463,0,stack,1,fan-in,0.6,1,gather-scatter,0.6,1,fan-in,0.6,1,gather-scatter,0.6,1,fan-in,0.8,1,fan-in,0.8,1,fan-in,0.8
amlc_01896,LI-Small,0,legit,1136.4420289855072,0.00021220376878426623,0,cycle,0.00014311165,0,fan-out,0.00017765770573359554,0,fan-out,1,fan-out,0.8,1,gather-scatter,0.6,1,fan-out,0.8,1,gather-scatter,0.6,1,fan-out,0.8,1,gather-scatter,0.8,1,gather-scatter,0.8
amlc_01897,LI-Small,1,unknown,1.0,0.011446328327863848,0,bipartite,0.012343489,0,bipartite,0.011894908667012769,0,bipartite,1,fan-out,0.8,1,gather-scatter,0.6,1,fan-out,0.6,1,gather-scatter,0.6,1,gather-scatter,0.8,1,gather-scatter,0.8,1,gather-scatter,0.8
amlc_01898,LI-Small,0,legit,1136.4420289855072,0.0010619260263335902,0,bipartite,0.0013282595,0,bipartite,0.0011950927849246659,0,bipartite,1,scatter-gather,0.6,1,gather-scatter,0.8,1,fan-out,0.6,1,gather-scatter,0.8,1,gather-scatter,0.8,1,gather-scatter,0.8,1,gather-scatter,0.8
amlc_01899,LI-Small,0,legit,1136.4420289855072,0.00046793813459592516,0,bipartite,0.0023838573,0,fan-out,0.0014258976775036129,0,fan-out,0,,0.5,0,,0.5,1,gather-scatter,0.8,1,gather-scatter,0.6,1,fan-out,0.8,1,fan-out,0.8,0,,0.5
amlc_01900,LI-Small,0,legit,1136.4420289855072,0.0006371164930127336,0,bipartite,0.0011228131,0,bipartite,0.000879964832127083,0,bipartite,1,fan-out,0.8,1,fan-out,0.6,1,fan-out,0.6,1,gather-scatter,0.6,1,fan-out,0.8,1,fan-out,0.8,1,fan-out,0.8
amlc_01901,LI-Small,1,unknown,1.0,0.04902812168280823,0,bipartite,0.2074687,0,stack,0.128248412535988,0,stack,1,fan-out,0.6,1,fan-out,0.6,1,fan-out,0.8,1,random,0.8,1,fan-out,0.8,1,scatter-gather,0.8,1,fan-out,0.8
amlc_01902,LI-Small,1,unknown,1.0,0.0025325628821056814,0,fan-in,0.0031641454,0,fan-in,0.0028483539532995093,0,fan-in,1,fan-out,0.6,1,fan-out,0.6,1,fan-out,0.6,1,gather-scatter,0.6,1,scatter-gather,0.8,1,scatter-gather,0.8,1,fan-out,0.8
amlc_01903,LI-Small,1,unknown,1.0,0.016605765155207203,0,bipartite,0.02838012,0,stack,0.022492943595474504,0,stack,1,fan-out,0.6,1,fan-out,0.6,1,scatter-gather,0.8,1,gather-scatter,0.6,1,fan-out,0.8,1,gather-scatter,0.8,1,random,0.8
amlc_01904,LI-Small,1,unknown,1.0,0.0052009549025755384,0,fan-in,0.00533047,0,fan-in,0.005265712390482985,0,fan-in,1,gather-scatter,0.6,1,gather-scatter,0.6,1,gather-scatter,0.8,1,gather-scatter,0.6,1,gather-scatter,0.8,1,fan-out,0.8,1,gather-scatter,0.8
amlc_01905,LI-Small,0,legit,1136.4420289855072,3.516924534545716e-05,0,bipartite,1.7651773e-05,0,bipartite,2.641050896156099e-05,0,bipartite,1,fan-out,0.6,1,scatter-gather,0.8,1,fan-out,0.8,1,gather-scatter,0.8,1,fan-out,0.8,1,scatter-gather,0.8,0,,0.5
amlc_01906,LI-Small,0,legit,1136.4420289855072,3.516924534545716e-05,0,bipartite,1.424055e-05,0,bipartite,2.4704897440386557e-05,0,bipartite,1,gather-scatter,0.8,1,fan-out,0.8,1,gather-scatter,0.8,1,gather-scatter,0.6,1,gather-scatter,0.8,1,gather-scatter,0.8,1,gather-scatter,0.8
amlc_01907,LI-Small,1,unknown,1.0,0.00042825077007820707,0,bipartite,0.0021470229,0,fan-out,0.001287636737336022,0,fan-out,1,fan-out,0.6,1,fan-out,0.8,1,fan-out,0.8,1,gather-scatter,0.8,1,fan-out,0.8,0,,0.7,0,,0.5
amlc_01908,LI-Small,1,random,1.0,0.0003926849749965616,0,bipartite,0.0004794571,0,bipartite,0.0004360710474709992,0,bipartite,1,fan-out,0.6,1,gather-scatter,0.6,1,fan-out,0.8,1,gather-scatter,0.6,1,scatter-gather,0.8,1,gather-scatter,0.8,1,fan-out,0.8
amlc_01909,LI-Small,0,legit,1.0,0.7020003043006835,1,stack,0.7844239,1,bipartite,0.743212107936093,1,stack,1,fan-out,0.6,1,fan-out,0.6,1,fan-out,0.6,1,gather-scatter,0.6,1,fan-out,0.8,1,fan-out,0.8,1,fan-out,0.8
amlc_01910,LI-Small,1,unknown,1.0,0.0045438708044316396,0,bipartite,0.004025438,0,bipartite,0.004284654150517088,0,bipartite,1,random,0.8,1,random,0.8,0,,0.7,1,gather-scatter,0.6,1,fan-in,0.8,1,fan-in,0.8,1,fan-in,0.8
amlc_01911,LI-Small,1,unknown,1.0,0.0006737481621498392,0,fan-out,0.001799254,0,fan-out,0.0012365010825653635,0,fan-out,1,fan-out,0.6,1,fan-out,0.6,1,fan-out,0.8,1,gather-scatter,0.6,1,fan-out,0.8,0,,0.7,0,,0.5
amlc_01912,LI-Small,0,legit,1103.0169082125603,0.0021833142469458258,0,bipartite,0.011946724,0,fan-out,0.007065018649157507,0,fan-out,1,fan-out,0.6,1,fan-out,0.6,1,fan-out,0.8,1,gather-scatter,0.8,1,fan-out,0.8,0,,0.7,0,,0.5
amlc_01913,LI-Small,0,legit,1.0,0.4034371901956371,0,stack,0.43077907,0,bipartite,0.4171081209881689,0,stack,1,fan-out,0.8,1,gather-scatter,0.6,1,fan-out,0.8,1,gather-scatter,0.8,1,fan-out,0.8,1,gather-scatter,0.8,1,fan-out,0.8
amlc_01914,LI-Small,0,legit,1100.3590361445783,3.557337617246665e-05,0,bipartite,4.006474e-05,0,bipartite,3.781905868021421e-05,0,bipartite,1,fan-out,0.6,1,fan-out,0.6,1,fan-out,0.8,1,gather-scatter,0.6,1,gather-scatter,0.8,1,gather-scatter,0.8,1,gather-scatter,0.8
amlc_01915,LI-Small,0,legit,1136.4420289855072,0.00011439237113617003,0,bipartite,6.9452406e-05,0,bipartite,9.192238603331436e-05,0,bipartite,1,fan-out,0.6,1,fan-out,0.6,1,fan-out,0.8,1,gather-scatter,0.6,1,fan-out,0.8,1,gather-scatter,0.8,1,gather-scatter,0.8
amlc_01916,LI-Small,0,legit,1103.0169082125603,3.557337617246665e-05,0,bipartite,3.804989e-05,0,stack,3.681163213553954e-05,0,stack,1,bipartite,0.8,1,stack,0.8,0,,0.7,1,gather-scatter,0.6,1,stack,0.8,1,gather-scatter,0.8,1,stack,0.8
amlc_01917,LI-Small,1,unknown,1.0,0.00048821528701182854,0,fan-out,0.007505621,0,fan-out,0.003996918011820299,0,fan-out,0,,0.5,0,,0.5,1,gather-scatter,0.8,1,bipartite,0.8,1,fan-out,0.8,1,fan-out,0.8,0,,0.5
amlc_01918,LI-Small,0,legit,1136.4420289855072,0.00026138816692567796,0,bipartite,0.0001732899,0,stack,0.00021733903308715388,0,stack,1,fan-out,0.6,1,fan-out,0.6,1,fan-out,0.6,1,gather-scatter,0.8,1,gather-scatter,0.8,1,gather-scatter,0.8,1,fan-out,0.8
amlc_01919,LI-Small,0,legit,1.0,0.027828098087291704,0,bipartite,0.13904786,0,bipartite,0.08343797884820937,0,bipartite,1,fan-out,0.6,1,fan-out,0.8,1,fan-out,0.6,1,fan-out,0.6,1,fan-out,0.8,1,fan-out,0.8,1,fan-out,0.8
amlc_01920,LI-Small,0,legit,1100.3590361445783,0.00026325973954858986,0,random,6.574169e-05,0,stack,0.0001645007137808333,0,stack,1,fan-out,0.6,1,fan-out,0.6,1,fan-out,0.6,1,gather-scatter,0.8,1,fan-out,0.8,1,fan-out,0.8,0,,0.5
amlc_01921,LI-Small,0,legit,1100.3590361445783,3.516924534545716e-05,0,bipartite,2.287787e-05,0,bipartite,2.902355708894771e-05,0,bipartite,1,fan-out,0.6,1,scatter-gather,0.6,1,fan-out,0.6,1,gather-scatter,0.6,1,fan-out,0.8,1,fan-out,0.8,1,fan-out,0.8
amlc_01922,LI-Small,0,legit,1103.0169082125603,0.005241851018394077,0,bipartite,0.003731468,0,bipartite,0.004486659529445094,0,bipartite,1,gather-scatter,0.6,1,gather-scatter,0.6,1,random,0.8,1,gather-scatter,0.8,0,,0.7,0,,0.7,1,gather-scatter,0.8
amlc_01923,LI-Small,0,legit,1103.0169082125603,3.557337617246665e-05,0,bipartite,2.4820814e-05,0,bipartite,3.019709544827346e-05,0,bipartite,1,fan-out,0.6,1,stack,0.8,1,random,0.8,1,gather-scatter,0.6,1,fan-out,0.8,1,fan-out,0.8,1,fan-out,0.8
amlc_01924,LI-Small,0,legit,1.0,0.006572677468494316,0,bipartite,0.051271886,0,bipartite,0.02892228117845244,0,bipartite,1,gather-scatter,0.6,1,gather-scatter,0.6,1,gather-scatter,0.8,1,gather-scatter,0.6,1,gather-scatter,0.8,1,gather-scatter,0.8,1,gather-scatter,0.8
amlc_01925,LI-Small,0,legit,1103.0169082125603,0.001412697338877169,0,bipartite,0.001147799,0,bipartite,0.0012802481557735788,0,bipartite,1,fan-out,0.6,1,fan-out,0.6,1,fan-out,0.6,1,fan-out,0.8,1,fan-out,0.8,1,gather-scatter,0.8,1,fan-out,0.8
amlc_01926,LI-Small,0,legit,1136.4420289855072,3.516924534545716e-05,0,bipartite,1.2088832e-05,0,bipartite,2.3629038240613733e-05,0,bipartite,1,fan-out,0.6,1,fan-out,0.8,1,random,0.8,1,gather-scatter,0.6,1,fan-out,0.8,1,fan-out,0.8,1,fan-out,0.8
amlc_01927,LI-Small,1,unknown,1.0,0.0005736221236965001,0,fan-out,0.028354306,0,bipartite,0.014463963948834983,0,fan-out,0,,0.5,0,,0.5,1,fan-out,0.6,1,scatter-gather,0.6,1,fan-out,0.8,1,fan-out,0.8,0,,0.5
amlc_01928,LI-Small,0,legit,1.0,0.7869071010506374,1,stack,0.65040493,1,bipartite,0.7186560275036207,1,stack,1,fan-out,0.6,1,fan-out,0.8,1,fan-out,0.8,1,gather-scatter,0.6,1,fan-out,0.8,1,fan-out,0.8,1,fan-out,0.8
amlc_01929,LI-Small,0,legit,1136.4420289855072,3.516924534545716e-05,0,bipartite,2.6493313e-05,0,bipartite,3.083127912643118e-05,0,bipartite,1,fan-out,0.6,1,fan-out,0.6,1,fan-out,0.6,1,random,0.8,1,fan-out,0.8,1,fan-out,0.8,1,gather-scatter,0.8
amlc_01930,LI-Small,0,legit,1136.4420289855072,3.526862127697342e-05,0,bipartite,2.3565877e-05,0,stack,2.9417247783230918e-05,0,stack,1,random,0.8,1,random,0.8,0,,0.7,1,fan-out,0.6,1,gather-scatter,0.8,0,,0.7,1,random,0.8
amlc_01931,LI-Small,0,legit,1.0,0.03195021901083272,0,bipartite,0.044775344,0,bipartite,0.03836278172111651,0,bipartite,1,fan-out,0.6,1,fan-out,0.6,1,fan-out,0.8,1,fan-out,0.6,1,fan-out,0.8,1,fan-out,0.8,1,fan-out,0.8
amlc_01932,LI-Small,0,legit,1103.0169082125603,0.0015596264351306,0,bipartite,0.015325253,0,fan-out,0.008442439061224345,0,fan-out,1,fan-out,0.8,1,scatter-gather,0.6,0,,0.7,1,gather-scatter,0.6,1,fan-out,0.8,1,fan-out,0.8,0,,0.5
amlc_01933,LI-Small,1,unknown,1.0,0.0008145597930424199,0,bipartite,0.0015342066,0,fan-out,0.0011743832113865905,0,fan-out,0,,0.5,0,,0.5,0,fan-out,0.7,1,gather-scatter,0.8,1,fan-out,0.8,1,fan-out,0.8,0,,0.5
amlc_01934,LI-Small,1,unknown,1.0,0.0191577001827072,0,fan-in,0.10893556,0,fan-in,0.06404663172449225,0,fan-in,1,fan-in,0.6,1,fan-in,0.6,1,fan-in,0.6,1,gather-scatter,0.6,1,fan-in,0.8,1,fan-in,0.8,1,fan-in,0.8
amlc_01935,LI-Small,0,legit,1100.3590361445783,3.557337617246665e-05,0,bipartite,4.5466026e-05,0,bipartite,4.051970169752021e-05,0,bipartite,1,fan-out,0.6,1,fan-out,0.6,1,fan-out,0.8,1,gather-scatter,0.6,1,gather-scatter,0.8,1,gather-scatter,0.8,1,gather-scatter,0.8
amlc_01936,LI-Small,1,unknown,1.0,0.03346779326237616,0,bipartite,0.03959543,0,bipartite,0.03653161143083064,0,bipartite,1,random,0.8,1,stack,0.8,1,cycle,0.8,1,gather-scatter,0.8,1,gather-scatter,0.8,1,gather-scatter,0.8,1,gather-scatter,0.8
amlc_01937,LI-Small,0,legit,1100.3590361445783,0.00023993367065540017,0,bipartite,0.00017651857,0,stack,0.00020822612567853398,0,stack,1,fan-out,0.6,1,scatter-gather,0.6,1,gather-scatter,0.8,1,cycle,0.8,1,gather-scatter,0.8,1,gather-scatter,0.8,1,gather-scatter,0.8
amlc_01938,LI-Small,1,unknown,1.0,0.0035292633765939283,0,fan-in,0.012217303,0,fan-in,0.007873283184766938,0,fan-in,1,fan-in,0.6,1,fan-in,0.6,1,fan-in,0.6,1,gather-scatter,0.6,1,fan-in,0.8,1,fan-in,0.8,1,fan-in,0.8
amlc_01939,LI-Small,1,unknown,1.0,0.32614285045034525,0,random,0.3648389,0,cycle,0.3454908534545046,0,cycle,1,fan-out,0.6,1,gather-scatter,0.6,1,fan-out,0.6,1,fan-out,0.8,1,scatter-gather,0.8,1,gather-scatter,0.8,1,gather-scatter,0.8
amlc_01940,LI-Small,1,unknown,1.0,0.007491463874933527,0,fan-in,0.034127858,0,fan-in,0.020809661450563573,0,fan-in,1,fan-in,0.6,1,fan-in,0.6,1,fan-in,0.6,1,gather-scatter,0.6,1,fan-in,0.8,1,fan-in,0.8,1,fan-in,0.8
amlc_01941,LI-Small,0,legit,1.0,0.483320642820473,1,fan-in,0.16428289,0,fan-in,0.32380176251703274,0,fan-in,1,gather-scatter,0.6,1,gather-scatter,0.6,1,random,0.8,1,gather-scatter,0.6,1,scatter-gather,0.8,1,gather-scatter,0.8,1,gather-scatter,0.8
amlc_01942,LI-Small,1,unknown,1.0,0.011523101798951173,0,stack,0.015318632,0,stack,0.013420867241799606,0,stack,1,fan-out,0.6,1,fan-out,0.8,0,,0.7,1,gather-scatter,0.8,1,fan-out,0.8,1,fan-out,0.8,1,fan-out,0.8
amlc_01943,LI-Small,1,unknown,1.0,0.014725542621595911,0,cycle,0.03239537,0,cycle,0.02356045562489989,0,cycle,1,fan-out,0.6,1,fan-out,0.6,1,fan-out,0.6,1,gather-scatter,0.8,1,fan-out,0.8,1,fan-out,0.8,1,fan-out,0.8
amlc_01944,LI-Small,1,unknown,1.0,0.010746390192838705,0,fan-in,0.07515919,0,fan-in,0.04295279188411047,0,fan-in,1,fan-in,0.6,1,fan-in,0.6,1,fan-in,0.6,1,gather-scatter,0.6,1,fan-in,0.8,1,fan-in,0.8,1,fan-in,0.8
amlc_01945,LI-Small,0,legit,1100.3590361445783,3.557337617246665e-05,0,bipartite,3.362484e-05,0,bipartite,3.459910928580793e-05,0,bipartite,1,fan-out,0.6,1,fan-out,0.6,1,fan-out,0.6,1,random,0.8,1,fan-out,0.8,1,fan-out,0.8,0,,0.5
amlc_01946,LI-Small,1,unknown,1.0,0.11177078702364511,0,stack,0.09932776,0,fan-out,0.10554927099900517,0,fan-out,1,fan-out,0.6,1,fan-out,0.6,1,fan-out,0.6,1,bipartite,0.8,1,fan-out,0.8,1,fan-out,0.8,0,,0.5
amlc_01947,LI-Small,1,unknown,1.0,0.007660610196625416,0,bipartite,0.023848826,0,bipartite,0.01575471813114247,0,bipartite,1,fan-out,0.6,1,fan-in,0.6,1,fan-out,0.6,1,gather-scatter,0.8,1,fan-out,0.8,1,fan-out,0.8,1,fan-out,0.8
amlc_01948,LI-Small,0,legit,1.0,0.5683636651801173,1,stack,0.22119328,0,fan-out,0.3947784834289106,0,fan-out,1,fan-out,0.8,1,fan-out,0.6,1,fan-out,0.8,1,gather-scatter,0.6,1,scatter-gather,0.8,1,gather-scatter,0.8,1,scatter-gather,0.8
amlc_01949,LI-Small,0,legit,1103.0169082125603,3.557337617246665e-05,0,bipartite,2.3257755e-05,0,bipartite,2.9415565377747398e-05,0,bipartite,1,fan-in,0.8,1,gather-scatter,0.6,1,gather-scatter,0.8,1,gather-scatter,0.6,1,gather-scatter,0.8,1,scatter-gather,0.8,1,gather-scatter,0.8
amlc_01950,LI-Small,0,legit,1103.0169082125603,0.002339381102455902,0,fan-in,0.002484546,0,fan-in,0.002411963572717333,0,fan-in,1,fan-in,0.6,1,fan-in,0.6,1,fan-in,0.6,1,gather-scatter,0.6,1,fan-in,0.8,1,fan-in,0.8,1,fan-in,0.8
amlc_01951,LI-Small,1,unknown,1.0,0.0006754110742710946,0,fan-out,0.0018306419,0,fan-out,0.0012530265230860768,0,fan-out,0,,0.5,0,,0.5,1,fan-out,0.8,1,gather-scatter,0.6,1,fan-out,0.8,0,,0.7,0,,0.5
amlc_01952,LI-Small,1,unknown,1.0,0.005893723970452852,0,fan-in,0.026676869,0,fan-in,0.016285297053952964,0,fan-in,1,fan-out,0.6,1,fan-in,0.6,1,fan-in,0.6,1,gather-scatter,0.6,1,fan-in,0.8,1,gather-scatter,0.8,1,fan-in,0.8
amlc_01953,LI-Small,0,legit,1103.0169082125603,3.526862127697342e-05,0,bipartite,1.944629e-05,0,stack,2.7357456014970152e-05,0,stack,1,fan-out,0.6,1,fan-out,0.6,1,fan-out,0.6,1,gather-scatter,0.8,1,fan-out,0.8,1,gather-scatter,0.8,1,gather-scatter,0.8
amlc_01954,LI-Small,0,legit,1.0,0.6366345108845399,1,random,0.7732469,1,cycle,0.7049406856943452,1,cycle,1,fan-out,0.8,1,fan-out,0.6,1,gather-scatter,0.6,1,cycle,0.8,1,fan-out,0.8,1,gather-scatter,0.8,1,scatter-gather,0.8
amlc_01955,LI-Small,1,stack,1.0,0.051809930779760906,0,cycle,0.032193467,0,cycle,0.042001699645432745,0,cycle,1,fan-out,0.6,1,fan-out,0.6,1,fan-out,0.8,1,gather-scatter,0.6,1,gather-scatter,0.8,1,gather-scatter,0.8,1,fan-out,0.8
amlc_01956,LI-Small,1,stack,1.0,0.863269478450819,1,random,0.8934587,1,cycle,0.8783640833549718,1,cycle,1,fan-out,0.6,1,fan-in,0.8,1,fan-out,0.6,1,gather-scatter,0.6,1,fan-out,0.8,1,fan-out,0.8,1,gather-scatter,0.8
amlc_01957,LI-Small,1,unknown,1.0,0.04967283124319943,0,bipartite,0.06721161,0,bipartite,0.05844222438629584,0,bipartite,1,fan-in,0.6,1,fan-out,0.6,1,fan-in,0.8,1,fan-in,0.6,1,fan-in,0.8,0,,0.7,1,fan-in,0.8
amlc_01958,LI-Small,0,legit,1136.4420289855072,3.526862127697342e-05,0,bipartite,2.5426523e-05,0,stack,3.0347573187855374e-05,0,stack,1,gather-scatter,0.6,1,fan-in,0.6,1,fan-in,0.6,1,gather-scatter,0.8,1,gather-scatter,0.8,1,gather-scatter,0.8,1,gather-scatter,0.8
amlc_01959,LI-Small,1,unknown,1.0,0.003379658747741183,0,bipartite,0.0035641533,0,bipartite,0.003471905946869949,0,bipartite,1,scatter-gather,0.8,1,fan-out,0.6,1,fan-out,0.8,1,gather-scatter,0.6,1,gather-scatter,0.8,1,gather-scatter,0.8,1,gather-scatter,0.8
amlc_01960,LI-Small,0,legit,1100.3590361445783,6.795368202645592e-05,0,fan-in,3.4889214e-05,0,fan-out,5.142144834202611e-05,0,fan-out,1,fan-out,0.6,1,fan-out,0.6,1,fan-out,0.6,1,gather-scatter,0.8,1,gather-scatter,0.8,1,gather-scatter,0.8,1,gather-scatter,0.8
amlc_01961,LI-Small,1,unknown,1.0,0.029509156767595534,0,bipartite,0.053090405,0,bipartite,0.04129978074335492,0,bipartite,1,fan-in,0.8,1,fan-in,0.6,1,fan-in,0.8,1,fan-in,0.6,1,fan-in,0.8,1,fan-in,0.8,0,,0.7
amlc_01962,LI-Small,1,unknown,1.0,0.004633279632600207,0,bipartite,0.013833998,0,bipartite,0.009233638795004318,0,bipartite,1,fan-in,0.6,1,fan-in,0.6,1,fan-in,0.8,1,gather-scatter,0.6,1,fan-in,0.8,1,fan-in,0.8,1,fan-in,0.8
amlc_01963,LI-Small,0,legit,1136.4420289855072,3.557337617246665e-05,0,bipartite,2.8750317e-05,0,bipartite,3.2161847021087295e-05,0,bipartite,1,scatter-gather,0.8,1,cycle,0.8,1,scatter-gather,0.6,1,gather-scatter,0.8,1,gather-scatter,0.8,1,gather-scatter,0.8,1,gather-scatter,0.8
amlc_01964,LI-Small,1,unknown,1.0,0.003419926731591188,0,bipartite,0.020113282,0,bipartite,0.011766604784282427,0,bipartite,1,fan-out,0.6,1,fan-out,0.8,1,scatter-gather,0.8,1,gather-scatter,0.8,1,fan-out,0.8,1,fan-out,0.8,1,fan-out,0.8
amlc_01965,LI-Small,1,unknown,1.0,0.0031563160102050527,0,fan-in,0.03062104,0,fan-in,0.016888675703628907,0,fan-in,1,gather-scatter,0.6,1,gather-scatter,0.6,1,gather-scatter,0.6,1,gather-scatter,0.6,1,fan-in,0.8,1,fan-in,0.8,1,fan-in,0.8
amlc_01966,LI-Small,0,legit,1136.4420289855072,0.00011439237113617003,0,bipartite,4.928305e-05,0,bipartite,8.183771342059419e-05,0,bipartite,1,fan-out,0.6,1,fan-out,0.6,1,fan-out,0.6,1,random,0.8,1,fan-out,0.8,1,fan-out,0.8,0,,0.5
amlc_01967,LI-Small,0,legit,1.0,0.049833820689463244,0,bipartite,0.105525695,0,bipartite,0.07767975848354083,0,bipartite,1,gather-scatter,0.6,1,stack,0.8,0,,0.7,1,gather-scatter,0.6,1,scatter-gather,0.8,1,gather-scatter,0.8,1,gather-scatter,0.8
amlc_01968,LI-Small,0,legit,1103.0169082125603,0.036329340152133245,0,bipartite,0.013878055,0,bipartite,0.025103697627628218,0,bipartite,1,fan-out,0.6,1,fan-out,0.6,1,fan-out,0.8,1,gather-scatter,0.8,1,fan-out,0.8,1,fan-out,0.8,1,fan-out,0.8
amlc_01969,LI-Small,0,legit,1136.4420289855072,0.00011439237113617003,0,bipartite,0.00011656339,0,stack,0.0001154778800778725,0,stack,1,fan-out,0.8,1,fan-out,0.8,1,gather-scatter,0.8,1,gather-scatter,0.8,1,fan-out,0.8,1,gather-scatter,0.8,1,gather-scatter,0.8
amlc_01970,LI-Small,0,legit,1136.4420289855072,3.557337617246665e-05,0,bipartite,2.911445e-05,0,stack,3.234391276277019e-05,0,stack,1,gather-scatter,0.6,1,fan-in,0.6,1,random,0.8,1,gather-scatter,0.6,1,gather-scatter,0.8,1,fan-in,0.8,1,gather-scatter,0.8
amlc_01971,LI-Small,1,unknown,1.0,0.0010806490573992845,0,fan-out,0.031332504,0,bipartite,0.016206575785761602,0,fan-out,0,,0.5,0,,0.5,1,fan-out,0.6,1,fan-out,0.8,1,fan-out,0.8,0,,0.7,0,,0.5
amlc_01972,LI-Small,1,unknown,1.0,0.020729074956410912,0,bipartite,0.02883641,0,bipartite,0.024782742165741216,0,bipartite,1,fan-out,0.8,1,gather-scatter,0.6,1,fan-out,0.8,1,gather-scatter,0.8,1,gather-scatter,0.8,1,gather-scatter,0.8,1,gather-scatter,0.8
amlc_01973,LI-Small,1,unknown,1.0,0.02548687149242602,0,bipartite,0.04472732,0,bipartite,0.035107096603294426,0,bipartite,1,fan-out,0.6,1,fan-out,0.6,1,fan-out,0.6,1,gather-scatter,0.8,1,fan-out,0.8,1,fan-out,0.8,0,,0.5
amlc_01974,LI-Small,0,legit,1.0,0.043856073470582194,0,bipartite,0.09682558,0,bipartite,0.07034082688474139,0,bipartite,1,cycle,0.8,1,fan-out,0.8,1,gather-scatter,0.8,1,gather-scatter,0.8,1,gather-scatter,0.8,0,,0.7,1,gather-scatter,0.8
amlc_01975,LI-Small,0,legit,1.0,0.8520070968391733,1,bipartite,0.6697824,1,bipartite,0.7608947306038061,1,bipartite,1,fan-out,0.8,1,gather-scatter,0.6,1,fan-out,0.6,1,gather-scatter,0.8,1,gather-scatter,0.8,1,gather-scatter,0.8,0,,0.5
amlc_01976,LI-Small,1,unknown,1.0,0.0010496083555703404,0,bipartite,0.0040913783,0,bipartite,0.0025704933517592668,0,bipartite,1,gather-scatter,0.6,1,fan-out,0.6,1,gather-scatter,0.6,1,gather-scatter,0.6,1,gather-scatter,0.8,1,gather-scatter,0.8,1,gather-scatter,0.8
amlc_01977,LI-Small,1,unknown,1.0,0.057972603132989006,0,stack,0.08111618,0,stack,0.0695443886472116,0,stack,1,fan-in,0.6,1,fan-in,0.8,1,fan-in,0.6,1,gather-scatter,0.8,1,fan-in,0.8,1,fan-in,0.8,1,fan-in,0.8
amlc_01978,LI-Small,0,legit,1.0,0.08971909231518943,0,bipartite,0.04801947,0,bipartite,0.06886928017723182,0,bipartite,1,fan-in,0.6,1,gather-scatter,0.6,1,gather-scatter,0.8,1,gather-scatter,0.6,1,fan-in,0.8,1,gather-scatter,0.8,1,gather-scatter,0.8
amlc_01979,LI-Small,0,legit,1100.3590361445783,3.516924534545716e-05,0,bipartite,1.5546759e-05,0,bipartite,2.535800194775089e-05,0,bipartite,1,scatter-gather,0.8,1,gather-scatter,0.6,1,scatter-gather,0.6,1,gather-scatter,0.6,1,gather-scatter,0.8,1,gather-scatter,0.8,1,gather-scatter,0.8
amlc_01980,LI-Small,0,legit,1136.4420289855072,0.000724687604987364,0,bipartite,0.004906888,0,fan-out,0.0028157877692996168,0,fan-out,1,fan-out,0.6,1,fan-out,0.6,1,fan-out,0.6,1,gather-scatter,0.8,1,fan-out,0.8,1,fan-out,0.8,0,,0.5
amlc_01981,LI-Small,1,unknown,1.0,0.001855191933010991,0,fan-in,0.0045969505,0,fan-in,0.003226071256222812,0,fan-in,1,fan-out,0.6,1,gather-scatter,0.8,1,fan-out,0.8,1,gather-scatter,0.6,1,gather-scatter,0.8,1,gather-scatter,0.8,1,fan-out,0.8
amlc_01982,LI-Small,0,legit,1.0,0.014616655238846204,0,bipartite,0.04784826,0,bipartite,0.03123245484053059,0,bipartite,1,fan-out,0.6,1,,0.6,1,gather-scatter,0.8,1,gather-scatter,0.6,1,fan-in,0.8,1,gather-scatter,0.8,1,gather-scatter,0.8
amlc_01983,LI-Small,0,legit,1100.3590361445783,3.516924534545716e-05,0,bipartite,1.9428111e-05,0,bipartite,2.729867837726357e-05,0,bipartite,1,fan-out,0.6,1,gather-scatter,0.6,1,fan-out,0.6,1,fan-out,0.8,1,fan-out,0.8,1,gather-scatter,0.8,0,,0.5
amlc_01984,LI-Small,1,unknown,1.0,0.0220851592930568,0,bipartite,0.016713006,0,bipartite,0.019399082950622475,0,bipartite,1,fan-out,0.6,1,fan-out,0.6,1,gather-scatter,0.8,1,gather-scatter,0.8,1,fan-out,0.8,1,gather-scatter,0.8,1,gather-scatter,0.8
amlc_01985,LI-Small,1,unknown,1.0,0.002403342666317605,0,fan-in,0.023072781,0,fan-in,0.01273806185379107,0,fan-in,1,gather-scatter,0.6,1,fan-in,0.6,1,random,0.8,1,gather-scatter,0.8,1,fan-in,0.8,1,gather-scatter,0.8,1,fan-in,0.8
amlc_01986,LI-Small,0,legit,1136.4420289855072,3.516924534545716e-05,0,bipartite,1.6743847e-05,0,bipartite,2.5956546413652687e-05,0,bipartite,1,fan-out,0.6,1,stack,0.8,1,fan-in,0.6,1,gather-scatter,0.6,1,gather-scatter,0.8,1,gather-scatter,0.8,1,gather-scatter,0.8
amlc_01987,LI-Small,0,legit,1136.4420289855072,0.0010305815750031669,0,fan-in,0.0025030042,0,fan-in,0.0017667928664594392,0,fan-in,1,gather-scatter,0.6,1,fan-in,0.6,1,fan-in,0.6,1,gather-scatter,0.8,1,fan-in,0.8,1,fan-in,0.8,1,fan-in,0.8
amlc_01988,LI-Small,0,legit,1136.4420289855072,3.557337617246665e-05,0,bipartite,2.6307092e-05,0,bipartite,3.0940233746549336e-05,0,bipartite,1,stack,0.8,1,fan-out,0.6,1,gather-scatter,0.8,1,gather-scatter,0.6,1,gather-scatter,0.8,1,gather-scatter,0.8,1,gather-scatter,0.8
amlc_01989,LI-Small,1,unknown,1.0,0.032947934481622226,0,bipartite,0.055322386,0,bipartite,0.04413515965795589,0,bipartite,1,fan-out,0.6,1,fan-out,0.6,1,gather-scatter,0.8,1,gather-scatter,0.6,1,gather-scatter,0.8,1,gather-scatter,0.8,1,gather-scatter,0.8
amlc_01990,LI-Small,1,unknown,1.0,0.0018100038683998589,0,fan-in,0.0026832814,0,fan-in,0.0022466426971846825,0,fan-in,1,fan-in,0.6,1,fan-in,0.6,1,fan-in,0.8,1,gather-scatter,0.6,1,fan-in,0.8,1,gather-scatter,0.8,1,fan-in,0.8
amlc_01991,LI-Small,0,legit,1100.3590361445783,3.516924534545716e-05,0,bipartite,3.0157342e-05,0,bipartite,3.266329467689371e-05,0,bipartite,1,fan-out,0.6,1,fan-out,0.8,1,fan-out,0.8,1,gather-scatter,0.8,1,fan-out,0.8,1,scatter-gather,0.8,1,scatter-gather,0.8
amlc_01992,LI-Small,1,unknown,1.0,0.04440362213783862,0,bipartite,0.035611384,0,bipartite,0.04000750306364596,0,bipartite,1,random,0.8,1,fan-out,0.8,1,fan-out,0.6,1,gather-scatter,0.6,1,scatter-gather,0.8,1,stack,0.8,1,scatter-gather,0.8
amlc_01993,LI-Small,0,legit,1100.3590361445783,0.0011790308320498912,0,cycle,0.00089225546,0,stack,0.0010356431436526997,0,cycle,1,gather-scatter,0.6,1,gather-scatter,0.6,1,random,0.8,1,gather-scatter,0.6,1,gather-scatter,0.8,1,gather-scatter,0.8,1,gather-scatter,0.8
amlc_01994,LI-Small,0,legit,1.0,0.8364244880381776,1,cycle,0.95942897,1,cycle,0.89792676876503,1,cycle,1,scatter-gather,0.8,1,stack,0.8,1,fan-out,0.8,1,gather-scatter,0.6,1,fan-out,0.8,1,random,0.8,1,random,0.8
amlc_01995,LI-Small,1,unknown,1.0,0.013424690171564238,0,stack,0.014119027,0,stack,0.013771858583879776,0,stack,1,random,0.8,1,cycle,0.8,1,gather-scatter,0.6,1,gather-scatter,0.6,1,stack,0.8,1,gather-scatter,0.8,1,gather-scatter,0.8
amlc_01996,LI-Small,0,legit,1.0,0.548748317868481,1,scatter-gather,0.08832395,0,stack,0.31853613357294097,0,scatter-gather,1,gather-scatter,0.6,1,scatter-gather,0.6,1,fan-out,0.6,1,gather-scatter,0.6,1,gather-scatter,0.8,1,stack,0.8,1,stack,0.8
amlc_01997,LI-Small,1,unknown,1.0,0.04912327494218274,0,bipartite,0.03988523,0,bipartite,0.04450425246603451,0,bipartite,1,legitimate,0.8,1,gather-scatter,0.6,1,fan-out,0.8,1,gather-scatter,0.6,1,gather-scatter,0.8,1,scatter-gather,0.8,1,gather-scatter,0.8
amlc_01998,LI-Small,1,unknown,1.0,0.006059085793475798,0,bipartite,0.0124783395,0,stack,0.009268712919046726,0,stack,1,fan-in,0.6,1,fan-in,0.6,1,fan-in,0.8,1,gather-scatter,0.6,1,fan-in,0.8,1,fan-in,0.8,1,fan-in,0.8
amlc_01999,LI-Small,0,legit,1136.4420289855072,0.00011439237113617003,0,bipartite,3.9238334e-05,0,bipartite,7.681535271016702e-05,0,bipartite,1,fan-out,0.8,1,fan-out,0.6,1,fan-out,0.6,1,gather-scatter,0.6,1,fan-out,0.8,1,fan-out,0.8,0,,0.5
amlc_02000,LI-Small,1,unknown,1.0,0.13721772604022098,0,fan-in,0.23008128,0,fan-in,0.1836494961025003,0,fan-in,1,fan-in,0.6,1,fan-in,0.6,1,fan-in,0.6,1,gather-scatter,0.6,1,fan-in,0.8,1,gather-scatter,0.8,1,fan-in,0.8
amlc_02001,LI-Small,1,unknown,1.0,0.016878539634294785,0,bipartite,0.031814955,0,bipartite,0.024346746659550805,0,bipartite,1,fan-out,0.6,1,fan-out,0.6,1,fan-out,0.6,1,gather-scatter,0.8,1,gather-scatter,0.8,1,fan-out,0.8,1,gather-scatter,0.8
amlc_02002,LI-Small,0,legit,1100.3590361445783,3.516924534545716e-05,0,bipartite,1.3004683e-05,0,bipartite,2.4086964366432365e-05,0,bipartite,1,scatter-gather,0.6,1,fan-out,0.8,1,fan-out,0.8,1,gather-scatter,0.8,1,fan-out,0.8,1,gather-scatter,0.8,1,fan-out,0.8
amlc_02003,LI-Small,0,legit,1136.4420289855072,0.00010534001583445891,0,bipartite,6.66695e-05,0,stack,8.600475825009905e-05,0,stack,1,fan-in,0.6,1,fan-in,0.6,1,fan-in,0.6,1,gather-scatter,0.6,1,fan-in,0.8,1,fan-in,0.8,1,fan-in,0.8
amlc_02004,LI-Small,1,unknown,1.0,0.0034173030295999093,0,bipartite,0.0083506545,0,bipartite,0.005883978720830443,0,bipartite,1,fan-in,0.8,1,scatter-gather,0.8,1,bipartite,0.8,1,gather-scatter,0.8,1,gather-scatter,0.8,1,gather-scatter,0.8,1,gather-scatter,0.8
amlc_02005,LI-Small,0,legit,1.0,0.3767983172239565,0,fan-out,0.59246194,1,bipartite,0.48463014234610907,1,fan-out,1,gather-scatter,0.6,1,gather-scatter,0.6,1,fan-out,0.8,1,gather-scatter,0.8,1,gather-scatter,0.8,1,gather-scatter,0.8,1,gather-scatter,0.8
amlc_02006,LI-Small,1,unknown,1.0,0.04230931290643393,0,bipartite,0.050023068,0,bipartite,0.04616619069703906,0,bipartite,1,gather-scatter,0.6,1,fan-out,0.6,1,fan-in,0.6,1,gather-scatter,0.6,1,gather-scatter,0.8,1,gather-scatter,0.8,1,gather-scatter,0.8
amlc_02007,LI-Small,0,legit,1136.4420289855072,3.557337617246665e-05,0,bipartite,2.3924697e-05,0,bipartite,2.974903543003019e-05,0,bipartite,1,fan-out,0.6,1,fan-out,0.6,1,gather-scatter,0.8,1,gather-scatter,0.6,1,gather-scatter,0.8,1,stack,0.8,1,gather-scatter,0.8
amlc_02008,LI-Small,1,unknown,1.0,0.06680251143508972,0,bipartite,0.030869484,0,bipartite,0.04883599843647988,0,bipartite,1,fan-out,0.6,1,fan-out,0.6,1,fan-out,0.8,1,fan-out,0.6,1,fan-out,0.8,1,fan-out,0.8,1,fan-out,0.8
amlc_02009,LI-Small,1,unknown,1.0,0.03627005481520219,0,fan-in,0.056308277,0,fan-in,0.04628916439314149,0,fan-in,1,fan-in,0.6,0,,0.7,1,fan-in,0.8,1,gather-scatter,0.6,1,fan-in,0.8,1,fan-in,0.8,1,fan-in,0.8
amlc_02010,LI-Small,0,legit,1100.3590361445783,3.516924534545716e-05,0,bipartite,1.9288345e-05,0,bipartite,2.7228795532863442e-05,0,bipartite,1,fan-out,0.6,1,stack,0.8,1,fan-out,0.6,1,gather-scatter,0.6,1,gather-scatter,0.8,1,gather-scatter,0.8,0,,0.5
amlc_02011,LI-Small,0,legit,1136.4420289855072,3.557337617246665e-05,0,bipartite,2.4606703e-05,0,bipartite,3.009004010022035e-05,0,bipartite,1,gather-scatter,0.6,1,scatter-gather,0.6,1,fan-out,0.8,1,gather-scatter,0.8,1,scatter-gather,0.8,1,gather-scatter,0.8,1,gather-scatter,0.8
amlc_02012,LI-Small,1,unknown,1.0,0.008815229680863661,0,bipartite,0.03118596,0,bipartite,0.020000596156581067,0,bipartite,1,fan-in,0.6,1,gather-scatter,0.8,1,fan-in,0.8,1,random,0.8,1,fan-in,0.8,1,fan-in,0.8,1,fan-in,0.8
amlc_02013,LI-Small,0,legit,1.0,0.07401936069697715,0,bipartite,0.17822544,0,bipartite,0.12612239875182796,0,bipartite,0,cycle,0.7,1,stack,0.8,0,,0.7,1,gather-scatter,0.8,0,,0.7,1,stack,0.8,1,scatter-gather,0.8
amlc_02014,LI-Small,1,unknown,1.0,0.019510879264303685,0,bipartite,0.16754211,0,bipartite,0.09352649258873295,0,bipartite,1,fan-in,0.8,1,bipartite,0.8,1,random,0.8,1,gather-scatter,0.8,1,cycle,0.8,1,cycle,0.8,1,cycle,0.8
amlc_02015,LI-Small,0,legit,1136.4420289855072,3.557337617246665e-05,0,random,5.3396227e-05,0,bipartite,4.448480173817951e-05,0,bipartite,1,scatter-gather,0.8,1,fan-out,0.8,1,gather-scatter,0.8,1,gather-scatter,0.6,1,gather-scatter,0.8,1,stack,0.8,1,gather-scatter,0.8
amlc_02016,LI-Small,0,legit,1103.0169082125603,3.557337617246665e-05,0,bipartite,2.210354e-05,0,bipartite,2.883845824766321e-05,0,bipartite,1,fan-out,0.6,1,fan-out,0.6,1,fan-out,0.8,1,gather-scatter,0.6,1,fan-out,0.8,1,random,0.8,1,fan-out,0.8
amlc_02017,LI-Small,1,unknown,1.0,0.0008647980982738696,0,bipartite,0.0060571884,0,fan-out,0.0034609932393917424,0,fan-out,0,,0.5,0,,0.5,1,fan-out,0.8,1,fan-out,0.8,1,fan-out,0.8,1,fan-out,0.8,0,,0.5
amlc_02018,LI-Small,0,legit,1136.4420289855072,3.557337617246665e-05,0,bipartite,2.4209174e-05,0,bipartite,2.9891275490116087e-05,0,bipartite,1,fan-out,0.6,1,fan-out,0.6,1,fan-out,0.6,1,gather-scatter,0.6,1,scatter-gather,0.8,1,gather-scatter,0.8,1,fan-out,0.8
amlc_02019,LI-Small,1,unknown,1.0,0.0006743039307669208,0,fan-out,0.0023577875,0,fan-out,0.0015160457033440672,0,fan-out,0,,0.5,0,,0.5,1,fan-in,0.8,1,gather-scatter,0.6,1,fan-out,0.8,0,,0.7,0,,0.5
amlc_02020,LI-Small,1,unknown,1.0,0.023462338837461925,0,bipartite,0.039462067,0,bipartite,0.03146220301214718,0,bipartite,1,gather-scatter,0.6,1,gather-scatter,0.6,1,gather-scatter,0.8,1,gather-scatter,0.6,1,fan-in,0.8,1,gather-scatter,0.8,1,fan-in,0.8
amlc_02021,LI-Small,0,legit,1.0,0.02290440681543691,0,bipartite,0.026085734,0,bipartite,0.024495070405139242,0,bipartite,0,,0.7,1,scatter-gather,0.6,1,gather-scatter,0.8,1,gather-scatter,0.6,1,gather-scatter,0.8,1,gather-scatter,0.8,1,gather-scatter,0.8
amlc_02022,LI-Small,0,legit,1103.0169082125603,0.0015881029753097551,0,bipartite,0.00050066056,0,bipartite,0.0010443817872595616,0,bipartite,1,fan-out,0.6,1,fan-out,0.6,1,gather-scatter,0.6,1,gather-scatter,0.6,1,gather-scatter,0.8,1,gather-scatter,0.8,1,gather-scatter,0.8
amlc_02023,LI-Small,0,legit,1100.3590361445783,3.516924534545716e-05,0,bipartite,2.3394543e-05,0,bipartite,2.928189414771492e-05,0,bipartite,1,fan-out,0.8,1,fan-out,0.6,1,gather-scatter,0.8,1,gather-scatter,0.6,1,gather-scatter,0.8,1,gather-scatter,0.8,1,gather-scatter,0.8
amlc_02024,LI-Small,1,unknown,1.0,0.0046867944260248805,0,fan-in,0.031787597,0,fan-in,0.018237195348233447,0,fan-in,1,fan-out,0.6,1,fan-out,0.8,1,fan-out,0.8,1,gather-scatter,0.6,1,fan-out,0.8,1,fan-out,0.8,1,fan-out,0.8
amlc_02025,LI-Small,1,unknown,1.0,0.00533156403770899,0,bipartite,0.026548529,0,bipartite,0.01594004598195779,0,bipartite,1,fan-in,0.6,1,fan-in,0.6,1,fan-in,0.6,1,fan-in,0.6,1,fan-in,0.8,1,gather-scatter,0.8,1,fan-in,0.8
amlc_02026,LI-Small,0,legit,1100.3590361445783,3.516924534545716e-05,0,bipartite,2.9726802e-05,0,bipartite,3.244802310175015e-05,0,bipartite,1,fan-out,0.8,1,stack,0.8,1,fan-out,0.8,1,gather-scatter,0.6,1,fan-out,0.8,1,gather-scatter,0.8,1,gather-scatter,0.8
amlc_02027,LI-Small,1,unknown,1.0,0.0005021967747860631,0,bipartite,0.002675207,0,fan-out,0.0015887019717906157,0,fan-out,0,,0.5,0,,0.5,1,fan-out,0.8,1,fan-out,0.8,1,fan-out,0.8,0,,0.7,0,,0.5
amlc_02028,LI-Small,0,legit,1100.3590361445783,3.557337617246665e-05,0,bipartite,3.7493322e-05,0,bipartite,3.653334894846775e-05,0,bipartite,1,fan-out,0.6,1,gather-scatter,0.8,1,fan-out,0.8,1,gather-scatter,0.8,1,gather-scatter,0.8,1,gather-scatter,0.8,1,gather-scatter,0.8
amlc_02029,LI-Small,1,unknown,1.0,0.0013661353817751565,0,bipartite,0.046392776,0,bipartite,0.02387945572690023,0,bipartite,0,,0.5,0,,0.5,1,fan-out,0.8,0,,0.7,1,fan-out,0.8,0,,0.7,0,,0.5
amlc_02030,LI-Small,0,legit,1136.4420289855072,3.526862127697342e-05,0,bipartite,4.0844585e-05,0,stack,3.805660307519261e-05,0,stack,1,fan-out,0.6,1,fan-out,0.8,1,scatter-gather,0.6,1,gather-scatter,0.6,1,gather-scatter,0.8,1,random,0.8,1,gather-scatter,0.8
amlc_02031,LI-Small,0,legit,1136.4420289855072,3.557337617246665e-05,0,bipartite,2.2273109e-05,0,bipartite,2.8923242071358246e-05,0,bipartite,1,fan-out,0.6,1,fan-out,0.6,1,fan-out,0.6,1,gather-scatter,0.6,1,fan-out,0.8,1,fan-out,0.8,0,,0.5
amlc_02032,LI-Small,1,unknown,1.0,0.001027615445419188,0,bipartite,0.0034205322,0,fan-out,0.0022240737605537155,0,fan-out,0,,0.5,0,,0.5,1,fan-out,0.8,1,gather-scatter,0.8,1,fan-out,0.8,0,,0.7,0,,0.5
amlc_02033,LI-Small,1,gather-scatter,1.0,0.5483730450495018,1,gather-scatter,0.5488063,1,gather-scatter,0.548589677374757,1,gather-scatter,1,fan-in,0.6,0,,0.7,1,fan-out,0.8,1,gather-scatter,0.6,1,gather-scatter,0.8,1,gather-scatter,0.8,1,gather-scatter,0.8
amlc_02034,LI-Small,1,gather-scatter,1.0,0.9709744975598747,1,gather-scatter,0.9228037,1,gather-scatter,0.9468891285673824,1,gather-scatter,1,random,0.8,1,gather-scatter,0.6,1,gather-scatter,0.8,1,gather-scatter,0.8,1,gather-scatter,0.8,1,gather-scatter,0.8,1,gather-scatter,0.8
amlc_02035,LI-Small,1,gather-scatter,1.0,0.5298024747450027,1,gather-scatter,0.46423274,0,gather-scatter,0.4970176117459374,1,gather-scatter,1,gather-scatter,0.6,1,gather-scatter,0.8,1,scatter-gather,0.6,1,gather-scatter,0.6,1,gather-scatter,0.8,1,gather-scatter,0.8,1,gather-scatter,0.8
amlc_02036,LI-Small,0,legit,1.0,0.003725419648851936,0,gather-scatter,0.0016028142,0,gather-scatter,0.0026641168580035296,0,gather-scatter,1,fan-out,0.8,1,fan-out,0.6,1,fan-out,0.8,1,gather-scatter,0.8,1,fan-out,0.8,1,gather-scatter,0.8,0,,0.5
amlc_02037,LI-Small,1,gather-scatter,1.0,0.9446149712439589,1,gather-scatter,0.98640406,1,gather-scatter,0.9655094805179145,1,gather-scatter,1,fan-out,0.8,1,gather-scatter,0.6,1,fan-in,0.8,1,gather-scatter,0.6,1,fan-out,0.8,1,gather-scatter,0.8,0,,0.5
amlc_02038,LI-Small,1,gather-scatter,1.0,0.866642808086279,1,gather-scatter,0.9879594,1,gather-scatter,0.927301084581317,1,gather-scatter,1,fan-out,0.6,1,fan-out,0.6,1,fan-out,0.8,1,gather-scatter,0.8,1,gather-scatter,0.8,1,fan-out,0.8,0,,0.5
amlc_02039,LI-Small,0,legit,1.0,0.003725419648851936,0,gather-scatter,0.0015995788,0,gather-scatter,0.0026624991506914225,0,gather-scatter,1,gather-scatter,0.8,1,fan-out,0.6,1,gather-scatter,0.8,1,random,0.8,1,fan-out,0.8,1,fan-out,0.8,0,,0.5
amlc_02040,LI-Small,1,gather-scatter,1.0,0.8589065330843699,1,gather-scatter,0.98598176,1,gather-scatter,0.9224441239049321,1,gather-scatter,1,fan-out,0.8,1,gather-scatter,0.8,1,gather-scatter,0.8,1,random,0.8,1,gather-scatter,0.8,1,gather-scatter,0.8,0,,0.5
amlc_02041,LI-Small,1,gather-scatter,1.0,0.7412654228698539,1,gather-scatter,0.9619709,1,gather-scatter,0.8516181741004848,1,gather-scatter,1,fan-out,0.8,1,gather-scatter,0.6,1,scatter-gather,0.8,1,fan-out,0.8,1,fan-out,0.8,1,gather-scatter,0.8,0,,0.5
amlc_02042,LI-Small,1,gather-scatter,1.0,0.858052522197274,1,gather-scatter,0.9884453,1,gather-scatter,0.9232489318921704,1,gather-scatter,1,fan-out,0.8,1,gather-scatter,0.6,0,,0.7,1,cycle,0.8,1,fan-out,0.8,1,fan-out,0.8,0,,0.5
amlc_02043,LI-Small,1,gather-scatter,1.0,0.825973438719523,1,gather-scatter,0.9838091,1,gather-scatter,0.9048912582296194,1,gather-scatter,1,fan-out,0.8,1,fan-out,0.6,1,random,0.8,1,gather-scatter,0.6,1,fan-out,0.8,1,gather-scatter,0.8,0,,0.5
amlc_02044,LI-Small,1,gather-scatter,1.0,0.911349685290757,1,gather-scatter,0.9846371,1,gather-scatter,0.9479933834569172,1,gather-scatter,1,fan-out,0.6,1,fan-out,0.6,1,fan-out,0.6,1,gather-scatter,0.8,1,fan-out,0.8,1,gather-scatter,0.8,0,,0.5
amlc_02045,LI-Small,1,fan-out,1.0,0.9601427952731717,1,fan-out,0.99436617,1,fan-out,0.977254482124501,1,fan-out,1,fan-out,0.6,1,scatter-gather,0.8,1,fan-out,0.6,1,gather-scatter,0.6,1,fan-out,0.8,1,random,0.8,1,scatter-gather,0.8
amlc_02046,LI-Small,1,fan-out,1.0,0.9030849954220873,1,fan-out,0.9810583,1,fan-out,0.9420716772841027,1,fan-out,1,fan-out,0.8,0,cycle,0.7,1,fan-out,0.8,1,gather-scatter,0.8,1,gather-scatter,0.8,1,random,0.8,1,gather-scatter,0.8
amlc_02047,LI-Small,1,fan-out,1.0,0.9422158369753036,1,fan-out,0.99057674,1,fan-out,0.9663962964879111,1,fan-out,1,scatter-gather,0.6,1,fan-out,0.8,1,fan-out,0.8,1,gather-scatter,0.8,1,scatter-gather,0.8,1,fan-out,0.8,1,gather-scatter,0.8
amlc_02048,LI-Small,1,fan-out,1.0,0.8202796014451936,1,fan-out,0.8204619,1,fan-out,0.8203707830262161,1,fan-out,1,fan-out,0.8,1,fan-out,0.8,1,scatter-gather,0.8,1,gather-scatter,0.6,1,scatter-gather,0.8,1,scatter-gather,0.8,1,gather-scatter,0.8
amlc_02049,LI-Small,1,fan-out,1.0,0.9651906219777396,1,fan-out,0.99511355,1,fan-out,0.9801521344809199,1,fan-out,1,fan-out,0.6,1,fan-out,0.8,1,fan-out,0.8,1,gather-scatter,0.8,1,scatter-gather,0.8,1,gather-scatter,0.8,1,gather-scatter,0.8
amlc_02050,LI-Small,1,fan-out,1.0,0.9719867141937322,1,fan-out,0.9948084,1,fan-out,0.9833975509750399,1,fan-out,1,fan-out,0.8,1,fan-out,0.6,0,stack,0.7,1,fan-out,0.8,1,scatter-gather,0.8,1,fan-out,0.8,1,fan-out,0.8
amlc_02051,LI-Small,1,fan-out,1.0,0.956856333384755,1,fan-out,0.9831581,1,fan-out,0.9700072403599037,1,fan-out,1,fan-out,0.8,1,fan-out,0.8,1,random,0.8,1,gather-scatter,0.8,1,scatter-gather,0.8,1,gather-scatter,0.8,1,gather-scatter,0.8
amlc_02052,LI-Small,1,fan-out,1.0,0.940933498922611,1,fan-out,0.9914551,1,fan-out,0.9661943302470568,1,fan-out,1,fan-out,0.6,1,fan-out,0.6,1,gather-scatter,0.8,1,gather-scatter,0.6,1,gather-scatter,0.8,1,gather-scatter,0.8,1,gather-scatter,0.8
amlc_02053,LI-Small,0,legit,1136.4420289855072,0.00011439237113617003,0,bipartite,4.9154856e-05,0,bipartite,8.177361441680051e-05,0,bipartite,1,fan-out,0.8,1,gather-scatter,0.8,1,gather-scatter,0.8,1,gather-scatter,0.6,1,gather-scatter,0.8,1,gather-scatter,0.8,1,gather-scatter,0.8
amlc_02054,LI-Small,1,unknown,1.0,0.00033639145764693403,0,fan-out,0.0040173,0,fan-out,0.002176845808193012,0,fan-out,0,,0.5,0,,0.5,1,fan-out,0.8,1,gather-scatter,0.8,1,fan-out,0.8,1,fan-out,0.8,0,,0.5
amlc_02055,LI-Small,1,unknown,1.0,0.0003885900848152295,0,bipartite,0.0030609048,0,fan-out,0.0017247475341231652,0,fan-out,1,fan-out,0.6,1,fan-out,0.6,1,fan-out,0.8,1,gather-scatter,0.6,1,fan-out,0.8,1,fan-out,0.8,0,,0.5
amlc_02056,LI-Small,0,legit,1100.3590361445783,3.516924534545716e-05,0,bipartite,1.8386325e-05,0,bipartite,2.677778475000974e-05,0,bipartite,1,fan-out,0.6,1,gather-scatter,0.6,1,fan-out,0.6,1,gather-scatter,0.8,1,gather-scatter,0.8,1,gather-scatter,0.8,1,gather-scatter,0.8
amlc_02057,LI-Small,1,unknown,1.0,0.009088740383643918,0,bipartite,0.041182984,0,bipartite,0.025135862770209218,0,bipartite,1,fan-out,0.8,1,fan-out,0.8,1,scatter-gather,0.8,1,gather-scatter,0.6,1,gather-scatter,0.8,1,gather-scatter,0.8,1,gather-scatter,0.8
amlc_02058,LI-Small,0,legit,1.0,0.40066561204462803,0,stack,0.39221483,0,stack,0.3964402144266643,0,stack,1,fan-out,0.8,1,fan-out,0.6,1,fan-out,0.8,1,gather-scatter,0.6,1,scatter-gather,0.8,1,gather-scatter,0.8,1,gather-scatter,0.8
amlc_02059,LI-Small,0,legit,1136.4420289855072,3.516924534545716e-05,0,fan-in,2.6732854e-05,0,bipartite,3.09510506656066e-05,0,fan-in,1,fan-out,0.6,1,fan-out,0.8,1,fan-out,0.8,1,gather-scatter,0.6,1,fan-out,0.8,1,gather-scatter,0.8,0,,0.5
amlc_02060,LI-Small,0,legit,1100.3590361445783,3.516924534545716e-05,0,bipartite,1.2628692e-05,0,bipartite,2.3898968537394973e-05,0,bipartite,1,fan-out,0.6,1,scatter-gather,0.6,1,scatter-gather,0.6,1,gather-scatter,0.8,1,gather-scatter,0.8,1,gather-scatter,0.8,1,gather-scatter,0.8
amlc_02061,LI-Small,1,unknown,1.0,0.013610899439516063,0,bipartite,0.07789771,0,bipartite,0.045754304896326065,0,bipartite,1,gather-scatter,0.8,1,gather-scatter,0.6,0,,0.7,1,gather-scatter,0.8,1,gather-scatter,0.8,1,gather-scatter,0.8,1,gather-scatter,0.8
amlc_02062,LI-Small,0,legit,1136.4420289855072,3.526862127697342e-05,0,bipartite,2.9398168e-05,0,stack,3.233339411493049e-05,0,stack,1,fan-out,0.8,1,fan-in,0.6,1,gather-scatter,0.6,1,gather-scatter,0.6,1,gather-scatter,0.8,1,gather-scatter,0.8,1,gather-scatter,0.8
amlc_02063,LI-Small,0,legit,1103.0169082125603,3.557337617246665e-05,0,bipartite,2.6039557e-05,0,bipartite,3.080646653910516e-05,0,bipartite,1,stack,0.8,1,stack,0.8,1,fan-in,0.8,1,gather-scatter,0.6,1,fan-in,0.8,1,fan-in,0.8,1,stack,0.8
amlc_02064,LI-Small,1,unknown,1.0,0.002337208809126933,0,fan-out,0.008342209,0,fan-out,0.005339709180305163,0,fan-out,0,,0.5,0,,0.5,1,fan-out,0.6,1,gather-scatter,0.6,1,fan-out,0.8,1,fan-out,0.8,0,,0.5
amlc_02065,LI-Small,1,unknown,1.0,0.013833125875745467,0,bipartite,0.019757269,0,bipartite,0.016795197599308816,0,bipartite,1,fan-in,0.6,1,fan-out,0.8,1,gather-scatter,0.6,1,gather-scatter,0.6,1,gather-scatter,0.8,1,gather-scatter,0.8,1,gather-scatter,0.8
amlc_02066,LI-Small,1,unknown,1.0,0.012497121076773551,0,stack,0.014416272,0,stack,0.013456695889925435,0,stack,1,fan-in,0.6,1,fan-in,0.6,1,fan-in,0.6,1,gather-scatter,0.6,1,fan-in,0.8,1,fan-in,0.8,1,fan-in,0.8
amlc_02067,LI-Small,0,legit,1103.0169082125603,0.012154551904010278,0,cycle,0.00043896673,0,stack,0.006296759317077076,0,cycle,1,fan-out,0.6,1,fan-out,0.6,1,random,0.8,1,random,0.8,1,fan-out,0.8,1,fan-out,0.8,1,fan-out,0.8
amlc_02068,LI-Small,1,unknown,1.0,0.005247533059802812,0,bipartite,0.023853848,0,bipartite,0.014550690222127816,0,bipartite,1,fan-out,0.6,1,fan-out,0.8,1,fan-out,0.6,1,gather-scatter,0.6,1,fan-out,0.8,1,fan-out,0.8,1,gather-scatter,0.8
amlc_02069,LI-Small,1,unknown,1.0,0.005351486660856207,0,fan-in,0.031481355,0,fan-in,0.018416420113453368,0,fan-in,1,fan-out,0.6,1,fan-out,0.6,1,fan-out,0.8,1,gather-scatter,0.6,1,fan-out,0.8,1,fan-out,0.8,1,fan-out,0.8
amlc_02070,LI-Small,1,unknown,1.0,0.017102448553931022,0,bipartite,0.027292993,0,stack,0.022197720550542723,0,stack,1,scatter-gather,0.6,1,fan-out,0.6,1,gather-scatter,0.6,1,gather-scatter,0.8,1,gather-scatter,0.8,1,gather-scatter,0.8,1,gather-scatter,0.8
amlc_02071,LI-Small,0,legit,1103.0169082125603,0.0010388718700576048,0,bipartite,0.0010671393,0,bipartite,0.0010530055915740986,0,bipartite,1,fan-out,0.6,1,fan-out,0.6,1,scatter-gather,0.8,1,gather-scatter,0.6,1,fan-out,0.8,1,fan-out,0.8,0,,0.5
amlc_02072,LI-Small,0,legit,1100.3590361445783,3.516924534545716e-05,0,bipartite,3.12369e-05,0,bipartite,3.3203075053023496e-05,0,bipartite,1,fan-out,0.6,1,gather-scatter,0.6,1,fan-out,0.6,1,gather-scatter,0.8,1,gather-scatter,0.8,1,gather-scatter,0.8,1,fan-out,0.8
amlc_02073,LI-Small,0,legit,1.0,0.005385065525084623,0,bipartite,0.010263918,0,stack,0.007824491839513127,0,stack,1,fan-in,0.8,1,fan-in,0.6,1,fan-in,0.6,1,gather-scatter,0.6,1,fan-in,0.8,1,fan-in,0.8,1,fan-in,0.8
amlc_02074,LI-Small,0,legit,1136.4420289855072,3.516924534545716e-05,0,bipartite,2.08674e-05,0,bipartite,2.801832297220113e-05,0,bipartite,1,fan-out,0.6,1,fan-out,0.6,1,fan-out,0.6,1,gather-scatter,0.8,1,gather-scatter,0.8,1,fan-out,0.8,1,fan-out,0.8
amlc_02075,LI-Small,0,legit,1136.4420289855072,3.516924534545716e-05,0,bipartite,1.424739e-05,0,bipartite,2.4708318322808337e-05,0,bipartite,1,fan-out,0.6,1,fan-out,0.6,1,fan-out,0.8,1,gather-scatter,0.8,1,fan-out,0.8,1,fan-out,0.8,0,,0.5
amlc_02076,LI-Small,1,unknown,1.0,0.015855598050492827,0,fan-in,0.07697248,0,fan-in,0.04641403610415152,0,fan-in,1,fan-in,0.6,1,stack,0.8,1,fan-in,0.6,1,gather-scatter,0.6,1,fan-in,0.8,1,random,0.8,1,fan-in,0.8
amlc_02077,LI-Small,0,legit,1100.3590361445783,3.516924534545716e-05,0,bipartite,1.3451636e-05,0,bipartite,2.431044058423009e-05,0,bipartite,1,fan-out,0.6,1,scatter-gather,0.8,1,fan-out,0.8,1,gather-scatter,0.6,1,fan-out,0.8,1,gather-scatter,0.8,1,gather-scatter,0.8
amlc_02078,LI-Small,1,unknown,1.0,0.004608925645484289,0,stack,0.087636754,0,stack,0.046122839781112354,0,stack,1,fan-out,0.6,1,fan-out,0.8,1,fan-in,0.6,1,gather-scatter,0.6,1,scatter-gather,0.8,1,gather-scatter,0.8,1,gather-scatter,0.8
amlc_02079,LI-Small,0,legit,1103.0169082125603,0.008181209935108716,0,bipartite,0.00073930353,0,bipartite,0.004460256751976234,0,bipartite,1,fan-out,0.6,1,gather-scatter,0.8,1,fan-out,0.6,1,gather-scatter,0.8,1,gather-scatter,0.8,1,scatter-gather,0.8,1,gather-scatter,0.8
amlc_02080,LI-Small,0,legit,1103.0169082125603,0.0009362529579055947,0,bipartite,0.00087490387,0,bipartite,0.0009055784420328906,0,bipartite,1,fan-out,0.6,1,fan-out,0.6,1,fan-out,0.6,1,gather-scatter,0.6,1,fan-out,0.8,1,fan-out,0.8,0,,0.5
amlc_02081,LI-Small,0,legit,1136.4420289855072,0.00011439237113617003,0,bipartite,7.78744e-05,0,bipartite,9.613338542889625e-05,0,bipartite,1,fan-out,0.6,1,gather-scatter,0.6,1,fan-out,0.8,1,fan-out,0.8,1,fan-out,0.8,1,fan-out,0.8,1,fan-out,0.8
amlc_02082,LI-Small,0,legit,1.0,0.012654329908789359,0,bipartite,0.03062144,0,bipartite,0.021637886053771357,0,bipartite,0,cycle,0.7,0,stack,0.7,0,,0.7,1,gather-scatter,0.8,1,stack,0.8,1,stack,0.8,1,stack,0.8
amlc_02083,LI-Small,0,legit,1100.3590361445783,0.0004778078301058917,0,fan-in,0.0007296098,0,fan-in,0.0006037088232205167,0,fan-in,1,fan-in,0.8,1,fan-in,0.6,1,fan-in,0.6,1,gather-scatter,0.8,1,fan-in,0.8,1,fan-in,0.8,1,fan-in,0.8
amlc_02084,LI-Small,1,unknown,1.0,0.012283647911898026,0,stack,0.041360516,0,bipartite,0.026822080516393842,0,stack,1,fan-out,0.8,1,scatter-gather,0.8,1,gather-scatter,0.8,1,gather-scatter,0.6,1,scatter-gather,0.8,1,gather-scatter,0.8,1,gather-scatter,0.8
amlc_02085,LI-Small,1,unknown,1.0,0.03406905576115498,0,bipartite,0.033689726,0,bipartite,0.03387939151140873,0,bipartite,1,fan-out,0.6,1,fan-out,0.6,1,fan-out,0.6,1,gather-scatter,0.8,1,fan-out,0.8,1,gather-scatter,0.8,1,fan-out,0.8
amlc_02086,LI-Small,0,legit,1100.3590361445783,0.0003758805704312254,0,cycle,0.0003430747,0,cycle,0.00035947763328486327,0,cycle,1,fan-in,0.6,0,,0.7,0,,0.7,1,gather-scatter,0.6,1,fan-in,0.8,1,fan-in,0.8,1,fan-in,0.8
amlc_02087,LI-Small,0,legit,1136.4420289855072,3.516924534545716e-05,0,bipartite,1.5726328e-05,0,fan-out,2.544778653711415e-05,0,fan-out,1,fan-out,0.6,1,stack,0.8,1,fan-out,0.8,1,random,0.8,1,fan-out,0.8,1,fan-out,0.8,1,fan-out,0.8
amlc_02088,LI-Small,1,unknown,1.0,0.00037682642750079656,0,fan-out,0.0062145595,0,bipartite,0.0032956929391231896,0,fan-out,0,,0.5,0,,0.5,1,fan-out,0.8,1,gather-scatter,0.6,1,fan-out,0.8,1,fan-out,0.8,0,,0.5
amlc_02089,LI-Small,0,legit,1103.0169082125603,0.0009443405157216723,0,fan-in,0.0029159877,0,fan-in,0.0019301642001737322,0,fan-in,1,fan-in,0.6,1,fan-in,0.6,1,fan-in,0.8,1,gather-scatter,0.6,1,fan-in,0.8,1,fan-in,0.8,1,fan-in,0.8
amlc_02090,LI-Small,0,legit,1103.0169082125603,0.0016289145551730924,0,fan-in,0.0034168598,0,fan-in,0.0025228872362578775,0,fan-in,1,fan-out,0.6,1,fan-out,0.8,1,fan-out,0.8,1,gather-scatter,0.6,1,fan-out,0.8,0,,0.7,1,scatter-gather,0.8
amlc_02091,LI-Small,1,unknown,1.0,0.006306362331766929,0,bipartite,0.026151467,0,bipartite,0.016228913791904373,0,bipartite,1,random,0.8,1,fan-in,0.8,0,,0.7,1,gather-scatter,0.6,1,stack,0.8,1,gather-scatter,0.8,1,gather-scatter,0.8
amlc_02092,LI-Small,1,unknown,1.0,0.0025638452077148626,0,bipartite,0.009138802,0,bipartite,0.005851324009609136,0,bipartite,1,gather-scatter,0.8,1,fan-in,0.6,1,scatter-gather,0.8,1,gather-scatter,0.6,1,fan-in,0.8,1,gather-scatter,0.8,1,fan-in,0.8
amlc_02093,LI-Small,0,legit,1136.4420289855072,3.557337617246665e-05,0,bipartite,4.5199395e-05,0,bipartite,4.038638541754916e-05,0,bipartite,1,gather-scatter,0.8,1,gather-scatter,0.6,1,random,0.8,1,gather-scatter,0.8,1,stack,0.8,1,stack,0.8,1,stack,0.8
amlc_02094,LI-Small,0,legit,1100.3590361445783,3.516924534545716e-05,0,bipartite,2.782368e-05,0,bipartite,3.149646445191916e-05,0,bipartite,1,fan-out,0.8,1,scatter-gather,0.6,1,fan-out,0.8,1,gather-scatter,0.8,1,gather-scatter,0.8,1,scatter-gather,0.8,1,gather-scatter,0.8
amlc_02095,LI-Small,1,unknown,1.0,0.029960953399450485,0,bipartite,0.0657483,0,stack,0.0478546254112874,0,stack,1,fan-in,0.6,1,fan-in,0.6,1,fan-in,0.8,1,gather-scatter,0.6,1,fan-in,0.8,1,fan-in,0.8,1,fan-in,0.8
amlc_02096,LI-Small,0,legit,1136.4420289855072,0.0005773688353369938,0,bipartite,0.0015678558,0,bipartite,0.0010726123076749497,0,bipartite,1,fan-out,0.8,1,fan-out,0.8,0,,0.7,1,gather-scatter,0.8,1,fan-out,0.8,1,gather-scatter,0.8,0,,0.5
amlc_02097,LI-Small,0,legit,1103.0169082125603,0.006957399746350903,0,fan-in,0.01814248,0,fan-in,0.012549939329709835,0,fan-in,1,gather-scatter,0.6,1,fan-out,0.8,1,gather-scatter,0.8,1,gather-scatter,0.6,1,gather-scatter,0.8,1,gather-scatter,0.8,1,gather-scatter,0.8
amlc_02098,LI-Small,1,unknown,1.0,0.006879392550424107,0,fan-in,0.06232711,0,fan-in,0.03460325165889431,0,fan-in,1,gather-scatter,0.6,1,fan-in,0.6,1,bipartite,0.8,1,gather-scatter,0.6,1,fan-in,0.8,1,gather-scatter,0.8,1,gather-scatter,0.8
amlc_02099,LI-Small,0,legit,1136.4420289855072,0.0006617245144309319,0,fan-out,0.0030107577,0,bipartite,0.0018362411005006095,0,fan-out,0,,0.5,0,,0.5,1,fan-out,0.8,0,,0.7,1,fan-out,0.8,1,fan-out,0.8,0,,0.5
amlc_02100,LI-Small,0,legit,1100.3590361445783,3.557337617246665e-05,0,bipartite,3.497354e-05,0,bipartite,3.527345686092157e-05,0,bipartite,1,fan-out,0.6,1,fan-out,0.6,1,fan-out,0.8,1,gather-scatter,0.6,1,fan-out,0.8,1,fan-out,0.8,1,fan-out,0.8
amlc_02101,LI-Small,0,legit,1100.3590361445783,0.00037489731521266685,0,cycle,0.00026132798,0,cycle,0.00031811264438980807,0,cycle,1,fan-out,0.6,1,fan-out,0.6,1,fan-out,0.8,1,random,0.8,1,fan-out,0.8,0,,0.7,0,,0.5
amlc_02102,LI-Small,0,legit,1103.0169082125603,0.010491474592069375,0,fan-in,0.0058314754,0,fan-in,0.008161475120549195,0,fan-in,1,fan-out,0.6,1,scatter-gather,0.6,1,gather-scatter,0.8,1,fan-out,0.8,1,fan-in,0.8,1,gather-scatter,0.8,1,scatter-gather,0.8
amlc_02103,LI-Small,1,unknown,1.0,0.007344298979902944,0,bipartite,0.015522404,0,bipartite,0.011433351776880363,0,bipartite,1,gather-scatter,0.6,1,,0.6,1,gather-scatter,0.6,1,gather-scatter,0.6,1,gather-scatter,0.8,1,gather-scatter,0.8,1,gather-scatter,0.8
amlc_02104,LI-Small,0,legit,1100.3590361445783,5.0307241893237006e-05,0,bipartite,2.4652787e-05,0,bipartite,3.7480015190773885e-05,0,bipartite,1,fan-out,0.6,1,fan-out,0.6,1,fan-out,0.6,1,random,0.8,1,fan-out,0.8,0,,0.7,0,,0.5
amlc_02105,LI-Small,1,unknown,1.0,0.007537973529355503,0,bipartite,0.03928885,0,bipartite,0.02341341052515148,0,bipartite,1,gather-scatter,0.8,1,fan-in,0.8,1,fan-in,0.6,1,gather-scatter,0.6,1,fan-in,0.8,1,fan-in,0.8,1,fan-in,0.8
amlc_02106,LI-Small,1,unknown,1.0,0.002691928189864528,0,fan-in,0.005998019,0,fan-in,0.004344973659451193,0,fan-in,1,fan-in,0.6,1,fan-in,0.6,1,fan-in,0.6,1,gather-scatter,0.6,1,fan-in,0.8,1,fan-in,0.8,1,fan-in,0.8
amlc_02107,LI-Small,0,legit,1100.3590361445783,3.516924534545716e-05,0,bipartite,1.190462e-05,0,bipartite,2.3536932620771547e-05,0,bipartite,1,gather-scatter,0.6,1,scatter-gather,0.6,1,gather-scatter,0.6,1,cycle,0.8,1,gather-scatter,0.8,1,gather-scatter,0.8,1,gather-scatter,0.8
amlc_02108,LI-Small,0,legit,1136.4420289855072,3.557337617246665e-05,0,bipartite,2.1383543e-05,0,bipartite,2.8478459872020168e-05,0,bipartite,1,fan-out,0.6,1,stack,0.8,1,gather-scatter,0.6,1,gather-scatter,0.6,1,gather-scatter,0.8,1,gather-scatter,0.8,1,gather-scatter,0.8
amlc_02109,LI-Small,0,legit,1.0,0.0045592310468498915,0,bipartite,0.0130304145,0,stack,0.008794822478798234,0,stack,1,fan-in,0.6,1,fan-in,0.6,1,fan-in,0.6,1,gather-scatter,0.6,1,fan-in,0.8,1,fan-in,0.8,1,fan-in,0.8
amlc_02110,LI-Small,1,unknown,1.0,0.00885391858228478,0,bipartite,0.027910393,0,bipartite,0.01838215621565001,0,bipartite,1,fan-out,0.6,1,fan-out,0.6,1,fan-out,0.8,1,gather-scatter,0.6,1,fan-out,0.8,1,fan-out,0.8,1,fan-out,0.8
amlc_02111,LI-Small,1,unknown,1.0,0.02097342802438376,0,bipartite,0.020088254,0,bipartite,0.020530841342375865,0,bipartite,1,gather-scatter,0.8,1,gather-scatter,0.6,0,,0.7,1,gather-scatter,0.6,1,gather-scatter,0.8,1,gather-scatter,0.8,1,gather-scatter,0.8
amlc_02112,LI-Small,0,legit,1100.3590361445783,3.557337617246665e-05,0,bipartite,4.5821922e-05,0,stack,4.0697649065294526e-05,0,stack,1,fan-out,0.6,1,gather-scatter,0.6,1,fan-out,0.8,1,gather-scatter,0.6,1,gather-scatter,0.8,1,gather-scatter,0.8,1,gather-scatter,0.8
amlc_02113,LI-Small,0,legit,1100.3590361445783,3.516924534545716e-05,0,bipartite,4.5252902e-05,0,bipartite,4.021107479158541e-05,0,bipartite,1,fan-out,0.8,1,scatter-gather,0.6,1,gather-scatter,0.6,1,gather-scatter,0.8,1,fan-out,0.8,1,scatter-gather,0.8,1,gather-scatter,0.8
amlc_02114,LI-Small,1,cycle,1.0,0.9617501135181034,1,random,0.96545744,1,cycle,0.9636037883912844,1,cycle,1,fan-out,0.6,1,fan-out,0.6,1,fan-out,0.6,1,gather-scatter,0.6,1,fan-out,0.8,1,fan-out,0.8,1,gather-scatter,0.8
amlc_02115,LI-Small,1,cycle,1.0,0.9357982042378534,1,cycle,0.98145455,1,cycle,0.9586263598475033,1,cycle,1,fan-out,0.6,1,scatter-gather,0.8,1,fan-out,0.8,1,gather-scatter,0.6,1,gather-scatter,0.8,1,gather-scatter,0.8,1,gather-scatter,0.8
amlc_02116,LI-Small,1,cycle,1.0,0.3347450867108549,0,cycle,0.103838444,0,cycle,0.21929176672359532,0,cycle,1,gather-scatter,0.6,1,gather-scatter,0.6,1,gather-scatter,0.8,1,gather-scatter,0.8,1,gather-scatter,0.8,1,gather-scatter,0.8,1,gather-scatter,0.8
amlc_02117,LI-Small,1,cycle,1.0,0.8978690281352065,1,cycle,0.7963121,1,cycle,0.8470905728559028,1,cycle,1,scatter-gather,0.8,1,stack,0.8,1,gather-scatter,0.8,1,gather-scatter,0.6,1,fan-in,0.8,1,gather-scatter,0.8,1,gather-scatter,0.8
amlc_02118,LI-Small,1,cycle,1.0,0.9427919256546726,1,cycle,0.8305834,1,cycle,0.8866876476932879,1,cycle,1,fan-out,0.8,1,fan-out,0.6,1,scatter-gather,0.6,1,fan-out,0.6,1,fan-out,0.8,0,,0.7,1,fan-out,0.8
amlc_02119,LI-Small,1,cycle,1.0,0.5059010014575309,1,cycle,0.73974943,1,cycle,0.6228252284547481,1,cycle,1,random,0.8,1,fan-out,0.6,1,fan-out,0.8,1,gather-scatter,0.6,1,gather-scatter,0.8,1,fan-out,0.8,1,gather-scatter,0.8
amlc_02120,LI-Small,0,legit,1.0,0.15734408426716737,0,cycle,0.010892568,0,cycle,0.08411832621164526,0,cycle,1,gather-scatter,0.6,0,stack,0.7,1,gather-scatter,0.6,1,gather-scatter,0.6,1,stack,0.8,0,,0.7,0,,0.7
amlc_02121,LI-Small,1,cycle,1.0,0.5203950306601385,1,cycle,0.26176587,0,cycle,0.3910804460856845,0,cycle,1,gather-scatter,0.6,0,,0.7,0,,0.7,1,gather-scatter,0.6,1,stack,0.8,0,,0.7,0,,0.7
amlc_02122,LI-Small,1,cycle,1.0,0.5587569663705463,1,cycle,0.7970852,1,cycle,0.6779211138577279,1,cycle,1,gather-scatter,0.6,0,,0.7,1,fan-in,0.8,1,gather-scatter,0.6,1,gather-scatter,0.8,1,gather-scatter,0.8,1,gather-scatter,0.8
amlc_02123,LI-Small,1,cycle,1.0,0.8589567793953004,1,cycle,0.8547985,1,cycle,0.856877631621936,1,cycle,1,gather-scatter,0.6,1,fan-in,0.8,1,random,0.8,1,gather-scatter,0.8,1,gather-scatter,0.8,1,gather-scatter,0.8,1,gather-scatter,0.8
amlc_02124,LI-Small,1,cycle,1.0,0.8983685915227342,1,cycle,0.9639634,1,cycle,0.9311660143015587,1,cycle,1,fan-out,0.6,0,,0.7,1,fan-out,0.6,1,gather-scatter,0.6,1,cycle,0.8,1,gather-scatter,0.8,1,gather-scatter,0.8
amlc_02125,LI-Small,1,cycle,1.0,0.9338711587660395,1,cycle,0.95620984,1,stack,0.9450405104991239,1,cycle,1,fan-out,0.6,1,fan-out,0.8,1,fan-out,0.6,1,random,0.8,1,fan-out,0.8,1,fan-out,0.8,1,fan-out,0.8
amlc_02126,LI-Small,0,legit,1.0,0.6591458029759256,1,cycle,0.17916033,0,cycle,0.41915306484760484,0,cycle,1,fan-out,0.8,1,fan-out,0.6,1,fan-out,0.6,1,gather-scatter,0.8,1,fan-out,0.8,1,fan-out,0.8,1,fan-out,0.8
amlc_02127,LI-Small,1,cycle,1.0,0.862411416027439,1,random,0.96131694,1,cycle,0.9118641974794329,1,cycle,1,fan-out,0.6,1,fan-out,0.6,1,fan-out,0.6,1,gather-scatter,0.6,1,fan-out,0.8,1,gather-scatter,0.8,1,fan-out,0.8
amlc_02128,LI-Small,1,cycle,1.0,0.9597025801355539,1,cycle,0.94121647,1,cycle,0.950459542354688,1,cycle,1,fan-out,0.8,1,fan-out,0.6,1,fan-out,0.8,1,gather-scatter,0.8,1,fan-out,0.8,1,gather-scatter,0.8,1,fan-out,0.8
amlc_02129,LI-Small,1,unknown,1.0,0.010987983168440647,0,bipartite,0.012813868,0,stack,0.011900925584772024,0,stack,1,fan-in,0.6,1,bipartite,0.8,0,,0.7,1,gather-scatter,0.6,1,fan-in,0.8,1,fan-in,0.8,1,fan-in,0.8
amlc_02130,LI-Small,0,legit,1136.4420289855072,3.557337617246665e-05,0,bipartite,4.6923633e-05,0,bipartite,4.1248503085115215e-05,0,bipartite,1,fan-out,0.6,1,fan-out,0.6,1,scatter-gather,0.8,1,gather-scatter,0.6,1,fan-out,0.8,1,fan-out,0.8,0,,0.5
amlc_02131,LI-Small,1,unknown,1.0,0.12162281271153208,0,bipartite,0.142526,0,bipartite,0.13207440448966384,0,bipartite,1,fan-out,0.6,1,fan-out,0.6,1,fan-out,0.8,1,fan-out,0.8,1,fan-out,0.8,1,fan-out,0.8,1,fan-out,0.8
amlc_02132,LI-Small,0,legit,1136.4420289855072,3.557337617246665e-05,0,bipartite,3.8668037e-05,0,bipartite,3.712070499244727e-05,0,bipartite,1,fan-out,0.6,1,scatter-gather,0.8,1,fan-out,0.6,1,gather-scatter,0.6,1,fan-out,0.8,1,gather-scatter,0.8,1,gather-scatter,0.8
amlc_02133,LI-Small,1,unknown,1.0,0.01050366132620563,0,bipartite,0.034720555,0,bipartite,0.022612108509558387,0,bipartite,1,fan-in,0.6,1,fan-in,0.6,1,fan-in,0.8,1,fan-in,0.6,1,fan-in,0.8,1,fan-in,0.8,1,fan-in,0.8
amlc_02134,LI-Small,1,unknown,1.0,0.0035936237619380402,0,bipartite,0.007810518,0,bipartite,0.005702070814051243,0,bipartite,1,fan-in,0.6,0,cycle,0.7,1,gather-scatter,0.8,1,gather-scatter,0.6,1,gather-scatter,0.8,1,gather-scatter,0.8,1,gather-scatter,0.8
amlc_02135,LI-Small,1,unknown,1.0,0.0010400041430579624,0,fan-in,0.0050299885,0,fan-in,0.003034996262534807,0,fan-in,1,fan-in,0.6,1,fan-out,0.8,1,fan-out,0.6,1,gather-scatter,0.6,1,fan-in,0.8,1,gather-scatter,0.8,1,gather-scatter,0.8
amlc_02136,LI-Small,0,legit,1100.3590361445783,3.557337617246665e-05,0,bipartite,4.853165e-05,0,bipartite,4.205251058959983e-05,0,bipartite,1,fan-out,0.6,1,fan-out,0.6,1,fan-out,0.6,1,gather-scatter,0.6,1,fan-out,0.8,1,fan-out,0.8,1,fan-out,0.8
amlc_02137,LI-Small,0,legit,1100.3590361445783,0.00047870495990792305,0,fan-in,0.00012359125,0,fan-out,0.0003011481025590935,0,fan-out,1,fan-out,0.6,1,fan-out,0.6,1,fan-out,0.6,1,gather-scatter,0.8,1,fan-out,0.8,1,gather-scatter,0.8,1,fan-out,0.8
amlc_02138,LI-Small,0,legit,1103.0169082125603,0.0015724835634082599,0,bipartite,0.0010541317,0,bipartite,0.0013133075936157279,0,bipartite,1,fan-out,0.6,1,fan-out,0.8,1,random,0.8,1,gather-scatter,0.6,1,random,0.8,1,gather-scatter,0.8,1,gather-scatter,0.8
amlc_02139,LI-Small,1,unknown,1.0,0.0006384882839622048,0,bipartite,0.0019780095,0,fan-out,0.0013082488671057892,0,fan-out,0,,0.5,0,,0.5,1,fan-out,0.8,1,gather-scatter,0.8,1,fan-out,0.8,1,fan-out,0.8,0,,0.5
amlc_02140,LI-Small,0,legit,1103.0169082125603,0.0007112375640473777,0,bipartite,0.004618809,0,fan-out,0.0026650234448339547,0,fan-out,0,,0.5,0,,0.5,1,fan-out,0.8,1,gather-scatter,0.6,1,fan-out,0.8,1,fan-out,0.8,0,,0.5
amlc_02141,LI-Small,0,legit,1103.0169082125603,0.006330065555176479,0,bipartite,0.015964216,0,bipartite,0.011147140588264336,0,bipartite,1,fan-out,0.6,0,,0.7,1,fan-out,0.8,1,gather-scatter,0.8,1,fan-out,0.8,1,gather-scatter,0.8,1,fan-out,0.8
amlc_02142,LI-Small,1,unknown,1.0,0.016306002985577127,0,bipartite,0.03826285,0,bipartite,0.027284426888396513,0,bipartite,1,fan-out,0.6,1,fan-out,0.8,1,fan-out,0.8,1,gather-scatter,0.6,1,gather-scatter,0.8,1,gather-scatter,0.8,1,fan-out,0.8
amlc_02143,LI-Small,0,legit,1.0,0.12937907529833242,0,bipartite,0.115580104,0,bipartite,0.12247958904982767,0,bipartite,1,fan-out,0.6,0,,0.7,1,fan-out,0.8,1,gather-scatter,0.6,1,stack,0.8,0,,0.7,1,gather-scatter,0.8
amlc_02144,LI-Small,1,unknown,1.0,0.004308209912313728,0,scatter-gather,0.014760563,0,scatter-gather,0.009534385972387448,0,scatter-gather,1,gather-scatter,0.6,1,scatter-gather,0.6,1,scatter-gather,0.6,1,gather-scatter,0.6,1,gather-scatter,0.8,1,gather-scatter,0.8,1,gather-scatter,0.8
amlc_02145,LI-Small,1,unknown,1.0,0.0008465732687857632,0,bipartite,0.009534145,0,bipartite,0.005190359254263187,0,bipartite,0,,0.5,0,,0.5,1,fan-out,0.8,1,gather-scatter,0.8,1,fan-out,0.8,1,fan-out,0.8,0,,0.5
amlc_02146,LI-Small,0,legit,1103.0169082125603,0.001501805339451334,0,fan-in,0.0026378755,0,fan-in,0.0020698403727614388,0,fan-in,1,gather-scatter,0.6,1,fan-in,0.6,1,gather-scatter,0.8,1,gather-scatter,0.6,1,fan-in,0.8,1,fan-in,0.8,1,fan-in,0.8
amlc_02147,LI-Small,1,unknown,1.0,0.012825606422836788,0,bipartite,0.05291888,0,bipartite,0.032872243427840474,0,bipartite,1,fan-in,0.8,1,fan-out,0.6,1,fan-out,0.8,1,gather-scatter,0.6,1,scatter-gather,0.8,1,gather-scatter,0.8,1,scatter-gather,0.8
amlc_02148,LI-Small,0,legit,1103.0169082125603,0.003636163666519512,0,bipartite,0.0054695546,0,bipartite,0.004552859187895055,0,bipartite,0,stack,0.7,0,,0.7,0,,0.7,0,,0.7,0,,0.7,0,,0.7,0,,0.7
amlc_02149,LI-Small,0,legit,1136.4420289855072,3.557337617246665e-05,0,bipartite,2.5482004e-05,0,bipartite,3.052769095160183e-05,0,bipartite,1,gather-scatter,0.6,1,gather-scatter,0.6,1,fan-out,0.8,1,gather-scatter,0.8,1,fan-out,0.8,1,gather-scatter,0.8,1,gather-scatter,0.8
amlc_02150,LI-Small,1,unknown,1.0,0.013069675474549191,0,fan-in,0.041179437,0,fan-in,0.02712455633242173,0,fan-in,1,fan-in,0.6,1,fan-in,0.6,1,fan-in,0.6,1,gather-scatter,0.6,1,fan-in,0.8,1,fan-in,0.8,1,fan-in,0.8
amlc_02151,LI-Small,1,unknown,1.0,0.000861279176214062,0,fan-out,0.0027535942,0,fan-out,0.0018074366024887676,0,fan-out,1,fan-out,0.6,1,fan-out,0.6,1,fan-out,0.8,1,gather-scatter,0.6,1,fan-out,0.8,0,,0.7,0,,0.5
amlc_02152,LI-Small,1,unknown,1.0,0.013595752410746256,0,bipartite,0.062309265,0,stack,0.03795250653855832,0,stack,1,fan-in,0.8,1,fan-in,0.6,1,fan-in,0.6,1,fan-in,0.6,1,fan-in,0.8,1,fan-in,0.8,1,fan-in,0.8
amlc_02153,LI-Small,1,unknown,1.0,0.0464847715004688,0,bipartite,0.052022465,0,bipartite,0.049253618036926065,0,bipartite,1,fan-in,0.6,1,fan-out,0.6,1,fan-in,0.8,1,,0.6,1,fan-in,0.8,1,fan-in,0.8,1,fan-in,0.8
amlc_02154,LI-Small,0,legit,1.0,0.47886827671086596,0,stack,0.26359677,0,stack,0.3712325279094567,0,stack,1,fan-out,0.6,1,fan-in,0.6,1,fan-in,0.6,1,gather-scatter,0.6,1,fan-in,0.8,1,gather-scatter,0.8,1,gather-scatter,0.8
amlc_02155,LI-Small,0,legit,1100.3590361445783,3.516924534545716e-05,0,bipartite,1.9904584e-05,0,bipartite,2.7536915421222656e-05,0,bipartite,1,fan-out,0.6,1,fan-out,0.6,1,fan-out,0.8,1,random,0.8,1,fan-out,0.8,1,fan-out,0.8,0,,0.5
amlc_02156,LI-Small,0,legit,1136.4420289855072,0.0011864728551964764,0,bipartite,0.0015380699,0,bipartite,0.0013622713636910321,0,bipartite,1,fan-out,0.8,1,fan-out,0.6,1,fan-out,0.6,1,gather-scatter,0.6,1,fan-out,0.8,1,fan-out,0.8,0,,0.5
amlc_02157,LI-Small,1,unknown,1.0,0.016647432940838792,0,fan-in,0.01846331,0,fan-in,0.01755537055936359,0,fan-in,1,fan-in,0.6,1,fan-out,0.6,1,fan-in,0.8,1,gather-scatter,0.8,1,scatter-gather,0.8,1,scatter-gather,0.8,1,scatter-gather,0.8
amlc_02158,LI-Small,0,legit,1136.4420289855072,0.001186536015081646,0,cycle,0.0006624819,0,fan-out,0.0009245089174133997,0,fan-out,1,fan-out,0.6,1,fan-out,0.6,1,fan-out,0.6,1,gather-scatter,0.6,1,gather-scatter,0.8,1,fan-out,0.8,1,gather-scatter,0.8
amlc_02159,LI-Small,0,legit,1103.0169082125603,3.557337617246665e-05,0,bipartite,5.517758e-05,0,bipartite,4.5375476084189715e-05,0,bipartite,1,fan-out,0.8,1,fan-out,0.8,1,fan-out,0.8,1,gather-scatter,0.8,1,gather-scatter,0.8,1,fan-out,0.8,1,fan-out,0.8
amlc_02160,LI-Small,0,legit,1.0,0.0361244211868879,0,bipartite,0.040073585,0,bipartite,0.03809900278977736,0,bipartite,1,fan-out,0.6,0,,0.7,0,,0.7,1,gather-scatter,0.6,1,stack,0.8,1,stack,0.8,1,stack,0.8
amlc_02161,LI-Small,0,legit,1136.4420289855072,3.557337617246665e-05,0,bipartite,2.6500817e-05,0,bipartite,3.103709529608604e-05,0,bipartite,1,fan-out,0.6,1,fan-out,0.6,1,fan-out,0.8,1,scatter-gather,0.6,1,gather-scatter,0.8,1,gather-scatter,0.8,1,gather-scatter,0.8
amlc_02162,LI-Small,1,unknown,1.0,0.0007523734513064482,0,fan-in,0.004608338,0,fan-out,0.0026803556559304525,0,fan-out,1,fan-out,0.6,1,fan-in,0.8,1,fan-out,0.8,1,gather-scatter,0.8,1,fan-out,0.8,1,fan-out,0.8,0,,0.5
amlc_02163,LI-Small,1,unknown,1.0,0.016271320643860047,0,fan-in,0.051861487,0,fan-in,0.03406640510402021,0,fan-in,1,gather-scatter,0.6,0,cycle,0.7,1,fan-in,0.6,1,gather-scatter,0.6,1,fan-in,0.8,1,gather-scatter,0.8,1,gather-scatter,0.8
amlc_02164,LI-Small,0,legit,1100.3590361445783,5.409477891275348e-05,0,cycle,8.138058e-05,0,scatter-gather,6.773768037262217e-05,0,cycle,1,fan-out,0.6,1,fan-out,0.8,1,fan-out,0.6,1,gather-scatter,0.6,1,fan-out,0.8,1,fan-out,0.8,0,,0.5
amlc_02165,LI-Small,0,legit,1.0,0.01637123762485624,0,bipartite,0.020142155,0,bipartite,0.018256696382747295,0,bipartite,0,,0.7,0,cycle,0.7,0,,0.7,1,gather-scatter,0.6,1,gather-scatter,0.8,1,stack,0.8,1,fan-in,0.8
amlc_02166,LI-Small,1,unknown,1.0,0.0006758936799073812,0,fan-out,0.0046866117,0,fan-out,0.0026812527853501142,0,fan-out,0,,0.5,0,,0.5,1,gather-scatter,0.6,1,gather-scatter,0.8,1,fan-out,0.8,1,fan-out,0.8,0,,0.5
amlc_02167,LI-Small,1,unknown,1.0,0.003109730538837295,0,stack,0.03377068,0,bipartite,0.018440205296929767,0,stack,1,fan-out,0.6,1,fan-out,0.6,1,fan-out,0.8,1,gather-scatter,0.8,1,fan-out,0.8,1,gather-scatter,0.8,1,gather-scatter,0.8
amlc_02168,LI-Small,1,unknown,1.0,0.03315409580345479,0,fan-in,0.024561735,0,fan-in,0.028857914964236453,0,fan-in,1,fan-out,0.6,1,fan-out,0.6,1,fan-out,0.8,1,fan-out,0.6,1,scatter-gather,0.8,1,fan-out,0.8,1,scatter-gather,0.8
amlc_02169,LI-Small,1,unknown,1.0,0.013764947168506635,0,bipartite,0.031404495,0,stack,0.02258472176267577,0,stack,1,fan-out,0.8,1,gather-scatter,0.6,0,,0.7,1,gather-scatter,0.6,1,random,0.8,1,gather-scatter,0.8,1,gather-scatter,0.8
amlc_02170,LI-Small,0,legit,1103.0169082125603,0.00040013026270900094,0,bipartite,0.0011707053,0,fan-out,0.0007854177316738115,0,fan-out,0,,0.5,0,,0.5,1,fan-out,0.6,1,gather-scatter,0.6,1,fan-out,0.8,0,,0.7,0,,0.5
amlc_02171,LI-Small,1,unknown,1.0,0.012185864584605084,0,bipartite,0.040746707,0,bipartite,0.026466284909327918,0,bipartite,1,fan-out,0.8,1,fan-out,0.6,1,fan-out,0.6,1,gather-scatter,0.6,1,gather-scatter,0.8,1,gather-scatter,0.8,1,gather-scatter,0.8
amlc_02172,LI-Small,0,legit,1.0,3.522397773450737e-05,0,bipartite,2.8384587e-05,0,bipartite,3.180428243268296e-05,0,bipartite,1,fan-out,0.6,1,fan-out,0.6,1,fan-out,0.6,1,gather-scatter,0.6,1,fan-out,0.8,1,gather-scatter,0.8,1,gather-scatter,0.8
amlc_02173,LI-Small,0,legit,1.0,3.522397773450737e-05,0,bipartite,2.197377e-05,0,bipartite,2.8598874949063328e-05,0,bipartite,1,fan-out,0.8,1,fan-out,0.6,1,fan-out,0.6,1,gather-scatter,0.8,1,gather-scatter,0.8,1,gather-scatter,0.8,1,gather-scatter,0.8
amlc_02174,LI-Small,0,legit,1.0,3.522397773450737e-05,0,bipartite,1.764658e-05,0,bipartite,2.643527836681359e-05,0,bipartite,1,fan-out,0.8,1,fan-out,0.6,1,fan-out,0.8,1,gather-scatter,0.8,1,fan-out,0.8,1,gather-scatter,0.8,1,fan-out,0.8
amlc_02175,LI-Small,0,legit,1.0,3.522397773450737e-05,0,bipartite,2.3797153e-05,0,bipartite,2.9510565534844215e-05,0,bipartite,1,fan-out,0.6,1,gather-scatter,0.6,1,fan-out,0.6,1,gather-scatter,0.8,1,fan-out,0.8,1,scatter-gather,0.8,1,gather-scatter,0.8
amlc_02176,LI-Small,1,unknown,1.0,0.0013295891375590626,0,fan-out,0.0077935755,0,fan-out,0.00456158261081821,0,fan-out,0,,0.5,0,,0.5,1,fan-out,0.8,1,gather-scatter,0.8,1,fan-out,0.8,0,,0.7,0,,0.5
amlc_02177,LI-Small,1,unknown,1.0,0.01642943728996317,0,fan-in,0.03405263,0,fan-in,0.025241032970612247,0,fan-in,1,gather-scatter,0.6,0,,0.7,1,fan-in,0.8,1,gather-scatter,0.6,1,fan-in,0.8,1,gather-scatter,0.8,1,fan-in,0.8
amlc_02178,LI-Small,0,legit,1103.0169082125603,0.0004149142275060508,0,fan-in,0.0049845288,0,fan-out,0.002699721376153593,0,fan-out,1,fan-out,0.8,1,fan-out,0.6,1,fan-out,0.8,1,fan-out,0.8,1,fan-out,0.8,1,fan-out,0.8,0,,0.5
amlc_02179,LI-Small,1,unknown,1.0,0.00715029653505557,0,fan-in,0.03901353,0,fan-in,0.0230819145420992,0,fan-in,1,fan-in,0.6,1,gather-scatter,0.6,1,fan-in,0.6,1,gather-scatter,0.6,1,fan-in,0.8,1,gather-scatter,0.8,1,fan-in,0.8
amlc_02180,LI-Small,1,unknown,1.0,0.003049163132638888,0,fan-in,0.0108120665,0,fan-in,0.0069306147208964605,0,fan-in,1,fan-out,0.6,1,fan-out,0.6,1,fan-out,0.8,1,gather-scatter,0.8,1,fan-out,0.8,1,fan-out,0.8,1,fan-out,0.8
amlc_02181,LI-Small,1,unknown,1.0,0.024736042621061764,0,fan-in,0.014064178,0,fan-in,0.019400110152773837,0,fan-in,1,scatter-gather,0.6,1,fan-out,0.6,1,fan-in,0.6,1,gather-scatter,0.6,1,fan-in,0.8,1,gather-scatter,0.8,1,gather-scatter,0.8
amlc_02182,LI-Small,0,legit,1.0,0.34710907412224756,0,stack,0.30032697,0,stack,0.3237180266412782,0,stack,1,fan-out,0.6,1,fan-out,0.8,1,gather-scatter,0.6,1,gather-scatter,0.6,1,gather-scatter,0.8,1,gather-scatter,0.8,1,gather-scatter,0.8
amlc_02183,LI-Small,0,legit,1.0,0.4061592586499496,0,random,0.2940957,0,fan-out,0.35012746938377837,0,fan-out,1,fan-out,0.6,1,gather-scatter,0.6,1,fan-out,0.8,1,gather-scatter,0.8,1,fan-out,0.8,1,gather-scatter,0.8,1,fan-out,0.8
amlc_02184,LI-Small,1,unknown,1.0,0.002088298050336048,0,fan-in,0.0049726367,0,fan-in,0.003530467375006281,0,fan-in,1,scatter-gather,0.6,1,fan-out,0.6,1,scatter-gather,0.6,1,gather-scatter,0.6,1,fan-in,0.8,1,scatter-gather,0.8,1,scatter-gather,0.8
amlc_02185,LI-Small,1,unknown,1.0,0.0003782223532651984,0,bipartite,0.0019675796,0,fan-out,0.0011729009493591947,0,fan-out,1,fan-out,0.6,1,fan-out,0.8,0,,0.7,1,fan-out,0.6,1,fan-out,0.8,0,,0.7,0,,0.5
amlc_02186,LI-Small,1,unknown,1.0,0.053902045352716386,0,fan-in,0.15013258,0,fan-in,0.10201731347216128,0,fan-in,1,fan-in,0.6,1,gather-scatter,0.6,1,fan-in,0.8,1,gather-scatter,0.6,1,fan-in,0.8,1,fan-in,0.8,1,fan-in,0.8
amlc_02187,LI-Small,1,unknown,1.0,0.008157726901291459,0,fan-in,0.006967733,0,fan-in,0.007562729978322312,0,fan-in,1,gather-scatter,0.6,1,gather-scatter,0.8,1,bipartite,0.8,1,gather-scatter,0.6,1,fan-in,0.8,1,gather-scatter,0.8,1,gather-scatter,0.8
amlc_02188,LI-Small,1,unknown,1.0,0.006079540726731872,0,bipartite,0.013621946,0,stack,0.00985074329609208,0,stack,1,fan-out,0.6,1,fan-out,0.6,1,fan-out,0.8,1,fan-out,0.8,1,fan-out,0.8,1,fan-out,0.8,1,fan-out,0.8
amlc_02189,LI-Small,0,legit,1100.3590361445783,0.00011339751161921382,0,bipartite,6.479652e-05,0,bipartite,8.90970147275719e-05,0,bipartite,1,fan-out,0.6,1,gather-scatter,0.6,1,fan-out,0.8,1,gather-scatter,0.8,1,gather-scatter,0.8,1,gather-scatter,0.8,1,gather-scatter,0.8
amlc_02190,LI-Small,1,fan-out,1.0,0.8783030896337392,1,fan-out,0.96643865,1,fan-out,0.9223709061221065,1,fan-out,1,fan-out,0.6,1,cycle,0.8,1,fan-out,0.8,1,bipartite,0.8,1,fan-out,0.8,0,,0.7,0,,0.5
amlc_02191,LI-Small,1,fan-out,1.0,0.952623822862687,1,fan-out,0.99523914,1,fan-out,0.9739315045748066,1,fan-out,1,fan-out,0.8,1,fan-out,0.6,1,fan-out,0.8,1,gather-scatter,0.8,1,fan-out,0.8,1,fan-out,0.8,0,,0.5
amlc_02192,LI-Small,1,fan-out,1.0,0.9073950006379488,1,fan-out,0.962924,1,fan-out,0.935159484238118,1,fan-out,1,fan-out,0.6,1,fan-out,0.6,1,fan-out,0.8,1,gather-scatter,0.8,1,fan-out,0.8,1,fan-out,0.8,0,,0.5
amlc_02193,LI-Small,1,fan-out,1.0,0.9436797375151496,1,fan-out,0.9894589,1,fan-out,0.9665693459247043,1,fan-out,1,fan-out,0.6,1,fan-out,0.6,1,fan-out,0.8,1,random,0.8,1,fan-out,0.8,1,gather-scatter,0.8,0,,0.5
amlc_02194,LI-Small,1,fan-out,1.0,0.9455037278336343,1,fan-out,0.9847991,1,fan-out,0.9651514312824634,1,fan-out,1,fan-out,0.6,1,fan-out,0.6,1,fan-out,0.8,1,gather-scatter,0.8,1,fan-out,0.8,0,,0.7,0,,0.5
amlc_02195,LI-Small,1,fan-out,1.0,0.8881453749500109,1,fan-out,0.96088696,1,fan-out,0.9245161829870142,1,fan-out,1,fan-out,0.6,1,fan-out,0.6,1,fan-out,0.8,1,gather-scatter,0.6,1,fan-out,0.8,0,,0.7,0,,0.5
amlc_02196,LI-Small,1,fan-out,1.0,0.8985582097171301,1,fan-out,0.97211504,1,fan-out,0.9353366247712849,1,fan-out,1,fan-out,0.6,1,gather-scatter,0.6,1,fan-out,0.8,1,gather-scatter,0.8,1,fan-out,0.8,1,fan-out,0.8,0,,0.5
amlc_02197,LI-Small,1,fan-out,1.0,0.9514751890793216,1,fan-out,0.9801075,1,fan-out,0.9657913555450623,1,fan-out,1,fan-out,0.6,1,gather-scatter,0.6,1,scatter-gather,0.8,1,gather-scatter,0.8,1,fan-out,0.8,0,,0.7,0,,0.5
amlc_02198,LI-Small,1,fan-out,1.0,0.9584312091953271,1,fan-out,0.9847206,1,fan-out,0.9715759342256544,1,fan-out,1,fan-out,0.6,1,fan-out,0.6,1,fan-out,0.8,1,gather-scatter,0.6,1,fan-out,0.8,1,fan-out,0.8,0,,0.5
amlc_02199,LI-Small,1,fan-out,1.0,0.9367452918147832,1,fan-out,0.9865252,1,fan-out,0.9616351991224186,1,fan-out,1,fan-out,0.6,1,fan-out,0.6,1,fan-out,0.8,1,gather-scatter,0.8,1,fan-out,0.8,1,fan-out,0.8,0,,0.5
amlc_02200,LI-Small,1,fan-out,1.0,0.859430732282115,1,fan-out,0.896795,1,fan-out,0.878112829701162,1,fan-out,1,fan-out,0.6,1,fan-out,0.6,1,fan-out,0.8,1,bipartite,0.8,1,fan-out,0.8,1,fan-out,0.8,0,,0.5
amlc_02201,LI-Small,1,fan-out,1.0,0.9594608807027466,1,fan-out,0.99327934,1,fan-out,0.9763701212138001,1,fan-out,1,fan-out,0.8,1,fan-out,0.8,0,,0.7,1,random,0.8,1,fan-out,0.8,1,fan-out,0.8,0,,0.5
amlc_02202,LI-Small,1,fan-out,1.0,0.9589695374365341,1,fan-out,0.9904208,1,fan-out,0.9746951957640893,1,fan-out,1,fan-out,0.6,1,fan-out,0.6,1,fan-out,0.8,1,random,0.8,1,fan-out,0.8,1,fan-out,0.8,0,,0.5
amlc_02203,LI-Small,1,fan-out,1.0,0.9423074207819025,1,fan-out,0.9908098,1,fan-out,0.9665586154717467,1,fan-out,1,fan-out,0.6,1,fan-out,0.8,1,fan-out,0.8,1,random,0.8,1,fan-out,0.8,1,fan-out,0.8,0,,0.5
amlc_02204,LI-Small,1,unknown,1.0,0.00958643384461989,0,bipartite,0.02184217,0,bipartite,0.01571430226880009,0,bipartite,1,gather-scatter,0.6,1,fan-out,0.8,1,fan-out,0.8,1,gather-scatter,0.8,1,scatter-gather,0.8,1,gather-scatter,0.8,1,gather-scatter,0.8
amlc_02205,LI-Small,0,legit,1136.4420289855072,3.557337617246665e-05,0,fan-out,4.291586e-05,0,bipartite,3.924461995706078e-05,0,fan-out,1,fan-out,0.6,1,fan-out,0.8,1,fan-out,0.8,1,gather-scatter,0.6,1,fan-out,0.8,0,,0.7,0,,0.5
amlc_02206,LI-Small,1,unknown,1.0,0.003242667671369807,0,fan-in,0.005528271,0,fan-in,0.004385469574519641,0,fan-in,1,fan-in,0.6,1,fan-in,0.6,1,fan-in,0.6,1,gather-scatter,0.6,1,fan-in,0.8,1,fan-in,0.8,1,fan-in,0.8
amlc_02207,LI-Small,1,unknown,1.0,0.001228235255611014,0,fan-in,0.005547796,0,fan-in,0.003388015606282687,0,fan-in,1,fan-in,0.8,1,fan-in,0.6,1,fan-in,0.8,1,gather-scatter,0.6,1,fan-in,0.8,1,fan-in,0.8,1,fan-in,0.8
amlc_02208,LI-Small,0,legit,1103.0169082125603,0.0014506146620028154,0,fan-in,0.0028678416,0,fan-in,0.0021592281214427417,0,fan-in,1,fan-in,0.6,1,fan-in,0.6,1,fan-in,0.6,1,gather-scatter,0.6,1,fan-in,0.8,1,fan-in,0.8,1,fan-in,0.8
amlc_02209,LI-Small,0,legit,1100.3590361445783,3.516924534545716e-05,0,bipartite,2.5719983e-05,0,bipartite,3.0444614366132155e-05,0,bipartite,1,fan-out,0.8,1,fan-out,0.6,1,fan-out,0.8,1,gather-scatter,0.8,1,gather-scatter,0.8,1,fan-out,0.8,1,gather-scatter,0.8
amlc_02210,LI-Small,0,legit,1103.0169082125603,3.557337617246665e-05,0,bipartite,3.4924124e-05,0,stack,3.524875007355003e-05,0,stack,1,gather-scatter,0.6,1,scatter-gather,0.8,1,gather-scatter,0.6,1,gather-scatter,0.8,1,gather-scatter,0.8,1,gather-scatter,0.8,1,gather-scatter,0.8
amlc_02211,LI-Small,0,legit,1103.0169082125603,3.557337617246665e-05,0,bipartite,2.2484815e-05,0,bipartite,2.902909488551667e-05,0,bipartite,1,scatter-gather,0.8,1,scatter-gather,0.6,0,,0.7,1,gather-scatter,0.6,1,gather-scatter,0.8,1,stack,0.8,1,gather-scatter,0.8
amlc_02212,LI-Small,1,unknown,1.0,0.00928001647755862,0,bipartite,0.038090717,0,bipartite,0.02368536638997674,0,bipartite,1,fan-out,0.6,1,fan-out,0.8,1,gather-scatter,0.8,1,gather-scatter,0.6,1,gather-scatter,0.8,1,gather-scatter,0.8,1,gather-scatter,0.8
amlc_02213,LI-Small,0,legit,1100.3590361445783,3.557337617246665e-05,0,bipartite,4.7132202e-05,0,bipartite,4.135278974939719e-05,0,bipartite,1,fan-out,0.8,1,fan-out,0.6,1,fan-out,0.8,1,gather-scatter,0.6,1,fan-out,0.8,1,fan-out,0.8,0,,0.5
amlc_02214,LI-Small,1,unknown,1.0,0.009682393065866445,0,bipartite,0.030565804,0,bipartite,0.020124098468212594,0,bipartite,1,fan-out,0.6,1,fan-out,0.6,1,gather-scatter,0.6,1,gather-scatter,0.8,1,gather-scatter,0.8,1,gather-scatter,0.8,1,gather-scatter,0.8
amlc_02215,LI-Small,0,legit,1103.0169082125603,0.02285247222397711,0,bipartite,0.02072646,0,bipartite,0.021789465476145277,0,bipartite,1,fan-out,0.6,1,fan-out,0.6,1,fan-out,0.8,1,gather-scatter,0.8,1,fan-out,0.8,1,scatter-gather,0.8,1,fan-out,0.8
amlc_02216,LI-Small,0,legit,1136.4420289855072,3.557337617246665e-05,0,bipartite,3.0786174e-05,0,bipartite,3.31797744096897e-05,0,bipartite,1,fan-out,0.6,1,fan-out,0.6,1,fan-out,0.6,1,gather-scatter,0.8,1,fan-out,0.8,1,fan-out,0.8,1,fan-out,0.8
amlc_02217,LI-Small,0,legit,1100.3590361445783,3.516924534545716e-05,0,bipartite,2.9356272e-05,0,bipartite,3.2262758849100064e-05,0,bipartite,1,fan-out,0.6,1,fan-out,0.6,1,fan-out,0.6,1,gather-scatter,0.8,1,fan-out,0.8,1,fan-out,0.8,0,,0.5
amlc_02218,LI-Small,0,legit,1136.4420289855072,3.516924534545716e-05,0,fan-in,1.3189079e-05,0,bipartite,2.417916157239102e-05,0,fan-in,1,fan-out,0.6,1,stack,0.8,1,fan-out,0.8,1,gather-scatter,0.8,1,fan-out,0.8,1,gather-scatter,0.8,1,gather-scatter,0.8
amlc_02219,LI-Small,1,unknown,1.0,0.0032269596354166778,0,bipartite,0.007208532,0,bipartite,0.005217745678921546,0,bipartite,1,gather-scatter,0.6,1,scatter-gather,0.8,1,gather-scatter,0.8,1,gather-scatter,0.6,1,gather-scatter,0.8,1,gather-scatter,0.8,1,gather-scatter,0.8
amlc_02220,LI-Small,0,legit,1136.4420289855072,3.557337617246665e-05,0,bipartite,4.1663996e-05,0,bipartite,3.8618686785810854e-05,0,bipartite,1,fan-out,0.8,1,fan-out,0.8,1,bipartite,0.8,1,gather-scatter,0.8,1,gather-scatter,0.8,1,gather-scatter,0.8,1,fan-out,0.8
amlc_02221,LI-Small,0,legit,1100.3590361445783,3.516924534545716e-05,0,bipartite,1.20774885e-05,0,bipartite,2.3623366995451356e-05,0,bipartite,1,fan-out,0.8,1,fan-out,0.6,1,gather-scatter,0.8,1,gather-scatter,0.6,1,gather-scatter,0.8,0,,0.7,0,,0.5
amlc_02222,LI-Small,1,unknown,1.0,0.002394421653770639,0,bipartite,0.009034006,0,bipartite,0.005714213882547237,0,bipartite,1,scatter-gather,0.8,1,scatter-gather,0.8,0,,0.7,1,gather-scatter,0.6,1,stack,0.8,1,gather-scatter,0.8,1,scatter-gather,0.8
amlc_02223,LI-Small,0,legit,1100.3590361445783,3.526862127697342e-05,0,bipartite,4.172995e-05,0,stack,3.8499285796961114e-05,0,stack,1,fan-out,0.6,1,cycle,0.8,1,fan-out,0.8,1,gather-scatter,0.8,1,fan-out,0.8,1,fan-out,0.8,1,gather-scatter,0.8
amlc_02224,LI-Small,0,legit,1100.3590361445783,3.557337617246665e-05,0,bipartite,5.1490344e-05,0,stack,4.3531861202098655e-05,0,stack,1,gather-scatter,0.8,1,scatter-gather,0.6,0,,0.7,1,gather-scatter,0.8,1,gather-scatter,0.8,1,gather-scatter,0.8,1,gather-scatter,0.8
amlc_02225,LI-Small,1,unknown,1.0,0.002232322617586732,0,bipartite,0.04701976,0,bipartite,0.024626042209176364,0,bipartite,1,fan-out,0.8,1,scatter-gather,0.8,1,fan-out,0.8,1,gather-scatter,0.8,1,fan-out,0.8,1,fan-out,0.8,1,fan-out,0.8
amlc_02226,LI-Small,0,legit,1100.3590361445783,3.557337617246665e-05,0,bipartite,6.0502603e-05,0,bipartite,4.803799017321434e-05,0,bipartite,1,fan-out,0.8,1,fan-out,0.6,1,fan-out,0.8,1,gather-scatter,0.6,1,gather-scatter,0.8,1,gather-scatter,0.8,1,gather-scatter,0.8
amlc_02227,LI-Small,0,legit,1100.3590361445783,0.00011339751161921382,0,bipartite,4.1572494e-05,0,stack,7.748500110491916e-05,0,stack,1,fan-out,0.8,1,fan-out,0.8,1,fan-in,0.6,1,gather-scatter,0.6,1,fan-out,0.8,1,gather-scatter,0.8,0,,0.5
amlc_02228,LI-Small,1,unknown,1.0,0.00037150284599283265,0,bipartite,0.004314041,0,fan-out,0.002342771945277944,0,fan-out,1,fan-out,0.8,1,fan-out,0.6,1,fan-out,0.6,1,fan-out,0.6,1,fan-out,0.8,1,fan-out,0.8,0,,0.5
amlc_02229,LI-Small,1,unknown,1.0,0.009489518290175752,0,bipartite,0.036317248,0,bipartite,0.022903381789929546,0,bipartite,1,gather-scatter,0.6,1,gather-scatter,0.6,1,random,0.8,1,gather-scatter,0.8,1,gather-scatter,0.8,1,gather-scatter,0.8,1,gather-scatter,0.8
amlc_02230,LI-Small,0,legit,1100.3590361445783,3.516924534545716e-05,0,bipartite,1.0843632e-05,0,bipartite,2.3006438367445804e-05,0,bipartite,1,fan-out,0.6,1,stack,0.8,1,random,0.8,1,gather-scatter,0.6,1,gather-scatter,0.8,1,gather-scatter,0.8,1,gather-scatter,0.8
amlc_02231,LI-Small,0,legit,1136.4420289855072,3.516924534545716e-05,0,bipartite,1.6999817e-05,0,bipartite,2.6084530871884053e-05,0,bipartite,1,fan-out,0.6,1,fan-out,0.6,1,fan-out,0.8,1,gather-scatter,0.6,1,fan-out,0.8,1,gather-scatter,0.8,1,gather-scatter,0.8
amlc_02232,LI-Small,1,gather-scatter,1.0,0.03573026005777895,0,random,0.25426418,0,random,0.14499722393529207,0,random,1,fan-out,0.6,1,fan-out,0.6,1,fan-out,0.8,1,gather-scatter,0.8,1,fan-out,0.8,1,fan-out,0.8,1,fan-out,0.8
amlc_02233,LI-Small,1,gather-scatter,1.0,0.721386563339138,1,random,0.83887404,1,cycle,0.7801303026866435,1,cycle,1,gather-scatter,0.6,1,gather-scatter,0.6,1,fan-out,0.6,1,gather-scatter,0.8,1,scatter-gather,0.8,1,gather-scatter,0.8,1,gather-scatter,0.8
amlc_02234,LI-Small,0,legit,1.0,0.8198659921718401,1,random,0.90593565,1,bipartite,0.8629008126771829,1,bipartite,1,stack,0.8,1,scatter-gather,0.6,1,gather-scatter,0.6,1,gather-scatter,0.6,1,fan-in,0.8,1,gather-scatter,0.8,1,fan-in,0.8
amlc_02235,LI-Small,0,legit,1100.3590361445783,3.516924534545716e-05,0,bipartite,1.9356206e-05,0,bipartite,2.7262726233601424e-05,0,bipartite,1,gather-scatter,0.6,1,fan-out,0.8,1,fan-out,0.6,1,gather-scatter,0.8,1,fan-out,0.8,1,gather-scatter,0.8,1,fan-out,0.8
amlc_02236,LI-Small,0,legit,1100.3590361445783,3.487997806324355e-05,0,bipartite,2.1372301e-05,0,bipartite,2.81261394125559e-05,0,bipartite,1,fan-in,0.8,1,fan-in,0.8,1,fan-in,0.6,1,gather-scatter,0.6,1,fan-in,0.8,1,fan-in,0.8,1,fan-in,0.8
amlc_02237,LI-Small,1,unknown,1.0,0.025587719529109175,0,bipartite,0.10450329,0,bipartite,0.06504550121686706,0,bipartite,1,fan-out,0.8,1,scatter-gather,0.8,1,fan-out,0.8,1,gather-scatter,0.6,0,,0.7,1,fan-out,0.8,1,gather-scatter,0.8
amlc_02238,LI-Small,0,legit,1.0,0.0011725648784942934,0,bipartite,0.0008039953,0,bipartite,0.0009882801393479115,0,bipartite,1,fan-out,0.6,1,fan-out,0.6,1,fan-out,0.8,1,gather-scatter,0.8,1,fan-out,0.8,1,gather-scatter,0.8,1,fan-out,0.8
amlc_02239,LI-Small,0,legit,1100.3590361445783,3.516924534545716e-05,0,bipartite,1.977544e-05,0,bipartite,2.7472342752588302e-05,0,bipartite,1,fan-out,0.6,1,fan-out,0.8,1,fan-out,0.8,1,random,0.8,1,fan-out,0.8,1,fan-out,0.8,0,,0.5
amlc_02240,LI-Small,0,legit,1136.4420289855072,0.001967152432245921,0,gather-scatter,0.00062875374,0,stack,0.0012979530802395994,0,gather-scatter,1,fan-out,0.6,1,gather-scatter,0.6,1,fan-out,0.8,1,random,0.8,1,gather-scatter,0.8,1,gather-scatter,0.8,1,fan-out,0.8
amlc_02241,LI-Small,0,legit,1136.4420289855072,3.557337617246665e-05,0,bipartite,3.975827e-05,0,bipartite,3.766582119209342e-05,0,bipartite,1,gather-scatter,0.8,1,gather-scatter,0.6,0,,0.7,1,gather-scatter,0.6,1,gather-scatter,0.8,1,gather-scatter,0.8,1,gather-scatter,0.8
amlc_02242,LI-Small,0,legit,1136.4420289855072,3.557337617246665e-05,0,bipartite,3.9028026e-05,0,bipartite,3.7300699450896343e-05,0,bipartite,1,fan-out,0.6,1,fan-out,0.6,1,gather-scatter,0.6,1,random,0.8,1,scatter-gather,0.8,1,scatter-gather,0.8,1,gather-scatter,0.8
amlc_02243,LI-Small,1,unknown,1.0,0.00047986297444500435,0,fan-out,0.013766816,0,bipartite,0.007123339616437743,0,fan-out,0,,0.5,0,,0.5,1,fan-out,0.8,1,gather-scatter,0.8,1,fan-out,0.8,0,,0.7,0,,0.5
amlc_02244,LI-Small,0,legit,1100.3590361445783,3.574548805602735e-05,0,fan-in,3.6984617e-05,0,fan-out,3.6365053419162995e-05,0,fan-out,1,fan-out,0.6,1,gather-scatter,0.6,1,random,0.8,1,gather-scatter,0.6,1,random,0.8,1,fan-out,0.8,1,gather-scatter,0.8
amlc_02245,LI-Small,1,unknown,1.0,0.003177079805590803,0,fan-in,0.03386881,0,fan-in,0.018522943121124354,0,fan-in,1,fan-out,0.6,1,fan-out,0.6,1,fan-out,0.8,1,gather-scatter,0.6,1,fan-out,0.8,1,fan-out,0.8,1,fan-out,0.8
amlc_02246,LI-Small,0,legit,1136.4420289855072,3.526862127697342e-05,0,bipartite,2.6242968e-05,0,stack,3.0755794609676885e-05,0,stack,1,fan-out,0.8,1,scatter-gather,0.8,1,fan-out,0.6,1,random,0.8,1,scatter-gather,0.8,1,random,0.8,1,fan-out,0.8
amlc_02247,LI-Small,1,unknown,1.0,0.02942997683231005,0,bipartite,0.018526928,0,stack,0.023978452479561017,0,stack,1,fan-out,0.8,1,fan-out,0.6,0,,0.7,1,gather-scatter,0.8,1,gather-scatter,0.8,1,gather-scatter,0.8,1,gather-scatter,0.8
amlc_02248,LI-Small,0,legit,1100.3590361445783,5.6047488258585744e-05,0,bipartite,5.6661018e-05,0,bipartite,5.6354254160375535e-05,0,bipartite,1,fan-out,0.8,1,gather-scatter,0.6,1,fan-out,0.8,1,gather-scatter,0.6,1,gather-scatter,0.8,1,gather-scatter,0.8,1,fan-out,0.8
amlc_02249,LI-Small,0,legit,1136.4420289855072,3.557337617246665e-05,0,bipartite,2.8463552e-05,0,bipartite,3.2018464453757034e-05,0,bipartite,1,fan-out,0.8,1,fan-out,0.6,1,fan-out,0.6,1,random,0.8,1,gather-scatter,0.8,1,gather-scatter,0.8,1,scatter-gather,0.8
amlc_02250,LI-Small,0,legit,1103.0169082125603,3.557337617246665e-05,0,bipartite,2.5476862e-05,0,bipartite,3.052511835488839e-05,0,bipartite,1,gather-scatter,0.8,1,fan-out,0.6,1,fan-out,0.6,1,gather-scatter,0.6,1,gather-scatter,0.8,1,fan-out,0.8,1,gather-scatter,0.8
amlc_02251,LI-Small,0,legit,1103.0169082125603,0.0012283461710549358,0,scatter-gather,0.0037409202,0,scatter-gather,0.0024846330788973452,0,scatter-gather,0,,0.5,0,,0.5,1,fan-out,0.8,1,gather-scatter,0.6,1,fan-out,0.8,1,fan-out,0.8,0,,0.5
amlc_02252,LI-Small,0,legit,1100.3590361445783,3.557337617246665e-05,0,bipartite,2.8173547e-05,0,bipartite,3.187346134876715e-05,0,bipartite,1,gather-scatter,0.6,1,gather-scatter,0.8,1,random,0.8,1,gather-scatter,0.6,1,gather-scatter,0.8,1,gather-scatter,0.8,1,scatter-gather,0.8
amlc_02253,LI-Small,0,legit,1.0,0.013223056110214636,0,bipartite,0.02331587,0,bipartite,0.018269462877249443,0,bipartite,1,fan-out,0.8,1,scatter-gather,0.8,0,,0.7,1,fan-out,0.6,1,fan-in,0.8,1,gather-scatter,0.8,0,,0.5
amlc_02254,LI-Small,0,legit,1136.4420289855072,3.557337617246665e-05,0,bipartite,4.092103e-05,0,bipartite,3.824720440246746e-05,0,bipartite,1,cycle,0.8,1,scatter-gather,0.8,1,random,0.8,1,gather-scatter,0.6,1,fan-out,0.8,1,gather-scatter,0.8,1,gather-scatter,0.8
amlc_02255,LI-Small,1,unknown,1.0,0.026893365331230944,0,bipartite,0.054229278,0,bipartite,0.04056132135179559,0,bipartite,1,fan-out,0.6,1,fan-out,0.6,1,fan-out,0.6,1,gather-scatter,0.6,1,fan-out,0.8,1,fan-out,0.8,1,fan-out,0.8
amlc_02256,LI-Small,0,legit,1103.0169082125603,3.5626204102236333e-05,0,bipartite,3.2093005e-05,0,bipartite,3.385960411102582e-05,0,bipartite,1,random,0.8,1,scatter-gather,0.6,1,fan-out,0.6,1,gather-scatter,0.8,1,gather-scatter,0.8,1,gather-scatter,0.8,1,random,0.8
amlc_02257,LI-Small,0,legit,1100.3590361445783,7.016202130158795e-05,0,bipartite,6.8239424e-05,0,bipartite,6.920072330529518e-05,0,bipartite,1,scatter-gather,0.6,1,scatter-gather,0.8,1,gather-scatter,0.6,1,gather-scatter,0.6,1,scatter-gather,0.8,1,gather-scatter,0.8,1,gather-scatter,0.8
amlc_02258,LI-Small,1,unknown,1.0,0.00617121272856824,0,fan-in,0.02258516,0,fan-in,0.014378186506901347,0,fan-in,1,fan-in,0.6,1,fan-in,0.6,1,fan-in,0.6,1,gather-scatter,0.8,1,fan-in,0.8,1,fan-in,0.8,1,gather-scatter,0.8
amlc_02259,LI-Small,0,legit,1136.4420289855072,3.557337617246665e-05,0,bipartite,2.7880518e-05,0,bipartite,3.172694793687551e-05,0,bipartite,1,fan-out,0.6,1,fan-out,0.6,1,random,0.8,1,gather-scatter,0.6,1,gather-scatter,0.8,1,gather-scatter,0.8,1,gather-scatter,0.8
amlc_02260,LI-Small,1,unknown,1.0,0.01297452899959905,0,bipartite,0.041375868,0,bipartite,0.027175198883549488,0,bipartite,1,scatter-gather,0.6,1,scatter-gather,0.8,1,fan-in,0.6,1,gather-scatter,0.6,1,scatter-gather,0.8,1,scatter-gather,0.8,1,scatter-gather,0.8
amlc_02261,LI-Small,0,legit,1136.4420289855072,3.557337617246665e-05,0,bipartite,2.3217915e-05,0,bipartite,2.939564635238493e-05,0,bipartite,1,fan-out,0.6,1,fan-out,0.6,1,fan-out,0.8,1,gather-scatter,0.6,1,gather-scatter,0.8,1,gather-scatter,0.8,1,gather-scatter,0.8
amlc_02262,LI-Small,0,legit,1103.0169082125603,0.00011439237113617003,0,bipartite,9.096911e-05,0,bipartite,0.00010268073665114872,0,bipartite,1,fan-out,0.6,0,,0.7,1,fan-out,0.8,1,gather-scatter,0.6,1,fan-out,0.8,1,gather-scatter,0.8,1,fan-out,0.8
amlc_02263,LI-Small,0,legit,1100.3590361445783,0.00015198557120824982,0,bipartite,0.00014312903,0,bipartite,0.0001475572980769575,0,bipartite,1,fan-out,0.8,1,fan-out,0.8,1,fan-out,0.6,1,gather-scatter,0.8,1,fan-out,0.8,1,gather-scatter,0.8,0,,0.5
amlc_02264,LI-Small,0,legit,1136.4420289855072,0.0004474147858012013,0,bipartite,0.0023161867,0,fan-out,0.0013818008094982949,0,fan-out,0,,0.5,0,,0.5,1,random,0.8,0,,0.7,1,fan-out,0.8,1,fan-out,0.8,0,,0.5
amlc_02265,LI-Small,0,legit,1136.4420289855072,0.0004637072295391954,0,fan-out,0.0010582472,0,fan-out,0.0007609771897305745,0,fan-out,0,,0.5,0,,0.5,1,fan-out,0.8,1,gather-scatter,0.6,1,fan-out,0.8,1,fan-out,0.8,0,,0.5
amlc_02266,LI-Small,0,legit,1.0,0.6689342517647813,1,bipartite,0.20972037,0,bipartite,0.43932731394935,0,bipartite,1,fan-out,0.6,1,fan-out,0.6,1,fan-out,0.6,1,gather-scatter,0.6,1,fan-out,0.8,1,fan-out,0.8,1,fan-out,0.8
amlc_02267,LI-Small,1,unknown,1.0,0.00977683913540852,0,fan-out,0.020145666,0,bipartite,0.014961252960473358,0,fan-out,1,fan-out,0.8,1,scatter-gather,0.6,1,random,0.8,1,gather-scatter,0.8,1,gather-scatter,0.8,0,,0.7,1,gather-scatter,0.8
