dataset,method,draw_id,n_subset,n_illicit,w_precision,w_recall,w_f1,delta_p,delta_r,delta_f1,uw_precision,uw_recall,uw_f1,delta_p_uw,delta_r_uw,delta_f1_uw,typ_macro_f1,typ_accuracy,delta_typ_macro_f1,delta_typ_accuracy
HI-Small,B1_random_uniform,0,3753,2,1.0,0.5,0.6666666666666666,0.06892067620286091,0.07234212629896086,0.042244224422442245,1.0,0.5,0.6666666666666666,0.06892067620286091,0.07234212629896086,0.042244224422442245,1.0,1.0,0.2776651022178158,0.17318435754189943
HI-Small,B1_random_uniform,1,3753,2,0.0,0.0,0.0,0.9310793237971391,0.5723421262989609,0.7089108910891089,0.0,0.0,0.0,0.9310793237971391,0.5723421262989609,0.7089108910891089,0.0,0.0,0.7223348977821842,0.8268156424581006
HI-Small,B1_random_uniform,2,3753,1,0.5,1.0,0.6666666666666666,0.4310793237971391,0.42765787370103914,0.042244224422442245,0.5,1.0,0.6666666666666666,0.4310793237971391,0.42765787370103914,0.042244224422442245,1.0,1.0,0.2776651022178158,0.17318435754189943
HI-Small,B1_random_uniform,3,3753,7,1.0,1.0,1.0,0.06892067620286091,0.42765787370103914,0.2910891089108911,1.0,1.0,1.0,0.06892067620286091,0.42765787370103914,0.2910891089108911,1.0,1.0,0.2776651022178158,0.17318435754189943
HI-Small,B1_random_uniform,4,3753,5,1.0,1.0,1.0,0.06892067620286091,0.42765787370103914,0.2910891089108911,1.0,1.0,1.0,0.06892067620286091,0.42765787370103914,0.2910891089108911,0.5,0.8,0.22233489778218418,0.02681564245810053
HI-Small,B1_random_uniform,5,3753,4,0.6,0.75,0.6666666666666665,0.3310793237971391,0.17765787370103914,0.042244224422442356,0.6,0.75,0.6666666666666666,0.3310793237971391,0.17765787370103914,0.042244224422442245,1.0,1.0,0.2776651022178158,0.17318435754189943
HI-Small,B1_random_uniform,6,3753,3,1.0,0.3333333333333333,0.5,0.06892067620286091,0.23900879296562755,0.20891089108910887,1.0,0.3333333333333333,0.5,0.06892067620286091,0.23900879296562755,0.20891089108910887,1.0,1.0,0.2776651022178158,0.17318435754189943
HI-Small,B1_random_uniform,7,3753,4,1.0,0.5,0.6666666666666666,0.06892067620286091,0.07234212629896086,0.042244224422442245,1.0,0.5,0.6666666666666666,0.06892067620286091,0.07234212629896086,0.042244224422442245,0.3333333333333333,0.5,0.38900156444885087,0.3268156424581006
HI-Small,B1_random_uniform,8,3753,9,1.0,0.5555555555555556,0.7142857142857143,0.06892067620286091,0.016786570743405282,0.005374823196605427,1.0,0.5555555555555556,0.7142857142857143,0.06892067620286091,0.016786570743405282,0.005374823196605427,0.3333333333333333,0.6,0.38900156444885087,0.2268156424581006
HI-Small,B1_random_uniform,9,3753,2,1.0,1.0,1.0,0.06892067620286091,0.42765787370103914,0.2910891089108911,1.0,1.0,1.0,0.06892067620286091,0.42765787370103914,0.2910891089108911,0.3333333333333333,0.5,0.38900156444885087,0.3268156424581006
HI-Small,B1_random_uniform,10,3753,2,1.0,0.5,0.6666666666666666,0.06892067620286091,0.07234212629896086,0.042244224422442245,1.0,0.5,0.6666666666666666,0.06892067620286091,0.07234212629896086,0.042244224422442245,1.0,1.0,0.2776651022178158,0.17318435754189943
HI-Small,B1_random_uniform,11,3753,2,1.0,0.5,0.6666666666666666,0.06892067620286091,0.07234212629896086,0.042244224422442245,1.0,0.5,0.6666666666666666,0.06892067620286091,0.07234212629896086,0.042244224422442245,0.0,0.0,0.7223348977821842,0.8268156424581006
HI-Small,B1_random_uniform,12,3753,3,1.0,0.6666666666666666,0.8,0.06892067620286091,0.09432454036770577,0.09108910891089117,1.0,0.6666666666666666,0.8,0.06892067620286091,0.09432454036770577,0.09108910891089117,0.0,0.0,0.7223348977821842,0.8268156424581006
HI-Small,B1_random_uniform,13,3753,7,1.0,0.5714285714285714,0.7272727272727273,0.06892067620286091,0.0009135548703894658,0.01836183618361842,1.0,0.5714285714285714,0.7272727272727273,0.06892067620286091,0.0009135548703894658,0.01836183618361842,0.5,0.75,0.22233489778218418,0.07681564245810057
HI-Small,B1_random_uniform,14,3753,2,0.0,0.0,0.0,0.9310793237971391,0.5723421262989609,0.7089108910891089,0.0,0.0,0.0,0.9310793237971391,0.5723421262989609,0.7089108910891089,0.0,0.0,0.7223348977821842,0.8268156424581006
HI-Small,B1_random_uniform,15,3753,5,0.6666666666666666,0.4,0.5,0.26441265713047246,0.17234212629896084,0.20891089108910887,0.6666666666666666,0.4,0.5,0.26441265713047246,0.17234212629896084,0.20891089108910887,0.3333333333333333,0.5,0.38900156444885087,0.3268156424581006
HI-Small,B1_random_uniform,16,3753,2,0.5,0.5,0.5,0.4310793237971391,0.07234212629896086,0.20891089108910887,0.5,0.5,0.5,0.4310793237971391,0.07234212629896086,0.20891089108910887,1.0,1.0,0.2776651022178158,0.17318435754189943
HI-Small,B1_random_uniform,17,3753,4,1.0,0.25,0.4,0.06892067620286091,0.32234212629896086,0.30891089108910885,1.0,0.25,0.4,0.06892067620286091,0.32234212629896086,0.30891089108910885,1.0,1.0,0.2776651022178158,0.17318435754189943
HI-Small,B1_random_uniform,18,3753,3,0.6666666666666666,0.6666666666666666,0.6666666666666666,0.26441265713047246,0.09432454036770577,0.042244224422442245,0.6666666666666666,0.6666666666666666,0.6666666666666666,0.26441265713047246,0.09432454036770577,0.042244224422442245,1.0,1.0,0.2776651022178158,0.17318435754189943
HI-Small,B1_random_uniform,19,3753,5,1.0,0.6,0.7499999999999999,0.06892067620286091,0.027657873701039115,0.041089108910891015,1.0,0.6,0.75,0.06892067620286091,0.027657873701039115,0.041089108910891126,0.5,0.6666666666666666,0.22233489778218418,0.16014897579143395
HI-Small,B1_random_uniform,20,3753,3,1.0,1.0,1.0,0.06892067620286091,0.42765787370103914,0.2910891089108911,1.0,1.0,1.0,0.06892067620286091,0.42765787370103914,0.2910891089108911,1.0,1.0,0.2776651022178158,0.17318435754189943
HI-Small,B1_random_uniform,21,3753,4,0.0,0.0,0.0,0.9310793237971391,0.5723421262989609,0.7089108910891089,0.0,0.0,0.0,0.9310793237971391,0.5723421262989609,0.7089108910891089,0.0,0.0,0.7223348977821842,0.8268156424581006
HI-Small,B1_random_uniform,22,3753,1,1.0,1.0,1.0,0.06892067620286091,0.42765787370103914,0.2910891089108911,1.0,1.0,1.0,0.06892067620286091,0.42765787370103914,0.2910891089108911,1.0,1.0,0.2776651022178158,0.17318435754189943
HI-Small,B1_random_uniform,23,3753,6,1.0,0.6666666666666666,0.8,0.06892067620286091,0.09432454036770577,0.09108910891089117,1.0,0.6666666666666666,0.8,0.06892067620286091,0.09432454036770577,0.09108910891089117,0.5,0.5,0.22233489778218418,0.3268156424581006
HI-Small,B1_random_uniform,24,3753,7,1.0,0.5714285714285714,0.7272727272727273,0.06892067620286091,0.0009135548703894658,0.01836183618361842,1.0,0.5714285714285714,0.7272727272727273,0.06892067620286091,0.0009135548703894658,0.01836183618361842,0.4,0.5,0.32233489778218416,0.3268156424581006
HI-Small,B1_random_uniform,25,3753,3,1.0,1.0,1.0,0.06892067620286091,0.42765787370103914,0.2910891089108911,1.0,1.0,1.0,0.06892067620286091,0.42765787370103914,0.2910891089108911,0.16666666666666666,0.3333333333333333,0.5556682311155176,0.49348230912476726
HI-Small,B1_random_uniform,26,3753,3,1.0,1.0,1.0,0.06892067620286091,0.42765787370103914,0.2910891089108911,1.0,1.0,1.0,0.06892067620286091,0.42765787370103914,0.2910891089108911,0.5555555555555555,0.6666666666666666,0.1667793422266287,0.16014897579143395
HI-Small,B1_random_uniform,27,3753,4,1.0,0.75,0.8571428571428571,0.06892067620286091,0.17765787370103914,0.14823196605374822,1.0,0.75,0.8571428571428571,0.06892067620286091,0.17765787370103914,0.14823196605374822,1.0,1.0,0.2776651022178158,0.17318435754189943
HI-Small,B1_random_uniform,28,3753,6,1.0,0.5,0.6666666666666666,0.06892067620286091,0.07234212629896086,0.042244224422442245,1.0,0.5,0.6666666666666666,0.06892067620286091,0.07234212629896086,0.042244224422442245,1.0,1.0,0.2776651022178158,0.17318435754189943
HI-Small,B1_random_uniform,29,3753,6,1.0,0.8333333333333334,0.9090909090909091,0.06892067620286091,0.2609912070343725,0.2001800180018002,1.0,0.8333333333333334,0.9090909090909091,0.06892067620286091,0.2609912070343725,0.2001800180018002,1.0,1.0,0.2776651022178158,0.17318435754189943
HI-Small,B1_random_uniform,30,3753,5,1.0,0.6,0.7499999999999999,0.06892067620286091,0.027657873701039115,0.041089108910891015,1.0,0.6,0.75,0.06892067620286091,0.027657873701039115,0.041089108910891126,1.0,1.0,0.2776651022178158,0.17318435754189943
HI-Small,B1_random_uniform,31,3753,4,1.0,1.0,1.0,0.06892067620286091,0.42765787370103914,0.2910891089108911,1.0,1.0,1.0,0.06892067620286091,0.42765787370103914,0.2910891089108911,1.0,1.0,0.2776651022178158,0.17318435754189943
HI-Small,B1_random_uniform,32,3753,6,0.6666666666666666,0.3333333333333333,0.4444444444444444,0.26441265713047246,0.23900879296562755,0.26446644664466445,0.6666666666666666,0.3333333333333333,0.4444444444444444,0.26441265713047246,0.23900879296562755,0.26446644664466445,1.0,1.0,0.2776651022178158,0.17318435754189943
HI-Small,B1_random_uniform,33,3753,3,1.0,0.6666666666666666,0.8,0.06892067620286091,0.09432454036770577,0.09108910891089117,1.0,0.6666666666666666,0.8,0.06892067620286091,0.09432454036770577,0.09108910891089117,0.0,0.0,0.7223348977821842,0.8268156424581006
HI-Small,B1_random_uniform,34,3753,1,1.0,1.0,1.0,0.06892067620286091,0.42765787370103914,0.2910891089108911,1.0,1.0,1.0,0.06892067620286091,0.42765787370103914,0.2910891089108911,1.0,1.0,0.2776651022178158,0.17318435754189943
HI-Small,B1_random_uniform,35,3753,4,1.0,0.5,0.6666666666666666,0.06892067620286091,0.07234212629896086,0.042244224422442245,1.0,0.5,0.6666666666666666,0.06892067620286091,0.07234212629896086,0.042244224422442245,0.3333333333333333,0.5,0.38900156444885087,0.3268156424581006
HI-Small,B1_random_uniform,36,3753,7,1.0,0.2857142857142857,0.4444444444444445,0.06892067620286091,0.28662784058467516,0.2644664466446644,1.0,0.2857142857142857,0.4444444444444444,0.06892067620286091,0.28662784058467516,0.26446644664466445,1.0,1.0,0.2776651022178158,0.17318435754189943
HI-Small,B1_random_uniform,37,3753,2,1.0,0.5,0.6666666666666666,0.06892067620286091,0.07234212629896086,0.042244224422442245,1.0,0.5,0.6666666666666666,0.06892067620286091,0.07234212629896086,0.042244224422442245,1.0,1.0,0.2776651022178158,0.17318435754189943
HI-Small,B1_random_uniform,38,3753,7,1.0,0.7142857142857143,0.8333333333333333,0.06892067620286091,0.14194358798675344,0.12442244224422438,1.0,0.7142857142857143,0.8333333333333334,0.06892067620286091,0.14194358798675344,0.1244224422442245,0.4444444444444444,0.6,0.27789045333773976,0.2268156424581006
HI-Small,B1_random_uniform,39,3753,4,1.0,0.5,0.6666666666666666,0.06892067620286091,0.07234212629896086,0.042244224422442245,1.0,0.5,0.6666666666666666,0.06892067620286091,0.07234212629896086,0.042244224422442245,1.0,1.0,0.2776651022178158,0.17318435754189943
HI-Small,B1_random_uniform,40,3753,7,1.0,0.8571428571428571,0.923076923076923,0.06892067620286091,0.28480073084389623,0.21416603198781414,1.0,0.8571428571428571,0.9230769230769231,0.06892067620286091,0.28480073084389623,0.21416603198781425,0.6666666666666666,0.8333333333333334,0.05566823111551755,0.0065176908752327956
HI-Small,B1_random_uniform,41,3753,4,1.0,0.5,0.6666666666666666,0.06892067620286091,0.07234212629896086,0.042244224422442245,1.0,0.5,0.6666666666666666,0.06892067620286091,0.07234212629896086,0.042244224422442245,1.0,1.0,0.2776651022178158,0.17318435754189943
HI-Small,B1_random_uniform,42,3753,3,0.6666666666666666,0.6666666666666666,0.6666666666666666,0.26441265713047246,0.09432454036770577,0.042244224422442245,0.6666666666666666,0.6666666666666666,0.6666666666666666,0.26441265713047246,0.09432454036770577,0.042244224422442245,1.0,1.0,0.2776651022178158,0.17318435754189943
HI-Small,B1_random_uniform,43,3753,3,1.0,1.0,1.0,0.06892067620286091,0.42765787370103914,0.2910891089108911,1.0,1.0,1.0,0.06892067620286091,0.42765787370103914,0.2910891089108911,1.0,1.0,0.2776651022178158,0.17318435754189943
HI-Small,B1_random_uniform,44,3753,3,1.0,0.3333333333333333,0.5,0.06892067620286091,0.23900879296562755,0.20891089108910887,1.0,0.3333333333333333,0.5,0.06892067620286091,0.23900879296562755,0.20891089108910887,0.0,0.0,0.7223348977821842,0.8268156424581006
HI-Small,B1_random_uniform,45,3753,7,1.0,0.8571428571428571,0.923076923076923,0.06892067620286091,0.28480073084389623,0.21416603198781414,1.0,0.8571428571428571,0.9230769230769231,0.06892067620286091,0.28480073084389623,0.21416603198781425,1.0,1.0,0.2776651022178158,0.17318435754189943
HI-Small,B1_random_uniform,46,3753,7,0.8571428571428571,0.8571428571428571,0.8571428571428571,0.073936466654282,0.28480073084389623,0.14823196605374822,0.8571428571428571,0.8571428571428571,0.8571428571428571,0.073936466654282,0.28480073084389623,0.14823196605374822,0.7,0.8333333333333334,0.022334897782184227,0.0065176908752327956
HI-Small,B1_random_uniform,47,3753,11,0.8571428571428571,0.5454545454545454,0.6666666666666665,0.073936466654282,0.02688758084441545,0.042244224422442356,0.8571428571428571,0.5454545454545454,0.6666666666666666,0.073936466654282,0.02688758084441545,0.042244224422442245,0.1111111111111111,0.16666666666666666,0.611223786671073,0.660148975791434
HI-Small,B1_random_uniform,48,3753,6,1.0,0.3333333333333333,0.5,0.06892067620286091,0.23900879296562755,0.20891089108910887,1.0,0.3333333333333333,0.5,0.06892067620286091,0.23900879296562755,0.20891089108910887,1.0,1.0,0.2776651022178158,0.17318435754189943
HI-Small,B1_random_uniform,49,3753,3,1.0,0.6666666666666666,0.8,0.06892067620286091,0.09432454036770577,0.09108910891089117,1.0,0.6666666666666666,0.8,0.06892067620286091,0.09432454036770577,0.09108910891089117,1.0,1.0,0.2776651022178158,0.17318435754189943
HI-Small,B2_stratified_proportional,0,3753,5,1.0,0.8,0.888888888888889,0.06892067620286091,0.22765787370103918,0.17997799779978008,1.0,0.8,0.8888888888888888,0.06892067620286091,0.22765787370103918,0.17997799779977997,0.3333333333333333,0.5,0.38900156444885087,0.3268156424581006
HI-Small,B2_stratified_proportional,1,3753,5,1.0,0.4,0.5714285714285715,0.06892067620286091,0.17234212629896084,0.13748231966053737,1.0,0.4,0.5714285714285714,0.06892067620286091,0.17234212629896084,0.13748231966053748,1.0,1.0,0.2776651022178158,0.17318435754189943
HI-Small,B2_stratified_proportional,2,3753,5,1.0,0.2,0.33333333333333337,0.06892067620286091,0.37234212629896085,0.3755775577557755,1.0,0.2,0.3333333333333333,0.06892067620286091,0.37234212629896085,0.37557755775577556,0.0,0.0,0.7223348977821842,0.8268156424581006
HI-Small,B2_stratified_proportional,3,3753,5,1.0,0.6,0.7499999999999999,0.06892067620286091,0.027657873701039115,0.041089108910891015,1.0,0.6,0.75,0.06892067620286091,0.027657873701039115,0.041089108910891126,0.5,0.6666666666666666,0.22233489778218418,0.16014897579143395
HI-Small,B2_stratified_proportional,4,3753,5,1.0,0.8,0.888888888888889,0.06892067620286091,0.22765787370103918,0.17997799779978008,1.0,0.8,0.8888888888888888,0.06892067620286091,0.22765787370103918,0.17997799779977997,0.6,0.75,0.1223348977821842,0.07681564245810057
HI-Small,B2_stratified_proportional,5,3753,5,1.0,0.2,0.33333333333333337,0.06892067620286091,0.37234212629896085,0.3755775577557755,1.0,0.2,0.3333333333333333,0.06892067620286091,0.37234212629896085,0.37557755775577556,1.0,1.0,0.2776651022178158,0.17318435754189943
HI-Small,B2_stratified_proportional,6,3753,5,0.8,0.8,0.8000000000000002,0.13107932379713905,0.22765787370103918,0.09108910891089128,0.8,0.8,0.8,0.13107932379713905,0.22765787370103918,0.09108910891089117,1.0,1.0,0.2776651022178158,0.17318435754189943
HI-Small,B2_stratified_proportional,7,3753,5,1.0,0.6,0.7499999999999999,0.06892067620286091,0.027657873701039115,0.041089108910891015,1.0,0.6,0.75,0.06892067620286091,0.027657873701039115,0.041089108910891126,0.5,0.6666666666666666,0.22233489778218418,0.16014897579143395
HI-Small,B2_stratified_proportional,8,3753,5,1.0,0.6,0.7499999999999999,0.06892067620286091,0.027657873701039115,0.041089108910891015,1.0,0.6,0.75,0.06892067620286091,0.027657873701039115,0.041089108910891126,1.0,1.0,0.2776651022178158,0.17318435754189943
HI-Small,B2_stratified_proportional,9,3753,5,1.0,0.8,0.888888888888889,0.06892067620286091,0.22765787370103918,0.17997799779978008,1.0,0.8,0.8888888888888888,0.06892067620286091,0.22765787370103918,0.17997799779977997,0.6,0.75,0.1223348977821842,0.07681564245810057
HI-Small,B2_stratified_proportional,10,3753,5,1.0,0.6,0.7499999999999999,0.06892067620286091,0.027657873701039115,0.041089108910891015,1.0,0.6,0.75,0.06892067620286091,0.027657873701039115,0.041089108910891126,1.0,1.0,0.2776651022178158,0.17318435754189943
HI-Small,B2_stratified_proportional,11,3753,5,0.75,0.6,0.6666666666666665,0.1810793237971391,0.027657873701039115,0.042244224422442356,0.75,0.6,0.6666666666666666,0.1810793237971391,0.027657873701039115,0.042244224422442245,1.0,1.0,0.2776651022178158,0.17318435754189943
HI-Small,B2_stratified_proportional,12,3753,5,1.0,1.0,1.0,0.06892067620286091,0.42765787370103914,0.2910891089108911,1.0,1.0,1.0,0.06892067620286091,0.42765787370103914,0.2910891089108911,0.6666666666666666,0.8,0.05566823111551755,0.02681564245810053
HI-Small,B2_stratified_proportional,13,3753,5,0.6666666666666666,0.4,0.5,0.26441265713047246,0.17234212629896084,0.20891089108910887,0.6666666666666666,0.4,0.5,0.26441265713047246,0.17234212629896084,0.20891089108910887,0.3333333333333333,0.5,0.38900156444885087,0.3268156424581006
HI-Small,B2_stratified_proportional,14,3753,5,1.0,0.8,0.888888888888889,0.06892067620286091,0.22765787370103918,0.17997799779978008,1.0,0.8,0.8888888888888888,0.06892067620286091,0.22765787370103918,0.17997799779977997,1.0,1.0,0.2776651022178158,0.17318435754189943
HI-Small,B2_stratified_proportional,15,3753,5,1.0,0.4,0.5714285714285715,0.06892067620286091,0.17234212629896084,0.13748231966053737,1.0,0.4,0.5714285714285714,0.06892067620286091,0.17234212629896084,0.13748231966053748,1.0,1.0,0.2776651022178158,0.17318435754189943
HI-Small,B2_stratified_proportional,16,3753,5,0.6666666666666666,0.4,0.5,0.26441265713047246,0.17234212629896084,0.20891089108910887,0.6666666666666666,0.4,0.5,0.26441265713047246,0.17234212629896084,0.20891089108910887,1.0,1.0,0.2776651022178158,0.17318435754189943
HI-Small,B2_stratified_proportional,17,3753,5,1.0,0.8,0.888888888888889,0.06892067620286091,0.22765787370103918,0.17997799779978008,1.0,0.8,0.8888888888888888,0.06892067620286091,0.22765787370103918,0.17997799779977997,1.0,1.0,0.2776651022178158,0.17318435754189943
HI-Small,B2_stratified_proportional,18,3753,5,1.0,0.6,0.7499999999999999,0.06892067620286091,0.027657873701039115,0.041089108910891015,1.0,0.6,0.75,0.06892067620286091,0.027657873701039115,0.041089108910891126,0.3333333333333333,0.6666666666666666,0.38900156444885087,0.16014897579143395
HI-Small,B2_stratified_proportional,19,3753,5,1.0,0.4,0.5714285714285715,0.06892067620286091,0.17234212629896084,0.13748231966053737,1.0,0.4,0.5714285714285714,0.06892067620286091,0.17234212629896084,0.13748231966053748,1.0,1.0,0.2776651022178158,0.17318435754189943
HI-Small,B2_stratified_proportional,20,3753,5,0.6666666666666666,0.4,0.5,0.26441265713047246,0.17234212629896084,0.20891089108910887,0.6666666666666666,0.4,0.5,0.26441265713047246,0.17234212629896084,0.20891089108910887,1.0,1.0,0.2776651022178158,0.17318435754189943
HI-Small,B2_stratified_proportional,21,3753,5,1.0,0.8,0.888888888888889,0.06892067620286091,0.22765787370103918,0.17997799779978008,1.0,0.8,0.8888888888888888,0.06892067620286091,0.22765787370103918,0.17997799779977997,1.0,1.0,0.2776651022178158,0.17318435754189943
HI-Small,B2_stratified_proportional,22,3753,5,1.0,0.4,0.5714285714285715,0.06892067620286091,0.17234212629896084,0.13748231966053737,1.0,0.4,0.5714285714285714,0.06892067620286091,0.17234212629896084,0.13748231966053748,1.0,1.0,0.2776651022178158,0.17318435754189943
HI-Small,B2_stratified_proportional,23,3753,5,1.0,0.6,0.7499999999999999,0.06892067620286091,0.027657873701039115,0.041089108910891015,1.0,0.6,0.75,0.06892067620286091,0.027657873701039115,0.041089108910891126,1.0,1.0,0.2776651022178158,0.17318435754189943
HI-Small,B2_stratified_proportional,24,3753,5,0.0,0.0,0.0,0.9310793237971391,0.5723421262989609,0.7089108910891089,0.0,0.0,0.0,0.9310793237971391,0.5723421262989609,0.7089108910891089,0.0,0.0,0.7223348977821842,0.8268156424581006
HI-Small,B2_stratified_proportional,25,3753,5,1.0,0.4,0.5714285714285715,0.06892067620286091,0.17234212629896084,0.13748231966053737,1.0,0.4,0.5714285714285714,0.06892067620286091,0.17234212629896084,0.13748231966053748,0.0,0.0,0.7223348977821842,0.8268156424581006
HI-Small,B2_stratified_proportional,26,3753,5,1.0,0.6,0.7499999999999999,0.06892067620286091,0.027657873701039115,0.041089108910891015,1.0,0.6,0.75,0.06892067620286091,0.027657873701039115,0.041089108910891126,1.0,1.0,0.2776651022178158,0.17318435754189943
HI-Small,B2_stratified_proportional,27,3753,5,1.0,0.8,0.888888888888889,0.06892067620286091,0.22765787370103918,0.17997799779978008,1.0,0.8,0.8888888888888888,0.06892067620286091,0.22765787370103918,0.17997799779977997,0.5,0.75,0.22233489778218418,0.07681564245810057
HI-Small,B2_stratified_proportional,28,3753,5,1.0,0.2,0.33333333333333337,0.06892067620286091,0.37234212629896085,0.3755775577557755,1.0,0.2,0.3333333333333333,0.06892067620286091,0.37234212629896085,0.37557755775577556,0.0,0.0,0.7223348977821842,0.8268156424581006
HI-Small,B2_stratified_proportional,29,3753,5,1.0,0.6,0.7499999999999999,0.06892067620286091,0.027657873701039115,0.041089108910891015,1.0,0.6,0.75,0.06892067620286091,0.027657873701039115,0.041089108910891126,1.0,1.0,0.2776651022178158,0.17318435754189943
HI-Small,B2_stratified_proportional,30,3753,5,1.0,0.4,0.5714285714285715,0.06892067620286091,0.17234212629896084,0.13748231966053737,1.0,0.4,0.5714285714285714,0.06892067620286091,0.17234212629896084,0.13748231966053748,0.3333333333333333,0.5,0.38900156444885087,0.3268156424581006
HI-Small,B2_stratified_proportional,31,3753,5,1.0,0.8,0.888888888888889,0.06892067620286091,0.22765787370103918,0.17997799779978008,1.0,0.8,0.8888888888888888,0.06892067620286091,0.22765787370103918,0.17997799779977997,0.7333333333333334,0.75,0.01099843555114921,0.07681564245810057
HI-Small,B2_stratified_proportional,32,3753,5,1.0,0.6,0.7499999999999999,0.06892067620286091,0.027657873701039115,0.041089108910891015,1.0,0.6,0.75,0.06892067620286091,0.027657873701039115,0.041089108910891126,1.0,1.0,0.2776651022178158,0.17318435754189943
HI-Small,B2_stratified_proportional,33,3753,5,1.0,0.6,0.7499999999999999,0.06892067620286091,0.027657873701039115,0.041089108910891015,1.0,0.6,0.75,0.06892067620286091,0.027657873701039115,0.041089108910891126,1.0,1.0,0.2776651022178158,0.17318435754189943
HI-Small,B2_stratified_proportional,34,3753,5,0.75,0.6,0.6666666666666665,0.1810793237971391,0.027657873701039115,0.042244224422442356,0.75,0.6,0.6666666666666666,0.1810793237971391,0.027657873701039115,0.042244224422442245,0.5,0.6666666666666666,0.22233489778218418,0.16014897579143395
HI-Small,B2_stratified_proportional,35,3753,5,1.0,0.8,0.888888888888889,0.06892067620286091,0.22765787370103918,0.17997799779978008,1.0,0.8,0.8888888888888888,0.06892067620286091,0.22765787370103918,0.17997799779977997,1.0,1.0,0.2776651022178158,0.17318435754189943
HI-Small,B2_stratified_proportional,36,3753,5,1.0,0.4,0.5714285714285715,0.06892067620286091,0.17234212629896084,0.13748231966053737,1.0,0.4,0.5714285714285714,0.06892067620286091,0.17234212629896084,0.13748231966053748,1.0,1.0,0.2776651022178158,0.17318435754189943
HI-Small,B2_stratified_proportional,37,3753,5,1.0,0.2,0.33333333333333337,0.06892067620286091,0.37234212629896085,0.3755775577557755,1.0,0.2,0.3333333333333333,0.06892067620286091,0.37234212629896085,0.37557755775577556,1.0,1.0,0.2776651022178158,0.17318435754189943
HI-Small,B2_stratified_proportional,38,3753,5,0.75,0.6,0.6666666666666665,0.1810793237971391,0.027657873701039115,0.042244224422442356,0.75,0.6,0.6666666666666666,0.1810793237971391,0.027657873701039115,0.042244224422442245,0.5555555555555555,0.6666666666666666,0.1667793422266287,0.16014897579143395
HI-Small,B2_stratified_proportional,39,3753,5,1.0,0.8,0.888888888888889,0.06892067620286091,0.22765787370103918,0.17997799779978008,1.0,0.8,0.8888888888888888,0.06892067620286091,0.22765787370103918,0.17997799779977997,1.0,1.0,0.2776651022178158,0.17318435754189943
HI-Small,B2_stratified_proportional,40,3753,5,1.0,0.4,0.5714285714285715,0.06892067620286091,0.17234212629896084,0.13748231966053737,1.0,0.4,0.5714285714285714,0.06892067620286091,0.17234212629896084,0.13748231966053748,0.3333333333333333,0.5,0.38900156444885087,0.3268156424581006
HI-Small,B2_stratified_proportional,41,3753,5,1.0,0.4,0.5714285714285715,0.06892067620286091,0.17234212629896084,0.13748231966053737,1.0,0.4,0.5714285714285714,0.06892067620286091,0.17234212629896084,0.13748231966053748,1.0,1.0,0.2776651022178158,0.17318435754189943
HI-Small,B2_stratified_proportional,42,3753,5,1.0,0.4,0.5714285714285715,0.06892067620286091,0.17234212629896084,0.13748231966053737,1.0,0.4,0.5714285714285714,0.06892067620286091,0.17234212629896084,0.13748231966053748,1.0,1.0,0.2776651022178158,0.17318435754189943
HI-Small,B2_stratified_proportional,43,3753,5,1.0,0.8,0.888888888888889,0.06892067620286091,0.22765787370103918,0.17997799779978008,1.0,0.8,0.8888888888888888,0.06892067620286091,0.22765787370103918,0.17997799779977997,0.5,0.75,0.22233489778218418,0.07681564245810057
HI-Small,B2_stratified_proportional,44,3753,5,1.0,0.4,0.5714285714285715,0.06892067620286091,0.17234212629896084,0.13748231966053737,1.0,0.4,0.5714285714285714,0.06892067620286091,0.17234212629896084,0.13748231966053748,1.0,1.0,0.2776651022178158,0.17318435754189943
HI-Small,B2_stratified_proportional,45,3753,5,1.0,0.4,0.5714285714285715,0.06892067620286091,0.17234212629896084,0.13748231966053737,1.0,0.4,0.5714285714285714,0.06892067620286091,0.17234212629896084,0.13748231966053748,1.0,1.0,0.2776651022178158,0.17318435754189943
HI-Small,B2_stratified_proportional,46,3753,5,0.6666666666666666,0.4,0.5,0.26441265713047246,0.17234212629896084,0.20891089108910887,0.6666666666666666,0.4,0.5,0.26441265713047246,0.17234212629896084,0.20891089108910887,1.0,1.0,0.2776651022178158,0.17318435754189943
HI-Small,B2_stratified_proportional,47,3753,5,1.0,1.0,1.0,0.06892067620286091,0.42765787370103914,0.2910891089108911,1.0,1.0,1.0,0.06892067620286091,0.42765787370103914,0.2910891089108911,0.3333333333333333,0.6,0.38900156444885087,0.2268156424581006
HI-Small,B2_stratified_proportional,48,3753,5,1.0,0.6,0.7499999999999999,0.06892067620286091,0.027657873701039115,0.041089108910891015,1.0,0.6,0.75,0.06892067620286091,0.027657873701039115,0.041089108910891126,0.25,0.3333333333333333,0.4723348977821842,0.49348230912476726
HI-Small,B2_stratified_proportional,49,3753,5,0.8,0.8,0.8000000000000002,0.13107932379713905,0.22765787370103918,0.09108910891089128,0.8,0.8,0.8,0.13107932379713905,0.22765787370103918,0.09108910891089117,1.0,1.0,0.2776651022178158,0.17318435754189943
HI-Small,B3_keep_ill_no_iw,0,3753,1251,1.0,0.5723421262989609,0.7280122013218099,0.06892067620286091,0.0,0.019101310232701008,1.0,0.5723421262989609,0.7280122013218099,0.06892067620286091,0.0,0.019101310232701008,0.7223348977821842,0.8268156424581006,0.0,0.0
HI-Small,B3_keep_ill_no_iw,1,3753,1251,1.0,0.5723421262989609,0.7280122013218099,0.06892067620286091,0.0,0.019101310232701008,1.0,0.5723421262989609,0.7280122013218099,0.06892067620286091,0.0,0.019101310232701008,0.7223348977821842,0.8268156424581006,0.0,0.0
HI-Small,B3_keep_ill_no_iw,2,3753,1251,1.0,0.5723421262989609,0.7280122013218099,0.06892067620286091,0.0,0.019101310232701008,1.0,0.5723421262989609,0.7280122013218099,0.06892067620286091,0.0,0.019101310232701008,0.7223348977821842,0.8268156424581006,0.0,0.0
HI-Small,B3_keep_ill_no_iw,3,3753,1251,1.0,0.5723421262989609,0.7280122013218099,0.06892067620286091,0.0,0.019101310232701008,1.0,0.5723421262989609,0.7280122013218099,0.06892067620286091,0.0,0.019101310232701008,0.7223348977821842,0.8268156424581006,0.0,0.0
HI-Small,B3_keep_ill_no_iw,4,3753,1251,1.0,0.5723421262989609,0.7280122013218099,0.06892067620286091,0.0,0.019101310232701008,1.0,0.5723421262989609,0.7280122013218099,0.06892067620286091,0.0,0.019101310232701008,0.7223348977821842,0.8268156424581006,0.0,0.0
HI-Small,B3_keep_ill_no_iw,5,3753,1251,1.0,0.5723421262989609,0.7280122013218099,0.06892067620286091,0.0,0.019101310232701008,1.0,0.5723421262989609,0.7280122013218099,0.06892067620286091,0.0,0.019101310232701008,0.7223348977821842,0.8268156424581006,0.0,0.0
HI-Small,B3_keep_ill_no_iw,6,3753,1251,1.0,0.5723421262989609,0.7280122013218099,0.06892067620286091,0.0,0.019101310232701008,1.0,0.5723421262989609,0.7280122013218099,0.06892067620286091,0.0,0.019101310232701008,0.7223348977821842,0.8268156424581006,0.0,0.0
HI-Small,B3_keep_ill_no_iw,7,3753,1251,1.0,0.5723421262989609,0.7280122013218099,0.06892067620286091,0.0,0.019101310232701008,1.0,0.5723421262989609,0.7280122013218099,0.06892067620286091,0.0,0.019101310232701008,0.7223348977821842,0.8268156424581006,0.0,0.0
HI-Small,B3_keep_ill_no_iw,8,3753,1251,1.0,0.5723421262989609,0.7280122013218099,0.06892067620286091,0.0,0.019101310232701008,1.0,0.5723421262989609,0.7280122013218099,0.06892067620286091,0.0,0.019101310232701008,0.7223348977821842,0.8268156424581006,0.0,0.0
HI-Small,B3_keep_ill_no_iw,9,3753,1251,0.99860529986053,0.5723421262989609,0.7276422764227642,0.06752597606339095,0.0,0.01873138533365537,0.99860529986053,0.5723421262989609,0.7276422764227642,0.06752597606339095,0.0,0.01873138533365537,0.7223348977821842,0.8268156424581006,0.0,0.0
HI-Small,B3_keep_ill_no_iw,10,3753,1251,1.0,0.5723421262989609,0.7280122013218099,0.06892067620286091,0.0,0.019101310232701008,1.0,0.5723421262989609,0.7280122013218099,0.06892067620286091,0.0,0.019101310232701008,0.7223348977821842,0.8268156424581006,0.0,0.0
HI-Small,B3_keep_ill_no_iw,11,3753,1251,1.0,0.5723421262989609,0.7280122013218099,0.06892067620286091,0.0,0.019101310232701008,1.0,0.5723421262989609,0.7280122013218099,0.06892067620286091,0.0,0.019101310232701008,0.7223348977821842,0.8268156424581006,0.0,0.0
HI-Small,B3_keep_ill_no_iw,12,3753,1251,1.0,0.5723421262989609,0.7280122013218099,0.06892067620286091,0.0,0.019101310232701008,1.0,0.5723421262989609,0.7280122013218099,0.06892067620286091,0.0,0.019101310232701008,0.7223348977821842,0.8268156424581006,0.0,0.0
HI-Small,B3_keep_ill_no_iw,13,3753,1251,1.0,0.5723421262989609,0.7280122013218099,0.06892067620286091,0.0,0.019101310232701008,1.0,0.5723421262989609,0.7280122013218099,0.06892067620286091,0.0,0.019101310232701008,0.7223348977821842,0.8268156424581006,0.0,0.0
HI-Small,B3_keep_ill_no_iw,14,3753,1251,1.0,0.5723421262989609,0.7280122013218099,0.06892067620286091,0.0,0.019101310232701008,1.0,0.5723421262989609,0.7280122013218099,0.06892067620286091,0.0,0.019101310232701008,0.7223348977821842,0.8268156424581006,0.0,0.0
HI-Small,B3_keep_ill_no_iw,15,3753,1251,1.0,0.5723421262989609,0.7280122013218099,0.06892067620286091,0.0,0.019101310232701008,1.0,0.5723421262989609,0.7280122013218099,0.06892067620286091,0.0,0.019101310232701008,0.7223348977821842,0.8268156424581006,0.0,0.0
HI-Small,B3_keep_ill_no_iw,16,3753,1251,0.99860529986053,0.5723421262989609,0.7276422764227642,0.06752597606339095,0.0,0.01873138533365537,0.99860529986053,0.5723421262989609,0.7276422764227642,0.06752597606339095,0.0,0.01873138533365537,0.7223348977821842,0.8268156424581006,0.0,0.0
HI-Small,B3_keep_ill_no_iw,17,3753,1251,1.0,0.5723421262989609,0.7280122013218099,0.06892067620286091,0.0,0.019101310232701008,1.0,0.5723421262989609,0.7280122013218099,0.06892067620286091,0.0,0.019101310232701008,0.7223348977821842,0.8268156424581006,0.0,0.0
HI-Small,B3_keep_ill_no_iw,18,3753,1251,1.0,0.5723421262989609,0.7280122013218099,0.06892067620286091,0.0,0.019101310232701008,1.0,0.5723421262989609,0.7280122013218099,0.06892067620286091,0.0,0.019101310232701008,0.7223348977821842,0.8268156424581006,0.0,0.0
HI-Small,B3_keep_ill_no_iw,19,3753,1251,1.0,0.5723421262989609,0.7280122013218099,0.06892067620286091,0.0,0.019101310232701008,1.0,0.5723421262989609,0.7280122013218099,0.06892067620286091,0.0,0.019101310232701008,0.7223348977821842,0.8268156424581006,0.0,0.0
HI-Small,B3_keep_ill_no_iw,20,3753,1251,1.0,0.5723421262989609,0.7280122013218099,0.06892067620286091,0.0,0.019101310232701008,1.0,0.5723421262989609,0.7280122013218099,0.06892067620286091,0.0,0.019101310232701008,0.7223348977821842,0.8268156424581006,0.0,0.0
HI-Small,B3_keep_ill_no_iw,21,3753,1251,1.0,0.5723421262989609,0.7280122013218099,0.06892067620286091,0.0,0.019101310232701008,1.0,0.5723421262989609,0.7280122013218099,0.06892067620286091,0.0,0.019101310232701008,0.7223348977821842,0.8268156424581006,0.0,0.0
HI-Small,B3_keep_ill_no_iw,22,3753,1251,1.0,0.5723421262989609,0.7280122013218099,0.06892067620286091,0.0,0.019101310232701008,1.0,0.5723421262989609,0.7280122013218099,0.06892067620286091,0.0,0.019101310232701008,0.7223348977821842,0.8268156424581006,0.0,0.0
HI-Small,B3_keep_ill_no_iw,23,3753,1251,1.0,0.5723421262989609,0.7280122013218099,0.06892067620286091,0.0,0.019101310232701008,1.0,0.5723421262989609,0.7280122013218099,0.06892067620286091,0.0,0.019101310232701008,0.7223348977821842,0.8268156424581006,0.0,0.0
HI-Small,B3_keep_ill_no_iw,24,3753,1251,1.0,0.5723421262989609,0.7280122013218099,0.06892067620286091,0.0,0.019101310232701008,1.0,0.5723421262989609,0.7280122013218099,0.06892067620286091,0.0,0.019101310232701008,0.7223348977821842,0.8268156424581006,0.0,0.0
HI-Small,B3_keep_ill_no_iw,25,3753,1251,1.0,0.5723421262989609,0.7280122013218099,0.06892067620286091,0.0,0.019101310232701008,1.0,0.5723421262989609,0.7280122013218099,0.06892067620286091,0.0,0.019101310232701008,0.7223348977821842,0.8268156424581006,0.0,0.0
HI-Small,B3_keep_ill_no_iw,26,3753,1251,1.0,0.5723421262989609,0.7280122013218099,0.06892067620286091,0.0,0.019101310232701008,1.0,0.5723421262989609,0.7280122013218099,0.06892067620286091,0.0,0.019101310232701008,0.7223348977821842,0.8268156424581006,0.0,0.0
HI-Small,B3_keep_ill_no_iw,27,3753,1251,1.0,0.5723421262989609,0.7280122013218099,0.06892067620286091,0.0,0.019101310232701008,1.0,0.5723421262989609,0.7280122013218099,0.06892067620286091,0.0,0.019101310232701008,0.7223348977821842,0.8268156424581006,0.0,0.0
HI-Small,B3_keep_ill_no_iw,28,3753,1251,1.0,0.5723421262989609,0.7280122013218099,0.06892067620286091,0.0,0.019101310232701008,1.0,0.5723421262989609,0.7280122013218099,0.06892067620286091,0.0,0.019101310232701008,0.7223348977821842,0.8268156424581006,0.0,0.0
HI-Small,B3_keep_ill_no_iw,29,3753,1251,1.0,0.5723421262989609,0.7280122013218099,0.06892067620286091,0.0,0.019101310232701008,1.0,0.5723421262989609,0.7280122013218099,0.06892067620286091,0.0,0.019101310232701008,0.7223348977821842,0.8268156424581006,0.0,0.0
HI-Small,B3_keep_ill_no_iw,30,3753,1251,1.0,0.5723421262989609,0.7280122013218099,0.06892067620286091,0.0,0.019101310232701008,1.0,0.5723421262989609,0.7280122013218099,0.06892067620286091,0.0,0.019101310232701008,0.7223348977821842,0.8268156424581006,0.0,0.0
HI-Small,B3_keep_ill_no_iw,31,3753,1251,1.0,0.5723421262989609,0.7280122013218099,0.06892067620286091,0.0,0.019101310232701008,1.0,0.5723421262989609,0.7280122013218099,0.06892067620286091,0.0,0.019101310232701008,0.7223348977821842,0.8268156424581006,0.0,0.0
HI-Small,B3_keep_ill_no_iw,32,3753,1251,1.0,0.5723421262989609,0.7280122013218099,0.06892067620286091,0.0,0.019101310232701008,1.0,0.5723421262989609,0.7280122013218099,0.06892067620286091,0.0,0.019101310232701008,0.7223348977821842,0.8268156424581006,0.0,0.0
HI-Small,B3_keep_ill_no_iw,33,3753,1251,1.0,0.5723421262989609,0.7280122013218099,0.06892067620286091,0.0,0.019101310232701008,1.0,0.5723421262989609,0.7280122013218099,0.06892067620286091,0.0,0.019101310232701008,0.7223348977821842,0.8268156424581006,0.0,0.0
HI-Small,B3_keep_ill_no_iw,34,3753,1251,1.0,0.5723421262989609,0.7280122013218099,0.06892067620286091,0.0,0.019101310232701008,1.0,0.5723421262989609,0.7280122013218099,0.06892067620286091,0.0,0.019101310232701008,0.7223348977821842,0.8268156424581006,0.0,0.0
HI-Small,B3_keep_ill_no_iw,35,3753,1251,1.0,0.5723421262989609,0.7280122013218099,0.06892067620286091,0.0,0.019101310232701008,1.0,0.5723421262989609,0.7280122013218099,0.06892067620286091,0.0,0.019101310232701008,0.7223348977821842,0.8268156424581006,0.0,0.0
HI-Small,B3_keep_ill_no_iw,36,3753,1251,1.0,0.5723421262989609,0.7280122013218099,0.06892067620286091,0.0,0.019101310232701008,1.0,0.5723421262989609,0.7280122013218099,0.06892067620286091,0.0,0.019101310232701008,0.7223348977821842,0.8268156424581006,0.0,0.0
HI-Small,B3_keep_ill_no_iw,37,3753,1251,1.0,0.5723421262989609,0.7280122013218099,0.06892067620286091,0.0,0.019101310232701008,1.0,0.5723421262989609,0.7280122013218099,0.06892067620286091,0.0,0.019101310232701008,0.7223348977821842,0.8268156424581006,0.0,0.0
HI-Small,B3_keep_ill_no_iw,38,3753,1251,0.99860529986053,0.5723421262989609,0.7276422764227642,0.06752597606339095,0.0,0.01873138533365537,0.99860529986053,0.5723421262989609,0.7276422764227642,0.06752597606339095,0.0,0.01873138533365537,0.7223348977821842,0.8268156424581006,0.0,0.0
HI-Small,B3_keep_ill_no_iw,39,3753,1251,1.0,0.5723421262989609,0.7280122013218099,0.06892067620286091,0.0,0.019101310232701008,1.0,0.5723421262989609,0.7280122013218099,0.06892067620286091,0.0,0.019101310232701008,0.7223348977821842,0.8268156424581006,0.0,0.0
HI-Small,B3_keep_ill_no_iw,40,3753,1251,1.0,0.5723421262989609,0.7280122013218099,0.06892067620286091,0.0,0.019101310232701008,1.0,0.5723421262989609,0.7280122013218099,0.06892067620286091,0.0,0.019101310232701008,0.7223348977821842,0.8268156424581006,0.0,0.0
HI-Small,B3_keep_ill_no_iw,41,3753,1251,1.0,0.5723421262989609,0.7280122013218099,0.06892067620286091,0.0,0.019101310232701008,1.0,0.5723421262989609,0.7280122013218099,0.06892067620286091,0.0,0.019101310232701008,0.7223348977821842,0.8268156424581006,0.0,0.0
HI-Small,B3_keep_ill_no_iw,42,3753,1251,1.0,0.5723421262989609,0.7280122013218099,0.06892067620286091,0.0,0.019101310232701008,1.0,0.5723421262989609,0.7280122013218099,0.06892067620286091,0.0,0.019101310232701008,0.7223348977821842,0.8268156424581006,0.0,0.0
HI-Small,B3_keep_ill_no_iw,43,3753,1251,1.0,0.5723421262989609,0.7280122013218099,0.06892067620286091,0.0,0.019101310232701008,1.0,0.5723421262989609,0.7280122013218099,0.06892067620286091,0.0,0.019101310232701008,0.7223348977821842,0.8268156424581006,0.0,0.0
HI-Small,B3_keep_ill_no_iw,44,3753,1251,1.0,0.5723421262989609,0.7280122013218099,0.06892067620286091,0.0,0.019101310232701008,1.0,0.5723421262989609,0.7280122013218099,0.06892067620286091,0.0,0.019101310232701008,0.7223348977821842,0.8268156424581006,0.0,0.0
HI-Small,B3_keep_ill_no_iw,45,3753,1251,1.0,0.5723421262989609,0.7280122013218099,0.06892067620286091,0.0,0.019101310232701008,1.0,0.5723421262989609,0.7280122013218099,0.06892067620286091,0.0,0.019101310232701008,0.7223348977821842,0.8268156424581006,0.0,0.0
HI-Small,B3_keep_ill_no_iw,46,3753,1251,1.0,0.5723421262989609,0.7280122013218099,0.06892067620286091,0.0,0.019101310232701008,1.0,0.5723421262989609,0.7280122013218099,0.06892067620286091,0.0,0.019101310232701008,0.7223348977821842,0.8268156424581006,0.0,0.0
HI-Small,B3_keep_ill_no_iw,47,3753,1251,1.0,0.5723421262989609,0.7280122013218099,0.06892067620286091,0.0,0.019101310232701008,1.0,0.5723421262989609,0.7280122013218099,0.06892067620286091,0.0,0.019101310232701008,0.7223348977821842,0.8268156424581006,0.0,0.0
HI-Small,B3_keep_ill_no_iw,48,3753,1251,1.0,0.5723421262989609,0.7280122013218099,0.06892067620286091,0.0,0.019101310232701008,1.0,0.5723421262989609,0.7280122013218099,0.06892067620286091,0.0,0.019101310232701008,0.7223348977821842,0.8268156424581006,0.0,0.0
HI-Small,B3_keep_ill_no_iw,49,3753,1251,0.99860529986053,0.5723421262989609,0.7276422764227642,0.06752597606339095,0.0,0.01873138533365537,0.99860529986053,0.5723421262989609,0.7276422764227642,0.06752597606339095,0.0,0.01873138533365537,0.7223348977821842,0.8268156424581006,0.0,0.0
HI-Small,B4_v2_no_hardneg,0,3753,1251,1.0,0.5723421262989609,0.7280122013218099,0.06892067620286091,0.0,0.019101310232701008,1.0,0.5723421262989609,0.7280122013218099,0.06892067620286091,0.0,0.019101310232701008,0.7223348977821842,0.8268156424581006,0.0,0.0
HI-Small,B4_v2_no_hardneg,1,3753,1251,1.0,0.5723421262989609,0.7280122013218099,0.06892067620286091,0.0,0.019101310232701008,1.0,0.5723421262989609,0.7280122013218099,0.06892067620286091,0.0,0.019101310232701008,0.7223348977821842,0.8268156424581006,0.0,0.0
HI-Small,B4_v2_no_hardneg,2,3753,1251,1.0,0.5723421262989609,0.7280122013218099,0.06892067620286091,0.0,0.019101310232701008,1.0,0.5723421262989609,0.7280122013218099,0.06892067620286091,0.0,0.019101310232701008,0.7223348977821842,0.8268156424581006,0.0,0.0
HI-Small,B4_v2_no_hardneg,3,3753,1251,1.0,0.5723421262989609,0.7280122013218099,0.06892067620286091,0.0,0.019101310232701008,1.0,0.5723421262989609,0.7280122013218099,0.06892067620286091,0.0,0.019101310232701008,0.7223348977821842,0.8268156424581006,0.0,0.0
HI-Small,B4_v2_no_hardneg,4,3753,1251,1.0,0.5723421262989609,0.7280122013218099,0.06892067620286091,0.0,0.019101310232701008,1.0,0.5723421262989609,0.7280122013218099,0.06892067620286091,0.0,0.019101310232701008,0.7223348977821842,0.8268156424581006,0.0,0.0
HI-Small,B4_v2_no_hardneg,5,3753,1251,1.0,0.5723421262989609,0.7280122013218099,0.06892067620286091,0.0,0.019101310232701008,1.0,0.5723421262989609,0.7280122013218099,0.06892067620286091,0.0,0.019101310232701008,0.7223348977821842,0.8268156424581006,0.0,0.0
HI-Small,B4_v2_no_hardneg,6,3753,1251,1.0,0.5723421262989609,0.7280122013218099,0.06892067620286091,0.0,0.019101310232701008,1.0,0.5723421262989609,0.7280122013218099,0.06892067620286091,0.0,0.019101310232701008,0.7223348977821842,0.8268156424581006,0.0,0.0
HI-Small,B4_v2_no_hardneg,7,3753,1251,1.0,0.5723421262989609,0.7280122013218099,0.06892067620286091,0.0,0.019101310232701008,1.0,0.5723421262989609,0.7280122013218099,0.06892067620286091,0.0,0.019101310232701008,0.7223348977821842,0.8268156424581006,0.0,0.0
HI-Small,B4_v2_no_hardneg,8,3753,1251,1.0,0.5723421262989609,0.7280122013218099,0.06892067620286091,0.0,0.019101310232701008,1.0,0.5723421262989609,0.7280122013218099,0.06892067620286091,0.0,0.019101310232701008,0.7223348977821842,0.8268156424581006,0.0,0.0
HI-Small,B4_v2_no_hardneg,9,3753,1251,1.0,0.5723421262989609,0.7280122013218099,0.06892067620286091,0.0,0.019101310232701008,1.0,0.5723421262989609,0.7280122013218099,0.06892067620286091,0.0,0.019101310232701008,0.7223348977821842,0.8268156424581006,0.0,0.0
HI-Small,B4_v2_no_hardneg,10,3753,1251,1.0,0.5723421262989609,0.7280122013218099,0.06892067620286091,0.0,0.019101310232701008,1.0,0.5723421262989609,0.7280122013218099,0.06892067620286091,0.0,0.019101310232701008,0.7223348977821842,0.8268156424581006,0.0,0.0
HI-Small,B4_v2_no_hardneg,11,3753,1251,1.0,0.5723421262989609,0.7280122013218099,0.06892067620286091,0.0,0.019101310232701008,1.0,0.5723421262989609,0.7280122013218099,0.06892067620286091,0.0,0.019101310232701008,0.7223348977821842,0.8268156424581006,0.0,0.0
HI-Small,B4_v2_no_hardneg,12,3753,1251,1.0,0.5723421262989609,0.7280122013218099,0.06892067620286091,0.0,0.019101310232701008,1.0,0.5723421262989609,0.7280122013218099,0.06892067620286091,0.0,0.019101310232701008,0.7223348977821842,0.8268156424581006,0.0,0.0
HI-Small,B4_v2_no_hardneg,13,3753,1251,0.6407798244879827,0.5723421262989609,0.6046305352879352,0.29029949930915644,0.0,0.10428035580117367,0.99860529986053,0.5723421262989609,0.7276422764227642,0.06752597606339095,0.0,0.01873138533365537,0.7223348977821842,0.8268156424581006,0.0,0.0
HI-Small,B4_v2_no_hardneg,14,3753,1251,1.0,0.5723421262989609,0.7280122013218099,0.06892067620286091,0.0,0.019101310232701008,1.0,0.5723421262989609,0.7280122013218099,0.06892067620286091,0.0,0.019101310232701008,0.7223348977821842,0.8268156424581006,0.0,0.0
HI-Small,B4_v2_no_hardneg,15,3753,1251,1.0,0.5723421262989609,0.7280122013218099,0.06892067620286091,0.0,0.019101310232701008,1.0,0.5723421262989609,0.7280122013218099,0.06892067620286091,0.0,0.019101310232701008,0.7223348977821842,0.8268156424581006,0.0,0.0
HI-Small,B4_v2_no_hardneg,16,3753,1251,1.0,0.5723421262989609,0.7280122013218099,0.06892067620286091,0.0,0.019101310232701008,1.0,0.5723421262989609,0.7280122013218099,0.06892067620286091,0.0,0.019101310232701008,0.7223348977821842,0.8268156424581006,0.0,0.0
HI-Small,B4_v2_no_hardneg,17,3753,1251,0.6407798244879827,0.5723421262989609,0.6046305352879352,0.29029949930915644,0.0,0.10428035580117367,0.99860529986053,0.5723421262989609,0.7276422764227642,0.06752597606339095,0.0,0.01873138533365537,0.7223348977821842,0.8268156424581006,0.0,0.0
HI-Small,B4_v2_no_hardneg,18,3753,1251,1.0,0.5723421262989609,0.7280122013218099,0.06892067620286091,0.0,0.019101310232701008,1.0,0.5723421262989609,0.7280122013218099,0.06892067620286091,0.0,0.019101310232701008,0.7223348977821842,0.8268156424581006,0.0,0.0
HI-Small,B4_v2_no_hardneg,19,3753,1251,1.0,0.5723421262989609,0.7280122013218099,0.06892067620286091,0.0,0.019101310232701008,1.0,0.5723421262989609,0.7280122013218099,0.06892067620286091,0.0,0.019101310232701008,0.7223348977821842,0.8268156424581006,0.0,0.0
HI-Small,B4_v2_no_hardneg,20,3753,1251,1.0,0.5723421262989609,0.7280122013218099,0.06892067620286091,0.0,0.019101310232701008,1.0,0.5723421262989609,0.7280122013218099,0.06892067620286091,0.0,0.019101310232701008,0.7223348977821842,0.8268156424581006,0.0,0.0
HI-Small,B4_v2_no_hardneg,21,3753,1251,0.6407798244879827,0.5723421262989609,0.6046305352879352,0.29029949930915644,0.0,0.10428035580117367,0.99860529986053,0.5723421262989609,0.7276422764227642,0.06752597606339095,0.0,0.01873138533365537,0.7223348977821842,0.8268156424581006,0.0,0.0
HI-Small,B4_v2_no_hardneg,22,3753,1251,0.6407798244879827,0.5723421262989609,0.6046305352879352,0.29029949930915644,0.0,0.10428035580117367,0.99860529986053,0.5723421262989609,0.7276422764227642,0.06752597606339095,0.0,0.01873138533365537,0.7223348977821842,0.8268156424581006,0.0,0.0
HI-Small,B4_v2_no_hardneg,23,3753,1251,1.0,0.5723421262989609,0.7280122013218099,0.06892067620286091,0.0,0.019101310232701008,1.0,0.5723421262989609,0.7280122013218099,0.06892067620286091,0.0,0.019101310232701008,0.7223348977821842,0.8268156424581006,0.0,0.0
HI-Small,B4_v2_no_hardneg,24,3753,1251,1.0,0.5723421262989609,0.7280122013218099,0.06892067620286091,0.0,0.019101310232701008,1.0,0.5723421262989609,0.7280122013218099,0.06892067620286091,0.0,0.019101310232701008,0.7223348977821842,0.8268156424581006,0.0,0.0
HI-Small,B4_v2_no_hardneg,25,3753,1251,1.0,0.5723421262989609,0.7280122013218099,0.06892067620286091,0.0,0.019101310232701008,1.0,0.5723421262989609,0.7280122013218099,0.06892067620286091,0.0,0.019101310232701008,0.7223348977821842,0.8268156424581006,0.0,0.0
HI-Small,B4_v2_no_hardneg,26,3753,1251,1.0,0.5723421262989609,0.7280122013218099,0.06892067620286091,0.0,0.019101310232701008,1.0,0.5723421262989609,0.7280122013218099,0.06892067620286091,0.0,0.019101310232701008,0.7223348977821842,0.8268156424581006,0.0,0.0
HI-Small,B4_v2_no_hardneg,27,3753,1251,1.0,0.5723421262989609,0.7280122013218099,0.06892067620286091,0.0,0.019101310232701008,1.0,0.5723421262989609,0.7280122013218099,0.06892067620286091,0.0,0.019101310232701008,0.7223348977821842,0.8268156424581006,0.0,0.0
HI-Small,B4_v2_no_hardneg,28,3753,1251,1.0,0.5723421262989609,0.7280122013218099,0.06892067620286091,0.0,0.019101310232701008,1.0,0.5723421262989609,0.7280122013218099,0.06892067620286091,0.0,0.019101310232701008,0.7223348977821842,0.8268156424581006,0.0,0.0
HI-Small,B4_v2_no_hardneg,29,3753,1251,1.0,0.5723421262989609,0.7280122013218099,0.06892067620286091,0.0,0.019101310232701008,1.0,0.5723421262989609,0.7280122013218099,0.06892067620286091,0.0,0.019101310232701008,0.7223348977821842,0.8268156424581006,0.0,0.0
HI-Small,B4_v2_no_hardneg,30,3753,1251,1.0,0.5723421262989609,0.7280122013218099,0.06892067620286091,0.0,0.019101310232701008,1.0,0.5723421262989609,0.7280122013218099,0.06892067620286091,0.0,0.019101310232701008,0.7223348977821842,0.8268156424581006,0.0,0.0
HI-Small,B4_v2_no_hardneg,31,3753,1251,1.0,0.5723421262989609,0.7280122013218099,0.06892067620286091,0.0,0.019101310232701008,1.0,0.5723421262989609,0.7280122013218099,0.06892067620286091,0.0,0.019101310232701008,0.7223348977821842,0.8268156424581006,0.0,0.0
HI-Small,B4_v2_no_hardneg,32,3753,1251,1.0,0.5723421262989609,0.7280122013218099,0.06892067620286091,0.0,0.019101310232701008,1.0,0.5723421262989609,0.7280122013218099,0.06892067620286091,0.0,0.019101310232701008,0.7223348977821842,0.8268156424581006,0.0,0.0
HI-Small,B4_v2_no_hardneg,33,3753,1251,1.0,0.5723421262989609,0.7280122013218099,0.06892067620286091,0.0,0.019101310232701008,1.0,0.5723421262989609,0.7280122013218099,0.06892067620286091,0.0,0.019101310232701008,0.7223348977821842,0.8268156424581006,0.0,0.0
HI-Small,B4_v2_no_hardneg,34,3753,1251,1.0,0.5723421262989609,0.7280122013218099,0.06892067620286091,0.0,0.019101310232701008,1.0,0.5723421262989609,0.7280122013218099,0.06892067620286091,0.0,0.019101310232701008,0.7223348977821842,0.8268156424581006,0.0,0.0
HI-Small,B4_v2_no_hardneg,35,3753,1251,1.0,0.5723421262989609,0.7280122013218099,0.06892067620286091,0.0,0.019101310232701008,1.0,0.5723421262989609,0.7280122013218099,0.06892067620286091,0.0,0.019101310232701008,0.7223348977821842,0.8268156424581006,0.0,0.0
HI-Small,B4_v2_no_hardneg,36,3753,1251,1.0,0.5723421262989609,0.7280122013218099,0.06892067620286091,0.0,0.019101310232701008,1.0,0.5723421262989609,0.7280122013218099,0.06892067620286091,0.0,0.019101310232701008,0.7223348977821842,0.8268156424581006,0.0,0.0
HI-Small,B4_v2_no_hardneg,37,3753,1251,1.0,0.5723421262989609,0.7280122013218099,0.06892067620286091,0.0,0.019101310232701008,1.0,0.5723421262989609,0.7280122013218099,0.06892067620286091,0.0,0.019101310232701008,0.7223348977821842,0.8268156424581006,0.0,0.0
HI-Small,B4_v2_no_hardneg,38,3753,1251,1.0,0.5723421262989609,0.7280122013218099,0.06892067620286091,0.0,0.019101310232701008,1.0,0.5723421262989609,0.7280122013218099,0.06892067620286091,0.0,0.019101310232701008,0.7223348977821842,0.8268156424581006,0.0,0.0
HI-Small,B4_v2_no_hardneg,39,3753,1251,1.0,0.5723421262989609,0.7280122013218099,0.06892067620286091,0.0,0.019101310232701008,1.0,0.5723421262989609,0.7280122013218099,0.06892067620286091,0.0,0.019101310232701008,0.7223348977821842,0.8268156424581006,0.0,0.0
HI-Small,B4_v2_no_hardneg,40,3753,1251,1.0,0.5723421262989609,0.7280122013218099,0.06892067620286091,0.0,0.019101310232701008,1.0,0.5723421262989609,0.7280122013218099,0.06892067620286091,0.0,0.019101310232701008,0.7223348977821842,0.8268156424581006,0.0,0.0
HI-Small,B4_v2_no_hardneg,41,3753,1251,1.0,0.5723421262989609,0.7280122013218099,0.06892067620286091,0.0,0.019101310232701008,1.0,0.5723421262989609,0.7280122013218099,0.06892067620286091,0.0,0.019101310232701008,0.7223348977821842,0.8268156424581006,0.0,0.0
HI-Small,B4_v2_no_hardneg,42,3753,1251,1.0,0.5723421262989609,0.7280122013218099,0.06892067620286091,0.0,0.019101310232701008,1.0,0.5723421262989609,0.7280122013218099,0.06892067620286091,0.0,0.019101310232701008,0.7223348977821842,0.8268156424581006,0.0,0.0
HI-Small,B4_v2_no_hardneg,43,3753,1251,1.0,0.5723421262989609,0.7280122013218099,0.06892067620286091,0.0,0.019101310232701008,1.0,0.5723421262989609,0.7280122013218099,0.06892067620286091,0.0,0.019101310232701008,0.7223348977821842,0.8268156424581006,0.0,0.0
HI-Small,B4_v2_no_hardneg,44,3753,1251,1.0,0.5723421262989609,0.7280122013218099,0.06892067620286091,0.0,0.019101310232701008,1.0,0.5723421262989609,0.7280122013218099,0.06892067620286091,0.0,0.019101310232701008,0.7223348977821842,0.8268156424581006,0.0,0.0
HI-Small,B4_v2_no_hardneg,45,3753,1251,1.0,0.5723421262989609,0.7280122013218099,0.06892067620286091,0.0,0.019101310232701008,1.0,0.5723421262989609,0.7280122013218099,0.06892067620286091,0.0,0.019101310232701008,0.7223348977821842,0.8268156424581006,0.0,0.0
HI-Small,B4_v2_no_hardneg,46,3753,1251,1.0,0.5723421262989609,0.7280122013218099,0.06892067620286091,0.0,0.019101310232701008,1.0,0.5723421262989609,0.7280122013218099,0.06892067620286091,0.0,0.019101310232701008,0.7223348977821842,0.8268156424581006,0.0,0.0
HI-Small,B4_v2_no_hardneg,47,3753,1251,1.0,0.5723421262989609,0.7280122013218099,0.06892067620286091,0.0,0.019101310232701008,1.0,0.5723421262989609,0.7280122013218099,0.06892067620286091,0.0,0.019101310232701008,0.7223348977821842,0.8268156424581006,0.0,0.0
HI-Small,B4_v2_no_hardneg,48,3753,1251,1.0,0.5723421262989609,0.7280122013218099,0.06892067620286091,0.0,0.019101310232701008,1.0,0.5723421262989609,0.7280122013218099,0.06892067620286091,0.0,0.019101310232701008,0.7223348977821842,0.8268156424581006,0.0,0.0
HI-Small,B4_v2_no_hardneg,49,3753,1251,1.0,0.5723421262989609,0.7280122013218099,0.06892067620286091,0.0,0.019101310232701008,1.0,0.5723421262989609,0.7280122013218099,0.06892067620286091,0.0,0.019101310232701008,0.7223348977821842,0.8268156424581006,0.0,0.0
HI-Small,B5_fogliato_neyman,0,3753,49,0.9523809523809523,0.6651907843487951,0.7832914217380165,0.021301628583813237,0.09284865804983422,0.0743805306489076,0.9523809523809523,0.8163265306122449,0.8791208791208791,0.021301628583813237,0.24398440431328405,0.17020998803177023,0.7983405483405484,0.825,0.07600565055836417,0.0018156424581006192
HI-Small,B5_fogliato_neyman,1,3753,52,0.9069767441860465,0.5544318356038747,0.6881809619612084,0.024102579611092634,0.017910290695086206,0.020729929127900504,0.9069767441860465,0.75,0.8210526315789474,0.024102579611092634,0.17765787370103914,0.11214174048983849,0.747564935064935,0.8205128205128205,0.02523003728275086,0.00630282194528009
HI-Small,B5_fogliato_neyman,2,3753,48,0.8837209302325583,0.6321629214361482,0.737069142038961,0.047358393564580825,0.0598207951371873,0.028158250949852137,0.8837209302325582,0.7916666666666666,0.8351648351648352,0.047358393564580936,0.21932454036770577,0.12625394407572632,0.8216783216783217,0.8947368421052632,0.09934342389613748,0.06792119964716259
HI-Small,B5_fogliato_neyman,3,3753,48,0.9534883720930232,0.6476454406108374,0.7713563875322524,0.022409048295884082,0.07530331431187653,0.06244549644314357,0.9534883720930233,0.8541666666666666,0.9010989010989011,0.022409048295884193,0.28182454036770577,0.19218801000979224,0.7371033628505166,0.8536585365853658,0.014768465068332404,0.02684289412726526
HI-Small,B5_fogliato_neyman,4,3753,50,0.9761904761904762,0.7221664896292026,0.830181244093988,0.04511115239333707,0.14982436333024174,0.1212703530048791,0.9761904761904762,0.82,0.8913043478260869,0.04511115239333707,0.2476578737010391,0.18239345673697804,0.7119318181818182,0.8048780487804879,0.010403079600366016,0.02193759367761272
HI-Small,B5_fogliato_neyman,5,3753,47,0.9069767441860465,0.6680851369241902,0.7694144459892268,0.024102579611092634,0.09574301062522939,0.06050355490011794,0.9069767441860465,0.8297872340425532,0.8666666666666667,0.024102579611092634,0.2574451077435923,0.15775577557755782,0.6439535440613027,0.7692307692307693,0.07838135372088151,0.0575848732273313
HI-Small,B5_fogliato_neyman,6,3753,51,0.9069767441860465,0.4201835522118332,0.5743039649090952,0.024102579611092634,0.15215857408712768,0.1346069261800137,0.9069767441860465,0.7647058823529411,0.8297872340425532,0.024102579611092634,0.19236375605398026,0.1208763429534443,0.7103174603174602,0.8205128205128205,0.012017437464723946,0.00630282194528009
HI-Small,B5_fogliato_neyman,7,3753,47,0.9534883720930232,0.6291943896201866,0.7581172282935693,0.022409048295884082,0.05685226332122573,0.04920633720446044,0.9534883720930233,0.8723404255319149,0.9111111111111111,0.022409048295884193,0.29999829923295407,0.20220022002200222,0.8106502816180235,0.8780487804878049,0.08831538383583937,0.051233138029704306
HI-Small,B5_fogliato_neyman,8,3753,51,0.9534883720930232,0.6575242712807622,0.7783200828544744,0.022409048295884082,0.08518214498180132,0.06940919176536553,0.9534883720930233,0.803921568627451,0.8723404255319149,0.022409048295884193,0.23157944232849015,0.16342953444280606,0.6493506493506492,0.8780487804878049,0.07298424843153495,0.051233138029704306
HI-Small,B5_fogliato_neyman,9,3753,50,0.9069767441860465,0.5224749990302817,0.6630131808057523,0.024102579611092634,0.049867127268679146,0.04589771028335654,0.9069767441860465,0.78,0.8387096774193549,0.024102579611092634,0.20765787370103916,0.129798786330246,0.6097222222222223,0.7948717948717948,0.1126126755599619,0.03194384758630575
HI-Small,B5_fogliato_neyman,10,3753,51,0.8837209302325583,0.3415897892204234,0.4927240764245997,0.047358393564580825,0.23075233707853748,0.21618681466450917,0.8837209302325582,0.7450980392156863,0.8085106382978723,0.047358393564580936,0.17275591291672543,0.09959974720876341,0.6142857142857142,0.7894736842105263,0.10804918349646997,0.03734195824757425
HI-Small,B5_fogliato_neyman,11,3753,49,0.9047619047619048,0.6633345522100326,0.7654629028508476,0.026317419035234324,0.0909924259110717,0.05655201176173874,0.9047619047619048,0.7755102040816326,0.8351648351648352,0.026317419035234324,0.20316807778267176,0.12625394407572632,0.7995476745476746,0.8947368421052632,0.07721277676549043,0.06792119964716259
HI-Small,B5_fogliato_neyman,12,3753,53,1.0,0.40794356086239175,0.5794885138897452,0.06892067620286091,0.1643985654365691,0.12942237719936367,1.0,0.7924528301886793,0.8842105263157894,0.06892067620286091,0.22011070388971843,0.17529963522668057,0.6203681472589037,0.7619047619047619,0.10196675052328052,0.06491088055333871
HI-Small,B5_fogliato_neyman,13,3753,48,0.9302325581395349,0.610264554278248,0.7370191776304749,0.0008467656576042204,0.03792242797928713,0.02810828654136599,0.9302325581395349,0.8333333333333334,0.8791208791208791,0.0008467656576042204,0.2609912070343725,0.17020998803177023,0.6308802308802309,0.875,0.09145466690195325,0.048184357541899425
HI-Small,B5_fogliato_neyman,14,3753,49,0.9767441860465116,0.8606277328708015,0.9150168518165708,0.045664862249372495,0.28828560657184066,0.2061059607274619,0.9767441860465116,0.8571428571428571,0.9130434782608695,0.045664862249372495,0.28480073084389623,0.20413258717176064,0.5850855493712636,0.7619047619047619,0.13724934841092062,0.06491088055333871
HI-Small,B5_fogliato_neyman,15,3753,43,0.8372093023255814,0.6496863607787267,0.7316229084997292,0.09387002147155765,0.0773442344797658,0.022712017410620344,0.8372093023255814,0.8372093023255814,0.8372093023255814,0.09387002147155765,0.2648671760266206,0.12829841123647256,0.7784090909090909,0.8888888888888888,0.05607419312690676,0.062073246430788265
HI-Small,B5_fogliato_neyman,16,3753,57,0.9767441860465116,0.48890652009615104,0.6516376637663426,0.045664862249372495,0.08343560620280982,0.057273227322766296,0.9767441860465116,0.7368421052631579,0.84,0.045664862249372495,0.164499978964197,0.1310891089108911,0.7359145484145484,0.8333333333333334,0.013579650632364215,0.0065176908752327956
HI-Small,B5_fogliato_neyman,17,3753,45,0.8837209302325583,0.7435457742253196,0.8075959048001232,0.047358393564580825,0.17120364792635878,0.09868501371101435,0.8837209302325582,0.8444444444444444,0.8636363636363636,0.047358393564580936,0.2721023181454836,0.15472547254725477,0.6022186147186148,0.7368421052631579,0.12011628306356936,0.08997353719494272
HI-Small,B5_fogliato_neyman,18,3753,48,0.9302325581395349,0.4985577902165198,0.6491850803823237,0.0008467656576042204,0.07378433608244106,0.059725810706785176,0.9302325581395349,0.8333333333333334,0.8791208791208791,0.0008467656576042204,0.2609912070343725,0.17020998803177023,0.7075,0.775,0.014834897782184164,0.05181564245810055
HI-Small,B5_fogliato_neyman,19,3753,45,0.8604651162790699,0.5958113752008951,0.7040900642729134,0.07061420751806924,0.023469248901934248,0.004820826816195445,0.8604651162790697,0.8222222222222222,0.8409090909090909,0.07061420751806935,0.24988009592326133,0.13199819981998206,0.738095238095238,0.8378378378378378,0.015760340313053844,0.011022195379737254
HI-Small,B5_fogliato_neyman,20,3753,52,0.9523809523809523,0.4934155775820601,0.650049419760638,0.021301628583813237,0.07892654871690075,0.05886147132847086,0.9523809523809523,0.7692307692307693,0.851063829787234,0.021301628583813237,0.1968886429318084,0.14215293869812518,0.709247757073844,0.8,0.013087140708340161,0.02681564245810053
HI-Small,B5_fogliato_neyman,21,3753,49,0.9534883720930232,0.4914223895785729,0.6485736651407598,0.022409048295884082,0.08091973672038794,0.060337225948349116,0.9534883720930233,0.8367346938775511,0.8913043478260869,0.022409048295884193,0.2643925675785902,0.18239345673697804,0.7225274725274725,0.926829268292683,0.00019257474528833196,0.1000136258345824
HI-Small,B5_fogliato_neyman,22,3753,54,1.0,0.49594398748556245,0.6630515468953665,0.06892067620286091,0.07639813881339841,0.04585934419374238,1.0,0.7962962962962963,0.8865979381443299,0.06892067620286091,0.22395416999733542,0.17768704705522098,0.7157425907425907,0.813953488372093,0.006592307039593459,0.012862154086007549
HI-Small,B5_fogliato_neyman,23,3753,50,0.9302325581395349,0.4563571765005197,0.6123199863896506,0.0008467656576042204,0.11598494979844115,0.0965909046994583,0.9302325581395349,0.8,0.8602150537634409,0.0008467656576042204,0.22765787370103918,0.151304162674332,0.6467407475810837,0.7,0.0755941502011005,0.12681564245810062
HI-Small,B5_fogliato_neyman,24,3753,49,0.9534883720930232,0.6799363889158129,0.7938063093812009,0.022409048295884082,0.10759426261685201,0.08489541829209202,0.9534883720930233,0.8367346938775511,0.8913043478260869,0.022409048295884193,0.2643925675785902,0.18239345673697804,0.6901952214452214,0.7804878048780488,0.0321396763369628,0.04632783758005177
HI-Small,B5_fogliato_neyman,25,3753,48,0.9767441860465116,0.7720425475248317,0.8624128433721943,0.045664862249372495,0.19970042122587084,0.15350195228308539,0.9767441860465116,0.875,0.9230769230769231,0.045664862249372495,0.30265787370103914,0.21416603198781425,0.6357142857142858,0.7619047619047619,0.0866206120678984,0.06491088055333871
HI-Small,B5_fogliato_neyman,26,3753,47,0.9534883720930232,0.604642129354761,0.7400140605445306,0.022409048295884082,0.032300003055800164,0.031103169455421686,0.9534883720930233,0.8723404255319149,0.9111111111111111,0.022409048295884193,0.29999829923295407,0.20220022002200222,0.5740327380952381,0.7317073170731707,0.14830215968694604,0.09510832538492986
HI-Small,B5_fogliato_neyman,27,3753,45,0.8604651162790699,0.6156117810709179,0.7177301720973339,0.07061420751806924,0.04326965477195699,0.008819281008225044,0.8604651162790697,0.8222222222222222,0.8409090909090909,0.07061420751806935,0.24988009592326133,0.13199819981998206,0.6521645021645022,0.8108108108108109,0.07017039561768201,0.01600483164728972
HI-Small,B5_fogliato_neyman,28,3753,55,0.9767441860465116,0.48560855286384974,0.6487016683234039,0.045664862249372495,0.08673357343511112,0.06020922276570495,0.9767441860465116,0.7636363636363637,0.8571428571428571,0.045664862249372495,0.1912942373374028,0.14823196605374822,0.6964285714285714,0.7857142857142857,0.025906326353612785,0.041101356743814876
HI-Small,B5_fogliato_neyman,29,3753,45,0.813953488372093,0.5031524352442401,0.6218826785403795,0.11712583542504607,0.06918969105472073,0.08702821254872939,0.813953488372093,0.7777777777777778,0.7954545454545454,0.11712583542504607,0.20543565147881693,0.08654365436543654,0.5268732492997199,0.8,0.19546164848246428,0.02681564245810053
HI-Small,B5_fogliato_neyman,30,3753,43,0.8604651162790699,0.68075095554486,0.7601302125363691,0.07061420751806924,0.10840882924589912,0.05121932144726027,0.8604651162790697,0.8604651162790697,0.8604651162790697,0.07061420751806935,0.2881229899801089,0.15155422518996087,0.7343260188087775,0.7837837837837838,0.011991121026593277,0.0430318586743168
HI-Small,B5_fogliato_neyman,31,3753,47,0.9302325581395349,0.5799370155545533,0.7144579031869702,0.0008467656576042204,0.007594889255592485,0.005547012097861348,0.9302325581395349,0.851063829787234,0.8888888888888888,0.0008467656576042204,0.2787217034882732,0.17997799779977997,0.6934847559847559,0.75,0.028850141797428286,0.07681564245810057
HI-Small,B5_fogliato_neyman,32,3753,57,1.0,0.4760932277684045,0.6450720304274743,0.06892067620286091,0.09624889853055635,0.06383886066163458,1.0,0.7543859649122807,0.86,0.06892067620286091,0.18204383861331985,0.1510891089108911,0.7164502164502164,0.7906976744186046,0.005884681331967734,0.03611796803949596
HI-Small,B5_fogliato_neyman,33,3753,47,0.9047619047619048,0.5330648912552547,0.6708691307044551,0.026317419035234324,0.03927723504370617,0.03804176038465379,0.9047619047619048,0.8085106382978723,0.8539325842696629,0.026317419035234324,0.23616851199891142,0.14502169318055402,0.595934065934066,0.7105263157894737,0.12640083184811823,0.1162893266686269
HI-Small,B5_fogliato_neyman,34,3753,48,0.9069767441860465,0.63156671193537,0.7446215676890493,0.024102579611092634,0.05922458563640909,0.03571067659994043,0.9069767441860465,0.8125,0.8571428571428571,0.024102579611092634,0.24015787370103914,0.14823196605374822,0.741801948051948,0.8717948717948718,0.019467050269763808,0.04497922933677123
HI-Small,B5_fogliato_neyman,35,3753,49,0.9302325581395349,0.5376173600731841,0.6814173110695725,0.0008467656576042204,0.034724766225776804,0.02749358001953639,0.9302325581395349,0.8163265306122449,0.8695652173913043,0.0008467656576042204,0.24398440431328405,0.16065432630219545,0.6813446969696969,0.85,0.040990200812487276,0.023184357541899403
HI-Small,B5_fogliato_neyman,36,3753,51,0.9534883720930232,0.4855009425304524,0.6433953312073294,0.022409048295884082,0.08684118376850847,0.06551555988177948,0.9534883720930233,0.803921568627451,0.8723404255319149,0.022409048295884193,0.23157944232849015,0.16342953444280606,0.6088509316770186,0.7073170731707317,0.11348396610516553,0.1194985692873689
HI-Small,B5_fogliato_neyman,37,3753,54,0.9534883720930232,0.4995159965302866,0.6555832930046243,0.022409048295884082,0.07282612976867425,0.05332759808448462,0.9534883720930233,0.7592592592592593,0.845360824742268,0.022409048295884193,0.18691713296029844,0.13644993365315916,0.6783825372254164,0.7804878048780488,0.04395236055676777,0.04632783758005177
HI-Small,B5_fogliato_neyman,38,3753,52,0.9069767441860465,0.39930624683613847,0.5544916104361034,0.024102579611092634,0.1730358794628224,0.15441928065300548,0.9069767441860465,0.75,0.8210526315789474,0.024102579611092634,0.17765787370103914,0.11214174048983849,0.7194991789819376,0.8717948717948718,0.0028357188002465783,0.04497922933677123
HI-Small,B5_fogliato_neyman,39,3753,51,0.9534883720930232,0.5291027160985318,0.6805562119736742,0.022409048295884082,0.043239410200429096,0.028354679115434656,0.9534883720930233,0.803921568627451,0.8723404255319149,0.022409048295884193,0.23157944232849015,0.16342953444280606,0.8745039682539683,0.926829268292683,0.15216907047178407,0.1000136258345824
HI-Small,B5_fogliato_neyman,40,3753,55,1.0,0.5556699422703208,0.7143802514553758,0.06892067620286091,0.016672184028640014,0.005469360366266884,1.0,0.7818181818181819,0.8775510204081632,0.06892067620286091,0.209476055519221,0.16864012931905437,0.5345238095238095,0.7906976744186046,0.18781108825837467,0.03611796803949596
HI-Small,B5_fogliato_neyman,41,3753,50,0.9534883720930232,0.49392116659897123,0.6507461454321072,0.022409048295884082,0.07842095969998963,0.05816474565700169,0.9534883720930233,0.82,0.8817204301075269,0.022409048295884193,0.2476578737010391,0.172809539018418,0.7267992424242424,0.7804878048780488,0.004464344642058249,0.04632783758005177
HI-Small,B5_fogliato_neyman,42,3753,47,0.8604651162790699,0.6623640228330577,0.7485293277989398,0.07061420751806924,0.09002189653409687,0.039618436709830895,0.8604651162790697,0.7872340425531915,0.8222222222222222,0.07061420751806935,0.21489191625423065,0.11331133113311331,0.7589285714285714,0.8108108108108109,0.036593673646387215,0.01600483164728972
HI-Small,B5_fogliato_neyman,43,3753,42,0.8372093023255814,0.7268874233669789,0.7781576453551456,0.09387002147155765,0.154545297068018,0.06924675426603677,0.8372093023255814,0.8571428571428571,0.8470588235294118,0.09387002147155765,0.28480073084389623,0.13814793244030288,0.6287393162393162,0.8888888888888888,0.09359558154286796,0.062073246430788265
HI-Small,B5_fogliato_neyman,44,3753,50,0.9767441860465116,0.5581153640718167,0.7103398313654855,0.045664862249372495,0.01422676222714414,0.0014289402763766335,0.9767441860465116,0.84,0.9032258064516129,0.045664862249372495,0.2676578737010391,0.194314915362504,0.8183982683982685,0.9047619047619048,0.09606337061608428,0.07794626230380419
HI-Small,B5_fogliato_neyman,45,3753,52,0.9534883720930232,0.5567261235910947,0.7029887301460029,0.022409048295884082,0.015616002707866117,0.005922160943105936,0.9534883720930233,0.7884615384615384,0.8631578947368421,0.022409048295884193,0.21611941216257757,0.15424700364773325,0.5598093083387201,0.7317073170731707,0.16252558944346407,0.09510832538492986
HI-Small,B5_fogliato_neyman,46,3753,50,0.9523809523809523,0.6994330457530412,0.8065396115948837,0.021301628583813237,0.12709091945408035,0.09762872050577487,0.9523809523809523,0.8,0.8695652173913043,0.021301628583813237,0.22765787370103918,0.16065432630219545,0.5783189033189033,0.7,0.14401599446328084,0.12681564245810062
HI-Small,B5_fogliato_neyman,47,3753,48,0.9302325581395349,0.4949885358482869,0.6461516095913596,0.0008467656576042204,0.07735359045067397,0.06275928149774923,0.9302325581395349,0.8333333333333334,0.8791208791208791,0.0008467656576042204,0.2609912070343725,0.17020998803177023,0.7576348488113194,0.825,0.03529995102913519,0.0018156424581006192
HI-Small,B5_fogliato_neyman,48,3753,49,0.9767441860465116,0.6417289423556014,0.7745633862731388,0.045664862249372495,0.06938681605664054,0.06565249518402994,0.9767441860465116,0.8571428571428571,0.9130434782608695,0.045664862249372495,0.28480073084389623,0.20413258717176064,0.6782634032634032,0.7619047619047619,0.04407149451878101,0.06491088055333871
HI-Small,B5_fogliato_neyman,49,3753,48,0.9069767441860465,0.5848887858432232,0.7111639970455095,0.024102579611092634,0.012546659544262373,0.002253105956400603,0.9069767441860465,0.8125,0.8571428571428571,0.024102579611092634,0.24015787370103914,0.14823196605374822,0.6142543859649123,0.8205128205128205,0.10808051181727185,0.00630282194528009
HI-Small,B6_leskovec_rw,0,3753,4,0.0,0.0,0.0,0.9310793237971391,0.5723421262989609,0.7089108910891089,0.0,0.0,0.0,0.9310793237971391,0.5723421262989609,0.7089108910891089,0.0,0.0,0.7223348977821842,0.8268156424581006
HI-Small,B6_leskovec_rw,1,3753,6,0.75,0.5,0.6,0.1810793237971391,0.07234212629896086,0.1089108910891089,0.75,0.5,0.6,0.1810793237971391,0.07234212629896086,0.1089108910891089,1.0,1.0,0.2776651022178158,0.17318435754189943
HI-Small,B6_leskovec_rw,2,3753,3,0.5,0.3333333333333333,0.4,0.4310793237971391,0.23900879296562755,0.30891089108910885,0.5,0.3333333333333333,0.4,0.4310793237971391,0.23900879296562755,0.30891089108910885,1.0,1.0,0.2776651022178158,0.17318435754189943
HI-Small,B6_leskovec_rw,3,3753,4,0.5,0.25,0.3333333333333333,0.4310793237971391,0.32234212629896086,0.37557755775577556,0.5,0.25,0.3333333333333333,0.4310793237971391,0.32234212629896086,0.37557755775577556,1.0,1.0,0.2776651022178158,0.17318435754189943
HI-Small,B6_leskovec_rw,4,3753,5,0.0,0.0,0.0,0.9310793237971391,0.5723421262989609,0.7089108910891089,0.0,0.0,0.0,0.9310793237971391,0.5723421262989609,0.7089108910891089,0.0,0.0,0.7223348977821842,0.8268156424581006
HI-Small,B6_leskovec_rw,5,3753,2,1.0,1.0,1.0,0.06892067620286091,0.42765787370103914,0.2910891089108911,1.0,1.0,1.0,0.06892067620286091,0.42765787370103914,0.2910891089108911,0.3333333333333333,0.5,0.38900156444885087,0.3268156424581006
HI-Small,B6_leskovec_rw,6,3753,10,1.0,0.4,0.5714285714285715,0.06892067620286091,0.17234212629896084,0.13748231966053737,1.0,0.4,0.5714285714285714,0.06892067620286091,0.17234212629896084,0.13748231966053748,1.0,1.0,0.2776651022178158,0.17318435754189943
HI-Small,B6_leskovec_rw,7,3753,5,1.0,0.6,0.7499999999999999,0.06892067620286091,0.027657873701039115,0.041089108910891015,1.0,0.6,0.75,0.06892067620286091,0.027657873701039115,0.041089108910891126,1.0,1.0,0.2776651022178158,0.17318435754189943
HI-Small,B6_leskovec_rw,8,3753,6,1.0,0.16666666666666666,0.2857142857142857,0.06892067620286091,0.40567545963229423,0.4231966053748232,1.0,0.16666666666666666,0.2857142857142857,0.06892067620286091,0.40567545963229423,0.4231966053748232,0.0,0.0,0.7223348977821842,0.8268156424581006
HI-Small,B6_leskovec_rw,9,3753,7,1.0,0.42857142857142855,0.6,0.06892067620286091,0.14377069772753232,0.1089108910891089,1.0,0.42857142857142855,0.6,0.06892067620286091,0.14377069772753232,0.1089108910891089,1.0,1.0,0.2776651022178158,0.17318435754189943
HI-Small,B6_leskovec_rw,10,3753,9,1.0,0.6666666666666666,0.8,0.06892067620286091,0.09432454036770577,0.09108910891089117,1.0,0.6666666666666666,0.8,0.06892067620286091,0.09432454036770577,0.09108910891089117,0.3333333333333333,0.6666666666666666,0.38900156444885087,0.16014897579143395
HI-Small,B6_leskovec_rw,11,3753,13,1.0,0.8461538461538461,0.9166666666666666,0.06892067620286091,0.2738117198548853,0.20775577557755776,1.0,0.8461538461538461,0.9166666666666666,0.06892067620286091,0.2738117198548853,0.20775577557755776,1.0,1.0,0.2776651022178158,0.17318435754189943
HI-Small,B6_leskovec_rw,12,3753,3,1.0,0.6666666666666666,0.8,0.06892067620286091,0.09432454036770577,0.09108910891089117,1.0,0.6666666666666666,0.8,0.06892067620286091,0.09432454036770577,0.09108910891089117,1.0,1.0,0.2776651022178158,0.17318435754189943
HI-Small,B6_leskovec_rw,13,3753,7,1.0,0.42857142857142855,0.6,0.06892067620286091,0.14377069772753232,0.1089108910891089,1.0,0.42857142857142855,0.6,0.06892067620286091,0.14377069772753232,0.1089108910891089,1.0,1.0,0.2776651022178158,0.17318435754189943
HI-Small,B6_leskovec_rw,14,3753,7,0.875,1.0,0.9333333333333333,0.05607932379713909,0.42765787370103914,0.22442244224422447,0.875,1.0,0.9333333333333333,0.05607932379713909,0.42765787370103914,0.22442244224422447,0.7333333333333333,0.8571428571428571,0.0109984355511491,0.03032721468475652
HI-Small,B6_leskovec_rw,15,3753,8,1.0,0.875,0.9333333333333333,0.06892067620286091,0.30265787370103914,0.22442244224422447,1.0,0.875,0.9333333333333333,0.06892067620286091,0.30265787370103914,0.22442244224422447,0.5,0.7142857142857143,0.22233489778218418,0.11252992817238627
HI-Small,B6_leskovec_rw,16,3753,8,0.8571428571428571,0.75,0.7999999999999999,0.073936466654282,0.17765787370103914,0.09108910891089106,0.8571428571428571,0.75,0.8,0.073936466654282,0.17765787370103914,0.09108910891089117,0.3666666666666667,0.5,0.3556682311155175,0.3268156424581006
HI-Small,B6_leskovec_rw,17,3753,12,1.0,0.5833333333333334,0.7368421052631579,0.06892067620286091,0.010991207034372508,0.02793121417404898,1.0,0.5833333333333334,0.7368421052631579,0.06892067620286091,0.010991207034372508,0.02793121417404898,1.0,1.0,0.2776651022178158,0.17318435754189943
HI-Small,B6_leskovec_rw,18,3753,4,1.0,0.75,0.8571428571428571,0.06892067620286091,0.17765787370103914,0.14823196605374822,1.0,0.75,0.8571428571428571,0.06892067620286091,0.17765787370103914,0.14823196605374822,1.0,1.0,0.2776651022178158,0.17318435754189943
HI-Small,B6_leskovec_rw,19,3753,6,1.0,0.3333333333333333,0.5,0.06892067620286091,0.23900879296562755,0.20891089108910887,1.0,0.3333333333333333,0.5,0.06892067620286091,0.23900879296562755,0.20891089108910887,1.0,1.0,0.2776651022178158,0.17318435754189943
HI-Small,B6_leskovec_rw,20,3753,3,1.0,0.6666666666666666,0.8,0.06892067620286091,0.09432454036770577,0.09108910891089117,1.0,0.6666666666666666,0.8,0.06892067620286091,0.09432454036770577,0.09108910891089117,0.3333333333333333,0.5,0.38900156444885087,0.3268156424581006
HI-Small,B6_leskovec_rw,21,3753,7,1.0,0.8571428571428571,0.923076923076923,0.06892067620286091,0.28480073084389623,0.21416603198781414,1.0,0.8571428571428571,0.9230769230769231,0.06892067620286091,0.28480073084389623,0.21416603198781425,0.5,0.6666666666666666,0.22233489778218418,0.16014897579143395
HI-Small,B6_leskovec_rw,22,3753,2,1.0,0.5,0.6666666666666666,0.06892067620286091,0.07234212629896086,0.042244224422442245,1.0,0.5,0.6666666666666666,0.06892067620286091,0.07234212629896086,0.042244224422442245,1.0,1.0,0.2776651022178158,0.17318435754189943
HI-Small,B6_leskovec_rw,23,3753,4,1.0,0.75,0.8571428571428571,0.06892067620286091,0.17765787370103914,0.14823196605374822,1.0,0.75,0.8571428571428571,0.06892067620286091,0.17765787370103914,0.14823196605374822,1.0,1.0,0.2776651022178158,0.17318435754189943
HI-Small,B6_leskovec_rw,24,3753,5,1.0,0.4,0.5714285714285715,0.06892067620286091,0.17234212629896084,0.13748231966053737,1.0,0.4,0.5714285714285714,0.06892067620286091,0.17234212629896084,0.13748231966053748,1.0,1.0,0.2776651022178158,0.17318435754189943
HI-Small,B6_leskovec_rw,25,3753,9,1.0,0.7777777777777778,0.8750000000000001,0.06892067620286091,0.20543565147881693,0.16608910891089124,1.0,0.7777777777777778,0.875,0.06892067620286091,0.20543565147881693,0.16608910891089113,1.0,1.0,0.2776651022178158,0.17318435754189943
HI-Small,B6_leskovec_rw,26,3753,4,1.0,0.5,0.6666666666666666,0.06892067620286091,0.07234212629896086,0.042244224422442245,1.0,0.5,0.6666666666666666,0.06892067620286091,0.07234212629896086,0.042244224422442245,1.0,1.0,0.2776651022178158,0.17318435754189943
HI-Small,B6_leskovec_rw,27,3753,8,0.6666666666666666,0.25,0.36363636363636365,0.26441265713047246,0.32234212629896086,0.34527452745274523,0.6666666666666666,0.25,0.36363636363636365,0.26441265713047246,0.32234212629896086,0.34527452745274523,0.3333333333333333,0.5,0.38900156444885087,0.3268156424581006
HI-Small,B6_leskovec_rw,28,3753,4,1.0,0.75,0.8571428571428571,0.06892067620286091,0.17765787370103914,0.14823196605374822,1.0,0.75,0.8571428571428571,0.06892067620286091,0.17765787370103914,0.14823196605374822,0.25,0.3333333333333333,0.4723348977821842,0.49348230912476726
HI-Small,B6_leskovec_rw,29,3753,2,0.0,0.0,0.0,0.9310793237971391,0.5723421262989609,0.7089108910891089,0.0,0.0,0.0,0.9310793237971391,0.5723421262989609,0.7089108910891089,0.0,0.0,0.7223348977821842,0.8268156424581006
HI-Small,B6_leskovec_rw,30,3753,12,1.0,0.75,0.8571428571428571,0.06892067620286091,0.17765787370103914,0.14823196605374822,1.0,0.75,0.8571428571428571,0.06892067620286091,0.17765787370103914,0.14823196605374822,1.0,1.0,0.2776651022178158,0.17318435754189943
HI-Small,B6_leskovec_rw,31,3753,6,1.0,0.6666666666666666,0.8,0.06892067620286091,0.09432454036770577,0.09108910891089117,1.0,0.6666666666666666,0.8,0.06892067620286091,0.09432454036770577,0.09108910891089117,1.0,1.0,0.2776651022178158,0.17318435754189943
HI-Small,B6_leskovec_rw,32,3753,8,1.0,0.75,0.8571428571428571,0.06892067620286091,0.17765787370103914,0.14823196605374822,1.0,0.75,0.8571428571428571,0.06892067620286091,0.17765787370103914,0.14823196605374822,0.5,0.6666666666666666,0.22233489778218418,0.16014897579143395
HI-Small,B6_leskovec_rw,33,3753,1,0.0,0.0,0.0,0.9310793237971391,0.5723421262989609,0.7089108910891089,0.0,0.0,0.0,0.9310793237971391,0.5723421262989609,0.7089108910891089,0.0,0.0,0.7223348977821842,0.8268156424581006
HI-Small,B6_leskovec_rw,34,3753,6,1.0,0.3333333333333333,0.5,0.06892067620286091,0.23900879296562755,0.20891089108910887,1.0,0.3333333333333333,0.5,0.06892067620286091,0.23900879296562755,0.20891089108910887,1.0,1.0,0.2776651022178158,0.17318435754189943
HI-Small,B6_leskovec_rw,35,3753,0,0.0,0.0,0.0,0.9310793237971391,0.5723421262989609,0.7089108910891089,0.0,0.0,0.0,0.9310793237971391,0.5723421262989609,0.7089108910891089,0.0,0.0,0.7223348977821842,0.8268156424581006
HI-Small,B6_leskovec_rw,36,3753,4,1.0,0.75,0.8571428571428571,0.06892067620286091,0.17765787370103914,0.14823196605374822,1.0,0.75,0.8571428571428571,0.06892067620286091,0.17765787370103914,0.14823196605374822,1.0,1.0,0.2776651022178158,0.17318435754189943
HI-Small,B6_leskovec_rw,37,3753,7,1.0,0.42857142857142855,0.6,0.06892067620286091,0.14377069772753232,0.1089108910891089,1.0,0.42857142857142855,0.6,0.06892067620286091,0.14377069772753232,0.1089108910891089,1.0,1.0,0.2776651022178158,0.17318435754189943
HI-Small,B6_leskovec_rw,38,3753,13,0.9166666666666666,0.8461538461538461,0.8799999999999999,0.014412657130472462,0.2738117198548853,0.17108910891089102,0.9166666666666666,0.8461538461538461,0.88,0.014412657130472462,0.2738117198548853,0.17108910891089113,1.0,1.0,0.2776651022178158,0.17318435754189943
HI-Small,B6_leskovec_rw,39,3753,5,1.0,0.4,0.5714285714285715,0.06892067620286091,0.17234212629896084,0.13748231966053737,1.0,0.4,0.5714285714285714,0.06892067620286091,0.17234212629896084,0.13748231966053748,1.0,1.0,0.2776651022178158,0.17318435754189943
HI-Small,B6_leskovec_rw,40,3753,10,1.0,0.7,0.8235294117647058,0.06892067620286091,0.1276578737010391,0.11461852067559697,1.0,0.7,0.8235294117647058,0.06892067620286091,0.1276578737010391,0.11461852067559697,1.0,1.0,0.2776651022178158,0.17318435754189943
HI-Small,B6_leskovec_rw,41,3753,1,0.0,0.0,0.0,0.9310793237971391,0.5723421262989609,0.7089108910891089,0.0,0.0,0.0,0.9310793237971391,0.5723421262989609,0.7089108910891089,0.0,0.0,0.7223348977821842,0.8268156424581006
HI-Small,B6_leskovec_rw,42,3753,2,0.6666666666666666,1.0,0.8,0.26441265713047246,0.42765787370103914,0.09108910891089117,0.6666666666666666,1.0,0.8,0.26441265713047246,0.42765787370103914,0.09108910891089117,0.3333333333333333,0.5,0.38900156444885087,0.3268156424581006
HI-Small,B6_leskovec_rw,43,3753,3,1.0,0.6666666666666666,0.8,0.06892067620286091,0.09432454036770577,0.09108910891089117,1.0,0.6666666666666666,0.8,0.06892067620286091,0.09432454036770577,0.09108910891089117,1.0,1.0,0.2776651022178158,0.17318435754189943
HI-Small,B6_leskovec_rw,44,3753,7,1.0,0.7142857142857143,0.8333333333333333,0.06892067620286091,0.14194358798675344,0.12442244224422438,1.0,0.7142857142857143,0.8333333333333334,0.06892067620286091,0.14194358798675344,0.1244224422442245,0.2,0.4,0.5223348977821842,0.42681564245810055
HI-Small,B6_leskovec_rw,45,3753,6,0.75,0.5,0.6,0.1810793237971391,0.07234212629896086,0.1089108910891089,0.75,0.5,0.6,0.1810793237971391,0.07234212629896086,0.1089108910891089,0.5555555555555555,0.6666666666666666,0.1667793422266287,0.16014897579143395
HI-Small,B6_leskovec_rw,46,3753,3,0.0,0.0,0.0,0.9310793237971391,0.5723421262989609,0.7089108910891089,0.0,0.0,0.0,0.9310793237971391,0.5723421262989609,0.7089108910891089,0.0,0.0,0.7223348977821842,0.8268156424581006
HI-Small,B6_leskovec_rw,47,3753,4,1.0,0.25,0.4,0.06892067620286091,0.32234212629896086,0.30891089108910885,1.0,0.25,0.4,0.06892067620286091,0.32234212629896086,0.30891089108910885,1.0,1.0,0.2776651022178158,0.17318435754189943
HI-Small,B6_leskovec_rw,48,3753,4,1.0,0.75,0.8571428571428571,0.06892067620286091,0.17765787370103914,0.14823196605374822,1.0,0.75,0.8571428571428571,0.06892067620286091,0.17765787370103914,0.14823196605374822,1.0,1.0,0.2776651022178158,0.17318435754189943
HI-Small,B6_leskovec_rw,49,3753,4,0.5,0.5,0.5,0.4310793237971391,0.07234212629896086,0.20891089108910887,0.5,0.5,0.5,0.4310793237971391,0.07234212629896086,0.20891089108910887,1.0,1.0,0.2776651022178158,0.17318435754189943
HI-Small,B7_gao_stratified,0,3753,6,1.0,0.5,0.6666666666666666,0.06892067620286091,0.07234212629896086,0.042244224422442245,1.0,0.5,0.6666666666666666,0.06892067620286091,0.07234212629896086,0.042244224422442245,1.0,1.0,0.2776651022178158,0.17318435754189943
HI-Small,B7_gao_stratified,1,3753,4,1.0,0.5000526051940576,0.6667134251993344,0.06892067620286091,0.07228952110490328,0.042197465889774466,1.0,0.5,0.6666666666666666,0.06892067620286091,0.07234212629896086,0.042244224422442245,0.3333333333333333,0.5,0.38900156444885087,0.3268156424581006
HI-Small,B7_gao_stratified,2,3753,6,0.6666666666666666,0.33335671259966726,0.4444652255286725,0.26441265713047246,0.2389854136992936,0.26444566556043636,0.6666666666666666,0.3333333333333333,0.4444444444444444,0.26441265713047246,0.23900879296562755,0.26446644664466445,1.0,1.0,0.2776651022178158,0.17318435754189943
HI-Small,B7_gao_stratified,3,3753,4,1.0,0.2500263025970288,0.40003366661578127,0.06892067620286091,0.32231582370193207,0.3088772244733276,1.0,0.25,0.4,0.06892067620286091,0.32234212629896086,0.30891089108910885,1.0,1.0,0.2776651022178158,0.17318435754189943
HI-Small,B7_gao_stratified,4,3753,6,1.0,0.5,0.6666666666666666,0.06892067620286091,0.07234212629896086,0.042244224422442245,1.0,0.5,0.6666666666666666,0.06892067620286091,0.07234212629896086,0.042244224422442245,1.0,1.0,0.2776651022178158,0.17318435754189943
HI-Small,B7_gao_stratified,5,3753,6,1.0,0.5000350688995009,0.6666978382930089,0.06892067620286091,0.07230705739945997,0.04221305279609999,1.0,0.5,0.6666666666666666,0.06892067620286091,0.07234212629896086,0.042244224422442245,1.0,1.0,0.2776651022178158,0.17318435754189943
HI-Small,B7_gao_stratified,6,3753,7,1.0,0.5714285714285715,0.7272727272727273,0.06892067620286091,0.0009135548703893548,0.01836183618361842,1.0,0.5714285714285714,0.7272727272727273,0.06892067620286091,0.0009135548703894658,0.01836183618361842,0.6666666666666666,0.75,0.05566823111551755,0.07681564245810057
HI-Small,B7_gao_stratified,7,3753,7,1.0,0.8571943864380613,0.9231068031409315,0.06892067620286091,0.2848522601391005,0.21419591205182265,1.0,0.8571428571428571,0.9230769230769231,0.06892067620286091,0.28480073084389623,0.21416603198781425,1.0,1.0,0.2776651022178158,0.17318435754189943
HI-Small,B7_gao_stratified,8,3753,2,1.0,1.0,1.0,0.06892067620286091,0.42765787370103914,0.2910891089108911,1.0,1.0,1.0,0.06892067620286091,0.42765787370103914,0.2910891089108911,0.3333333333333333,0.5,0.38900156444885087,0.3268156424581006
HI-Small,B7_gao_stratified,9,3753,1,1.0,1.0,1.0,0.06892067620286091,0.42765787370103914,0.2910891089108911,1.0,1.0,1.0,0.06892067620286091,0.42765787370103914,0.2910891089108911,0.0,0.0,0.7223348977821842,0.8268156424581006
HI-Small,B7_gao_stratified,10,3753,7,1.0,0.7142857142857143,0.8333333333333333,0.06892067620286091,0.14194358798675344,0.12442244224422438,1.0,0.7142857142857143,0.8333333333333334,0.06892067620286091,0.14194358798675344,0.1244224422442245,1.0,1.0,0.2776651022178158,0.17318435754189943
HI-Small,B7_gao_stratified,11,3753,6,0.7999999999999999,0.6666666666666666,0.7272727272727272,0.13107932379713916,0.09432454036770577,0.018361836183618307,0.8,0.6666666666666666,0.7272727272727273,0.13107932379713905,0.09432454036770577,0.01836183618361842,0.6666666666666666,0.75,0.05566823111551755,0.07681564245810057
HI-Small,B7_gao_stratified,12,3753,5,1.0,0.7999999999999999,0.888888888888889,0.06892067620286091,0.22765787370103907,0.17997799779978008,1.0,0.8,0.8888888888888888,0.06892067620286091,0.22765787370103918,0.17997799779977997,0.6,0.75,0.1223348977821842,0.07681564245810057
HI-Small,B7_gao_stratified,13,3753,3,1.0,0.3336567850958908,0.5003637949802814,0.06892067620286091,0.23868534120307006,0.2085470961088275,1.0,0.3333333333333333,0.5,0.06892067620286091,0.23900879296562755,0.20891089108910887,1.0,1.0,0.2776651022178158,0.17318435754189943
HI-Small,B7_gao_stratified,14,3753,9,0.8571428571428571,0.6666978382930088,0.7500197253912845,0.073936466654282,0.09435571199404791,0.0411088343021756,0.8571428571428571,0.6666666666666666,0.75,0.073936466654282,0.09432454036770577,0.041089108910891126,1.0,1.0,0.2776651022178158,0.17318435754189943
HI-Small,B7_gao_stratified,15,3753,5,1.0,1.0,1.0,0.06892067620286091,0.42765787370103914,0.2910891089108911,1.0,1.0,1.0,0.06892067620286091,0.42765787370103914,0.2910891089108911,1.0,1.0,0.2776651022178158,0.17318435754189943
HI-Small,B7_gao_stratified,16,3753,3,1.0,0.3333333333333333,0.5,0.06892067620286091,0.23900879296562755,0.20891089108910887,1.0,0.3333333333333333,0.5,0.06892067620286091,0.23900879296562755,0.20891089108910887,1.0,1.0,0.2776651022178158,0.17318435754189943
HI-Small,B7_gao_stratified,17,3753,3,1.0,1.0,1.0,0.06892067620286091,0.42765787370103914,0.2910891089108911,1.0,1.0,1.0,0.06892067620286091,0.42765787370103914,0.2910891089108911,0.3333333333333333,0.6666666666666666,0.38900156444885087,0.16014897579143395
HI-Small,B7_gao_stratified,18,3753,4,1.0,0.75,0.8571428571428571,0.06892067620286091,0.17765787370103914,0.14823196605374822,1.0,0.75,0.8571428571428571,0.06892067620286091,0.17765787370103914,0.14823196605374822,1.0,1.0,0.2776651022178158,0.17318435754189943
HI-Small,B7_gao_stratified,19,3753,3,1.0,1.0,1.0,0.06892067620286091,0.42765787370103914,0.2910891089108911,1.0,1.0,1.0,0.06892067620286091,0.42765787370103914,0.2910891089108911,0.3333333333333333,0.3333333333333333,0.38900156444885087,0.49348230912476726
HI-Small,B7_gao_stratified,20,3753,7,1.0,0.8572360478437661,0.9231309599434161,0.06892067620286091,0.2848939215448052,0.21422006885430722,1.0,0.8571428571428571,0.9230769230769231,0.06892067620286091,0.28480073084389623,0.21416603198781425,0.5,0.6666666666666666,0.22233489778218418,0.16014897579143395
HI-Small,B7_gao_stratified,21,3753,2,0.5,0.5,0.5,0.4310793237971391,0.07234212629896086,0.20891089108910887,0.5,0.5,0.5,0.4310793237971391,0.07234212629896086,0.20891089108910887,1.0,1.0,0.2776651022178158,0.17318435754189943
HI-Small,B7_gao_stratified,22,3753,5,1.0,0.7999999999999999,0.888888888888889,0.06892067620286091,0.22765787370103907,0.17997799779978008,1.0,0.8,0.8888888888888888,0.06892067620286091,0.22765787370103918,0.17997799779977997,1.0,1.0,0.2776651022178158,0.17318435754189943
HI-Small,B7_gao_stratified,23,3753,3,0.0,0.0,0.0,0.9310793237971391,0.5723421262989609,0.7089108910891089,0.0,0.0,0.0,0.9310793237971391,0.5723421262989609,0.7089108910891089,0.0,0.0,0.7223348977821842,0.8268156424581006
HI-Small,B7_gao_stratified,24,3753,7,1.0,0.428675000063702,0.6001014927042023,0.06892067620286091,0.14366712623525885,0.10880939838490655,1.0,0.42857142857142855,0.6,0.06892067620286091,0.14377069772753232,0.1089108910891089,1.0,1.0,0.2776651022178158,0.17318435754189943
HI-Small,B7_gao_stratified,25,3753,7,1.0,0.2857142857142857,0.4444444444444445,0.06892067620286091,0.28662784058467516,0.2644664466446644,1.0,0.2857142857142857,0.4444444444444444,0.06892067620286091,0.28662784058467516,0.26446644664466445,0.3333333333333333,0.5,0.38900156444885087,0.3268156424581006
HI-Small,B7_gao_stratified,26,3753,4,1.0,0.5,0.6666666666666666,0.06892067620286091,0.07234212629896086,0.042244224422442245,1.0,0.5,0.6666666666666666,0.06892067620286091,0.07234212629896086,0.042244224422442245,1.0,1.0,0.2776651022178158,0.17318435754189943
HI-Small,B7_gao_stratified,27,3753,3,1.0,1.0,1.0,0.06892067620286091,0.42765787370103914,0.2910891089108911,1.0,1.0,1.0,0.06892067620286091,0.42765787370103914,0.2910891089108911,1.0,1.0,0.2776651022178158,0.17318435754189943
HI-Small,B7_gao_stratified,28,3753,6,1.0,0.33351838273470263,0.5002081516877815,0.06892067620286091,0.23882374356425823,0.20870273940132733,1.0,0.3333333333333333,0.5,0.06892067620286091,0.23900879296562755,0.20891089108910887,0.3333333333333333,0.5,0.38900156444885087,0.3268156424581006
HI-Small,B7_gao_stratified,29,3753,6,1.0,0.16668780753282447,0.2857453492812554,0.06892067620286091,0.4056543187661364,0.4231655418078535,1.0,0.16666666666666666,0.2857142857142857,0.06892067620286091,0.40567545963229423,0.4231966053748232,1.0,1.0,0.2776651022178158,0.17318435754189943
HI-Small,B7_gao_stratified,30,3753,5,1.0,0.6,0.7499999999999999,0.06892067620286091,0.027657873701039115,0.041089108910891015,1.0,0.6,0.75,0.06892067620286091,0.027657873701039115,0.041089108910891126,1.0,1.0,0.2776651022178158,0.17318435754189943
HI-Small,B7_gao_stratified,31,3753,3,1.0,1.0,1.0,0.06892067620286091,0.42765787370103914,0.2910891089108911,1.0,1.0,1.0,0.06892067620286091,0.42765787370103914,0.2910891089108911,0.3333333333333333,0.6666666666666666,0.38900156444885087,0.16014897579143395
HI-Small,B7_gao_stratified,32,3753,5,1.0,0.6004406295719068,0.7503441470771901,0.06892067620286091,0.02809850327294594,0.04143325598808123,1.0,0.6,0.75,0.06892067620286091,0.027657873701039115,0.041089108910891126,0.25,0.3333333333333333,0.4723348977821842,0.49348230912476726
HI-Small,B7_gao_stratified,33,3753,5,1.0,0.39999999999999997,0.5714285714285714,0.06892067620286091,0.1723421262989609,0.13748231966053748,1.0,0.4,0.5714285714285714,0.06892067620286091,0.17234212629896084,0.13748231966053748,1.0,1.0,0.2776651022178158,0.17318435754189943
HI-Small,B7_gao_stratified,34,3753,3,1.0,1.0,1.0,0.06892067620286091,0.42765787370103914,0.2910891089108911,1.0,1.0,1.0,0.06892067620286091,0.42765787370103914,0.2910891089108911,1.0,1.0,0.2776651022178158,0.17318435754189943
HI-Small,B7_gao_stratified,35,3753,4,1.0,0.75,0.8571428571428571,0.06892067620286091,0.17765787370103914,0.14823196605374822,1.0,0.75,0.8571428571428571,0.06892067620286091,0.17765787370103914,0.14823196605374822,1.0,1.0,0.2776651022178158,0.17318435754189943
HI-Small,B7_gao_stratified,36,3753,3,1.0,0.3333800951457717,0.5000526051940575,0.06892067620286091,0.23896203115318915,0.2088582858950514,1.0,0.3333333333333333,0.5,0.06892067620286091,0.23900879296562755,0.20891089108910887,1.0,1.0,0.2776651022178158,0.17318435754189943
HI-Small,B7_gao_stratified,37,3753,7,1.0,0.7143286553650511,0.8333625563914302,0.06892067620286091,0.14198652906609022,0.12445166530232132,1.0,0.7142857142857143,0.8333333333333334,0.06892067620286091,0.14194358798675344,0.1244224422442245,1.0,1.0,0.2776651022178158,0.17318435754189943
HI-Small,B7_gao_stratified,38,3753,7,1.0,0.4286229609646319,0.600050499923672,0.06892067620286091,0.14371916533432894,0.10886039116543689,1.0,0.42857142857142855,0.6,0.06892067620286091,0.14377069772753232,0.1089108910891089,0.3333333333333333,0.6666666666666666,0.38900156444885087,0.16014897579143395
HI-Small,B7_gao_stratified,39,3753,4,1.0,0.2500263025970288,0.40003366661578127,0.06892067620286091,0.32231582370193207,0.3088772244733276,1.0,0.25,0.4,0.06892067620286091,0.32234212629896086,0.30891089108910885,0.0,0.0,0.7223348977821842,0.8268156424581006
HI-Small,B7_gao_stratified,40,3753,3,0.0,0.0,0.0,0.9310793237971391,0.5723421262989609,0.7089108910891089,0.0,0.0,0.0,0.9310793237971391,0.5723421262989609,0.7089108910891089,0.0,0.0,0.7223348977821842,0.8268156424581006
HI-Small,B7_gao_stratified,41,3753,4,1.0,0.7501427098975977,0.8572360478437661,0.06892067620286091,0.17780058359863682,0.14832515675465718,1.0,0.75,0.8571428571428571,0.06892067620286091,0.17765787370103914,0.14823196605374822,1.0,1.0,0.2776651022178158,0.17318435754189943
HI-Small,B7_gao_stratified,42,3753,6,1.0,0.5000634225984734,0.666723039926195,0.06892067620286091,0.0722787037004875,0.0421878511629139,1.0,0.5,0.6666666666666666,0.06892067620286091,0.07234212629896086,0.042244224422442245,1.0,1.0,0.2776651022178158,0.17318435754189943
HI-Small,B7_gao_stratified,43,3753,4,0.75,0.7500789077910863,0.7500394518201726,0.1810793237971391,0.17773678149212546,0.041128560731063746,0.75,0.75,0.75,0.1810793237971391,0.17765787370103914,0.041089108910891126,1.0,1.0,0.2776651022178158,0.17318435754189943
HI-Small,B7_gao_stratified,44,3753,4,0.0,0.0,0.0,0.9310793237971391,0.5723421262989609,0.7089108910891089,0.0,0.0,0.0,0.9310793237971391,0.5723421262989609,0.7089108910891089,0.0,0.0,0.7223348977821842,0.8268156424581006
HI-Small,B7_gao_stratified,45,3753,3,0.5,0.3333800951457717,0.40003366661578127,0.4310793237971391,0.23896203115318915,0.3088772244733276,0.5,0.3333333333333333,0.4,0.4310793237971391,0.23900879296562755,0.30891089108910885,1.0,1.0,0.2776651022178158,0.17318435754189943
HI-Small,B7_gao_stratified,46,3753,3,1.0,0.3333333333333333,0.5,0.06892067620286091,0.23900879296562755,0.20891089108910887,1.0,0.3333333333333333,0.5,0.06892067620286091,0.23900879296562755,0.20891089108910887,1.0,1.0,0.2776651022178158,0.17318435754189943
HI-Small,B7_gao_stratified,47,3753,3,0.6666666666666666,0.6666666666666666,0.6666666666666666,0.26441265713047246,0.09432454036770577,0.042244224422442245,0.6666666666666666,0.6666666666666666,0.6666666666666666,0.26441265713047246,0.09432454036770577,0.042244224422442245,0.3333333333333333,0.5,0.38900156444885087,0.3268156424581006
HI-Small,B7_gao_stratified,48,3753,1,1.0,1.0,1.0,0.06892067620286091,0.42765787370103914,0.2910891089108911,1.0,1.0,1.0,0.06892067620286091,0.42765787370103914,0.2910891089108911,0.0,0.0,0.7223348977821842,0.8268156424581006
HI-Small,B7_gao_stratified,49,3753,3,1.0,0.6667601902915435,0.8000673332315626,0.06892067620286091,0.09441806399258268,0.09115644214245378,1.0,0.6666666666666666,0.8,0.06892067620286091,0.09432454036770577,0.09108910891089117,1.0,1.0,0.2776651022178158,0.17318435754189943
HI-Small,ablation-redraw,0,3753,1251,0.9310793237971391,0.5723421262989609,0.708910891089109,0.0,0.0,1.1102230246251565e-16,0.9310793237971391,0.5723421262989609,0.7089108910891089,0.0,0.0,0.0,0.7223348977821842,0.8268156424581006,0.0,0.0
HI-Small,ablation-redraw,1,3753,1251,0.9310793237971391,0.5723421262989609,0.708910891089109,0.0,0.0,1.1102230246251565e-16,0.9310793237971391,0.5723421262989609,0.7089108910891089,0.0,0.0,0.0,0.7223348977821842,0.8268156424581006,0.0,0.0
HI-Small,ablation-redraw,2,3753,1251,0.9310793237971391,0.5723421262989609,0.708910891089109,0.0,0.0,1.1102230246251565e-16,0.9310793237971391,0.5723421262989609,0.7089108910891089,0.0,0.0,0.0,0.7223348977821842,0.8268156424581006,0.0,0.0
HI-Small,ablation-redraw,3,3753,1251,0.9310793237971391,0.5723421262989609,0.708910891089109,0.0,0.0,1.1102230246251565e-16,0.9310793237971391,0.5723421262989609,0.7089108910891089,0.0,0.0,0.0,0.7223348977821842,0.8268156424581006,0.0,0.0
HI-Small,ablation-redraw,4,3753,1251,0.9310793237971391,0.5723421262989609,0.708910891089109,0.0,0.0,1.1102230246251565e-16,0.9310793237971391,0.5723421262989609,0.7089108910891089,0.0,0.0,0.0,0.7223348977821842,0.8268156424581006,0.0,0.0
HI-Small,ablation-redraw,5,3753,1251,0.9310793237971391,0.5723421262989609,0.708910891089109,0.0,0.0,1.1102230246251565e-16,0.9310793237971391,0.5723421262989609,0.7089108910891089,0.0,0.0,0.0,0.7223348977821842,0.8268156424581006,0.0,0.0
HI-Small,ablation-redraw,6,3753,1251,0.9310793237971391,0.5723421262989609,0.708910891089109,0.0,0.0,1.1102230246251565e-16,0.9310793237971391,0.5723421262989609,0.7089108910891089,0.0,0.0,0.0,0.7223348977821842,0.8268156424581006,0.0,0.0
HI-Small,ablation-redraw,7,3753,1251,0.9310793237971391,0.5723421262989609,0.708910891089109,0.0,0.0,1.1102230246251565e-16,0.9310793237971391,0.5723421262989609,0.7089108910891089,0.0,0.0,0.0,0.7223348977821842,0.8268156424581006,0.0,0.0
HI-Small,ablation-redraw,8,3753,1251,0.9310793237971391,0.5723421262989609,0.708910891089109,0.0,0.0,1.1102230246251565e-16,0.9310793237971391,0.5723421262989609,0.7089108910891089,0.0,0.0,0.0,0.7223348977821842,0.8268156424581006,0.0,0.0
HI-Small,ablation-redraw,9,3753,1251,0.9310793237971391,0.5723421262989609,0.708910891089109,0.0,0.0,1.1102230246251565e-16,0.9310793237971391,0.5723421262989609,0.7089108910891089,0.0,0.0,0.0,0.7223348977821842,0.8268156424581006,0.0,0.0
HI-Small,ablation-redraw,10,3753,1251,0.9310793237971391,0.5723421262989609,0.708910891089109,0.0,0.0,1.1102230246251565e-16,0.9310793237971391,0.5723421262989609,0.7089108910891089,0.0,0.0,0.0,0.7223348977821842,0.8268156424581006,0.0,0.0
HI-Small,ablation-redraw,11,3753,1251,0.9310793237971391,0.5723421262989609,0.708910891089109,0.0,0.0,1.1102230246251565e-16,0.9310793237971391,0.5723421262989609,0.7089108910891089,0.0,0.0,0.0,0.7223348977821842,0.8268156424581006,0.0,0.0
HI-Small,ablation-redraw,12,3753,1251,0.9310793237971391,0.5723421262989609,0.708910891089109,0.0,0.0,1.1102230246251565e-16,0.9310793237971391,0.5723421262989609,0.7089108910891089,0.0,0.0,0.0,0.7223348977821842,0.8268156424581006,0.0,0.0
HI-Small,ablation-redraw,13,3753,1251,0.9310793237971391,0.5723421262989609,0.708910891089109,0.0,0.0,1.1102230246251565e-16,0.9310793237971391,0.5723421262989609,0.7089108910891089,0.0,0.0,0.0,0.7223348977821842,0.8268156424581006,0.0,0.0
HI-Small,ablation-redraw,14,3753,1251,0.9310793237971391,0.5723421262989609,0.708910891089109,0.0,0.0,1.1102230246251565e-16,0.9310793237971391,0.5723421262989609,0.7089108910891089,0.0,0.0,0.0,0.7223348977821842,0.8268156424581006,0.0,0.0
HI-Small,ablation-redraw,15,3753,1251,0.9310793237971391,0.5723421262989609,0.708910891089109,0.0,0.0,1.1102230246251565e-16,0.9310793237971391,0.5723421262989609,0.7089108910891089,0.0,0.0,0.0,0.7223348977821842,0.8268156424581006,0.0,0.0
HI-Small,ablation-redraw,16,3753,1251,0.9310793237971391,0.5723421262989609,0.708910891089109,0.0,0.0,1.1102230246251565e-16,0.9310793237971391,0.5723421262989609,0.7089108910891089,0.0,0.0,0.0,0.7223348977821842,0.8268156424581006,0.0,0.0
HI-Small,ablation-redraw,17,3753,1251,0.9310793237971391,0.5723421262989609,0.708910891089109,0.0,0.0,1.1102230246251565e-16,0.9310793237971391,0.5723421262989609,0.7089108910891089,0.0,0.0,0.0,0.7223348977821842,0.8268156424581006,0.0,0.0
HI-Small,ablation-redraw,18,3753,1251,0.9310793237971391,0.5723421262989609,0.708910891089109,0.0,0.0,1.1102230246251565e-16,0.9310793237971391,0.5723421262989609,0.7089108910891089,0.0,0.0,0.0,0.7223348977821842,0.8268156424581006,0.0,0.0
HI-Small,ablation-redraw,19,3753,1251,0.9310793237971391,0.5723421262989609,0.708910891089109,0.0,0.0,1.1102230246251565e-16,0.9310793237971391,0.5723421262989609,0.7089108910891089,0.0,0.0,0.0,0.7223348977821842,0.8268156424581006,0.0,0.0
HI-Small,ablation-redraw,20,3753,1251,0.9310793237971391,0.5723421262989609,0.708910891089109,0.0,0.0,1.1102230246251565e-16,0.9310793237971391,0.5723421262989609,0.7089108910891089,0.0,0.0,0.0,0.7223348977821842,0.8268156424581006,0.0,0.0
HI-Small,ablation-redraw,21,3753,1251,0.9310793237971391,0.5723421262989609,0.708910891089109,0.0,0.0,1.1102230246251565e-16,0.9310793237971391,0.5723421262989609,0.7089108910891089,0.0,0.0,0.0,0.7223348977821842,0.8268156424581006,0.0,0.0
HI-Small,ablation-redraw,22,3753,1251,0.9310793237971391,0.5723421262989609,0.708910891089109,0.0,0.0,1.1102230246251565e-16,0.9310793237971391,0.5723421262989609,0.7089108910891089,0.0,0.0,0.0,0.7223348977821842,0.8268156424581006,0.0,0.0
HI-Small,ablation-redraw,23,3753,1251,0.9310793237971391,0.5723421262989609,0.708910891089109,0.0,0.0,1.1102230246251565e-16,0.9310793237971391,0.5723421262989609,0.7089108910891089,0.0,0.0,0.0,0.7223348977821842,0.8268156424581006,0.0,0.0
HI-Small,ablation-redraw,24,3753,1251,0.9310793237971391,0.5723421262989609,0.708910891089109,0.0,0.0,1.1102230246251565e-16,0.9310793237971391,0.5723421262989609,0.7089108910891089,0.0,0.0,0.0,0.7223348977821842,0.8268156424581006,0.0,0.0
HI-Small,ablation-redraw,25,3753,1251,0.9310793237971391,0.5723421262989609,0.708910891089109,0.0,0.0,1.1102230246251565e-16,0.9310793237971391,0.5723421262989609,0.7089108910891089,0.0,0.0,0.0,0.7223348977821842,0.8268156424581006,0.0,0.0
HI-Small,ablation-redraw,26,3753,1251,0.9310793237971391,0.5723421262989609,0.708910891089109,0.0,0.0,1.1102230246251565e-16,0.9310793237971391,0.5723421262989609,0.7089108910891089,0.0,0.0,0.0,0.7223348977821842,0.8268156424581006,0.0,0.0
HI-Small,ablation-redraw,27,3753,1251,0.9310793237971391,0.5723421262989609,0.708910891089109,0.0,0.0,1.1102230246251565e-16,0.9310793237971391,0.5723421262989609,0.7089108910891089,0.0,0.0,0.0,0.7223348977821842,0.8268156424581006,0.0,0.0
HI-Small,ablation-redraw,28,3753,1251,0.9310793237971391,0.5723421262989609,0.708910891089109,0.0,0.0,1.1102230246251565e-16,0.9310793237971391,0.5723421262989609,0.7089108910891089,0.0,0.0,0.0,0.7223348977821842,0.8268156424581006,0.0,0.0
HI-Small,ablation-redraw,29,3753,1251,0.9310793237971391,0.5723421262989609,0.708910891089109,0.0,0.0,1.1102230246251565e-16,0.9310793237971391,0.5723421262989609,0.7089108910891089,0.0,0.0,0.0,0.7223348977821842,0.8268156424581006,0.0,0.0
HI-Small,ablation-redraw,30,3753,1251,0.9310793237971391,0.5723421262989609,0.708910891089109,0.0,0.0,1.1102230246251565e-16,0.9310793237971391,0.5723421262989609,0.7089108910891089,0.0,0.0,0.0,0.7223348977821842,0.8268156424581006,0.0,0.0
HI-Small,ablation-redraw,31,3753,1251,0.9310793237971391,0.5723421262989609,0.708910891089109,0.0,0.0,1.1102230246251565e-16,0.9310793237971391,0.5723421262989609,0.7089108910891089,0.0,0.0,0.0,0.7223348977821842,0.8268156424581006,0.0,0.0
HI-Small,ablation-redraw,32,3753,1251,0.9310793237971391,0.5723421262989609,0.708910891089109,0.0,0.0,1.1102230246251565e-16,0.9310793237971391,0.5723421262989609,0.7089108910891089,0.0,0.0,0.0,0.7223348977821842,0.8268156424581006,0.0,0.0
HI-Small,ablation-redraw,33,3753,1251,0.9310793237971391,0.5723421262989609,0.708910891089109,0.0,0.0,1.1102230246251565e-16,0.9310793237971391,0.5723421262989609,0.7089108910891089,0.0,0.0,0.0,0.7223348977821842,0.8268156424581006,0.0,0.0
HI-Small,ablation-redraw,34,3753,1251,0.9310793237971391,0.5723421262989609,0.708910891089109,0.0,0.0,1.1102230246251565e-16,0.9310793237971391,0.5723421262989609,0.7089108910891089,0.0,0.0,0.0,0.7223348977821842,0.8268156424581006,0.0,0.0
HI-Small,ablation-redraw,35,3753,1251,0.9310793237971391,0.5723421262989609,0.708910891089109,0.0,0.0,1.1102230246251565e-16,0.9310793237971391,0.5723421262989609,0.7089108910891089,0.0,0.0,0.0,0.7223348977821842,0.8268156424581006,0.0,0.0
HI-Small,ablation-redraw,36,3753,1251,0.9310793237971391,0.5723421262989609,0.708910891089109,0.0,0.0,1.1102230246251565e-16,0.9310793237971391,0.5723421262989609,0.7089108910891089,0.0,0.0,0.0,0.7223348977821842,0.8268156424581006,0.0,0.0
HI-Small,ablation-redraw,37,3753,1251,0.9310793237971391,0.5723421262989609,0.708910891089109,0.0,0.0,1.1102230246251565e-16,0.9310793237971391,0.5723421262989609,0.7089108910891089,0.0,0.0,0.0,0.7223348977821842,0.8268156424581006,0.0,0.0
HI-Small,ablation-redraw,38,3753,1251,0.9310793237971391,0.5723421262989609,0.708910891089109,0.0,0.0,1.1102230246251565e-16,0.9310793237971391,0.5723421262989609,0.7089108910891089,0.0,0.0,0.0,0.7223348977821842,0.8268156424581006,0.0,0.0
HI-Small,ablation-redraw,39,3753,1251,0.9310793237971391,0.5723421262989609,0.708910891089109,0.0,0.0,1.1102230246251565e-16,0.9310793237971391,0.5723421262989609,0.7089108910891089,0.0,0.0,0.0,0.7223348977821842,0.8268156424581006,0.0,0.0
HI-Small,ablation-redraw,40,3753,1251,0.9310793237971391,0.5723421262989609,0.708910891089109,0.0,0.0,1.1102230246251565e-16,0.9310793237971391,0.5723421262989609,0.7089108910891089,0.0,0.0,0.0,0.7223348977821842,0.8268156424581006,0.0,0.0
HI-Small,ablation-redraw,41,3753,1251,0.9310793237971391,0.5723421262989609,0.708910891089109,0.0,0.0,1.1102230246251565e-16,0.9310793237971391,0.5723421262989609,0.7089108910891089,0.0,0.0,0.0,0.7223348977821842,0.8268156424581006,0.0,0.0
HI-Small,ablation-redraw,42,3753,1251,0.9310793237971391,0.5723421262989609,0.708910891089109,0.0,0.0,1.1102230246251565e-16,0.9310793237971391,0.5723421262989609,0.7089108910891089,0.0,0.0,0.0,0.7223348977821842,0.8268156424581006,0.0,0.0
HI-Small,ablation-redraw,43,3753,1251,0.9310793237971391,0.5723421262989609,0.708910891089109,0.0,0.0,1.1102230246251565e-16,0.9310793237971391,0.5723421262989609,0.7089108910891089,0.0,0.0,0.0,0.7223348977821842,0.8268156424581006,0.0,0.0
HI-Small,ablation-redraw,44,3753,1251,0.9310793237971391,0.5723421262989609,0.708910891089109,0.0,0.0,1.1102230246251565e-16,0.9310793237971391,0.5723421262989609,0.7089108910891089,0.0,0.0,0.0,0.7223348977821842,0.8268156424581006,0.0,0.0
HI-Small,ablation-redraw,45,3753,1251,0.9310793237971391,0.5723421262989609,0.708910891089109,0.0,0.0,1.1102230246251565e-16,0.9310793237971391,0.5723421262989609,0.7089108910891089,0.0,0.0,0.0,0.7223348977821842,0.8268156424581006,0.0,0.0
HI-Small,ablation-redraw,46,3753,1251,0.9310793237971391,0.5723421262989609,0.708910891089109,0.0,0.0,1.1102230246251565e-16,0.9310793237971391,0.5723421262989609,0.7089108910891089,0.0,0.0,0.0,0.7223348977821842,0.8268156424581006,0.0,0.0
HI-Small,ablation-redraw,47,3753,1251,0.9310793237971391,0.5723421262989609,0.708910891089109,0.0,0.0,1.1102230246251565e-16,0.9310793237971391,0.5723421262989609,0.7089108910891089,0.0,0.0,0.0,0.7223348977821842,0.8268156424581006,0.0,0.0
HI-Small,ablation-redraw,48,3753,1251,0.9310793237971391,0.5723421262989609,0.708910891089109,0.0,0.0,1.1102230246251565e-16,0.9310793237971391,0.5723421262989609,0.7089108910891089,0.0,0.0,0.0,0.7223348977821842,0.8268156424581006,0.0,0.0
HI-Small,ablation-redraw,49,3753,1251,0.9310793237971391,0.5723421262989609,0.708910891089109,0.0,0.0,1.1102230246251565e-16,0.9310793237971391,0.5723421262989609,0.7089108910891089,0.0,0.0,0.0,0.7223348977821842,0.8268156424581006,0.0,0.0
LI-Small,B1_random_uniform,0,2268,3,0.0,0.0,0.0,0.7407407407407407,0.18518518518518517,0.2962962962962963,0.0,0.0,0.0,0.7407407407407407,0.18518518518518517,0.2962962962962963,0.0,0.0,0.646455199646689,0.8142857142857143
LI-Small,B1_random_uniform,1,2268,3,0.0,0.0,0.0,0.7407407407407407,0.18518518518518517,0.2962962962962963,0.0,0.0,0.0,0.7407407407407407,0.18518518518518517,0.2962962962962963,0.0,0.0,0.646455199646689,0.8142857142857143
LI-Small,B1_random_uniform,2,2268,1,0.0,0.0,0.0,0.7407407407407407,0.18518518518518517,0.2962962962962963,0.0,0.0,0.0,0.7407407407407407,0.18518518518518517,0.2962962962962963,0.0,0.0,0.646455199646689,0.8142857142857143
LI-Small,B1_random_uniform,3,2268,0,0.0,0.0,0.0,0.7407407407407407,0.18518518518518517,0.2962962962962963,0.0,0.0,0.0,0.7407407407407407,0.18518518518518517,0.2962962962962963,0.0,0.0,0.646455199646689,0.8142857142857143
LI-Small,B1_random_uniform,4,2268,1,1.0,1.0,1.0,0.2592592592592593,0.8148148148148149,0.7037037037037037,1.0,1.0,1.0,0.2592592592592593,0.8148148148148149,0.7037037037037037,1.0,1.0,0.35354480035331104,0.18571428571428572
LI-Small,B1_random_uniform,5,2268,1,1.0,1.0,1.0,0.2592592592592593,0.8148148148148149,0.7037037037037037,1.0,1.0,1.0,0.2592592592592593,0.8148148148148149,0.7037037037037037,1.0,1.0,0.35354480035331104,0.18571428571428572
LI-Small,B1_random_uniform,6,2268,1,0.0,0.0,0.0,0.7407407407407407,0.18518518518518517,0.2962962962962963,0.0,0.0,0.0,0.7407407407407407,0.18518518518518517,0.2962962962962963,0.0,0.0,0.646455199646689,0.8142857142857143
LI-Small,B1_random_uniform,7,2268,0,0.0,0.0,0.0,0.7407407407407407,0.18518518518518517,0.2962962962962963,0.0,0.0,0.0,0.7407407407407407,0.18518518518518517,0.2962962962962963,0.0,0.0,0.646455199646689,0.8142857142857143
LI-Small,B1_random_uniform,8,2268,1,0.0,0.0,0.0,0.7407407407407407,0.18518518518518517,0.2962962962962963,0.0,0.0,0.0,0.7407407407407407,0.18518518518518517,0.2962962962962963,0.0,0.0,0.646455199646689,0.8142857142857143
LI-Small,B1_random_uniform,9,2268,1,0.0,0.0,0.0,0.7407407407407407,0.18518518518518517,0.2962962962962963,0.0,0.0,0.0,0.7407407407407407,0.18518518518518517,0.2962962962962963,0.0,0.0,0.646455199646689,0.8142857142857143
LI-Small,B1_random_uniform,10,2268,0,0.0,0.0,0.0,0.7407407407407407,0.18518518518518517,0.2962962962962963,0.0,0.0,0.0,0.7407407407407407,0.18518518518518517,0.2962962962962963,0.0,0.0,0.646455199646689,0.8142857142857143
LI-Small,B1_random_uniform,11,2268,1,1.0,1.0,1.0,0.2592592592592593,0.8148148148148149,0.7037037037037037,1.0,1.0,1.0,0.2592592592592593,0.8148148148148149,0.7037037037037037,1.0,1.0,0.35354480035331104,0.18571428571428572
LI-Small,B1_random_uniform,12,2268,2,0.0,0.0,0.0,0.7407407407407407,0.18518518518518517,0.2962962962962963,0.0,0.0,0.0,0.7407407407407407,0.18518518518518517,0.2962962962962963,0.0,0.0,0.646455199646689,0.8142857142857143
LI-Small,B1_random_uniform,13,2268,3,1.0,0.3333333333333333,0.5,0.2592592592592593,0.14814814814814814,0.20370370370370372,1.0,0.3333333333333333,0.5,0.2592592592592593,0.14814814814814814,0.20370370370370372,1.0,1.0,0.35354480035331104,0.18571428571428572
LI-Small,B1_random_uniform,14,2268,1,0.0,0.0,0.0,0.7407407407407407,0.18518518518518517,0.2962962962962963,0.0,0.0,0.0,0.7407407407407407,0.18518518518518517,0.2962962962962963,0.0,0.0,0.646455199646689,0.8142857142857143
LI-Small,B1_random_uniform,15,2268,2,0.0,0.0,0.0,0.7407407407407407,0.18518518518518517,0.2962962962962963,0.0,0.0,0.0,0.7407407407407407,0.18518518518518517,0.2962962962962963,0.0,0.0,0.646455199646689,0.8142857142857143
LI-Small,B1_random_uniform,16,2268,2,0.0,0.0,0.0,0.7407407407407407,0.18518518518518517,0.2962962962962963,0.0,0.0,0.0,0.7407407407407407,0.18518518518518517,0.2962962962962963,0.0,0.0,0.646455199646689,0.8142857142857143
LI-Small,B1_random_uniform,17,2268,1,1.0,1.0,1.0,0.2592592592592593,0.8148148148148149,0.7037037037037037,1.0,1.0,1.0,0.2592592592592593,0.8148148148148149,0.7037037037037037,1.0,1.0,0.35354480035331104,0.18571428571428572
LI-Small,B1_random_uniform,18,2268,2,0.0,0.0,0.0,0.7407407407407407,0.18518518518518517,0.2962962962962963,0.0,0.0,0.0,0.7407407407407407,0.18518518518518517,0.2962962962962963,0.0,0.0,0.646455199646689,0.8142857142857143
LI-Small,B1_random_uniform,19,2268,1,0.0,0.0,0.0,0.7407407407407407,0.18518518518518517,0.2962962962962963,0.0,0.0,0.0,0.7407407407407407,0.18518518518518517,0.2962962962962963,0.0,0.0,0.646455199646689,0.8142857142857143
LI-Small,B1_random_uniform,20,2268,1,0.5,1.0,0.6666666666666666,0.2407407407407407,0.8148148148148149,0.37037037037037035,0.5,1.0,0.6666666666666666,0.2407407407407407,0.8148148148148149,0.37037037037037035,1.0,1.0,0.35354480035331104,0.18571428571428572
LI-Small,B1_random_uniform,21,2268,0,0.0,0.0,0.0,0.7407407407407407,0.18518518518518517,0.2962962962962963,0.0,0.0,0.0,0.7407407407407407,0.18518518518518517,0.2962962962962963,0.0,0.0,0.646455199646689,0.8142857142857143
LI-Small,B1_random_uniform,22,2268,0,0.0,0.0,0.0,0.7407407407407407,0.18518518518518517,0.2962962962962963,0.0,0.0,0.0,0.7407407407407407,0.18518518518518517,0.2962962962962963,0.0,0.0,0.646455199646689,0.8142857142857143
LI-Small,B1_random_uniform,23,2268,2,0.0,0.0,0.0,0.7407407407407407,0.18518518518518517,0.2962962962962963,0.0,0.0,0.0,0.7407407407407407,0.18518518518518517,0.2962962962962963,0.0,0.0,0.646455199646689,0.8142857142857143
LI-Small,B1_random_uniform,24,2268,1,1.0,1.0,1.0,0.2592592592592593,0.8148148148148149,0.7037037037037037,1.0,1.0,1.0,0.2592592592592593,0.8148148148148149,0.7037037037037037,0.0,0.0,0.646455199646689,0.8142857142857143
LI-Small,B1_random_uniform,25,2268,0,0.0,0.0,0.0,0.7407407407407407,0.18518518518518517,0.2962962962962963,0.0,0.0,0.0,0.7407407407407407,0.18518518518518517,0.2962962962962963,0.0,0.0,0.646455199646689,0.8142857142857143
LI-Small,B1_random_uniform,26,2268,2,0.0,0.0,0.0,0.7407407407407407,0.18518518518518517,0.2962962962962963,0.0,0.0,0.0,0.7407407407407407,0.18518518518518517,0.2962962962962963,0.0,0.0,0.646455199646689,0.8142857142857143
LI-Small,B1_random_uniform,27,2268,0,0.0,0.0,0.0,0.7407407407407407,0.18518518518518517,0.2962962962962963,0.0,0.0,0.0,0.7407407407407407,0.18518518518518517,0.2962962962962963,0.0,0.0,0.646455199646689,0.8142857142857143
LI-Small,B1_random_uniform,28,2268,1,0.0,0.0,0.0,0.7407407407407407,0.18518518518518517,0.2962962962962963,0.0,0.0,0.0,0.7407407407407407,0.18518518518518517,0.2962962962962963,0.0,0.0,0.646455199646689,0.8142857142857143
LI-Small,B1_random_uniform,29,2268,3,1.0,0.3333333333333333,0.5,0.2592592592592593,0.14814814814814814,0.20370370370370372,1.0,0.3333333333333333,0.5,0.2592592592592593,0.14814814814814814,0.20370370370370372,0.0,0.0,0.646455199646689,0.8142857142857143
LI-Small,B1_random_uniform,30,2268,2,1.0,1.0,1.0,0.2592592592592593,0.8148148148148149,0.7037037037037037,1.0,1.0,1.0,0.2592592592592593,0.8148148148148149,0.7037037037037037,1.0,1.0,0.35354480035331104,0.18571428571428572
LI-Small,B1_random_uniform,31,2268,0,0.0,0.0,0.0,0.7407407407407407,0.18518518518518517,0.2962962962962963,0.0,0.0,0.0,0.7407407407407407,0.18518518518518517,0.2962962962962963,0.0,0.0,0.646455199646689,0.8142857142857143
LI-Small,B1_random_uniform,32,2268,1,0.0,0.0,0.0,0.7407407407407407,0.18518518518518517,0.2962962962962963,0.0,0.0,0.0,0.7407407407407407,0.18518518518518517,0.2962962962962963,0.0,0.0,0.646455199646689,0.8142857142857143
LI-Small,B1_random_uniform,33,2268,3,0.0,0.0,0.0,0.7407407407407407,0.18518518518518517,0.2962962962962963,0.0,0.0,0.0,0.7407407407407407,0.18518518518518517,0.2962962962962963,0.0,0.0,0.646455199646689,0.8142857142857143
LI-Small,B1_random_uniform,34,2268,0,0.0,0.0,0.0,0.7407407407407407,0.18518518518518517,0.2962962962962963,0.0,0.0,0.0,0.7407407407407407,0.18518518518518517,0.2962962962962963,0.0,0.0,0.646455199646689,0.8142857142857143
LI-Small,B1_random_uniform,35,2268,1,1.0,1.0,1.0,0.2592592592592593,0.8148148148148149,0.7037037037037037,1.0,1.0,1.0,0.2592592592592593,0.8148148148148149,0.7037037037037037,0.0,0.0,0.646455199646689,0.8142857142857143
LI-Small,B1_random_uniform,36,2268,1,0.0,0.0,0.0,0.7407407407407407,0.18518518518518517,0.2962962962962963,0.0,0.0,0.0,0.7407407407407407,0.18518518518518517,0.2962962962962963,0.0,0.0,0.646455199646689,0.8142857142857143
LI-Small,B1_random_uniform,37,2268,0,0.0,0.0,0.0,0.7407407407407407,0.18518518518518517,0.2962962962962963,0.0,0.0,0.0,0.7407407407407407,0.18518518518518517,0.2962962962962963,0.0,0.0,0.646455199646689,0.8142857142857143
LI-Small,B1_random_uniform,38,2268,0,0.0,0.0,0.0,0.7407407407407407,0.18518518518518517,0.2962962962962963,0.0,0.0,0.0,0.7407407407407407,0.18518518518518517,0.2962962962962963,0.0,0.0,0.646455199646689,0.8142857142857143
LI-Small,B1_random_uniform,39,2268,0,0.0,0.0,0.0,0.7407407407407407,0.18518518518518517,0.2962962962962963,0.0,0.0,0.0,0.7407407407407407,0.18518518518518517,0.2962962962962963,0.0,0.0,0.646455199646689,0.8142857142857143
LI-Small,B1_random_uniform,40,2268,0,0.0,0.0,0.0,0.7407407407407407,0.18518518518518517,0.2962962962962963,0.0,0.0,0.0,0.7407407407407407,0.18518518518518517,0.2962962962962963,0.0,0.0,0.646455199646689,0.8142857142857143
LI-Small,B1_random_uniform,41,2268,0,0.0,0.0,0.0,0.7407407407407407,0.18518518518518517,0.2962962962962963,0.0,0.0,0.0,0.7407407407407407,0.18518518518518517,0.2962962962962963,0.0,0.0,0.646455199646689,0.8142857142857143
LI-Small,B1_random_uniform,42,2268,3,0.0,0.0,0.0,0.7407407407407407,0.18518518518518517,0.2962962962962963,0.0,0.0,0.0,0.7407407407407407,0.18518518518518517,0.2962962962962963,0.0,0.0,0.646455199646689,0.8142857142857143
LI-Small,B1_random_uniform,43,2268,1,0.0,0.0,0.0,0.7407407407407407,0.18518518518518517,0.2962962962962963,0.0,0.0,0.0,0.7407407407407407,0.18518518518518517,0.2962962962962963,0.0,0.0,0.646455199646689,0.8142857142857143
LI-Small,B1_random_uniform,44,2268,3,1.0,0.3333333333333333,0.5,0.2592592592592593,0.14814814814814814,0.20370370370370372,1.0,0.3333333333333333,0.5,0.2592592592592593,0.14814814814814814,0.20370370370370372,1.0,1.0,0.35354480035331104,0.18571428571428572
LI-Small,B1_random_uniform,45,2268,0,0.0,0.0,0.0,0.7407407407407407,0.18518518518518517,0.2962962962962963,0.0,0.0,0.0,0.7407407407407407,0.18518518518518517,0.2962962962962963,0.0,0.0,0.646455199646689,0.8142857142857143
LI-Small,B1_random_uniform,46,2268,0,0.0,0.0,0.0,0.7407407407407407,0.18518518518518517,0.2962962962962963,0.0,0.0,0.0,0.7407407407407407,0.18518518518518517,0.2962962962962963,0.0,0.0,0.646455199646689,0.8142857142857143
LI-Small,B1_random_uniform,47,2268,1,0.0,0.0,0.0,0.7407407407407407,0.18518518518518517,0.2962962962962963,0.0,0.0,0.0,0.7407407407407407,0.18518518518518517,0.2962962962962963,0.0,0.0,0.646455199646689,0.8142857142857143
LI-Small,B1_random_uniform,48,2268,1,0.0,0.0,0.0,0.7407407407407407,0.18518518518518517,0.2962962962962963,0.0,0.0,0.0,0.7407407407407407,0.18518518518518517,0.2962962962962963,0.0,0.0,0.646455199646689,0.8142857142857143
LI-Small,B1_random_uniform,49,2268,2,0.0,0.0,0.0,0.7407407407407407,0.18518518518518517,0.2962962962962963,0.0,0.0,0.0,0.7407407407407407,0.18518518518518517,0.2962962962962963,0.0,0.0,0.646455199646689,0.8142857142857143
LI-Small,B2_stratified_proportional,0,2268,1,1.0,1.0,1.0,0.2592592592592593,0.8148148148148149,0.7037037037037037,1.0,1.0,1.0,0.2592592592592593,0.8148148148148149,0.7037037037037037,1.0,1.0,0.35354480035331104,0.18571428571428572
LI-Small,B2_stratified_proportional,1,2268,1,0.0,0.0,0.0,0.7407407407407407,0.18518518518518517,0.2962962962962963,0.0,0.0,0.0,0.7407407407407407,0.18518518518518517,0.2962962962962963,0.0,0.0,0.646455199646689,0.8142857142857143
LI-Small,B2_stratified_proportional,2,2268,1,1.0,1.0,1.0,0.2592592592592593,0.8148148148148149,0.7037037037037037,1.0,1.0,1.0,0.2592592592592593,0.8148148148148149,0.7037037037037037,1.0,1.0,0.35354480035331104,0.18571428571428572
LI-Small,B2_stratified_proportional,3,2268,1,0.0,0.0,0.0,0.7407407407407407,0.18518518518518517,0.2962962962962963,0.0,0.0,0.0,0.7407407407407407,0.18518518518518517,0.2962962962962963,0.0,0.0,0.646455199646689,0.8142857142857143
LI-Small,B2_stratified_proportional,4,2268,1,0.0,0.0,0.0,0.7407407407407407,0.18518518518518517,0.2962962962962963,0.0,0.0,0.0,0.7407407407407407,0.18518518518518517,0.2962962962962963,0.0,0.0,0.646455199646689,0.8142857142857143
LI-Small,B2_stratified_proportional,5,2268,1,0.0,0.0,0.0,0.7407407407407407,0.18518518518518517,0.2962962962962963,0.0,0.0,0.0,0.7407407407407407,0.18518518518518517,0.2962962962962963,0.0,0.0,0.646455199646689,0.8142857142857143
LI-Small,B2_stratified_proportional,6,2268,1,1.0,1.0,1.0,0.2592592592592593,0.8148148148148149,0.7037037037037037,1.0,1.0,1.0,0.2592592592592593,0.8148148148148149,0.7037037037037037,0.0,0.0,0.646455199646689,0.8142857142857143
LI-Small,B2_stratified_proportional,7,2268,1,0.0,0.0,0.0,0.7407407407407407,0.18518518518518517,0.2962962962962963,0.0,0.0,0.0,0.7407407407407407,0.18518518518518517,0.2962962962962963,0.0,0.0,0.646455199646689,0.8142857142857143
LI-Small,B2_stratified_proportional,8,2268,1,0.0,0.0,0.0,0.7407407407407407,0.18518518518518517,0.2962962962962963,0.0,0.0,0.0,0.7407407407407407,0.18518518518518517,0.2962962962962963,0.0,0.0,0.646455199646689,0.8142857142857143
LI-Small,B2_stratified_proportional,9,2268,1,0.0,0.0,0.0,0.7407407407407407,0.18518518518518517,0.2962962962962963,0.0,0.0,0.0,0.7407407407407407,0.18518518518518517,0.2962962962962963,0.0,0.0,0.646455199646689,0.8142857142857143
LI-Small,B2_stratified_proportional,10,2268,1,0.0,0.0,0.0,0.7407407407407407,0.18518518518518517,0.2962962962962963,0.0,0.0,0.0,0.7407407407407407,0.18518518518518517,0.2962962962962963,0.0,0.0,0.646455199646689,0.8142857142857143
LI-Small,B2_stratified_proportional,11,2268,1,1.0,1.0,1.0,0.2592592592592593,0.8148148148148149,0.7037037037037037,1.0,1.0,1.0,0.2592592592592593,0.8148148148148149,0.7037037037037037,1.0,1.0,0.35354480035331104,0.18571428571428572
LI-Small,B2_stratified_proportional,12,2268,1,1.0,1.0,1.0,0.2592592592592593,0.8148148148148149,0.7037037037037037,1.0,1.0,1.0,0.2592592592592593,0.8148148148148149,0.7037037037037037,1.0,1.0,0.35354480035331104,0.18571428571428572
LI-Small,B2_stratified_proportional,13,2268,1,1.0,1.0,1.0,0.2592592592592593,0.8148148148148149,0.7037037037037037,1.0,1.0,1.0,0.2592592592592593,0.8148148148148149,0.7037037037037037,1.0,1.0,0.35354480035331104,0.18571428571428572
LI-Small,B2_stratified_proportional,14,2268,1,1.0,1.0,1.0,0.2592592592592593,0.8148148148148149,0.7037037037037037,1.0,1.0,1.0,0.2592592592592593,0.8148148148148149,0.7037037037037037,1.0,1.0,0.35354480035331104,0.18571428571428572
LI-Small,B2_stratified_proportional,15,2268,1,1.0,1.0,1.0,0.2592592592592593,0.8148148148148149,0.7037037037037037,1.0,1.0,1.0,0.2592592592592593,0.8148148148148149,0.7037037037037037,1.0,1.0,0.35354480035331104,0.18571428571428572
LI-Small,B2_stratified_proportional,16,2268,1,0.0,0.0,0.0,0.7407407407407407,0.18518518518518517,0.2962962962962963,0.0,0.0,0.0,0.7407407407407407,0.18518518518518517,0.2962962962962963,0.0,0.0,0.646455199646689,0.8142857142857143
LI-Small,B2_stratified_proportional,17,2268,1,0.0,0.0,0.0,0.7407407407407407,0.18518518518518517,0.2962962962962963,0.0,0.0,0.0,0.7407407407407407,0.18518518518518517,0.2962962962962963,0.0,0.0,0.646455199646689,0.8142857142857143
LI-Small,B2_stratified_proportional,18,2268,1,0.0,0.0,0.0,0.7407407407407407,0.18518518518518517,0.2962962962962963,0.0,0.0,0.0,0.7407407407407407,0.18518518518518517,0.2962962962962963,0.0,0.0,0.646455199646689,0.8142857142857143
LI-Small,B2_stratified_proportional,19,2268,1,0.0,0.0,0.0,0.7407407407407407,0.18518518518518517,0.2962962962962963,0.0,0.0,0.0,0.7407407407407407,0.18518518518518517,0.2962962962962963,0.0,0.0,0.646455199646689,0.8142857142857143
LI-Small,B2_stratified_proportional,20,2268,1,0.0,0.0,0.0,0.7407407407407407,0.18518518518518517,0.2962962962962963,0.0,0.0,0.0,0.7407407407407407,0.18518518518518517,0.2962962962962963,0.0,0.0,0.646455199646689,0.8142857142857143
LI-Small,B2_stratified_proportional,21,2268,1,0.0,0.0,0.0,0.7407407407407407,0.18518518518518517,0.2962962962962963,0.0,0.0,0.0,0.7407407407407407,0.18518518518518517,0.2962962962962963,0.0,0.0,0.646455199646689,0.8142857142857143
LI-Small,B2_stratified_proportional,22,2268,1,0.0,0.0,0.0,0.7407407407407407,0.18518518518518517,0.2962962962962963,0.0,0.0,0.0,0.7407407407407407,0.18518518518518517,0.2962962962962963,0.0,0.0,0.646455199646689,0.8142857142857143
LI-Small,B2_stratified_proportional,23,2268,1,0.0,0.0,0.0,0.7407407407407407,0.18518518518518517,0.2962962962962963,0.0,0.0,0.0,0.7407407407407407,0.18518518518518517,0.2962962962962963,0.0,0.0,0.646455199646689,0.8142857142857143
LI-Small,B2_stratified_proportional,24,2268,1,1.0,1.0,1.0,0.2592592592592593,0.8148148148148149,0.7037037037037037,1.0,1.0,1.0,0.2592592592592593,0.8148148148148149,0.7037037037037037,0.0,0.0,0.646455199646689,0.8142857142857143
LI-Small,B2_stratified_proportional,25,2268,1,0.0,0.0,0.0,0.7407407407407407,0.18518518518518517,0.2962962962962963,0.0,0.0,0.0,0.7407407407407407,0.18518518518518517,0.2962962962962963,0.0,0.0,0.646455199646689,0.8142857142857143
LI-Small,B2_stratified_proportional,26,2268,1,1.0,1.0,1.0,0.2592592592592593,0.8148148148148149,0.7037037037037037,1.0,1.0,1.0,0.2592592592592593,0.8148148148148149,0.7037037037037037,1.0,1.0,0.35354480035331104,0.18571428571428572
LI-Small,B2_stratified_proportional,27,2268,1,0.0,0.0,0.0,0.7407407407407407,0.18518518518518517,0.2962962962962963,0.0,0.0,0.0,0.7407407407407407,0.18518518518518517,0.2962962962962963,0.0,0.0,0.646455199646689,0.8142857142857143
LI-Small,B2_stratified_proportional,28,2268,1,0.0,0.0,0.0,0.7407407407407407,0.18518518518518517,0.2962962962962963,0.0,0.0,0.0,0.7407407407407407,0.18518518518518517,0.2962962962962963,0.0,0.0,0.646455199646689,0.8142857142857143
LI-Small,B2_stratified_proportional,29,2268,1,0.0,0.0,0.0,0.7407407407407407,0.18518518518518517,0.2962962962962963,0.0,0.0,0.0,0.7407407407407407,0.18518518518518517,0.2962962962962963,0.0,0.0,0.646455199646689,0.8142857142857143
LI-Small,B2_stratified_proportional,30,2268,1,0.0,0.0,0.0,0.7407407407407407,0.18518518518518517,0.2962962962962963,0.0,0.0,0.0,0.7407407407407407,0.18518518518518517,0.2962962962962963,0.0,0.0,0.646455199646689,0.8142857142857143
LI-Small,B2_stratified_proportional,31,2268,1,1.0,1.0,1.0,0.2592592592592593,0.8148148148148149,0.7037037037037037,1.0,1.0,1.0,0.2592592592592593,0.8148148148148149,0.7037037037037037,0.0,0.0,0.646455199646689,0.8142857142857143
LI-Small,B2_stratified_proportional,32,2268,1,0.0,0.0,0.0,0.7407407407407407,0.18518518518518517,0.2962962962962963,0.0,0.0,0.0,0.7407407407407407,0.18518518518518517,0.2962962962962963,0.0,0.0,0.646455199646689,0.8142857142857143
LI-Small,B2_stratified_proportional,33,2268,1,1.0,1.0,1.0,0.2592592592592593,0.8148148148148149,0.7037037037037037,1.0,1.0,1.0,0.2592592592592593,0.8148148148148149,0.7037037037037037,1.0,1.0,0.35354480035331104,0.18571428571428572
LI-Small,B2_stratified_proportional,34,2268,1,1.0,1.0,1.0,0.2592592592592593,0.8148148148148149,0.7037037037037037,1.0,1.0,1.0,0.2592592592592593,0.8148148148148149,0.7037037037037037,0.0,0.0,0.646455199646689,0.8142857142857143
LI-Small,B2_stratified_proportional,35,2268,1,0.5,1.0,0.6666666666666666,0.2407407407407407,0.8148148148148149,0.37037037037037035,0.5,1.0,0.6666666666666666,0.2407407407407407,0.8148148148148149,0.37037037037037035,1.0,1.0,0.35354480035331104,0.18571428571428572
LI-Small,B2_stratified_proportional,36,2268,1,0.0,0.0,0.0,0.7407407407407407,0.18518518518518517,0.2962962962962963,0.0,0.0,0.0,0.7407407407407407,0.18518518518518517,0.2962962962962963,0.0,0.0,0.646455199646689,0.8142857142857143
LI-Small,B2_stratified_proportional,37,2268,1,0.0,0.0,0.0,0.7407407407407407,0.18518518518518517,0.2962962962962963,0.0,0.0,0.0,0.7407407407407407,0.18518518518518517,0.2962962962962963,0.0,0.0,0.646455199646689,0.8142857142857143
LI-Small,B2_stratified_proportional,38,2268,1,0.0,0.0,0.0,0.7407407407407407,0.18518518518518517,0.2962962962962963,0.0,0.0,0.0,0.7407407407407407,0.18518518518518517,0.2962962962962963,0.0,0.0,0.646455199646689,0.8142857142857143
LI-Small,B2_stratified_proportional,39,2268,1,1.0,1.0,1.0,0.2592592592592593,0.8148148148148149,0.7037037037037037,1.0,1.0,1.0,0.2592592592592593,0.8148148148148149,0.7037037037037037,1.0,1.0,0.35354480035331104,0.18571428571428572
LI-Small,B2_stratified_proportional,40,2268,1,0.0,0.0,0.0,0.7407407407407407,0.18518518518518517,0.2962962962962963,0.0,0.0,0.0,0.7407407407407407,0.18518518518518517,0.2962962962962963,0.0,0.0,0.646455199646689,0.8142857142857143
LI-Small,B2_stratified_proportional,41,2268,1,0.0,0.0,0.0,0.7407407407407407,0.18518518518518517,0.2962962962962963,0.0,0.0,0.0,0.7407407407407407,0.18518518518518517,0.2962962962962963,0.0,0.0,0.646455199646689,0.8142857142857143
LI-Small,B2_stratified_proportional,42,2268,1,1.0,1.0,1.0,0.2592592592592593,0.8148148148148149,0.7037037037037037,1.0,1.0,1.0,0.2592592592592593,0.8148148148148149,0.7037037037037037,1.0,1.0,0.35354480035331104,0.18571428571428572
LI-Small,B2_stratified_proportional,43,2268,1,0.0,0.0,0.0,0.7407407407407407,0.18518518518518517,0.2962962962962963,0.0,0.0,0.0,0.7407407407407407,0.18518518518518517,0.2962962962962963,0.0,0.0,0.646455199646689,0.8142857142857143
LI-Small,B2_stratified_proportional,44,2268,1,0.0,0.0,0.0,0.7407407407407407,0.18518518518518517,0.2962962962962963,0.0,0.0,0.0,0.7407407407407407,0.18518518518518517,0.2962962962962963,0.0,0.0,0.646455199646689,0.8142857142857143
LI-Small,B2_stratified_proportional,45,2268,1,1.0,1.0,1.0,0.2592592592592593,0.8148148148148149,0.7037037037037037,1.0,1.0,1.0,0.2592592592592593,0.8148148148148149,0.7037037037037037,1.0,1.0,0.35354480035331104,0.18571428571428572
LI-Small,B2_stratified_proportional,46,2268,1,0.0,0.0,0.0,0.7407407407407407,0.18518518518518517,0.2962962962962963,0.0,0.0,0.0,0.7407407407407407,0.18518518518518517,0.2962962962962963,0.0,0.0,0.646455199646689,0.8142857142857143
LI-Small,B2_stratified_proportional,47,2268,1,0.0,0.0,0.0,0.7407407407407407,0.18518518518518517,0.2962962962962963,0.0,0.0,0.0,0.7407407407407407,0.18518518518518517,0.2962962962962963,0.0,0.0,0.646455199646689,0.8142857142857143
LI-Small,B2_stratified_proportional,48,2268,1,0.0,0.0,0.0,0.7407407407407407,0.18518518518518517,0.2962962962962963,0.0,0.0,0.0,0.7407407407407407,0.18518518518518517,0.2962962962962963,0.0,0.0,0.646455199646689,0.8142857142857143
LI-Small,B2_stratified_proportional,49,2268,1,0.0,0.0,0.0,0.7407407407407407,0.18518518518518517,0.2962962962962963,0.0,0.0,0.0,0.7407407407407407,0.18518518518518517,0.2962962962962963,0.0,0.0,0.646455199646689,0.8142857142857143
LI-Small,B3_keep_ill_no_iw,0,2268,756,1.0,0.18518518518518517,0.3125,0.2592592592592593,0.0,0.01620370370370372,1.0,0.18518518518518517,0.3125,0.2592592592592593,0.0,0.01620370370370372,0.646455199646689,0.8142857142857143,0.0,0.0
LI-Small,B3_keep_ill_no_iw,1,2268,756,1.0,0.18518518518518517,0.3125,0.2592592592592593,0.0,0.01620370370370372,1.0,0.18518518518518517,0.3125,0.2592592592592593,0.0,0.01620370370370372,0.646455199646689,0.8142857142857143,0.0,0.0
LI-Small,B3_keep_ill_no_iw,2,2268,756,1.0,0.18518518518518517,0.3125,0.2592592592592593,0.0,0.01620370370370372,1.0,0.18518518518518517,0.3125,0.2592592592592593,0.0,0.01620370370370372,0.646455199646689,0.8142857142857143,0.0,0.0
LI-Small,B3_keep_ill_no_iw,3,2268,756,0.9929078014184397,0.18518518518518517,0.31215161649944256,0.252167060677699,0.0,0.015855320203146284,0.9929078014184397,0.18518518518518517,0.31215161649944256,0.252167060677699,0.0,0.015855320203146284,0.646455199646689,0.8142857142857143,0.0,0.0
LI-Small,B3_keep_ill_no_iw,4,2268,756,1.0,0.18518518518518517,0.3125,0.2592592592592593,0.0,0.01620370370370372,1.0,0.18518518518518517,0.3125,0.2592592592592593,0.0,0.01620370370370372,0.646455199646689,0.8142857142857143,0.0,0.0
LI-Small,B3_keep_ill_no_iw,5,2268,756,1.0,0.18518518518518517,0.3125,0.2592592592592593,0.0,0.01620370370370372,1.0,0.18518518518518517,0.3125,0.2592592592592593,0.0,0.01620370370370372,0.646455199646689,0.8142857142857143,0.0,0.0
LI-Small,B3_keep_ill_no_iw,6,2268,756,1.0,0.18518518518518517,0.3125,0.2592592592592593,0.0,0.01620370370370372,1.0,0.18518518518518517,0.3125,0.2592592592592593,0.0,0.01620370370370372,0.646455199646689,0.8142857142857143,0.0,0.0
LI-Small,B3_keep_ill_no_iw,7,2268,756,1.0,0.18518518518518517,0.3125,0.2592592592592593,0.0,0.01620370370370372,1.0,0.18518518518518517,0.3125,0.2592592592592593,0.0,0.01620370370370372,0.646455199646689,0.8142857142857143,0.0,0.0
LI-Small,B3_keep_ill_no_iw,8,2268,756,1.0,0.18518518518518517,0.3125,0.2592592592592593,0.0,0.01620370370370372,1.0,0.18518518518518517,0.3125,0.2592592592592593,0.0,0.01620370370370372,0.646455199646689,0.8142857142857143,0.0,0.0
LI-Small,B3_keep_ill_no_iw,9,2268,756,1.0,0.18518518518518517,0.3125,0.2592592592592593,0.0,0.01620370370370372,1.0,0.18518518518518517,0.3125,0.2592592592592593,0.0,0.01620370370370372,0.646455199646689,0.8142857142857143,0.0,0.0
LI-Small,B3_keep_ill_no_iw,10,2268,756,1.0,0.18518518518518517,0.3125,0.2592592592592593,0.0,0.01620370370370372,1.0,0.18518518518518517,0.3125,0.2592592592592593,0.0,0.01620370370370372,0.646455199646689,0.8142857142857143,0.0,0.0
LI-Small,B3_keep_ill_no_iw,11,2268,756,1.0,0.18518518518518517,0.3125,0.2592592592592593,0.0,0.01620370370370372,1.0,0.18518518518518517,0.3125,0.2592592592592593,0.0,0.01620370370370372,0.646455199646689,0.8142857142857143,0.0,0.0
LI-Small,B3_keep_ill_no_iw,12,2268,756,1.0,0.18518518518518517,0.3125,0.2592592592592593,0.0,0.01620370370370372,1.0,0.18518518518518517,0.3125,0.2592592592592593,0.0,0.01620370370370372,0.646455199646689,0.8142857142857143,0.0,0.0
LI-Small,B3_keep_ill_no_iw,13,2268,756,1.0,0.18518518518518517,0.3125,0.2592592592592593,0.0,0.01620370370370372,1.0,0.18518518518518517,0.3125,0.2592592592592593,0.0,0.01620370370370372,0.646455199646689,0.8142857142857143,0.0,0.0
LI-Small,B3_keep_ill_no_iw,14,2268,756,1.0,0.18518518518518517,0.3125,0.2592592592592593,0.0,0.01620370370370372,1.0,0.18518518518518517,0.3125,0.2592592592592593,0.0,0.01620370370370372,0.646455199646689,0.8142857142857143,0.0,0.0
LI-Small,B3_keep_ill_no_iw,15,2268,756,0.9929078014184397,0.18518518518518517,0.31215161649944256,0.252167060677699,0.0,0.015855320203146284,0.9929078014184397,0.18518518518518517,0.31215161649944256,0.252167060677699,0.0,0.015855320203146284,0.646455199646689,0.8142857142857143,0.0,0.0
LI-Small,B3_keep_ill_no_iw,16,2268,756,1.0,0.18518518518518517,0.3125,0.2592592592592593,0.0,0.01620370370370372,1.0,0.18518518518518517,0.3125,0.2592592592592593,0.0,0.01620370370370372,0.646455199646689,0.8142857142857143,0.0,0.0
LI-Small,B3_keep_ill_no_iw,17,2268,756,1.0,0.18518518518518517,0.3125,0.2592592592592593,0.0,0.01620370370370372,1.0,0.18518518518518517,0.3125,0.2592592592592593,0.0,0.01620370370370372,0.646455199646689,0.8142857142857143,0.0,0.0
LI-Small,B3_keep_ill_no_iw,18,2268,756,1.0,0.18518518518518517,0.3125,0.2592592592592593,0.0,0.01620370370370372,1.0,0.18518518518518517,0.3125,0.2592592592592593,0.0,0.01620370370370372,0.646455199646689,0.8142857142857143,0.0,0.0
LI-Small,B3_keep_ill_no_iw,19,2268,756,1.0,0.18518518518518517,0.3125,0.2592592592592593,0.0,0.01620370370370372,1.0,0.18518518518518517,0.3125,0.2592592592592593,0.0,0.01620370370370372,0.646455199646689,0.8142857142857143,0.0,0.0
LI-Small,B3_keep_ill_no_iw,20,2268,756,1.0,0.18518518518518517,0.3125,0.2592592592592593,0.0,0.01620370370370372,1.0,0.18518518518518517,0.3125,0.2592592592592593,0.0,0.01620370370370372,0.646455199646689,0.8142857142857143,0.0,0.0
LI-Small,B3_keep_ill_no_iw,21,2268,756,1.0,0.18518518518518517,0.3125,0.2592592592592593,0.0,0.01620370370370372,1.0,0.18518518518518517,0.3125,0.2592592592592593,0.0,0.01620370370370372,0.646455199646689,0.8142857142857143,0.0,0.0
LI-Small,B3_keep_ill_no_iw,22,2268,756,1.0,0.18518518518518517,0.3125,0.2592592592592593,0.0,0.01620370370370372,1.0,0.18518518518518517,0.3125,0.2592592592592593,0.0,0.01620370370370372,0.646455199646689,0.8142857142857143,0.0,0.0
LI-Small,B3_keep_ill_no_iw,23,2268,756,1.0,0.18518518518518517,0.3125,0.2592592592592593,0.0,0.01620370370370372,1.0,0.18518518518518517,0.3125,0.2592592592592593,0.0,0.01620370370370372,0.646455199646689,0.8142857142857143,0.0,0.0
LI-Small,B3_keep_ill_no_iw,24,2268,756,1.0,0.18518518518518517,0.3125,0.2592592592592593,0.0,0.01620370370370372,1.0,0.18518518518518517,0.3125,0.2592592592592593,0.0,0.01620370370370372,0.646455199646689,0.8142857142857143,0.0,0.0
LI-Small,B3_keep_ill_no_iw,25,2268,756,1.0,0.18518518518518517,0.3125,0.2592592592592593,0.0,0.01620370370370372,1.0,0.18518518518518517,0.3125,0.2592592592592593,0.0,0.01620370370370372,0.646455199646689,0.8142857142857143,0.0,0.0
LI-Small,B3_keep_ill_no_iw,26,2268,756,0.9929078014184397,0.18518518518518517,0.31215161649944256,0.252167060677699,0.0,0.015855320203146284,0.9929078014184397,0.18518518518518517,0.31215161649944256,0.252167060677699,0.0,0.015855320203146284,0.646455199646689,0.8142857142857143,0.0,0.0
LI-Small,B3_keep_ill_no_iw,27,2268,756,1.0,0.18518518518518517,0.3125,0.2592592592592593,0.0,0.01620370370370372,1.0,0.18518518518518517,0.3125,0.2592592592592593,0.0,0.01620370370370372,0.646455199646689,0.8142857142857143,0.0,0.0
LI-Small,B3_keep_ill_no_iw,28,2268,756,1.0,0.18518518518518517,0.3125,0.2592592592592593,0.0,0.01620370370370372,1.0,0.18518518518518517,0.3125,0.2592592592592593,0.0,0.01620370370370372,0.646455199646689,0.8142857142857143,0.0,0.0
LI-Small,B3_keep_ill_no_iw,29,2268,756,1.0,0.18518518518518517,0.3125,0.2592592592592593,0.0,0.01620370370370372,1.0,0.18518518518518517,0.3125,0.2592592592592593,0.0,0.01620370370370372,0.646455199646689,0.8142857142857143,0.0,0.0
LI-Small,B3_keep_ill_no_iw,30,2268,756,1.0,0.18518518518518517,0.3125,0.2592592592592593,0.0,0.01620370370370372,1.0,0.18518518518518517,0.3125,0.2592592592592593,0.0,0.01620370370370372,0.646455199646689,0.8142857142857143,0.0,0.0
LI-Small,B3_keep_ill_no_iw,31,2268,756,1.0,0.18518518518518517,0.3125,0.2592592592592593,0.0,0.01620370370370372,1.0,0.18518518518518517,0.3125,0.2592592592592593,0.0,0.01620370370370372,0.646455199646689,0.8142857142857143,0.0,0.0
LI-Small,B3_keep_ill_no_iw,32,2268,756,1.0,0.18518518518518517,0.3125,0.2592592592592593,0.0,0.01620370370370372,1.0,0.18518518518518517,0.3125,0.2592592592592593,0.0,0.01620370370370372,0.646455199646689,0.8142857142857143,0.0,0.0
LI-Small,B3_keep_ill_no_iw,33,2268,756,1.0,0.18518518518518517,0.3125,0.2592592592592593,0.0,0.01620370370370372,1.0,0.18518518518518517,0.3125,0.2592592592592593,0.0,0.01620370370370372,0.646455199646689,0.8142857142857143,0.0,0.0
LI-Small,B3_keep_ill_no_iw,34,2268,756,1.0,0.18518518518518517,0.3125,0.2592592592592593,0.0,0.01620370370370372,1.0,0.18518518518518517,0.3125,0.2592592592592593,0.0,0.01620370370370372,0.646455199646689,0.8142857142857143,0.0,0.0
LI-Small,B3_keep_ill_no_iw,35,2268,756,1.0,0.18518518518518517,0.3125,0.2592592592592593,0.0,0.01620370370370372,1.0,0.18518518518518517,0.3125,0.2592592592592593,0.0,0.01620370370370372,0.646455199646689,0.8142857142857143,0.0,0.0
LI-Small,B3_keep_ill_no_iw,36,2268,756,1.0,0.18518518518518517,0.3125,0.2592592592592593,0.0,0.01620370370370372,1.0,0.18518518518518517,0.3125,0.2592592592592593,0.0,0.01620370370370372,0.646455199646689,0.8142857142857143,0.0,0.0
LI-Small,B3_keep_ill_no_iw,37,2268,756,1.0,0.18518518518518517,0.3125,0.2592592592592593,0.0,0.01620370370370372,1.0,0.18518518518518517,0.3125,0.2592592592592593,0.0,0.01620370370370372,0.646455199646689,0.8142857142857143,0.0,0.0
LI-Small,B3_keep_ill_no_iw,38,2268,756,1.0,0.18518518518518517,0.3125,0.2592592592592593,0.0,0.01620370370370372,1.0,0.18518518518518517,0.3125,0.2592592592592593,0.0,0.01620370370370372,0.646455199646689,0.8142857142857143,0.0,0.0
LI-Small,B3_keep_ill_no_iw,39,2268,756,1.0,0.18518518518518517,0.3125,0.2592592592592593,0.0,0.01620370370370372,1.0,0.18518518518518517,0.3125,0.2592592592592593,0.0,0.01620370370370372,0.646455199646689,0.8142857142857143,0.0,0.0
LI-Small,B3_keep_ill_no_iw,40,2268,756,1.0,0.18518518518518517,0.3125,0.2592592592592593,0.0,0.01620370370370372,1.0,0.18518518518518517,0.3125,0.2592592592592593,0.0,0.01620370370370372,0.646455199646689,0.8142857142857143,0.0,0.0
LI-Small,B3_keep_ill_no_iw,41,2268,756,1.0,0.18518518518518517,0.3125,0.2592592592592593,0.0,0.01620370370370372,1.0,0.18518518518518517,0.3125,0.2592592592592593,0.0,0.01620370370370372,0.646455199646689,0.8142857142857143,0.0,0.0
LI-Small,B3_keep_ill_no_iw,42,2268,756,1.0,0.18518518518518517,0.3125,0.2592592592592593,0.0,0.01620370370370372,1.0,0.18518518518518517,0.3125,0.2592592592592593,0.0,0.01620370370370372,0.646455199646689,0.8142857142857143,0.0,0.0
LI-Small,B3_keep_ill_no_iw,43,2268,756,1.0,0.18518518518518517,0.3125,0.2592592592592593,0.0,0.01620370370370372,1.0,0.18518518518518517,0.3125,0.2592592592592593,0.0,0.01620370370370372,0.646455199646689,0.8142857142857143,0.0,0.0
LI-Small,B3_keep_ill_no_iw,44,2268,756,1.0,0.18518518518518517,0.3125,0.2592592592592593,0.0,0.01620370370370372,1.0,0.18518518518518517,0.3125,0.2592592592592593,0.0,0.01620370370370372,0.646455199646689,0.8142857142857143,0.0,0.0
LI-Small,B3_keep_ill_no_iw,45,2268,756,1.0,0.18518518518518517,0.3125,0.2592592592592593,0.0,0.01620370370370372,1.0,0.18518518518518517,0.3125,0.2592592592592593,0.0,0.01620370370370372,0.646455199646689,0.8142857142857143,0.0,0.0
LI-Small,B3_keep_ill_no_iw,46,2268,756,1.0,0.18518518518518517,0.3125,0.2592592592592593,0.0,0.01620370370370372,1.0,0.18518518518518517,0.3125,0.2592592592592593,0.0,0.01620370370370372,0.646455199646689,0.8142857142857143,0.0,0.0
LI-Small,B3_keep_ill_no_iw,47,2268,756,1.0,0.18518518518518517,0.3125,0.2592592592592593,0.0,0.01620370370370372,1.0,0.18518518518518517,0.3125,0.2592592592592593,0.0,0.01620370370370372,0.646455199646689,0.8142857142857143,0.0,0.0
LI-Small,B3_keep_ill_no_iw,48,2268,756,0.9929078014184397,0.18518518518518517,0.31215161649944256,0.252167060677699,0.0,0.015855320203146284,0.9929078014184397,0.18518518518518517,0.31215161649944256,0.252167060677699,0.0,0.015855320203146284,0.646455199646689,0.8142857142857143,0.0,0.0
LI-Small,B3_keep_ill_no_iw,49,2268,756,1.0,0.18518518518518517,0.3125,0.2592592592592593,0.0,0.01620370370370372,1.0,0.18518518518518517,0.3125,0.2592592592592593,0.0,0.01620370370370372,0.646455199646689,0.8142857142857143,0.0,0.0
LI-Small,B4_v2_no_hardneg,0,2268,756,1.0,0.18518518518518517,0.3125,0.2592592592592593,0.0,0.01620370370370372,1.0,0.18518518518518517,0.3125,0.2592592592592593,0.0,0.01620370370370372,0.646455199646689,0.8142857142857143,0.0,0.0
LI-Small,B4_v2_no_hardneg,1,2268,756,1.0,0.18518518518518517,0.3125,0.2592592592592593,0.0,0.01620370370370372,1.0,0.18518518518518517,0.3125,0.2592592592592593,0.0,0.01620370370370372,0.646455199646689,0.8142857142857143,0.0,0.0
LI-Small,B4_v2_no_hardneg,2,2268,756,1.0,0.18518518518518517,0.3125,0.2592592592592593,0.0,0.01620370370370372,1.0,0.18518518518518517,0.3125,0.2592592592592593,0.0,0.01620370370370372,0.646455199646689,0.8142857142857143,0.0,0.0
LI-Small,B4_v2_no_hardneg,3,2268,756,1.0,0.18518518518518517,0.3125,0.2592592592592593,0.0,0.01620370370370372,1.0,0.18518518518518517,0.3125,0.2592592592592593,0.0,0.01620370370370372,0.646455199646689,0.8142857142857143,0.0,0.0
LI-Small,B4_v2_no_hardneg,4,2268,756,1.0,0.18518518518518517,0.3125,0.2592592592592593,0.0,0.01620370370370372,1.0,0.18518518518518517,0.3125,0.2592592592592593,0.0,0.01620370370370372,0.646455199646689,0.8142857142857143,0.0,0.0
LI-Small,B4_v2_no_hardneg,5,2268,756,1.0,0.18518518518518517,0.3125,0.2592592592592593,0.0,0.01620370370370372,1.0,0.18518518518518517,0.3125,0.2592592592592593,0.0,0.01620370370370372,0.646455199646689,0.8142857142857143,0.0,0.0
LI-Small,B4_v2_no_hardneg,6,2268,756,1.0,0.18518518518518517,0.3125,0.2592592592592593,0.0,0.01620370370370372,1.0,0.18518518518518517,0.3125,0.2592592592592593,0.0,0.01620370370370372,0.646455199646689,0.8142857142857143,0.0,0.0
LI-Small,B4_v2_no_hardneg,7,2268,756,1.0,0.18518518518518517,0.3125,0.2592592592592593,0.0,0.01620370370370372,1.0,0.18518518518518517,0.3125,0.2592592592592593,0.0,0.01620370370370372,0.646455199646689,0.8142857142857143,0.0,0.0
LI-Small,B4_v2_no_hardneg,8,2268,756,1.0,0.18518518518518517,0.3125,0.2592592592592593,0.0,0.01620370370370372,1.0,0.18518518518518517,0.3125,0.2592592592592593,0.0,0.01620370370370372,0.646455199646689,0.8142857142857143,0.0,0.0
LI-Small,B4_v2_no_hardneg,9,2268,756,1.0,0.18518518518518517,0.3125,0.2592592592592593,0.0,0.01620370370370372,1.0,0.18518518518518517,0.3125,0.2592592592592593,0.0,0.01620370370370372,0.646455199646689,0.8142857142857143,0.0,0.0
LI-Small,B4_v2_no_hardneg,10,2268,756,1.0,0.18518518518518517,0.3125,0.2592592592592593,0.0,0.01620370370370372,1.0,0.18518518518518517,0.3125,0.2592592592592593,0.0,0.01620370370370372,0.646455199646689,0.8142857142857143,0.0,0.0
LI-Small,B4_v2_no_hardneg,11,2268,756,1.0,0.18518518518518517,0.3125,0.2592592592592593,0.0,0.01620370370370372,1.0,0.18518518518518517,0.3125,0.2592592592592593,0.0,0.01620370370370372,0.646455199646689,0.8142857142857143,0.0,0.0
LI-Small,B4_v2_no_hardneg,12,2268,756,1.0,0.18518518518518517,0.3125,0.2592592592592593,0.0,0.01620370370370372,1.0,0.18518518518518517,0.3125,0.2592592592592593,0.0,0.01620370370370372,0.646455199646689,0.8142857142857143,0.0,0.0
LI-Small,B4_v2_no_hardneg,13,2268,756,1.0,0.18518518518518517,0.3125,0.2592592592592593,0.0,0.01620370370370372,1.0,0.18518518518518517,0.3125,0.2592592592592593,0.0,0.01620370370370372,0.646455199646689,0.8142857142857143,0.0,0.0
LI-Small,B4_v2_no_hardneg,14,2268,756,1.0,0.18518518518518517,0.3125,0.2592592592592593,0.0,0.01620370370370372,1.0,0.18518518518518517,0.3125,0.2592592592592593,0.0,0.01620370370370372,0.646455199646689,0.8142857142857143,0.0,0.0
LI-Small,B4_v2_no_hardneg,15,2268,756,1.0,0.18518518518518517,0.3125,0.2592592592592593,0.0,0.01620370370370372,1.0,0.18518518518518517,0.3125,0.2592592592592593,0.0,0.01620370370370372,0.646455199646689,0.8142857142857143,0.0,0.0
LI-Small,B4_v2_no_hardneg,16,2268,756,1.0,0.18518518518518517,0.3125,0.2592592592592593,0.0,0.01620370370370372,1.0,0.18518518518518517,0.3125,0.2592592592592593,0.0,0.01620370370370372,0.646455199646689,0.8142857142857143,0.0,0.0
LI-Small,B4_v2_no_hardneg,17,2268,756,1.0,0.18518518518518517,0.3125,0.2592592592592593,0.0,0.01620370370370372,1.0,0.18518518518518517,0.3125,0.2592592592592593,0.0,0.01620370370370372,0.646455199646689,0.8142857142857143,0.0,0.0
LI-Small,B4_v2_no_hardneg,18,2268,756,1.0,0.18518518518518517,0.3125,0.2592592592592593,0.0,0.01620370370370372,1.0,0.18518518518518517,0.3125,0.2592592592592593,0.0,0.01620370370370372,0.646455199646689,0.8142857142857143,0.0,0.0
LI-Small,B4_v2_no_hardneg,19,2268,756,1.0,0.18518518518518517,0.3125,0.2592592592592593,0.0,0.01620370370370372,1.0,0.18518518518518517,0.3125,0.2592592592592593,0.0,0.01620370370370372,0.646455199646689,0.8142857142857143,0.0,0.0
LI-Small,B4_v2_no_hardneg,20,2268,756,1.0,0.18518518518518517,0.3125,0.2592592592592593,0.0,0.01620370370370372,1.0,0.18518518518518517,0.3125,0.2592592592592593,0.0,0.01620370370370372,0.646455199646689,0.8142857142857143,0.0,0.0
LI-Small,B4_v2_no_hardneg,21,2268,756,1.0,0.18518518518518517,0.3125,0.2592592592592593,0.0,0.01620370370370372,1.0,0.18518518518518517,0.3125,0.2592592592592593,0.0,0.01620370370370372,0.646455199646689,0.8142857142857143,0.0,0.0
LI-Small,B4_v2_no_hardneg,22,2268,756,1.0,0.18518518518518517,0.3125,0.2592592592592593,0.0,0.01620370370370372,1.0,0.18518518518518517,0.3125,0.2592592592592593,0.0,0.01620370370370372,0.646455199646689,0.8142857142857143,0.0,0.0
LI-Small,B4_v2_no_hardneg,23,2268,756,1.0,0.18518518518518517,0.3125,0.2592592592592593,0.0,0.01620370370370372,1.0,0.18518518518518517,0.3125,0.2592592592592593,0.0,0.01620370370370372,0.646455199646689,0.8142857142857143,0.0,0.0
LI-Small,B4_v2_no_hardneg,24,2268,756,1.0,0.18518518518518517,0.3125,0.2592592592592593,0.0,0.01620370370370372,1.0,0.18518518518518517,0.3125,0.2592592592592593,0.0,0.01620370370370372,0.646455199646689,0.8142857142857143,0.0,0.0
LI-Small,B4_v2_no_hardneg,25,2268,756,1.0,0.18518518518518517,0.3125,0.2592592592592593,0.0,0.01620370370370372,1.0,0.18518518518518517,0.3125,0.2592592592592593,0.0,0.01620370370370372,0.646455199646689,0.8142857142857143,0.0,0.0
LI-Small,B4_v2_no_hardneg,26,2268,756,1.0,0.18518518518518517,0.3125,0.2592592592592593,0.0,0.01620370370370372,1.0,0.18518518518518517,0.3125,0.2592592592592593,0.0,0.01620370370370372,0.646455199646689,0.8142857142857143,0.0,0.0
LI-Small,B4_v2_no_hardneg,27,2268,756,1.0,0.18518518518518517,0.3125,0.2592592592592593,0.0,0.01620370370370372,1.0,0.18518518518518517,0.3125,0.2592592592592593,0.0,0.01620370370370372,0.646455199646689,0.8142857142857143,0.0,0.0
LI-Small,B4_v2_no_hardneg,28,2268,756,1.0,0.18518518518518517,0.3125,0.2592592592592593,0.0,0.01620370370370372,1.0,0.18518518518518517,0.3125,0.2592592592592593,0.0,0.01620370370370372,0.646455199646689,0.8142857142857143,0.0,0.0
LI-Small,B4_v2_no_hardneg,29,2268,756,1.0,0.18518518518518517,0.3125,0.2592592592592593,0.0,0.01620370370370372,1.0,0.18518518518518517,0.3125,0.2592592592592593,0.0,0.01620370370370372,0.646455199646689,0.8142857142857143,0.0,0.0
LI-Small,B4_v2_no_hardneg,30,2268,756,1.0,0.18518518518518517,0.3125,0.2592592592592593,0.0,0.01620370370370372,1.0,0.18518518518518517,0.3125,0.2592592592592593,0.0,0.01620370370370372,0.646455199646689,0.8142857142857143,0.0,0.0
LI-Small,B4_v2_no_hardneg,31,2268,756,1.0,0.18518518518518517,0.3125,0.2592592592592593,0.0,0.01620370370370372,1.0,0.18518518518518517,0.3125,0.2592592592592593,0.0,0.01620370370370372,0.646455199646689,0.8142857142857143,0.0,0.0
LI-Small,B4_v2_no_hardneg,32,2268,756,1.0,0.18518518518518517,0.3125,0.2592592592592593,0.0,0.01620370370370372,1.0,0.18518518518518517,0.3125,0.2592592592592593,0.0,0.01620370370370372,0.646455199646689,0.8142857142857143,0.0,0.0
LI-Small,B4_v2_no_hardneg,33,2268,756,1.0,0.18518518518518517,0.3125,0.2592592592592593,0.0,0.01620370370370372,1.0,0.18518518518518517,0.3125,0.2592592592592593,0.0,0.01620370370370372,0.646455199646689,0.8142857142857143,0.0,0.0
LI-Small,B4_v2_no_hardneg,34,2268,756,1.0,0.18518518518518517,0.3125,0.2592592592592593,0.0,0.01620370370370372,1.0,0.18518518518518517,0.3125,0.2592592592592593,0.0,0.01620370370370372,0.646455199646689,0.8142857142857143,0.0,0.0
LI-Small,B4_v2_no_hardneg,35,2268,756,1.0,0.18518518518518517,0.3125,0.2592592592592593,0.0,0.01620370370370372,1.0,0.18518518518518517,0.3125,0.2592592592592593,0.0,0.01620370370370372,0.646455199646689,0.8142857142857143,0.0,0.0
LI-Small,B4_v2_no_hardneg,36,2268,756,1.0,0.18518518518518517,0.3125,0.2592592592592593,0.0,0.01620370370370372,1.0,0.18518518518518517,0.3125,0.2592592592592593,0.0,0.01620370370370372,0.646455199646689,0.8142857142857143,0.0,0.0
LI-Small,B4_v2_no_hardneg,37,2268,756,1.0,0.18518518518518517,0.3125,0.2592592592592593,0.0,0.01620370370370372,1.0,0.18518518518518517,0.3125,0.2592592592592593,0.0,0.01620370370370372,0.646455199646689,0.8142857142857143,0.0,0.0
LI-Small,B4_v2_no_hardneg,38,2268,756,1.0,0.18518518518518517,0.3125,0.2592592592592593,0.0,0.01620370370370372,1.0,0.18518518518518517,0.3125,0.2592592592592593,0.0,0.01620370370370372,0.646455199646689,0.8142857142857143,0.0,0.0
LI-Small,B4_v2_no_hardneg,39,2268,756,1.0,0.18518518518518517,0.3125,0.2592592592592593,0.0,0.01620370370370372,1.0,0.18518518518518517,0.3125,0.2592592592592593,0.0,0.01620370370370372,0.646455199646689,0.8142857142857143,0.0,0.0
LI-Small,B4_v2_no_hardneg,40,2268,756,1.0,0.18518518518518517,0.3125,0.2592592592592593,0.0,0.01620370370370372,1.0,0.18518518518518517,0.3125,0.2592592592592593,0.0,0.01620370370370372,0.646455199646689,0.8142857142857143,0.0,0.0
LI-Small,B4_v2_no_hardneg,41,2268,756,1.0,0.18518518518518517,0.3125,0.2592592592592593,0.0,0.01620370370370372,1.0,0.18518518518518517,0.3125,0.2592592592592593,0.0,0.01620370370370372,0.646455199646689,0.8142857142857143,0.0,0.0
LI-Small,B4_v2_no_hardneg,42,2268,756,1.0,0.18518518518518517,0.3125,0.2592592592592593,0.0,0.01620370370370372,1.0,0.18518518518518517,0.3125,0.2592592592592593,0.0,0.01620370370370372,0.646455199646689,0.8142857142857143,0.0,0.0
LI-Small,B4_v2_no_hardneg,43,2268,756,1.0,0.18518518518518517,0.3125,0.2592592592592593,0.0,0.01620370370370372,1.0,0.18518518518518517,0.3125,0.2592592592592593,0.0,0.01620370370370372,0.646455199646689,0.8142857142857143,0.0,0.0
LI-Small,B4_v2_no_hardneg,44,2268,756,1.0,0.18518518518518517,0.3125,0.2592592592592593,0.0,0.01620370370370372,1.0,0.18518518518518517,0.3125,0.2592592592592593,0.0,0.01620370370370372,0.646455199646689,0.8142857142857143,0.0,0.0
LI-Small,B4_v2_no_hardneg,45,2268,756,1.0,0.18518518518518517,0.3125,0.2592592592592593,0.0,0.01620370370370372,1.0,0.18518518518518517,0.3125,0.2592592592592593,0.0,0.01620370370370372,0.646455199646689,0.8142857142857143,0.0,0.0
LI-Small,B4_v2_no_hardneg,46,2268,756,1.0,0.18518518518518517,0.3125,0.2592592592592593,0.0,0.01620370370370372,1.0,0.18518518518518517,0.3125,0.2592592592592593,0.0,0.01620370370370372,0.646455199646689,0.8142857142857143,0.0,0.0
LI-Small,B4_v2_no_hardneg,47,2268,756,1.0,0.18518518518518517,0.3125,0.2592592592592593,0.0,0.01620370370370372,1.0,0.18518518518518517,0.3125,0.2592592592592593,0.0,0.01620370370370372,0.646455199646689,0.8142857142857143,0.0,0.0
LI-Small,B4_v2_no_hardneg,48,2268,756,1.0,0.18518518518518517,0.3125,0.2592592592592593,0.0,0.01620370370370372,1.0,0.18518518518518517,0.3125,0.2592592592592593,0.0,0.01620370370370372,0.646455199646689,0.8142857142857143,0.0,0.0
LI-Small,B4_v2_no_hardneg,49,2268,756,1.0,0.18518518518518517,0.3125,0.2592592592592593,0.0,0.01620370370370372,1.0,0.18518518518518517,0.3125,0.2592592592592593,0.0,0.01620370370370372,0.646455199646689,0.8142857142857143,0.0,0.0
LI-Small,B5_fogliato_neyman,0,2268,5,0.6480293308890925,0.28259295732303674,0.3935614424189987,0.09271140985164816,0.09740777213785157,0.09726514612270243,0.4,0.4,0.4,0.3407407407407407,0.21481481481481485,0.10370370370370374,1.0,1.0,0.35354480035331104,0.18571428571428572
LI-Small,B5_fogliato_neyman,1,2268,8,0.6528813559322034,0.2589318859776191,0.3708035659957431,0.08785938480853728,0.07374670079243395,0.07450726969944682,0.5,0.5,0.5,0.2407407407407407,0.3148148148148148,0.20370370370370372,0.5,0.75,0.14645519964668896,0.06428571428571428
LI-Small,B5_fogliato_neyman,2,2268,14,0.6425389755011136,0.12616717095973648,0.2109188931130048,0.09820176523962709,0.059018014225448695,0.08537740318329148,0.7142857142857143,0.35714285714285715,0.47619047619047616,0.026455026455026398,0.17195767195767198,0.17989417989417988,0.7333333333333333,0.8,0.08687813368664432,0.014285714285714235
LI-Small,B5_fogliato_neyman,3,2268,9,0.789991796554553,0.19292222048917565,0.31011252035641096,0.04925105581381228,0.007737035303990475,0.013816224060114679,0.6666666666666666,0.4444444444444444,0.5333333333333333,0.07407407407407407,0.25925925925925924,0.23703703703703705,1.0,1.0,0.35354480035331104,0.18571428571428572
LI-Small,B5_fogliato_neyman,4,2268,8,0.7653528872593951,0.09349685838440037,0.16663704187405567,0.0246121465186544,0.0916883268007848,0.1296592544222406,0.6,0.375,0.46153846153846156,0.14074074074074072,0.18981481481481483,0.16524216524216528,1.0,1.0,0.35354480035331104,0.18571428571428572
LI-Small,B5_fogliato_neyman,5,2268,5,0.6849876948318293,0.21764561353104356,0.3303325186908666,0.05575304590891139,0.03246042834585838,0.034036222394570326,0.5,0.6,0.5454545454545454,0.2407407407407407,0.4148148148148148,0.24915824915824913,0.5,0.6666666666666666,0.14645519964668896,0.14761904761904765
LI-Small,B5_fogliato_neyman,6,2268,6,0.5867796610169491,0.5117696349787899,0.5467137688335233,0.15396107972379158,0.32658444979360474,0.250417472537227,0.625,0.8333333333333334,0.7142857142857143,0.1157407407407407,0.6481481481481481,0.417989417989418,1.0,1.0,0.35354480035331104,0.18571428571428572
LI-Small,B5_fogliato_neyman,7,2268,7,0.7653528872593951,0.22271482563354086,0.34502784092606675,0.0246121465186544,0.03752964044835569,0.048731544629770474,0.6,0.42857142857142855,0.5,0.14074074074074072,0.24338624338624337,0.20370370370370372,1.0,1.0,0.35354480035331104,0.18571428571428572
LI-Small,B5_fogliato_neyman,8,2268,7,0.6528813559322034,0.31070570449202894,0.42103919817129365,0.08785938480853728,0.12552051930684377,0.12474290187499737,0.5,0.5714285714285714,0.5333333333333333,0.2407407407407407,0.3862433862433862,0.23703703703703705,1.0,1.0,0.35354480035331104,0.18571428571428572
LI-Small,B5_fogliato_neyman,9,2268,9,0.5,0.11298819594097269,0.18432360800607134,0.2407407407407407,0.07219698924421249,0.11197268829022494,0.5,0.3333333333333333,0.4,0.2407407407407407,0.14814814814814814,0.10370370370370374,0.5555555555555555,0.6666666666666666,0.09089964409113349,0.14761904761904765
LI-Small,B5_fogliato_neyman,10,2268,12,0.8402994385527136,0.23845064367957808,0.37148537980521074,0.09955869781197291,0.0532654584943929,0.07518908350891446,0.7777777777777778,0.5833333333333334,0.6666666666666666,0.03703703703703709,0.3981481481481482,0.37037037037037035,0.38095238095238093,0.42857142857142855,0.26550281869430803,0.38571428571428573
LI-Small,B5_fogliato_neyman,11,2268,7,0.6528813559322034,0.22520984701149283,0.33489758192139757,0.08785938480853728,0.04002466182630765,0.03860128562510129,0.5,0.5714285714285714,0.5333333333333333,0.2407407407407407,0.3862433862433862,0.23703703703703705,1.0,1.0,0.35354480035331104,0.18571428571428572
LI-Small,B5_fogliato_neyman,12,2268,12,0.904974016332591,0.11530615863362655,0.20454984826106412,0.1642332755918503,0.06987902655155863,0.09174644803523216,0.8571428571428571,0.5,0.631578947368421,0.1164021164021164,0.3148148148148148,0.33528265107212474,0.7333333333333333,0.8333333333333334,0.08687813368664432,0.01904761904761909
LI-Small,B5_fogliato_neyman,13,2268,11,0.8099480326651819,0.2686395841221764,0.40346115469754323,0.0692072919244412,0.08345439893699125,0.10716485840124695,0.7142857142857143,0.45454545454545453,0.5555555555555556,0.026455026455026398,0.26936026936026936,0.2592592592592593,1.0,1.0,0.35354480035331104,0.18571428571428572
LI-Small,B5_fogliato_neyman,14,2268,12,0.8264406779661018,0.12313628619509555,0.21433720422061,0.08569993722536107,0.062048898990089627,0.08195909207568627,0.75,0.5,0.6,0.0092592592592593,0.3148148148148148,0.3037037037037037,0.3333333333333333,0.8333333333333334,0.31312186631335565,0.01904761904761909
LI-Small,B5_fogliato_neyman,15,2268,9,0.7396610169491525,0.23198552043354362,0.353195610460494,0.0010797237915881608,0.04680033524835844,0.056899314164197745,0.625,0.5555555555555556,0.5882352941176471,0.1157407407407407,0.3703703703703704,0.2919389978213508,0.7333333333333333,0.8,0.08687813368664432,0.014285714285714235
LI-Small,B5_fogliato_neyman,16,2268,9,0.789991796554553,0.2874199339208096,0.4214904730311613,0.04925105581381228,0.10223474873562444,0.125194176734865,0.6666666666666666,0.4444444444444444,0.5333333333333333,0.07407407407407407,0.25925925925925924,0.23703703703703705,1.0,1.0,0.35354480035331104,0.18571428571428572
LI-Small,B5_fogliato_neyman,17,2268,12,0.7396610169491525,0.12738005960017842,0.21733241243398238,0.0010797237915881608,0.05780512558500675,0.0789638838623139,0.625,0.4166666666666667,0.5,0.1157407407407407,0.2314814814814815,0.20370370370370372,0.7333333333333333,0.8,0.08687813368664432,0.014285714285714235
LI-Small,B5_fogliato_neyman,18,2268,10,0.7396610169491525,0.06999305138901876,0.12788457094036973,0.0010797237915881608,0.11519213379616641,0.16841172535592655,0.625,0.5,0.5555555555555556,0.1157407407407407,0.3148148148148148,0.2592592592592593,1.0,1.0,0.35354480035331104,0.18571428571428572
LI-Small,B5_fogliato_neyman,19,2268,11,0.7396610169491525,0.11482571572178873,0.19879092890585462,0.0010797237915881608,0.07035946946339644,0.09750536739044166,0.625,0.45454545454545453,0.5263157894736842,0.1157407407407407,0.26936026936026936,0.2300194931773879,0.13333333333333333,0.2,0.5131218663133557,0.6142857142857143
LI-Small,B5_fogliato_neyman,20,2268,9,0.8264406779661018,0.2657148179434466,0.40213602387074054,0.08569993722536107,0.08052963275826142,0.10583972757444426,0.75,0.6666666666666666,0.7058823529411765,0.0092592592592593,0.48148148148148145,0.40958605664488024,0.5333333333333333,0.6666666666666666,0.11312186631335563,0.14761904761904765
LI-Small,B5_fogliato_neyman,21,2268,9,0.7149220489977728,0.1633602706095954,0.2659506101437928,0.025818691742967914,0.02182491457558977,0.030345686152503493,0.5714285714285714,0.4444444444444444,0.5,0.1693121693121693,0.25925925925925924,0.20370370370370372,0.6,0.75,0.04645519964668898,0.06428571428571428
LI-Small,B5_fogliato_neyman,22,2268,10,0.904974016332591,0.092136828949745,0.1672460720717362,0.1642332755918503,0.09304835623544018,0.12905022422456008,0.8571428571428571,0.6,0.7058823529411765,0.1164021164021164,0.4148148148148148,0.40958605664488024,0.375,0.3333333333333333,0.27145519964668896,0.48095238095238096
LI-Small,B5_fogliato_neyman,23,2268,10,0.8099480326651818,0.2599762633159464,0.393611517755664,0.06920729192444108,0.07479107813076125,0.09731522145936772,0.7142857142857143,0.5,0.5882352941176471,0.026455026455026398,0.3148148148148148,0.2919389978213508,0.5,0.8,0.14645519964668896,0.014285714285714235
LI-Small,B5_fogliato_neyman,24,2268,7,0.36708203530633443,0.06972217009682692,0.11718639971194948,0.37365870543440627,0.11546301508835825,0.17910989658434678,0.25,0.14285714285714285,0.18181818181818182,0.4907407407407407,0.042328042328042326,0.11447811447811446,1.0,1.0,0.35354480035331104,0.18571428571428572
LI-Small,B5_fogliato_neyman,25,2268,8,0.8826764436296975,0.2007065192730785,0.3270476326682917,0.14193570288895685,0.01552133408789333,0.030751336371995397,0.8,0.5,0.6153846153846154,0.059259259259259345,0.3148148148148148,0.31908831908831914,1.0,1.0,0.35354480035331104,0.18571428571428572
LI-Small,B5_fogliato_neyman,26,2268,8,0.789991796554553,0.11320875073335188,0.1980379322091557,0.04925105581381228,0.0719764344518333,0.09825836408714059,0.6666666666666666,0.5,0.5714285714285714,0.07407407407407407,0.3148148148148148,0.2751322751322751,1.0,1.0,0.35354480035331104,0.18571428571428572
LI-Small,B5_fogliato_neyman,27,2268,12,0.904974016332591,0.22620212241633172,0.36193663606177107,0.1642332755918503,0.04101693723114655,0.06564033976547479,0.8571428571428571,0.5,0.631578947368421,0.1164021164021164,0.3148148148148148,0.33528265107212474,0.49333333333333335,0.6666666666666666,0.15312186631335561,0.14761904761904765
LI-Small,B5_fogliato_neyman,28,2268,9,0.7149220489977728,0.1799857956091126,0.2875733285004016,0.025818691742967914,0.005199389576072577,0.008722967795894654,0.5714285714285714,0.4444444444444444,0.5,0.1693121693121693,0.25925925925925924,0.20370370370370372,1.0,1.0,0.35354480035331104,0.18571428571428572
LI-Small,B5_fogliato_neyman,29,2268,11,0.8264406779661018,0.2692437140597996,0.4061643283505528,0.08569993722536107,0.0840585288746144,0.10986803205425649,0.75,0.5454545454545454,0.631578947368421,0.0092592592592593,0.36026936026936024,0.33528265107212474,0.6666666666666666,0.6666666666666666,0.02021146701997767,0.14761904761904765
LI-Small,B5_fogliato_neyman,30,2268,13,0.6528813559322034,0.11216158147621182,0.19143554385522518,0.08785938480853728,0.07302360370897336,0.1048607524410711,0.5,0.3076923076923077,0.38095238095238093,0.2407407407407407,0.12250712250712253,0.08465608465608465,0.5,0.75,0.14645519964668896,0.06428571428571428
LI-Small,B5_fogliato_neyman,31,2268,8,0.789991796554553,0.19863047953627022,0.3174446968761906,0.04925105581381228,0.013445294351085046,0.02114840057989431,0.6666666666666666,0.5,0.5714285714285714,0.07407407407407407,0.3148148148148148,0.2751322751322751,0.41666666666666663,0.5,0.22978853298002233,0.3142857142857143
LI-Small,B5_fogliato_neyman,32,2268,13,0.8264406779661018,0.1307102239594154,0.22572040811706076,0.08569993722536107,0.05447496122576978,0.07057588817923552,0.75,0.46153846153846156,0.5714285714285714,0.0092592592592593,0.2763532763532764,0.2751322751322751,0.76,0.8333333333333334,0.11354480035331105,0.01904761904761909
LI-Small,B5_fogliato_neyman,33,2268,5,0.5475129918337045,0.8521086077411901,0.6666666666666666,0.1932277489070362,0.666923422556005,0.37037037037037035,0.5714285714285714,0.8,0.6666666666666666,0.1693121693121693,0.6148148148148149,0.37037037037037035,1.0,1.0,0.35354480035331104,0.18571428571428572
LI-Small,B5_fogliato_neyman,34,2268,13,0.7396610169491525,0.21443805956470294,0.3324842820093176,0.0010797237915881608,0.029252874379517763,0.03618798571302134,0.625,0.38461538461538464,0.47619047619047616,0.1157407407407407,0.19943019943019946,0.17989417989417988,0.7,0.8,0.053544800353310995,0.014285714285714235
LI-Small,B5_fogliato_neyman,35,2268,9,0.6849876948318293,0.12161453568166691,0.20655648423286727,0.05575304590891139,0.06357064950351826,0.08973981206342901,0.5,0.3333333333333333,0.4,0.2407407407407407,0.14814814814814814,0.10370370370370374,1.0,1.0,0.35354480035331104,0.18571428571428572
LI-Small,B5_fogliato_neyman,36,2268,8,0.7396610169491525,0.3000288214618536,0.4268958202682788,0.0010797237915881608,0.11484363627666844,0.13059952397198255,0.625,0.625,0.625,0.1157407407407407,0.4398148148148148,0.3287037037037037,0.6666666666666666,0.8,0.02021146701997767,0.014285714285714235
LI-Small,B5_fogliato_neyman,37,2268,7,0.7149220489977728,0.20103533948421698,0.31382376218005753,0.025818691742967914,0.015850154299031805,0.01752746588376125,0.5714285714285714,0.5714285714285714,0.5714285714285714,0.1693121693121693,0.3862433862433862,0.2751322751322751,0.5,0.5,0.14645519964668896,0.3142857142857143
LI-Small,B5_fogliato_neyman,38,2268,5,0.41322033898305083,0.41367698371953393,0.41344853526283515,0.32752040175768987,0.22849179853434876,0.11715223896653887,0.375,0.6,0.46153846153846156,0.3657407407407407,0.4148148148148148,0.16524216524216528,0.16666666666666666,0.3333333333333333,0.47978853298002233,0.48095238095238096
LI-Small,B5_fogliato_neyman,39,2268,8,0.3949958982772765,0.05046805734722568,0.08950073465867651,0.3457448424634642,0.1347171278379595,0.20679556163761975,0.3333333333333333,0.25,0.2857142857142857,0.4074074074074074,0.06481481481481483,0.010582010582010581,0.3333333333333333,0.5,0.31312186631335565,0.3142857142857143
LI-Small,B5_fogliato_neyman,40,2268,8,1.0,0.24968620343009315,0.39959823953367424,0.2592592592592593,0.06450101824490798,0.10330194323737796,1.0,0.5,0.6666666666666666,0.2592592592592593,0.3148148148148148,0.37037037037037035,0.6,0.75,0.04645519964668898,0.06428571428571428
LI-Small,B5_fogliato_neyman,41,2268,7,0.6480293308890925,0.11650189636744383,0.19749787388337073,0.09271140985164816,0.06868328881774134,0.09879842241292555,0.4,0.2857142857142857,0.3333333333333333,0.3407407407407407,0.10052910052910052,0.037037037037037035,1.0,1.0,0.35354480035331104,0.18571428571428572
LI-Small,B5_fogliato_neyman,42,2268,8,0.6007485963817841,0.18255172167108757,0.28001441601248417,0.13999214435895657,0.0026334635140976004,0.01628188028381211,0.4444444444444444,0.5,0.47058823529411764,0.2962962962962963,0.3148148148148148,0.17429193899782136,0.3333333333333333,0.5,0.31312186631335565,0.3142857142857143
LI-Small,B5_fogliato_neyman,43,2268,8,0.7149220489977728,0.23715186578998362,0.3561595274921826,0.025818691742967914,0.05196668060479845,0.059863231195886324,0.5714285714285714,0.5,0.5333333333333333,0.1693121693121693,0.3148148148148148,0.23703703703703705,0.6,0.75,0.04645519964668898,0.06428571428571428
LI-Small,B5_fogliato_neyman,44,2268,8,0.5,0.11800645258623528,0.190946958712812,0.2407407407407407,0.0671787325989499,0.10534933758348428,0.5,0.375,0.42857142857142855,0.2407407407407407,0.18981481481481483,0.13227513227513227,1.0,1.0,0.35354480035331104,0.18571428571428572
LI-Small,B5_fogliato_neyman,45,2268,5,0.789991796554553,0.8826764436296975,0.8337662337662338,0.04925105581381228,0.6974912584445123,0.5374699374699375,0.6666666666666666,0.8,0.7272727272727273,0.07407407407407407,0.6148148148148149,0.430976430976431,0.6666666666666666,0.75,0.02021146701997767,0.06428571428571428
LI-Small,B5_fogliato_neyman,46,2268,9,0.6528813559322034,0.20409763015912222,0.31097970821570853,0.08785938480853728,0.018912444973937043,0.014683411919412248,0.5,0.4444444444444444,0.47058823529411764,0.2407407407407407,0.25925925925925924,0.17429193899782136,1.0,1.0,0.35354480035331104,0.18571428571428572
LI-Small,B5_fogliato_neyman,47,2268,6,0.789991796554553,0.49841082365119066,0.6112071736326686,0.04925105581381228,0.3132256384660055,0.31491087733637235,0.6666666666666666,0.6666666666666666,0.6666666666666666,0.07407407407407407,0.48148148148148145,0.37037037037037035,0.6,0.75,0.04645519964668898,0.06428571428571428
LI-Small,B5_fogliato_neyman,48,2268,5,0.7149220489977728,0.6354876098782561,0.6728685642621997,0.025818691742967914,0.45030242469307097,0.3765722679659034,0.5714285714285714,0.8,0.6666666666666666,0.1693121693121693,0.6148148148148149,0.37037037037037035,0.16666666666666666,0.25,0.47978853298002233,0.5642857142857143
LI-Small,B5_fogliato_neyman,49,2268,10,0.6528813559322034,0.14284993836554802,0.23441094279756344,0.08785938480853728,0.04233524681963716,0.06188535349873284,0.5,0.4,0.4444444444444444,0.2407407407407407,0.21481481481481485,0.14814814814814814,0.5,0.75,0.14645519964668896,0.06428571428571428
LI-Small,B6_leskovec_rw,0,2268,3,0.5,0.3333333333333333,0.4,0.2407407407407407,0.14814814814814814,0.10370370370370374,0.5,0.3333333333333333,0.4,0.2407407407407407,0.14814814814814814,0.10370370370370374,1.0,1.0,0.35354480035331104,0.18571428571428572
LI-Small,B6_leskovec_rw,1,2268,1,0.0,0.0,0.0,0.7407407407407407,0.18518518518518517,0.2962962962962963,0.0,0.0,0.0,0.7407407407407407,0.18518518518518517,0.2962962962962963,0.0,0.0,0.646455199646689,0.8142857142857143
LI-Small,B6_leskovec_rw,2,2268,0,0.0,0.0,0.0,0.7407407407407407,0.18518518518518517,0.2962962962962963,0.0,0.0,0.0,0.7407407407407407,0.18518518518518517,0.2962962962962963,0.0,0.0,0.646455199646689,0.8142857142857143
LI-Small,B6_leskovec_rw,3,2268,1,0.0,0.0,0.0,0.7407407407407407,0.18518518518518517,0.2962962962962963,0.0,0.0,0.0,0.7407407407407407,0.18518518518518517,0.2962962962962963,0.0,0.0,0.646455199646689,0.8142857142857143
LI-Small,B6_leskovec_rw,4,2268,3,0.0,0.0,0.0,0.7407407407407407,0.18518518518518517,0.2962962962962963,0.0,0.0,0.0,0.7407407407407407,0.18518518518518517,0.2962962962962963,0.0,0.0,0.646455199646689,0.8142857142857143
LI-Small,B6_leskovec_rw,5,2268,2,0.0,0.0,0.0,0.7407407407407407,0.18518518518518517,0.2962962962962963,0.0,0.0,0.0,0.7407407407407407,0.18518518518518517,0.2962962962962963,0.0,0.0,0.646455199646689,0.8142857142857143
LI-Small,B6_leskovec_rw,6,2268,1,0.0,0.0,0.0,0.7407407407407407,0.18518518518518517,0.2962962962962963,0.0,0.0,0.0,0.7407407407407407,0.18518518518518517,0.2962962962962963,0.0,0.0,0.646455199646689,0.8142857142857143
LI-Small,B6_leskovec_rw,7,2268,1,0.0,0.0,0.0,0.7407407407407407,0.18518518518518517,0.2962962962962963,0.0,0.0,0.0,0.7407407407407407,0.18518518518518517,0.2962962962962963,0.0,0.0,0.646455199646689,0.8142857142857143
LI-Small,B6_leskovec_rw,8,2268,1,0.0,0.0,0.0,0.7407407407407407,0.18518518518518517,0.2962962962962963,0.0,0.0,0.0,0.7407407407407407,0.18518518518518517,0.2962962962962963,0.0,0.0,0.646455199646689,0.8142857142857143
LI-Small,B6_leskovec_rw,9,2268,2,0.0,0.0,0.0,0.7407407407407407,0.18518518518518517,0.2962962962962963,0.0,0.0,0.0,0.7407407407407407,0.18518518518518517,0.2962962962962963,0.0,0.0,0.646455199646689,0.8142857142857143
LI-Small,B6_leskovec_rw,10,2268,0,0.0,0.0,0.0,0.7407407407407407,0.18518518518518517,0.2962962962962963,0.0,0.0,0.0,0.7407407407407407,0.18518518518518517,0.2962962962962963,0.0,0.0,0.646455199646689,0.8142857142857143
LI-Small,B6_leskovec_rw,11,2268,0,0.0,0.0,0.0,0.7407407407407407,0.18518518518518517,0.2962962962962963,0.0,0.0,0.0,0.7407407407407407,0.18518518518518517,0.2962962962962963,0.0,0.0,0.646455199646689,0.8142857142857143
LI-Small,B6_leskovec_rw,12,2268,3,0.0,0.0,0.0,0.7407407407407407,0.18518518518518517,0.2962962962962963,0.0,0.0,0.0,0.7407407407407407,0.18518518518518517,0.2962962962962963,0.0,0.0,0.646455199646689,0.8142857142857143
LI-Small,B6_leskovec_rw,13,2268,0,0.0,0.0,0.0,0.7407407407407407,0.18518518518518517,0.2962962962962963,0.0,0.0,0.0,0.7407407407407407,0.18518518518518517,0.2962962962962963,0.0,0.0,0.646455199646689,0.8142857142857143
LI-Small,B6_leskovec_rw,14,2268,0,0.0,0.0,0.0,0.7407407407407407,0.18518518518518517,0.2962962962962963,0.0,0.0,0.0,0.7407407407407407,0.18518518518518517,0.2962962962962963,0.0,0.0,0.646455199646689,0.8142857142857143
LI-Small,B6_leskovec_rw,15,2268,0,0.0,0.0,0.0,0.7407407407407407,0.18518518518518517,0.2962962962962963,0.0,0.0,0.0,0.7407407407407407,0.18518518518518517,0.2962962962962963,0.0,0.0,0.646455199646689,0.8142857142857143
LI-Small,B6_leskovec_rw,16,2268,2,0.0,0.0,0.0,0.7407407407407407,0.18518518518518517,0.2962962962962963,0.0,0.0,0.0,0.7407407407407407,0.18518518518518517,0.2962962962962963,0.0,0.0,0.646455199646689,0.8142857142857143
LI-Small,B6_leskovec_rw,17,2268,1,0.0,0.0,0.0,0.7407407407407407,0.18518518518518517,0.2962962962962963,0.0,0.0,0.0,0.7407407407407407,0.18518518518518517,0.2962962962962963,0.0,0.0,0.646455199646689,0.8142857142857143
LI-Small,B6_leskovec_rw,18,2268,2,1.0,1.0,1.0,0.2592592592592593,0.8148148148148149,0.7037037037037037,1.0,1.0,1.0,0.2592592592592593,0.8148148148148149,0.7037037037037037,1.0,1.0,0.35354480035331104,0.18571428571428572
LI-Small,B6_leskovec_rw,19,2268,0,0.0,0.0,0.0,0.7407407407407407,0.18518518518518517,0.2962962962962963,0.0,0.0,0.0,0.7407407407407407,0.18518518518518517,0.2962962962962963,0.0,0.0,0.646455199646689,0.8142857142857143
LI-Small,B6_leskovec_rw,20,2268,2,0.0,0.0,0.0,0.7407407407407407,0.18518518518518517,0.2962962962962963,0.0,0.0,0.0,0.7407407407407407,0.18518518518518517,0.2962962962962963,0.0,0.0,0.646455199646689,0.8142857142857143
LI-Small,B6_leskovec_rw,21,2268,2,0.0,0.0,0.0,0.7407407407407407,0.18518518518518517,0.2962962962962963,0.0,0.0,0.0,0.7407407407407407,0.18518518518518517,0.2962962962962963,0.0,0.0,0.646455199646689,0.8142857142857143
LI-Small,B6_leskovec_rw,22,2268,2,0.0,0.0,0.0,0.7407407407407407,0.18518518518518517,0.2962962962962963,0.0,0.0,0.0,0.7407407407407407,0.18518518518518517,0.2962962962962963,0.0,0.0,0.646455199646689,0.8142857142857143
LI-Small,B6_leskovec_rw,23,2268,0,0.0,0.0,0.0,0.7407407407407407,0.18518518518518517,0.2962962962962963,0.0,0.0,0.0,0.7407407407407407,0.18518518518518517,0.2962962962962963,0.0,0.0,0.646455199646689,0.8142857142857143
LI-Small,B6_leskovec_rw,24,2268,4,0.0,0.0,0.0,0.7407407407407407,0.18518518518518517,0.2962962962962963,0.0,0.0,0.0,0.7407407407407407,0.18518518518518517,0.2962962962962963,0.0,0.0,0.646455199646689,0.8142857142857143
LI-Small,B6_leskovec_rw,25,2268,0,0.0,0.0,0.0,0.7407407407407407,0.18518518518518517,0.2962962962962963,0.0,0.0,0.0,0.7407407407407407,0.18518518518518517,0.2962962962962963,0.0,0.0,0.646455199646689,0.8142857142857143
LI-Small,B6_leskovec_rw,26,2268,2,0.0,0.0,0.0,0.7407407407407407,0.18518518518518517,0.2962962962962963,0.0,0.0,0.0,0.7407407407407407,0.18518518518518517,0.2962962962962963,0.0,0.0,0.646455199646689,0.8142857142857143
LI-Small,B6_leskovec_rw,27,2268,4,1.0,0.25,0.4,0.2592592592592593,0.06481481481481483,0.10370370370370374,1.0,0.25,0.4,0.2592592592592593,0.06481481481481483,0.10370370370370374,0.0,0.0,0.646455199646689,0.8142857142857143
LI-Small,B6_leskovec_rw,28,2268,0,0.0,0.0,0.0,0.7407407407407407,0.18518518518518517,0.2962962962962963,0.0,0.0,0.0,0.7407407407407407,0.18518518518518517,0.2962962962962963,0.0,0.0,0.646455199646689,0.8142857142857143
LI-Small,B6_leskovec_rw,29,2268,1,0.0,0.0,0.0,0.7407407407407407,0.18518518518518517,0.2962962962962963,0.0,0.0,0.0,0.7407407407407407,0.18518518518518517,0.2962962962962963,0.0,0.0,0.646455199646689,0.8142857142857143
LI-Small,B6_leskovec_rw,30,2268,0,0.0,0.0,0.0,0.7407407407407407,0.18518518518518517,0.2962962962962963,0.0,0.0,0.0,0.7407407407407407,0.18518518518518517,0.2962962962962963,0.0,0.0,0.646455199646689,0.8142857142857143
LI-Small,B6_leskovec_rw,31,2268,1,0.0,0.0,0.0,0.7407407407407407,0.18518518518518517,0.2962962962962963,0.0,0.0,0.0,0.7407407407407407,0.18518518518518517,0.2962962962962963,0.0,0.0,0.646455199646689,0.8142857142857143
LI-Small,B6_leskovec_rw,32,2268,3,0.0,0.0,0.0,0.7407407407407407,0.18518518518518517,0.2962962962962963,0.0,0.0,0.0,0.7407407407407407,0.18518518518518517,0.2962962962962963,0.0,0.0,0.646455199646689,0.8142857142857143
LI-Small,B6_leskovec_rw,33,2268,2,0.0,0.0,0.0,0.7407407407407407,0.18518518518518517,0.2962962962962963,0.0,0.0,0.0,0.7407407407407407,0.18518518518518517,0.2962962962962963,0.0,0.0,0.646455199646689,0.8142857142857143
LI-Small,B6_leskovec_rw,34,2268,3,1.0,0.6666666666666666,0.8,0.2592592592592593,0.48148148148148145,0.5037037037037038,1.0,0.6666666666666666,0.8,0.2592592592592593,0.48148148148148145,0.5037037037037038,1.0,1.0,0.35354480035331104,0.18571428571428572
LI-Small,B6_leskovec_rw,35,2268,0,0.0,0.0,0.0,0.7407407407407407,0.18518518518518517,0.2962962962962963,0.0,0.0,0.0,0.7407407407407407,0.18518518518518517,0.2962962962962963,0.0,0.0,0.646455199646689,0.8142857142857143
LI-Small,B6_leskovec_rw,36,2268,1,0.0,0.0,0.0,0.7407407407407407,0.18518518518518517,0.2962962962962963,0.0,0.0,0.0,0.7407407407407407,0.18518518518518517,0.2962962962962963,0.0,0.0,0.646455199646689,0.8142857142857143
LI-Small,B6_leskovec_rw,37,2268,0,0.0,0.0,0.0,0.7407407407407407,0.18518518518518517,0.2962962962962963,0.0,0.0,0.0,0.7407407407407407,0.18518518518518517,0.2962962962962963,0.0,0.0,0.646455199646689,0.8142857142857143
LI-Small,B6_leskovec_rw,38,2268,2,0.0,0.0,0.0,0.7407407407407407,0.18518518518518517,0.2962962962962963,0.0,0.0,0.0,0.7407407407407407,0.18518518518518517,0.2962962962962963,0.0,0.0,0.646455199646689,0.8142857142857143
LI-Small,B6_leskovec_rw,39,2268,0,0.0,0.0,0.0,0.7407407407407407,0.18518518518518517,0.2962962962962963,0.0,0.0,0.0,0.7407407407407407,0.18518518518518517,0.2962962962962963,0.0,0.0,0.646455199646689,0.8142857142857143
LI-Small,B6_leskovec_rw,40,2268,0,0.0,0.0,0.0,0.7407407407407407,0.18518518518518517,0.2962962962962963,0.0,0.0,0.0,0.7407407407407407,0.18518518518518517,0.2962962962962963,0.0,0.0,0.646455199646689,0.8142857142857143
LI-Small,B6_leskovec_rw,41,2268,0,0.0,0.0,0.0,0.7407407407407407,0.18518518518518517,0.2962962962962963,0.0,0.0,0.0,0.7407407407407407,0.18518518518518517,0.2962962962962963,0.0,0.0,0.646455199646689,0.8142857142857143
LI-Small,B6_leskovec_rw,42,2268,2,1.0,1.0,1.0,0.2592592592592593,0.8148148148148149,0.7037037037037037,1.0,1.0,1.0,0.2592592592592593,0.8148148148148149,0.7037037037037037,1.0,1.0,0.35354480035331104,0.18571428571428572
LI-Small,B6_leskovec_rw,43,2268,2,0.0,0.0,0.0,0.7407407407407407,0.18518518518518517,0.2962962962962963,0.0,0.0,0.0,0.7407407407407407,0.18518518518518517,0.2962962962962963,0.0,0.0,0.646455199646689,0.8142857142857143
LI-Small,B6_leskovec_rw,44,2268,1,0.0,0.0,0.0,0.7407407407407407,0.18518518518518517,0.2962962962962963,0.0,0.0,0.0,0.7407407407407407,0.18518518518518517,0.2962962962962963,0.0,0.0,0.646455199646689,0.8142857142857143
LI-Small,B6_leskovec_rw,45,2268,0,0.0,0.0,0.0,0.7407407407407407,0.18518518518518517,0.2962962962962963,0.0,0.0,0.0,0.7407407407407407,0.18518518518518517,0.2962962962962963,0.0,0.0,0.646455199646689,0.8142857142857143
LI-Small,B6_leskovec_rw,46,2268,0,0.0,0.0,0.0,0.7407407407407407,0.18518518518518517,0.2962962962962963,0.0,0.0,0.0,0.7407407407407407,0.18518518518518517,0.2962962962962963,0.0,0.0,0.646455199646689,0.8142857142857143
LI-Small,B6_leskovec_rw,47,2268,1,1.0,1.0,1.0,0.2592592592592593,0.8148148148148149,0.7037037037037037,1.0,1.0,1.0,0.2592592592592593,0.8148148148148149,0.7037037037037037,1.0,1.0,0.35354480035331104,0.18571428571428572
LI-Small,B6_leskovec_rw,48,2268,3,1.0,0.6666666666666666,0.8,0.2592592592592593,0.48148148148148145,0.5037037037037038,1.0,0.6666666666666666,0.8,0.2592592592592593,0.48148148148148145,0.5037037037037038,1.0,1.0,0.35354480035331104,0.18571428571428572
LI-Small,B6_leskovec_rw,49,2268,0,0.0,0.0,0.0,0.7407407407407407,0.18518518518518517,0.2962962962962963,0.0,0.0,0.0,0.7407407407407407,0.18518518518518517,0.2962962962962963,0.0,0.0,0.646455199646689,0.8142857142857143
LI-Small,B7_gao_stratified,0,2268,0,0.0,0.0,0.0,0.7407407407407407,0.18518518518518517,0.2962962962962963,0.0,0.0,0.0,0.7407407407407407,0.18518518518518517,0.2962962962962963,0.0,0.0,0.646455199646689,0.8142857142857143
LI-Small,B7_gao_stratified,1,2268,2,0.0,0.0,0.0,0.7407407407407407,0.18518518518518517,0.2962962962962963,0.0,0.0,0.0,0.7407407407407407,0.18518518518518517,0.2962962962962963,0.0,0.0,0.646455199646689,0.8142857142857143
LI-Small,B7_gao_stratified,2,2268,1,0.0,0.0,0.0,0.7407407407407407,0.18518518518518517,0.2962962962962963,0.0,0.0,0.0,0.7407407407407407,0.18518518518518517,0.2962962962962963,0.0,0.0,0.646455199646689,0.8142857142857143
LI-Small,B7_gao_stratified,3,2268,1,0.0,0.0,0.0,0.7407407407407407,0.18518518518518517,0.2962962962962963,0.0,0.0,0.0,0.7407407407407407,0.18518518518518517,0.2962962962962963,0.0,0.0,0.646455199646689,0.8142857142857143
LI-Small,B7_gao_stratified,4,2268,2,0.0,0.0,0.0,0.7407407407407407,0.18518518518518517,0.2962962962962963,0.0,0.0,0.0,0.7407407407407407,0.18518518518518517,0.2962962962962963,0.0,0.0,0.646455199646689,0.8142857142857143
LI-Small,B7_gao_stratified,5,2268,1,0.0,0.0,0.0,0.7407407407407407,0.18518518518518517,0.2962962962962963,0.0,0.0,0.0,0.7407407407407407,0.18518518518518517,0.2962962962962963,0.0,0.0,0.646455199646689,0.8142857142857143
LI-Small,B7_gao_stratified,6,2268,2,1.0,0.5010210141785384,0.6675736174856038,0.2592592592592593,0.3158358289933532,0.37127732118930756,1.0,0.5,0.6666666666666666,0.2592592592592593,0.3148148148148148,0.37037037037037035,1.0,1.0,0.35354480035331104,0.18571428571428572
LI-Small,B7_gao_stratified,7,2268,2,1.0,0.5000717413816765,0.6667304337338874,0.2592592592592593,0.31488655619649136,0.3704341374375911,1.0,0.5,0.6666666666666666,0.2592592592592593,0.3148148148148148,0.37037037037037035,1.0,1.0,0.35354480035331104,0.18571428571428572
LI-Small,B7_gao_stratified,8,2268,2,0.0,0.0,0.0,0.7407407407407407,0.18518518518518517,0.2962962962962963,0.0,0.0,0.0,0.7407407407407407,0.18518518518518517,0.2962962962962963,0.0,0.0,0.646455199646689,0.8142857142857143
LI-Small,B7_gao_stratified,9,2268,0,0.0,0.0,0.0,0.7407407407407407,0.18518518518518517,0.2962962962962963,0.0,0.0,0.0,0.7407407407407407,0.18518518518518517,0.2962962962962963,0.0,0.0,0.646455199646689,0.8142857142857143
LI-Small,B7_gao_stratified,10,2268,2,0.0,0.0,0.0,0.7407407407407407,0.18518518518518517,0.2962962962962963,0.0,0.0,0.0,0.7407407407407407,0.18518518518518517,0.2962962962962963,0.0,0.0,0.646455199646689,0.8142857142857143
LI-Small,B7_gao_stratified,11,2268,1,0.0,0.0,0.0,0.7407407407407407,0.18518518518518517,0.2962962962962963,0.0,0.0,0.0,0.7407407407407407,0.18518518518518517,0.2962962962962963,0.0,0.0,0.646455199646689,0.8142857142857143
LI-Small,B7_gao_stratified,12,2268,1,0.0,0.0,0.0,0.7407407407407407,0.18518518518518517,0.2962962962962963,0.0,0.0,0.0,0.7407407407407407,0.18518518518518517,0.2962962962962963,0.0,0.0,0.646455199646689,0.8142857142857143
LI-Small,B7_gao_stratified,13,2268,0,0.0,0.0,0.0,0.7407407407407407,0.18518518518518517,0.2962962962962963,0.0,0.0,0.0,0.7407407407407407,0.18518518518518517,0.2962962962962963,0.0,0.0,0.646455199646689,0.8142857142857143
LI-Small,B7_gao_stratified,14,2268,0,0.0,0.0,0.0,0.7407407407407407,0.18518518518518517,0.2962962962962963,0.0,0.0,0.0,0.7407407407407407,0.18518518518518517,0.2962962962962963,0.0,0.0,0.646455199646689,0.8142857142857143
LI-Small,B7_gao_stratified,15,2268,0,0.0,0.0,0.0,0.7407407407407407,0.18518518518518517,0.2962962962962963,0.0,0.0,0.0,0.7407407407407407,0.18518518518518517,0.2962962962962963,0.0,0.0,0.646455199646689,0.8142857142857143
LI-Small,B7_gao_stratified,16,2268,3,1.0,0.6666666666666666,0.8,0.2592592592592593,0.48148148148148145,0.5037037037037038,1.0,0.6666666666666666,0.8,0.2592592592592593,0.48148148148148145,0.5037037037037038,0.3333333333333333,0.5,0.31312186631335565,0.3142857142857143
LI-Small,B7_gao_stratified,17,2268,2,1.0,0.5,0.6666666666666666,0.2592592592592593,0.3148148148148148,0.37037037037037035,1.0,0.5,0.6666666666666666,0.2592592592592593,0.3148148148148148,0.37037037037037035,1.0,1.0,0.35354480035331104,0.18571428571428572
LI-Small,B7_gao_stratified,18,2268,1,0.0,0.0,0.0,0.7407407407407407,0.18518518518518517,0.2962962962962963,0.0,0.0,0.0,0.7407407407407407,0.18518518518518517,0.2962962962962963,0.0,0.0,0.646455199646689,0.8142857142857143
LI-Small,B7_gao_stratified,19,2268,0,0.0,0.0,0.0,0.7407407407407407,0.18518518518518517,0.2962962962962963,0.0,0.0,0.0,0.7407407407407407,0.18518518518518517,0.2962962962962963,0.0,0.0,0.646455199646689,0.8142857142857143
LI-Small,B7_gao_stratified,20,2268,1,0.0,0.0,0.0,0.7407407407407407,0.18518518518518517,0.2962962962962963,0.0,0.0,0.0,0.7407407407407407,0.18518518518518517,0.2962962962962963,0.0,0.0,0.646455199646689,0.8142857142857143
LI-Small,B7_gao_stratified,21,2268,0,0.0,0.0,0.0,0.7407407407407407,0.18518518518518517,0.2962962962962963,0.0,0.0,0.0,0.7407407407407407,0.18518518518518517,0.2962962962962963,0.0,0.0,0.646455199646689,0.8142857142857143
LI-Small,B7_gao_stratified,22,2268,1,0.0,0.0,0.0,0.7407407407407407,0.18518518518518517,0.2962962962962963,0.0,0.0,0.0,0.7407407407407407,0.18518518518518517,0.2962962962962963,0.0,0.0,0.646455199646689,0.8142857142857143
LI-Small,B7_gao_stratified,23,2268,0,0.0,0.0,0.0,0.7407407407407407,0.18518518518518517,0.2962962962962963,0.0,0.0,0.0,0.7407407407407407,0.18518518518518517,0.2962962962962963,0.0,0.0,0.646455199646689,0.8142857142857143
LI-Small,B7_gao_stratified,24,2268,1,0.0,0.0,0.0,0.7407407407407407,0.18518518518518517,0.2962962962962963,0.0,0.0,0.0,0.7407407407407407,0.18518518518518517,0.2962962962962963,0.0,0.0,0.646455199646689,0.8142857142857143
LI-Small,B7_gao_stratified,25,2268,1,0.0,0.0,0.0,0.7407407407407407,0.18518518518518517,0.2962962962962963,0.0,0.0,0.0,0.7407407407407407,0.18518518518518517,0.2962962962962963,0.0,0.0,0.646455199646689,0.8142857142857143
LI-Small,B7_gao_stratified,26,2268,0,0.0,0.0,0.0,0.7407407407407407,0.18518518518518517,0.2962962962962963,0.0,0.0,0.0,0.7407407407407407,0.18518518518518517,0.2962962962962963,0.0,0.0,0.646455199646689,0.8142857142857143
LI-Small,B7_gao_stratified,27,2268,0,0.0,0.0,0.0,0.7407407407407407,0.18518518518518517,0.2962962962962963,0.0,0.0,0.0,0.7407407407407407,0.18518518518518517,0.2962962962962963,0.0,0.0,0.646455199646689,0.8142857142857143
LI-Small,B7_gao_stratified,28,2268,0,0.0,0.0,0.0,0.7407407407407407,0.18518518518518517,0.2962962962962963,0.0,0.0,0.0,0.7407407407407407,0.18518518518518517,0.2962962962962963,0.0,0.0,0.646455199646689,0.8142857142857143
LI-Small,B7_gao_stratified,29,2268,1,0.0,0.0,0.0,0.7407407407407407,0.18518518518518517,0.2962962962962963,0.0,0.0,0.0,0.7407407407407407,0.18518518518518517,0.2962962962962963,0.0,0.0,0.646455199646689,0.8142857142857143
LI-Small,B7_gao_stratified,30,2268,0,0.0,0.0,0.0,0.7407407407407407,0.18518518518518517,0.2962962962962963,0.0,0.0,0.0,0.7407407407407407,0.18518518518518517,0.2962962962962963,0.0,0.0,0.646455199646689,0.8142857142857143
LI-Small,B7_gao_stratified,31,2268,0,0.0,0.0,0.0,0.7407407407407407,0.18518518518518517,0.2962962962962963,0.0,0.0,0.0,0.7407407407407407,0.18518518518518517,0.2962962962962963,0.0,0.0,0.646455199646689,0.8142857142857143
LI-Small,B7_gao_stratified,32,2268,0,0.0,0.0,0.0,0.7407407407407407,0.18518518518518517,0.2962962962962963,0.0,0.0,0.0,0.7407407407407407,0.18518518518518517,0.2962962962962963,0.0,0.0,0.646455199646689,0.8142857142857143
LI-Small,B7_gao_stratified,33,2268,3,0.0,0.0,0.0,0.7407407407407407,0.18518518518518517,0.2962962962962963,0.0,0.0,0.0,0.7407407407407407,0.18518518518518517,0.2962962962962963,0.0,0.0,0.646455199646689,0.8142857142857143
LI-Small,B7_gao_stratified,34,2268,1,1.0,1.0,1.0,0.2592592592592593,0.8148148148148149,0.7037037037037037,1.0,1.0,1.0,0.2592592592592593,0.8148148148148149,0.7037037037037037,1.0,1.0,0.35354480035331104,0.18571428571428572
LI-Small,B7_gao_stratified,35,2268,0,0.0,0.0,0.0,0.7407407407407407,0.18518518518518517,0.2962962962962963,0.0,0.0,0.0,0.7407407407407407,0.18518518518518517,0.2962962962962963,0.0,0.0,0.646455199646689,0.8142857142857143
LI-Small,B7_gao_stratified,36,2268,0,0.0,0.0,0.0,0.7407407407407407,0.18518518518518517,0.2962962962962963,0.0,0.0,0.0,0.7407407407407407,0.18518518518518517,0.2962962962962963,0.0,0.0,0.646455199646689,0.8142857142857143
LI-Small,B7_gao_stratified,37,2268,4,0.0,0.0,0.0,0.7407407407407407,0.18518518518518517,0.2962962962962963,0.0,0.0,0.0,0.7407407407407407,0.18518518518518517,0.2962962962962963,0.0,0.0,0.646455199646689,0.8142857142857143
LI-Small,B7_gao_stratified,38,2268,1,0.0,0.0,0.0,0.7407407407407407,0.18518518518518517,0.2962962962962963,0.0,0.0,0.0,0.7407407407407407,0.18518518518518517,0.2962962962962963,0.0,0.0,0.646455199646689,0.8142857142857143
LI-Small,B7_gao_stratified,39,2268,1,0.0,0.0,0.0,0.7407407407407407,0.18518518518518517,0.2962962962962963,0.0,0.0,0.0,0.7407407407407407,0.18518518518518517,0.2962962962962963,0.0,0.0,0.646455199646689,0.8142857142857143
LI-Small,B7_gao_stratified,40,2268,4,0.0,0.0,0.0,0.7407407407407407,0.18518518518518517,0.2962962962962963,0.0,0.0,0.0,0.7407407407407407,0.18518518518518517,0.2962962962962963,0.0,0.0,0.646455199646689,0.8142857142857143
LI-Small,B7_gao_stratified,41,2268,2,0.0,0.0,0.0,0.7407407407407407,0.18518518518518517,0.2962962962962963,0.0,0.0,0.0,0.7407407407407407,0.18518518518518517,0.2962962962962963,0.0,0.0,0.646455199646689,0.8142857142857143
LI-Small,B7_gao_stratified,42,2268,1,1.0,1.0,1.0,0.2592592592592593,0.8148148148148149,0.7037037037037037,1.0,1.0,1.0,0.2592592592592593,0.8148148148148149,0.7037037037037037,1.0,1.0,0.35354480035331104,0.18571428571428572
LI-Small,B7_gao_stratified,43,2268,0,0.0,0.0,0.0,0.7407407407407407,0.18518518518518517,0.2962962962962963,0.0,0.0,0.0,0.7407407407407407,0.18518518518518517,0.2962962962962963,0.0,0.0,0.646455199646689,0.8142857142857143
LI-Small,B7_gao_stratified,44,2268,4,0.0,0.0,0.0,0.7407407407407407,0.18518518518518517,0.2962962962962963,0.0,0.0,0.0,0.7407407407407407,0.18518518518518517,0.2962962962962963,0.0,0.0,0.646455199646689,0.8142857142857143
LI-Small,B7_gao_stratified,45,2268,2,0.0,0.0,0.0,0.7407407407407407,0.18518518518518517,0.2962962962962963,0.0,0.0,0.0,0.7407407407407407,0.18518518518518517,0.2962962962962963,0.0,0.0,0.646455199646689,0.8142857142857143
LI-Small,B7_gao_stratified,46,2268,1,1.0,1.0,1.0,0.2592592592592593,0.8148148148148149,0.7037037037037037,1.0,1.0,1.0,0.2592592592592593,0.8148148148148149,0.7037037037037037,0.0,0.0,0.646455199646689,0.8142857142857143
LI-Small,B7_gao_stratified,47,2268,1,0.0,0.0,0.0,0.7407407407407407,0.18518518518518517,0.2962962962962963,0.0,0.0,0.0,0.7407407407407407,0.18518518518518517,0.2962962962962963,0.0,0.0,0.646455199646689,0.8142857142857143
LI-Small,B7_gao_stratified,48,2268,1,0.0,0.0,0.0,0.7407407407407407,0.18518518518518517,0.2962962962962963,0.0,0.0,0.0,0.7407407407407407,0.18518518518518517,0.2962962962962963,0.0,0.0,0.646455199646689,0.8142857142857143
LI-Small,B7_gao_stratified,49,2268,2,1.0,0.5,0.6666666666666666,0.2592592592592593,0.3148148148148148,0.37037037037037035,1.0,0.5,0.6666666666666666,0.2592592592592593,0.3148148148148148,0.37037037037037035,1.0,1.0,0.35354480035331104,0.18571428571428572
LI-Small,ablation-redraw,0,2268,756,0.7407407407407407,0.18518518518518517,0.2962962962962963,0.0,0.0,0.0,0.7407407407407407,0.18518518518518517,0.2962962962962963,0.0,0.0,0.0,0.646455199646689,0.8142857142857143,0.0,0.0
LI-Small,ablation-redraw,1,2268,756,0.7407407407407407,0.18518518518518517,0.2962962962962963,0.0,0.0,0.0,0.7407407407407407,0.18518518518518517,0.2962962962962963,0.0,0.0,0.0,0.646455199646689,0.8142857142857143,0.0,0.0
LI-Small,ablation-redraw,2,2268,756,0.7407407407407407,0.18518518518518517,0.2962962962962963,0.0,0.0,0.0,0.7407407407407407,0.18518518518518517,0.2962962962962963,0.0,0.0,0.0,0.646455199646689,0.8142857142857143,0.0,0.0
LI-Small,ablation-redraw,3,2268,756,0.7407407407407407,0.18518518518518517,0.2962962962962963,0.0,0.0,0.0,0.7407407407407407,0.18518518518518517,0.2962962962962963,0.0,0.0,0.0,0.646455199646689,0.8142857142857143,0.0,0.0
LI-Small,ablation-redraw,4,2268,756,0.7407407407407407,0.18518518518518517,0.2962962962962963,0.0,0.0,0.0,0.7407407407407407,0.18518518518518517,0.2962962962962963,0.0,0.0,0.0,0.646455199646689,0.8142857142857143,0.0,0.0
LI-Small,ablation-redraw,5,2268,756,0.7407407407407407,0.18518518518518517,0.2962962962962963,0.0,0.0,0.0,0.7407407407407407,0.18518518518518517,0.2962962962962963,0.0,0.0,0.0,0.646455199646689,0.8142857142857143,0.0,0.0
LI-Small,ablation-redraw,6,2268,756,0.7407407407407407,0.18518518518518517,0.2962962962962963,0.0,0.0,0.0,0.7407407407407407,0.18518518518518517,0.2962962962962963,0.0,0.0,0.0,0.646455199646689,0.8142857142857143,0.0,0.0
LI-Small,ablation-redraw,7,2268,756,0.7407407407407407,0.18518518518518517,0.2962962962962963,0.0,0.0,0.0,0.7407407407407407,0.18518518518518517,0.2962962962962963,0.0,0.0,0.0,0.646455199646689,0.8142857142857143,0.0,0.0
LI-Small,ablation-redraw,8,2268,756,0.7407407407407407,0.18518518518518517,0.2962962962962963,0.0,0.0,0.0,0.7407407407407407,0.18518518518518517,0.2962962962962963,0.0,0.0,0.0,0.646455199646689,0.8142857142857143,0.0,0.0
LI-Small,ablation-redraw,9,2268,756,0.7407407407407407,0.18518518518518517,0.2962962962962963,0.0,0.0,0.0,0.7407407407407407,0.18518518518518517,0.2962962962962963,0.0,0.0,0.0,0.646455199646689,0.8142857142857143,0.0,0.0
LI-Small,ablation-redraw,10,2268,756,0.7407407407407407,0.18518518518518517,0.2962962962962963,0.0,0.0,0.0,0.7407407407407407,0.18518518518518517,0.2962962962962963,0.0,0.0,0.0,0.646455199646689,0.8142857142857143,0.0,0.0
LI-Small,ablation-redraw,11,2268,756,0.7407407407407407,0.18518518518518517,0.2962962962962963,0.0,0.0,0.0,0.7407407407407407,0.18518518518518517,0.2962962962962963,0.0,0.0,0.0,0.646455199646689,0.8142857142857143,0.0,0.0
LI-Small,ablation-redraw,12,2268,756,0.7407407407407407,0.18518518518518517,0.2962962962962963,0.0,0.0,0.0,0.7407407407407407,0.18518518518518517,0.2962962962962963,0.0,0.0,0.0,0.646455199646689,0.8142857142857143,0.0,0.0
LI-Small,ablation-redraw,13,2268,756,0.7407407407407407,0.18518518518518517,0.2962962962962963,0.0,0.0,0.0,0.7407407407407407,0.18518518518518517,0.2962962962962963,0.0,0.0,0.0,0.646455199646689,0.8142857142857143,0.0,0.0
LI-Small,ablation-redraw,14,2268,756,0.7407407407407407,0.18518518518518517,0.2962962962962963,0.0,0.0,0.0,0.7407407407407407,0.18518518518518517,0.2962962962962963,0.0,0.0,0.0,0.646455199646689,0.8142857142857143,0.0,0.0
LI-Small,ablation-redraw,15,2268,756,0.7407407407407407,0.18518518518518517,0.2962962962962963,0.0,0.0,0.0,0.7407407407407407,0.18518518518518517,0.2962962962962963,0.0,0.0,0.0,0.646455199646689,0.8142857142857143,0.0,0.0
LI-Small,ablation-redraw,16,2268,756,0.7407407407407407,0.18518518518518517,0.2962962962962963,0.0,0.0,0.0,0.7407407407407407,0.18518518518518517,0.2962962962962963,0.0,0.0,0.0,0.646455199646689,0.8142857142857143,0.0,0.0
LI-Small,ablation-redraw,17,2268,756,0.7407407407407407,0.18518518518518517,0.2962962962962963,0.0,0.0,0.0,0.7407407407407407,0.18518518518518517,0.2962962962962963,0.0,0.0,0.0,0.646455199646689,0.8142857142857143,0.0,0.0
LI-Small,ablation-redraw,18,2268,756,0.7407407407407407,0.18518518518518517,0.2962962962962963,0.0,0.0,0.0,0.7407407407407407,0.18518518518518517,0.2962962962962963,0.0,0.0,0.0,0.646455199646689,0.8142857142857143,0.0,0.0
LI-Small,ablation-redraw,19,2268,756,0.7407407407407407,0.18518518518518517,0.2962962962962963,0.0,0.0,0.0,0.7407407407407407,0.18518518518518517,0.2962962962962963,0.0,0.0,0.0,0.646455199646689,0.8142857142857143,0.0,0.0
LI-Small,ablation-redraw,20,2268,756,0.7407407407407407,0.18518518518518517,0.2962962962962963,0.0,0.0,0.0,0.7407407407407407,0.18518518518518517,0.2962962962962963,0.0,0.0,0.0,0.646455199646689,0.8142857142857143,0.0,0.0
LI-Small,ablation-redraw,21,2268,756,0.7407407407407407,0.18518518518518517,0.2962962962962963,0.0,0.0,0.0,0.7407407407407407,0.18518518518518517,0.2962962962962963,0.0,0.0,0.0,0.646455199646689,0.8142857142857143,0.0,0.0
LI-Small,ablation-redraw,22,2268,756,0.7407407407407407,0.18518518518518517,0.2962962962962963,0.0,0.0,0.0,0.7407407407407407,0.18518518518518517,0.2962962962962963,0.0,0.0,0.0,0.646455199646689,0.8142857142857143,0.0,0.0
LI-Small,ablation-redraw,23,2268,756,0.7407407407407407,0.18518518518518517,0.2962962962962963,0.0,0.0,0.0,0.7407407407407407,0.18518518518518517,0.2962962962962963,0.0,0.0,0.0,0.646455199646689,0.8142857142857143,0.0,0.0
LI-Small,ablation-redraw,24,2268,756,0.7407407407407407,0.18518518518518517,0.2962962962962963,0.0,0.0,0.0,0.7407407407407407,0.18518518518518517,0.2962962962962963,0.0,0.0,0.0,0.646455199646689,0.8142857142857143,0.0,0.0
LI-Small,ablation-redraw,25,2268,756,0.7407407407407407,0.18518518518518517,0.2962962962962963,0.0,0.0,0.0,0.7407407407407407,0.18518518518518517,0.2962962962962963,0.0,0.0,0.0,0.646455199646689,0.8142857142857143,0.0,0.0
LI-Small,ablation-redraw,26,2268,756,0.7407407407407407,0.18518518518518517,0.2962962962962963,0.0,0.0,0.0,0.7407407407407407,0.18518518518518517,0.2962962962962963,0.0,0.0,0.0,0.646455199646689,0.8142857142857143,0.0,0.0
LI-Small,ablation-redraw,27,2268,756,0.7407407407407407,0.18518518518518517,0.2962962962962963,0.0,0.0,0.0,0.7407407407407407,0.18518518518518517,0.2962962962962963,0.0,0.0,0.0,0.646455199646689,0.8142857142857143,0.0,0.0
LI-Small,ablation-redraw,28,2268,756,0.7407407407407407,0.18518518518518517,0.2962962962962963,0.0,0.0,0.0,0.7407407407407407,0.18518518518518517,0.2962962962962963,0.0,0.0,0.0,0.646455199646689,0.8142857142857143,0.0,0.0
LI-Small,ablation-redraw,29,2268,756,0.7407407407407407,0.18518518518518517,0.2962962962962963,0.0,0.0,0.0,0.7407407407407407,0.18518518518518517,0.2962962962962963,0.0,0.0,0.0,0.646455199646689,0.8142857142857143,0.0,0.0
LI-Small,ablation-redraw,30,2268,756,0.7407407407407407,0.18518518518518517,0.2962962962962963,0.0,0.0,0.0,0.7407407407407407,0.18518518518518517,0.2962962962962963,0.0,0.0,0.0,0.646455199646689,0.8142857142857143,0.0,0.0
LI-Small,ablation-redraw,31,2268,756,0.7407407407407407,0.18518518518518517,0.2962962962962963,0.0,0.0,0.0,0.7407407407407407,0.18518518518518517,0.2962962962962963,0.0,0.0,0.0,0.646455199646689,0.8142857142857143,0.0,0.0
LI-Small,ablation-redraw,32,2268,756,0.7407407407407407,0.18518518518518517,0.2962962962962963,0.0,0.0,0.0,0.7407407407407407,0.18518518518518517,0.2962962962962963,0.0,0.0,0.0,0.646455199646689,0.8142857142857143,0.0,0.0
LI-Small,ablation-redraw,33,2268,756,0.7407407407407407,0.18518518518518517,0.2962962962962963,0.0,0.0,0.0,0.7407407407407407,0.18518518518518517,0.2962962962962963,0.0,0.0,0.0,0.646455199646689,0.8142857142857143,0.0,0.0
LI-Small,ablation-redraw,34,2268,756,0.7407407407407407,0.18518518518518517,0.2962962962962963,0.0,0.0,0.0,0.7407407407407407,0.18518518518518517,0.2962962962962963,0.0,0.0,0.0,0.646455199646689,0.8142857142857143,0.0,0.0
LI-Small,ablation-redraw,35,2268,756,0.7407407407407407,0.18518518518518517,0.2962962962962963,0.0,0.0,0.0,0.7407407407407407,0.18518518518518517,0.2962962962962963,0.0,0.0,0.0,0.646455199646689,0.8142857142857143,0.0,0.0
LI-Small,ablation-redraw,36,2268,756,0.7407407407407407,0.18518518518518517,0.2962962962962963,0.0,0.0,0.0,0.7407407407407407,0.18518518518518517,0.2962962962962963,0.0,0.0,0.0,0.646455199646689,0.8142857142857143,0.0,0.0
LI-Small,ablation-redraw,37,2268,756,0.7407407407407407,0.18518518518518517,0.2962962962962963,0.0,0.0,0.0,0.7407407407407407,0.18518518518518517,0.2962962962962963,0.0,0.0,0.0,0.646455199646689,0.8142857142857143,0.0,0.0
LI-Small,ablation-redraw,38,2268,756,0.7407407407407407,0.18518518518518517,0.2962962962962963,0.0,0.0,0.0,0.7407407407407407,0.18518518518518517,0.2962962962962963,0.0,0.0,0.0,0.646455199646689,0.8142857142857143,0.0,0.0
LI-Small,ablation-redraw,39,2268,756,0.7407407407407407,0.18518518518518517,0.2962962962962963,0.0,0.0,0.0,0.7407407407407407,0.18518518518518517,0.2962962962962963,0.0,0.0,0.0,0.646455199646689,0.8142857142857143,0.0,0.0
LI-Small,ablation-redraw,40,2268,756,0.7407407407407407,0.18518518518518517,0.2962962962962963,0.0,0.0,0.0,0.7407407407407407,0.18518518518518517,0.2962962962962963,0.0,0.0,0.0,0.646455199646689,0.8142857142857143,0.0,0.0
LI-Small,ablation-redraw,41,2268,756,0.7407407407407407,0.18518518518518517,0.2962962962962963,0.0,0.0,0.0,0.7407407407407407,0.18518518518518517,0.2962962962962963,0.0,0.0,0.0,0.646455199646689,0.8142857142857143,0.0,0.0
LI-Small,ablation-redraw,42,2268,756,0.7407407407407407,0.18518518518518517,0.2962962962962963,0.0,0.0,0.0,0.7407407407407407,0.18518518518518517,0.2962962962962963,0.0,0.0,0.0,0.646455199646689,0.8142857142857143,0.0,0.0
LI-Small,ablation-redraw,43,2268,756,0.7407407407407407,0.18518518518518517,0.2962962962962963,0.0,0.0,0.0,0.7407407407407407,0.18518518518518517,0.2962962962962963,0.0,0.0,0.0,0.646455199646689,0.8142857142857143,0.0,0.0
LI-Small,ablation-redraw,44,2268,756,0.7407407407407407,0.18518518518518517,0.2962962962962963,0.0,0.0,0.0,0.7407407407407407,0.18518518518518517,0.2962962962962963,0.0,0.0,0.0,0.646455199646689,0.8142857142857143,0.0,0.0
LI-Small,ablation-redraw,45,2268,756,0.7407407407407407,0.18518518518518517,0.2962962962962963,0.0,0.0,0.0,0.7407407407407407,0.18518518518518517,0.2962962962962963,0.0,0.0,0.0,0.646455199646689,0.8142857142857143,0.0,0.0
LI-Small,ablation-redraw,46,2268,756,0.7407407407407407,0.18518518518518517,0.2962962962962963,0.0,0.0,0.0,0.7407407407407407,0.18518518518518517,0.2962962962962963,0.0,0.0,0.0,0.646455199646689,0.8142857142857143,0.0,0.0
LI-Small,ablation-redraw,47,2268,756,0.7407407407407407,0.18518518518518517,0.2962962962962963,0.0,0.0,0.0,0.7407407407407407,0.18518518518518517,0.2962962962962963,0.0,0.0,0.0,0.646455199646689,0.8142857142857143,0.0,0.0
LI-Small,ablation-redraw,48,2268,756,0.7407407407407407,0.18518518518518517,0.2962962962962963,0.0,0.0,0.0,0.7407407407407407,0.18518518518518517,0.2962962962962963,0.0,0.0,0.0,0.646455199646689,0.8142857142857143,0.0,0.0
LI-Small,ablation-redraw,49,2268,756,0.7407407407407407,0.18518518518518517,0.2962962962962963,0.0,0.0,0.0,0.7407407407407407,0.18518518518518517,0.2962962962962963,0.0,0.0,0.0,0.646455199646689,0.8142857142857143,0.0,0.0
