dataset,n_benign,draw_id,w_precision,w_recall,w_f1,delta_p_w,delta_r_w,delta_f1_w,uw_precision,uw_recall,uw_f1,delta_p_uw,delta_r_uw,delta_f1_uw,kl_typology,n_typology_classes,irt_level,typ_0,typ_1,typ_2,typ_3,typ_4,typ_5,typ_6,typ_7
HI-Small,2502,0,0.9345549738219895,0.5707434052757794,0.7086848635235731,0.0,0.0,1.1102230246251565e-16,0.9345549738219895,0.5707434052757794,0.7086848635235732,0.0,0.0,0.0,0.0,8,GOOD,85,90,74,142,259,32,43,66
HI-Small,2502,1,0.9345549738219895,0.5707434052757794,0.7086848635235731,0.0,0.0,1.1102230246251565e-16,0.9345549738219895,0.5707434052757794,0.7086848635235732,0.0,0.0,0.0,0.0,8,GOOD,85,90,74,142,259,32,43,66
HI-Small,2502,2,0.9345549738219895,0.5707434052757794,0.7086848635235731,0.0,0.0,1.1102230246251565e-16,0.9345549738219895,0.5707434052757794,0.7086848635235732,0.0,0.0,0.0,0.0,8,GOOD,85,90,74,142,259,32,43,66
HI-Small,2502,3,0.9345549738219895,0.5707434052757794,0.7086848635235731,0.0,0.0,1.1102230246251565e-16,0.9345549738219895,0.5707434052757794,0.7086848635235732,0.0,0.0,0.0,0.0,8,GOOD,85,90,74,142,259,32,43,66
HI-Small,2502,4,0.9345549738219895,0.5707434052757794,0.7086848635235731,0.0,0.0,1.1102230246251565e-16,0.9345549738219895,0.5707434052757794,0.7086848635235732,0.0,0.0,0.0,0.0,8,GOOD,85,90,74,142,259,32,43,66
HI-Small,2502,5,0.9345549738219895,0.5707434052757794,0.7086848635235731,0.0,0.0,1.1102230246251565e-16,0.9345549738219895,0.5707434052757794,0.7086848635235732,0.0,0.0,0.0,0.0,8,GOOD,85,90,74,142,259,32,43,66
HI-Small,2502,6,0.9345549738219895,0.5707434052757794,0.7086848635235731,0.0,0.0,1.1102230246251565e-16,0.9345549738219895,0.5707434052757794,0.7086848635235732,0.0,0.0,0.0,0.0,8,GOOD,85,90,74,142,259,32,43,66
HI-Small,2502,7,0.9345549738219895,0.5707434052757794,0.7086848635235731,0.0,0.0,1.1102230246251565e-16,0.9345549738219895,0.5707434052757794,0.7086848635235732,0.0,0.0,0.0,0.0,8,GOOD,85,90,74,142,259,32,43,66
HI-Small,2502,8,0.9345549738219895,0.5707434052757794,0.7086848635235731,0.0,0.0,1.1102230246251565e-16,0.9345549738219895,0.5707434052757794,0.7086848635235732,0.0,0.0,0.0,0.0,8,GOOD,85,90,74,142,259,32,43,66
HI-Small,2502,9,0.9345549738219895,0.5707434052757794,0.7086848635235731,0.0,0.0,1.1102230246251565e-16,0.9345549738219895,0.5707434052757794,0.7086848635235732,0.0,0.0,0.0,0.0,8,GOOD,85,90,74,142,259,32,43,66
HI-Small,2502,10,0.9345549738219895,0.5707434052757794,0.7086848635235731,0.0,0.0,1.1102230246251565e-16,0.9345549738219895,0.5707434052757794,0.7086848635235732,0.0,0.0,0.0,0.0,8,GOOD,85,90,74,142,259,32,43,66
HI-Small,2502,11,0.9345549738219895,0.5707434052757794,0.7086848635235731,0.0,0.0,1.1102230246251565e-16,0.9345549738219895,0.5707434052757794,0.7086848635235732,0.0,0.0,0.0,0.0,8,GOOD,85,90,74,142,259,32,43,66
HI-Small,2502,12,0.9345549738219895,0.5707434052757794,0.7086848635235731,0.0,0.0,1.1102230246251565e-16,0.9345549738219895,0.5707434052757794,0.7086848635235732,0.0,0.0,0.0,0.0,8,GOOD,85,90,74,142,259,32,43,66
HI-Small,2502,13,0.9345549738219895,0.5707434052757794,0.7086848635235731,0.0,0.0,1.1102230246251565e-16,0.9345549738219895,0.5707434052757794,0.7086848635235732,0.0,0.0,0.0,0.0,8,GOOD,85,90,74,142,259,32,43,66
HI-Small,2502,14,0.9345549738219895,0.5707434052757794,0.7086848635235731,0.0,0.0,1.1102230246251565e-16,0.9345549738219895,0.5707434052757794,0.7086848635235732,0.0,0.0,0.0,0.0,8,GOOD,85,90,74,142,259,32,43,66
HI-Small,2502,15,0.9345549738219895,0.5707434052757794,0.7086848635235731,0.0,0.0,1.1102230246251565e-16,0.9345549738219895,0.5707434052757794,0.7086848635235732,0.0,0.0,0.0,0.0,8,GOOD,85,90,74,142,259,32,43,66
HI-Small,2502,16,0.9345549738219895,0.5707434052757794,0.7086848635235731,0.0,0.0,1.1102230246251565e-16,0.9345549738219895,0.5707434052757794,0.7086848635235732,0.0,0.0,0.0,0.0,8,GOOD,85,90,74,142,259,32,43,66
HI-Small,2502,17,0.9345549738219895,0.5707434052757794,0.7086848635235731,0.0,0.0,1.1102230246251565e-16,0.9345549738219895,0.5707434052757794,0.7086848635235732,0.0,0.0,0.0,0.0,8,GOOD,85,90,74,142,259,32,43,66
HI-Small,2502,18,0.9345549738219895,0.5707434052757794,0.7086848635235731,0.0,0.0,1.1102230246251565e-16,0.9345549738219895,0.5707434052757794,0.7086848635235732,0.0,0.0,0.0,0.0,8,GOOD,85,90,74,142,259,32,43,66
HI-Small,2502,19,0.9345549738219895,0.5707434052757794,0.7086848635235731,0.0,0.0,1.1102230246251565e-16,0.9345549738219895,0.5707434052757794,0.7086848635235732,0.0,0.0,0.0,0.0,8,GOOD,85,90,74,142,259,32,43,66
HI-Small,2502,20,0.9345549738219895,0.5707434052757794,0.7086848635235731,0.0,0.0,1.1102230246251565e-16,0.9345549738219895,0.5707434052757794,0.7086848635235732,0.0,0.0,0.0,0.0,8,GOOD,85,90,74,142,259,32,43,66
HI-Small,2502,21,0.9345549738219895,0.5707434052757794,0.7086848635235731,0.0,0.0,1.1102230246251565e-16,0.9345549738219895,0.5707434052757794,0.7086848635235732,0.0,0.0,0.0,0.0,8,GOOD,85,90,74,142,259,32,43,66
HI-Small,2502,22,0.9345549738219895,0.5707434052757794,0.7086848635235731,0.0,0.0,1.1102230246251565e-16,0.9345549738219895,0.5707434052757794,0.7086848635235732,0.0,0.0,0.0,0.0,8,GOOD,85,90,74,142,259,32,43,66
HI-Small,2502,23,0.9345549738219895,0.5707434052757794,0.7086848635235731,0.0,0.0,1.1102230246251565e-16,0.9345549738219895,0.5707434052757794,0.7086848635235732,0.0,0.0,0.0,0.0,8,GOOD,85,90,74,142,259,32,43,66
HI-Small,2502,24,0.9345549738219895,0.5707434052757794,0.7086848635235731,0.0,0.0,1.1102230246251565e-16,0.9345549738219895,0.5707434052757794,0.7086848635235732,0.0,0.0,0.0,0.0,8,GOOD,85,90,74,142,259,32,43,66
HI-Small,2502,25,0.9345549738219895,0.5707434052757794,0.7086848635235731,0.0,0.0,1.1102230246251565e-16,0.9345549738219895,0.5707434052757794,0.7086848635235732,0.0,0.0,0.0,0.0,8,GOOD,85,90,74,142,259,32,43,66
HI-Small,2502,26,0.9345549738219895,0.5707434052757794,0.7086848635235731,0.0,0.0,1.1102230246251565e-16,0.9345549738219895,0.5707434052757794,0.7086848635235732,0.0,0.0,0.0,0.0,8,GOOD,85,90,74,142,259,32,43,66
HI-Small,2502,27,0.9345549738219895,0.5707434052757794,0.7086848635235731,0.0,0.0,1.1102230246251565e-16,0.9345549738219895,0.5707434052757794,0.7086848635235732,0.0,0.0,0.0,0.0,8,GOOD,85,90,74,142,259,32,43,66
HI-Small,2502,28,0.9345549738219895,0.5707434052757794,0.7086848635235731,0.0,0.0,1.1102230246251565e-16,0.9345549738219895,0.5707434052757794,0.7086848635235732,0.0,0.0,0.0,0.0,8,GOOD,85,90,74,142,259,32,43,66
HI-Small,2502,29,0.9345549738219895,0.5707434052757794,0.7086848635235731,0.0,0.0,1.1102230246251565e-16,0.9345549738219895,0.5707434052757794,0.7086848635235732,0.0,0.0,0.0,0.0,8,GOOD,85,90,74,142,259,32,43,66
HI-Small,2502,30,0.9345549738219895,0.5707434052757794,0.7086848635235731,0.0,0.0,1.1102230246251565e-16,0.9345549738219895,0.5707434052757794,0.7086848635235732,0.0,0.0,0.0,0.0,8,GOOD,85,90,74,142,259,32,43,66
HI-Small,2502,31,0.9345549738219895,0.5707434052757794,0.7086848635235731,0.0,0.0,1.1102230246251565e-16,0.9345549738219895,0.5707434052757794,0.7086848635235732,0.0,0.0,0.0,0.0,8,GOOD,85,90,74,142,259,32,43,66
HI-Small,2502,32,0.9345549738219895,0.5707434052757794,0.7086848635235731,0.0,0.0,1.1102230246251565e-16,0.9345549738219895,0.5707434052757794,0.7086848635235732,0.0,0.0,0.0,0.0,8,GOOD,85,90,74,142,259,32,43,66
HI-Small,2502,33,0.9345549738219895,0.5707434052757794,0.7086848635235731,0.0,0.0,1.1102230246251565e-16,0.9345549738219895,0.5707434052757794,0.7086848635235732,0.0,0.0,0.0,0.0,8,GOOD,85,90,74,142,259,32,43,66
HI-Small,2502,34,0.9345549738219895,0.5707434052757794,0.7086848635235731,0.0,0.0,1.1102230246251565e-16,0.9345549738219895,0.5707434052757794,0.7086848635235732,0.0,0.0,0.0,0.0,8,GOOD,85,90,74,142,259,32,43,66
HI-Small,2502,35,0.9345549738219895,0.5707434052757794,0.7086848635235731,0.0,0.0,1.1102230246251565e-16,0.9345549738219895,0.5707434052757794,0.7086848635235732,0.0,0.0,0.0,0.0,8,GOOD,85,90,74,142,259,32,43,66
HI-Small,2502,36,0.9345549738219895,0.5707434052757794,0.7086848635235731,0.0,0.0,1.1102230246251565e-16,0.9345549738219895,0.5707434052757794,0.7086848635235732,0.0,0.0,0.0,0.0,8,GOOD,85,90,74,142,259,32,43,66
HI-Small,2502,37,0.9345549738219895,0.5707434052757794,0.7086848635235731,0.0,0.0,1.1102230246251565e-16,0.9345549738219895,0.5707434052757794,0.7086848635235732,0.0,0.0,0.0,0.0,8,GOOD,85,90,74,142,259,32,43,66
HI-Small,2502,38,0.9345549738219895,0.5707434052757794,0.7086848635235731,0.0,0.0,1.1102230246251565e-16,0.9345549738219895,0.5707434052757794,0.7086848635235732,0.0,0.0,0.0,0.0,8,GOOD,85,90,74,142,259,32,43,66
HI-Small,2502,39,0.9345549738219895,0.5707434052757794,0.7086848635235731,0.0,0.0,1.1102230246251565e-16,0.9345549738219895,0.5707434052757794,0.7086848635235732,0.0,0.0,0.0,0.0,8,GOOD,85,90,74,142,259,32,43,66
HI-Small,2502,40,0.9345549738219895,0.5707434052757794,0.7086848635235731,0.0,0.0,1.1102230246251565e-16,0.9345549738219895,0.5707434052757794,0.7086848635235732,0.0,0.0,0.0,0.0,8,GOOD,85,90,74,142,259,32,43,66
HI-Small,2502,41,0.9345549738219895,0.5707434052757794,0.7086848635235731,0.0,0.0,1.1102230246251565e-16,0.9345549738219895,0.5707434052757794,0.7086848635235732,0.0,0.0,0.0,0.0,8,GOOD,85,90,74,142,259,32,43,66
HI-Small,2502,42,0.9345549738219895,0.5707434052757794,0.7086848635235731,0.0,0.0,1.1102230246251565e-16,0.9345549738219895,0.5707434052757794,0.7086848635235732,0.0,0.0,0.0,0.0,8,GOOD,85,90,74,142,259,32,43,66
HI-Small,2502,43,0.9345549738219895,0.5707434052757794,0.7086848635235731,0.0,0.0,1.1102230246251565e-16,0.9345549738219895,0.5707434052757794,0.7086848635235732,0.0,0.0,0.0,0.0,8,GOOD,85,90,74,142,259,32,43,66
HI-Small,2502,44,0.9345549738219895,0.5707434052757794,0.7086848635235731,0.0,0.0,1.1102230246251565e-16,0.9345549738219895,0.5707434052757794,0.7086848635235732,0.0,0.0,0.0,0.0,8,GOOD,85,90,74,142,259,32,43,66
HI-Small,2502,45,0.9345549738219895,0.5707434052757794,0.7086848635235731,0.0,0.0,1.1102230246251565e-16,0.9345549738219895,0.5707434052757794,0.7086848635235732,0.0,0.0,0.0,0.0,8,GOOD,85,90,74,142,259,32,43,66
HI-Small,2502,46,0.9345549738219895,0.5707434052757794,0.7086848635235731,0.0,0.0,1.1102230246251565e-16,0.9345549738219895,0.5707434052757794,0.7086848635235732,0.0,0.0,0.0,0.0,8,GOOD,85,90,74,142,259,32,43,66
HI-Small,2502,47,0.9345549738219895,0.5707434052757794,0.7086848635235731,0.0,0.0,1.1102230246251565e-16,0.9345549738219895,0.5707434052757794,0.7086848635235732,0.0,0.0,0.0,0.0,8,GOOD,85,90,74,142,259,32,43,66
HI-Small,2502,48,0.9345549738219895,0.5707434052757794,0.7086848635235731,0.0,0.0,1.1102230246251565e-16,0.9345549738219895,0.5707434052757794,0.7086848635235732,0.0,0.0,0.0,0.0,8,GOOD,85,90,74,142,259,32,43,66
HI-Small,2502,49,0.9345549738219895,0.5707434052757794,0.7086848635235731,0.0,0.0,1.1102230246251565e-16,0.9345549738219895,0.5707434052757794,0.7086848635235732,0.0,0.0,0.0,0.0,8,GOOD,85,90,74,142,259,32,43,66
HI-Small,4319,0,0.9345549738219895,0.5707434052757794,0.7086848635235731,0.0,0.0,1.1102230246251565e-16,0.9345549738219895,0.5707434052757794,0.7086848635235732,0.0,0.0,0.0,0.0,8,GOOD,85,90,74,142,259,32,43,66
HI-Small,4319,1,0.9345549738219895,0.5707434052757794,0.7086848635235731,0.0,0.0,1.1102230246251565e-16,0.9345549738219895,0.5707434052757794,0.7086848635235732,0.0,0.0,0.0,0.0,8,GOOD,85,90,74,142,259,32,43,66
HI-Small,4319,2,0.9345549738219895,0.5707434052757794,0.7086848635235731,0.0,0.0,1.1102230246251565e-16,0.9345549738219895,0.5707434052757794,0.7086848635235732,0.0,0.0,0.0,0.0,8,GOOD,85,90,74,142,259,32,43,66
HI-Small,4319,3,0.9345549738219895,0.5707434052757794,0.7086848635235731,0.0,0.0,1.1102230246251565e-16,0.9345549738219895,0.5707434052757794,0.7086848635235732,0.0,0.0,0.0,0.0,8,GOOD,85,90,74,142,259,32,43,66
HI-Small,4319,4,0.9345549738219895,0.5707434052757794,0.7086848635235731,0.0,0.0,1.1102230246251565e-16,0.9345549738219895,0.5707434052757794,0.7086848635235732,0.0,0.0,0.0,0.0,8,GOOD,85,90,74,142,259,32,43,66
HI-Small,4319,5,0.9345549738219895,0.5707434052757794,0.7086848635235731,0.0,0.0,1.1102230246251565e-16,0.9345549738219895,0.5707434052757794,0.7086848635235732,0.0,0.0,0.0,0.0,8,GOOD,85,90,74,142,259,32,43,66
HI-Small,4319,6,0.9345549738219895,0.5707434052757794,0.7086848635235731,0.0,0.0,1.1102230246251565e-16,0.9345549738219895,0.5707434052757794,0.7086848635235732,0.0,0.0,0.0,0.0,8,GOOD,85,90,74,142,259,32,43,66
HI-Small,4319,7,0.9345549738219895,0.5707434052757794,0.7086848635235731,0.0,0.0,1.1102230246251565e-16,0.9345549738219895,0.5707434052757794,0.7086848635235732,0.0,0.0,0.0,0.0,8,GOOD,85,90,74,142,259,32,43,66
HI-Small,4319,8,0.9345549738219895,0.5707434052757794,0.7086848635235731,0.0,0.0,1.1102230246251565e-16,0.9345549738219895,0.5707434052757794,0.7086848635235732,0.0,0.0,0.0,0.0,8,GOOD,85,90,74,142,259,32,43,66
HI-Small,4319,9,0.9345549738219895,0.5707434052757794,0.7086848635235731,0.0,0.0,1.1102230246251565e-16,0.9345549738219895,0.5707434052757794,0.7086848635235732,0.0,0.0,0.0,0.0,8,GOOD,85,90,74,142,259,32,43,66
HI-Small,4319,10,0.9345549738219895,0.5707434052757794,0.7086848635235731,0.0,0.0,1.1102230246251565e-16,0.9345549738219895,0.5707434052757794,0.7086848635235732,0.0,0.0,0.0,0.0,8,GOOD,85,90,74,142,259,32,43,66
HI-Small,4319,11,0.9345549738219895,0.5707434052757794,0.7086848635235731,0.0,0.0,1.1102230246251565e-16,0.9345549738219895,0.5707434052757794,0.7086848635235732,0.0,0.0,0.0,0.0,8,GOOD,85,90,74,142,259,32,43,66
HI-Small,4319,12,0.9345549738219895,0.5707434052757794,0.7086848635235731,0.0,0.0,1.1102230246251565e-16,0.9345549738219895,0.5707434052757794,0.7086848635235732,0.0,0.0,0.0,0.0,8,GOOD,85,90,74,142,259,32,43,66
HI-Small,4319,13,0.9345549738219895,0.5707434052757794,0.7086848635235731,0.0,0.0,1.1102230246251565e-16,0.9345549738219895,0.5707434052757794,0.7086848635235732,0.0,0.0,0.0,0.0,8,GOOD,85,90,74,142,259,32,43,66
HI-Small,4319,14,0.9345549738219895,0.5707434052757794,0.7086848635235731,0.0,0.0,1.1102230246251565e-16,0.9345549738219895,0.5707434052757794,0.7086848635235732,0.0,0.0,0.0,0.0,8,GOOD,85,90,74,142,259,32,43,66
HI-Small,4319,15,0.9345549738219895,0.5707434052757794,0.7086848635235731,0.0,0.0,1.1102230246251565e-16,0.9345549738219895,0.5707434052757794,0.7086848635235732,0.0,0.0,0.0,0.0,8,GOOD,85,90,74,142,259,32,43,66
HI-Small,4319,16,0.9345549738219895,0.5707434052757794,0.7086848635235731,0.0,0.0,1.1102230246251565e-16,0.9345549738219895,0.5707434052757794,0.7086848635235732,0.0,0.0,0.0,0.0,8,GOOD,85,90,74,142,259,32,43,66
HI-Small,4319,17,0.9345549738219895,0.5707434052757794,0.7086848635235731,0.0,0.0,1.1102230246251565e-16,0.9345549738219895,0.5707434052757794,0.7086848635235732,0.0,0.0,0.0,0.0,8,GOOD,85,90,74,142,259,32,43,66
HI-Small,4319,18,0.9345549738219895,0.5707434052757794,0.7086848635235731,0.0,0.0,1.1102230246251565e-16,0.9345549738219895,0.5707434052757794,0.7086848635235732,0.0,0.0,0.0,0.0,8,GOOD,85,90,74,142,259,32,43,66
HI-Small,4319,19,0.9345549738219895,0.5707434052757794,0.7086848635235731,0.0,0.0,1.1102230246251565e-16,0.9345549738219895,0.5707434052757794,0.7086848635235732,0.0,0.0,0.0,0.0,8,GOOD,85,90,74,142,259,32,43,66
HI-Small,4319,20,0.9345549738219895,0.5707434052757794,0.7086848635235731,0.0,0.0,1.1102230246251565e-16,0.9345549738219895,0.5707434052757794,0.7086848635235732,0.0,0.0,0.0,0.0,8,GOOD,85,90,74,142,259,32,43,66
HI-Small,4319,21,0.9345549738219895,0.5707434052757794,0.7086848635235731,0.0,0.0,1.1102230246251565e-16,0.9345549738219895,0.5707434052757794,0.7086848635235732,0.0,0.0,0.0,0.0,8,GOOD,85,90,74,142,259,32,43,66
HI-Small,4319,22,0.9345549738219895,0.5707434052757794,0.7086848635235731,0.0,0.0,1.1102230246251565e-16,0.9345549738219895,0.5707434052757794,0.7086848635235732,0.0,0.0,0.0,0.0,8,GOOD,85,90,74,142,259,32,43,66
HI-Small,4319,23,0.9345549738219895,0.5707434052757794,0.7086848635235731,0.0,0.0,1.1102230246251565e-16,0.9345549738219895,0.5707434052757794,0.7086848635235732,0.0,0.0,0.0,0.0,8,GOOD,85,90,74,142,259,32,43,66
HI-Small,4319,24,0.9345549738219895,0.5707434052757794,0.7086848635235731,0.0,0.0,1.1102230246251565e-16,0.9345549738219895,0.5707434052757794,0.7086848635235732,0.0,0.0,0.0,0.0,8,GOOD,85,90,74,142,259,32,43,66
HI-Small,4319,25,0.9345549738219895,0.5707434052757794,0.7086848635235731,0.0,0.0,1.1102230246251565e-16,0.9345549738219895,0.5707434052757794,0.7086848635235732,0.0,0.0,0.0,0.0,8,GOOD,85,90,74,142,259,32,43,66
HI-Small,4319,26,0.9345549738219895,0.5707434052757794,0.7086848635235731,0.0,0.0,1.1102230246251565e-16,0.9345549738219895,0.5707434052757794,0.7086848635235732,0.0,0.0,0.0,0.0,8,GOOD,85,90,74,142,259,32,43,66
HI-Small,4319,27,0.9345549738219895,0.5707434052757794,0.7086848635235731,0.0,0.0,1.1102230246251565e-16,0.9345549738219895,0.5707434052757794,0.7086848635235732,0.0,0.0,0.0,0.0,8,GOOD,85,90,74,142,259,32,43,66
HI-Small,4319,28,0.9345549738219895,0.5707434052757794,0.7086848635235731,0.0,0.0,1.1102230246251565e-16,0.9345549738219895,0.5707434052757794,0.7086848635235732,0.0,0.0,0.0,0.0,8,GOOD,85,90,74,142,259,32,43,66
HI-Small,4319,29,0.9345549738219895,0.5707434052757794,0.7086848635235731,0.0,0.0,1.1102230246251565e-16,0.9345549738219895,0.5707434052757794,0.7086848635235732,0.0,0.0,0.0,0.0,8,GOOD,85,90,74,142,259,32,43,66
HI-Small,4319,30,0.9345549738219895,0.5707434052757794,0.7086848635235731,0.0,0.0,1.1102230246251565e-16,0.9345549738219895,0.5707434052757794,0.7086848635235732,0.0,0.0,0.0,0.0,8,GOOD,85,90,74,142,259,32,43,66
HI-Small,4319,31,0.9345549738219895,0.5707434052757794,0.7086848635235731,0.0,0.0,1.1102230246251565e-16,0.9345549738219895,0.5707434052757794,0.7086848635235732,0.0,0.0,0.0,0.0,8,GOOD,85,90,74,142,259,32,43,66
HI-Small,4319,32,0.9345549738219895,0.5707434052757794,0.7086848635235731,0.0,0.0,1.1102230246251565e-16,0.9345549738219895,0.5707434052757794,0.7086848635235732,0.0,0.0,0.0,0.0,8,GOOD,85,90,74,142,259,32,43,66
HI-Small,4319,33,0.9345549738219895,0.5707434052757794,0.7086848635235731,0.0,0.0,1.1102230246251565e-16,0.9345549738219895,0.5707434052757794,0.7086848635235732,0.0,0.0,0.0,0.0,8,GOOD,85,90,74,142,259,32,43,66
HI-Small,4319,34,0.9345549738219895,0.5707434052757794,0.7086848635235731,0.0,0.0,1.1102230246251565e-16,0.9345549738219895,0.5707434052757794,0.7086848635235732,0.0,0.0,0.0,0.0,8,GOOD,85,90,74,142,259,32,43,66
HI-Small,4319,35,0.9345549738219895,0.5707434052757794,0.7086848635235731,0.0,0.0,1.1102230246251565e-16,0.9345549738219895,0.5707434052757794,0.7086848635235732,0.0,0.0,0.0,0.0,8,GOOD,85,90,74,142,259,32,43,66
HI-Small,4319,36,0.9345549738219895,0.5707434052757794,0.7086848635235731,0.0,0.0,1.1102230246251565e-16,0.9345549738219895,0.5707434052757794,0.7086848635235732,0.0,0.0,0.0,0.0,8,GOOD,85,90,74,142,259,32,43,66
HI-Small,4319,37,0.9345549738219895,0.5707434052757794,0.7086848635235731,0.0,0.0,1.1102230246251565e-16,0.9345549738219895,0.5707434052757794,0.7086848635235732,0.0,0.0,0.0,0.0,8,GOOD,85,90,74,142,259,32,43,66
HI-Small,4319,38,0.9345549738219895,0.5707434052757794,0.7086848635235731,0.0,0.0,1.1102230246251565e-16,0.9345549738219895,0.5707434052757794,0.7086848635235732,0.0,0.0,0.0,0.0,8,GOOD,85,90,74,142,259,32,43,66
HI-Small,4319,39,0.9345549738219895,0.5707434052757794,0.7086848635235731,0.0,0.0,1.1102230246251565e-16,0.9345549738219895,0.5707434052757794,0.7086848635235732,0.0,0.0,0.0,0.0,8,GOOD,85,90,74,142,259,32,43,66
HI-Small,4319,40,0.9345549738219895,0.5707434052757794,0.7086848635235731,0.0,0.0,1.1102230246251565e-16,0.9345549738219895,0.5707434052757794,0.7086848635235732,0.0,0.0,0.0,0.0,8,GOOD,85,90,74,142,259,32,43,66
HI-Small,4319,41,0.9345549738219895,0.5707434052757794,0.7086848635235731,0.0,0.0,1.1102230246251565e-16,0.9345549738219895,0.5707434052757794,0.7086848635235732,0.0,0.0,0.0,0.0,8,GOOD,85,90,74,142,259,32,43,66
HI-Small,4319,42,0.9345549738219895,0.5707434052757794,0.7086848635235731,0.0,0.0,1.1102230246251565e-16,0.9345549738219895,0.5707434052757794,0.7086848635235732,0.0,0.0,0.0,0.0,8,GOOD,85,90,74,142,259,32,43,66
HI-Small,4319,43,0.9345549738219895,0.5707434052757794,0.7086848635235731,0.0,0.0,1.1102230246251565e-16,0.9345549738219895,0.5707434052757794,0.7086848635235732,0.0,0.0,0.0,0.0,8,GOOD,85,90,74,142,259,32,43,66
HI-Small,4319,44,0.9345549738219895,0.5707434052757794,0.7086848635235731,0.0,0.0,1.1102230246251565e-16,0.9345549738219895,0.5707434052757794,0.7086848635235732,0.0,0.0,0.0,0.0,8,GOOD,85,90,74,142,259,32,43,66
HI-Small,4319,45,0.9345549738219895,0.5707434052757794,0.7086848635235731,0.0,0.0,1.1102230246251565e-16,0.9345549738219895,0.5707434052757794,0.7086848635235732,0.0,0.0,0.0,0.0,8,GOOD,85,90,74,142,259,32,43,66
HI-Small,4319,46,0.9345549738219895,0.5707434052757794,0.7086848635235731,0.0,0.0,1.1102230246251565e-16,0.9345549738219895,0.5707434052757794,0.7086848635235732,0.0,0.0,0.0,0.0,8,GOOD,85,90,74,142,259,32,43,66
HI-Small,4319,47,0.9345549738219895,0.5707434052757794,0.7086848635235731,0.0,0.0,1.1102230246251565e-16,0.9345549738219895,0.5707434052757794,0.7086848635235732,0.0,0.0,0.0,0.0,8,GOOD,85,90,74,142,259,32,43,66
HI-Small,4319,48,0.9345549738219895,0.5707434052757794,0.7086848635235731,0.0,0.0,1.1102230246251565e-16,0.9345549738219895,0.5707434052757794,0.7086848635235732,0.0,0.0,0.0,0.0,8,GOOD,85,90,74,142,259,32,43,66
HI-Small,4319,49,0.9345549738219895,0.5707434052757794,0.7086848635235731,0.0,0.0,1.1102230246251565e-16,0.9345549738219895,0.5707434052757794,0.7086848635235732,0.0,0.0,0.0,0.0,8,GOOD,85,90,74,142,259,32,43,66
HI-Small,7455,0,0.9345549738219895,0.5707434052757794,0.7086848635235731,0.0,0.0,1.1102230246251565e-16,0.9345549738219895,0.5707434052757794,0.7086848635235732,0.0,0.0,0.0,0.0,8,GOOD,85,90,74,142,259,32,43,66
HI-Small,7455,1,0.9345549738219895,0.5707434052757794,0.7086848635235731,0.0,0.0,1.1102230246251565e-16,0.9345549738219895,0.5707434052757794,0.7086848635235732,0.0,0.0,0.0,0.0,8,GOOD,85,90,74,142,259,32,43,66
HI-Small,7455,2,0.9345549738219895,0.5707434052757794,0.7086848635235731,0.0,0.0,1.1102230246251565e-16,0.9345549738219895,0.5707434052757794,0.7086848635235732,0.0,0.0,0.0,0.0,8,GOOD,85,90,74,142,259,32,43,66
HI-Small,7455,3,0.9345549738219895,0.5707434052757794,0.7086848635235731,0.0,0.0,1.1102230246251565e-16,0.9345549738219895,0.5707434052757794,0.7086848635235732,0.0,0.0,0.0,0.0,8,GOOD,85,90,74,142,259,32,43,66
HI-Small,7455,4,0.9345549738219895,0.5707434052757794,0.7086848635235731,0.0,0.0,1.1102230246251565e-16,0.9345549738219895,0.5707434052757794,0.7086848635235732,0.0,0.0,0.0,0.0,8,GOOD,85,90,74,142,259,32,43,66
HI-Small,7455,5,0.9345549738219895,0.5707434052757794,0.7086848635235731,0.0,0.0,1.1102230246251565e-16,0.9345549738219895,0.5707434052757794,0.7086848635235732,0.0,0.0,0.0,0.0,8,GOOD,85,90,74,142,259,32,43,66
HI-Small,7455,6,0.9345549738219895,0.5707434052757794,0.7086848635235731,0.0,0.0,1.1102230246251565e-16,0.9345549738219895,0.5707434052757794,0.7086848635235732,0.0,0.0,0.0,0.0,8,GOOD,85,90,74,142,259,32,43,66
HI-Small,7455,7,0.9345549738219895,0.5707434052757794,0.7086848635235731,0.0,0.0,1.1102230246251565e-16,0.9345549738219895,0.5707434052757794,0.7086848635235732,0.0,0.0,0.0,0.0,8,GOOD,85,90,74,142,259,32,43,66
HI-Small,7455,8,0.9345549738219895,0.5707434052757794,0.7086848635235731,0.0,0.0,1.1102230246251565e-16,0.9345549738219895,0.5707434052757794,0.7086848635235732,0.0,0.0,0.0,0.0,8,GOOD,85,90,74,142,259,32,43,66
HI-Small,7455,9,0.9345549738219895,0.5707434052757794,0.7086848635235731,0.0,0.0,1.1102230246251565e-16,0.9345549738219895,0.5707434052757794,0.7086848635235732,0.0,0.0,0.0,0.0,8,GOOD,85,90,74,142,259,32,43,66
HI-Small,7455,10,0.9345549738219895,0.5707434052757794,0.7086848635235731,0.0,0.0,1.1102230246251565e-16,0.9345549738219895,0.5707434052757794,0.7086848635235732,0.0,0.0,0.0,0.0,8,GOOD,85,90,74,142,259,32,43,66
HI-Small,7455,11,0.9345549738219895,0.5707434052757794,0.7086848635235731,0.0,0.0,1.1102230246251565e-16,0.9345549738219895,0.5707434052757794,0.7086848635235732,0.0,0.0,0.0,0.0,8,GOOD,85,90,74,142,259,32,43,66
HI-Small,7455,12,0.9345549738219895,0.5707434052757794,0.7086848635235731,0.0,0.0,1.1102230246251565e-16,0.9345549738219895,0.5707434052757794,0.7086848635235732,0.0,0.0,0.0,0.0,8,GOOD,85,90,74,142,259,32,43,66
HI-Small,7455,13,0.9345549738219895,0.5707434052757794,0.7086848635235731,0.0,0.0,1.1102230246251565e-16,0.9345549738219895,0.5707434052757794,0.7086848635235732,0.0,0.0,0.0,0.0,8,GOOD,85,90,74,142,259,32,43,66
HI-Small,7455,14,0.9345549738219895,0.5707434052757794,0.7086848635235731,0.0,0.0,1.1102230246251565e-16,0.9345549738219895,0.5707434052757794,0.7086848635235732,0.0,0.0,0.0,0.0,8,GOOD,85,90,74,142,259,32,43,66
HI-Small,7455,15,0.9345549738219895,0.5707434052757794,0.7086848635235731,0.0,0.0,1.1102230246251565e-16,0.9345549738219895,0.5707434052757794,0.7086848635235732,0.0,0.0,0.0,0.0,8,GOOD,85,90,74,142,259,32,43,66
HI-Small,7455,16,0.9345549738219895,0.5707434052757794,0.7086848635235731,0.0,0.0,1.1102230246251565e-16,0.9345549738219895,0.5707434052757794,0.7086848635235732,0.0,0.0,0.0,0.0,8,GOOD,85,90,74,142,259,32,43,66
HI-Small,7455,17,0.9345549738219895,0.5707434052757794,0.7086848635235731,0.0,0.0,1.1102230246251565e-16,0.9345549738219895,0.5707434052757794,0.7086848635235732,0.0,0.0,0.0,0.0,8,GOOD,85,90,74,142,259,32,43,66
HI-Small,7455,18,0.9345549738219895,0.5707434052757794,0.7086848635235731,0.0,0.0,1.1102230246251565e-16,0.9345549738219895,0.5707434052757794,0.7086848635235732,0.0,0.0,0.0,0.0,8,GOOD,85,90,74,142,259,32,43,66
HI-Small,7455,19,0.9345549738219895,0.5707434052757794,0.7086848635235731,0.0,0.0,1.1102230246251565e-16,0.9345549738219895,0.5707434052757794,0.7086848635235732,0.0,0.0,0.0,0.0,8,GOOD,85,90,74,142,259,32,43,66
HI-Small,7455,20,0.9345549738219895,0.5707434052757794,0.7086848635235731,0.0,0.0,1.1102230246251565e-16,0.9345549738219895,0.5707434052757794,0.7086848635235732,0.0,0.0,0.0,0.0,8,GOOD,85,90,74,142,259,32,43,66
HI-Small,7455,21,0.9345549738219895,0.5707434052757794,0.7086848635235731,0.0,0.0,1.1102230246251565e-16,0.9345549738219895,0.5707434052757794,0.7086848635235732,0.0,0.0,0.0,0.0,8,GOOD,85,90,74,142,259,32,43,66
HI-Small,7455,22,0.9345549738219895,0.5707434052757794,0.7086848635235731,0.0,0.0,1.1102230246251565e-16,0.9345549738219895,0.5707434052757794,0.7086848635235732,0.0,0.0,0.0,0.0,8,GOOD,85,90,74,142,259,32,43,66
HI-Small,7455,23,0.9345549738219895,0.5707434052757794,0.7086848635235731,0.0,0.0,1.1102230246251565e-16,0.9345549738219895,0.5707434052757794,0.7086848635235732,0.0,0.0,0.0,0.0,8,GOOD,85,90,74,142,259,32,43,66
HI-Small,7455,24,0.9345549738219895,0.5707434052757794,0.7086848635235731,0.0,0.0,1.1102230246251565e-16,0.9345549738219895,0.5707434052757794,0.7086848635235732,0.0,0.0,0.0,0.0,8,GOOD,85,90,74,142,259,32,43,66
HI-Small,7455,25,0.9345549738219895,0.5707434052757794,0.7086848635235731,0.0,0.0,1.1102230246251565e-16,0.9345549738219895,0.5707434052757794,0.7086848635235732,0.0,0.0,0.0,0.0,8,GOOD,85,90,74,142,259,32,43,66
HI-Small,7455,26,0.9345549738219895,0.5707434052757794,0.7086848635235731,0.0,0.0,1.1102230246251565e-16,0.9345549738219895,0.5707434052757794,0.7086848635235732,0.0,0.0,0.0,0.0,8,GOOD,85,90,74,142,259,32,43,66
HI-Small,7455,27,0.9345549738219895,0.5707434052757794,0.7086848635235731,0.0,0.0,1.1102230246251565e-16,0.9345549738219895,0.5707434052757794,0.7086848635235732,0.0,0.0,0.0,0.0,8,GOOD,85,90,74,142,259,32,43,66
HI-Small,7455,28,0.9345549738219895,0.5707434052757794,0.7086848635235731,0.0,0.0,1.1102230246251565e-16,0.9345549738219895,0.5707434052757794,0.7086848635235732,0.0,0.0,0.0,0.0,8,GOOD,85,90,74,142,259,32,43,66
HI-Small,7455,29,0.9345549738219895,0.5707434052757794,0.7086848635235731,0.0,0.0,1.1102230246251565e-16,0.9345549738219895,0.5707434052757794,0.7086848635235732,0.0,0.0,0.0,0.0,8,GOOD,85,90,74,142,259,32,43,66
HI-Small,7455,30,0.9345549738219895,0.5707434052757794,0.7086848635235731,0.0,0.0,1.1102230246251565e-16,0.9345549738219895,0.5707434052757794,0.7086848635235732,0.0,0.0,0.0,0.0,8,GOOD,85,90,74,142,259,32,43,66
HI-Small,7455,31,0.9345549738219895,0.5707434052757794,0.7086848635235731,0.0,0.0,1.1102230246251565e-16,0.9345549738219895,0.5707434052757794,0.7086848635235732,0.0,0.0,0.0,0.0,8,GOOD,85,90,74,142,259,32,43,66
HI-Small,7455,32,0.9345549738219895,0.5707434052757794,0.7086848635235731,0.0,0.0,1.1102230246251565e-16,0.9345549738219895,0.5707434052757794,0.7086848635235732,0.0,0.0,0.0,0.0,8,GOOD,85,90,74,142,259,32,43,66
HI-Small,7455,33,0.9345549738219895,0.5707434052757794,0.7086848635235731,0.0,0.0,1.1102230246251565e-16,0.9345549738219895,0.5707434052757794,0.7086848635235732,0.0,0.0,0.0,0.0,8,GOOD,85,90,74,142,259,32,43,66
HI-Small,7455,34,0.9345549738219895,0.5707434052757794,0.7086848635235731,0.0,0.0,1.1102230246251565e-16,0.9345549738219895,0.5707434052757794,0.7086848635235732,0.0,0.0,0.0,0.0,8,GOOD,85,90,74,142,259,32,43,66
HI-Small,7455,35,0.9345549738219895,0.5707434052757794,0.7086848635235731,0.0,0.0,1.1102230246251565e-16,0.9345549738219895,0.5707434052757794,0.7086848635235732,0.0,0.0,0.0,0.0,8,GOOD,85,90,74,142,259,32,43,66
HI-Small,7455,36,0.9345549738219895,0.5707434052757794,0.7086848635235731,0.0,0.0,1.1102230246251565e-16,0.9345549738219895,0.5707434052757794,0.7086848635235732,0.0,0.0,0.0,0.0,8,GOOD,85,90,74,142,259,32,43,66
HI-Small,7455,37,0.9345549738219895,0.5707434052757794,0.7086848635235731,0.0,0.0,1.1102230246251565e-16,0.9345549738219895,0.5707434052757794,0.7086848635235732,0.0,0.0,0.0,0.0,8,GOOD,85,90,74,142,259,32,43,66
HI-Small,7455,38,0.9345549738219895,0.5707434052757794,0.7086848635235731,0.0,0.0,1.1102230246251565e-16,0.9345549738219895,0.5707434052757794,0.7086848635235732,0.0,0.0,0.0,0.0,8,GOOD,85,90,74,142,259,32,43,66
HI-Small,7455,39,0.9345549738219895,0.5707434052757794,0.7086848635235731,0.0,0.0,1.1102230246251565e-16,0.9345549738219895,0.5707434052757794,0.7086848635235732,0.0,0.0,0.0,0.0,8,GOOD,85,90,74,142,259,32,43,66
HI-Small,7455,40,0.9345549738219895,0.5707434052757794,0.7086848635235731,0.0,0.0,1.1102230246251565e-16,0.9345549738219895,0.5707434052757794,0.7086848635235732,0.0,0.0,0.0,0.0,8,GOOD,85,90,74,142,259,32,43,66
HI-Small,7455,41,0.9345549738219895,0.5707434052757794,0.7086848635235731,0.0,0.0,1.1102230246251565e-16,0.9345549738219895,0.5707434052757794,0.7086848635235732,0.0,0.0,0.0,0.0,8,GOOD,85,90,74,142,259,32,43,66
HI-Small,7455,42,0.9345549738219895,0.5707434052757794,0.7086848635235731,0.0,0.0,1.1102230246251565e-16,0.9345549738219895,0.5707434052757794,0.7086848635235732,0.0,0.0,0.0,0.0,8,GOOD,85,90,74,142,259,32,43,66
HI-Small,7455,43,0.9345549738219895,0.5707434052757794,0.7086848635235731,0.0,0.0,1.1102230246251565e-16,0.9345549738219895,0.5707434052757794,0.7086848635235732,0.0,0.0,0.0,0.0,8,GOOD,85,90,74,142,259,32,43,66
HI-Small,7455,44,0.9345549738219895,0.5707434052757794,0.7086848635235731,0.0,0.0,1.1102230246251565e-16,0.9345549738219895,0.5707434052757794,0.7086848635235732,0.0,0.0,0.0,0.0,8,GOOD,85,90,74,142,259,32,43,66
HI-Small,7455,45,0.9345549738219895,0.5707434052757794,0.7086848635235731,0.0,0.0,1.1102230246251565e-16,0.9345549738219895,0.5707434052757794,0.7086848635235732,0.0,0.0,0.0,0.0,8,GOOD,85,90,74,142,259,32,43,66
HI-Small,7455,46,0.9345549738219895,0.5707434052757794,0.7086848635235731,0.0,0.0,1.1102230246251565e-16,0.9345549738219895,0.5707434052757794,0.7086848635235732,0.0,0.0,0.0,0.0,8,GOOD,85,90,74,142,259,32,43,66
HI-Small,7455,47,0.9345549738219895,0.5707434052757794,0.7086848635235731,0.0,0.0,1.1102230246251565e-16,0.9345549738219895,0.5707434052757794,0.7086848635235732,0.0,0.0,0.0,0.0,8,GOOD,85,90,74,142,259,32,43,66
HI-Small,7455,48,0.9345549738219895,0.5707434052757794,0.7086848635235731,0.0,0.0,1.1102230246251565e-16,0.9345549738219895,0.5707434052757794,0.7086848635235732,0.0,0.0,0.0,0.0,8,GOOD,85,90,74,142,259,32,43,66
HI-Small,7455,49,0.9345549738219895,0.5707434052757794,0.7086848635235731,0.0,0.0,1.1102230246251565e-16,0.9345549738219895,0.5707434052757794,0.7086848635235732,0.0,0.0,0.0,0.0,8,GOOD,85,90,74,142,259,32,43,66
HI-Small,12869,0,0.9345549738219895,0.5707434052757794,0.7086848635235731,0.0,0.0,1.1102230246251565e-16,0.9345549738219895,0.5707434052757794,0.7086848635235732,0.0,0.0,0.0,0.0,8,GOOD,85,90,74,142,259,32,43,66
HI-Small,12869,1,0.9345549738219895,0.5707434052757794,0.7086848635235731,0.0,0.0,1.1102230246251565e-16,0.9345549738219895,0.5707434052757794,0.7086848635235732,0.0,0.0,0.0,0.0,8,GOOD,85,90,74,142,259,32,43,66
HI-Small,12869,2,0.9345549738219895,0.5707434052757794,0.7086848635235731,0.0,0.0,1.1102230246251565e-16,0.9345549738219895,0.5707434052757794,0.7086848635235732,0.0,0.0,0.0,0.0,8,GOOD,85,90,74,142,259,32,43,66
HI-Small,12869,3,0.9345549738219895,0.5707434052757794,0.7086848635235731,0.0,0.0,1.1102230246251565e-16,0.9345549738219895,0.5707434052757794,0.7086848635235732,0.0,0.0,0.0,0.0,8,GOOD,85,90,74,142,259,32,43,66
HI-Small,12869,4,0.9345549738219895,0.5707434052757794,0.7086848635235731,0.0,0.0,1.1102230246251565e-16,0.9345549738219895,0.5707434052757794,0.7086848635235732,0.0,0.0,0.0,0.0,8,GOOD,85,90,74,142,259,32,43,66
HI-Small,12869,5,0.9345549738219895,0.5707434052757794,0.7086848635235731,0.0,0.0,1.1102230246251565e-16,0.9345549738219895,0.5707434052757794,0.7086848635235732,0.0,0.0,0.0,0.0,8,GOOD,85,90,74,142,259,32,43,66
HI-Small,12869,6,0.9345549738219895,0.5707434052757794,0.7086848635235731,0.0,0.0,1.1102230246251565e-16,0.9345549738219895,0.5707434052757794,0.7086848635235732,0.0,0.0,0.0,0.0,8,GOOD,85,90,74,142,259,32,43,66
HI-Small,12869,7,0.9345549738219895,0.5707434052757794,0.7086848635235731,0.0,0.0,1.1102230246251565e-16,0.9345549738219895,0.5707434052757794,0.7086848635235732,0.0,0.0,0.0,0.0,8,GOOD,85,90,74,142,259,32,43,66
HI-Small,12869,8,0.9345549738219895,0.5707434052757794,0.7086848635235731,0.0,0.0,1.1102230246251565e-16,0.9345549738219895,0.5707434052757794,0.7086848635235732,0.0,0.0,0.0,0.0,8,GOOD,85,90,74,142,259,32,43,66
HI-Small,12869,9,0.9345549738219895,0.5707434052757794,0.7086848635235731,0.0,0.0,1.1102230246251565e-16,0.9345549738219895,0.5707434052757794,0.7086848635235732,0.0,0.0,0.0,0.0,8,GOOD,85,90,74,142,259,32,43,66
HI-Small,12869,10,0.9345549738219895,0.5707434052757794,0.7086848635235731,0.0,0.0,1.1102230246251565e-16,0.9345549738219895,0.5707434052757794,0.7086848635235732,0.0,0.0,0.0,0.0,8,GOOD,85,90,74,142,259,32,43,66
HI-Small,12869,11,0.9345549738219895,0.5707434052757794,0.7086848635235731,0.0,0.0,1.1102230246251565e-16,0.9345549738219895,0.5707434052757794,0.7086848635235732,0.0,0.0,0.0,0.0,8,GOOD,85,90,74,142,259,32,43,66
HI-Small,12869,12,0.9345549738219895,0.5707434052757794,0.7086848635235731,0.0,0.0,1.1102230246251565e-16,0.9345549738219895,0.5707434052757794,0.7086848635235732,0.0,0.0,0.0,0.0,8,GOOD,85,90,74,142,259,32,43,66
HI-Small,12869,13,0.9345549738219895,0.5707434052757794,0.7086848635235731,0.0,0.0,1.1102230246251565e-16,0.9345549738219895,0.5707434052757794,0.7086848635235732,0.0,0.0,0.0,0.0,8,GOOD,85,90,74,142,259,32,43,66
HI-Small,12869,14,0.9345549738219895,0.5707434052757794,0.7086848635235731,0.0,0.0,1.1102230246251565e-16,0.9345549738219895,0.5707434052757794,0.7086848635235732,0.0,0.0,0.0,0.0,8,GOOD,85,90,74,142,259,32,43,66
HI-Small,12869,15,0.9345549738219895,0.5707434052757794,0.7086848635235731,0.0,0.0,1.1102230246251565e-16,0.9345549738219895,0.5707434052757794,0.7086848635235732,0.0,0.0,0.0,0.0,8,GOOD,85,90,74,142,259,32,43,66
HI-Small,12869,16,0.9345549738219895,0.5707434052757794,0.7086848635235731,0.0,0.0,1.1102230246251565e-16,0.9345549738219895,0.5707434052757794,0.7086848635235732,0.0,0.0,0.0,0.0,8,GOOD,85,90,74,142,259,32,43,66
HI-Small,12869,17,0.9345549738219895,0.5707434052757794,0.7086848635235731,0.0,0.0,1.1102230246251565e-16,0.9345549738219895,0.5707434052757794,0.7086848635235732,0.0,0.0,0.0,0.0,8,GOOD,85,90,74,142,259,32,43,66
HI-Small,12869,18,0.9345549738219895,0.5707434052757794,0.7086848635235731,0.0,0.0,1.1102230246251565e-16,0.9345549738219895,0.5707434052757794,0.7086848635235732,0.0,0.0,0.0,0.0,8,GOOD,85,90,74,142,259,32,43,66
HI-Small,12869,19,0.9345549738219895,0.5707434052757794,0.7086848635235731,0.0,0.0,1.1102230246251565e-16,0.9345549738219895,0.5707434052757794,0.7086848635235732,0.0,0.0,0.0,0.0,8,GOOD,85,90,74,142,259,32,43,66
HI-Small,12869,20,0.9345549738219895,0.5707434052757794,0.7086848635235731,0.0,0.0,1.1102230246251565e-16,0.9345549738219895,0.5707434052757794,0.7086848635235732,0.0,0.0,0.0,0.0,8,GOOD,85,90,74,142,259,32,43,66
HI-Small,12869,21,0.9345549738219895,0.5707434052757794,0.7086848635235731,0.0,0.0,1.1102230246251565e-16,0.9345549738219895,0.5707434052757794,0.7086848635235732,0.0,0.0,0.0,0.0,8,GOOD,85,90,74,142,259,32,43,66
HI-Small,12869,22,0.9345549738219895,0.5707434052757794,0.7086848635235731,0.0,0.0,1.1102230246251565e-16,0.9345549738219895,0.5707434052757794,0.7086848635235732,0.0,0.0,0.0,0.0,8,GOOD,85,90,74,142,259,32,43,66
HI-Small,12869,23,0.9345549738219895,0.5707434052757794,0.7086848635235731,0.0,0.0,1.1102230246251565e-16,0.9345549738219895,0.5707434052757794,0.7086848635235732,0.0,0.0,0.0,0.0,8,GOOD,85,90,74,142,259,32,43,66
HI-Small,12869,24,0.9345549738219895,0.5707434052757794,0.7086848635235731,0.0,0.0,1.1102230246251565e-16,0.9345549738219895,0.5707434052757794,0.7086848635235732,0.0,0.0,0.0,0.0,8,GOOD,85,90,74,142,259,32,43,66
HI-Small,12869,25,0.9345549738219895,0.5707434052757794,0.7086848635235731,0.0,0.0,1.1102230246251565e-16,0.9345549738219895,0.5707434052757794,0.7086848635235732,0.0,0.0,0.0,0.0,8,GOOD,85,90,74,142,259,32,43,66
HI-Small,12869,26,0.9345549738219895,0.5707434052757794,0.7086848635235731,0.0,0.0,1.1102230246251565e-16,0.9345549738219895,0.5707434052757794,0.7086848635235732,0.0,0.0,0.0,0.0,8,GOOD,85,90,74,142,259,32,43,66
HI-Small,12869,27,0.9345549738219895,0.5707434052757794,0.7086848635235731,0.0,0.0,1.1102230246251565e-16,0.9345549738219895,0.5707434052757794,0.7086848635235732,0.0,0.0,0.0,0.0,8,GOOD,85,90,74,142,259,32,43,66
HI-Small,12869,28,0.9345549738219895,0.5707434052757794,0.7086848635235731,0.0,0.0,1.1102230246251565e-16,0.9345549738219895,0.5707434052757794,0.7086848635235732,0.0,0.0,0.0,0.0,8,GOOD,85,90,74,142,259,32,43,66
HI-Small,12869,29,0.9345549738219895,0.5707434052757794,0.7086848635235731,0.0,0.0,1.1102230246251565e-16,0.9345549738219895,0.5707434052757794,0.7086848635235732,0.0,0.0,0.0,0.0,8,GOOD,85,90,74,142,259,32,43,66
HI-Small,12869,30,0.9345549738219895,0.5707434052757794,0.7086848635235731,0.0,0.0,1.1102230246251565e-16,0.9345549738219895,0.5707434052757794,0.7086848635235732,0.0,0.0,0.0,0.0,8,GOOD,85,90,74,142,259,32,43,66
HI-Small,12869,31,0.9345549738219895,0.5707434052757794,0.7086848635235731,0.0,0.0,1.1102230246251565e-16,0.9345549738219895,0.5707434052757794,0.7086848635235732,0.0,0.0,0.0,0.0,8,GOOD,85,90,74,142,259,32,43,66
HI-Small,12869,32,0.9345549738219895,0.5707434052757794,0.7086848635235731,0.0,0.0,1.1102230246251565e-16,0.9345549738219895,0.5707434052757794,0.7086848635235732,0.0,0.0,0.0,0.0,8,GOOD,85,90,74,142,259,32,43,66
HI-Small,12869,33,0.9345549738219895,0.5707434052757794,0.7086848635235731,0.0,0.0,1.1102230246251565e-16,0.9345549738219895,0.5707434052757794,0.7086848635235732,0.0,0.0,0.0,0.0,8,GOOD,85,90,74,142,259,32,43,66
HI-Small,12869,34,0.9345549738219895,0.5707434052757794,0.7086848635235731,0.0,0.0,1.1102230246251565e-16,0.9345549738219895,0.5707434052757794,0.7086848635235732,0.0,0.0,0.0,0.0,8,GOOD,85,90,74,142,259,32,43,66
HI-Small,12869,35,0.9345549738219895,0.5707434052757794,0.7086848635235731,0.0,0.0,1.1102230246251565e-16,0.9345549738219895,0.5707434052757794,0.7086848635235732,0.0,0.0,0.0,0.0,8,GOOD,85,90,74,142,259,32,43,66
HI-Small,12869,36,0.9345549738219895,0.5707434052757794,0.7086848635235731,0.0,0.0,1.1102230246251565e-16,0.9345549738219895,0.5707434052757794,0.7086848635235732,0.0,0.0,0.0,0.0,8,GOOD,85,90,74,142,259,32,43,66
HI-Small,12869,37,0.9345549738219895,0.5707434052757794,0.7086848635235731,0.0,0.0,1.1102230246251565e-16,0.9345549738219895,0.5707434052757794,0.7086848635235732,0.0,0.0,0.0,0.0,8,GOOD,85,90,74,142,259,32,43,66
HI-Small,12869,38,0.9345549738219895,0.5707434052757794,0.7086848635235731,0.0,0.0,1.1102230246251565e-16,0.9345549738219895,0.5707434052757794,0.7086848635235732,0.0,0.0,0.0,0.0,8,GOOD,85,90,74,142,259,32,43,66
HI-Small,12869,39,0.9345549738219895,0.5707434052757794,0.7086848635235731,0.0,0.0,1.1102230246251565e-16,0.9345549738219895,0.5707434052757794,0.7086848635235732,0.0,0.0,0.0,0.0,8,GOOD,85,90,74,142,259,32,43,66
HI-Small,12869,40,0.9345549738219895,0.5707434052757794,0.7086848635235731,0.0,0.0,1.1102230246251565e-16,0.9345549738219895,0.5707434052757794,0.7086848635235732,0.0,0.0,0.0,0.0,8,GOOD,85,90,74,142,259,32,43,66
HI-Small,12869,41,0.9345549738219895,0.5707434052757794,0.7086848635235731,0.0,0.0,1.1102230246251565e-16,0.9345549738219895,0.5707434052757794,0.7086848635235732,0.0,0.0,0.0,0.0,8,GOOD,85,90,74,142,259,32,43,66
HI-Small,12869,42,0.9345549738219895,0.5707434052757794,0.7086848635235731,0.0,0.0,1.1102230246251565e-16,0.9345549738219895,0.5707434052757794,0.7086848635235732,0.0,0.0,0.0,0.0,8,GOOD,85,90,74,142,259,32,43,66
HI-Small,12869,43,0.9345549738219895,0.5707434052757794,0.7086848635235731,0.0,0.0,1.1102230246251565e-16,0.9345549738219895,0.5707434052757794,0.7086848635235732,0.0,0.0,0.0,0.0,8,GOOD,85,90,74,142,259,32,43,66
HI-Small,12869,44,0.9345549738219895,0.5707434052757794,0.7086848635235731,0.0,0.0,1.1102230246251565e-16,0.9345549738219895,0.5707434052757794,0.7086848635235732,0.0,0.0,0.0,0.0,8,GOOD,85,90,74,142,259,32,43,66
HI-Small,12869,45,0.9345549738219895,0.5707434052757794,0.7086848635235731,0.0,0.0,1.1102230246251565e-16,0.9345549738219895,0.5707434052757794,0.7086848635235732,0.0,0.0,0.0,0.0,8,GOOD,85,90,74,142,259,32,43,66
HI-Small,12869,46,0.9345549738219895,0.5707434052757794,0.7086848635235731,0.0,0.0,1.1102230246251565e-16,0.9345549738219895,0.5707434052757794,0.7086848635235732,0.0,0.0,0.0,0.0,8,GOOD,85,90,74,142,259,32,43,66
HI-Small,12869,47,0.9345549738219895,0.5707434052757794,0.7086848635235731,0.0,0.0,1.1102230246251565e-16,0.9345549738219895,0.5707434052757794,0.7086848635235732,0.0,0.0,0.0,0.0,8,GOOD,85,90,74,142,259,32,43,66
HI-Small,12869,48,0.9345549738219895,0.5707434052757794,0.7086848635235731,0.0,0.0,1.1102230246251565e-16,0.9345549738219895,0.5707434052757794,0.7086848635235732,0.0,0.0,0.0,0.0,8,GOOD,85,90,74,142,259,32,43,66
HI-Small,12869,49,0.9345549738219895,0.5707434052757794,0.7086848635235731,0.0,0.0,1.1102230246251565e-16,0.9345549738219895,0.5707434052757794,0.7086848635235732,0.0,0.0,0.0,0.0,8,GOOD,85,90,74,142,259,32,43,66
HI-Small,22214,0,0.9345549738219895,0.5707434052757794,0.7086848635235731,0.0,0.0,1.1102230246251565e-16,0.9345549738219895,0.5707434052757794,0.7086848635235732,0.0,0.0,0.0,0.0,8,GOOD,85,90,74,142,259,32,43,66
HI-Small,22214,1,0.9345549738219895,0.5707434052757794,0.7086848635235731,0.0,0.0,1.1102230246251565e-16,0.9345549738219895,0.5707434052757794,0.7086848635235732,0.0,0.0,0.0,0.0,8,GOOD,85,90,74,142,259,32,43,66
HI-Small,22214,2,0.9345549738219895,0.5707434052757794,0.7086848635235731,0.0,0.0,1.1102230246251565e-16,0.9345549738219895,0.5707434052757794,0.7086848635235732,0.0,0.0,0.0,0.0,8,GOOD,85,90,74,142,259,32,43,66
HI-Small,22214,3,0.9345549738219895,0.5707434052757794,0.7086848635235731,0.0,0.0,1.1102230246251565e-16,0.9345549738219895,0.5707434052757794,0.7086848635235732,0.0,0.0,0.0,0.0,8,GOOD,85,90,74,142,259,32,43,66
HI-Small,22214,4,0.9345549738219895,0.5707434052757794,0.7086848635235731,0.0,0.0,1.1102230246251565e-16,0.9345549738219895,0.5707434052757794,0.7086848635235732,0.0,0.0,0.0,0.0,8,GOOD,85,90,74,142,259,32,43,66
HI-Small,22214,5,0.9345549738219895,0.5707434052757794,0.7086848635235731,0.0,0.0,1.1102230246251565e-16,0.9345549738219895,0.5707434052757794,0.7086848635235732,0.0,0.0,0.0,0.0,8,GOOD,85,90,74,142,259,32,43,66
HI-Small,22214,6,0.9345549738219895,0.5707434052757794,0.7086848635235731,0.0,0.0,1.1102230246251565e-16,0.9345549738219895,0.5707434052757794,0.7086848635235732,0.0,0.0,0.0,0.0,8,GOOD,85,90,74,142,259,32,43,66
HI-Small,22214,7,0.9345549738219895,0.5707434052757794,0.7086848635235731,0.0,0.0,1.1102230246251565e-16,0.9345549738219895,0.5707434052757794,0.7086848635235732,0.0,0.0,0.0,0.0,8,GOOD,85,90,74,142,259,32,43,66
HI-Small,22214,8,0.9345549738219895,0.5707434052757794,0.7086848635235731,0.0,0.0,1.1102230246251565e-16,0.9345549738219895,0.5707434052757794,0.7086848635235732,0.0,0.0,0.0,0.0,8,GOOD,85,90,74,142,259,32,43,66
HI-Small,22214,9,0.9345549738219895,0.5707434052757794,0.7086848635235731,0.0,0.0,1.1102230246251565e-16,0.9345549738219895,0.5707434052757794,0.7086848635235732,0.0,0.0,0.0,0.0,8,GOOD,85,90,74,142,259,32,43,66
HI-Small,22214,10,0.9345549738219895,0.5707434052757794,0.7086848635235731,0.0,0.0,1.1102230246251565e-16,0.9345549738219895,0.5707434052757794,0.7086848635235732,0.0,0.0,0.0,0.0,8,GOOD,85,90,74,142,259,32,43,66
HI-Small,22214,11,0.9345549738219895,0.5707434052757794,0.7086848635235731,0.0,0.0,1.1102230246251565e-16,0.9345549738219895,0.5707434052757794,0.7086848635235732,0.0,0.0,0.0,0.0,8,GOOD,85,90,74,142,259,32,43,66
HI-Small,22214,12,0.9345549738219895,0.5707434052757794,0.7086848635235731,0.0,0.0,1.1102230246251565e-16,0.9345549738219895,0.5707434052757794,0.7086848635235732,0.0,0.0,0.0,0.0,8,GOOD,85,90,74,142,259,32,43,66
HI-Small,22214,13,0.9345549738219895,0.5707434052757794,0.7086848635235731,0.0,0.0,1.1102230246251565e-16,0.9345549738219895,0.5707434052757794,0.7086848635235732,0.0,0.0,0.0,0.0,8,GOOD,85,90,74,142,259,32,43,66
HI-Small,22214,14,0.9345549738219895,0.5707434052757794,0.7086848635235731,0.0,0.0,1.1102230246251565e-16,0.9345549738219895,0.5707434052757794,0.7086848635235732,0.0,0.0,0.0,0.0,8,GOOD,85,90,74,142,259,32,43,66
HI-Small,22214,15,0.9345549738219895,0.5707434052757794,0.7086848635235731,0.0,0.0,1.1102230246251565e-16,0.9345549738219895,0.5707434052757794,0.7086848635235732,0.0,0.0,0.0,0.0,8,GOOD,85,90,74,142,259,32,43,66
HI-Small,22214,16,0.9345549738219895,0.5707434052757794,0.7086848635235731,0.0,0.0,1.1102230246251565e-16,0.9345549738219895,0.5707434052757794,0.7086848635235732,0.0,0.0,0.0,0.0,8,GOOD,85,90,74,142,259,32,43,66
HI-Small,22214,17,0.9345549738219895,0.5707434052757794,0.7086848635235731,0.0,0.0,1.1102230246251565e-16,0.9345549738219895,0.5707434052757794,0.7086848635235732,0.0,0.0,0.0,0.0,8,GOOD,85,90,74,142,259,32,43,66
HI-Small,22214,18,0.9345549738219895,0.5707434052757794,0.7086848635235731,0.0,0.0,1.1102230246251565e-16,0.9345549738219895,0.5707434052757794,0.7086848635235732,0.0,0.0,0.0,0.0,8,GOOD,85,90,74,142,259,32,43,66
HI-Small,22214,19,0.9345549738219895,0.5707434052757794,0.7086848635235731,0.0,0.0,1.1102230246251565e-16,0.9345549738219895,0.5707434052757794,0.7086848635235732,0.0,0.0,0.0,0.0,8,GOOD,85,90,74,142,259,32,43,66
HI-Small,22214,20,0.9345549738219895,0.5707434052757794,0.7086848635235731,0.0,0.0,1.1102230246251565e-16,0.9345549738219895,0.5707434052757794,0.7086848635235732,0.0,0.0,0.0,0.0,8,GOOD,85,90,74,142,259,32,43,66
HI-Small,22214,21,0.9345549738219895,0.5707434052757794,0.7086848635235731,0.0,0.0,1.1102230246251565e-16,0.9345549738219895,0.5707434052757794,0.7086848635235732,0.0,0.0,0.0,0.0,8,GOOD,85,90,74,142,259,32,43,66
HI-Small,22214,22,0.9345549738219895,0.5707434052757794,0.7086848635235731,0.0,0.0,1.1102230246251565e-16,0.9345549738219895,0.5707434052757794,0.7086848635235732,0.0,0.0,0.0,0.0,8,GOOD,85,90,74,142,259,32,43,66
HI-Small,22214,23,0.9345549738219895,0.5707434052757794,0.7086848635235731,0.0,0.0,1.1102230246251565e-16,0.9345549738219895,0.5707434052757794,0.7086848635235732,0.0,0.0,0.0,0.0,8,GOOD,85,90,74,142,259,32,43,66
HI-Small,22214,24,0.9345549738219895,0.5707434052757794,0.7086848635235731,0.0,0.0,1.1102230246251565e-16,0.9345549738219895,0.5707434052757794,0.7086848635235732,0.0,0.0,0.0,0.0,8,GOOD,85,90,74,142,259,32,43,66
HI-Small,22214,25,0.9345549738219895,0.5707434052757794,0.7086848635235731,0.0,0.0,1.1102230246251565e-16,0.9345549738219895,0.5707434052757794,0.7086848635235732,0.0,0.0,0.0,0.0,8,GOOD,85,90,74,142,259,32,43,66
HI-Small,22214,26,0.9345549738219895,0.5707434052757794,0.7086848635235731,0.0,0.0,1.1102230246251565e-16,0.9345549738219895,0.5707434052757794,0.7086848635235732,0.0,0.0,0.0,0.0,8,GOOD,85,90,74,142,259,32,43,66
HI-Small,22214,27,0.9345549738219895,0.5707434052757794,0.7086848635235731,0.0,0.0,1.1102230246251565e-16,0.9345549738219895,0.5707434052757794,0.7086848635235732,0.0,0.0,0.0,0.0,8,GOOD,85,90,74,142,259,32,43,66
HI-Small,22214,28,0.9345549738219895,0.5707434052757794,0.7086848635235731,0.0,0.0,1.1102230246251565e-16,0.9345549738219895,0.5707434052757794,0.7086848635235732,0.0,0.0,0.0,0.0,8,GOOD,85,90,74,142,259,32,43,66
HI-Small,22214,29,0.9345549738219895,0.5707434052757794,0.7086848635235731,0.0,0.0,1.1102230246251565e-16,0.9345549738219895,0.5707434052757794,0.7086848635235732,0.0,0.0,0.0,0.0,8,GOOD,85,90,74,142,259,32,43,66
HI-Small,22214,30,0.9345549738219895,0.5707434052757794,0.7086848635235731,0.0,0.0,1.1102230246251565e-16,0.9345549738219895,0.5707434052757794,0.7086848635235732,0.0,0.0,0.0,0.0,8,GOOD,85,90,74,142,259,32,43,66
HI-Small,22214,31,0.9345549738219895,0.5707434052757794,0.7086848635235731,0.0,0.0,1.1102230246251565e-16,0.9345549738219895,0.5707434052757794,0.7086848635235732,0.0,0.0,0.0,0.0,8,GOOD,85,90,74,142,259,32,43,66
HI-Small,22214,32,0.9345549738219895,0.5707434052757794,0.7086848635235731,0.0,0.0,1.1102230246251565e-16,0.9345549738219895,0.5707434052757794,0.7086848635235732,0.0,0.0,0.0,0.0,8,GOOD,85,90,74,142,259,32,43,66
HI-Small,22214,33,0.9345549738219895,0.5707434052757794,0.7086848635235731,0.0,0.0,1.1102230246251565e-16,0.9345549738219895,0.5707434052757794,0.7086848635235732,0.0,0.0,0.0,0.0,8,GOOD,85,90,74,142,259,32,43,66
HI-Small,22214,34,0.9345549738219895,0.5707434052757794,0.7086848635235731,0.0,0.0,1.1102230246251565e-16,0.9345549738219895,0.5707434052757794,0.7086848635235732,0.0,0.0,0.0,0.0,8,GOOD,85,90,74,142,259,32,43,66
HI-Small,22214,35,0.9345549738219895,0.5707434052757794,0.7086848635235731,0.0,0.0,1.1102230246251565e-16,0.9345549738219895,0.5707434052757794,0.7086848635235732,0.0,0.0,0.0,0.0,8,GOOD,85,90,74,142,259,32,43,66
HI-Small,22214,36,0.9345549738219895,0.5707434052757794,0.7086848635235731,0.0,0.0,1.1102230246251565e-16,0.9345549738219895,0.5707434052757794,0.7086848635235732,0.0,0.0,0.0,0.0,8,GOOD,85,90,74,142,259,32,43,66
HI-Small,22214,37,0.9345549738219895,0.5707434052757794,0.7086848635235731,0.0,0.0,1.1102230246251565e-16,0.9345549738219895,0.5707434052757794,0.7086848635235732,0.0,0.0,0.0,0.0,8,GOOD,85,90,74,142,259,32,43,66
HI-Small,22214,38,0.9345549738219895,0.5707434052757794,0.7086848635235731,0.0,0.0,1.1102230246251565e-16,0.9345549738219895,0.5707434052757794,0.7086848635235732,0.0,0.0,0.0,0.0,8,GOOD,85,90,74,142,259,32,43,66
HI-Small,22214,39,0.9345549738219895,0.5707434052757794,0.7086848635235731,0.0,0.0,1.1102230246251565e-16,0.9345549738219895,0.5707434052757794,0.7086848635235732,0.0,0.0,0.0,0.0,8,GOOD,85,90,74,142,259,32,43,66
HI-Small,22214,40,0.9345549738219895,0.5707434052757794,0.7086848635235731,0.0,0.0,1.1102230246251565e-16,0.9345549738219895,0.5707434052757794,0.7086848635235732,0.0,0.0,0.0,0.0,8,GOOD,85,90,74,142,259,32,43,66
HI-Small,22214,41,0.9345549738219895,0.5707434052757794,0.7086848635235731,0.0,0.0,1.1102230246251565e-16,0.9345549738219895,0.5707434052757794,0.7086848635235732,0.0,0.0,0.0,0.0,8,GOOD,85,90,74,142,259,32,43,66
HI-Small,22214,42,0.9345549738219895,0.5707434052757794,0.7086848635235731,0.0,0.0,1.1102230246251565e-16,0.9345549738219895,0.5707434052757794,0.7086848635235732,0.0,0.0,0.0,0.0,8,GOOD,85,90,74,142,259,32,43,66
HI-Small,22214,43,0.9345549738219895,0.5707434052757794,0.7086848635235731,0.0,0.0,1.1102230246251565e-16,0.9345549738219895,0.5707434052757794,0.7086848635235732,0.0,0.0,0.0,0.0,8,GOOD,85,90,74,142,259,32,43,66
HI-Small,22214,44,0.9345549738219895,0.5707434052757794,0.7086848635235731,0.0,0.0,1.1102230246251565e-16,0.9345549738219895,0.5707434052757794,0.7086848635235732,0.0,0.0,0.0,0.0,8,GOOD,85,90,74,142,259,32,43,66
HI-Small,22214,45,0.9345549738219895,0.5707434052757794,0.7086848635235731,0.0,0.0,1.1102230246251565e-16,0.9345549738219895,0.5707434052757794,0.7086848635235732,0.0,0.0,0.0,0.0,8,GOOD,85,90,74,142,259,32,43,66
HI-Small,22214,46,0.9345549738219895,0.5707434052757794,0.7086848635235731,0.0,0.0,1.1102230246251565e-16,0.9345549738219895,0.5707434052757794,0.7086848635235732,0.0,0.0,0.0,0.0,8,GOOD,85,90,74,142,259,32,43,66
HI-Small,22214,47,0.9345549738219895,0.5707434052757794,0.7086848635235731,0.0,0.0,1.1102230246251565e-16,0.9345549738219895,0.5707434052757794,0.7086848635235732,0.0,0.0,0.0,0.0,8,GOOD,85,90,74,142,259,32,43,66
HI-Small,22214,48,0.9345549738219895,0.5707434052757794,0.7086848635235731,0.0,0.0,1.1102230246251565e-16,0.9345549738219895,0.5707434052757794,0.7086848635235732,0.0,0.0,0.0,0.0,8,GOOD,85,90,74,142,259,32,43,66
HI-Small,22214,49,0.9345549738219895,0.5707434052757794,0.7086848635235731,0.0,0.0,1.1102230246251565e-16,0.9345549738219895,0.5707434052757794,0.7086848635235732,0.0,0.0,0.0,0.0,8,GOOD,85,90,74,142,259,32,43,66
HI-Small,38345,0,0.9345549738219895,0.5707434052757794,0.7086848635235731,0.0,0.0,1.1102230246251565e-16,0.9345549738219895,0.5707434052757794,0.7086848635235732,0.0,0.0,0.0,0.0,8,GOOD,85,90,74,142,259,32,43,66
HI-Small,38345,1,0.9345549738219895,0.5707434052757794,0.7086848635235731,0.0,0.0,1.1102230246251565e-16,0.9345549738219895,0.5707434052757794,0.7086848635235732,0.0,0.0,0.0,0.0,8,GOOD,85,90,74,142,259,32,43,66
HI-Small,38345,2,0.9345549738219895,0.5707434052757794,0.7086848635235731,0.0,0.0,1.1102230246251565e-16,0.9345549738219895,0.5707434052757794,0.7086848635235732,0.0,0.0,0.0,0.0,8,GOOD,85,90,74,142,259,32,43,66
HI-Small,38345,3,0.9345549738219895,0.5707434052757794,0.7086848635235731,0.0,0.0,1.1102230246251565e-16,0.9345549738219895,0.5707434052757794,0.7086848635235732,0.0,0.0,0.0,0.0,8,GOOD,85,90,74,142,259,32,43,66
HI-Small,38345,4,0.9345549738219895,0.5707434052757794,0.7086848635235731,0.0,0.0,1.1102230246251565e-16,0.9345549738219895,0.5707434052757794,0.7086848635235732,0.0,0.0,0.0,0.0,8,GOOD,85,90,74,142,259,32,43,66
HI-Small,38345,5,0.9345549738219895,0.5707434052757794,0.7086848635235731,0.0,0.0,1.1102230246251565e-16,0.9345549738219895,0.5707434052757794,0.7086848635235732,0.0,0.0,0.0,0.0,8,GOOD,85,90,74,142,259,32,43,66
HI-Small,38345,6,0.9345549738219895,0.5707434052757794,0.7086848635235731,0.0,0.0,1.1102230246251565e-16,0.9345549738219895,0.5707434052757794,0.7086848635235732,0.0,0.0,0.0,0.0,8,GOOD,85,90,74,142,259,32,43,66
HI-Small,38345,7,0.9345549738219895,0.5707434052757794,0.7086848635235731,0.0,0.0,1.1102230246251565e-16,0.9345549738219895,0.5707434052757794,0.7086848635235732,0.0,0.0,0.0,0.0,8,GOOD,85,90,74,142,259,32,43,66
HI-Small,38345,8,0.9345549738219895,0.5707434052757794,0.7086848635235731,0.0,0.0,1.1102230246251565e-16,0.9345549738219895,0.5707434052757794,0.7086848635235732,0.0,0.0,0.0,0.0,8,GOOD,85,90,74,142,259,32,43,66
HI-Small,38345,9,0.9345549738219895,0.5707434052757794,0.7086848635235731,0.0,0.0,1.1102230246251565e-16,0.9345549738219895,0.5707434052757794,0.7086848635235732,0.0,0.0,0.0,0.0,8,GOOD,85,90,74,142,259,32,43,66
HI-Small,38345,10,0.9345549738219895,0.5707434052757794,0.7086848635235731,0.0,0.0,1.1102230246251565e-16,0.9345549738219895,0.5707434052757794,0.7086848635235732,0.0,0.0,0.0,0.0,8,GOOD,85,90,74,142,259,32,43,66
HI-Small,38345,11,0.9345549738219895,0.5707434052757794,0.7086848635235731,0.0,0.0,1.1102230246251565e-16,0.9345549738219895,0.5707434052757794,0.7086848635235732,0.0,0.0,0.0,0.0,8,GOOD,85,90,74,142,259,32,43,66
HI-Small,38345,12,0.9345549738219895,0.5707434052757794,0.7086848635235731,0.0,0.0,1.1102230246251565e-16,0.9345549738219895,0.5707434052757794,0.7086848635235732,0.0,0.0,0.0,0.0,8,GOOD,85,90,74,142,259,32,43,66
HI-Small,38345,13,0.9345549738219895,0.5707434052757794,0.7086848635235731,0.0,0.0,1.1102230246251565e-16,0.9345549738219895,0.5707434052757794,0.7086848635235732,0.0,0.0,0.0,0.0,8,GOOD,85,90,74,142,259,32,43,66
HI-Small,38345,14,0.9345549738219895,0.5707434052757794,0.7086848635235731,0.0,0.0,1.1102230246251565e-16,0.9345549738219895,0.5707434052757794,0.7086848635235732,0.0,0.0,0.0,0.0,8,GOOD,85,90,74,142,259,32,43,66
HI-Small,38345,15,0.9345549738219895,0.5707434052757794,0.7086848635235731,0.0,0.0,1.1102230246251565e-16,0.9345549738219895,0.5707434052757794,0.7086848635235732,0.0,0.0,0.0,0.0,8,GOOD,85,90,74,142,259,32,43,66
HI-Small,38345,16,0.9345549738219895,0.5707434052757794,0.7086848635235731,0.0,0.0,1.1102230246251565e-16,0.9345549738219895,0.5707434052757794,0.7086848635235732,0.0,0.0,0.0,0.0,8,GOOD,85,90,74,142,259,32,43,66
HI-Small,38345,17,0.9345549738219895,0.5707434052757794,0.7086848635235731,0.0,0.0,1.1102230246251565e-16,0.9345549738219895,0.5707434052757794,0.7086848635235732,0.0,0.0,0.0,0.0,8,GOOD,85,90,74,142,259,32,43,66
HI-Small,38345,18,0.9345549738219895,0.5707434052757794,0.7086848635235731,0.0,0.0,1.1102230246251565e-16,0.9345549738219895,0.5707434052757794,0.7086848635235732,0.0,0.0,0.0,0.0,8,GOOD,85,90,74,142,259,32,43,66
HI-Small,38345,19,0.9345549738219895,0.5707434052757794,0.7086848635235731,0.0,0.0,1.1102230246251565e-16,0.9345549738219895,0.5707434052757794,0.7086848635235732,0.0,0.0,0.0,0.0,8,GOOD,85,90,74,142,259,32,43,66
HI-Small,38345,20,0.9345549738219895,0.5707434052757794,0.7086848635235731,0.0,0.0,1.1102230246251565e-16,0.9345549738219895,0.5707434052757794,0.7086848635235732,0.0,0.0,0.0,0.0,8,GOOD,85,90,74,142,259,32,43,66
HI-Small,38345,21,0.9345549738219895,0.5707434052757794,0.7086848635235731,0.0,0.0,1.1102230246251565e-16,0.9345549738219895,0.5707434052757794,0.7086848635235732,0.0,0.0,0.0,0.0,8,GOOD,85,90,74,142,259,32,43,66
HI-Small,38345,22,0.9345549738219895,0.5707434052757794,0.7086848635235731,0.0,0.0,1.1102230246251565e-16,0.9345549738219895,0.5707434052757794,0.7086848635235732,0.0,0.0,0.0,0.0,8,GOOD,85,90,74,142,259,32,43,66
HI-Small,38345,23,0.9345549738219895,0.5707434052757794,0.7086848635235731,0.0,0.0,1.1102230246251565e-16,0.9345549738219895,0.5707434052757794,0.7086848635235732,0.0,0.0,0.0,0.0,8,GOOD,85,90,74,142,259,32,43,66
HI-Small,38345,24,0.9345549738219895,0.5707434052757794,0.7086848635235731,0.0,0.0,1.1102230246251565e-16,0.9345549738219895,0.5707434052757794,0.7086848635235732,0.0,0.0,0.0,0.0,8,GOOD,85,90,74,142,259,32,43,66
HI-Small,38345,25,0.9345549738219895,0.5707434052757794,0.7086848635235731,0.0,0.0,1.1102230246251565e-16,0.9345549738219895,0.5707434052757794,0.7086848635235732,0.0,0.0,0.0,0.0,8,GOOD,85,90,74,142,259,32,43,66
HI-Small,38345,26,0.9345549738219895,0.5707434052757794,0.7086848635235731,0.0,0.0,1.1102230246251565e-16,0.9345549738219895,0.5707434052757794,0.7086848635235732,0.0,0.0,0.0,0.0,8,GOOD,85,90,74,142,259,32,43,66
HI-Small,38345,27,0.9345549738219895,0.5707434052757794,0.7086848635235731,0.0,0.0,1.1102230246251565e-16,0.9345549738219895,0.5707434052757794,0.7086848635235732,0.0,0.0,0.0,0.0,8,GOOD,85,90,74,142,259,32,43,66
HI-Small,38345,28,0.9345549738219895,0.5707434052757794,0.7086848635235731,0.0,0.0,1.1102230246251565e-16,0.9345549738219895,0.5707434052757794,0.7086848635235732,0.0,0.0,0.0,0.0,8,GOOD,85,90,74,142,259,32,43,66
HI-Small,38345,29,0.9345549738219895,0.5707434052757794,0.7086848635235731,0.0,0.0,1.1102230246251565e-16,0.9345549738219895,0.5707434052757794,0.7086848635235732,0.0,0.0,0.0,0.0,8,GOOD,85,90,74,142,259,32,43,66
HI-Small,38345,30,0.9345549738219895,0.5707434052757794,0.7086848635235731,0.0,0.0,1.1102230246251565e-16,0.9345549738219895,0.5707434052757794,0.7086848635235732,0.0,0.0,0.0,0.0,8,GOOD,85,90,74,142,259,32,43,66
HI-Small,38345,31,0.9345549738219895,0.5707434052757794,0.7086848635235731,0.0,0.0,1.1102230246251565e-16,0.9345549738219895,0.5707434052757794,0.7086848635235732,0.0,0.0,0.0,0.0,8,GOOD,85,90,74,142,259,32,43,66
HI-Small,38345,32,0.9345549738219895,0.5707434052757794,0.7086848635235731,0.0,0.0,1.1102230246251565e-16,0.9345549738219895,0.5707434052757794,0.7086848635235732,0.0,0.0,0.0,0.0,8,GOOD,85,90,74,142,259,32,43,66
HI-Small,38345,33,0.9345549738219895,0.5707434052757794,0.7086848635235731,0.0,0.0,1.1102230246251565e-16,0.9345549738219895,0.5707434052757794,0.7086848635235732,0.0,0.0,0.0,0.0,8,GOOD,85,90,74,142,259,32,43,66
HI-Small,38345,34,0.9345549738219895,0.5707434052757794,0.7086848635235731,0.0,0.0,1.1102230246251565e-16,0.9345549738219895,0.5707434052757794,0.7086848635235732,0.0,0.0,0.0,0.0,8,GOOD,85,90,74,142,259,32,43,66
HI-Small,38345,35,0.9345549738219895,0.5707434052757794,0.7086848635235731,0.0,0.0,1.1102230246251565e-16,0.9345549738219895,0.5707434052757794,0.7086848635235732,0.0,0.0,0.0,0.0,8,GOOD,85,90,74,142,259,32,43,66
HI-Small,38345,36,0.9345549738219895,0.5707434052757794,0.7086848635235731,0.0,0.0,1.1102230246251565e-16,0.9345549738219895,0.5707434052757794,0.7086848635235732,0.0,0.0,0.0,0.0,8,GOOD,85,90,74,142,259,32,43,66
HI-Small,38345,37,0.9345549738219895,0.5707434052757794,0.7086848635235731,0.0,0.0,1.1102230246251565e-16,0.9345549738219895,0.5707434052757794,0.7086848635235732,0.0,0.0,0.0,0.0,8,GOOD,85,90,74,142,259,32,43,66
HI-Small,38345,38,0.9345549738219895,0.5707434052757794,0.7086848635235731,0.0,0.0,1.1102230246251565e-16,0.9345549738219895,0.5707434052757794,0.7086848635235732,0.0,0.0,0.0,0.0,8,GOOD,85,90,74,142,259,32,43,66
HI-Small,38345,39,0.9345549738219895,0.5707434052757794,0.7086848635235731,0.0,0.0,1.1102230246251565e-16,0.9345549738219895,0.5707434052757794,0.7086848635235732,0.0,0.0,0.0,0.0,8,GOOD,85,90,74,142,259,32,43,66
HI-Small,38345,40,0.9345549738219895,0.5707434052757794,0.7086848635235731,0.0,0.0,1.1102230246251565e-16,0.9345549738219895,0.5707434052757794,0.7086848635235732,0.0,0.0,0.0,0.0,8,GOOD,85,90,74,142,259,32,43,66
HI-Small,38345,41,0.9345549738219895,0.5707434052757794,0.7086848635235731,0.0,0.0,1.1102230246251565e-16,0.9345549738219895,0.5707434052757794,0.7086848635235732,0.0,0.0,0.0,0.0,8,GOOD,85,90,74,142,259,32,43,66
HI-Small,38345,42,0.9345549738219895,0.5707434052757794,0.7086848635235731,0.0,0.0,1.1102230246251565e-16,0.9345549738219895,0.5707434052757794,0.7086848635235732,0.0,0.0,0.0,0.0,8,GOOD,85,90,74,142,259,32,43,66
HI-Small,38345,43,0.9345549738219895,0.5707434052757794,0.7086848635235731,0.0,0.0,1.1102230246251565e-16,0.9345549738219895,0.5707434052757794,0.7086848635235732,0.0,0.0,0.0,0.0,8,GOOD,85,90,74,142,259,32,43,66
HI-Small,38345,44,0.9345549738219895,0.5707434052757794,0.7086848635235731,0.0,0.0,1.1102230246251565e-16,0.9345549738219895,0.5707434052757794,0.7086848635235732,0.0,0.0,0.0,0.0,8,GOOD,85,90,74,142,259,32,43,66
HI-Small,38345,45,0.9345549738219895,0.5707434052757794,0.7086848635235731,0.0,0.0,1.1102230246251565e-16,0.9345549738219895,0.5707434052757794,0.7086848635235732,0.0,0.0,0.0,0.0,8,GOOD,85,90,74,142,259,32,43,66
HI-Small,38345,46,0.9345549738219895,0.5707434052757794,0.7086848635235731,0.0,0.0,1.1102230246251565e-16,0.9345549738219895,0.5707434052757794,0.7086848635235732,0.0,0.0,0.0,0.0,8,GOOD,85,90,74,142,259,32,43,66
HI-Small,38345,47,0.9345549738219895,0.5707434052757794,0.7086848635235731,0.0,0.0,1.1102230246251565e-16,0.9345549738219895,0.5707434052757794,0.7086848635235732,0.0,0.0,0.0,0.0,8,GOOD,85,90,74,142,259,32,43,66
HI-Small,38345,48,0.9345549738219895,0.5707434052757794,0.7086848635235731,0.0,0.0,1.1102230246251565e-16,0.9345549738219895,0.5707434052757794,0.7086848635235732,0.0,0.0,0.0,0.0,8,GOOD,85,90,74,142,259,32,43,66
HI-Small,38345,49,0.9345549738219895,0.5707434052757794,0.7086848635235731,0.0,0.0,1.1102230246251565e-16,0.9345549738219895,0.5707434052757794,0.7086848635235732,0.0,0.0,0.0,0.0,8,GOOD,85,90,74,142,259,32,43,66
HI-Small,66190,0,0.9345549738219895,0.5707434052757794,0.7086848635235731,0.0,0.0,1.1102230246251565e-16,0.9345549738219895,0.5707434052757794,0.7086848635235732,0.0,0.0,0.0,0.0,8,GOOD,85,90,74,142,259,32,43,66
HI-Small,66190,1,0.9345549738219895,0.5707434052757794,0.7086848635235731,0.0,0.0,1.1102230246251565e-16,0.9345549738219895,0.5707434052757794,0.7086848635235732,0.0,0.0,0.0,0.0,8,GOOD,85,90,74,142,259,32,43,66
HI-Small,66190,2,0.9345549738219895,0.5707434052757794,0.7086848635235731,0.0,0.0,1.1102230246251565e-16,0.9345549738219895,0.5707434052757794,0.7086848635235732,0.0,0.0,0.0,0.0,8,GOOD,85,90,74,142,259,32,43,66
HI-Small,66190,3,0.9345549738219895,0.5707434052757794,0.7086848635235731,0.0,0.0,1.1102230246251565e-16,0.9345549738219895,0.5707434052757794,0.7086848635235732,0.0,0.0,0.0,0.0,8,GOOD,85,90,74,142,259,32,43,66
HI-Small,66190,4,0.9345549738219895,0.5707434052757794,0.7086848635235731,0.0,0.0,1.1102230246251565e-16,0.9345549738219895,0.5707434052757794,0.7086848635235732,0.0,0.0,0.0,0.0,8,GOOD,85,90,74,142,259,32,43,66
HI-Small,66190,5,0.9345549738219895,0.5707434052757794,0.7086848635235731,0.0,0.0,1.1102230246251565e-16,0.9345549738219895,0.5707434052757794,0.7086848635235732,0.0,0.0,0.0,0.0,8,GOOD,85,90,74,142,259,32,43,66
HI-Small,66190,6,0.9345549738219895,0.5707434052757794,0.7086848635235731,0.0,0.0,1.1102230246251565e-16,0.9345549738219895,0.5707434052757794,0.7086848635235732,0.0,0.0,0.0,0.0,8,GOOD,85,90,74,142,259,32,43,66
HI-Small,66190,7,0.9345549738219895,0.5707434052757794,0.7086848635235731,0.0,0.0,1.1102230246251565e-16,0.9345549738219895,0.5707434052757794,0.7086848635235732,0.0,0.0,0.0,0.0,8,GOOD,85,90,74,142,259,32,43,66
HI-Small,66190,8,0.9345549738219895,0.5707434052757794,0.7086848635235731,0.0,0.0,1.1102230246251565e-16,0.9345549738219895,0.5707434052757794,0.7086848635235732,0.0,0.0,0.0,0.0,8,GOOD,85,90,74,142,259,32,43,66
HI-Small,66190,9,0.9345549738219895,0.5707434052757794,0.7086848635235731,0.0,0.0,1.1102230246251565e-16,0.9345549738219895,0.5707434052757794,0.7086848635235732,0.0,0.0,0.0,0.0,8,GOOD,85,90,74,142,259,32,43,66
HI-Small,66190,10,0.9345549738219895,0.5707434052757794,0.7086848635235731,0.0,0.0,1.1102230246251565e-16,0.9345549738219895,0.5707434052757794,0.7086848635235732,0.0,0.0,0.0,0.0,8,GOOD,85,90,74,142,259,32,43,66
HI-Small,66190,11,0.9345549738219895,0.5707434052757794,0.7086848635235731,0.0,0.0,1.1102230246251565e-16,0.9345549738219895,0.5707434052757794,0.7086848635235732,0.0,0.0,0.0,0.0,8,GOOD,85,90,74,142,259,32,43,66
HI-Small,66190,12,0.9345549738219895,0.5707434052757794,0.7086848635235731,0.0,0.0,1.1102230246251565e-16,0.9345549738219895,0.5707434052757794,0.7086848635235732,0.0,0.0,0.0,0.0,8,GOOD,85,90,74,142,259,32,43,66
HI-Small,66190,13,0.9345549738219895,0.5707434052757794,0.7086848635235731,0.0,0.0,1.1102230246251565e-16,0.9345549738219895,0.5707434052757794,0.7086848635235732,0.0,0.0,0.0,0.0,8,GOOD,85,90,74,142,259,32,43,66
HI-Small,66190,14,0.9345549738219895,0.5707434052757794,0.7086848635235731,0.0,0.0,1.1102230246251565e-16,0.9345549738219895,0.5707434052757794,0.7086848635235732,0.0,0.0,0.0,0.0,8,GOOD,85,90,74,142,259,32,43,66
HI-Small,66190,15,0.9345549738219895,0.5707434052757794,0.7086848635235731,0.0,0.0,1.1102230246251565e-16,0.9345549738219895,0.5707434052757794,0.7086848635235732,0.0,0.0,0.0,0.0,8,GOOD,85,90,74,142,259,32,43,66
HI-Small,66190,16,0.9345549738219895,0.5707434052757794,0.7086848635235731,0.0,0.0,1.1102230246251565e-16,0.9345549738219895,0.5707434052757794,0.7086848635235732,0.0,0.0,0.0,0.0,8,GOOD,85,90,74,142,259,32,43,66
HI-Small,66190,17,0.9345549738219895,0.5707434052757794,0.7086848635235731,0.0,0.0,1.1102230246251565e-16,0.9345549738219895,0.5707434052757794,0.7086848635235732,0.0,0.0,0.0,0.0,8,GOOD,85,90,74,142,259,32,43,66
HI-Small,66190,18,0.9345549738219895,0.5707434052757794,0.7086848635235731,0.0,0.0,1.1102230246251565e-16,0.9345549738219895,0.5707434052757794,0.7086848635235732,0.0,0.0,0.0,0.0,8,GOOD,85,90,74,142,259,32,43,66
HI-Small,66190,19,0.9345549738219895,0.5707434052757794,0.7086848635235731,0.0,0.0,1.1102230246251565e-16,0.9345549738219895,0.5707434052757794,0.7086848635235732,0.0,0.0,0.0,0.0,8,GOOD,85,90,74,142,259,32,43,66
HI-Small,66190,20,0.9345549738219895,0.5707434052757794,0.7086848635235731,0.0,0.0,1.1102230246251565e-16,0.9345549738219895,0.5707434052757794,0.7086848635235732,0.0,0.0,0.0,0.0,8,GOOD,85,90,74,142,259,32,43,66
HI-Small,66190,21,0.9345549738219895,0.5707434052757794,0.7086848635235731,0.0,0.0,1.1102230246251565e-16,0.9345549738219895,0.5707434052757794,0.7086848635235732,0.0,0.0,0.0,0.0,8,GOOD,85,90,74,142,259,32,43,66
HI-Small,66190,22,0.9345549738219895,0.5707434052757794,0.7086848635235731,0.0,0.0,1.1102230246251565e-16,0.9345549738219895,0.5707434052757794,0.7086848635235732,0.0,0.0,0.0,0.0,8,GOOD,85,90,74,142,259,32,43,66
HI-Small,66190,23,0.9345549738219895,0.5707434052757794,0.7086848635235731,0.0,0.0,1.1102230246251565e-16,0.9345549738219895,0.5707434052757794,0.7086848635235732,0.0,0.0,0.0,0.0,8,GOOD,85,90,74,142,259,32,43,66
HI-Small,66190,24,0.9345549738219895,0.5707434052757794,0.7086848635235731,0.0,0.0,1.1102230246251565e-16,0.9345549738219895,0.5707434052757794,0.7086848635235732,0.0,0.0,0.0,0.0,8,GOOD,85,90,74,142,259,32,43,66
HI-Small,66190,25,0.9345549738219895,0.5707434052757794,0.7086848635235731,0.0,0.0,1.1102230246251565e-16,0.9345549738219895,0.5707434052757794,0.7086848635235732,0.0,0.0,0.0,0.0,8,GOOD,85,90,74,142,259,32,43,66
HI-Small,66190,26,0.9345549738219895,0.5707434052757794,0.7086848635235731,0.0,0.0,1.1102230246251565e-16,0.9345549738219895,0.5707434052757794,0.7086848635235732,0.0,0.0,0.0,0.0,8,GOOD,85,90,74,142,259,32,43,66
HI-Small,66190,27,0.9345549738219895,0.5707434052757794,0.7086848635235731,0.0,0.0,1.1102230246251565e-16,0.9345549738219895,0.5707434052757794,0.7086848635235732,0.0,0.0,0.0,0.0,8,GOOD,85,90,74,142,259,32,43,66
HI-Small,66190,28,0.9345549738219895,0.5707434052757794,0.7086848635235731,0.0,0.0,1.1102230246251565e-16,0.9345549738219895,0.5707434052757794,0.7086848635235732,0.0,0.0,0.0,0.0,8,GOOD,85,90,74,142,259,32,43,66
HI-Small,66190,29,0.9345549738219895,0.5707434052757794,0.7086848635235731,0.0,0.0,1.1102230246251565e-16,0.9345549738219895,0.5707434052757794,0.7086848635235732,0.0,0.0,0.0,0.0,8,GOOD,85,90,74,142,259,32,43,66
HI-Small,66190,30,0.9345549738219895,0.5707434052757794,0.7086848635235731,0.0,0.0,1.1102230246251565e-16,0.9345549738219895,0.5707434052757794,0.7086848635235732,0.0,0.0,0.0,0.0,8,GOOD,85,90,74,142,259,32,43,66
HI-Small,66190,31,0.9345549738219895,0.5707434052757794,0.7086848635235731,0.0,0.0,1.1102230246251565e-16,0.9345549738219895,0.5707434052757794,0.7086848635235732,0.0,0.0,0.0,0.0,8,GOOD,85,90,74,142,259,32,43,66
HI-Small,66190,32,0.9345549738219895,0.5707434052757794,0.7086848635235731,0.0,0.0,1.1102230246251565e-16,0.9345549738219895,0.5707434052757794,0.7086848635235732,0.0,0.0,0.0,0.0,8,GOOD,85,90,74,142,259,32,43,66
HI-Small,66190,33,0.9345549738219895,0.5707434052757794,0.7086848635235731,0.0,0.0,1.1102230246251565e-16,0.9345549738219895,0.5707434052757794,0.7086848635235732,0.0,0.0,0.0,0.0,8,GOOD,85,90,74,142,259,32,43,66
HI-Small,66190,34,0.9345549738219895,0.5707434052757794,0.7086848635235731,0.0,0.0,1.1102230246251565e-16,0.9345549738219895,0.5707434052757794,0.7086848635235732,0.0,0.0,0.0,0.0,8,GOOD,85,90,74,142,259,32,43,66
HI-Small,66190,35,0.9345549738219895,0.5707434052757794,0.7086848635235731,0.0,0.0,1.1102230246251565e-16,0.9345549738219895,0.5707434052757794,0.7086848635235732,0.0,0.0,0.0,0.0,8,GOOD,85,90,74,142,259,32,43,66
HI-Small,66190,36,0.9345549738219895,0.5707434052757794,0.7086848635235731,0.0,0.0,1.1102230246251565e-16,0.9345549738219895,0.5707434052757794,0.7086848635235732,0.0,0.0,0.0,0.0,8,GOOD,85,90,74,142,259,32,43,66
HI-Small,66190,37,0.9345549738219895,0.5707434052757794,0.7086848635235731,0.0,0.0,1.1102230246251565e-16,0.9345549738219895,0.5707434052757794,0.7086848635235732,0.0,0.0,0.0,0.0,8,GOOD,85,90,74,142,259,32,43,66
HI-Small,66190,38,0.9345549738219895,0.5707434052757794,0.7086848635235731,0.0,0.0,1.1102230246251565e-16,0.9345549738219895,0.5707434052757794,0.7086848635235732,0.0,0.0,0.0,0.0,8,GOOD,85,90,74,142,259,32,43,66
HI-Small,66190,39,0.9345549738219895,0.5707434052757794,0.7086848635235731,0.0,0.0,1.1102230246251565e-16,0.9345549738219895,0.5707434052757794,0.7086848635235732,0.0,0.0,0.0,0.0,8,GOOD,85,90,74,142,259,32,43,66
HI-Small,66190,40,0.9345549738219895,0.5707434052757794,0.7086848635235731,0.0,0.0,1.1102230246251565e-16,0.9345549738219895,0.5707434052757794,0.7086848635235732,0.0,0.0,0.0,0.0,8,GOOD,85,90,74,142,259,32,43,66
HI-Small,66190,41,0.9345549738219895,0.5707434052757794,0.7086848635235731,0.0,0.0,1.1102230246251565e-16,0.9345549738219895,0.5707434052757794,0.7086848635235732,0.0,0.0,0.0,0.0,8,GOOD,85,90,74,142,259,32,43,66
HI-Small,66190,42,0.9345549738219895,0.5707434052757794,0.7086848635235731,0.0,0.0,1.1102230246251565e-16,0.9345549738219895,0.5707434052757794,0.7086848635235732,0.0,0.0,0.0,0.0,8,GOOD,85,90,74,142,259,32,43,66
HI-Small,66190,43,0.9345549738219895,0.5707434052757794,0.7086848635235731,0.0,0.0,1.1102230246251565e-16,0.9345549738219895,0.5707434052757794,0.7086848635235732,0.0,0.0,0.0,0.0,8,GOOD,85,90,74,142,259,32,43,66
HI-Small,66190,44,0.9345549738219895,0.5707434052757794,0.7086848635235731,0.0,0.0,1.1102230246251565e-16,0.9345549738219895,0.5707434052757794,0.7086848635235732,0.0,0.0,0.0,0.0,8,GOOD,85,90,74,142,259,32,43,66
HI-Small,66190,45,0.9345549738219895,0.5707434052757794,0.7086848635235731,0.0,0.0,1.1102230246251565e-16,0.9345549738219895,0.5707434052757794,0.7086848635235732,0.0,0.0,0.0,0.0,8,GOOD,85,90,74,142,259,32,43,66
HI-Small,66190,46,0.9345549738219895,0.5707434052757794,0.7086848635235731,0.0,0.0,1.1102230246251565e-16,0.9345549738219895,0.5707434052757794,0.7086848635235732,0.0,0.0,0.0,0.0,8,GOOD,85,90,74,142,259,32,43,66
HI-Small,66190,47,0.9345549738219895,0.5707434052757794,0.7086848635235731,0.0,0.0,1.1102230246251565e-16,0.9345549738219895,0.5707434052757794,0.7086848635235732,0.0,0.0,0.0,0.0,8,GOOD,85,90,74,142,259,32,43,66
HI-Small,66190,48,0.9345549738219895,0.5707434052757794,0.7086848635235731,0.0,0.0,1.1102230246251565e-16,0.9345549738219895,0.5707434052757794,0.7086848635235732,0.0,0.0,0.0,0.0,8,GOOD,85,90,74,142,259,32,43,66
HI-Small,66190,49,0.9345549738219895,0.5707434052757794,0.7086848635235731,0.0,0.0,1.1102230246251565e-16,0.9345549738219895,0.5707434052757794,0.7086848635235732,0.0,0.0,0.0,0.0,8,GOOD,85,90,74,142,259,32,43,66
HI-Small,114256,0,0.9345549738219895,0.5707434052757794,0.7086848635235731,0.0,0.0,1.1102230246251565e-16,0.9345549738219895,0.5707434052757794,0.7086848635235732,0.0,0.0,0.0,0.0,8,GOOD,85,90,74,142,259,32,43,66
HI-Small,114256,1,0.9345549738219895,0.5707434052757794,0.7086848635235731,0.0,0.0,1.1102230246251565e-16,0.9345549738219895,0.5707434052757794,0.7086848635235732,0.0,0.0,0.0,0.0,8,GOOD,85,90,74,142,259,32,43,66
HI-Small,114256,2,0.9345549738219895,0.5707434052757794,0.7086848635235731,0.0,0.0,1.1102230246251565e-16,0.9345549738219895,0.5707434052757794,0.7086848635235732,0.0,0.0,0.0,0.0,8,GOOD,85,90,74,142,259,32,43,66
HI-Small,114256,3,0.9345549738219895,0.5707434052757794,0.7086848635235731,0.0,0.0,1.1102230246251565e-16,0.9345549738219895,0.5707434052757794,0.7086848635235732,0.0,0.0,0.0,0.0,8,GOOD,85,90,74,142,259,32,43,66
HI-Small,114256,4,0.9345549738219895,0.5707434052757794,0.7086848635235731,0.0,0.0,1.1102230246251565e-16,0.9345549738219895,0.5707434052757794,0.7086848635235732,0.0,0.0,0.0,0.0,8,GOOD,85,90,74,142,259,32,43,66
HI-Small,114256,5,0.9345549738219895,0.5707434052757794,0.7086848635235731,0.0,0.0,1.1102230246251565e-16,0.9345549738219895,0.5707434052757794,0.7086848635235732,0.0,0.0,0.0,0.0,8,GOOD,85,90,74,142,259,32,43,66
HI-Small,114256,6,0.9345549738219895,0.5707434052757794,0.7086848635235731,0.0,0.0,1.1102230246251565e-16,0.9345549738219895,0.5707434052757794,0.7086848635235732,0.0,0.0,0.0,0.0,8,GOOD,85,90,74,142,259,32,43,66
HI-Small,114256,7,0.9345549738219895,0.5707434052757794,0.7086848635235731,0.0,0.0,1.1102230246251565e-16,0.9345549738219895,0.5707434052757794,0.7086848635235732,0.0,0.0,0.0,0.0,8,GOOD,85,90,74,142,259,32,43,66
HI-Small,114256,8,0.9345549738219895,0.5707434052757794,0.7086848635235731,0.0,0.0,1.1102230246251565e-16,0.9345549738219895,0.5707434052757794,0.7086848635235732,0.0,0.0,0.0,0.0,8,GOOD,85,90,74,142,259,32,43,66
HI-Small,114256,9,0.9345549738219895,0.5707434052757794,0.7086848635235731,0.0,0.0,1.1102230246251565e-16,0.9345549738219895,0.5707434052757794,0.7086848635235732,0.0,0.0,0.0,0.0,8,GOOD,85,90,74,142,259,32,43,66
HI-Small,114256,10,0.9345549738219895,0.5707434052757794,0.7086848635235731,0.0,0.0,1.1102230246251565e-16,0.9345549738219895,0.5707434052757794,0.7086848635235732,0.0,0.0,0.0,0.0,8,GOOD,85,90,74,142,259,32,43,66
HI-Small,114256,11,0.9345549738219895,0.5707434052757794,0.7086848635235731,0.0,0.0,1.1102230246251565e-16,0.9345549738219895,0.5707434052757794,0.7086848635235732,0.0,0.0,0.0,0.0,8,GOOD,85,90,74,142,259,32,43,66
HI-Small,114256,12,0.9345549738219895,0.5707434052757794,0.7086848635235731,0.0,0.0,1.1102230246251565e-16,0.9345549738219895,0.5707434052757794,0.7086848635235732,0.0,0.0,0.0,0.0,8,GOOD,85,90,74,142,259,32,43,66
HI-Small,114256,13,0.9345549738219895,0.5707434052757794,0.7086848635235731,0.0,0.0,1.1102230246251565e-16,0.9345549738219895,0.5707434052757794,0.7086848635235732,0.0,0.0,0.0,0.0,8,GOOD,85,90,74,142,259,32,43,66
HI-Small,114256,14,0.9345549738219895,0.5707434052757794,0.7086848635235731,0.0,0.0,1.1102230246251565e-16,0.9345549738219895,0.5707434052757794,0.7086848635235732,0.0,0.0,0.0,0.0,8,GOOD,85,90,74,142,259,32,43,66
HI-Small,114256,15,0.9345549738219895,0.5707434052757794,0.7086848635235731,0.0,0.0,1.1102230246251565e-16,0.9345549738219895,0.5707434052757794,0.7086848635235732,0.0,0.0,0.0,0.0,8,GOOD,85,90,74,142,259,32,43,66
HI-Small,114256,16,0.9345549738219895,0.5707434052757794,0.7086848635235731,0.0,0.0,1.1102230246251565e-16,0.9345549738219895,0.5707434052757794,0.7086848635235732,0.0,0.0,0.0,0.0,8,GOOD,85,90,74,142,259,32,43,66
HI-Small,114256,17,0.9345549738219895,0.5707434052757794,0.7086848635235731,0.0,0.0,1.1102230246251565e-16,0.9345549738219895,0.5707434052757794,0.7086848635235732,0.0,0.0,0.0,0.0,8,GOOD,85,90,74,142,259,32,43,66
HI-Small,114256,18,0.9345549738219895,0.5707434052757794,0.7086848635235731,0.0,0.0,1.1102230246251565e-16,0.9345549738219895,0.5707434052757794,0.7086848635235732,0.0,0.0,0.0,0.0,8,GOOD,85,90,74,142,259,32,43,66
HI-Small,114256,19,0.9345549738219895,0.5707434052757794,0.7086848635235731,0.0,0.0,1.1102230246251565e-16,0.9345549738219895,0.5707434052757794,0.7086848635235732,0.0,0.0,0.0,0.0,8,GOOD,85,90,74,142,259,32,43,66
HI-Small,114256,20,0.9345549738219895,0.5707434052757794,0.7086848635235731,0.0,0.0,1.1102230246251565e-16,0.9345549738219895,0.5707434052757794,0.7086848635235732,0.0,0.0,0.0,0.0,8,GOOD,85,90,74,142,259,32,43,66
HI-Small,114256,21,0.9345549738219895,0.5707434052757794,0.7086848635235731,0.0,0.0,1.1102230246251565e-16,0.9345549738219895,0.5707434052757794,0.7086848635235732,0.0,0.0,0.0,0.0,8,GOOD,85,90,74,142,259,32,43,66
HI-Small,114256,22,0.9345549738219895,0.5707434052757794,0.7086848635235731,0.0,0.0,1.1102230246251565e-16,0.9345549738219895,0.5707434052757794,0.7086848635235732,0.0,0.0,0.0,0.0,8,GOOD,85,90,74,142,259,32,43,66
HI-Small,114256,23,0.9345549738219895,0.5707434052757794,0.7086848635235731,0.0,0.0,1.1102230246251565e-16,0.9345549738219895,0.5707434052757794,0.7086848635235732,0.0,0.0,0.0,0.0,8,GOOD,85,90,74,142,259,32,43,66
HI-Small,114256,24,0.9345549738219895,0.5707434052757794,0.7086848635235731,0.0,0.0,1.1102230246251565e-16,0.9345549738219895,0.5707434052757794,0.7086848635235732,0.0,0.0,0.0,0.0,8,GOOD,85,90,74,142,259,32,43,66
HI-Small,114256,25,0.9345549738219895,0.5707434052757794,0.7086848635235731,0.0,0.0,1.1102230246251565e-16,0.9345549738219895,0.5707434052757794,0.7086848635235732,0.0,0.0,0.0,0.0,8,GOOD,85,90,74,142,259,32,43,66
HI-Small,114256,26,0.9345549738219895,0.5707434052757794,0.7086848635235731,0.0,0.0,1.1102230246251565e-16,0.9345549738219895,0.5707434052757794,0.7086848635235732,0.0,0.0,0.0,0.0,8,GOOD,85,90,74,142,259,32,43,66
HI-Small,114256,27,0.9345549738219895,0.5707434052757794,0.7086848635235731,0.0,0.0,1.1102230246251565e-16,0.9345549738219895,0.5707434052757794,0.7086848635235732,0.0,0.0,0.0,0.0,8,GOOD,85,90,74,142,259,32,43,66
HI-Small,114256,28,0.9345549738219895,0.5707434052757794,0.7086848635235731,0.0,0.0,1.1102230246251565e-16,0.9345549738219895,0.5707434052757794,0.7086848635235732,0.0,0.0,0.0,0.0,8,GOOD,85,90,74,142,259,32,43,66
HI-Small,114256,29,0.9345549738219895,0.5707434052757794,0.7086848635235731,0.0,0.0,1.1102230246251565e-16,0.9345549738219895,0.5707434052757794,0.7086848635235732,0.0,0.0,0.0,0.0,8,GOOD,85,90,74,142,259,32,43,66
HI-Small,114256,30,0.9345549738219895,0.5707434052757794,0.7086848635235731,0.0,0.0,1.1102230246251565e-16,0.9345549738219895,0.5707434052757794,0.7086848635235732,0.0,0.0,0.0,0.0,8,GOOD,85,90,74,142,259,32,43,66
HI-Small,114256,31,0.9345549738219895,0.5707434052757794,0.7086848635235731,0.0,0.0,1.1102230246251565e-16,0.9345549738219895,0.5707434052757794,0.7086848635235732,0.0,0.0,0.0,0.0,8,GOOD,85,90,74,142,259,32,43,66
HI-Small,114256,32,0.9345549738219895,0.5707434052757794,0.7086848635235731,0.0,0.0,1.1102230246251565e-16,0.9345549738219895,0.5707434052757794,0.7086848635235732,0.0,0.0,0.0,0.0,8,GOOD,85,90,74,142,259,32,43,66
HI-Small,114256,33,0.9345549738219895,0.5707434052757794,0.7086848635235731,0.0,0.0,1.1102230246251565e-16,0.9345549738219895,0.5707434052757794,0.7086848635235732,0.0,0.0,0.0,0.0,8,GOOD,85,90,74,142,259,32,43,66
HI-Small,114256,34,0.9345549738219895,0.5707434052757794,0.7086848635235731,0.0,0.0,1.1102230246251565e-16,0.9345549738219895,0.5707434052757794,0.7086848635235732,0.0,0.0,0.0,0.0,8,GOOD,85,90,74,142,259,32,43,66
HI-Small,114256,35,0.9345549738219895,0.5707434052757794,0.7086848635235731,0.0,0.0,1.1102230246251565e-16,0.9345549738219895,0.5707434052757794,0.7086848635235732,0.0,0.0,0.0,0.0,8,GOOD,85,90,74,142,259,32,43,66
HI-Small,114256,36,0.9345549738219895,0.5707434052757794,0.7086848635235731,0.0,0.0,1.1102230246251565e-16,0.9345549738219895,0.5707434052757794,0.7086848635235732,0.0,0.0,0.0,0.0,8,GOOD,85,90,74,142,259,32,43,66
HI-Small,114256,37,0.9345549738219895,0.5707434052757794,0.7086848635235731,0.0,0.0,1.1102230246251565e-16,0.9345549738219895,0.5707434052757794,0.7086848635235732,0.0,0.0,0.0,0.0,8,GOOD,85,90,74,142,259,32,43,66
HI-Small,114256,38,0.9345549738219895,0.5707434052757794,0.7086848635235731,0.0,0.0,1.1102230246251565e-16,0.9345549738219895,0.5707434052757794,0.7086848635235732,0.0,0.0,0.0,0.0,8,GOOD,85,90,74,142,259,32,43,66
HI-Small,114256,39,0.9345549738219895,0.5707434052757794,0.7086848635235731,0.0,0.0,1.1102230246251565e-16,0.9345549738219895,0.5707434052757794,0.7086848635235732,0.0,0.0,0.0,0.0,8,GOOD,85,90,74,142,259,32,43,66
HI-Small,114256,40,0.9345549738219895,0.5707434052757794,0.7086848635235731,0.0,0.0,1.1102230246251565e-16,0.9345549738219895,0.5707434052757794,0.7086848635235732,0.0,0.0,0.0,0.0,8,GOOD,85,90,74,142,259,32,43,66
HI-Small,114256,41,0.9345549738219895,0.5707434052757794,0.7086848635235731,0.0,0.0,1.1102230246251565e-16,0.9345549738219895,0.5707434052757794,0.7086848635235732,0.0,0.0,0.0,0.0,8,GOOD,85,90,74,142,259,32,43,66
HI-Small,114256,42,0.9345549738219895,0.5707434052757794,0.7086848635235731,0.0,0.0,1.1102230246251565e-16,0.9345549738219895,0.5707434052757794,0.7086848635235732,0.0,0.0,0.0,0.0,8,GOOD,85,90,74,142,259,32,43,66
HI-Small,114256,43,0.9345549738219895,0.5707434052757794,0.7086848635235731,0.0,0.0,1.1102230246251565e-16,0.9345549738219895,0.5707434052757794,0.7086848635235732,0.0,0.0,0.0,0.0,8,GOOD,85,90,74,142,259,32,43,66
HI-Small,114256,44,0.9345549738219895,0.5707434052757794,0.7086848635235731,0.0,0.0,1.1102230246251565e-16,0.9345549738219895,0.5707434052757794,0.7086848635235732,0.0,0.0,0.0,0.0,8,GOOD,85,90,74,142,259,32,43,66
HI-Small,114256,45,0.9345549738219895,0.5707434052757794,0.7086848635235731,0.0,0.0,1.1102230246251565e-16,0.9345549738219895,0.5707434052757794,0.7086848635235732,0.0,0.0,0.0,0.0,8,GOOD,85,90,74,142,259,32,43,66
HI-Small,114256,46,0.9345549738219895,0.5707434052757794,0.7086848635235731,0.0,0.0,1.1102230246251565e-16,0.9345549738219895,0.5707434052757794,0.7086848635235732,0.0,0.0,0.0,0.0,8,GOOD,85,90,74,142,259,32,43,66
HI-Small,114256,47,0.9345549738219895,0.5707434052757794,0.7086848635235731,0.0,0.0,1.1102230246251565e-16,0.9345549738219895,0.5707434052757794,0.7086848635235732,0.0,0.0,0.0,0.0,8,GOOD,85,90,74,142,259,32,43,66
HI-Small,114256,48,0.9345549738219895,0.5707434052757794,0.7086848635235731,0.0,0.0,1.1102230246251565e-16,0.9345549738219895,0.5707434052757794,0.7086848635235732,0.0,0.0,0.0,0.0,8,GOOD,85,90,74,142,259,32,43,66
HI-Small,114256,49,0.9345549738219895,0.5707434052757794,0.7086848635235731,0.0,0.0,1.1102230246251565e-16,0.9345549738219895,0.5707434052757794,0.7086848635235732,0.0,0.0,0.0,0.0,8,GOOD,85,90,74,142,259,32,43,66
HI-Small,197226,0,0.9345549738219895,0.5707434052757794,0.7086848635235731,0.0,0.0,1.1102230246251565e-16,0.9345549738219895,0.5707434052757794,0.7086848635235732,0.0,0.0,0.0,0.0,8,GOOD,85,90,74,142,259,32,43,66
HI-Small,197226,1,0.9345549738219895,0.5707434052757794,0.7086848635235731,0.0,0.0,1.1102230246251565e-16,0.9345549738219895,0.5707434052757794,0.7086848635235732,0.0,0.0,0.0,0.0,8,GOOD,85,90,74,142,259,32,43,66
HI-Small,197226,2,0.9345549738219895,0.5707434052757794,0.7086848635235731,0.0,0.0,1.1102230246251565e-16,0.9345549738219895,0.5707434052757794,0.7086848635235732,0.0,0.0,0.0,0.0,8,GOOD,85,90,74,142,259,32,43,66
HI-Small,197226,3,0.9345549738219895,0.5707434052757794,0.7086848635235731,0.0,0.0,1.1102230246251565e-16,0.9345549738219895,0.5707434052757794,0.7086848635235732,0.0,0.0,0.0,0.0,8,GOOD,85,90,74,142,259,32,43,66
HI-Small,197226,4,0.9345549738219895,0.5707434052757794,0.7086848635235731,0.0,0.0,1.1102230246251565e-16,0.9345549738219895,0.5707434052757794,0.7086848635235732,0.0,0.0,0.0,0.0,8,GOOD,85,90,74,142,259,32,43,66
HI-Small,197226,5,0.9345549738219895,0.5707434052757794,0.7086848635235731,0.0,0.0,1.1102230246251565e-16,0.9345549738219895,0.5707434052757794,0.7086848635235732,0.0,0.0,0.0,0.0,8,GOOD,85,90,74,142,259,32,43,66
HI-Small,197226,6,0.9345549738219895,0.5707434052757794,0.7086848635235731,0.0,0.0,1.1102230246251565e-16,0.9345549738219895,0.5707434052757794,0.7086848635235732,0.0,0.0,0.0,0.0,8,GOOD,85,90,74,142,259,32,43,66
HI-Small,197226,7,0.9345549738219895,0.5707434052757794,0.7086848635235731,0.0,0.0,1.1102230246251565e-16,0.9345549738219895,0.5707434052757794,0.7086848635235732,0.0,0.0,0.0,0.0,8,GOOD,85,90,74,142,259,32,43,66
HI-Small,197226,8,0.9345549738219895,0.5707434052757794,0.7086848635235731,0.0,0.0,1.1102230246251565e-16,0.9345549738219895,0.5707434052757794,0.7086848635235732,0.0,0.0,0.0,0.0,8,GOOD,85,90,74,142,259,32,43,66
HI-Small,197226,9,0.9345549738219895,0.5707434052757794,0.7086848635235731,0.0,0.0,1.1102230246251565e-16,0.9345549738219895,0.5707434052757794,0.7086848635235732,0.0,0.0,0.0,0.0,8,GOOD,85,90,74,142,259,32,43,66
HI-Small,197226,10,0.9345549738219895,0.5707434052757794,0.7086848635235731,0.0,0.0,1.1102230246251565e-16,0.9345549738219895,0.5707434052757794,0.7086848635235732,0.0,0.0,0.0,0.0,8,GOOD,85,90,74,142,259,32,43,66
HI-Small,197226,11,0.9345549738219895,0.5707434052757794,0.7086848635235731,0.0,0.0,1.1102230246251565e-16,0.9345549738219895,0.5707434052757794,0.7086848635235732,0.0,0.0,0.0,0.0,8,GOOD,85,90,74,142,259,32,43,66
HI-Small,197226,12,0.9345549738219895,0.5707434052757794,0.7086848635235731,0.0,0.0,1.1102230246251565e-16,0.9345549738219895,0.5707434052757794,0.7086848635235732,0.0,0.0,0.0,0.0,8,GOOD,85,90,74,142,259,32,43,66
HI-Small,197226,13,0.9345549738219895,0.5707434052757794,0.7086848635235731,0.0,0.0,1.1102230246251565e-16,0.9345549738219895,0.5707434052757794,0.7086848635235732,0.0,0.0,0.0,0.0,8,GOOD,85,90,74,142,259,32,43,66
HI-Small,197226,14,0.9345549738219895,0.5707434052757794,0.7086848635235731,0.0,0.0,1.1102230246251565e-16,0.9345549738219895,0.5707434052757794,0.7086848635235732,0.0,0.0,0.0,0.0,8,GOOD,85,90,74,142,259,32,43,66
HI-Small,197226,15,0.9345549738219895,0.5707434052757794,0.7086848635235731,0.0,0.0,1.1102230246251565e-16,0.9345549738219895,0.5707434052757794,0.7086848635235732,0.0,0.0,0.0,0.0,8,GOOD,85,90,74,142,259,32,43,66
HI-Small,197226,16,0.9345549738219895,0.5707434052757794,0.7086848635235731,0.0,0.0,1.1102230246251565e-16,0.9345549738219895,0.5707434052757794,0.7086848635235732,0.0,0.0,0.0,0.0,8,GOOD,85,90,74,142,259,32,43,66
HI-Small,197226,17,0.9345549738219895,0.5707434052757794,0.7086848635235731,0.0,0.0,1.1102230246251565e-16,0.9345549738219895,0.5707434052757794,0.7086848635235732,0.0,0.0,0.0,0.0,8,GOOD,85,90,74,142,259,32,43,66
HI-Small,197226,18,0.9345549738219895,0.5707434052757794,0.7086848635235731,0.0,0.0,1.1102230246251565e-16,0.9345549738219895,0.5707434052757794,0.7086848635235732,0.0,0.0,0.0,0.0,8,GOOD,85,90,74,142,259,32,43,66
HI-Small,197226,19,0.9345549738219895,0.5707434052757794,0.7086848635235731,0.0,0.0,1.1102230246251565e-16,0.9345549738219895,0.5707434052757794,0.7086848635235732,0.0,0.0,0.0,0.0,8,GOOD,85,90,74,142,259,32,43,66
HI-Small,197226,20,0.9345549738219895,0.5707434052757794,0.7086848635235731,0.0,0.0,1.1102230246251565e-16,0.9345549738219895,0.5707434052757794,0.7086848635235732,0.0,0.0,0.0,0.0,8,GOOD,85,90,74,142,259,32,43,66
HI-Small,197226,21,0.9345549738219895,0.5707434052757794,0.7086848635235731,0.0,0.0,1.1102230246251565e-16,0.9345549738219895,0.5707434052757794,0.7086848635235732,0.0,0.0,0.0,0.0,8,GOOD,85,90,74,142,259,32,43,66
HI-Small,197226,22,0.9345549738219895,0.5707434052757794,0.7086848635235731,0.0,0.0,1.1102230246251565e-16,0.9345549738219895,0.5707434052757794,0.7086848635235732,0.0,0.0,0.0,0.0,8,GOOD,85,90,74,142,259,32,43,66
HI-Small,197226,23,0.9345549738219895,0.5707434052757794,0.7086848635235731,0.0,0.0,1.1102230246251565e-16,0.9345549738219895,0.5707434052757794,0.7086848635235732,0.0,0.0,0.0,0.0,8,GOOD,85,90,74,142,259,32,43,66
HI-Small,197226,24,0.9345549738219895,0.5707434052757794,0.7086848635235731,0.0,0.0,1.1102230246251565e-16,0.9345549738219895,0.5707434052757794,0.7086848635235732,0.0,0.0,0.0,0.0,8,GOOD,85,90,74,142,259,32,43,66
HI-Small,197226,25,0.9345549738219895,0.5707434052757794,0.7086848635235731,0.0,0.0,1.1102230246251565e-16,0.9345549738219895,0.5707434052757794,0.7086848635235732,0.0,0.0,0.0,0.0,8,GOOD,85,90,74,142,259,32,43,66
HI-Small,197226,26,0.9345549738219895,0.5707434052757794,0.7086848635235731,0.0,0.0,1.1102230246251565e-16,0.9345549738219895,0.5707434052757794,0.7086848635235732,0.0,0.0,0.0,0.0,8,GOOD,85,90,74,142,259,32,43,66
HI-Small,197226,27,0.9345549738219895,0.5707434052757794,0.7086848635235731,0.0,0.0,1.1102230246251565e-16,0.9345549738219895,0.5707434052757794,0.7086848635235732,0.0,0.0,0.0,0.0,8,GOOD,85,90,74,142,259,32,43,66
HI-Small,197226,28,0.9345549738219895,0.5707434052757794,0.7086848635235731,0.0,0.0,1.1102230246251565e-16,0.9345549738219895,0.5707434052757794,0.7086848635235732,0.0,0.0,0.0,0.0,8,GOOD,85,90,74,142,259,32,43,66
HI-Small,197226,29,0.9345549738219895,0.5707434052757794,0.7086848635235731,0.0,0.0,1.1102230246251565e-16,0.9345549738219895,0.5707434052757794,0.7086848635235732,0.0,0.0,0.0,0.0,8,GOOD,85,90,74,142,259,32,43,66
HI-Small,197226,30,0.9345549738219895,0.5707434052757794,0.7086848635235731,0.0,0.0,1.1102230246251565e-16,0.9345549738219895,0.5707434052757794,0.7086848635235732,0.0,0.0,0.0,0.0,8,GOOD,85,90,74,142,259,32,43,66
HI-Small,197226,31,0.9345549738219895,0.5707434052757794,0.7086848635235731,0.0,0.0,1.1102230246251565e-16,0.9345549738219895,0.5707434052757794,0.7086848635235732,0.0,0.0,0.0,0.0,8,GOOD,85,90,74,142,259,32,43,66
HI-Small,197226,32,0.9345549738219895,0.5707434052757794,0.7086848635235731,0.0,0.0,1.1102230246251565e-16,0.9345549738219895,0.5707434052757794,0.7086848635235732,0.0,0.0,0.0,0.0,8,GOOD,85,90,74,142,259,32,43,66
HI-Small,197226,33,0.9345549738219895,0.5707434052757794,0.7086848635235731,0.0,0.0,1.1102230246251565e-16,0.9345549738219895,0.5707434052757794,0.7086848635235732,0.0,0.0,0.0,0.0,8,GOOD,85,90,74,142,259,32,43,66
HI-Small,197226,34,0.9345549738219895,0.5707434052757794,0.7086848635235731,0.0,0.0,1.1102230246251565e-16,0.9345549738219895,0.5707434052757794,0.7086848635235732,0.0,0.0,0.0,0.0,8,GOOD,85,90,74,142,259,32,43,66
HI-Small,197226,35,0.9345549738219895,0.5707434052757794,0.7086848635235731,0.0,0.0,1.1102230246251565e-16,0.9345549738219895,0.5707434052757794,0.7086848635235732,0.0,0.0,0.0,0.0,8,GOOD,85,90,74,142,259,32,43,66
HI-Small,197226,36,0.9345549738219895,0.5707434052757794,0.7086848635235731,0.0,0.0,1.1102230246251565e-16,0.9345549738219895,0.5707434052757794,0.7086848635235732,0.0,0.0,0.0,0.0,8,GOOD,85,90,74,142,259,32,43,66
HI-Small,197226,37,0.9345549738219895,0.5707434052757794,0.7086848635235731,0.0,0.0,1.1102230246251565e-16,0.9345549738219895,0.5707434052757794,0.7086848635235732,0.0,0.0,0.0,0.0,8,GOOD,85,90,74,142,259,32,43,66
HI-Small,197226,38,0.9345549738219895,0.5707434052757794,0.7086848635235731,0.0,0.0,1.1102230246251565e-16,0.9345549738219895,0.5707434052757794,0.7086848635235732,0.0,0.0,0.0,0.0,8,GOOD,85,90,74,142,259,32,43,66
HI-Small,197226,39,0.9345549738219895,0.5707434052757794,0.7086848635235731,0.0,0.0,1.1102230246251565e-16,0.9345549738219895,0.5707434052757794,0.7086848635235732,0.0,0.0,0.0,0.0,8,GOOD,85,90,74,142,259,32,43,66
HI-Small,197226,40,0.9345549738219895,0.5707434052757794,0.7086848635235731,0.0,0.0,1.1102230246251565e-16,0.9345549738219895,0.5707434052757794,0.7086848635235732,0.0,0.0,0.0,0.0,8,GOOD,85,90,74,142,259,32,43,66
HI-Small,197226,41,0.9345549738219895,0.5707434052757794,0.7086848635235731,0.0,0.0,1.1102230246251565e-16,0.9345549738219895,0.5707434052757794,0.7086848635235732,0.0,0.0,0.0,0.0,8,GOOD,85,90,74,142,259,32,43,66
HI-Small,197226,42,0.9345549738219895,0.5707434052757794,0.7086848635235731,0.0,0.0,1.1102230246251565e-16,0.9345549738219895,0.5707434052757794,0.7086848635235732,0.0,0.0,0.0,0.0,8,GOOD,85,90,74,142,259,32,43,66
HI-Small,197226,43,0.9345549738219895,0.5707434052757794,0.7086848635235731,0.0,0.0,1.1102230246251565e-16,0.9345549738219895,0.5707434052757794,0.7086848635235732,0.0,0.0,0.0,0.0,8,GOOD,85,90,74,142,259,32,43,66
HI-Small,197226,44,0.9345549738219895,0.5707434052757794,0.7086848635235731,0.0,0.0,1.1102230246251565e-16,0.9345549738219895,0.5707434052757794,0.7086848635235732,0.0,0.0,0.0,0.0,8,GOOD,85,90,74,142,259,32,43,66
HI-Small,197226,45,0.9345549738219895,0.5707434052757794,0.7086848635235731,0.0,0.0,1.1102230246251565e-16,0.9345549738219895,0.5707434052757794,0.7086848635235732,0.0,0.0,0.0,0.0,8,GOOD,85,90,74,142,259,32,43,66
HI-Small,197226,46,0.9345549738219895,0.5707434052757794,0.7086848635235731,0.0,0.0,1.1102230246251565e-16,0.9345549738219895,0.5707434052757794,0.7086848635235732,0.0,0.0,0.0,0.0,8,GOOD,85,90,74,142,259,32,43,66
HI-Small,197226,47,0.9345549738219895,0.5707434052757794,0.7086848635235731,0.0,0.0,1.1102230246251565e-16,0.9345549738219895,0.5707434052757794,0.7086848635235732,0.0,0.0,0.0,0.0,8,GOOD,85,90,74,142,259,32,43,66
HI-Small,197226,48,0.9345549738219895,0.5707434052757794,0.7086848635235731,0.0,0.0,1.1102230246251565e-16,0.9345549738219895,0.5707434052757794,0.7086848635235732,0.0,0.0,0.0,0.0,8,GOOD,85,90,74,142,259,32,43,66
HI-Small,197226,49,0.9345549738219895,0.5707434052757794,0.7086848635235731,0.0,0.0,1.1102230246251565e-16,0.9345549738219895,0.5707434052757794,0.7086848635235732,0.0,0.0,0.0,0.0,8,GOOD,85,90,74,142,259,32,43,66
HI-Small,340446,0,0.9345549738219895,0.5707434052757794,0.7086848635235731,0.0,0.0,1.1102230246251565e-16,0.9345549738219895,0.5707434052757794,0.7086848635235732,0.0,0.0,0.0,0.0,8,GOOD,85,90,74,142,259,32,43,66
HI-Small,340446,1,0.9345549738219895,0.5707434052757794,0.7086848635235731,0.0,0.0,1.1102230246251565e-16,0.9345549738219895,0.5707434052757794,0.7086848635235732,0.0,0.0,0.0,0.0,8,GOOD,85,90,74,142,259,32,43,66
HI-Small,340446,2,0.9345549738219895,0.5707434052757794,0.7086848635235731,0.0,0.0,1.1102230246251565e-16,0.9345549738219895,0.5707434052757794,0.7086848635235732,0.0,0.0,0.0,0.0,8,GOOD,85,90,74,142,259,32,43,66
HI-Small,340446,3,0.9345549738219895,0.5707434052757794,0.7086848635235731,0.0,0.0,1.1102230246251565e-16,0.9345549738219895,0.5707434052757794,0.7086848635235732,0.0,0.0,0.0,0.0,8,GOOD,85,90,74,142,259,32,43,66
HI-Small,340446,4,0.9345549738219895,0.5707434052757794,0.7086848635235731,0.0,0.0,1.1102230246251565e-16,0.9345549738219895,0.5707434052757794,0.7086848635235732,0.0,0.0,0.0,0.0,8,GOOD,85,90,74,142,259,32,43,66
HI-Small,340446,5,0.9345549738219895,0.5707434052757794,0.7086848635235731,0.0,0.0,1.1102230246251565e-16,0.9345549738219895,0.5707434052757794,0.7086848635235732,0.0,0.0,0.0,0.0,8,GOOD,85,90,74,142,259,32,43,66
HI-Small,340446,6,0.9345549738219895,0.5707434052757794,0.7086848635235731,0.0,0.0,1.1102230246251565e-16,0.9345549738219895,0.5707434052757794,0.7086848635235732,0.0,0.0,0.0,0.0,8,GOOD,85,90,74,142,259,32,43,66
HI-Small,340446,7,0.9345549738219895,0.5707434052757794,0.7086848635235731,0.0,0.0,1.1102230246251565e-16,0.9345549738219895,0.5707434052757794,0.7086848635235732,0.0,0.0,0.0,0.0,8,GOOD,85,90,74,142,259,32,43,66
HI-Small,340446,8,0.9345549738219895,0.5707434052757794,0.7086848635235731,0.0,0.0,1.1102230246251565e-16,0.9345549738219895,0.5707434052757794,0.7086848635235732,0.0,0.0,0.0,0.0,8,GOOD,85,90,74,142,259,32,43,66
HI-Small,340446,9,0.9345549738219895,0.5707434052757794,0.7086848635235731,0.0,0.0,1.1102230246251565e-16,0.9345549738219895,0.5707434052757794,0.7086848635235732,0.0,0.0,0.0,0.0,8,GOOD,85,90,74,142,259,32,43,66
HI-Small,340446,10,0.9345549738219895,0.5707434052757794,0.7086848635235731,0.0,0.0,1.1102230246251565e-16,0.9345549738219895,0.5707434052757794,0.7086848635235732,0.0,0.0,0.0,0.0,8,GOOD,85,90,74,142,259,32,43,66
HI-Small,340446,11,0.9345549738219895,0.5707434052757794,0.7086848635235731,0.0,0.0,1.1102230246251565e-16,0.9345549738219895,0.5707434052757794,0.7086848635235732,0.0,0.0,0.0,0.0,8,GOOD,85,90,74,142,259,32,43,66
HI-Small,340446,12,0.9345549738219895,0.5707434052757794,0.7086848635235731,0.0,0.0,1.1102230246251565e-16,0.9345549738219895,0.5707434052757794,0.7086848635235732,0.0,0.0,0.0,0.0,8,GOOD,85,90,74,142,259,32,43,66
HI-Small,340446,13,0.9345549738219895,0.5707434052757794,0.7086848635235731,0.0,0.0,1.1102230246251565e-16,0.9345549738219895,0.5707434052757794,0.7086848635235732,0.0,0.0,0.0,0.0,8,GOOD,85,90,74,142,259,32,43,66
HI-Small,340446,14,0.9345549738219895,0.5707434052757794,0.7086848635235731,0.0,0.0,1.1102230246251565e-16,0.9345549738219895,0.5707434052757794,0.7086848635235732,0.0,0.0,0.0,0.0,8,GOOD,85,90,74,142,259,32,43,66
HI-Small,340446,15,0.9345549738219895,0.5707434052757794,0.7086848635235731,0.0,0.0,1.1102230246251565e-16,0.9345549738219895,0.5707434052757794,0.7086848635235732,0.0,0.0,0.0,0.0,8,GOOD,85,90,74,142,259,32,43,66
HI-Small,340446,16,0.9345549738219895,0.5707434052757794,0.7086848635235731,0.0,0.0,1.1102230246251565e-16,0.9345549738219895,0.5707434052757794,0.7086848635235732,0.0,0.0,0.0,0.0,8,GOOD,85,90,74,142,259,32,43,66
HI-Small,340446,17,0.9345549738219895,0.5707434052757794,0.7086848635235731,0.0,0.0,1.1102230246251565e-16,0.9345549738219895,0.5707434052757794,0.7086848635235732,0.0,0.0,0.0,0.0,8,GOOD,85,90,74,142,259,32,43,66
HI-Small,340446,18,0.9345549738219895,0.5707434052757794,0.7086848635235731,0.0,0.0,1.1102230246251565e-16,0.9345549738219895,0.5707434052757794,0.7086848635235732,0.0,0.0,0.0,0.0,8,GOOD,85,90,74,142,259,32,43,66
HI-Small,340446,19,0.9345549738219895,0.5707434052757794,0.7086848635235731,0.0,0.0,1.1102230246251565e-16,0.9345549738219895,0.5707434052757794,0.7086848635235732,0.0,0.0,0.0,0.0,8,GOOD,85,90,74,142,259,32,43,66
HI-Small,340446,20,0.9345549738219895,0.5707434052757794,0.7086848635235731,0.0,0.0,1.1102230246251565e-16,0.9345549738219895,0.5707434052757794,0.7086848635235732,0.0,0.0,0.0,0.0,8,GOOD,85,90,74,142,259,32,43,66
HI-Small,340446,21,0.9345549738219895,0.5707434052757794,0.7086848635235731,0.0,0.0,1.1102230246251565e-16,0.9345549738219895,0.5707434052757794,0.7086848635235732,0.0,0.0,0.0,0.0,8,GOOD,85,90,74,142,259,32,43,66
HI-Small,340446,22,0.9345549738219895,0.5707434052757794,0.7086848635235731,0.0,0.0,1.1102230246251565e-16,0.9345549738219895,0.5707434052757794,0.7086848635235732,0.0,0.0,0.0,0.0,8,GOOD,85,90,74,142,259,32,43,66
HI-Small,340446,23,0.9345549738219895,0.5707434052757794,0.7086848635235731,0.0,0.0,1.1102230246251565e-16,0.9345549738219895,0.5707434052757794,0.7086848635235732,0.0,0.0,0.0,0.0,8,GOOD,85,90,74,142,259,32,43,66
HI-Small,340446,24,0.9345549738219895,0.5707434052757794,0.7086848635235731,0.0,0.0,1.1102230246251565e-16,0.9345549738219895,0.5707434052757794,0.7086848635235732,0.0,0.0,0.0,0.0,8,GOOD,85,90,74,142,259,32,43,66
HI-Small,340446,25,0.9345549738219895,0.5707434052757794,0.7086848635235731,0.0,0.0,1.1102230246251565e-16,0.9345549738219895,0.5707434052757794,0.7086848635235732,0.0,0.0,0.0,0.0,8,GOOD,85,90,74,142,259,32,43,66
HI-Small,340446,26,0.9345549738219895,0.5707434052757794,0.7086848635235731,0.0,0.0,1.1102230246251565e-16,0.9345549738219895,0.5707434052757794,0.7086848635235732,0.0,0.0,0.0,0.0,8,GOOD,85,90,74,142,259,32,43,66
HI-Small,340446,27,0.9345549738219895,0.5707434052757794,0.7086848635235731,0.0,0.0,1.1102230246251565e-16,0.9345549738219895,0.5707434052757794,0.7086848635235732,0.0,0.0,0.0,0.0,8,GOOD,85,90,74,142,259,32,43,66
HI-Small,340446,28,0.9345549738219895,0.5707434052757794,0.7086848635235731,0.0,0.0,1.1102230246251565e-16,0.9345549738219895,0.5707434052757794,0.7086848635235732,0.0,0.0,0.0,0.0,8,GOOD,85,90,74,142,259,32,43,66
HI-Small,340446,29,0.9345549738219895,0.5707434052757794,0.7086848635235731,0.0,0.0,1.1102230246251565e-16,0.9345549738219895,0.5707434052757794,0.7086848635235732,0.0,0.0,0.0,0.0,8,GOOD,85,90,74,142,259,32,43,66
HI-Small,340446,30,0.9345549738219895,0.5707434052757794,0.7086848635235731,0.0,0.0,1.1102230246251565e-16,0.9345549738219895,0.5707434052757794,0.7086848635235732,0.0,0.0,0.0,0.0,8,GOOD,85,90,74,142,259,32,43,66
HI-Small,340446,31,0.9345549738219895,0.5707434052757794,0.7086848635235731,0.0,0.0,1.1102230246251565e-16,0.9345549738219895,0.5707434052757794,0.7086848635235732,0.0,0.0,0.0,0.0,8,GOOD,85,90,74,142,259,32,43,66
HI-Small,340446,32,0.9345549738219895,0.5707434052757794,0.7086848635235731,0.0,0.0,1.1102230246251565e-16,0.9345549738219895,0.5707434052757794,0.7086848635235732,0.0,0.0,0.0,0.0,8,GOOD,85,90,74,142,259,32,43,66
HI-Small,340446,33,0.9345549738219895,0.5707434052757794,0.7086848635235731,0.0,0.0,1.1102230246251565e-16,0.9345549738219895,0.5707434052757794,0.7086848635235732,0.0,0.0,0.0,0.0,8,GOOD,85,90,74,142,259,32,43,66
HI-Small,340446,34,0.9345549738219895,0.5707434052757794,0.7086848635235731,0.0,0.0,1.1102230246251565e-16,0.9345549738219895,0.5707434052757794,0.7086848635235732,0.0,0.0,0.0,0.0,8,GOOD,85,90,74,142,259,32,43,66
HI-Small,340446,35,0.9345549738219895,0.5707434052757794,0.7086848635235731,0.0,0.0,1.1102230246251565e-16,0.9345549738219895,0.5707434052757794,0.7086848635235732,0.0,0.0,0.0,0.0,8,GOOD,85,90,74,142,259,32,43,66
HI-Small,340446,36,0.9345549738219895,0.5707434052757794,0.7086848635235731,0.0,0.0,1.1102230246251565e-16,0.9345549738219895,0.5707434052757794,0.7086848635235732,0.0,0.0,0.0,0.0,8,GOOD,85,90,74,142,259,32,43,66
HI-Small,340446,37,0.9345549738219895,0.5707434052757794,0.7086848635235731,0.0,0.0,1.1102230246251565e-16,0.9345549738219895,0.5707434052757794,0.7086848635235732,0.0,0.0,0.0,0.0,8,GOOD,85,90,74,142,259,32,43,66
HI-Small,340446,38,0.9345549738219895,0.5707434052757794,0.7086848635235731,0.0,0.0,1.1102230246251565e-16,0.9345549738219895,0.5707434052757794,0.7086848635235732,0.0,0.0,0.0,0.0,8,GOOD,85,90,74,142,259,32,43,66
HI-Small,340446,39,0.9345549738219895,0.5707434052757794,0.7086848635235731,0.0,0.0,1.1102230246251565e-16,0.9345549738219895,0.5707434052757794,0.7086848635235732,0.0,0.0,0.0,0.0,8,GOOD,85,90,74,142,259,32,43,66
HI-Small,340446,40,0.9345549738219895,0.5707434052757794,0.7086848635235731,0.0,0.0,1.1102230246251565e-16,0.9345549738219895,0.5707434052757794,0.7086848635235732,0.0,0.0,0.0,0.0,8,GOOD,85,90,74,142,259,32,43,66
HI-Small,340446,41,0.9345549738219895,0.5707434052757794,0.7086848635235731,0.0,0.0,1.1102230246251565e-16,0.9345549738219895,0.5707434052757794,0.7086848635235732,0.0,0.0,0.0,0.0,8,GOOD,85,90,74,142,259,32,43,66
HI-Small,340446,42,0.9345549738219895,0.5707434052757794,0.7086848635235731,0.0,0.0,1.1102230246251565e-16,0.9345549738219895,0.5707434052757794,0.7086848635235732,0.0,0.0,0.0,0.0,8,GOOD,85,90,74,142,259,32,43,66
HI-Small,340446,43,0.9345549738219895,0.5707434052757794,0.7086848635235731,0.0,0.0,1.1102230246251565e-16,0.9345549738219895,0.5707434052757794,0.7086848635235732,0.0,0.0,0.0,0.0,8,GOOD,85,90,74,142,259,32,43,66
HI-Small,340446,44,0.9345549738219895,0.5707434052757794,0.7086848635235731,0.0,0.0,1.1102230246251565e-16,0.9345549738219895,0.5707434052757794,0.7086848635235732,0.0,0.0,0.0,0.0,8,GOOD,85,90,74,142,259,32,43,66
HI-Small,340446,45,0.9345549738219895,0.5707434052757794,0.7086848635235731,0.0,0.0,1.1102230246251565e-16,0.9345549738219895,0.5707434052757794,0.7086848635235732,0.0,0.0,0.0,0.0,8,GOOD,85,90,74,142,259,32,43,66
HI-Small,340446,46,0.9345549738219895,0.5707434052757794,0.7086848635235731,0.0,0.0,1.1102230246251565e-16,0.9345549738219895,0.5707434052757794,0.7086848635235732,0.0,0.0,0.0,0.0,8,GOOD,85,90,74,142,259,32,43,66
HI-Small,340446,47,0.9345549738219895,0.5707434052757794,0.7086848635235731,0.0,0.0,1.1102230246251565e-16,0.9345549738219895,0.5707434052757794,0.7086848635235732,0.0,0.0,0.0,0.0,8,GOOD,85,90,74,142,259,32,43,66
HI-Small,340446,48,0.9345549738219895,0.5707434052757794,0.7086848635235731,0.0,0.0,1.1102230246251565e-16,0.9345549738219895,0.5707434052757794,0.7086848635235732,0.0,0.0,0.0,0.0,8,GOOD,85,90,74,142,259,32,43,66
HI-Small,340446,49,0.9345549738219895,0.5707434052757794,0.7086848635235731,0.0,0.0,1.1102230246251565e-16,0.9345549738219895,0.5707434052757794,0.7086848635235732,0.0,0.0,0.0,0.0,8,GOOD,85,90,74,142,259,32,43,66
HI-Small,587669,0,0.9345549738219895,0.5707434052757794,0.7086848635235731,0.0,0.0,1.1102230246251565e-16,0.9345549738219895,0.5707434052757794,0.7086848635235732,0.0,0.0,0.0,0.0,8,GOOD,85,90,74,142,259,32,43,66
HI-Small,587669,1,0.9345549738219895,0.5707434052757794,0.7086848635235731,0.0,0.0,1.1102230246251565e-16,0.9345549738219895,0.5707434052757794,0.7086848635235732,0.0,0.0,0.0,0.0,8,GOOD,85,90,74,142,259,32,43,66
HI-Small,587669,2,0.9345549738219895,0.5707434052757794,0.7086848635235731,0.0,0.0,1.1102230246251565e-16,0.9345549738219895,0.5707434052757794,0.7086848635235732,0.0,0.0,0.0,0.0,8,GOOD,85,90,74,142,259,32,43,66
HI-Small,587669,3,0.9345549738219895,0.5707434052757794,0.7086848635235731,0.0,0.0,1.1102230246251565e-16,0.9345549738219895,0.5707434052757794,0.7086848635235732,0.0,0.0,0.0,0.0,8,GOOD,85,90,74,142,259,32,43,66
HI-Small,587669,4,0.9345549738219895,0.5707434052757794,0.7086848635235731,0.0,0.0,1.1102230246251565e-16,0.9345549738219895,0.5707434052757794,0.7086848635235732,0.0,0.0,0.0,0.0,8,GOOD,85,90,74,142,259,32,43,66
HI-Small,587669,5,0.9345549738219895,0.5707434052757794,0.7086848635235731,0.0,0.0,1.1102230246251565e-16,0.9345549738219895,0.5707434052757794,0.7086848635235732,0.0,0.0,0.0,0.0,8,GOOD,85,90,74,142,259,32,43,66
HI-Small,587669,6,0.9345549738219895,0.5707434052757794,0.7086848635235731,0.0,0.0,1.1102230246251565e-16,0.9345549738219895,0.5707434052757794,0.7086848635235732,0.0,0.0,0.0,0.0,8,GOOD,85,90,74,142,259,32,43,66
HI-Small,587669,7,0.9345549738219895,0.5707434052757794,0.7086848635235731,0.0,0.0,1.1102230246251565e-16,0.9345549738219895,0.5707434052757794,0.7086848635235732,0.0,0.0,0.0,0.0,8,GOOD,85,90,74,142,259,32,43,66
HI-Small,587669,8,0.9345549738219895,0.5707434052757794,0.7086848635235731,0.0,0.0,1.1102230246251565e-16,0.9345549738219895,0.5707434052757794,0.7086848635235732,0.0,0.0,0.0,0.0,8,GOOD,85,90,74,142,259,32,43,66
HI-Small,587669,9,0.9345549738219895,0.5707434052757794,0.7086848635235731,0.0,0.0,1.1102230246251565e-16,0.9345549738219895,0.5707434052757794,0.7086848635235732,0.0,0.0,0.0,0.0,8,GOOD,85,90,74,142,259,32,43,66
HI-Small,587669,10,0.9345549738219895,0.5707434052757794,0.7086848635235731,0.0,0.0,1.1102230246251565e-16,0.9345549738219895,0.5707434052757794,0.7086848635235732,0.0,0.0,0.0,0.0,8,GOOD,85,90,74,142,259,32,43,66
HI-Small,587669,11,0.9345549738219895,0.5707434052757794,0.7086848635235731,0.0,0.0,1.1102230246251565e-16,0.9345549738219895,0.5707434052757794,0.7086848635235732,0.0,0.0,0.0,0.0,8,GOOD,85,90,74,142,259,32,43,66
HI-Small,587669,12,0.9345549738219895,0.5707434052757794,0.7086848635235731,0.0,0.0,1.1102230246251565e-16,0.9345549738219895,0.5707434052757794,0.7086848635235732,0.0,0.0,0.0,0.0,8,GOOD,85,90,74,142,259,32,43,66
HI-Small,587669,13,0.9345549738219895,0.5707434052757794,0.7086848635235731,0.0,0.0,1.1102230246251565e-16,0.9345549738219895,0.5707434052757794,0.7086848635235732,0.0,0.0,0.0,0.0,8,GOOD,85,90,74,142,259,32,43,66
HI-Small,587669,14,0.9345549738219895,0.5707434052757794,0.7086848635235731,0.0,0.0,1.1102230246251565e-16,0.9345549738219895,0.5707434052757794,0.7086848635235732,0.0,0.0,0.0,0.0,8,GOOD,85,90,74,142,259,32,43,66
HI-Small,587669,15,0.9345549738219895,0.5707434052757794,0.7086848635235731,0.0,0.0,1.1102230246251565e-16,0.9345549738219895,0.5707434052757794,0.7086848635235732,0.0,0.0,0.0,0.0,8,GOOD,85,90,74,142,259,32,43,66
HI-Small,587669,16,0.9345549738219895,0.5707434052757794,0.7086848635235731,0.0,0.0,1.1102230246251565e-16,0.9345549738219895,0.5707434052757794,0.7086848635235732,0.0,0.0,0.0,0.0,8,GOOD,85,90,74,142,259,32,43,66
HI-Small,587669,17,0.9345549738219895,0.5707434052757794,0.7086848635235731,0.0,0.0,1.1102230246251565e-16,0.9345549738219895,0.5707434052757794,0.7086848635235732,0.0,0.0,0.0,0.0,8,GOOD,85,90,74,142,259,32,43,66
HI-Small,587669,18,0.9345549738219895,0.5707434052757794,0.7086848635235731,0.0,0.0,1.1102230246251565e-16,0.9345549738219895,0.5707434052757794,0.7086848635235732,0.0,0.0,0.0,0.0,8,GOOD,85,90,74,142,259,32,43,66
HI-Small,587669,19,0.9345549738219895,0.5707434052757794,0.7086848635235731,0.0,0.0,1.1102230246251565e-16,0.9345549738219895,0.5707434052757794,0.7086848635235732,0.0,0.0,0.0,0.0,8,GOOD,85,90,74,142,259,32,43,66
HI-Small,587669,20,0.9345549738219895,0.5707434052757794,0.7086848635235731,0.0,0.0,1.1102230246251565e-16,0.9345549738219895,0.5707434052757794,0.7086848635235732,0.0,0.0,0.0,0.0,8,GOOD,85,90,74,142,259,32,43,66
HI-Small,587669,21,0.9345549738219895,0.5707434052757794,0.7086848635235731,0.0,0.0,1.1102230246251565e-16,0.9345549738219895,0.5707434052757794,0.7086848635235732,0.0,0.0,0.0,0.0,8,GOOD,85,90,74,142,259,32,43,66
HI-Small,587669,22,0.9345549738219895,0.5707434052757794,0.7086848635235731,0.0,0.0,1.1102230246251565e-16,0.9345549738219895,0.5707434052757794,0.7086848635235732,0.0,0.0,0.0,0.0,8,GOOD,85,90,74,142,259,32,43,66
HI-Small,587669,23,0.9345549738219895,0.5707434052757794,0.7086848635235731,0.0,0.0,1.1102230246251565e-16,0.9345549738219895,0.5707434052757794,0.7086848635235732,0.0,0.0,0.0,0.0,8,GOOD,85,90,74,142,259,32,43,66
HI-Small,587669,24,0.9345549738219895,0.5707434052757794,0.7086848635235731,0.0,0.0,1.1102230246251565e-16,0.9345549738219895,0.5707434052757794,0.7086848635235732,0.0,0.0,0.0,0.0,8,GOOD,85,90,74,142,259,32,43,66
HI-Small,587669,25,0.9345549738219895,0.5707434052757794,0.7086848635235731,0.0,0.0,1.1102230246251565e-16,0.9345549738219895,0.5707434052757794,0.7086848635235732,0.0,0.0,0.0,0.0,8,GOOD,85,90,74,142,259,32,43,66
HI-Small,587669,26,0.9345549738219895,0.5707434052757794,0.7086848635235731,0.0,0.0,1.1102230246251565e-16,0.9345549738219895,0.5707434052757794,0.7086848635235732,0.0,0.0,0.0,0.0,8,GOOD,85,90,74,142,259,32,43,66
HI-Small,587669,27,0.9345549738219895,0.5707434052757794,0.7086848635235731,0.0,0.0,1.1102230246251565e-16,0.9345549738219895,0.5707434052757794,0.7086848635235732,0.0,0.0,0.0,0.0,8,GOOD,85,90,74,142,259,32,43,66
HI-Small,587669,28,0.9345549738219895,0.5707434052757794,0.7086848635235731,0.0,0.0,1.1102230246251565e-16,0.9345549738219895,0.5707434052757794,0.7086848635235732,0.0,0.0,0.0,0.0,8,GOOD,85,90,74,142,259,32,43,66
HI-Small,587669,29,0.9345549738219895,0.5707434052757794,0.7086848635235731,0.0,0.0,1.1102230246251565e-16,0.9345549738219895,0.5707434052757794,0.7086848635235732,0.0,0.0,0.0,0.0,8,GOOD,85,90,74,142,259,32,43,66
HI-Small,587669,30,0.9345549738219895,0.5707434052757794,0.7086848635235731,0.0,0.0,1.1102230246251565e-16,0.9345549738219895,0.5707434052757794,0.7086848635235732,0.0,0.0,0.0,0.0,8,GOOD,85,90,74,142,259,32,43,66
HI-Small,587669,31,0.9345549738219895,0.5707434052757794,0.7086848635235731,0.0,0.0,1.1102230246251565e-16,0.9345549738219895,0.5707434052757794,0.7086848635235732,0.0,0.0,0.0,0.0,8,GOOD,85,90,74,142,259,32,43,66
HI-Small,587669,32,0.9345549738219895,0.5707434052757794,0.7086848635235731,0.0,0.0,1.1102230246251565e-16,0.9345549738219895,0.5707434052757794,0.7086848635235732,0.0,0.0,0.0,0.0,8,GOOD,85,90,74,142,259,32,43,66
HI-Small,587669,33,0.9345549738219895,0.5707434052757794,0.7086848635235731,0.0,0.0,1.1102230246251565e-16,0.9345549738219895,0.5707434052757794,0.7086848635235732,0.0,0.0,0.0,0.0,8,GOOD,85,90,74,142,259,32,43,66
HI-Small,587669,34,0.9345549738219895,0.5707434052757794,0.7086848635235731,0.0,0.0,1.1102230246251565e-16,0.9345549738219895,0.5707434052757794,0.7086848635235732,0.0,0.0,0.0,0.0,8,GOOD,85,90,74,142,259,32,43,66
HI-Small,587669,35,0.9345549738219895,0.5707434052757794,0.7086848635235731,0.0,0.0,1.1102230246251565e-16,0.9345549738219895,0.5707434052757794,0.7086848635235732,0.0,0.0,0.0,0.0,8,GOOD,85,90,74,142,259,32,43,66
HI-Small,587669,36,0.9345549738219895,0.5707434052757794,0.7086848635235731,0.0,0.0,1.1102230246251565e-16,0.9345549738219895,0.5707434052757794,0.7086848635235732,0.0,0.0,0.0,0.0,8,GOOD,85,90,74,142,259,32,43,66
HI-Small,587669,37,0.9345549738219895,0.5707434052757794,0.7086848635235731,0.0,0.0,1.1102230246251565e-16,0.9345549738219895,0.5707434052757794,0.7086848635235732,0.0,0.0,0.0,0.0,8,GOOD,85,90,74,142,259,32,43,66
HI-Small,587669,38,0.9345549738219895,0.5707434052757794,0.7086848635235731,0.0,0.0,1.1102230246251565e-16,0.9345549738219895,0.5707434052757794,0.7086848635235732,0.0,0.0,0.0,0.0,8,GOOD,85,90,74,142,259,32,43,66
HI-Small,587669,39,0.9345549738219895,0.5707434052757794,0.7086848635235731,0.0,0.0,1.1102230246251565e-16,0.9345549738219895,0.5707434052757794,0.7086848635235732,0.0,0.0,0.0,0.0,8,GOOD,85,90,74,142,259,32,43,66
HI-Small,587669,40,0.9345549738219895,0.5707434052757794,0.7086848635235731,0.0,0.0,1.1102230246251565e-16,0.9345549738219895,0.5707434052757794,0.7086848635235732,0.0,0.0,0.0,0.0,8,GOOD,85,90,74,142,259,32,43,66
HI-Small,587669,41,0.9345549738219895,0.5707434052757794,0.7086848635235731,0.0,0.0,1.1102230246251565e-16,0.9345549738219895,0.5707434052757794,0.7086848635235732,0.0,0.0,0.0,0.0,8,GOOD,85,90,74,142,259,32,43,66
HI-Small,587669,42,0.9345549738219895,0.5707434052757794,0.7086848635235731,0.0,0.0,1.1102230246251565e-16,0.9345549738219895,0.5707434052757794,0.7086848635235732,0.0,0.0,0.0,0.0,8,GOOD,85,90,74,142,259,32,43,66
HI-Small,587669,43,0.9345549738219895,0.5707434052757794,0.7086848635235731,0.0,0.0,1.1102230246251565e-16,0.9345549738219895,0.5707434052757794,0.7086848635235732,0.0,0.0,0.0,0.0,8,GOOD,85,90,74,142,259,32,43,66
HI-Small,587669,44,0.9345549738219895,0.5707434052757794,0.7086848635235731,0.0,0.0,1.1102230246251565e-16,0.9345549738219895,0.5707434052757794,0.7086848635235732,0.0,0.0,0.0,0.0,8,GOOD,85,90,74,142,259,32,43,66
HI-Small,587669,45,0.9345549738219895,0.5707434052757794,0.7086848635235731,0.0,0.0,1.1102230246251565e-16,0.9345549738219895,0.5707434052757794,0.7086848635235732,0.0,0.0,0.0,0.0,8,GOOD,85,90,74,142,259,32,43,66
HI-Small,587669,46,0.9345549738219895,0.5707434052757794,0.7086848635235731,0.0,0.0,1.1102230246251565e-16,0.9345549738219895,0.5707434052757794,0.7086848635235732,0.0,0.0,0.0,0.0,8,GOOD,85,90,74,142,259,32,43,66
HI-Small,587669,47,0.9345549738219895,0.5707434052757794,0.7086848635235731,0.0,0.0,1.1102230246251565e-16,0.9345549738219895,0.5707434052757794,0.7086848635235732,0.0,0.0,0.0,0.0,8,GOOD,85,90,74,142,259,32,43,66
HI-Small,587669,48,0.9345549738219895,0.5707434052757794,0.7086848635235731,0.0,0.0,1.1102230246251565e-16,0.9345549738219895,0.5707434052757794,0.7086848635235732,0.0,0.0,0.0,0.0,8,GOOD,85,90,74,142,259,32,43,66
HI-Small,587669,49,0.9345549738219895,0.5707434052757794,0.7086848635235731,0.0,0.0,1.1102230246251565e-16,0.9345549738219895,0.5707434052757794,0.7086848635235732,0.0,0.0,0.0,0.0,8,GOOD,85,90,74,142,259,32,43,66
HI-Small,1014418,0,0.9345549738219895,0.5707434052757794,0.7086848635235731,0.0,0.0,1.1102230246251565e-16,0.9345549738219895,0.5707434052757794,0.7086848635235732,0.0,0.0,0.0,0.0,8,GOOD,85,90,74,142,259,32,43,66
HI-Small,1014418,1,0.9345549738219895,0.5707434052757794,0.7086848635235731,0.0,0.0,1.1102230246251565e-16,0.9345549738219895,0.5707434052757794,0.7086848635235732,0.0,0.0,0.0,0.0,8,GOOD,85,90,74,142,259,32,43,66
HI-Small,1014418,2,0.9345549738219895,0.5707434052757794,0.7086848635235731,0.0,0.0,1.1102230246251565e-16,0.9345549738219895,0.5707434052757794,0.7086848635235732,0.0,0.0,0.0,0.0,8,GOOD,85,90,74,142,259,32,43,66
HI-Small,1014418,3,0.9345549738219895,0.5707434052757794,0.7086848635235731,0.0,0.0,1.1102230246251565e-16,0.9345549738219895,0.5707434052757794,0.7086848635235732,0.0,0.0,0.0,0.0,8,GOOD,85,90,74,142,259,32,43,66
HI-Small,1014418,4,0.9345549738219895,0.5707434052757794,0.7086848635235731,0.0,0.0,1.1102230246251565e-16,0.9345549738219895,0.5707434052757794,0.7086848635235732,0.0,0.0,0.0,0.0,8,GOOD,85,90,74,142,259,32,43,66
HI-Small,1014418,5,0.9345549738219895,0.5707434052757794,0.7086848635235731,0.0,0.0,1.1102230246251565e-16,0.9345549738219895,0.5707434052757794,0.7086848635235732,0.0,0.0,0.0,0.0,8,GOOD,85,90,74,142,259,32,43,66
HI-Small,1014418,6,0.9345549738219895,0.5707434052757794,0.7086848635235731,0.0,0.0,1.1102230246251565e-16,0.9345549738219895,0.5707434052757794,0.7086848635235732,0.0,0.0,0.0,0.0,8,GOOD,85,90,74,142,259,32,43,66
HI-Small,1014418,7,0.9345549738219895,0.5707434052757794,0.7086848635235731,0.0,0.0,1.1102230246251565e-16,0.9345549738219895,0.5707434052757794,0.7086848635235732,0.0,0.0,0.0,0.0,8,GOOD,85,90,74,142,259,32,43,66
HI-Small,1014418,8,0.9345549738219895,0.5707434052757794,0.7086848635235731,0.0,0.0,1.1102230246251565e-16,0.9345549738219895,0.5707434052757794,0.7086848635235732,0.0,0.0,0.0,0.0,8,GOOD,85,90,74,142,259,32,43,66
HI-Small,1014418,9,0.9345549738219895,0.5707434052757794,0.7086848635235731,0.0,0.0,1.1102230246251565e-16,0.9345549738219895,0.5707434052757794,0.7086848635235732,0.0,0.0,0.0,0.0,8,GOOD,85,90,74,142,259,32,43,66
HI-Small,1014418,10,0.9345549738219895,0.5707434052757794,0.7086848635235731,0.0,0.0,1.1102230246251565e-16,0.9345549738219895,0.5707434052757794,0.7086848635235732,0.0,0.0,0.0,0.0,8,GOOD,85,90,74,142,259,32,43,66
HI-Small,1014418,11,0.9345549738219895,0.5707434052757794,0.7086848635235731,0.0,0.0,1.1102230246251565e-16,0.9345549738219895,0.5707434052757794,0.7086848635235732,0.0,0.0,0.0,0.0,8,GOOD,85,90,74,142,259,32,43,66
HI-Small,1014418,12,0.9345549738219895,0.5707434052757794,0.7086848635235731,0.0,0.0,1.1102230246251565e-16,0.9345549738219895,0.5707434052757794,0.7086848635235732,0.0,0.0,0.0,0.0,8,GOOD,85,90,74,142,259,32,43,66
HI-Small,1014418,13,0.9345549738219895,0.5707434052757794,0.7086848635235731,0.0,0.0,1.1102230246251565e-16,0.9345549738219895,0.5707434052757794,0.7086848635235732,0.0,0.0,0.0,0.0,8,GOOD,85,90,74,142,259,32,43,66
HI-Small,1014418,14,0.9345549738219895,0.5707434052757794,0.7086848635235731,0.0,0.0,1.1102230246251565e-16,0.9345549738219895,0.5707434052757794,0.7086848635235732,0.0,0.0,0.0,0.0,8,GOOD,85,90,74,142,259,32,43,66
HI-Small,1014418,15,0.9345549738219895,0.5707434052757794,0.7086848635235731,0.0,0.0,1.1102230246251565e-16,0.9345549738219895,0.5707434052757794,0.7086848635235732,0.0,0.0,0.0,0.0,8,GOOD,85,90,74,142,259,32,43,66
HI-Small,1014418,16,0.9345549738219895,0.5707434052757794,0.7086848635235731,0.0,0.0,1.1102230246251565e-16,0.9345549738219895,0.5707434052757794,0.7086848635235732,0.0,0.0,0.0,0.0,8,GOOD,85,90,74,142,259,32,43,66
HI-Small,1014418,17,0.9345549738219895,0.5707434052757794,0.7086848635235731,0.0,0.0,1.1102230246251565e-16,0.9345549738219895,0.5707434052757794,0.7086848635235732,0.0,0.0,0.0,0.0,8,GOOD,85,90,74,142,259,32,43,66
HI-Small,1014418,18,0.9345549738219895,0.5707434052757794,0.7086848635235731,0.0,0.0,1.1102230246251565e-16,0.9345549738219895,0.5707434052757794,0.7086848635235732,0.0,0.0,0.0,0.0,8,GOOD,85,90,74,142,259,32,43,66
HI-Small,1014418,19,0.9345549738219895,0.5707434052757794,0.7086848635235731,0.0,0.0,1.1102230246251565e-16,0.9345549738219895,0.5707434052757794,0.7086848635235732,0.0,0.0,0.0,0.0,8,GOOD,85,90,74,142,259,32,43,66
HI-Small,1014418,20,0.9345549738219895,0.5707434052757794,0.7086848635235731,0.0,0.0,1.1102230246251565e-16,0.9345549738219895,0.5707434052757794,0.7086848635235732,0.0,0.0,0.0,0.0,8,GOOD,85,90,74,142,259,32,43,66
HI-Small,1014418,21,0.9345549738219895,0.5707434052757794,0.7086848635235731,0.0,0.0,1.1102230246251565e-16,0.9345549738219895,0.5707434052757794,0.7086848635235732,0.0,0.0,0.0,0.0,8,GOOD,85,90,74,142,259,32,43,66
HI-Small,1014418,22,0.9345549738219895,0.5707434052757794,0.7086848635235731,0.0,0.0,1.1102230246251565e-16,0.9345549738219895,0.5707434052757794,0.7086848635235732,0.0,0.0,0.0,0.0,8,GOOD,85,90,74,142,259,32,43,66
HI-Small,1014418,23,0.9345549738219895,0.5707434052757794,0.7086848635235731,0.0,0.0,1.1102230246251565e-16,0.9345549738219895,0.5707434052757794,0.7086848635235732,0.0,0.0,0.0,0.0,8,GOOD,85,90,74,142,259,32,43,66
HI-Small,1014418,24,0.9345549738219895,0.5707434052757794,0.7086848635235731,0.0,0.0,1.1102230246251565e-16,0.9345549738219895,0.5707434052757794,0.7086848635235732,0.0,0.0,0.0,0.0,8,GOOD,85,90,74,142,259,32,43,66
HI-Small,1014418,25,0.9345549738219895,0.5707434052757794,0.7086848635235731,0.0,0.0,1.1102230246251565e-16,0.9345549738219895,0.5707434052757794,0.7086848635235732,0.0,0.0,0.0,0.0,8,GOOD,85,90,74,142,259,32,43,66
HI-Small,1014418,26,0.9345549738219895,0.5707434052757794,0.7086848635235731,0.0,0.0,1.1102230246251565e-16,0.9345549738219895,0.5707434052757794,0.7086848635235732,0.0,0.0,0.0,0.0,8,GOOD,85,90,74,142,259,32,43,66
HI-Small,1014418,27,0.9345549738219895,0.5707434052757794,0.7086848635235731,0.0,0.0,1.1102230246251565e-16,0.9345549738219895,0.5707434052757794,0.7086848635235732,0.0,0.0,0.0,0.0,8,GOOD,85,90,74,142,259,32,43,66
HI-Small,1014418,28,0.9345549738219895,0.5707434052757794,0.7086848635235731,0.0,0.0,1.1102230246251565e-16,0.9345549738219895,0.5707434052757794,0.7086848635235732,0.0,0.0,0.0,0.0,8,GOOD,85,90,74,142,259,32,43,66
HI-Small,1014418,29,0.9345549738219895,0.5707434052757794,0.7086848635235731,0.0,0.0,1.1102230246251565e-16,0.9345549738219895,0.5707434052757794,0.7086848635235732,0.0,0.0,0.0,0.0,8,GOOD,85,90,74,142,259,32,43,66
HI-Small,1014418,30,0.9345549738219895,0.5707434052757794,0.7086848635235731,0.0,0.0,1.1102230246251565e-16,0.9345549738219895,0.5707434052757794,0.7086848635235732,0.0,0.0,0.0,0.0,8,GOOD,85,90,74,142,259,32,43,66
HI-Small,1014418,31,0.9345549738219895,0.5707434052757794,0.7086848635235731,0.0,0.0,1.1102230246251565e-16,0.9345549738219895,0.5707434052757794,0.7086848635235732,0.0,0.0,0.0,0.0,8,GOOD,85,90,74,142,259,32,43,66
HI-Small,1014418,32,0.9345549738219895,0.5707434052757794,0.7086848635235731,0.0,0.0,1.1102230246251565e-16,0.9345549738219895,0.5707434052757794,0.7086848635235732,0.0,0.0,0.0,0.0,8,GOOD,85,90,74,142,259,32,43,66
HI-Small,1014418,33,0.9345549738219895,0.5707434052757794,0.7086848635235731,0.0,0.0,1.1102230246251565e-16,0.9345549738219895,0.5707434052757794,0.7086848635235732,0.0,0.0,0.0,0.0,8,GOOD,85,90,74,142,259,32,43,66
HI-Small,1014418,34,0.9345549738219895,0.5707434052757794,0.7086848635235731,0.0,0.0,1.1102230246251565e-16,0.9345549738219895,0.5707434052757794,0.7086848635235732,0.0,0.0,0.0,0.0,8,GOOD,85,90,74,142,259,32,43,66
HI-Small,1014418,35,0.9345549738219895,0.5707434052757794,0.7086848635235731,0.0,0.0,1.1102230246251565e-16,0.9345549738219895,0.5707434052757794,0.7086848635235732,0.0,0.0,0.0,0.0,8,GOOD,85,90,74,142,259,32,43,66
HI-Small,1014418,36,0.9345549738219895,0.5707434052757794,0.7086848635235731,0.0,0.0,1.1102230246251565e-16,0.9345549738219895,0.5707434052757794,0.7086848635235732,0.0,0.0,0.0,0.0,8,GOOD,85,90,74,142,259,32,43,66
HI-Small,1014418,37,0.9345549738219895,0.5707434052757794,0.7086848635235731,0.0,0.0,1.1102230246251565e-16,0.9345549738219895,0.5707434052757794,0.7086848635235732,0.0,0.0,0.0,0.0,8,GOOD,85,90,74,142,259,32,43,66
HI-Small,1014418,38,0.9345549738219895,0.5707434052757794,0.7086848635235731,0.0,0.0,1.1102230246251565e-16,0.9345549738219895,0.5707434052757794,0.7086848635235732,0.0,0.0,0.0,0.0,8,GOOD,85,90,74,142,259,32,43,66
HI-Small,1014418,39,0.9345549738219895,0.5707434052757794,0.7086848635235731,0.0,0.0,1.1102230246251565e-16,0.9345549738219895,0.5707434052757794,0.7086848635235732,0.0,0.0,0.0,0.0,8,GOOD,85,90,74,142,259,32,43,66
HI-Small,1014418,40,0.9345549738219895,0.5707434052757794,0.7086848635235731,0.0,0.0,1.1102230246251565e-16,0.9345549738219895,0.5707434052757794,0.7086848635235732,0.0,0.0,0.0,0.0,8,GOOD,85,90,74,142,259,32,43,66
HI-Small,1014418,41,0.9345549738219895,0.5707434052757794,0.7086848635235731,0.0,0.0,1.1102230246251565e-16,0.9345549738219895,0.5707434052757794,0.7086848635235732,0.0,0.0,0.0,0.0,8,GOOD,85,90,74,142,259,32,43,66
HI-Small,1014418,42,0.9345549738219895,0.5707434052757794,0.7086848635235731,0.0,0.0,1.1102230246251565e-16,0.9345549738219895,0.5707434052757794,0.7086848635235732,0.0,0.0,0.0,0.0,8,GOOD,85,90,74,142,259,32,43,66
HI-Small,1014418,43,0.9345549738219895,0.5707434052757794,0.7086848635235731,0.0,0.0,1.1102230246251565e-16,0.9345549738219895,0.5707434052757794,0.7086848635235732,0.0,0.0,0.0,0.0,8,GOOD,85,90,74,142,259,32,43,66
HI-Small,1014418,44,0.9345549738219895,0.5707434052757794,0.7086848635235731,0.0,0.0,1.1102230246251565e-16,0.9345549738219895,0.5707434052757794,0.7086848635235732,0.0,0.0,0.0,0.0,8,GOOD,85,90,74,142,259,32,43,66
HI-Small,1014418,45,0.9345549738219895,0.5707434052757794,0.7086848635235731,0.0,0.0,1.1102230246251565e-16,0.9345549738219895,0.5707434052757794,0.7086848635235732,0.0,0.0,0.0,0.0,8,GOOD,85,90,74,142,259,32,43,66
HI-Small,1014418,46,0.9345549738219895,0.5707434052757794,0.7086848635235731,0.0,0.0,1.1102230246251565e-16,0.9345549738219895,0.5707434052757794,0.7086848635235732,0.0,0.0,0.0,0.0,8,GOOD,85,90,74,142,259,32,43,66
HI-Small,1014418,47,0.9345549738219895,0.5707434052757794,0.7086848635235731,0.0,0.0,1.1102230246251565e-16,0.9345549738219895,0.5707434052757794,0.7086848635235732,0.0,0.0,0.0,0.0,8,GOOD,85,90,74,142,259,32,43,66
HI-Small,1014418,48,0.9345549738219895,0.5707434052757794,0.7086848635235731,0.0,0.0,1.1102230246251565e-16,0.9345549738219895,0.5707434052757794,0.7086848635235732,0.0,0.0,0.0,0.0,8,GOOD,85,90,74,142,259,32,43,66
HI-Small,1014418,49,0.9345549738219895,0.5707434052757794,0.7086848635235731,0.0,0.0,1.1102230246251565e-16,0.9345549738219895,0.5707434052757794,0.7086848635235732,0.0,0.0,0.0,0.0,8,GOOD,85,90,74,142,259,32,43,66
