dataset,n_benign,draw_id,w_precision,w_recall,w_f1,delta_p_w,delta_r_w,delta_f1_w,uw_precision,uw_recall,uw_f1,delta_p_uw,delta_r_uw,delta_f1_uw,kl_typology,n_typology_classes,irt_level,typ_0,typ_1,typ_2,typ_3,typ_4,typ_5,typ_6,typ_7
LI-Small,1512,0,0.7329842931937173,0.18518518518518517,0.2956705385427666,0.0,0.0,5.551115123125783e-17,0.7329842931937173,0.18518518518518517,0.29567053854276665,0.0,0.0,0.0,0.0,8,GOOD,29,11,30,30,27,10,27,10
LI-Small,1512,1,0.7329842931937173,0.18518518518518517,0.2956705385427666,0.0,0.0,5.551115123125783e-17,0.7329842931937173,0.18518518518518517,0.29567053854276665,0.0,0.0,0.0,0.0,8,GOOD,29,11,30,30,27,10,27,10
LI-Small,1512,2,0.7329842931937173,0.18518518518518517,0.2956705385427666,0.0,0.0,5.551115123125783e-17,0.7329842931937173,0.18518518518518517,0.29567053854276665,0.0,0.0,0.0,0.0,8,GOOD,29,11,30,30,27,10,27,10
LI-Small,1512,3,0.7329842931937173,0.18518518518518517,0.2956705385427666,0.0,0.0,5.551115123125783e-17,0.7329842931937173,0.18518518518518517,0.29567053854276665,0.0,0.0,0.0,0.0,8,GOOD,29,11,30,30,27,10,27,10
LI-Small,1512,4,0.7329842931937173,0.18518518518518517,0.2956705385427666,0.0,0.0,5.551115123125783e-17,0.7329842931937173,0.18518518518518517,0.29567053854276665,0.0,0.0,0.0,0.0,8,GOOD,29,11,30,30,27,10,27,10
LI-Small,1512,5,0.7329842931937173,0.18518518518518517,0.2956705385427666,0.0,0.0,5.551115123125783e-17,0.7329842931937173,0.18518518518518517,0.29567053854276665,0.0,0.0,0.0,0.0,8,GOOD,29,11,30,30,27,10,27,10
LI-Small,1512,6,0.7329842931937173,0.18518518518518517,0.2956705385427666,0.0,0.0,5.551115123125783e-17,0.7329842931937173,0.18518518518518517,0.29567053854276665,0.0,0.0,0.0,0.0,8,GOOD,29,11,30,30,27,10,27,10
LI-Small,1512,7,0.7329842931937173,0.18518518518518517,0.2956705385427666,0.0,0.0,5.551115123125783e-17,0.7329842931937173,0.18518518518518517,0.29567053854276665,0.0,0.0,0.0,0.0,8,GOOD,29,11,30,30,27,10,27,10
LI-Small,1512,8,0.7329842931937173,0.18518518518518517,0.2956705385427666,0.0,0.0,5.551115123125783e-17,0.7329842931937173,0.18518518518518517,0.29567053854276665,0.0,0.0,0.0,0.0,8,GOOD,29,11,30,30,27,10,27,10
LI-Small,1512,9,0.7329842931937173,0.18518518518518517,0.2956705385427666,0.0,0.0,5.551115123125783e-17,0.7329842931937173,0.18518518518518517,0.29567053854276665,0.0,0.0,0.0,0.0,8,GOOD,29,11,30,30,27,10,27,10
LI-Small,1512,10,0.7329842931937173,0.18518518518518517,0.2956705385427666,0.0,0.0,5.551115123125783e-17,0.7329842931937173,0.18518518518518517,0.29567053854276665,0.0,0.0,0.0,0.0,8,GOOD,29,11,30,30,27,10,27,10
LI-Small,1512,11,0.7329842931937173,0.18518518518518517,0.2956705385427666,0.0,0.0,5.551115123125783e-17,0.7329842931937173,0.18518518518518517,0.29567053854276665,0.0,0.0,0.0,0.0,8,GOOD,29,11,30,30,27,10,27,10
LI-Small,1512,12,0.7329842931937173,0.18518518518518517,0.2956705385427666,0.0,0.0,5.551115123125783e-17,0.7329842931937173,0.18518518518518517,0.29567053854276665,0.0,0.0,0.0,0.0,8,GOOD,29,11,30,30,27,10,27,10
LI-Small,1512,13,0.7329842931937173,0.18518518518518517,0.2956705385427666,0.0,0.0,5.551115123125783e-17,0.7329842931937173,0.18518518518518517,0.29567053854276665,0.0,0.0,0.0,0.0,8,GOOD,29,11,30,30,27,10,27,10
LI-Small,1512,14,0.7329842931937173,0.18518518518518517,0.2956705385427666,0.0,0.0,5.551115123125783e-17,0.7329842931937173,0.18518518518518517,0.29567053854276665,0.0,0.0,0.0,0.0,8,GOOD,29,11,30,30,27,10,27,10
LI-Small,1512,15,0.7329842931937173,0.18518518518518517,0.2956705385427666,0.0,0.0,5.551115123125783e-17,0.7329842931937173,0.18518518518518517,0.29567053854276665,0.0,0.0,0.0,0.0,8,GOOD,29,11,30,30,27,10,27,10
LI-Small,1512,16,0.7329842931937173,0.18518518518518517,0.2956705385427666,0.0,0.0,5.551115123125783e-17,0.7329842931937173,0.18518518518518517,0.29567053854276665,0.0,0.0,0.0,0.0,8,GOOD,29,11,30,30,27,10,27,10
LI-Small,1512,17,0.7329842931937173,0.18518518518518517,0.2956705385427666,0.0,0.0,5.551115123125783e-17,0.7329842931937173,0.18518518518518517,0.29567053854276665,0.0,0.0,0.0,0.0,8,GOOD,29,11,30,30,27,10,27,10
LI-Small,1512,18,0.7329842931937173,0.18518518518518517,0.2956705385427666,0.0,0.0,5.551115123125783e-17,0.7329842931937173,0.18518518518518517,0.29567053854276665,0.0,0.0,0.0,0.0,8,GOOD,29,11,30,30,27,10,27,10
LI-Small,1512,19,0.7329842931937173,0.18518518518518517,0.2956705385427666,0.0,0.0,5.551115123125783e-17,0.7329842931937173,0.18518518518518517,0.29567053854276665,0.0,0.0,0.0,0.0,8,GOOD,29,11,30,30,27,10,27,10
LI-Small,1512,20,0.7329842931937173,0.18518518518518517,0.2956705385427666,0.0,0.0,5.551115123125783e-17,0.7329842931937173,0.18518518518518517,0.29567053854276665,0.0,0.0,0.0,0.0,8,GOOD,29,11,30,30,27,10,27,10
LI-Small,1512,21,0.7329842931937173,0.18518518518518517,0.2956705385427666,0.0,0.0,5.551115123125783e-17,0.7329842931937173,0.18518518518518517,0.29567053854276665,0.0,0.0,0.0,0.0,8,GOOD,29,11,30,30,27,10,27,10
LI-Small,1512,22,0.7329842931937173,0.18518518518518517,0.2956705385427666,0.0,0.0,5.551115123125783e-17,0.7329842931937173,0.18518518518518517,0.29567053854276665,0.0,0.0,0.0,0.0,8,GOOD,29,11,30,30,27,10,27,10
LI-Small,1512,23,0.7329842931937173,0.18518518518518517,0.2956705385427666,0.0,0.0,5.551115123125783e-17,0.7329842931937173,0.18518518518518517,0.29567053854276665,0.0,0.0,0.0,0.0,8,GOOD,29,11,30,30,27,10,27,10
LI-Small,1512,24,0.7329842931937173,0.18518518518518517,0.2956705385427666,0.0,0.0,5.551115123125783e-17,0.7329842931937173,0.18518518518518517,0.29567053854276665,0.0,0.0,0.0,0.0,8,GOOD,29,11,30,30,27,10,27,10
LI-Small,1512,25,0.7329842931937173,0.18518518518518517,0.2956705385427666,0.0,0.0,5.551115123125783e-17,0.7329842931937173,0.18518518518518517,0.29567053854276665,0.0,0.0,0.0,0.0,8,GOOD,29,11,30,30,27,10,27,10
LI-Small,1512,26,0.7329842931937173,0.18518518518518517,0.2956705385427666,0.0,0.0,5.551115123125783e-17,0.7329842931937173,0.18518518518518517,0.29567053854276665,0.0,0.0,0.0,0.0,8,GOOD,29,11,30,30,27,10,27,10
LI-Small,1512,27,0.7329842931937173,0.18518518518518517,0.2956705385427666,0.0,0.0,5.551115123125783e-17,0.7329842931937173,0.18518518518518517,0.29567053854276665,0.0,0.0,0.0,0.0,8,GOOD,29,11,30,30,27,10,27,10
LI-Small,1512,28,0.7329842931937173,0.18518518518518517,0.2956705385427666,0.0,0.0,5.551115123125783e-17,0.7329842931937173,0.18518518518518517,0.29567053854276665,0.0,0.0,0.0,0.0,8,GOOD,29,11,30,30,27,10,27,10
LI-Small,1512,29,0.7329842931937173,0.18518518518518517,0.2956705385427666,0.0,0.0,5.551115123125783e-17,0.7329842931937173,0.18518518518518517,0.29567053854276665,0.0,0.0,0.0,0.0,8,GOOD,29,11,30,30,27,10,27,10
LI-Small,1512,30,0.7329842931937173,0.18518518518518517,0.2956705385427666,0.0,0.0,5.551115123125783e-17,0.7329842931937173,0.18518518518518517,0.29567053854276665,0.0,0.0,0.0,0.0,8,GOOD,29,11,30,30,27,10,27,10
LI-Small,1512,31,0.7329842931937173,0.18518518518518517,0.2956705385427666,0.0,0.0,5.551115123125783e-17,0.7329842931937173,0.18518518518518517,0.29567053854276665,0.0,0.0,0.0,0.0,8,GOOD,29,11,30,30,27,10,27,10
LI-Small,1512,32,0.7329842931937173,0.18518518518518517,0.2956705385427666,0.0,0.0,5.551115123125783e-17,0.7329842931937173,0.18518518518518517,0.29567053854276665,0.0,0.0,0.0,0.0,8,GOOD,29,11,30,30,27,10,27,10
LI-Small,1512,33,0.7329842931937173,0.18518518518518517,0.2956705385427666,0.0,0.0,5.551115123125783e-17,0.7329842931937173,0.18518518518518517,0.29567053854276665,0.0,0.0,0.0,0.0,8,GOOD,29,11,30,30,27,10,27,10
LI-Small,1512,34,0.7329842931937173,0.18518518518518517,0.2956705385427666,0.0,0.0,5.551115123125783e-17,0.7329842931937173,0.18518518518518517,0.29567053854276665,0.0,0.0,0.0,0.0,8,GOOD,29,11,30,30,27,10,27,10
LI-Small,1512,35,0.7329842931937173,0.18518518518518517,0.2956705385427666,0.0,0.0,5.551115123125783e-17,0.7329842931937173,0.18518518518518517,0.29567053854276665,0.0,0.0,0.0,0.0,8,GOOD,29,11,30,30,27,10,27,10
LI-Small,1512,36,0.7329842931937173,0.18518518518518517,0.2956705385427666,0.0,0.0,5.551115123125783e-17,0.7329842931937173,0.18518518518518517,0.29567053854276665,0.0,0.0,0.0,0.0,8,GOOD,29,11,30,30,27,10,27,10
LI-Small,1512,37,0.7329842931937173,0.18518518518518517,0.2956705385427666,0.0,0.0,5.551115123125783e-17,0.7329842931937173,0.18518518518518517,0.29567053854276665,0.0,0.0,0.0,0.0,8,GOOD,29,11,30,30,27,10,27,10
LI-Small,1512,38,0.7329842931937173,0.18518518518518517,0.2956705385427666,0.0,0.0,5.551115123125783e-17,0.7329842931937173,0.18518518518518517,0.29567053854276665,0.0,0.0,0.0,0.0,8,GOOD,29,11,30,30,27,10,27,10
LI-Small,1512,39,0.7329842931937173,0.18518518518518517,0.2956705385427666,0.0,0.0,5.551115123125783e-17,0.7329842931937173,0.18518518518518517,0.29567053854276665,0.0,0.0,0.0,0.0,8,GOOD,29,11,30,30,27,10,27,10
LI-Small,1512,40,0.7329842931937173,0.18518518518518517,0.2956705385427666,0.0,0.0,5.551115123125783e-17,0.7329842931937173,0.18518518518518517,0.29567053854276665,0.0,0.0,0.0,0.0,8,GOOD,29,11,30,30,27,10,27,10
LI-Small,1512,41,0.7329842931937173,0.18518518518518517,0.2956705385427666,0.0,0.0,5.551115123125783e-17,0.7329842931937173,0.18518518518518517,0.29567053854276665,0.0,0.0,0.0,0.0,8,GOOD,29,11,30,30,27,10,27,10
LI-Small,1512,42,0.7329842931937173,0.18518518518518517,0.2956705385427666,0.0,0.0,5.551115123125783e-17,0.7329842931937173,0.18518518518518517,0.29567053854276665,0.0,0.0,0.0,0.0,8,GOOD,29,11,30,30,27,10,27,10
LI-Small,1512,43,0.7329842931937173,0.18518518518518517,0.2956705385427666,0.0,0.0,5.551115123125783e-17,0.7329842931937173,0.18518518518518517,0.29567053854276665,0.0,0.0,0.0,0.0,8,GOOD,29,11,30,30,27,10,27,10
LI-Small,1512,44,0.7329842931937173,0.18518518518518517,0.2956705385427666,0.0,0.0,5.551115123125783e-17,0.7329842931937173,0.18518518518518517,0.29567053854276665,0.0,0.0,0.0,0.0,8,GOOD,29,11,30,30,27,10,27,10
LI-Small,1512,45,0.7329842931937173,0.18518518518518517,0.2956705385427666,0.0,0.0,5.551115123125783e-17,0.7329842931937173,0.18518518518518517,0.29567053854276665,0.0,0.0,0.0,0.0,8,GOOD,29,11,30,30,27,10,27,10
LI-Small,1512,46,0.7329842931937173,0.18518518518518517,0.2956705385427666,0.0,0.0,5.551115123125783e-17,0.7329842931937173,0.18518518518518517,0.29567053854276665,0.0,0.0,0.0,0.0,8,GOOD,29,11,30,30,27,10,27,10
LI-Small,1512,47,0.7329842931937173,0.18518518518518517,0.2956705385427666,0.0,0.0,5.551115123125783e-17,0.7329842931937173,0.18518518518518517,0.29567053854276665,0.0,0.0,0.0,0.0,8,GOOD,29,11,30,30,27,10,27,10
LI-Small,1512,48,0.7329842931937173,0.18518518518518517,0.2956705385427666,0.0,0.0,5.551115123125783e-17,0.7329842931937173,0.18518518518518517,0.29567053854276665,0.0,0.0,0.0,0.0,8,GOOD,29,11,30,30,27,10,27,10
LI-Small,1512,49,0.7329842931937173,0.18518518518518517,0.2956705385427666,0.0,0.0,5.551115123125783e-17,0.7329842931937173,0.18518518518518517,0.29567053854276665,0.0,0.0,0.0,0.0,8,GOOD,29,11,30,30,27,10,27,10
LI-Small,2811,0,0.7329842931937173,0.18518518518518517,0.2956705385427666,0.0,0.0,5.551115123125783e-17,0.7329842931937173,0.18518518518518517,0.29567053854276665,0.0,0.0,0.0,0.0,8,GOOD,29,11,30,30,27,10,27,10
LI-Small,2811,1,0.7329842931937173,0.18518518518518517,0.2956705385427666,0.0,0.0,5.551115123125783e-17,0.7329842931937173,0.18518518518518517,0.29567053854276665,0.0,0.0,0.0,0.0,8,GOOD,29,11,30,30,27,10,27,10
LI-Small,2811,2,0.7329842931937173,0.18518518518518517,0.2956705385427666,0.0,0.0,5.551115123125783e-17,0.7329842931937173,0.18518518518518517,0.29567053854276665,0.0,0.0,0.0,0.0,8,GOOD,29,11,30,30,27,10,27,10
LI-Small,2811,3,0.7329842931937173,0.18518518518518517,0.2956705385427666,0.0,0.0,5.551115123125783e-17,0.7329842931937173,0.18518518518518517,0.29567053854276665,0.0,0.0,0.0,0.0,8,GOOD,29,11,30,30,27,10,27,10
LI-Small,2811,4,0.7329842931937173,0.18518518518518517,0.2956705385427666,0.0,0.0,5.551115123125783e-17,0.7329842931937173,0.18518518518518517,0.29567053854276665,0.0,0.0,0.0,0.0,8,GOOD,29,11,30,30,27,10,27,10
LI-Small,2811,5,0.7329842931937173,0.18518518518518517,0.2956705385427666,0.0,0.0,5.551115123125783e-17,0.7329842931937173,0.18518518518518517,0.29567053854276665,0.0,0.0,0.0,0.0,8,GOOD,29,11,30,30,27,10,27,10
LI-Small,2811,6,0.7329842931937173,0.18518518518518517,0.2956705385427666,0.0,0.0,5.551115123125783e-17,0.7329842931937173,0.18518518518518517,0.29567053854276665,0.0,0.0,0.0,0.0,8,GOOD,29,11,30,30,27,10,27,10
LI-Small,2811,7,0.7329842931937173,0.18518518518518517,0.2956705385427666,0.0,0.0,5.551115123125783e-17,0.7329842931937173,0.18518518518518517,0.29567053854276665,0.0,0.0,0.0,0.0,8,GOOD,29,11,30,30,27,10,27,10
LI-Small,2811,8,0.7329842931937173,0.18518518518518517,0.2956705385427666,0.0,0.0,5.551115123125783e-17,0.7329842931937173,0.18518518518518517,0.29567053854276665,0.0,0.0,0.0,0.0,8,GOOD,29,11,30,30,27,10,27,10
LI-Small,2811,9,0.7329842931937173,0.18518518518518517,0.2956705385427666,0.0,0.0,5.551115123125783e-17,0.7329842931937173,0.18518518518518517,0.29567053854276665,0.0,0.0,0.0,0.0,8,GOOD,29,11,30,30,27,10,27,10
LI-Small,2811,10,0.7329842931937173,0.18518518518518517,0.2956705385427666,0.0,0.0,5.551115123125783e-17,0.7329842931937173,0.18518518518518517,0.29567053854276665,0.0,0.0,0.0,0.0,8,GOOD,29,11,30,30,27,10,27,10
LI-Small,2811,11,0.7329842931937173,0.18518518518518517,0.2956705385427666,0.0,0.0,5.551115123125783e-17,0.7329842931937173,0.18518518518518517,0.29567053854276665,0.0,0.0,0.0,0.0,8,GOOD,29,11,30,30,27,10,27,10
LI-Small,2811,12,0.7329842931937173,0.18518518518518517,0.2956705385427666,0.0,0.0,5.551115123125783e-17,0.7329842931937173,0.18518518518518517,0.29567053854276665,0.0,0.0,0.0,0.0,8,GOOD,29,11,30,30,27,10,27,10
LI-Small,2811,13,0.7329842931937173,0.18518518518518517,0.2956705385427666,0.0,0.0,5.551115123125783e-17,0.7329842931937173,0.18518518518518517,0.29567053854276665,0.0,0.0,0.0,0.0,8,GOOD,29,11,30,30,27,10,27,10
LI-Small,2811,14,0.7329842931937173,0.18518518518518517,0.2956705385427666,0.0,0.0,5.551115123125783e-17,0.7329842931937173,0.18518518518518517,0.29567053854276665,0.0,0.0,0.0,0.0,8,GOOD,29,11,30,30,27,10,27,10
LI-Small,2811,15,0.7329842931937173,0.18518518518518517,0.2956705385427666,0.0,0.0,5.551115123125783e-17,0.7329842931937173,0.18518518518518517,0.29567053854276665,0.0,0.0,0.0,0.0,8,GOOD,29,11,30,30,27,10,27,10
LI-Small,2811,16,0.7329842931937173,0.18518518518518517,0.2956705385427666,0.0,0.0,5.551115123125783e-17,0.7329842931937173,0.18518518518518517,0.29567053854276665,0.0,0.0,0.0,0.0,8,GOOD,29,11,30,30,27,10,27,10
LI-Small,2811,17,0.7329842931937173,0.18518518518518517,0.2956705385427666,0.0,0.0,5.551115123125783e-17,0.7329842931937173,0.18518518518518517,0.29567053854276665,0.0,0.0,0.0,0.0,8,GOOD,29,11,30,30,27,10,27,10
LI-Small,2811,18,0.7329842931937173,0.18518518518518517,0.2956705385427666,0.0,0.0,5.551115123125783e-17,0.7329842931937173,0.18518518518518517,0.29567053854276665,0.0,0.0,0.0,0.0,8,GOOD,29,11,30,30,27,10,27,10
LI-Small,2811,19,0.7329842931937173,0.18518518518518517,0.2956705385427666,0.0,0.0,5.551115123125783e-17,0.7329842931937173,0.18518518518518517,0.29567053854276665,0.0,0.0,0.0,0.0,8,GOOD,29,11,30,30,27,10,27,10
LI-Small,2811,20,0.7329842931937173,0.18518518518518517,0.2956705385427666,0.0,0.0,5.551115123125783e-17,0.7329842931937173,0.18518518518518517,0.29567053854276665,0.0,0.0,0.0,0.0,8,GOOD,29,11,30,30,27,10,27,10
LI-Small,2811,21,0.7329842931937173,0.18518518518518517,0.2956705385427666,0.0,0.0,5.551115123125783e-17,0.7329842931937173,0.18518518518518517,0.29567053854276665,0.0,0.0,0.0,0.0,8,GOOD,29,11,30,30,27,10,27,10
LI-Small,2811,22,0.7329842931937173,0.18518518518518517,0.2956705385427666,0.0,0.0,5.551115123125783e-17,0.7329842931937173,0.18518518518518517,0.29567053854276665,0.0,0.0,0.0,0.0,8,GOOD,29,11,30,30,27,10,27,10
LI-Small,2811,23,0.7329842931937173,0.18518518518518517,0.2956705385427666,0.0,0.0,5.551115123125783e-17,0.7329842931937173,0.18518518518518517,0.29567053854276665,0.0,0.0,0.0,0.0,8,GOOD,29,11,30,30,27,10,27,10
LI-Small,2811,24,0.7329842931937173,0.18518518518518517,0.2956705385427666,0.0,0.0,5.551115123125783e-17,0.7329842931937173,0.18518518518518517,0.29567053854276665,0.0,0.0,0.0,0.0,8,GOOD,29,11,30,30,27,10,27,10
LI-Small,2811,25,0.7329842931937173,0.18518518518518517,0.2956705385427666,0.0,0.0,5.551115123125783e-17,0.7329842931937173,0.18518518518518517,0.29567053854276665,0.0,0.0,0.0,0.0,8,GOOD,29,11,30,30,27,10,27,10
LI-Small,2811,26,0.7329842931937173,0.18518518518518517,0.2956705385427666,0.0,0.0,5.551115123125783e-17,0.7329842931937173,0.18518518518518517,0.29567053854276665,0.0,0.0,0.0,0.0,8,GOOD,29,11,30,30,27,10,27,10
LI-Small,2811,27,0.7329842931937173,0.18518518518518517,0.2956705385427666,0.0,0.0,5.551115123125783e-17,0.7329842931937173,0.18518518518518517,0.29567053854276665,0.0,0.0,0.0,0.0,8,GOOD,29,11,30,30,27,10,27,10
LI-Small,2811,28,0.7329842931937173,0.18518518518518517,0.2956705385427666,0.0,0.0,5.551115123125783e-17,0.7329842931937173,0.18518518518518517,0.29567053854276665,0.0,0.0,0.0,0.0,8,GOOD,29,11,30,30,27,10,27,10
LI-Small,2811,29,0.7329842931937173,0.18518518518518517,0.2956705385427666,0.0,0.0,5.551115123125783e-17,0.7329842931937173,0.18518518518518517,0.29567053854276665,0.0,0.0,0.0,0.0,8,GOOD,29,11,30,30,27,10,27,10
LI-Small,2811,30,0.7329842931937173,0.18518518518518517,0.2956705385427666,0.0,0.0,5.551115123125783e-17,0.7329842931937173,0.18518518518518517,0.29567053854276665,0.0,0.0,0.0,0.0,8,GOOD,29,11,30,30,27,10,27,10
LI-Small,2811,31,0.7329842931937173,0.18518518518518517,0.2956705385427666,0.0,0.0,5.551115123125783e-17,0.7329842931937173,0.18518518518518517,0.29567053854276665,0.0,0.0,0.0,0.0,8,GOOD,29,11,30,30,27,10,27,10
LI-Small,2811,32,0.7329842931937173,0.18518518518518517,0.2956705385427666,0.0,0.0,5.551115123125783e-17,0.7329842931937173,0.18518518518518517,0.29567053854276665,0.0,0.0,0.0,0.0,8,GOOD,29,11,30,30,27,10,27,10
LI-Small,2811,33,0.7329842931937173,0.18518518518518517,0.2956705385427666,0.0,0.0,5.551115123125783e-17,0.7329842931937173,0.18518518518518517,0.29567053854276665,0.0,0.0,0.0,0.0,8,GOOD,29,11,30,30,27,10,27,10
LI-Small,2811,34,0.7329842931937173,0.18518518518518517,0.2956705385427666,0.0,0.0,5.551115123125783e-17,0.7329842931937173,0.18518518518518517,0.29567053854276665,0.0,0.0,0.0,0.0,8,GOOD,29,11,30,30,27,10,27,10
LI-Small,2811,35,0.7329842931937173,0.18518518518518517,0.2956705385427666,0.0,0.0,5.551115123125783e-17,0.7329842931937173,0.18518518518518517,0.29567053854276665,0.0,0.0,0.0,0.0,8,GOOD,29,11,30,30,27,10,27,10
LI-Small,2811,36,0.7329842931937173,0.18518518518518517,0.2956705385427666,0.0,0.0,5.551115123125783e-17,0.7329842931937173,0.18518518518518517,0.29567053854276665,0.0,0.0,0.0,0.0,8,GOOD,29,11,30,30,27,10,27,10
LI-Small,2811,37,0.7329842931937173,0.18518518518518517,0.2956705385427666,0.0,0.0,5.551115123125783e-17,0.7329842931937173,0.18518518518518517,0.29567053854276665,0.0,0.0,0.0,0.0,8,GOOD,29,11,30,30,27,10,27,10
LI-Small,2811,38,0.7329842931937173,0.18518518518518517,0.2956705385427666,0.0,0.0,5.551115123125783e-17,0.7329842931937173,0.18518518518518517,0.29567053854276665,0.0,0.0,0.0,0.0,8,GOOD,29,11,30,30,27,10,27,10
LI-Small,2811,39,0.7329842931937173,0.18518518518518517,0.2956705385427666,0.0,0.0,5.551115123125783e-17,0.7329842931937173,0.18518518518518517,0.29567053854276665,0.0,0.0,0.0,0.0,8,GOOD,29,11,30,30,27,10,27,10
LI-Small,2811,40,0.7329842931937173,0.18518518518518517,0.2956705385427666,0.0,0.0,5.551115123125783e-17,0.7329842931937173,0.18518518518518517,0.29567053854276665,0.0,0.0,0.0,0.0,8,GOOD,29,11,30,30,27,10,27,10
LI-Small,2811,41,0.7329842931937173,0.18518518518518517,0.2956705385427666,0.0,0.0,5.551115123125783e-17,0.7329842931937173,0.18518518518518517,0.29567053854276665,0.0,0.0,0.0,0.0,8,GOOD,29,11,30,30,27,10,27,10
LI-Small,2811,42,0.7329842931937173,0.18518518518518517,0.2956705385427666,0.0,0.0,5.551115123125783e-17,0.7329842931937173,0.18518518518518517,0.29567053854276665,0.0,0.0,0.0,0.0,8,GOOD,29,11,30,30,27,10,27,10
LI-Small,2811,43,0.7329842931937173,0.18518518518518517,0.2956705385427666,0.0,0.0,5.551115123125783e-17,0.7329842931937173,0.18518518518518517,0.29567053854276665,0.0,0.0,0.0,0.0,8,GOOD,29,11,30,30,27,10,27,10
LI-Small,2811,44,0.7329842931937173,0.18518518518518517,0.2956705385427666,0.0,0.0,5.551115123125783e-17,0.7329842931937173,0.18518518518518517,0.29567053854276665,0.0,0.0,0.0,0.0,8,GOOD,29,11,30,30,27,10,27,10
LI-Small,2811,45,0.7329842931937173,0.18518518518518517,0.2956705385427666,0.0,0.0,5.551115123125783e-17,0.7329842931937173,0.18518518518518517,0.29567053854276665,0.0,0.0,0.0,0.0,8,GOOD,29,11,30,30,27,10,27,10
LI-Small,2811,46,0.7329842931937173,0.18518518518518517,0.2956705385427666,0.0,0.0,5.551115123125783e-17,0.7329842931937173,0.18518518518518517,0.29567053854276665,0.0,0.0,0.0,0.0,8,GOOD,29,11,30,30,27,10,27,10
LI-Small,2811,47,0.7329842931937173,0.18518518518518517,0.2956705385427666,0.0,0.0,5.551115123125783e-17,0.7329842931937173,0.18518518518518517,0.29567053854276665,0.0,0.0,0.0,0.0,8,GOOD,29,11,30,30,27,10,27,10
LI-Small,2811,48,0.7329842931937173,0.18518518518518517,0.2956705385427666,0.0,0.0,5.551115123125783e-17,0.7329842931937173,0.18518518518518517,0.29567053854276665,0.0,0.0,0.0,0.0,8,GOOD,29,11,30,30,27,10,27,10
LI-Small,2811,49,0.7329842931937173,0.18518518518518517,0.2956705385427666,0.0,0.0,5.551115123125783e-17,0.7329842931937173,0.18518518518518517,0.29567053854276665,0.0,0.0,0.0,0.0,8,GOOD,29,11,30,30,27,10,27,10
LI-Small,5224,0,0.7329842931937173,0.18518518518518517,0.2956705385427666,0.0,0.0,5.551115123125783e-17,0.7329842931937173,0.18518518518518517,0.29567053854276665,0.0,0.0,0.0,0.0,8,GOOD,29,11,30,30,27,10,27,10
LI-Small,5224,1,0.7329842931937173,0.18518518518518517,0.2956705385427666,0.0,0.0,5.551115123125783e-17,0.7329842931937173,0.18518518518518517,0.29567053854276665,0.0,0.0,0.0,0.0,8,GOOD,29,11,30,30,27,10,27,10
LI-Small,5224,2,0.7329842931937173,0.18518518518518517,0.2956705385427666,0.0,0.0,5.551115123125783e-17,0.7329842931937173,0.18518518518518517,0.29567053854276665,0.0,0.0,0.0,0.0,8,GOOD,29,11,30,30,27,10,27,10
LI-Small,5224,3,0.7329842931937173,0.18518518518518517,0.2956705385427666,0.0,0.0,5.551115123125783e-17,0.7329842931937173,0.18518518518518517,0.29567053854276665,0.0,0.0,0.0,0.0,8,GOOD,29,11,30,30,27,10,27,10
LI-Small,5224,4,0.7329842931937173,0.18518518518518517,0.2956705385427666,0.0,0.0,5.551115123125783e-17,0.7329842931937173,0.18518518518518517,0.29567053854276665,0.0,0.0,0.0,0.0,8,GOOD,29,11,30,30,27,10,27,10
LI-Small,5224,5,0.7329842931937173,0.18518518518518517,0.2956705385427666,0.0,0.0,5.551115123125783e-17,0.7329842931937173,0.18518518518518517,0.29567053854276665,0.0,0.0,0.0,0.0,8,GOOD,29,11,30,30,27,10,27,10
LI-Small,5224,6,0.7329842931937173,0.18518518518518517,0.2956705385427666,0.0,0.0,5.551115123125783e-17,0.7329842931937173,0.18518518518518517,0.29567053854276665,0.0,0.0,0.0,0.0,8,GOOD,29,11,30,30,27,10,27,10
LI-Small,5224,7,0.7329842931937173,0.18518518518518517,0.2956705385427666,0.0,0.0,5.551115123125783e-17,0.7329842931937173,0.18518518518518517,0.29567053854276665,0.0,0.0,0.0,0.0,8,GOOD,29,11,30,30,27,10,27,10
LI-Small,5224,8,0.7329842931937173,0.18518518518518517,0.2956705385427666,0.0,0.0,5.551115123125783e-17,0.7329842931937173,0.18518518518518517,0.29567053854276665,0.0,0.0,0.0,0.0,8,GOOD,29,11,30,30,27,10,27,10
LI-Small,5224,9,0.7329842931937173,0.18518518518518517,0.2956705385427666,0.0,0.0,5.551115123125783e-17,0.7329842931937173,0.18518518518518517,0.29567053854276665,0.0,0.0,0.0,0.0,8,GOOD,29,11,30,30,27,10,27,10
LI-Small,5224,10,0.7329842931937173,0.18518518518518517,0.2956705385427666,0.0,0.0,5.551115123125783e-17,0.7329842931937173,0.18518518518518517,0.29567053854276665,0.0,0.0,0.0,0.0,8,GOOD,29,11,30,30,27,10,27,10
LI-Small,5224,11,0.7329842931937173,0.18518518518518517,0.2956705385427666,0.0,0.0,5.551115123125783e-17,0.7329842931937173,0.18518518518518517,0.29567053854276665,0.0,0.0,0.0,0.0,8,GOOD,29,11,30,30,27,10,27,10
LI-Small,5224,12,0.7329842931937173,0.18518518518518517,0.2956705385427666,0.0,0.0,5.551115123125783e-17,0.7329842931937173,0.18518518518518517,0.29567053854276665,0.0,0.0,0.0,0.0,8,GOOD,29,11,30,30,27,10,27,10
LI-Small,5224,13,0.7329842931937173,0.18518518518518517,0.2956705385427666,0.0,0.0,5.551115123125783e-17,0.7329842931937173,0.18518518518518517,0.29567053854276665,0.0,0.0,0.0,0.0,8,GOOD,29,11,30,30,27,10,27,10
LI-Small,5224,14,0.7329842931937173,0.18518518518518517,0.2956705385427666,0.0,0.0,5.551115123125783e-17,0.7329842931937173,0.18518518518518517,0.29567053854276665,0.0,0.0,0.0,0.0,8,GOOD,29,11,30,30,27,10,27,10
LI-Small,5224,15,0.7329842931937173,0.18518518518518517,0.2956705385427666,0.0,0.0,5.551115123125783e-17,0.7329842931937173,0.18518518518518517,0.29567053854276665,0.0,0.0,0.0,0.0,8,GOOD,29,11,30,30,27,10,27,10
LI-Small,5224,16,0.7329842931937173,0.18518518518518517,0.2956705385427666,0.0,0.0,5.551115123125783e-17,0.7329842931937173,0.18518518518518517,0.29567053854276665,0.0,0.0,0.0,0.0,8,GOOD,29,11,30,30,27,10,27,10
LI-Small,5224,17,0.7329842931937173,0.18518518518518517,0.2956705385427666,0.0,0.0,5.551115123125783e-17,0.7329842931937173,0.18518518518518517,0.29567053854276665,0.0,0.0,0.0,0.0,8,GOOD,29,11,30,30,27,10,27,10
LI-Small,5224,18,0.7329842931937173,0.18518518518518517,0.2956705385427666,0.0,0.0,5.551115123125783e-17,0.7329842931937173,0.18518518518518517,0.29567053854276665,0.0,0.0,0.0,0.0,8,GOOD,29,11,30,30,27,10,27,10
LI-Small,5224,19,0.7329842931937173,0.18518518518518517,0.2956705385427666,0.0,0.0,5.551115123125783e-17,0.7329842931937173,0.18518518518518517,0.29567053854276665,0.0,0.0,0.0,0.0,8,GOOD,29,11,30,30,27,10,27,10
LI-Small,5224,20,0.7329842931937173,0.18518518518518517,0.2956705385427666,0.0,0.0,5.551115123125783e-17,0.7329842931937173,0.18518518518518517,0.29567053854276665,0.0,0.0,0.0,0.0,8,GOOD,29,11,30,30,27,10,27,10
LI-Small,5224,21,0.7329842931937173,0.18518518518518517,0.2956705385427666,0.0,0.0,5.551115123125783e-17,0.7329842931937173,0.18518518518518517,0.29567053854276665,0.0,0.0,0.0,0.0,8,GOOD,29,11,30,30,27,10,27,10
LI-Small,5224,22,0.7329842931937173,0.18518518518518517,0.2956705385427666,0.0,0.0,5.551115123125783e-17,0.7329842931937173,0.18518518518518517,0.29567053854276665,0.0,0.0,0.0,0.0,8,GOOD,29,11,30,30,27,10,27,10
LI-Small,5224,23,0.7329842931937173,0.18518518518518517,0.2956705385427666,0.0,0.0,5.551115123125783e-17,0.7329842931937173,0.18518518518518517,0.29567053854276665,0.0,0.0,0.0,0.0,8,GOOD,29,11,30,30,27,10,27,10
LI-Small,5224,24,0.7329842931937173,0.18518518518518517,0.2956705385427666,0.0,0.0,5.551115123125783e-17,0.7329842931937173,0.18518518518518517,0.29567053854276665,0.0,0.0,0.0,0.0,8,GOOD,29,11,30,30,27,10,27,10
LI-Small,5224,25,0.7329842931937173,0.18518518518518517,0.2956705385427666,0.0,0.0,5.551115123125783e-17,0.7329842931937173,0.18518518518518517,0.29567053854276665,0.0,0.0,0.0,0.0,8,GOOD,29,11,30,30,27,10,27,10
LI-Small,5224,26,0.7329842931937173,0.18518518518518517,0.2956705385427666,0.0,0.0,5.551115123125783e-17,0.7329842931937173,0.18518518518518517,0.29567053854276665,0.0,0.0,0.0,0.0,8,GOOD,29,11,30,30,27,10,27,10
LI-Small,5224,27,0.7329842931937173,0.18518518518518517,0.2956705385427666,0.0,0.0,5.551115123125783e-17,0.7329842931937173,0.18518518518518517,0.29567053854276665,0.0,0.0,0.0,0.0,8,GOOD,29,11,30,30,27,10,27,10
LI-Small,5224,28,0.7329842931937173,0.18518518518518517,0.2956705385427666,0.0,0.0,5.551115123125783e-17,0.7329842931937173,0.18518518518518517,0.29567053854276665,0.0,0.0,0.0,0.0,8,GOOD,29,11,30,30,27,10,27,10
LI-Small,5224,29,0.7329842931937173,0.18518518518518517,0.2956705385427666,0.0,0.0,5.551115123125783e-17,0.7329842931937173,0.18518518518518517,0.29567053854276665,0.0,0.0,0.0,0.0,8,GOOD,29,11,30,30,27,10,27,10
LI-Small,5224,30,0.7329842931937173,0.18518518518518517,0.2956705385427666,0.0,0.0,5.551115123125783e-17,0.7329842931937173,0.18518518518518517,0.29567053854276665,0.0,0.0,0.0,0.0,8,GOOD,29,11,30,30,27,10,27,10
LI-Small,5224,31,0.7329842931937173,0.18518518518518517,0.2956705385427666,0.0,0.0,5.551115123125783e-17,0.7329842931937173,0.18518518518518517,0.29567053854276665,0.0,0.0,0.0,0.0,8,GOOD,29,11,30,30,27,10,27,10
LI-Small,5224,32,0.7329842931937173,0.18518518518518517,0.2956705385427666,0.0,0.0,5.551115123125783e-17,0.7329842931937173,0.18518518518518517,0.29567053854276665,0.0,0.0,0.0,0.0,8,GOOD,29,11,30,30,27,10,27,10
LI-Small,5224,33,0.7329842931937173,0.18518518518518517,0.2956705385427666,0.0,0.0,5.551115123125783e-17,0.7329842931937173,0.18518518518518517,0.29567053854276665,0.0,0.0,0.0,0.0,8,GOOD,29,11,30,30,27,10,27,10
LI-Small,5224,34,0.7329842931937173,0.18518518518518517,0.2956705385427666,0.0,0.0,5.551115123125783e-17,0.7329842931937173,0.18518518518518517,0.29567053854276665,0.0,0.0,0.0,0.0,8,GOOD,29,11,30,30,27,10,27,10
LI-Small,5224,35,0.7329842931937173,0.18518518518518517,0.2956705385427666,0.0,0.0,5.551115123125783e-17,0.7329842931937173,0.18518518518518517,0.29567053854276665,0.0,0.0,0.0,0.0,8,GOOD,29,11,30,30,27,10,27,10
LI-Small,5224,36,0.7329842931937173,0.18518518518518517,0.2956705385427666,0.0,0.0,5.551115123125783e-17,0.7329842931937173,0.18518518518518517,0.29567053854276665,0.0,0.0,0.0,0.0,8,GOOD,29,11,30,30,27,10,27,10
LI-Small,5224,37,0.7329842931937173,0.18518518518518517,0.2956705385427666,0.0,0.0,5.551115123125783e-17,0.7329842931937173,0.18518518518518517,0.29567053854276665,0.0,0.0,0.0,0.0,8,GOOD,29,11,30,30,27,10,27,10
LI-Small,5224,38,0.7329842931937173,0.18518518518518517,0.2956705385427666,0.0,0.0,5.551115123125783e-17,0.7329842931937173,0.18518518518518517,0.29567053854276665,0.0,0.0,0.0,0.0,8,GOOD,29,11,30,30,27,10,27,10
LI-Small,5224,39,0.7329842931937173,0.18518518518518517,0.2956705385427666,0.0,0.0,5.551115123125783e-17,0.7329842931937173,0.18518518518518517,0.29567053854276665,0.0,0.0,0.0,0.0,8,GOOD,29,11,30,30,27,10,27,10
LI-Small,5224,40,0.7329842931937173,0.18518518518518517,0.2956705385427666,0.0,0.0,5.551115123125783e-17,0.7329842931937173,0.18518518518518517,0.29567053854276665,0.0,0.0,0.0,0.0,8,GOOD,29,11,30,30,27,10,27,10
LI-Small,5224,41,0.7329842931937173,0.18518518518518517,0.2956705385427666,0.0,0.0,5.551115123125783e-17,0.7329842931937173,0.18518518518518517,0.29567053854276665,0.0,0.0,0.0,0.0,8,GOOD,29,11,30,30,27,10,27,10
LI-Small,5224,42,0.7329842931937173,0.18518518518518517,0.2956705385427666,0.0,0.0,5.551115123125783e-17,0.7329842931937173,0.18518518518518517,0.29567053854276665,0.0,0.0,0.0,0.0,8,GOOD,29,11,30,30,27,10,27,10
LI-Small,5224,43,0.7329842931937173,0.18518518518518517,0.2956705385427666,0.0,0.0,5.551115123125783e-17,0.7329842931937173,0.18518518518518517,0.29567053854276665,0.0,0.0,0.0,0.0,8,GOOD,29,11,30,30,27,10,27,10
LI-Small,5224,44,0.7329842931937173,0.18518518518518517,0.2956705385427666,0.0,0.0,5.551115123125783e-17,0.7329842931937173,0.18518518518518517,0.29567053854276665,0.0,0.0,0.0,0.0,8,GOOD,29,11,30,30,27,10,27,10
LI-Small,5224,45,0.7329842931937173,0.18518518518518517,0.2956705385427666,0.0,0.0,5.551115123125783e-17,0.7329842931937173,0.18518518518518517,0.29567053854276665,0.0,0.0,0.0,0.0,8,GOOD,29,11,30,30,27,10,27,10
LI-Small,5224,46,0.7329842931937173,0.18518518518518517,0.2956705385427666,0.0,0.0,5.551115123125783e-17,0.7329842931937173,0.18518518518518517,0.29567053854276665,0.0,0.0,0.0,0.0,8,GOOD,29,11,30,30,27,10,27,10
LI-Small,5224,47,0.7329842931937173,0.18518518518518517,0.2956705385427666,0.0,0.0,5.551115123125783e-17,0.7329842931937173,0.18518518518518517,0.29567053854276665,0.0,0.0,0.0,0.0,8,GOOD,29,11,30,30,27,10,27,10
LI-Small,5224,48,0.7329842931937173,0.18518518518518517,0.2956705385427666,0.0,0.0,5.551115123125783e-17,0.7329842931937173,0.18518518518518517,0.29567053854276665,0.0,0.0,0.0,0.0,8,GOOD,29,11,30,30,27,10,27,10
LI-Small,5224,49,0.7329842931937173,0.18518518518518517,0.2956705385427666,0.0,0.0,5.551115123125783e-17,0.7329842931937173,0.18518518518518517,0.29567053854276665,0.0,0.0,0.0,0.0,8,GOOD,29,11,30,30,27,10,27,10
LI-Small,9711,0,0.7329842931937173,0.18518518518518517,0.2956705385427666,0.0,0.0,5.551115123125783e-17,0.7329842931937173,0.18518518518518517,0.29567053854276665,0.0,0.0,0.0,0.0,8,GOOD,29,11,30,30,27,10,27,10
LI-Small,9711,1,0.7329842931937173,0.18518518518518517,0.2956705385427666,0.0,0.0,5.551115123125783e-17,0.7329842931937173,0.18518518518518517,0.29567053854276665,0.0,0.0,0.0,0.0,8,GOOD,29,11,30,30,27,10,27,10
LI-Small,9711,2,0.7329842931937173,0.18518518518518517,0.2956705385427666,0.0,0.0,5.551115123125783e-17,0.7329842931937173,0.18518518518518517,0.29567053854276665,0.0,0.0,0.0,0.0,8,GOOD,29,11,30,30,27,10,27,10
LI-Small,9711,3,0.7329842931937173,0.18518518518518517,0.2956705385427666,0.0,0.0,5.551115123125783e-17,0.7329842931937173,0.18518518518518517,0.29567053854276665,0.0,0.0,0.0,0.0,8,GOOD,29,11,30,30,27,10,27,10
LI-Small,9711,4,0.7329842931937173,0.18518518518518517,0.2956705385427666,0.0,0.0,5.551115123125783e-17,0.7329842931937173,0.18518518518518517,0.29567053854276665,0.0,0.0,0.0,0.0,8,GOOD,29,11,30,30,27,10,27,10
LI-Small,9711,5,0.7329842931937173,0.18518518518518517,0.2956705385427666,0.0,0.0,5.551115123125783e-17,0.7329842931937173,0.18518518518518517,0.29567053854276665,0.0,0.0,0.0,0.0,8,GOOD,29,11,30,30,27,10,27,10
LI-Small,9711,6,0.7329842931937173,0.18518518518518517,0.2956705385427666,0.0,0.0,5.551115123125783e-17,0.7329842931937173,0.18518518518518517,0.29567053854276665,0.0,0.0,0.0,0.0,8,GOOD,29,11,30,30,27,10,27,10
LI-Small,9711,7,0.7329842931937173,0.18518518518518517,0.2956705385427666,0.0,0.0,5.551115123125783e-17,0.7329842931937173,0.18518518518518517,0.29567053854276665,0.0,0.0,0.0,0.0,8,GOOD,29,11,30,30,27,10,27,10
LI-Small,9711,8,0.7329842931937173,0.18518518518518517,0.2956705385427666,0.0,0.0,5.551115123125783e-17,0.7329842931937173,0.18518518518518517,0.29567053854276665,0.0,0.0,0.0,0.0,8,GOOD,29,11,30,30,27,10,27,10
LI-Small,9711,9,0.7329842931937173,0.18518518518518517,0.2956705385427666,0.0,0.0,5.551115123125783e-17,0.7329842931937173,0.18518518518518517,0.29567053854276665,0.0,0.0,0.0,0.0,8,GOOD,29,11,30,30,27,10,27,10
LI-Small,9711,10,0.7329842931937173,0.18518518518518517,0.2956705385427666,0.0,0.0,5.551115123125783e-17,0.7329842931937173,0.18518518518518517,0.29567053854276665,0.0,0.0,0.0,0.0,8,GOOD,29,11,30,30,27,10,27,10
LI-Small,9711,11,0.7329842931937173,0.18518518518518517,0.2956705385427666,0.0,0.0,5.551115123125783e-17,0.7329842931937173,0.18518518518518517,0.29567053854276665,0.0,0.0,0.0,0.0,8,GOOD,29,11,30,30,27,10,27,10
LI-Small,9711,12,0.7329842931937173,0.18518518518518517,0.2956705385427666,0.0,0.0,5.551115123125783e-17,0.7329842931937173,0.18518518518518517,0.29567053854276665,0.0,0.0,0.0,0.0,8,GOOD,29,11,30,30,27,10,27,10
LI-Small,9711,13,0.7329842931937173,0.18518518518518517,0.2956705385427666,0.0,0.0,5.551115123125783e-17,0.7329842931937173,0.18518518518518517,0.29567053854276665,0.0,0.0,0.0,0.0,8,GOOD,29,11,30,30,27,10,27,10
LI-Small,9711,14,0.7329842931937173,0.18518518518518517,0.2956705385427666,0.0,0.0,5.551115123125783e-17,0.7329842931937173,0.18518518518518517,0.29567053854276665,0.0,0.0,0.0,0.0,8,GOOD,29,11,30,30,27,10,27,10
LI-Small,9711,15,0.7329842931937173,0.18518518518518517,0.2956705385427666,0.0,0.0,5.551115123125783e-17,0.7329842931937173,0.18518518518518517,0.29567053854276665,0.0,0.0,0.0,0.0,8,GOOD,29,11,30,30,27,10,27,10
LI-Small,9711,16,0.7329842931937173,0.18518518518518517,0.2956705385427666,0.0,0.0,5.551115123125783e-17,0.7329842931937173,0.18518518518518517,0.29567053854276665,0.0,0.0,0.0,0.0,8,GOOD,29,11,30,30,27,10,27,10
LI-Small,9711,17,0.7329842931937173,0.18518518518518517,0.2956705385427666,0.0,0.0,5.551115123125783e-17,0.7329842931937173,0.18518518518518517,0.29567053854276665,0.0,0.0,0.0,0.0,8,GOOD,29,11,30,30,27,10,27,10
LI-Small,9711,18,0.7329842931937173,0.18518518518518517,0.2956705385427666,0.0,0.0,5.551115123125783e-17,0.7329842931937173,0.18518518518518517,0.29567053854276665,0.0,0.0,0.0,0.0,8,GOOD,29,11,30,30,27,10,27,10
LI-Small,9711,19,0.7329842931937173,0.18518518518518517,0.2956705385427666,0.0,0.0,5.551115123125783e-17,0.7329842931937173,0.18518518518518517,0.29567053854276665,0.0,0.0,0.0,0.0,8,GOOD,29,11,30,30,27,10,27,10
LI-Small,9711,20,0.7329842931937173,0.18518518518518517,0.2956705385427666,0.0,0.0,5.551115123125783e-17,0.7329842931937173,0.18518518518518517,0.29567053854276665,0.0,0.0,0.0,0.0,8,GOOD,29,11,30,30,27,10,27,10
LI-Small,9711,21,0.7329842931937173,0.18518518518518517,0.2956705385427666,0.0,0.0,5.551115123125783e-17,0.7329842931937173,0.18518518518518517,0.29567053854276665,0.0,0.0,0.0,0.0,8,GOOD,29,11,30,30,27,10,27,10
LI-Small,9711,22,0.7329842931937173,0.18518518518518517,0.2956705385427666,0.0,0.0,5.551115123125783e-17,0.7329842931937173,0.18518518518518517,0.29567053854276665,0.0,0.0,0.0,0.0,8,GOOD,29,11,30,30,27,10,27,10
LI-Small,9711,23,0.7329842931937173,0.18518518518518517,0.2956705385427666,0.0,0.0,5.551115123125783e-17,0.7329842931937173,0.18518518518518517,0.29567053854276665,0.0,0.0,0.0,0.0,8,GOOD,29,11,30,30,27,10,27,10
LI-Small,9711,24,0.7329842931937173,0.18518518518518517,0.2956705385427666,0.0,0.0,5.551115123125783e-17,0.7329842931937173,0.18518518518518517,0.29567053854276665,0.0,0.0,0.0,0.0,8,GOOD,29,11,30,30,27,10,27,10
LI-Small,9711,25,0.7329842931937173,0.18518518518518517,0.2956705385427666,0.0,0.0,5.551115123125783e-17,0.7329842931937173,0.18518518518518517,0.29567053854276665,0.0,0.0,0.0,0.0,8,GOOD,29,11,30,30,27,10,27,10
LI-Small,9711,26,0.7329842931937173,0.18518518518518517,0.2956705385427666,0.0,0.0,5.551115123125783e-17,0.7329842931937173,0.18518518518518517,0.29567053854276665,0.0,0.0,0.0,0.0,8,GOOD,29,11,30,30,27,10,27,10
LI-Small,9711,27,0.7329842931937173,0.18518518518518517,0.2956705385427666,0.0,0.0,5.551115123125783e-17,0.7329842931937173,0.18518518518518517,0.29567053854276665,0.0,0.0,0.0,0.0,8,GOOD,29,11,30,30,27,10,27,10
LI-Small,9711,28,0.7329842931937173,0.18518518518518517,0.2956705385427666,0.0,0.0,5.551115123125783e-17,0.7329842931937173,0.18518518518518517,0.29567053854276665,0.0,0.0,0.0,0.0,8,GOOD,29,11,30,30,27,10,27,10
LI-Small,9711,29,0.7329842931937173,0.18518518518518517,0.2956705385427666,0.0,0.0,5.551115123125783e-17,0.7329842931937173,0.18518518518518517,0.29567053854276665,0.0,0.0,0.0,0.0,8,GOOD,29,11,30,30,27,10,27,10
LI-Small,9711,30,0.7329842931937173,0.18518518518518517,0.2956705385427666,0.0,0.0,5.551115123125783e-17,0.7329842931937173,0.18518518518518517,0.29567053854276665,0.0,0.0,0.0,0.0,8,GOOD,29,11,30,30,27,10,27,10
LI-Small,9711,31,0.7329842931937173,0.18518518518518517,0.2956705385427666,0.0,0.0,5.551115123125783e-17,0.7329842931937173,0.18518518518518517,0.29567053854276665,0.0,0.0,0.0,0.0,8,GOOD,29,11,30,30,27,10,27,10
LI-Small,9711,32,0.7329842931937173,0.18518518518518517,0.2956705385427666,0.0,0.0,5.551115123125783e-17,0.7329842931937173,0.18518518518518517,0.29567053854276665,0.0,0.0,0.0,0.0,8,GOOD,29,11,30,30,27,10,27,10
LI-Small,9711,33,0.7329842931937173,0.18518518518518517,0.2956705385427666,0.0,0.0,5.551115123125783e-17,0.7329842931937173,0.18518518518518517,0.29567053854276665,0.0,0.0,0.0,0.0,8,GOOD,29,11,30,30,27,10,27,10
LI-Small,9711,34,0.7329842931937173,0.18518518518518517,0.2956705385427666,0.0,0.0,5.551115123125783e-17,0.7329842931937173,0.18518518518518517,0.29567053854276665,0.0,0.0,0.0,0.0,8,GOOD,29,11,30,30,27,10,27,10
LI-Small,9711,35,0.7329842931937173,0.18518518518518517,0.2956705385427666,0.0,0.0,5.551115123125783e-17,0.7329842931937173,0.18518518518518517,0.29567053854276665,0.0,0.0,0.0,0.0,8,GOOD,29,11,30,30,27,10,27,10
LI-Small,9711,36,0.7329842931937173,0.18518518518518517,0.2956705385427666,0.0,0.0,5.551115123125783e-17,0.7329842931937173,0.18518518518518517,0.29567053854276665,0.0,0.0,0.0,0.0,8,GOOD,29,11,30,30,27,10,27,10
LI-Small,9711,37,0.7329842931937173,0.18518518518518517,0.2956705385427666,0.0,0.0,5.551115123125783e-17,0.7329842931937173,0.18518518518518517,0.29567053854276665,0.0,0.0,0.0,0.0,8,GOOD,29,11,30,30,27,10,27,10
LI-Small,9711,38,0.7329842931937173,0.18518518518518517,0.2956705385427666,0.0,0.0,5.551115123125783e-17,0.7329842931937173,0.18518518518518517,0.29567053854276665,0.0,0.0,0.0,0.0,8,GOOD,29,11,30,30,27,10,27,10
LI-Small,9711,39,0.7329842931937173,0.18518518518518517,0.2956705385427666,0.0,0.0,5.551115123125783e-17,0.7329842931937173,0.18518518518518517,0.29567053854276665,0.0,0.0,0.0,0.0,8,GOOD,29,11,30,30,27,10,27,10
LI-Small,9711,40,0.7329842931937173,0.18518518518518517,0.2956705385427666,0.0,0.0,5.551115123125783e-17,0.7329842931937173,0.18518518518518517,0.29567053854276665,0.0,0.0,0.0,0.0,8,GOOD,29,11,30,30,27,10,27,10
LI-Small,9711,41,0.7329842931937173,0.18518518518518517,0.2956705385427666,0.0,0.0,5.551115123125783e-17,0.7329842931937173,0.18518518518518517,0.29567053854276665,0.0,0.0,0.0,0.0,8,GOOD,29,11,30,30,27,10,27,10
LI-Small,9711,42,0.7329842931937173,0.18518518518518517,0.2956705385427666,0.0,0.0,5.551115123125783e-17,0.7329842931937173,0.18518518518518517,0.29567053854276665,0.0,0.0,0.0,0.0,8,GOOD,29,11,30,30,27,10,27,10
LI-Small,9711,43,0.7329842931937173,0.18518518518518517,0.2956705385427666,0.0,0.0,5.551115123125783e-17,0.7329842931937173,0.18518518518518517,0.29567053854276665,0.0,0.0,0.0,0.0,8,GOOD,29,11,30,30,27,10,27,10
LI-Small,9711,44,0.7329842931937173,0.18518518518518517,0.2956705385427666,0.0,0.0,5.551115123125783e-17,0.7329842931937173,0.18518518518518517,0.29567053854276665,0.0,0.0,0.0,0.0,8,GOOD,29,11,30,30,27,10,27,10
LI-Small,9711,45,0.7329842931937173,0.18518518518518517,0.2956705385427666,0.0,0.0,5.551115123125783e-17,0.7329842931937173,0.18518518518518517,0.29567053854276665,0.0,0.0,0.0,0.0,8,GOOD,29,11,30,30,27,10,27,10
LI-Small,9711,46,0.7329842931937173,0.18518518518518517,0.2956705385427666,0.0,0.0,5.551115123125783e-17,0.7329842931937173,0.18518518518518517,0.29567053854276665,0.0,0.0,0.0,0.0,8,GOOD,29,11,30,30,27,10,27,10
LI-Small,9711,47,0.7329842931937173,0.18518518518518517,0.2956705385427666,0.0,0.0,5.551115123125783e-17,0.7329842931937173,0.18518518518518517,0.29567053854276665,0.0,0.0,0.0,0.0,8,GOOD,29,11,30,30,27,10,27,10
LI-Small,9711,48,0.7329842931937173,0.18518518518518517,0.2956705385427666,0.0,0.0,5.551115123125783e-17,0.7329842931937173,0.18518518518518517,0.29567053854276665,0.0,0.0,0.0,0.0,8,GOOD,29,11,30,30,27,10,27,10
LI-Small,9711,49,0.7329842931937173,0.18518518518518517,0.2956705385427666,0.0,0.0,5.551115123125783e-17,0.7329842931937173,0.18518518518518517,0.29567053854276665,0.0,0.0,0.0,0.0,8,GOOD,29,11,30,30,27,10,27,10
LI-Small,18051,0,0.7329842931937173,0.18518518518518517,0.2956705385427666,0.0,0.0,5.551115123125783e-17,0.7329842931937173,0.18518518518518517,0.29567053854276665,0.0,0.0,0.0,0.0,8,GOOD,29,11,30,30,27,10,27,10
LI-Small,18051,1,0.7329842931937173,0.18518518518518517,0.2956705385427666,0.0,0.0,5.551115123125783e-17,0.7329842931937173,0.18518518518518517,0.29567053854276665,0.0,0.0,0.0,0.0,8,GOOD,29,11,30,30,27,10,27,10
LI-Small,18051,2,0.7329842931937173,0.18518518518518517,0.2956705385427666,0.0,0.0,5.551115123125783e-17,0.7329842931937173,0.18518518518518517,0.29567053854276665,0.0,0.0,0.0,0.0,8,GOOD,29,11,30,30,27,10,27,10
LI-Small,18051,3,0.7329842931937173,0.18518518518518517,0.2956705385427666,0.0,0.0,5.551115123125783e-17,0.7329842931937173,0.18518518518518517,0.29567053854276665,0.0,0.0,0.0,0.0,8,GOOD,29,11,30,30,27,10,27,10
LI-Small,18051,4,0.7329842931937173,0.18518518518518517,0.2956705385427666,0.0,0.0,5.551115123125783e-17,0.7329842931937173,0.18518518518518517,0.29567053854276665,0.0,0.0,0.0,0.0,8,GOOD,29,11,30,30,27,10,27,10
LI-Small,18051,5,0.7329842931937173,0.18518518518518517,0.2956705385427666,0.0,0.0,5.551115123125783e-17,0.7329842931937173,0.18518518518518517,0.29567053854276665,0.0,0.0,0.0,0.0,8,GOOD,29,11,30,30,27,10,27,10
LI-Small,18051,6,0.7329842931937173,0.18518518518518517,0.2956705385427666,0.0,0.0,5.551115123125783e-17,0.7329842931937173,0.18518518518518517,0.29567053854276665,0.0,0.0,0.0,0.0,8,GOOD,29,11,30,30,27,10,27,10
LI-Small,18051,7,0.7329842931937173,0.18518518518518517,0.2956705385427666,0.0,0.0,5.551115123125783e-17,0.7329842931937173,0.18518518518518517,0.29567053854276665,0.0,0.0,0.0,0.0,8,GOOD,29,11,30,30,27,10,27,10
LI-Small,18051,8,0.7329842931937173,0.18518518518518517,0.2956705385427666,0.0,0.0,5.551115123125783e-17,0.7329842931937173,0.18518518518518517,0.29567053854276665,0.0,0.0,0.0,0.0,8,GOOD,29,11,30,30,27,10,27,10
LI-Small,18051,9,0.7329842931937173,0.18518518518518517,0.2956705385427666,0.0,0.0,5.551115123125783e-17,0.7329842931937173,0.18518518518518517,0.29567053854276665,0.0,0.0,0.0,0.0,8,GOOD,29,11,30,30,27,10,27,10
LI-Small,18051,10,0.7329842931937173,0.18518518518518517,0.2956705385427666,0.0,0.0,5.551115123125783e-17,0.7329842931937173,0.18518518518518517,0.29567053854276665,0.0,0.0,0.0,0.0,8,GOOD,29,11,30,30,27,10,27,10
LI-Small,18051,11,0.7329842931937173,0.18518518518518517,0.2956705385427666,0.0,0.0,5.551115123125783e-17,0.7329842931937173,0.18518518518518517,0.29567053854276665,0.0,0.0,0.0,0.0,8,GOOD,29,11,30,30,27,10,27,10
LI-Small,18051,12,0.7329842931937173,0.18518518518518517,0.2956705385427666,0.0,0.0,5.551115123125783e-17,0.7329842931937173,0.18518518518518517,0.29567053854276665,0.0,0.0,0.0,0.0,8,GOOD,29,11,30,30,27,10,27,10
LI-Small,18051,13,0.7329842931937173,0.18518518518518517,0.2956705385427666,0.0,0.0,5.551115123125783e-17,0.7329842931937173,0.18518518518518517,0.29567053854276665,0.0,0.0,0.0,0.0,8,GOOD,29,11,30,30,27,10,27,10
LI-Small,18051,14,0.7329842931937173,0.18518518518518517,0.2956705385427666,0.0,0.0,5.551115123125783e-17,0.7329842931937173,0.18518518518518517,0.29567053854276665,0.0,0.0,0.0,0.0,8,GOOD,29,11,30,30,27,10,27,10
LI-Small,18051,15,0.7329842931937173,0.18518518518518517,0.2956705385427666,0.0,0.0,5.551115123125783e-17,0.7329842931937173,0.18518518518518517,0.29567053854276665,0.0,0.0,0.0,0.0,8,GOOD,29,11,30,30,27,10,27,10
LI-Small,18051,16,0.7329842931937173,0.18518518518518517,0.2956705385427666,0.0,0.0,5.551115123125783e-17,0.7329842931937173,0.18518518518518517,0.29567053854276665,0.0,0.0,0.0,0.0,8,GOOD,29,11,30,30,27,10,27,10
LI-Small,18051,17,0.7329842931937173,0.18518518518518517,0.2956705385427666,0.0,0.0,5.551115123125783e-17,0.7329842931937173,0.18518518518518517,0.29567053854276665,0.0,0.0,0.0,0.0,8,GOOD,29,11,30,30,27,10,27,10
LI-Small,18051,18,0.7329842931937173,0.18518518518518517,0.2956705385427666,0.0,0.0,5.551115123125783e-17,0.7329842931937173,0.18518518518518517,0.29567053854276665,0.0,0.0,0.0,0.0,8,GOOD,29,11,30,30,27,10,27,10
LI-Small,18051,19,0.7329842931937173,0.18518518518518517,0.2956705385427666,0.0,0.0,5.551115123125783e-17,0.7329842931937173,0.18518518518518517,0.29567053854276665,0.0,0.0,0.0,0.0,8,GOOD,29,11,30,30,27,10,27,10
LI-Small,18051,20,0.7329842931937173,0.18518518518518517,0.2956705385427666,0.0,0.0,5.551115123125783e-17,0.7329842931937173,0.18518518518518517,0.29567053854276665,0.0,0.0,0.0,0.0,8,GOOD,29,11,30,30,27,10,27,10
LI-Small,18051,21,0.7329842931937173,0.18518518518518517,0.2956705385427666,0.0,0.0,5.551115123125783e-17,0.7329842931937173,0.18518518518518517,0.29567053854276665,0.0,0.0,0.0,0.0,8,GOOD,29,11,30,30,27,10,27,10
LI-Small,18051,22,0.7329842931937173,0.18518518518518517,0.2956705385427666,0.0,0.0,5.551115123125783e-17,0.7329842931937173,0.18518518518518517,0.29567053854276665,0.0,0.0,0.0,0.0,8,GOOD,29,11,30,30,27,10,27,10
LI-Small,18051,23,0.7329842931937173,0.18518518518518517,0.2956705385427666,0.0,0.0,5.551115123125783e-17,0.7329842931937173,0.18518518518518517,0.29567053854276665,0.0,0.0,0.0,0.0,8,GOOD,29,11,30,30,27,10,27,10
LI-Small,18051,24,0.7329842931937173,0.18518518518518517,0.2956705385427666,0.0,0.0,5.551115123125783e-17,0.7329842931937173,0.18518518518518517,0.29567053854276665,0.0,0.0,0.0,0.0,8,GOOD,29,11,30,30,27,10,27,10
LI-Small,18051,25,0.7329842931937173,0.18518518518518517,0.2956705385427666,0.0,0.0,5.551115123125783e-17,0.7329842931937173,0.18518518518518517,0.29567053854276665,0.0,0.0,0.0,0.0,8,GOOD,29,11,30,30,27,10,27,10
LI-Small,18051,26,0.7329842931937173,0.18518518518518517,0.2956705385427666,0.0,0.0,5.551115123125783e-17,0.7329842931937173,0.18518518518518517,0.29567053854276665,0.0,0.0,0.0,0.0,8,GOOD,29,11,30,30,27,10,27,10
LI-Small,18051,27,0.7329842931937173,0.18518518518518517,0.2956705385427666,0.0,0.0,5.551115123125783e-17,0.7329842931937173,0.18518518518518517,0.29567053854276665,0.0,0.0,0.0,0.0,8,GOOD,29,11,30,30,27,10,27,10
LI-Small,18051,28,0.7329842931937173,0.18518518518518517,0.2956705385427666,0.0,0.0,5.551115123125783e-17,0.7329842931937173,0.18518518518518517,0.29567053854276665,0.0,0.0,0.0,0.0,8,GOOD,29,11,30,30,27,10,27,10
LI-Small,18051,29,0.7329842931937173,0.18518518518518517,0.2956705385427666,0.0,0.0,5.551115123125783e-17,0.7329842931937173,0.18518518518518517,0.29567053854276665,0.0,0.0,0.0,0.0,8,GOOD,29,11,30,30,27,10,27,10
LI-Small,18051,30,0.7329842931937173,0.18518518518518517,0.2956705385427666,0.0,0.0,5.551115123125783e-17,0.7329842931937173,0.18518518518518517,0.29567053854276665,0.0,0.0,0.0,0.0,8,GOOD,29,11,30,30,27,10,27,10
LI-Small,18051,31,0.7329842931937173,0.18518518518518517,0.2956705385427666,0.0,0.0,5.551115123125783e-17,0.7329842931937173,0.18518518518518517,0.29567053854276665,0.0,0.0,0.0,0.0,8,GOOD,29,11,30,30,27,10,27,10
LI-Small,18051,32,0.7329842931937173,0.18518518518518517,0.2956705385427666,0.0,0.0,5.551115123125783e-17,0.7329842931937173,0.18518518518518517,0.29567053854276665,0.0,0.0,0.0,0.0,8,GOOD,29,11,30,30,27,10,27,10
LI-Small,18051,33,0.7329842931937173,0.18518518518518517,0.2956705385427666,0.0,0.0,5.551115123125783e-17,0.7329842931937173,0.18518518518518517,0.29567053854276665,0.0,0.0,0.0,0.0,8,GOOD,29,11,30,30,27,10,27,10
LI-Small,18051,34,0.7329842931937173,0.18518518518518517,0.2956705385427666,0.0,0.0,5.551115123125783e-17,0.7329842931937173,0.18518518518518517,0.29567053854276665,0.0,0.0,0.0,0.0,8,GOOD,29,11,30,30,27,10,27,10
LI-Small,18051,35,0.7329842931937173,0.18518518518518517,0.2956705385427666,0.0,0.0,5.551115123125783e-17,0.7329842931937173,0.18518518518518517,0.29567053854276665,0.0,0.0,0.0,0.0,8,GOOD,29,11,30,30,27,10,27,10
LI-Small,18051,36,0.7329842931937173,0.18518518518518517,0.2956705385427666,0.0,0.0,5.551115123125783e-17,0.7329842931937173,0.18518518518518517,0.29567053854276665,0.0,0.0,0.0,0.0,8,GOOD,29,11,30,30,27,10,27,10
LI-Small,18051,37,0.7329842931937173,0.18518518518518517,0.2956705385427666,0.0,0.0,5.551115123125783e-17,0.7329842931937173,0.18518518518518517,0.29567053854276665,0.0,0.0,0.0,0.0,8,GOOD,29,11,30,30,27,10,27,10
LI-Small,18051,38,0.7329842931937173,0.18518518518518517,0.2956705385427666,0.0,0.0,5.551115123125783e-17,0.7329842931937173,0.18518518518518517,0.29567053854276665,0.0,0.0,0.0,0.0,8,GOOD,29,11,30,30,27,10,27,10
LI-Small,18051,39,0.7329842931937173,0.18518518518518517,0.2956705385427666,0.0,0.0,5.551115123125783e-17,0.7329842931937173,0.18518518518518517,0.29567053854276665,0.0,0.0,0.0,0.0,8,GOOD,29,11,30,30,27,10,27,10
LI-Small,18051,40,0.7329842931937173,0.18518518518518517,0.2956705385427666,0.0,0.0,5.551115123125783e-17,0.7329842931937173,0.18518518518518517,0.29567053854276665,0.0,0.0,0.0,0.0,8,GOOD,29,11,30,30,27,10,27,10
LI-Small,18051,41,0.7329842931937173,0.18518518518518517,0.2956705385427666,0.0,0.0,5.551115123125783e-17,0.7329842931937173,0.18518518518518517,0.29567053854276665,0.0,0.0,0.0,0.0,8,GOOD,29,11,30,30,27,10,27,10
LI-Small,18051,42,0.7329842931937173,0.18518518518518517,0.2956705385427666,0.0,0.0,5.551115123125783e-17,0.7329842931937173,0.18518518518518517,0.29567053854276665,0.0,0.0,0.0,0.0,8,GOOD,29,11,30,30,27,10,27,10
LI-Small,18051,43,0.7329842931937173,0.18518518518518517,0.2956705385427666,0.0,0.0,5.551115123125783e-17,0.7329842931937173,0.18518518518518517,0.29567053854276665,0.0,0.0,0.0,0.0,8,GOOD,29,11,30,30,27,10,27,10
LI-Small,18051,44,0.7329842931937173,0.18518518518518517,0.2956705385427666,0.0,0.0,5.551115123125783e-17,0.7329842931937173,0.18518518518518517,0.29567053854276665,0.0,0.0,0.0,0.0,8,GOOD,29,11,30,30,27,10,27,10
LI-Small,18051,45,0.7329842931937173,0.18518518518518517,0.2956705385427666,0.0,0.0,5.551115123125783e-17,0.7329842931937173,0.18518518518518517,0.29567053854276665,0.0,0.0,0.0,0.0,8,GOOD,29,11,30,30,27,10,27,10
LI-Small,18051,46,0.7329842931937173,0.18518518518518517,0.2956705385427666,0.0,0.0,5.551115123125783e-17,0.7329842931937173,0.18518518518518517,0.29567053854276665,0.0,0.0,0.0,0.0,8,GOOD,29,11,30,30,27,10,27,10
LI-Small,18051,47,0.7329842931937173,0.18518518518518517,0.2956705385427666,0.0,0.0,5.551115123125783e-17,0.7329842931937173,0.18518518518518517,0.29567053854276665,0.0,0.0,0.0,0.0,8,GOOD,29,11,30,30,27,10,27,10
LI-Small,18051,48,0.7329842931937173,0.18518518518518517,0.2956705385427666,0.0,0.0,5.551115123125783e-17,0.7329842931937173,0.18518518518518517,0.29567053854276665,0.0,0.0,0.0,0.0,8,GOOD,29,11,30,30,27,10,27,10
LI-Small,18051,49,0.7329842931937173,0.18518518518518517,0.2956705385427666,0.0,0.0,5.551115123125783e-17,0.7329842931937173,0.18518518518518517,0.29567053854276665,0.0,0.0,0.0,0.0,8,GOOD,29,11,30,30,27,10,27,10
LI-Small,33553,0,0.7329842931937173,0.18518518518518517,0.2956705385427666,0.0,0.0,5.551115123125783e-17,0.7329842931937173,0.18518518518518517,0.29567053854276665,0.0,0.0,0.0,0.0,8,GOOD,29,11,30,30,27,10,27,10
LI-Small,33553,1,0.7329842931937173,0.18518518518518517,0.2956705385427666,0.0,0.0,5.551115123125783e-17,0.7329842931937173,0.18518518518518517,0.29567053854276665,0.0,0.0,0.0,0.0,8,GOOD,29,11,30,30,27,10,27,10
LI-Small,33553,2,0.7329842931937173,0.18518518518518517,0.2956705385427666,0.0,0.0,5.551115123125783e-17,0.7329842931937173,0.18518518518518517,0.29567053854276665,0.0,0.0,0.0,0.0,8,GOOD,29,11,30,30,27,10,27,10
LI-Small,33553,3,0.7329842931937173,0.18518518518518517,0.2956705385427666,0.0,0.0,5.551115123125783e-17,0.7329842931937173,0.18518518518518517,0.29567053854276665,0.0,0.0,0.0,0.0,8,GOOD,29,11,30,30,27,10,27,10
LI-Small,33553,4,0.7329842931937173,0.18518518518518517,0.2956705385427666,0.0,0.0,5.551115123125783e-17,0.7329842931937173,0.18518518518518517,0.29567053854276665,0.0,0.0,0.0,0.0,8,GOOD,29,11,30,30,27,10,27,10
LI-Small,33553,5,0.7329842931937173,0.18518518518518517,0.2956705385427666,0.0,0.0,5.551115123125783e-17,0.7329842931937173,0.18518518518518517,0.29567053854276665,0.0,0.0,0.0,0.0,8,GOOD,29,11,30,30,27,10,27,10
LI-Small,33553,6,0.7329842931937173,0.18518518518518517,0.2956705385427666,0.0,0.0,5.551115123125783e-17,0.7329842931937173,0.18518518518518517,0.29567053854276665,0.0,0.0,0.0,0.0,8,GOOD,29,11,30,30,27,10,27,10
LI-Small,33553,7,0.7329842931937173,0.18518518518518517,0.2956705385427666,0.0,0.0,5.551115123125783e-17,0.7329842931937173,0.18518518518518517,0.29567053854276665,0.0,0.0,0.0,0.0,8,GOOD,29,11,30,30,27,10,27,10
LI-Small,33553,8,0.7329842931937173,0.18518518518518517,0.2956705385427666,0.0,0.0,5.551115123125783e-17,0.7329842931937173,0.18518518518518517,0.29567053854276665,0.0,0.0,0.0,0.0,8,GOOD,29,11,30,30,27,10,27,10
LI-Small,33553,9,0.7329842931937173,0.18518518518518517,0.2956705385427666,0.0,0.0,5.551115123125783e-17,0.7329842931937173,0.18518518518518517,0.29567053854276665,0.0,0.0,0.0,0.0,8,GOOD,29,11,30,30,27,10,27,10
LI-Small,33553,10,0.7329842931937173,0.18518518518518517,0.2956705385427666,0.0,0.0,5.551115123125783e-17,0.7329842931937173,0.18518518518518517,0.29567053854276665,0.0,0.0,0.0,0.0,8,GOOD,29,11,30,30,27,10,27,10
LI-Small,33553,11,0.7329842931937173,0.18518518518518517,0.2956705385427666,0.0,0.0,5.551115123125783e-17,0.7329842931937173,0.18518518518518517,0.29567053854276665,0.0,0.0,0.0,0.0,8,GOOD,29,11,30,30,27,10,27,10
LI-Small,33553,12,0.7329842931937173,0.18518518518518517,0.2956705385427666,0.0,0.0,5.551115123125783e-17,0.7329842931937173,0.18518518518518517,0.29567053854276665,0.0,0.0,0.0,0.0,8,GOOD,29,11,30,30,27,10,27,10
LI-Small,33553,13,0.7329842931937173,0.18518518518518517,0.2956705385427666,0.0,0.0,5.551115123125783e-17,0.7329842931937173,0.18518518518518517,0.29567053854276665,0.0,0.0,0.0,0.0,8,GOOD,29,11,30,30,27,10,27,10
LI-Small,33553,14,0.7329842931937173,0.18518518518518517,0.2956705385427666,0.0,0.0,5.551115123125783e-17,0.7329842931937173,0.18518518518518517,0.29567053854276665,0.0,0.0,0.0,0.0,8,GOOD,29,11,30,30,27,10,27,10
LI-Small,33553,15,0.7329842931937173,0.18518518518518517,0.2956705385427666,0.0,0.0,5.551115123125783e-17,0.7329842931937173,0.18518518518518517,0.29567053854276665,0.0,0.0,0.0,0.0,8,GOOD,29,11,30,30,27,10,27,10
LI-Small,33553,16,0.7329842931937173,0.18518518518518517,0.2956705385427666,0.0,0.0,5.551115123125783e-17,0.7329842931937173,0.18518518518518517,0.29567053854276665,0.0,0.0,0.0,0.0,8,GOOD,29,11,30,30,27,10,27,10
LI-Small,33553,17,0.7329842931937173,0.18518518518518517,0.2956705385427666,0.0,0.0,5.551115123125783e-17,0.7329842931937173,0.18518518518518517,0.29567053854276665,0.0,0.0,0.0,0.0,8,GOOD,29,11,30,30,27,10,27,10
LI-Small,33553,18,0.7329842931937173,0.18518518518518517,0.2956705385427666,0.0,0.0,5.551115123125783e-17,0.7329842931937173,0.18518518518518517,0.29567053854276665,0.0,0.0,0.0,0.0,8,GOOD,29,11,30,30,27,10,27,10
LI-Small,33553,19,0.7329842931937173,0.18518518518518517,0.2956705385427666,0.0,0.0,5.551115123125783e-17,0.7329842931937173,0.18518518518518517,0.29567053854276665,0.0,0.0,0.0,0.0,8,GOOD,29,11,30,30,27,10,27,10
LI-Small,33553,20,0.7329842931937173,0.18518518518518517,0.2956705385427666,0.0,0.0,5.551115123125783e-17,0.7329842931937173,0.18518518518518517,0.29567053854276665,0.0,0.0,0.0,0.0,8,GOOD,29,11,30,30,27,10,27,10
LI-Small,33553,21,0.7329842931937173,0.18518518518518517,0.2956705385427666,0.0,0.0,5.551115123125783e-17,0.7329842931937173,0.18518518518518517,0.29567053854276665,0.0,0.0,0.0,0.0,8,GOOD,29,11,30,30,27,10,27,10
LI-Small,33553,22,0.7329842931937173,0.18518518518518517,0.2956705385427666,0.0,0.0,5.551115123125783e-17,0.7329842931937173,0.18518518518518517,0.29567053854276665,0.0,0.0,0.0,0.0,8,GOOD,29,11,30,30,27,10,27,10
LI-Small,33553,23,0.7329842931937173,0.18518518518518517,0.2956705385427666,0.0,0.0,5.551115123125783e-17,0.7329842931937173,0.18518518518518517,0.29567053854276665,0.0,0.0,0.0,0.0,8,GOOD,29,11,30,30,27,10,27,10
LI-Small,33553,24,0.7329842931937173,0.18518518518518517,0.2956705385427666,0.0,0.0,5.551115123125783e-17,0.7329842931937173,0.18518518518518517,0.29567053854276665,0.0,0.0,0.0,0.0,8,GOOD,29,11,30,30,27,10,27,10
LI-Small,33553,25,0.7329842931937173,0.18518518518518517,0.2956705385427666,0.0,0.0,5.551115123125783e-17,0.7329842931937173,0.18518518518518517,0.29567053854276665,0.0,0.0,0.0,0.0,8,GOOD,29,11,30,30,27,10,27,10
LI-Small,33553,26,0.7329842931937173,0.18518518518518517,0.2956705385427666,0.0,0.0,5.551115123125783e-17,0.7329842931937173,0.18518518518518517,0.29567053854276665,0.0,0.0,0.0,0.0,8,GOOD,29,11,30,30,27,10,27,10
LI-Small,33553,27,0.7329842931937173,0.18518518518518517,0.2956705385427666,0.0,0.0,5.551115123125783e-17,0.7329842931937173,0.18518518518518517,0.29567053854276665,0.0,0.0,0.0,0.0,8,GOOD,29,11,30,30,27,10,27,10
LI-Small,33553,28,0.7329842931937173,0.18518518518518517,0.2956705385427666,0.0,0.0,5.551115123125783e-17,0.7329842931937173,0.18518518518518517,0.29567053854276665,0.0,0.0,0.0,0.0,8,GOOD,29,11,30,30,27,10,27,10
LI-Small,33553,29,0.7329842931937173,0.18518518518518517,0.2956705385427666,0.0,0.0,5.551115123125783e-17,0.7329842931937173,0.18518518518518517,0.29567053854276665,0.0,0.0,0.0,0.0,8,GOOD,29,11,30,30,27,10,27,10
LI-Small,33553,30,0.7329842931937173,0.18518518518518517,0.2956705385427666,0.0,0.0,5.551115123125783e-17,0.7329842931937173,0.18518518518518517,0.29567053854276665,0.0,0.0,0.0,0.0,8,GOOD,29,11,30,30,27,10,27,10
LI-Small,33553,31,0.7329842931937173,0.18518518518518517,0.2956705385427666,0.0,0.0,5.551115123125783e-17,0.7329842931937173,0.18518518518518517,0.29567053854276665,0.0,0.0,0.0,0.0,8,GOOD,29,11,30,30,27,10,27,10
LI-Small,33553,32,0.7329842931937173,0.18518518518518517,0.2956705385427666,0.0,0.0,5.551115123125783e-17,0.7329842931937173,0.18518518518518517,0.29567053854276665,0.0,0.0,0.0,0.0,8,GOOD,29,11,30,30,27,10,27,10
LI-Small,33553,33,0.7329842931937173,0.18518518518518517,0.2956705385427666,0.0,0.0,5.551115123125783e-17,0.7329842931937173,0.18518518518518517,0.29567053854276665,0.0,0.0,0.0,0.0,8,GOOD,29,11,30,30,27,10,27,10
LI-Small,33553,34,0.7329842931937173,0.18518518518518517,0.2956705385427666,0.0,0.0,5.551115123125783e-17,0.7329842931937173,0.18518518518518517,0.29567053854276665,0.0,0.0,0.0,0.0,8,GOOD,29,11,30,30,27,10,27,10
LI-Small,33553,35,0.7329842931937173,0.18518518518518517,0.2956705385427666,0.0,0.0,5.551115123125783e-17,0.7329842931937173,0.18518518518518517,0.29567053854276665,0.0,0.0,0.0,0.0,8,GOOD,29,11,30,30,27,10,27,10
LI-Small,33553,36,0.7329842931937173,0.18518518518518517,0.2956705385427666,0.0,0.0,5.551115123125783e-17,0.7329842931937173,0.18518518518518517,0.29567053854276665,0.0,0.0,0.0,0.0,8,GOOD,29,11,30,30,27,10,27,10
LI-Small,33553,37,0.7329842931937173,0.18518518518518517,0.2956705385427666,0.0,0.0,5.551115123125783e-17,0.7329842931937173,0.18518518518518517,0.29567053854276665,0.0,0.0,0.0,0.0,8,GOOD,29,11,30,30,27,10,27,10
LI-Small,33553,38,0.7329842931937173,0.18518518518518517,0.2956705385427666,0.0,0.0,5.551115123125783e-17,0.7329842931937173,0.18518518518518517,0.29567053854276665,0.0,0.0,0.0,0.0,8,GOOD,29,11,30,30,27,10,27,10
LI-Small,33553,39,0.7329842931937173,0.18518518518518517,0.2956705385427666,0.0,0.0,5.551115123125783e-17,0.7329842931937173,0.18518518518518517,0.29567053854276665,0.0,0.0,0.0,0.0,8,GOOD,29,11,30,30,27,10,27,10
LI-Small,33553,40,0.7329842931937173,0.18518518518518517,0.2956705385427666,0.0,0.0,5.551115123125783e-17,0.7329842931937173,0.18518518518518517,0.29567053854276665,0.0,0.0,0.0,0.0,8,GOOD,29,11,30,30,27,10,27,10
LI-Small,33553,41,0.7329842931937173,0.18518518518518517,0.2956705385427666,0.0,0.0,5.551115123125783e-17,0.7329842931937173,0.18518518518518517,0.29567053854276665,0.0,0.0,0.0,0.0,8,GOOD,29,11,30,30,27,10,27,10
LI-Small,33553,42,0.7329842931937173,0.18518518518518517,0.2956705385427666,0.0,0.0,5.551115123125783e-17,0.7329842931937173,0.18518518518518517,0.29567053854276665,0.0,0.0,0.0,0.0,8,GOOD,29,11,30,30,27,10,27,10
LI-Small,33553,43,0.7329842931937173,0.18518518518518517,0.2956705385427666,0.0,0.0,5.551115123125783e-17,0.7329842931937173,0.18518518518518517,0.29567053854276665,0.0,0.0,0.0,0.0,8,GOOD,29,11,30,30,27,10,27,10
LI-Small,33553,44,0.7329842931937173,0.18518518518518517,0.2956705385427666,0.0,0.0,5.551115123125783e-17,0.7329842931937173,0.18518518518518517,0.29567053854276665,0.0,0.0,0.0,0.0,8,GOOD,29,11,30,30,27,10,27,10
LI-Small,33553,45,0.7329842931937173,0.18518518518518517,0.2956705385427666,0.0,0.0,5.551115123125783e-17,0.7329842931937173,0.18518518518518517,0.29567053854276665,0.0,0.0,0.0,0.0,8,GOOD,29,11,30,30,27,10,27,10
LI-Small,33553,46,0.7329842931937173,0.18518518518518517,0.2956705385427666,0.0,0.0,5.551115123125783e-17,0.7329842931937173,0.18518518518518517,0.29567053854276665,0.0,0.0,0.0,0.0,8,GOOD,29,11,30,30,27,10,27,10
LI-Small,33553,47,0.7329842931937173,0.18518518518518517,0.2956705385427666,0.0,0.0,5.551115123125783e-17,0.7329842931937173,0.18518518518518517,0.29567053854276665,0.0,0.0,0.0,0.0,8,GOOD,29,11,30,30,27,10,27,10
LI-Small,33553,48,0.7329842931937173,0.18518518518518517,0.2956705385427666,0.0,0.0,5.551115123125783e-17,0.7329842931937173,0.18518518518518517,0.29567053854276665,0.0,0.0,0.0,0.0,8,GOOD,29,11,30,30,27,10,27,10
LI-Small,33553,49,0.7329842931937173,0.18518518518518517,0.2956705385427666,0.0,0.0,5.551115123125783e-17,0.7329842931937173,0.18518518518518517,0.29567053854276665,0.0,0.0,0.0,0.0,8,GOOD,29,11,30,30,27,10,27,10
LI-Small,62369,0,0.7329842931937173,0.18518518518518517,0.2956705385427666,0.0,0.0,5.551115123125783e-17,0.7329842931937173,0.18518518518518517,0.29567053854276665,0.0,0.0,0.0,0.0,8,GOOD,29,11,30,30,27,10,27,10
LI-Small,62369,1,0.7329842931937173,0.18518518518518517,0.2956705385427666,0.0,0.0,5.551115123125783e-17,0.7329842931937173,0.18518518518518517,0.29567053854276665,0.0,0.0,0.0,0.0,8,GOOD,29,11,30,30,27,10,27,10
LI-Small,62369,2,0.7329842931937173,0.18518518518518517,0.2956705385427666,0.0,0.0,5.551115123125783e-17,0.7329842931937173,0.18518518518518517,0.29567053854276665,0.0,0.0,0.0,0.0,8,GOOD,29,11,30,30,27,10,27,10
LI-Small,62369,3,0.7329842931937173,0.18518518518518517,0.2956705385427666,0.0,0.0,5.551115123125783e-17,0.7329842931937173,0.18518518518518517,0.29567053854276665,0.0,0.0,0.0,0.0,8,GOOD,29,11,30,30,27,10,27,10
LI-Small,62369,4,0.7329842931937173,0.18518518518518517,0.2956705385427666,0.0,0.0,5.551115123125783e-17,0.7329842931937173,0.18518518518518517,0.29567053854276665,0.0,0.0,0.0,0.0,8,GOOD,29,11,30,30,27,10,27,10
LI-Small,62369,5,0.7329842931937173,0.18518518518518517,0.2956705385427666,0.0,0.0,5.551115123125783e-17,0.7329842931937173,0.18518518518518517,0.29567053854276665,0.0,0.0,0.0,0.0,8,GOOD,29,11,30,30,27,10,27,10
LI-Small,62369,6,0.7329842931937173,0.18518518518518517,0.2956705385427666,0.0,0.0,5.551115123125783e-17,0.7329842931937173,0.18518518518518517,0.29567053854276665,0.0,0.0,0.0,0.0,8,GOOD,29,11,30,30,27,10,27,10
LI-Small,62369,7,0.7329842931937173,0.18518518518518517,0.2956705385427666,0.0,0.0,5.551115123125783e-17,0.7329842931937173,0.18518518518518517,0.29567053854276665,0.0,0.0,0.0,0.0,8,GOOD,29,11,30,30,27,10,27,10
LI-Small,62369,8,0.7329842931937173,0.18518518518518517,0.2956705385427666,0.0,0.0,5.551115123125783e-17,0.7329842931937173,0.18518518518518517,0.29567053854276665,0.0,0.0,0.0,0.0,8,GOOD,29,11,30,30,27,10,27,10
LI-Small,62369,9,0.7329842931937173,0.18518518518518517,0.2956705385427666,0.0,0.0,5.551115123125783e-17,0.7329842931937173,0.18518518518518517,0.29567053854276665,0.0,0.0,0.0,0.0,8,GOOD,29,11,30,30,27,10,27,10
LI-Small,62369,10,0.7329842931937173,0.18518518518518517,0.2956705385427666,0.0,0.0,5.551115123125783e-17,0.7329842931937173,0.18518518518518517,0.29567053854276665,0.0,0.0,0.0,0.0,8,GOOD,29,11,30,30,27,10,27,10
LI-Small,62369,11,0.7329842931937173,0.18518518518518517,0.2956705385427666,0.0,0.0,5.551115123125783e-17,0.7329842931937173,0.18518518518518517,0.29567053854276665,0.0,0.0,0.0,0.0,8,GOOD,29,11,30,30,27,10,27,10
LI-Small,62369,12,0.7329842931937173,0.18518518518518517,0.2956705385427666,0.0,0.0,5.551115123125783e-17,0.7329842931937173,0.18518518518518517,0.29567053854276665,0.0,0.0,0.0,0.0,8,GOOD,29,11,30,30,27,10,27,10
LI-Small,62369,13,0.7329842931937173,0.18518518518518517,0.2956705385427666,0.0,0.0,5.551115123125783e-17,0.7329842931937173,0.18518518518518517,0.29567053854276665,0.0,0.0,0.0,0.0,8,GOOD,29,11,30,30,27,10,27,10
LI-Small,62369,14,0.7329842931937173,0.18518518518518517,0.2956705385427666,0.0,0.0,5.551115123125783e-17,0.7329842931937173,0.18518518518518517,0.29567053854276665,0.0,0.0,0.0,0.0,8,GOOD,29,11,30,30,27,10,27,10
LI-Small,62369,15,0.7329842931937173,0.18518518518518517,0.2956705385427666,0.0,0.0,5.551115123125783e-17,0.7329842931937173,0.18518518518518517,0.29567053854276665,0.0,0.0,0.0,0.0,8,GOOD,29,11,30,30,27,10,27,10
LI-Small,62369,16,0.7329842931937173,0.18518518518518517,0.2956705385427666,0.0,0.0,5.551115123125783e-17,0.7329842931937173,0.18518518518518517,0.29567053854276665,0.0,0.0,0.0,0.0,8,GOOD,29,11,30,30,27,10,27,10
LI-Small,62369,17,0.7329842931937173,0.18518518518518517,0.2956705385427666,0.0,0.0,5.551115123125783e-17,0.7329842931937173,0.18518518518518517,0.29567053854276665,0.0,0.0,0.0,0.0,8,GOOD,29,11,30,30,27,10,27,10
LI-Small,62369,18,0.7329842931937173,0.18518518518518517,0.2956705385427666,0.0,0.0,5.551115123125783e-17,0.7329842931937173,0.18518518518518517,0.29567053854276665,0.0,0.0,0.0,0.0,8,GOOD,29,11,30,30,27,10,27,10
LI-Small,62369,19,0.7329842931937173,0.18518518518518517,0.2956705385427666,0.0,0.0,5.551115123125783e-17,0.7329842931937173,0.18518518518518517,0.29567053854276665,0.0,0.0,0.0,0.0,8,GOOD,29,11,30,30,27,10,27,10
LI-Small,62369,20,0.7329842931937173,0.18518518518518517,0.2956705385427666,0.0,0.0,5.551115123125783e-17,0.7329842931937173,0.18518518518518517,0.29567053854276665,0.0,0.0,0.0,0.0,8,GOOD,29,11,30,30,27,10,27,10
LI-Small,62369,21,0.7329842931937173,0.18518518518518517,0.2956705385427666,0.0,0.0,5.551115123125783e-17,0.7329842931937173,0.18518518518518517,0.29567053854276665,0.0,0.0,0.0,0.0,8,GOOD,29,11,30,30,27,10,27,10
LI-Small,62369,22,0.7329842931937173,0.18518518518518517,0.2956705385427666,0.0,0.0,5.551115123125783e-17,0.7329842931937173,0.18518518518518517,0.29567053854276665,0.0,0.0,0.0,0.0,8,GOOD,29,11,30,30,27,10,27,10
LI-Small,62369,23,0.7329842931937173,0.18518518518518517,0.2956705385427666,0.0,0.0,5.551115123125783e-17,0.7329842931937173,0.18518518518518517,0.29567053854276665,0.0,0.0,0.0,0.0,8,GOOD,29,11,30,30,27,10,27,10
LI-Small,62369,24,0.7329842931937173,0.18518518518518517,0.2956705385427666,0.0,0.0,5.551115123125783e-17,0.7329842931937173,0.18518518518518517,0.29567053854276665,0.0,0.0,0.0,0.0,8,GOOD,29,11,30,30,27,10,27,10
LI-Small,62369,25,0.7329842931937173,0.18518518518518517,0.2956705385427666,0.0,0.0,5.551115123125783e-17,0.7329842931937173,0.18518518518518517,0.29567053854276665,0.0,0.0,0.0,0.0,8,GOOD,29,11,30,30,27,10,27,10
LI-Small,62369,26,0.7329842931937173,0.18518518518518517,0.2956705385427666,0.0,0.0,5.551115123125783e-17,0.7329842931937173,0.18518518518518517,0.29567053854276665,0.0,0.0,0.0,0.0,8,GOOD,29,11,30,30,27,10,27,10
LI-Small,62369,27,0.7329842931937173,0.18518518518518517,0.2956705385427666,0.0,0.0,5.551115123125783e-17,0.7329842931937173,0.18518518518518517,0.29567053854276665,0.0,0.0,0.0,0.0,8,GOOD,29,11,30,30,27,10,27,10
LI-Small,62369,28,0.7329842931937173,0.18518518518518517,0.2956705385427666,0.0,0.0,5.551115123125783e-17,0.7329842931937173,0.18518518518518517,0.29567053854276665,0.0,0.0,0.0,0.0,8,GOOD,29,11,30,30,27,10,27,10
LI-Small,62369,29,0.7329842931937173,0.18518518518518517,0.2956705385427666,0.0,0.0,5.551115123125783e-17,0.7329842931937173,0.18518518518518517,0.29567053854276665,0.0,0.0,0.0,0.0,8,GOOD,29,11,30,30,27,10,27,10
LI-Small,62369,30,0.7329842931937173,0.18518518518518517,0.2956705385427666,0.0,0.0,5.551115123125783e-17,0.7329842931937173,0.18518518518518517,0.29567053854276665,0.0,0.0,0.0,0.0,8,GOOD,29,11,30,30,27,10,27,10
LI-Small,62369,31,0.7329842931937173,0.18518518518518517,0.2956705385427666,0.0,0.0,5.551115123125783e-17,0.7329842931937173,0.18518518518518517,0.29567053854276665,0.0,0.0,0.0,0.0,8,GOOD,29,11,30,30,27,10,27,10
LI-Small,62369,32,0.7329842931937173,0.18518518518518517,0.2956705385427666,0.0,0.0,5.551115123125783e-17,0.7329842931937173,0.18518518518518517,0.29567053854276665,0.0,0.0,0.0,0.0,8,GOOD,29,11,30,30,27,10,27,10
LI-Small,62369,33,0.7329842931937173,0.18518518518518517,0.2956705385427666,0.0,0.0,5.551115123125783e-17,0.7329842931937173,0.18518518518518517,0.29567053854276665,0.0,0.0,0.0,0.0,8,GOOD,29,11,30,30,27,10,27,10
LI-Small,62369,34,0.7329842931937173,0.18518518518518517,0.2956705385427666,0.0,0.0,5.551115123125783e-17,0.7329842931937173,0.18518518518518517,0.29567053854276665,0.0,0.0,0.0,0.0,8,GOOD,29,11,30,30,27,10,27,10
LI-Small,62369,35,0.7329842931937173,0.18518518518518517,0.2956705385427666,0.0,0.0,5.551115123125783e-17,0.7329842931937173,0.18518518518518517,0.29567053854276665,0.0,0.0,0.0,0.0,8,GOOD,29,11,30,30,27,10,27,10
LI-Small,62369,36,0.7329842931937173,0.18518518518518517,0.2956705385427666,0.0,0.0,5.551115123125783e-17,0.7329842931937173,0.18518518518518517,0.29567053854276665,0.0,0.0,0.0,0.0,8,GOOD,29,11,30,30,27,10,27,10
LI-Small,62369,37,0.7329842931937173,0.18518518518518517,0.2956705385427666,0.0,0.0,5.551115123125783e-17,0.7329842931937173,0.18518518518518517,0.29567053854276665,0.0,0.0,0.0,0.0,8,GOOD,29,11,30,30,27,10,27,10
LI-Small,62369,38,0.7329842931937173,0.18518518518518517,0.2956705385427666,0.0,0.0,5.551115123125783e-17,0.7329842931937173,0.18518518518518517,0.29567053854276665,0.0,0.0,0.0,0.0,8,GOOD,29,11,30,30,27,10,27,10
LI-Small,62369,39,0.7329842931937173,0.18518518518518517,0.2956705385427666,0.0,0.0,5.551115123125783e-17,0.7329842931937173,0.18518518518518517,0.29567053854276665,0.0,0.0,0.0,0.0,8,GOOD,29,11,30,30,27,10,27,10
LI-Small,62369,40,0.7329842931937173,0.18518518518518517,0.2956705385427666,0.0,0.0,5.551115123125783e-17,0.7329842931937173,0.18518518518518517,0.29567053854276665,0.0,0.0,0.0,0.0,8,GOOD,29,11,30,30,27,10,27,10
LI-Small,62369,41,0.7329842931937173,0.18518518518518517,0.2956705385427666,0.0,0.0,5.551115123125783e-17,0.7329842931937173,0.18518518518518517,0.29567053854276665,0.0,0.0,0.0,0.0,8,GOOD,29,11,30,30,27,10,27,10
LI-Small,62369,42,0.7329842931937173,0.18518518518518517,0.2956705385427666,0.0,0.0,5.551115123125783e-17,0.7329842931937173,0.18518518518518517,0.29567053854276665,0.0,0.0,0.0,0.0,8,GOOD,29,11,30,30,27,10,27,10
LI-Small,62369,43,0.7329842931937173,0.18518518518518517,0.2956705385427666,0.0,0.0,5.551115123125783e-17,0.7329842931937173,0.18518518518518517,0.29567053854276665,0.0,0.0,0.0,0.0,8,GOOD,29,11,30,30,27,10,27,10
LI-Small,62369,44,0.7329842931937173,0.18518518518518517,0.2956705385427666,0.0,0.0,5.551115123125783e-17,0.7329842931937173,0.18518518518518517,0.29567053854276665,0.0,0.0,0.0,0.0,8,GOOD,29,11,30,30,27,10,27,10
LI-Small,62369,45,0.7329842931937173,0.18518518518518517,0.2956705385427666,0.0,0.0,5.551115123125783e-17,0.7329842931937173,0.18518518518518517,0.29567053854276665,0.0,0.0,0.0,0.0,8,GOOD,29,11,30,30,27,10,27,10
LI-Small,62369,46,0.7329842931937173,0.18518518518518517,0.2956705385427666,0.0,0.0,5.551115123125783e-17,0.7329842931937173,0.18518518518518517,0.29567053854276665,0.0,0.0,0.0,0.0,8,GOOD,29,11,30,30,27,10,27,10
LI-Small,62369,47,0.7329842931937173,0.18518518518518517,0.2956705385427666,0.0,0.0,5.551115123125783e-17,0.7329842931937173,0.18518518518518517,0.29567053854276665,0.0,0.0,0.0,0.0,8,GOOD,29,11,30,30,27,10,27,10
LI-Small,62369,48,0.7329842931937173,0.18518518518518517,0.2956705385427666,0.0,0.0,5.551115123125783e-17,0.7329842931937173,0.18518518518518517,0.29567053854276665,0.0,0.0,0.0,0.0,8,GOOD,29,11,30,30,27,10,27,10
LI-Small,62369,49,0.7329842931937173,0.18518518518518517,0.2956705385427666,0.0,0.0,5.551115123125783e-17,0.7329842931937173,0.18518518518518517,0.29567053854276665,0.0,0.0,0.0,0.0,8,GOOD,29,11,30,30,27,10,27,10
LI-Small,115933,0,0.7329842931937173,0.18518518518518517,0.2956705385427666,0.0,0.0,5.551115123125783e-17,0.7329842931937173,0.18518518518518517,0.29567053854276665,0.0,0.0,0.0,0.0,8,GOOD,29,11,30,30,27,10,27,10
LI-Small,115933,1,0.7329842931937173,0.18518518518518517,0.2956705385427666,0.0,0.0,5.551115123125783e-17,0.7329842931937173,0.18518518518518517,0.29567053854276665,0.0,0.0,0.0,0.0,8,GOOD,29,11,30,30,27,10,27,10
LI-Small,115933,2,0.7329842931937173,0.18518518518518517,0.2956705385427666,0.0,0.0,5.551115123125783e-17,0.7329842931937173,0.18518518518518517,0.29567053854276665,0.0,0.0,0.0,0.0,8,GOOD,29,11,30,30,27,10,27,10
LI-Small,115933,3,0.7329842931937173,0.18518518518518517,0.2956705385427666,0.0,0.0,5.551115123125783e-17,0.7329842931937173,0.18518518518518517,0.29567053854276665,0.0,0.0,0.0,0.0,8,GOOD,29,11,30,30,27,10,27,10
LI-Small,115933,4,0.7329842931937173,0.18518518518518517,0.2956705385427666,0.0,0.0,5.551115123125783e-17,0.7329842931937173,0.18518518518518517,0.29567053854276665,0.0,0.0,0.0,0.0,8,GOOD,29,11,30,30,27,10,27,10
LI-Small,115933,5,0.7329842931937173,0.18518518518518517,0.2956705385427666,0.0,0.0,5.551115123125783e-17,0.7329842931937173,0.18518518518518517,0.29567053854276665,0.0,0.0,0.0,0.0,8,GOOD,29,11,30,30,27,10,27,10
LI-Small,115933,6,0.7329842931937173,0.18518518518518517,0.2956705385427666,0.0,0.0,5.551115123125783e-17,0.7329842931937173,0.18518518518518517,0.29567053854276665,0.0,0.0,0.0,0.0,8,GOOD,29,11,30,30,27,10,27,10
LI-Small,115933,7,0.7329842931937173,0.18518518518518517,0.2956705385427666,0.0,0.0,5.551115123125783e-17,0.7329842931937173,0.18518518518518517,0.29567053854276665,0.0,0.0,0.0,0.0,8,GOOD,29,11,30,30,27,10,27,10
LI-Small,115933,8,0.7329842931937173,0.18518518518518517,0.2956705385427666,0.0,0.0,5.551115123125783e-17,0.7329842931937173,0.18518518518518517,0.29567053854276665,0.0,0.0,0.0,0.0,8,GOOD,29,11,30,30,27,10,27,10
LI-Small,115933,9,0.7329842931937173,0.18518518518518517,0.2956705385427666,0.0,0.0,5.551115123125783e-17,0.7329842931937173,0.18518518518518517,0.29567053854276665,0.0,0.0,0.0,0.0,8,GOOD,29,11,30,30,27,10,27,10
LI-Small,115933,10,0.7329842931937173,0.18518518518518517,0.2956705385427666,0.0,0.0,5.551115123125783e-17,0.7329842931937173,0.18518518518518517,0.29567053854276665,0.0,0.0,0.0,0.0,8,GOOD,29,11,30,30,27,10,27,10
LI-Small,115933,11,0.7329842931937173,0.18518518518518517,0.2956705385427666,0.0,0.0,5.551115123125783e-17,0.7329842931937173,0.18518518518518517,0.29567053854276665,0.0,0.0,0.0,0.0,8,GOOD,29,11,30,30,27,10,27,10
LI-Small,115933,12,0.7329842931937173,0.18518518518518517,0.2956705385427666,0.0,0.0,5.551115123125783e-17,0.7329842931937173,0.18518518518518517,0.29567053854276665,0.0,0.0,0.0,0.0,8,GOOD,29,11,30,30,27,10,27,10
LI-Small,115933,13,0.7329842931937173,0.18518518518518517,0.2956705385427666,0.0,0.0,5.551115123125783e-17,0.7329842931937173,0.18518518518518517,0.29567053854276665,0.0,0.0,0.0,0.0,8,GOOD,29,11,30,30,27,10,27,10
LI-Small,115933,14,0.7329842931937173,0.18518518518518517,0.2956705385427666,0.0,0.0,5.551115123125783e-17,0.7329842931937173,0.18518518518518517,0.29567053854276665,0.0,0.0,0.0,0.0,8,GOOD,29,11,30,30,27,10,27,10
LI-Small,115933,15,0.7329842931937173,0.18518518518518517,0.2956705385427666,0.0,0.0,5.551115123125783e-17,0.7329842931937173,0.18518518518518517,0.29567053854276665,0.0,0.0,0.0,0.0,8,GOOD,29,11,30,30,27,10,27,10
LI-Small,115933,16,0.7329842931937173,0.18518518518518517,0.2956705385427666,0.0,0.0,5.551115123125783e-17,0.7329842931937173,0.18518518518518517,0.29567053854276665,0.0,0.0,0.0,0.0,8,GOOD,29,11,30,30,27,10,27,10
LI-Small,115933,17,0.7329842931937173,0.18518518518518517,0.2956705385427666,0.0,0.0,5.551115123125783e-17,0.7329842931937173,0.18518518518518517,0.29567053854276665,0.0,0.0,0.0,0.0,8,GOOD,29,11,30,30,27,10,27,10
LI-Small,115933,18,0.7329842931937173,0.18518518518518517,0.2956705385427666,0.0,0.0,5.551115123125783e-17,0.7329842931937173,0.18518518518518517,0.29567053854276665,0.0,0.0,0.0,0.0,8,GOOD,29,11,30,30,27,10,27,10
LI-Small,115933,19,0.7329842931937173,0.18518518518518517,0.2956705385427666,0.0,0.0,5.551115123125783e-17,0.7329842931937173,0.18518518518518517,0.29567053854276665,0.0,0.0,0.0,0.0,8,GOOD,29,11,30,30,27,10,27,10
LI-Small,115933,20,0.7329842931937173,0.18518518518518517,0.2956705385427666,0.0,0.0,5.551115123125783e-17,0.7329842931937173,0.18518518518518517,0.29567053854276665,0.0,0.0,0.0,0.0,8,GOOD,29,11,30,30,27,10,27,10
LI-Small,115933,21,0.7329842931937173,0.18518518518518517,0.2956705385427666,0.0,0.0,5.551115123125783e-17,0.7329842931937173,0.18518518518518517,0.29567053854276665,0.0,0.0,0.0,0.0,8,GOOD,29,11,30,30,27,10,27,10
LI-Small,115933,22,0.7329842931937173,0.18518518518518517,0.2956705385427666,0.0,0.0,5.551115123125783e-17,0.7329842931937173,0.18518518518518517,0.29567053854276665,0.0,0.0,0.0,0.0,8,GOOD,29,11,30,30,27,10,27,10
LI-Small,115933,23,0.7329842931937173,0.18518518518518517,0.2956705385427666,0.0,0.0,5.551115123125783e-17,0.7329842931937173,0.18518518518518517,0.29567053854276665,0.0,0.0,0.0,0.0,8,GOOD,29,11,30,30,27,10,27,10
LI-Small,115933,24,0.7329842931937173,0.18518518518518517,0.2956705385427666,0.0,0.0,5.551115123125783e-17,0.7329842931937173,0.18518518518518517,0.29567053854276665,0.0,0.0,0.0,0.0,8,GOOD,29,11,30,30,27,10,27,10
LI-Small,115933,25,0.7329842931937173,0.18518518518518517,0.2956705385427666,0.0,0.0,5.551115123125783e-17,0.7329842931937173,0.18518518518518517,0.29567053854276665,0.0,0.0,0.0,0.0,8,GOOD,29,11,30,30,27,10,27,10
LI-Small,115933,26,0.7329842931937173,0.18518518518518517,0.2956705385427666,0.0,0.0,5.551115123125783e-17,0.7329842931937173,0.18518518518518517,0.29567053854276665,0.0,0.0,0.0,0.0,8,GOOD,29,11,30,30,27,10,27,10
LI-Small,115933,27,0.7329842931937173,0.18518518518518517,0.2956705385427666,0.0,0.0,5.551115123125783e-17,0.7329842931937173,0.18518518518518517,0.29567053854276665,0.0,0.0,0.0,0.0,8,GOOD,29,11,30,30,27,10,27,10
LI-Small,115933,28,0.7329842931937173,0.18518518518518517,0.2956705385427666,0.0,0.0,5.551115123125783e-17,0.7329842931937173,0.18518518518518517,0.29567053854276665,0.0,0.0,0.0,0.0,8,GOOD,29,11,30,30,27,10,27,10
LI-Small,115933,29,0.7329842931937173,0.18518518518518517,0.2956705385427666,0.0,0.0,5.551115123125783e-17,0.7329842931937173,0.18518518518518517,0.29567053854276665,0.0,0.0,0.0,0.0,8,GOOD,29,11,30,30,27,10,27,10
LI-Small,115933,30,0.7329842931937173,0.18518518518518517,0.2956705385427666,0.0,0.0,5.551115123125783e-17,0.7329842931937173,0.18518518518518517,0.29567053854276665,0.0,0.0,0.0,0.0,8,GOOD,29,11,30,30,27,10,27,10
LI-Small,115933,31,0.7329842931937173,0.18518518518518517,0.2956705385427666,0.0,0.0,5.551115123125783e-17,0.7329842931937173,0.18518518518518517,0.29567053854276665,0.0,0.0,0.0,0.0,8,GOOD,29,11,30,30,27,10,27,10
LI-Small,115933,32,0.7329842931937173,0.18518518518518517,0.2956705385427666,0.0,0.0,5.551115123125783e-17,0.7329842931937173,0.18518518518518517,0.29567053854276665,0.0,0.0,0.0,0.0,8,GOOD,29,11,30,30,27,10,27,10
LI-Small,115933,33,0.7329842931937173,0.18518518518518517,0.2956705385427666,0.0,0.0,5.551115123125783e-17,0.7329842931937173,0.18518518518518517,0.29567053854276665,0.0,0.0,0.0,0.0,8,GOOD,29,11,30,30,27,10,27,10
LI-Small,115933,34,0.7329842931937173,0.18518518518518517,0.2956705385427666,0.0,0.0,5.551115123125783e-17,0.7329842931937173,0.18518518518518517,0.29567053854276665,0.0,0.0,0.0,0.0,8,GOOD,29,11,30,30,27,10,27,10
LI-Small,115933,35,0.7329842931937173,0.18518518518518517,0.2956705385427666,0.0,0.0,5.551115123125783e-17,0.7329842931937173,0.18518518518518517,0.29567053854276665,0.0,0.0,0.0,0.0,8,GOOD,29,11,30,30,27,10,27,10
LI-Small,115933,36,0.7329842931937173,0.18518518518518517,0.2956705385427666,0.0,0.0,5.551115123125783e-17,0.7329842931937173,0.18518518518518517,0.29567053854276665,0.0,0.0,0.0,0.0,8,GOOD,29,11,30,30,27,10,27,10
LI-Small,115933,37,0.7329842931937173,0.18518518518518517,0.2956705385427666,0.0,0.0,5.551115123125783e-17,0.7329842931937173,0.18518518518518517,0.29567053854276665,0.0,0.0,0.0,0.0,8,GOOD,29,11,30,30,27,10,27,10
LI-Small,115933,38,0.7329842931937173,0.18518518518518517,0.2956705385427666,0.0,0.0,5.551115123125783e-17,0.7329842931937173,0.18518518518518517,0.29567053854276665,0.0,0.0,0.0,0.0,8,GOOD,29,11,30,30,27,10,27,10
LI-Small,115933,39,0.7329842931937173,0.18518518518518517,0.2956705385427666,0.0,0.0,5.551115123125783e-17,0.7329842931937173,0.18518518518518517,0.29567053854276665,0.0,0.0,0.0,0.0,8,GOOD,29,11,30,30,27,10,27,10
LI-Small,115933,40,0.7329842931937173,0.18518518518518517,0.2956705385427666,0.0,0.0,5.551115123125783e-17,0.7329842931937173,0.18518518518518517,0.29567053854276665,0.0,0.0,0.0,0.0,8,GOOD,29,11,30,30,27,10,27,10
LI-Small,115933,41,0.7329842931937173,0.18518518518518517,0.2956705385427666,0.0,0.0,5.551115123125783e-17,0.7329842931937173,0.18518518518518517,0.29567053854276665,0.0,0.0,0.0,0.0,8,GOOD,29,11,30,30,27,10,27,10
LI-Small,115933,42,0.7329842931937173,0.18518518518518517,0.2956705385427666,0.0,0.0,5.551115123125783e-17,0.7329842931937173,0.18518518518518517,0.29567053854276665,0.0,0.0,0.0,0.0,8,GOOD,29,11,30,30,27,10,27,10
LI-Small,115933,43,0.7329842931937173,0.18518518518518517,0.2956705385427666,0.0,0.0,5.551115123125783e-17,0.7329842931937173,0.18518518518518517,0.29567053854276665,0.0,0.0,0.0,0.0,8,GOOD,29,11,30,30,27,10,27,10
LI-Small,115933,44,0.7329842931937173,0.18518518518518517,0.2956705385427666,0.0,0.0,5.551115123125783e-17,0.7329842931937173,0.18518518518518517,0.29567053854276665,0.0,0.0,0.0,0.0,8,GOOD,29,11,30,30,27,10,27,10
LI-Small,115933,45,0.7329842931937173,0.18518518518518517,0.2956705385427666,0.0,0.0,5.551115123125783e-17,0.7329842931937173,0.18518518518518517,0.29567053854276665,0.0,0.0,0.0,0.0,8,GOOD,29,11,30,30,27,10,27,10
LI-Small,115933,46,0.7329842931937173,0.18518518518518517,0.2956705385427666,0.0,0.0,5.551115123125783e-17,0.7329842931937173,0.18518518518518517,0.29567053854276665,0.0,0.0,0.0,0.0,8,GOOD,29,11,30,30,27,10,27,10
LI-Small,115933,47,0.7329842931937173,0.18518518518518517,0.2956705385427666,0.0,0.0,5.551115123125783e-17,0.7329842931937173,0.18518518518518517,0.29567053854276665,0.0,0.0,0.0,0.0,8,GOOD,29,11,30,30,27,10,27,10
LI-Small,115933,48,0.7329842931937173,0.18518518518518517,0.2956705385427666,0.0,0.0,5.551115123125783e-17,0.7329842931937173,0.18518518518518517,0.29567053854276665,0.0,0.0,0.0,0.0,8,GOOD,29,11,30,30,27,10,27,10
LI-Small,115933,49,0.7329842931937173,0.18518518518518517,0.2956705385427666,0.0,0.0,5.551115123125783e-17,0.7329842931937173,0.18518518518518517,0.29567053854276665,0.0,0.0,0.0,0.0,8,GOOD,29,11,30,30,27,10,27,10
LI-Small,215498,0,0.7329842931937173,0.18518518518518517,0.2956705385427666,0.0,0.0,5.551115123125783e-17,0.7329842931937173,0.18518518518518517,0.29567053854276665,0.0,0.0,0.0,0.0,8,GOOD,29,11,30,30,27,10,27,10
LI-Small,215498,1,0.7329842931937173,0.18518518518518517,0.2956705385427666,0.0,0.0,5.551115123125783e-17,0.7329842931937173,0.18518518518518517,0.29567053854276665,0.0,0.0,0.0,0.0,8,GOOD,29,11,30,30,27,10,27,10
LI-Small,215498,2,0.7329842931937173,0.18518518518518517,0.2956705385427666,0.0,0.0,5.551115123125783e-17,0.7329842931937173,0.18518518518518517,0.29567053854276665,0.0,0.0,0.0,0.0,8,GOOD,29,11,30,30,27,10,27,10
LI-Small,215498,3,0.7329842931937173,0.18518518518518517,0.2956705385427666,0.0,0.0,5.551115123125783e-17,0.7329842931937173,0.18518518518518517,0.29567053854276665,0.0,0.0,0.0,0.0,8,GOOD,29,11,30,30,27,10,27,10
LI-Small,215498,4,0.7329842931937173,0.18518518518518517,0.2956705385427666,0.0,0.0,5.551115123125783e-17,0.7329842931937173,0.18518518518518517,0.29567053854276665,0.0,0.0,0.0,0.0,8,GOOD,29,11,30,30,27,10,27,10
LI-Small,215498,5,0.7329842931937173,0.18518518518518517,0.2956705385427666,0.0,0.0,5.551115123125783e-17,0.7329842931937173,0.18518518518518517,0.29567053854276665,0.0,0.0,0.0,0.0,8,GOOD,29,11,30,30,27,10,27,10
LI-Small,215498,6,0.7329842931937173,0.18518518518518517,0.2956705385427666,0.0,0.0,5.551115123125783e-17,0.7329842931937173,0.18518518518518517,0.29567053854276665,0.0,0.0,0.0,0.0,8,GOOD,29,11,30,30,27,10,27,10
LI-Small,215498,7,0.7329842931937173,0.18518518518518517,0.2956705385427666,0.0,0.0,5.551115123125783e-17,0.7329842931937173,0.18518518518518517,0.29567053854276665,0.0,0.0,0.0,0.0,8,GOOD,29,11,30,30,27,10,27,10
LI-Small,215498,8,0.7329842931937173,0.18518518518518517,0.2956705385427666,0.0,0.0,5.551115123125783e-17,0.7329842931937173,0.18518518518518517,0.29567053854276665,0.0,0.0,0.0,0.0,8,GOOD,29,11,30,30,27,10,27,10
LI-Small,215498,9,0.7329842931937173,0.18518518518518517,0.2956705385427666,0.0,0.0,5.551115123125783e-17,0.7329842931937173,0.18518518518518517,0.29567053854276665,0.0,0.0,0.0,0.0,8,GOOD,29,11,30,30,27,10,27,10
LI-Small,215498,10,0.7329842931937173,0.18518518518518517,0.2956705385427666,0.0,0.0,5.551115123125783e-17,0.7329842931937173,0.18518518518518517,0.29567053854276665,0.0,0.0,0.0,0.0,8,GOOD,29,11,30,30,27,10,27,10
LI-Small,215498,11,0.7329842931937173,0.18518518518518517,0.2956705385427666,0.0,0.0,5.551115123125783e-17,0.7329842931937173,0.18518518518518517,0.29567053854276665,0.0,0.0,0.0,0.0,8,GOOD,29,11,30,30,27,10,27,10
LI-Small,215498,12,0.7329842931937173,0.18518518518518517,0.2956705385427666,0.0,0.0,5.551115123125783e-17,0.7329842931937173,0.18518518518518517,0.29567053854276665,0.0,0.0,0.0,0.0,8,GOOD,29,11,30,30,27,10,27,10
LI-Small,215498,13,0.7329842931937173,0.18518518518518517,0.2956705385427666,0.0,0.0,5.551115123125783e-17,0.7329842931937173,0.18518518518518517,0.29567053854276665,0.0,0.0,0.0,0.0,8,GOOD,29,11,30,30,27,10,27,10
LI-Small,215498,14,0.7329842931937173,0.18518518518518517,0.2956705385427666,0.0,0.0,5.551115123125783e-17,0.7329842931937173,0.18518518518518517,0.29567053854276665,0.0,0.0,0.0,0.0,8,GOOD,29,11,30,30,27,10,27,10
LI-Small,215498,15,0.7329842931937173,0.18518518518518517,0.2956705385427666,0.0,0.0,5.551115123125783e-17,0.7329842931937173,0.18518518518518517,0.29567053854276665,0.0,0.0,0.0,0.0,8,GOOD,29,11,30,30,27,10,27,10
LI-Small,215498,16,0.7329842931937173,0.18518518518518517,0.2956705385427666,0.0,0.0,5.551115123125783e-17,0.7329842931937173,0.18518518518518517,0.29567053854276665,0.0,0.0,0.0,0.0,8,GOOD,29,11,30,30,27,10,27,10
LI-Small,215498,17,0.7329842931937173,0.18518518518518517,0.2956705385427666,0.0,0.0,5.551115123125783e-17,0.7329842931937173,0.18518518518518517,0.29567053854276665,0.0,0.0,0.0,0.0,8,GOOD,29,11,30,30,27,10,27,10
LI-Small,215498,18,0.7329842931937173,0.18518518518518517,0.2956705385427666,0.0,0.0,5.551115123125783e-17,0.7329842931937173,0.18518518518518517,0.29567053854276665,0.0,0.0,0.0,0.0,8,GOOD,29,11,30,30,27,10,27,10
LI-Small,215498,19,0.7329842931937173,0.18518518518518517,0.2956705385427666,0.0,0.0,5.551115123125783e-17,0.7329842931937173,0.18518518518518517,0.29567053854276665,0.0,0.0,0.0,0.0,8,GOOD,29,11,30,30,27,10,27,10
LI-Small,215498,20,0.7329842931937173,0.18518518518518517,0.2956705385427666,0.0,0.0,5.551115123125783e-17,0.7329842931937173,0.18518518518518517,0.29567053854276665,0.0,0.0,0.0,0.0,8,GOOD,29,11,30,30,27,10,27,10
LI-Small,215498,21,0.7329842931937173,0.18518518518518517,0.2956705385427666,0.0,0.0,5.551115123125783e-17,0.7329842931937173,0.18518518518518517,0.29567053854276665,0.0,0.0,0.0,0.0,8,GOOD,29,11,30,30,27,10,27,10
LI-Small,215498,22,0.7329842931937173,0.18518518518518517,0.2956705385427666,0.0,0.0,5.551115123125783e-17,0.7329842931937173,0.18518518518518517,0.29567053854276665,0.0,0.0,0.0,0.0,8,GOOD,29,11,30,30,27,10,27,10
LI-Small,215498,23,0.7329842931937173,0.18518518518518517,0.2956705385427666,0.0,0.0,5.551115123125783e-17,0.7329842931937173,0.18518518518518517,0.29567053854276665,0.0,0.0,0.0,0.0,8,GOOD,29,11,30,30,27,10,27,10
LI-Small,215498,24,0.7329842931937173,0.18518518518518517,0.2956705385427666,0.0,0.0,5.551115123125783e-17,0.7329842931937173,0.18518518518518517,0.29567053854276665,0.0,0.0,0.0,0.0,8,GOOD,29,11,30,30,27,10,27,10
LI-Small,215498,25,0.7329842931937173,0.18518518518518517,0.2956705385427666,0.0,0.0,5.551115123125783e-17,0.7329842931937173,0.18518518518518517,0.29567053854276665,0.0,0.0,0.0,0.0,8,GOOD,29,11,30,30,27,10,27,10
LI-Small,215498,26,0.7329842931937173,0.18518518518518517,0.2956705385427666,0.0,0.0,5.551115123125783e-17,0.7329842931937173,0.18518518518518517,0.29567053854276665,0.0,0.0,0.0,0.0,8,GOOD,29,11,30,30,27,10,27,10
LI-Small,215498,27,0.7329842931937173,0.18518518518518517,0.2956705385427666,0.0,0.0,5.551115123125783e-17,0.7329842931937173,0.18518518518518517,0.29567053854276665,0.0,0.0,0.0,0.0,8,GOOD,29,11,30,30,27,10,27,10
LI-Small,215498,28,0.7329842931937173,0.18518518518518517,0.2956705385427666,0.0,0.0,5.551115123125783e-17,0.7329842931937173,0.18518518518518517,0.29567053854276665,0.0,0.0,0.0,0.0,8,GOOD,29,11,30,30,27,10,27,10
LI-Small,215498,29,0.7329842931937173,0.18518518518518517,0.2956705385427666,0.0,0.0,5.551115123125783e-17,0.7329842931937173,0.18518518518518517,0.29567053854276665,0.0,0.0,0.0,0.0,8,GOOD,29,11,30,30,27,10,27,10
LI-Small,215498,30,0.7329842931937173,0.18518518518518517,0.2956705385427666,0.0,0.0,5.551115123125783e-17,0.7329842931937173,0.18518518518518517,0.29567053854276665,0.0,0.0,0.0,0.0,8,GOOD,29,11,30,30,27,10,27,10
LI-Small,215498,31,0.7329842931937173,0.18518518518518517,0.2956705385427666,0.0,0.0,5.551115123125783e-17,0.7329842931937173,0.18518518518518517,0.29567053854276665,0.0,0.0,0.0,0.0,8,GOOD,29,11,30,30,27,10,27,10
LI-Small,215498,32,0.7329842931937173,0.18518518518518517,0.2956705385427666,0.0,0.0,5.551115123125783e-17,0.7329842931937173,0.18518518518518517,0.29567053854276665,0.0,0.0,0.0,0.0,8,GOOD,29,11,30,30,27,10,27,10
LI-Small,215498,33,0.7329842931937173,0.18518518518518517,0.2956705385427666,0.0,0.0,5.551115123125783e-17,0.7329842931937173,0.18518518518518517,0.29567053854276665,0.0,0.0,0.0,0.0,8,GOOD,29,11,30,30,27,10,27,10
LI-Small,215498,34,0.7329842931937173,0.18518518518518517,0.2956705385427666,0.0,0.0,5.551115123125783e-17,0.7329842931937173,0.18518518518518517,0.29567053854276665,0.0,0.0,0.0,0.0,8,GOOD,29,11,30,30,27,10,27,10
LI-Small,215498,35,0.7329842931937173,0.18518518518518517,0.2956705385427666,0.0,0.0,5.551115123125783e-17,0.7329842931937173,0.18518518518518517,0.29567053854276665,0.0,0.0,0.0,0.0,8,GOOD,29,11,30,30,27,10,27,10
LI-Small,215498,36,0.7329842931937173,0.18518518518518517,0.2956705385427666,0.0,0.0,5.551115123125783e-17,0.7329842931937173,0.18518518518518517,0.29567053854276665,0.0,0.0,0.0,0.0,8,GOOD,29,11,30,30,27,10,27,10
LI-Small,215498,37,0.7329842931937173,0.18518518518518517,0.2956705385427666,0.0,0.0,5.551115123125783e-17,0.7329842931937173,0.18518518518518517,0.29567053854276665,0.0,0.0,0.0,0.0,8,GOOD,29,11,30,30,27,10,27,10
LI-Small,215498,38,0.7329842931937173,0.18518518518518517,0.2956705385427666,0.0,0.0,5.551115123125783e-17,0.7329842931937173,0.18518518518518517,0.29567053854276665,0.0,0.0,0.0,0.0,8,GOOD,29,11,30,30,27,10,27,10
LI-Small,215498,39,0.7329842931937173,0.18518518518518517,0.2956705385427666,0.0,0.0,5.551115123125783e-17,0.7329842931937173,0.18518518518518517,0.29567053854276665,0.0,0.0,0.0,0.0,8,GOOD,29,11,30,30,27,10,27,10
LI-Small,215498,40,0.7329842931937173,0.18518518518518517,0.2956705385427666,0.0,0.0,5.551115123125783e-17,0.7329842931937173,0.18518518518518517,0.29567053854276665,0.0,0.0,0.0,0.0,8,GOOD,29,11,30,30,27,10,27,10
LI-Small,215498,41,0.7329842931937173,0.18518518518518517,0.2956705385427666,0.0,0.0,5.551115123125783e-17,0.7329842931937173,0.18518518518518517,0.29567053854276665,0.0,0.0,0.0,0.0,8,GOOD,29,11,30,30,27,10,27,10
LI-Small,215498,42,0.7329842931937173,0.18518518518518517,0.2956705385427666,0.0,0.0,5.551115123125783e-17,0.7329842931937173,0.18518518518518517,0.29567053854276665,0.0,0.0,0.0,0.0,8,GOOD,29,11,30,30,27,10,27,10
LI-Small,215498,43,0.7329842931937173,0.18518518518518517,0.2956705385427666,0.0,0.0,5.551115123125783e-17,0.7329842931937173,0.18518518518518517,0.29567053854276665,0.0,0.0,0.0,0.0,8,GOOD,29,11,30,30,27,10,27,10
LI-Small,215498,44,0.7329842931937173,0.18518518518518517,0.2956705385427666,0.0,0.0,5.551115123125783e-17,0.7329842931937173,0.18518518518518517,0.29567053854276665,0.0,0.0,0.0,0.0,8,GOOD,29,11,30,30,27,10,27,10
LI-Small,215498,45,0.7329842931937173,0.18518518518518517,0.2956705385427666,0.0,0.0,5.551115123125783e-17,0.7329842931937173,0.18518518518518517,0.29567053854276665,0.0,0.0,0.0,0.0,8,GOOD,29,11,30,30,27,10,27,10
LI-Small,215498,46,0.7329842931937173,0.18518518518518517,0.2956705385427666,0.0,0.0,5.551115123125783e-17,0.7329842931937173,0.18518518518518517,0.29567053854276665,0.0,0.0,0.0,0.0,8,GOOD,29,11,30,30,27,10,27,10
LI-Small,215498,47,0.7329842931937173,0.18518518518518517,0.2956705385427666,0.0,0.0,5.551115123125783e-17,0.7329842931937173,0.18518518518518517,0.29567053854276665,0.0,0.0,0.0,0.0,8,GOOD,29,11,30,30,27,10,27,10
LI-Small,215498,48,0.7329842931937173,0.18518518518518517,0.2956705385427666,0.0,0.0,5.551115123125783e-17,0.7329842931937173,0.18518518518518517,0.29567053854276665,0.0,0.0,0.0,0.0,8,GOOD,29,11,30,30,27,10,27,10
LI-Small,215498,49,0.7329842931937173,0.18518518518518517,0.2956705385427666,0.0,0.0,5.551115123125783e-17,0.7329842931937173,0.18518518518518517,0.29567053854276665,0.0,0.0,0.0,0.0,8,GOOD,29,11,30,30,27,10,27,10
LI-Small,400572,0,0.7329842931937173,0.18518518518518517,0.2956705385427666,0.0,0.0,5.551115123125783e-17,0.7329842931937173,0.18518518518518517,0.29567053854276665,0.0,0.0,0.0,0.0,8,GOOD,29,11,30,30,27,10,27,10
LI-Small,400572,1,0.7329842931937173,0.18518518518518517,0.2956705385427666,0.0,0.0,5.551115123125783e-17,0.7329842931937173,0.18518518518518517,0.29567053854276665,0.0,0.0,0.0,0.0,8,GOOD,29,11,30,30,27,10,27,10
LI-Small,400572,2,0.7329842931937173,0.18518518518518517,0.2956705385427666,0.0,0.0,5.551115123125783e-17,0.7329842931937173,0.18518518518518517,0.29567053854276665,0.0,0.0,0.0,0.0,8,GOOD,29,11,30,30,27,10,27,10
LI-Small,400572,3,0.7329842931937173,0.18518518518518517,0.2956705385427666,0.0,0.0,5.551115123125783e-17,0.7329842931937173,0.18518518518518517,0.29567053854276665,0.0,0.0,0.0,0.0,8,GOOD,29,11,30,30,27,10,27,10
LI-Small,400572,4,0.7329842931937173,0.18518518518518517,0.2956705385427666,0.0,0.0,5.551115123125783e-17,0.7329842931937173,0.18518518518518517,0.29567053854276665,0.0,0.0,0.0,0.0,8,GOOD,29,11,30,30,27,10,27,10
LI-Small,400572,5,0.7329842931937173,0.18518518518518517,0.2956705385427666,0.0,0.0,5.551115123125783e-17,0.7329842931937173,0.18518518518518517,0.29567053854276665,0.0,0.0,0.0,0.0,8,GOOD,29,11,30,30,27,10,27,10
LI-Small,400572,6,0.7329842931937173,0.18518518518518517,0.2956705385427666,0.0,0.0,5.551115123125783e-17,0.7329842931937173,0.18518518518518517,0.29567053854276665,0.0,0.0,0.0,0.0,8,GOOD,29,11,30,30,27,10,27,10
LI-Small,400572,7,0.7329842931937173,0.18518518518518517,0.2956705385427666,0.0,0.0,5.551115123125783e-17,0.7329842931937173,0.18518518518518517,0.29567053854276665,0.0,0.0,0.0,0.0,8,GOOD,29,11,30,30,27,10,27,10
LI-Small,400572,8,0.7329842931937173,0.18518518518518517,0.2956705385427666,0.0,0.0,5.551115123125783e-17,0.7329842931937173,0.18518518518518517,0.29567053854276665,0.0,0.0,0.0,0.0,8,GOOD,29,11,30,30,27,10,27,10
LI-Small,400572,9,0.7329842931937173,0.18518518518518517,0.2956705385427666,0.0,0.0,5.551115123125783e-17,0.7329842931937173,0.18518518518518517,0.29567053854276665,0.0,0.0,0.0,0.0,8,GOOD,29,11,30,30,27,10,27,10
LI-Small,400572,10,0.7329842931937173,0.18518518518518517,0.2956705385427666,0.0,0.0,5.551115123125783e-17,0.7329842931937173,0.18518518518518517,0.29567053854276665,0.0,0.0,0.0,0.0,8,GOOD,29,11,30,30,27,10,27,10
LI-Small,400572,11,0.7329842931937173,0.18518518518518517,0.2956705385427666,0.0,0.0,5.551115123125783e-17,0.7329842931937173,0.18518518518518517,0.29567053854276665,0.0,0.0,0.0,0.0,8,GOOD,29,11,30,30,27,10,27,10
LI-Small,400572,12,0.7329842931937173,0.18518518518518517,0.2956705385427666,0.0,0.0,5.551115123125783e-17,0.7329842931937173,0.18518518518518517,0.29567053854276665,0.0,0.0,0.0,0.0,8,GOOD,29,11,30,30,27,10,27,10
LI-Small,400572,13,0.7329842931937173,0.18518518518518517,0.2956705385427666,0.0,0.0,5.551115123125783e-17,0.7329842931937173,0.18518518518518517,0.29567053854276665,0.0,0.0,0.0,0.0,8,GOOD,29,11,30,30,27,10,27,10
LI-Small,400572,14,0.7329842931937173,0.18518518518518517,0.2956705385427666,0.0,0.0,5.551115123125783e-17,0.7329842931937173,0.18518518518518517,0.29567053854276665,0.0,0.0,0.0,0.0,8,GOOD,29,11,30,30,27,10,27,10
LI-Small,400572,15,0.7329842931937173,0.18518518518518517,0.2956705385427666,0.0,0.0,5.551115123125783e-17,0.7329842931937173,0.18518518518518517,0.29567053854276665,0.0,0.0,0.0,0.0,8,GOOD,29,11,30,30,27,10,27,10
LI-Small,400572,16,0.7329842931937173,0.18518518518518517,0.2956705385427666,0.0,0.0,5.551115123125783e-17,0.7329842931937173,0.18518518518518517,0.29567053854276665,0.0,0.0,0.0,0.0,8,GOOD,29,11,30,30,27,10,27,10
LI-Small,400572,17,0.7329842931937173,0.18518518518518517,0.2956705385427666,0.0,0.0,5.551115123125783e-17,0.7329842931937173,0.18518518518518517,0.29567053854276665,0.0,0.0,0.0,0.0,8,GOOD,29,11,30,30,27,10,27,10
LI-Small,400572,18,0.7329842931937173,0.18518518518518517,0.2956705385427666,0.0,0.0,5.551115123125783e-17,0.7329842931937173,0.18518518518518517,0.29567053854276665,0.0,0.0,0.0,0.0,8,GOOD,29,11,30,30,27,10,27,10
LI-Small,400572,19,0.7329842931937173,0.18518518518518517,0.2956705385427666,0.0,0.0,5.551115123125783e-17,0.7329842931937173,0.18518518518518517,0.29567053854276665,0.0,0.0,0.0,0.0,8,GOOD,29,11,30,30,27,10,27,10
LI-Small,400572,20,0.7329842931937173,0.18518518518518517,0.2956705385427666,0.0,0.0,5.551115123125783e-17,0.7329842931937173,0.18518518518518517,0.29567053854276665,0.0,0.0,0.0,0.0,8,GOOD,29,11,30,30,27,10,27,10
LI-Small,400572,21,0.7329842931937173,0.18518518518518517,0.2956705385427666,0.0,0.0,5.551115123125783e-17,0.7329842931937173,0.18518518518518517,0.29567053854276665,0.0,0.0,0.0,0.0,8,GOOD,29,11,30,30,27,10,27,10
LI-Small,400572,22,0.7329842931937173,0.18518518518518517,0.2956705385427666,0.0,0.0,5.551115123125783e-17,0.7329842931937173,0.18518518518518517,0.29567053854276665,0.0,0.0,0.0,0.0,8,GOOD,29,11,30,30,27,10,27,10
LI-Small,400572,23,0.7329842931937173,0.18518518518518517,0.2956705385427666,0.0,0.0,5.551115123125783e-17,0.7329842931937173,0.18518518518518517,0.29567053854276665,0.0,0.0,0.0,0.0,8,GOOD,29,11,30,30,27,10,27,10
LI-Small,400572,24,0.7329842931937173,0.18518518518518517,0.2956705385427666,0.0,0.0,5.551115123125783e-17,0.7329842931937173,0.18518518518518517,0.29567053854276665,0.0,0.0,0.0,0.0,8,GOOD,29,11,30,30,27,10,27,10
LI-Small,400572,25,0.7329842931937173,0.18518518518518517,0.2956705385427666,0.0,0.0,5.551115123125783e-17,0.7329842931937173,0.18518518518518517,0.29567053854276665,0.0,0.0,0.0,0.0,8,GOOD,29,11,30,30,27,10,27,10
LI-Small,400572,26,0.7329842931937173,0.18518518518518517,0.2956705385427666,0.0,0.0,5.551115123125783e-17,0.7329842931937173,0.18518518518518517,0.29567053854276665,0.0,0.0,0.0,0.0,8,GOOD,29,11,30,30,27,10,27,10
LI-Small,400572,27,0.7329842931937173,0.18518518518518517,0.2956705385427666,0.0,0.0,5.551115123125783e-17,0.7329842931937173,0.18518518518518517,0.29567053854276665,0.0,0.0,0.0,0.0,8,GOOD,29,11,30,30,27,10,27,10
LI-Small,400572,28,0.7329842931937173,0.18518518518518517,0.2956705385427666,0.0,0.0,5.551115123125783e-17,0.7329842931937173,0.18518518518518517,0.29567053854276665,0.0,0.0,0.0,0.0,8,GOOD,29,11,30,30,27,10,27,10
LI-Small,400572,29,0.7329842931937173,0.18518518518518517,0.2956705385427666,0.0,0.0,5.551115123125783e-17,0.7329842931937173,0.18518518518518517,0.29567053854276665,0.0,0.0,0.0,0.0,8,GOOD,29,11,30,30,27,10,27,10
LI-Small,400572,30,0.7329842931937173,0.18518518518518517,0.2956705385427666,0.0,0.0,5.551115123125783e-17,0.7329842931937173,0.18518518518518517,0.29567053854276665,0.0,0.0,0.0,0.0,8,GOOD,29,11,30,30,27,10,27,10
LI-Small,400572,31,0.7329842931937173,0.18518518518518517,0.2956705385427666,0.0,0.0,5.551115123125783e-17,0.7329842931937173,0.18518518518518517,0.29567053854276665,0.0,0.0,0.0,0.0,8,GOOD,29,11,30,30,27,10,27,10
LI-Small,400572,32,0.7329842931937173,0.18518518518518517,0.2956705385427666,0.0,0.0,5.551115123125783e-17,0.7329842931937173,0.18518518518518517,0.29567053854276665,0.0,0.0,0.0,0.0,8,GOOD,29,11,30,30,27,10,27,10
LI-Small,400572,33,0.7329842931937173,0.18518518518518517,0.2956705385427666,0.0,0.0,5.551115123125783e-17,0.7329842931937173,0.18518518518518517,0.29567053854276665,0.0,0.0,0.0,0.0,8,GOOD,29,11,30,30,27,10,27,10
LI-Small,400572,34,0.7329842931937173,0.18518518518518517,0.2956705385427666,0.0,0.0,5.551115123125783e-17,0.7329842931937173,0.18518518518518517,0.29567053854276665,0.0,0.0,0.0,0.0,8,GOOD,29,11,30,30,27,10,27,10
LI-Small,400572,35,0.7329842931937173,0.18518518518518517,0.2956705385427666,0.0,0.0,5.551115123125783e-17,0.7329842931937173,0.18518518518518517,0.29567053854276665,0.0,0.0,0.0,0.0,8,GOOD,29,11,30,30,27,10,27,10
LI-Small,400572,36,0.7329842931937173,0.18518518518518517,0.2956705385427666,0.0,0.0,5.551115123125783e-17,0.7329842931937173,0.18518518518518517,0.29567053854276665,0.0,0.0,0.0,0.0,8,GOOD,29,11,30,30,27,10,27,10
LI-Small,400572,37,0.7329842931937173,0.18518518518518517,0.2956705385427666,0.0,0.0,5.551115123125783e-17,0.7329842931937173,0.18518518518518517,0.29567053854276665,0.0,0.0,0.0,0.0,8,GOOD,29,11,30,30,27,10,27,10
LI-Small,400572,38,0.7329842931937173,0.18518518518518517,0.2956705385427666,0.0,0.0,5.551115123125783e-17,0.7329842931937173,0.18518518518518517,0.29567053854276665,0.0,0.0,0.0,0.0,8,GOOD,29,11,30,30,27,10,27,10
LI-Small,400572,39,0.7329842931937173,0.18518518518518517,0.2956705385427666,0.0,0.0,5.551115123125783e-17,0.7329842931937173,0.18518518518518517,0.29567053854276665,0.0,0.0,0.0,0.0,8,GOOD,29,11,30,30,27,10,27,10
LI-Small,400572,40,0.7329842931937173,0.18518518518518517,0.2956705385427666,0.0,0.0,5.551115123125783e-17,0.7329842931937173,0.18518518518518517,0.29567053854276665,0.0,0.0,0.0,0.0,8,GOOD,29,11,30,30,27,10,27,10
LI-Small,400572,41,0.7329842931937173,0.18518518518518517,0.2956705385427666,0.0,0.0,5.551115123125783e-17,0.7329842931937173,0.18518518518518517,0.29567053854276665,0.0,0.0,0.0,0.0,8,GOOD,29,11,30,30,27,10,27,10
LI-Small,400572,42,0.7329842931937173,0.18518518518518517,0.2956705385427666,0.0,0.0,5.551115123125783e-17,0.7329842931937173,0.18518518518518517,0.29567053854276665,0.0,0.0,0.0,0.0,8,GOOD,29,11,30,30,27,10,27,10
LI-Small,400572,43,0.7329842931937173,0.18518518518518517,0.2956705385427666,0.0,0.0,5.551115123125783e-17,0.7329842931937173,0.18518518518518517,0.29567053854276665,0.0,0.0,0.0,0.0,8,GOOD,29,11,30,30,27,10,27,10
LI-Small,400572,44,0.7329842931937173,0.18518518518518517,0.2956705385427666,0.0,0.0,5.551115123125783e-17,0.7329842931937173,0.18518518518518517,0.29567053854276665,0.0,0.0,0.0,0.0,8,GOOD,29,11,30,30,27,10,27,10
LI-Small,400572,45,0.7329842931937173,0.18518518518518517,0.2956705385427666,0.0,0.0,5.551115123125783e-17,0.7329842931937173,0.18518518518518517,0.29567053854276665,0.0,0.0,0.0,0.0,8,GOOD,29,11,30,30,27,10,27,10
LI-Small,400572,46,0.7329842931937173,0.18518518518518517,0.2956705385427666,0.0,0.0,5.551115123125783e-17,0.7329842931937173,0.18518518518518517,0.29567053854276665,0.0,0.0,0.0,0.0,8,GOOD,29,11,30,30,27,10,27,10
LI-Small,400572,47,0.7329842931937173,0.18518518518518517,0.2956705385427666,0.0,0.0,5.551115123125783e-17,0.7329842931937173,0.18518518518518517,0.29567053854276665,0.0,0.0,0.0,0.0,8,GOOD,29,11,30,30,27,10,27,10
LI-Small,400572,48,0.7329842931937173,0.18518518518518517,0.2956705385427666,0.0,0.0,5.551115123125783e-17,0.7329842931937173,0.18518518518518517,0.29567053854276665,0.0,0.0,0.0,0.0,8,GOOD,29,11,30,30,27,10,27,10
LI-Small,400572,49,0.7329842931937173,0.18518518518518517,0.2956705385427666,0.0,0.0,5.551115123125783e-17,0.7329842931937173,0.18518518518518517,0.29567053854276665,0.0,0.0,0.0,0.0,8,GOOD,29,11,30,30,27,10,27,10
LI-Small,744589,0,0.7329842931937173,0.18518518518518517,0.2956705385427666,0.0,0.0,5.551115123125783e-17,0.7329842931937173,0.18518518518518517,0.29567053854276665,0.0,0.0,0.0,0.0,8,GOOD,29,11,30,30,27,10,27,10
LI-Small,744589,1,0.7329842931937173,0.18518518518518517,0.2956705385427666,0.0,0.0,5.551115123125783e-17,0.7329842931937173,0.18518518518518517,0.29567053854276665,0.0,0.0,0.0,0.0,8,GOOD,29,11,30,30,27,10,27,10
LI-Small,744589,2,0.7329842931937173,0.18518518518518517,0.2956705385427666,0.0,0.0,5.551115123125783e-17,0.7329842931937173,0.18518518518518517,0.29567053854276665,0.0,0.0,0.0,0.0,8,GOOD,29,11,30,30,27,10,27,10
LI-Small,744589,3,0.7329842931937173,0.18518518518518517,0.2956705385427666,0.0,0.0,5.551115123125783e-17,0.7329842931937173,0.18518518518518517,0.29567053854276665,0.0,0.0,0.0,0.0,8,GOOD,29,11,30,30,27,10,27,10
LI-Small,744589,4,0.7329842931937173,0.18518518518518517,0.2956705385427666,0.0,0.0,5.551115123125783e-17,0.7329842931937173,0.18518518518518517,0.29567053854276665,0.0,0.0,0.0,0.0,8,GOOD,29,11,30,30,27,10,27,10
LI-Small,744589,5,0.7329842931937173,0.18518518518518517,0.2956705385427666,0.0,0.0,5.551115123125783e-17,0.7329842931937173,0.18518518518518517,0.29567053854276665,0.0,0.0,0.0,0.0,8,GOOD,29,11,30,30,27,10,27,10
LI-Small,744589,6,0.7329842931937173,0.18518518518518517,0.2956705385427666,0.0,0.0,5.551115123125783e-17,0.7329842931937173,0.18518518518518517,0.29567053854276665,0.0,0.0,0.0,0.0,8,GOOD,29,11,30,30,27,10,27,10
LI-Small,744589,7,0.7329842931937173,0.18518518518518517,0.2956705385427666,0.0,0.0,5.551115123125783e-17,0.7329842931937173,0.18518518518518517,0.29567053854276665,0.0,0.0,0.0,0.0,8,GOOD,29,11,30,30,27,10,27,10
LI-Small,744589,8,0.7329842931937173,0.18518518518518517,0.2956705385427666,0.0,0.0,5.551115123125783e-17,0.7329842931937173,0.18518518518518517,0.29567053854276665,0.0,0.0,0.0,0.0,8,GOOD,29,11,30,30,27,10,27,10
LI-Small,744589,9,0.7329842931937173,0.18518518518518517,0.2956705385427666,0.0,0.0,5.551115123125783e-17,0.7329842931937173,0.18518518518518517,0.29567053854276665,0.0,0.0,0.0,0.0,8,GOOD,29,11,30,30,27,10,27,10
LI-Small,744589,10,0.7329842931937173,0.18518518518518517,0.2956705385427666,0.0,0.0,5.551115123125783e-17,0.7329842931937173,0.18518518518518517,0.29567053854276665,0.0,0.0,0.0,0.0,8,GOOD,29,11,30,30,27,10,27,10
LI-Small,744589,11,0.7329842931937173,0.18518518518518517,0.2956705385427666,0.0,0.0,5.551115123125783e-17,0.7329842931937173,0.18518518518518517,0.29567053854276665,0.0,0.0,0.0,0.0,8,GOOD,29,11,30,30,27,10,27,10
LI-Small,744589,12,0.7329842931937173,0.18518518518518517,0.2956705385427666,0.0,0.0,5.551115123125783e-17,0.7329842931937173,0.18518518518518517,0.29567053854276665,0.0,0.0,0.0,0.0,8,GOOD,29,11,30,30,27,10,27,10
LI-Small,744589,13,0.7329842931937173,0.18518518518518517,0.2956705385427666,0.0,0.0,5.551115123125783e-17,0.7329842931937173,0.18518518518518517,0.29567053854276665,0.0,0.0,0.0,0.0,8,GOOD,29,11,30,30,27,10,27,10
LI-Small,744589,14,0.7329842931937173,0.18518518518518517,0.2956705385427666,0.0,0.0,5.551115123125783e-17,0.7329842931937173,0.18518518518518517,0.29567053854276665,0.0,0.0,0.0,0.0,8,GOOD,29,11,30,30,27,10,27,10
LI-Small,744589,15,0.7329842931937173,0.18518518518518517,0.2956705385427666,0.0,0.0,5.551115123125783e-17,0.7329842931937173,0.18518518518518517,0.29567053854276665,0.0,0.0,0.0,0.0,8,GOOD,29,11,30,30,27,10,27,10
LI-Small,744589,16,0.7329842931937173,0.18518518518518517,0.2956705385427666,0.0,0.0,5.551115123125783e-17,0.7329842931937173,0.18518518518518517,0.29567053854276665,0.0,0.0,0.0,0.0,8,GOOD,29,11,30,30,27,10,27,10
LI-Small,744589,17,0.7329842931937173,0.18518518518518517,0.2956705385427666,0.0,0.0,5.551115123125783e-17,0.7329842931937173,0.18518518518518517,0.29567053854276665,0.0,0.0,0.0,0.0,8,GOOD,29,11,30,30,27,10,27,10
LI-Small,744589,18,0.7329842931937173,0.18518518518518517,0.2956705385427666,0.0,0.0,5.551115123125783e-17,0.7329842931937173,0.18518518518518517,0.29567053854276665,0.0,0.0,0.0,0.0,8,GOOD,29,11,30,30,27,10,27,10
LI-Small,744589,19,0.7329842931937173,0.18518518518518517,0.2956705385427666,0.0,0.0,5.551115123125783e-17,0.7329842931937173,0.18518518518518517,0.29567053854276665,0.0,0.0,0.0,0.0,8,GOOD,29,11,30,30,27,10,27,10
LI-Small,744589,20,0.7329842931937173,0.18518518518518517,0.2956705385427666,0.0,0.0,5.551115123125783e-17,0.7329842931937173,0.18518518518518517,0.29567053854276665,0.0,0.0,0.0,0.0,8,GOOD,29,11,30,30,27,10,27,10
LI-Small,744589,21,0.7329842931937173,0.18518518518518517,0.2956705385427666,0.0,0.0,5.551115123125783e-17,0.7329842931937173,0.18518518518518517,0.29567053854276665,0.0,0.0,0.0,0.0,8,GOOD,29,11,30,30,27,10,27,10
LI-Small,744589,22,0.7329842931937173,0.18518518518518517,0.2956705385427666,0.0,0.0,5.551115123125783e-17,0.7329842931937173,0.18518518518518517,0.29567053854276665,0.0,0.0,0.0,0.0,8,GOOD,29,11,30,30,27,10,27,10
LI-Small,744589,23,0.7329842931937173,0.18518518518518517,0.2956705385427666,0.0,0.0,5.551115123125783e-17,0.7329842931937173,0.18518518518518517,0.29567053854276665,0.0,0.0,0.0,0.0,8,GOOD,29,11,30,30,27,10,27,10
LI-Small,744589,24,0.7329842931937173,0.18518518518518517,0.2956705385427666,0.0,0.0,5.551115123125783e-17,0.7329842931937173,0.18518518518518517,0.29567053854276665,0.0,0.0,0.0,0.0,8,GOOD,29,11,30,30,27,10,27,10
LI-Small,744589,25,0.7329842931937173,0.18518518518518517,0.2956705385427666,0.0,0.0,5.551115123125783e-17,0.7329842931937173,0.18518518518518517,0.29567053854276665,0.0,0.0,0.0,0.0,8,GOOD,29,11,30,30,27,10,27,10
LI-Small,744589,26,0.7329842931937173,0.18518518518518517,0.2956705385427666,0.0,0.0,5.551115123125783e-17,0.7329842931937173,0.18518518518518517,0.29567053854276665,0.0,0.0,0.0,0.0,8,GOOD,29,11,30,30,27,10,27,10
LI-Small,744589,27,0.7329842931937173,0.18518518518518517,0.2956705385427666,0.0,0.0,5.551115123125783e-17,0.7329842931937173,0.18518518518518517,0.29567053854276665,0.0,0.0,0.0,0.0,8,GOOD,29,11,30,30,27,10,27,10
LI-Small,744589,28,0.7329842931937173,0.18518518518518517,0.2956705385427666,0.0,0.0,5.551115123125783e-17,0.7329842931937173,0.18518518518518517,0.29567053854276665,0.0,0.0,0.0,0.0,8,GOOD,29,11,30,30,27,10,27,10
LI-Small,744589,29,0.7329842931937173,0.18518518518518517,0.2956705385427666,0.0,0.0,5.551115123125783e-17,0.7329842931937173,0.18518518518518517,0.29567053854276665,0.0,0.0,0.0,0.0,8,GOOD,29,11,30,30,27,10,27,10
LI-Small,744589,30,0.7329842931937173,0.18518518518518517,0.2956705385427666,0.0,0.0,5.551115123125783e-17,0.7329842931937173,0.18518518518518517,0.29567053854276665,0.0,0.0,0.0,0.0,8,GOOD,29,11,30,30,27,10,27,10
LI-Small,744589,31,0.7329842931937173,0.18518518518518517,0.2956705385427666,0.0,0.0,5.551115123125783e-17,0.7329842931937173,0.18518518518518517,0.29567053854276665,0.0,0.0,0.0,0.0,8,GOOD,29,11,30,30,27,10,27,10
LI-Small,744589,32,0.7329842931937173,0.18518518518518517,0.2956705385427666,0.0,0.0,5.551115123125783e-17,0.7329842931937173,0.18518518518518517,0.29567053854276665,0.0,0.0,0.0,0.0,8,GOOD,29,11,30,30,27,10,27,10
LI-Small,744589,33,0.7329842931937173,0.18518518518518517,0.2956705385427666,0.0,0.0,5.551115123125783e-17,0.7329842931937173,0.18518518518518517,0.29567053854276665,0.0,0.0,0.0,0.0,8,GOOD,29,11,30,30,27,10,27,10
LI-Small,744589,34,0.7329842931937173,0.18518518518518517,0.2956705385427666,0.0,0.0,5.551115123125783e-17,0.7329842931937173,0.18518518518518517,0.29567053854276665,0.0,0.0,0.0,0.0,8,GOOD,29,11,30,30,27,10,27,10
LI-Small,744589,35,0.7329842931937173,0.18518518518518517,0.2956705385427666,0.0,0.0,5.551115123125783e-17,0.7329842931937173,0.18518518518518517,0.29567053854276665,0.0,0.0,0.0,0.0,8,GOOD,29,11,30,30,27,10,27,10
LI-Small,744589,36,0.7329842931937173,0.18518518518518517,0.2956705385427666,0.0,0.0,5.551115123125783e-17,0.7329842931937173,0.18518518518518517,0.29567053854276665,0.0,0.0,0.0,0.0,8,GOOD,29,11,30,30,27,10,27,10
LI-Small,744589,37,0.7329842931937173,0.18518518518518517,0.2956705385427666,0.0,0.0,5.551115123125783e-17,0.7329842931937173,0.18518518518518517,0.29567053854276665,0.0,0.0,0.0,0.0,8,GOOD,29,11,30,30,27,10,27,10
LI-Small,744589,38,0.7329842931937173,0.18518518518518517,0.2956705385427666,0.0,0.0,5.551115123125783e-17,0.7329842931937173,0.18518518518518517,0.29567053854276665,0.0,0.0,0.0,0.0,8,GOOD,29,11,30,30,27,10,27,10
LI-Small,744589,39,0.7329842931937173,0.18518518518518517,0.2956705385427666,0.0,0.0,5.551115123125783e-17,0.7329842931937173,0.18518518518518517,0.29567053854276665,0.0,0.0,0.0,0.0,8,GOOD,29,11,30,30,27,10,27,10
LI-Small,744589,40,0.7329842931937173,0.18518518518518517,0.2956705385427666,0.0,0.0,5.551115123125783e-17,0.7329842931937173,0.18518518518518517,0.29567053854276665,0.0,0.0,0.0,0.0,8,GOOD,29,11,30,30,27,10,27,10
LI-Small,744589,41,0.7329842931937173,0.18518518518518517,0.2956705385427666,0.0,0.0,5.551115123125783e-17,0.7329842931937173,0.18518518518518517,0.29567053854276665,0.0,0.0,0.0,0.0,8,GOOD,29,11,30,30,27,10,27,10
LI-Small,744589,42,0.7329842931937173,0.18518518518518517,0.2956705385427666,0.0,0.0,5.551115123125783e-17,0.7329842931937173,0.18518518518518517,0.29567053854276665,0.0,0.0,0.0,0.0,8,GOOD,29,11,30,30,27,10,27,10
LI-Small,744589,43,0.7329842931937173,0.18518518518518517,0.2956705385427666,0.0,0.0,5.551115123125783e-17,0.7329842931937173,0.18518518518518517,0.29567053854276665,0.0,0.0,0.0,0.0,8,GOOD,29,11,30,30,27,10,27,10
LI-Small,744589,44,0.7329842931937173,0.18518518518518517,0.2956705385427666,0.0,0.0,5.551115123125783e-17,0.7329842931937173,0.18518518518518517,0.29567053854276665,0.0,0.0,0.0,0.0,8,GOOD,29,11,30,30,27,10,27,10
LI-Small,744589,45,0.7329842931937173,0.18518518518518517,0.2956705385427666,0.0,0.0,5.551115123125783e-17,0.7329842931937173,0.18518518518518517,0.29567053854276665,0.0,0.0,0.0,0.0,8,GOOD,29,11,30,30,27,10,27,10
LI-Small,744589,46,0.7329842931937173,0.18518518518518517,0.2956705385427666,0.0,0.0,5.551115123125783e-17,0.7329842931937173,0.18518518518518517,0.29567053854276665,0.0,0.0,0.0,0.0,8,GOOD,29,11,30,30,27,10,27,10
LI-Small,744589,47,0.7329842931937173,0.18518518518518517,0.2956705385427666,0.0,0.0,5.551115123125783e-17,0.7329842931937173,0.18518518518518517,0.29567053854276665,0.0,0.0,0.0,0.0,8,GOOD,29,11,30,30,27,10,27,10
LI-Small,744589,48,0.7329842931937173,0.18518518518518517,0.2956705385427666,0.0,0.0,5.551115123125783e-17,0.7329842931937173,0.18518518518518517,0.29567053854276665,0.0,0.0,0.0,0.0,8,GOOD,29,11,30,30,27,10,27,10
LI-Small,744589,49,0.7329842931937173,0.18518518518518517,0.2956705385427666,0.0,0.0,5.551115123125783e-17,0.7329842931937173,0.18518518518518517,0.29567053854276665,0.0,0.0,0.0,0.0,8,GOOD,29,11,30,30,27,10,27,10
LI-Small,1384054,0,0.7329842931937173,0.18518518518518517,0.2956705385427666,0.0,0.0,5.551115123125783e-17,0.7329842931937173,0.18518518518518517,0.29567053854276665,0.0,0.0,0.0,0.0,8,GOOD,29,11,30,30,27,10,27,10
LI-Small,1384054,1,0.7329842931937173,0.18518518518518517,0.2956705385427666,0.0,0.0,5.551115123125783e-17,0.7329842931937173,0.18518518518518517,0.29567053854276665,0.0,0.0,0.0,0.0,8,GOOD,29,11,30,30,27,10,27,10
LI-Small,1384054,2,0.7329842931937173,0.18518518518518517,0.2956705385427666,0.0,0.0,5.551115123125783e-17,0.7329842931937173,0.18518518518518517,0.29567053854276665,0.0,0.0,0.0,0.0,8,GOOD,29,11,30,30,27,10,27,10
LI-Small,1384054,3,0.7329842931937173,0.18518518518518517,0.2956705385427666,0.0,0.0,5.551115123125783e-17,0.7329842931937173,0.18518518518518517,0.29567053854276665,0.0,0.0,0.0,0.0,8,GOOD,29,11,30,30,27,10,27,10
LI-Small,1384054,4,0.7329842931937173,0.18518518518518517,0.2956705385427666,0.0,0.0,5.551115123125783e-17,0.7329842931937173,0.18518518518518517,0.29567053854276665,0.0,0.0,0.0,0.0,8,GOOD,29,11,30,30,27,10,27,10
LI-Small,1384054,5,0.7329842931937173,0.18518518518518517,0.2956705385427666,0.0,0.0,5.551115123125783e-17,0.7329842931937173,0.18518518518518517,0.29567053854276665,0.0,0.0,0.0,0.0,8,GOOD,29,11,30,30,27,10,27,10
LI-Small,1384054,6,0.7329842931937173,0.18518518518518517,0.2956705385427666,0.0,0.0,5.551115123125783e-17,0.7329842931937173,0.18518518518518517,0.29567053854276665,0.0,0.0,0.0,0.0,8,GOOD,29,11,30,30,27,10,27,10
LI-Small,1384054,7,0.7329842931937173,0.18518518518518517,0.2956705385427666,0.0,0.0,5.551115123125783e-17,0.7329842931937173,0.18518518518518517,0.29567053854276665,0.0,0.0,0.0,0.0,8,GOOD,29,11,30,30,27,10,27,10
LI-Small,1384054,8,0.7329842931937173,0.18518518518518517,0.2956705385427666,0.0,0.0,5.551115123125783e-17,0.7329842931937173,0.18518518518518517,0.29567053854276665,0.0,0.0,0.0,0.0,8,GOOD,29,11,30,30,27,10,27,10
LI-Small,1384054,9,0.7329842931937173,0.18518518518518517,0.2956705385427666,0.0,0.0,5.551115123125783e-17,0.7329842931937173,0.18518518518518517,0.29567053854276665,0.0,0.0,0.0,0.0,8,GOOD,29,11,30,30,27,10,27,10
LI-Small,1384054,10,0.7329842931937173,0.18518518518518517,0.2956705385427666,0.0,0.0,5.551115123125783e-17,0.7329842931937173,0.18518518518518517,0.29567053854276665,0.0,0.0,0.0,0.0,8,GOOD,29,11,30,30,27,10,27,10
LI-Small,1384054,11,0.7329842931937173,0.18518518518518517,0.2956705385427666,0.0,0.0,5.551115123125783e-17,0.7329842931937173,0.18518518518518517,0.29567053854276665,0.0,0.0,0.0,0.0,8,GOOD,29,11,30,30,27,10,27,10
LI-Small,1384054,12,0.7329842931937173,0.18518518518518517,0.2956705385427666,0.0,0.0,5.551115123125783e-17,0.7329842931937173,0.18518518518518517,0.29567053854276665,0.0,0.0,0.0,0.0,8,GOOD,29,11,30,30,27,10,27,10
LI-Small,1384054,13,0.7329842931937173,0.18518518518518517,0.2956705385427666,0.0,0.0,5.551115123125783e-17,0.7329842931937173,0.18518518518518517,0.29567053854276665,0.0,0.0,0.0,0.0,8,GOOD,29,11,30,30,27,10,27,10
LI-Small,1384054,14,0.7329842931937173,0.18518518518518517,0.2956705385427666,0.0,0.0,5.551115123125783e-17,0.7329842931937173,0.18518518518518517,0.29567053854276665,0.0,0.0,0.0,0.0,8,GOOD,29,11,30,30,27,10,27,10
LI-Small,1384054,15,0.7329842931937173,0.18518518518518517,0.2956705385427666,0.0,0.0,5.551115123125783e-17,0.7329842931937173,0.18518518518518517,0.29567053854276665,0.0,0.0,0.0,0.0,8,GOOD,29,11,30,30,27,10,27,10
LI-Small,1384054,16,0.7329842931937173,0.18518518518518517,0.2956705385427666,0.0,0.0,5.551115123125783e-17,0.7329842931937173,0.18518518518518517,0.29567053854276665,0.0,0.0,0.0,0.0,8,GOOD,29,11,30,30,27,10,27,10
LI-Small,1384054,17,0.7329842931937173,0.18518518518518517,0.2956705385427666,0.0,0.0,5.551115123125783e-17,0.7329842931937173,0.18518518518518517,0.29567053854276665,0.0,0.0,0.0,0.0,8,GOOD,29,11,30,30,27,10,27,10
LI-Small,1384054,18,0.7329842931937173,0.18518518518518517,0.2956705385427666,0.0,0.0,5.551115123125783e-17,0.7329842931937173,0.18518518518518517,0.29567053854276665,0.0,0.0,0.0,0.0,8,GOOD,29,11,30,30,27,10,27,10
LI-Small,1384054,19,0.7329842931937173,0.18518518518518517,0.2956705385427666,0.0,0.0,5.551115123125783e-17,0.7329842931937173,0.18518518518518517,0.29567053854276665,0.0,0.0,0.0,0.0,8,GOOD,29,11,30,30,27,10,27,10
LI-Small,1384054,20,0.7329842931937173,0.18518518518518517,0.2956705385427666,0.0,0.0,5.551115123125783e-17,0.7329842931937173,0.18518518518518517,0.29567053854276665,0.0,0.0,0.0,0.0,8,GOOD,29,11,30,30,27,10,27,10
LI-Small,1384054,21,0.7329842931937173,0.18518518518518517,0.2956705385427666,0.0,0.0,5.551115123125783e-17,0.7329842931937173,0.18518518518518517,0.29567053854276665,0.0,0.0,0.0,0.0,8,GOOD,29,11,30,30,27,10,27,10
LI-Small,1384054,22,0.7329842931937173,0.18518518518518517,0.2956705385427666,0.0,0.0,5.551115123125783e-17,0.7329842931937173,0.18518518518518517,0.29567053854276665,0.0,0.0,0.0,0.0,8,GOOD,29,11,30,30,27,10,27,10
LI-Small,1384054,23,0.7329842931937173,0.18518518518518517,0.2956705385427666,0.0,0.0,5.551115123125783e-17,0.7329842931937173,0.18518518518518517,0.29567053854276665,0.0,0.0,0.0,0.0,8,GOOD,29,11,30,30,27,10,27,10
LI-Small,1384054,24,0.7329842931937173,0.18518518518518517,0.2956705385427666,0.0,0.0,5.551115123125783e-17,0.7329842931937173,0.18518518518518517,0.29567053854276665,0.0,0.0,0.0,0.0,8,GOOD,29,11,30,30,27,10,27,10
LI-Small,1384054,25,0.7329842931937173,0.18518518518518517,0.2956705385427666,0.0,0.0,5.551115123125783e-17,0.7329842931937173,0.18518518518518517,0.29567053854276665,0.0,0.0,0.0,0.0,8,GOOD,29,11,30,30,27,10,27,10
LI-Small,1384054,26,0.7329842931937173,0.18518518518518517,0.2956705385427666,0.0,0.0,5.551115123125783e-17,0.7329842931937173,0.18518518518518517,0.29567053854276665,0.0,0.0,0.0,0.0,8,GOOD,29,11,30,30,27,10,27,10
LI-Small,1384054,27,0.7329842931937173,0.18518518518518517,0.2956705385427666,0.0,0.0,5.551115123125783e-17,0.7329842931937173,0.18518518518518517,0.29567053854276665,0.0,0.0,0.0,0.0,8,GOOD,29,11,30,30,27,10,27,10
LI-Small,1384054,28,0.7329842931937173,0.18518518518518517,0.2956705385427666,0.0,0.0,5.551115123125783e-17,0.7329842931937173,0.18518518518518517,0.29567053854276665,0.0,0.0,0.0,0.0,8,GOOD,29,11,30,30,27,10,27,10
LI-Small,1384054,29,0.7329842931937173,0.18518518518518517,0.2956705385427666,0.0,0.0,5.551115123125783e-17,0.7329842931937173,0.18518518518518517,0.29567053854276665,0.0,0.0,0.0,0.0,8,GOOD,29,11,30,30,27,10,27,10
LI-Small,1384054,30,0.7329842931937173,0.18518518518518517,0.2956705385427666,0.0,0.0,5.551115123125783e-17,0.7329842931937173,0.18518518518518517,0.29567053854276665,0.0,0.0,0.0,0.0,8,GOOD,29,11,30,30,27,10,27,10
LI-Small,1384054,31,0.7329842931937173,0.18518518518518517,0.2956705385427666,0.0,0.0,5.551115123125783e-17,0.7329842931937173,0.18518518518518517,0.29567053854276665,0.0,0.0,0.0,0.0,8,GOOD,29,11,30,30,27,10,27,10
LI-Small,1384054,32,0.7329842931937173,0.18518518518518517,0.2956705385427666,0.0,0.0,5.551115123125783e-17,0.7329842931937173,0.18518518518518517,0.29567053854276665,0.0,0.0,0.0,0.0,8,GOOD,29,11,30,30,27,10,27,10
LI-Small,1384054,33,0.7329842931937173,0.18518518518518517,0.2956705385427666,0.0,0.0,5.551115123125783e-17,0.7329842931937173,0.18518518518518517,0.29567053854276665,0.0,0.0,0.0,0.0,8,GOOD,29,11,30,30,27,10,27,10
LI-Small,1384054,34,0.7329842931937173,0.18518518518518517,0.2956705385427666,0.0,0.0,5.551115123125783e-17,0.7329842931937173,0.18518518518518517,0.29567053854276665,0.0,0.0,0.0,0.0,8,GOOD,29,11,30,30,27,10,27,10
LI-Small,1384054,35,0.7329842931937173,0.18518518518518517,0.2956705385427666,0.0,0.0,5.551115123125783e-17,0.7329842931937173,0.18518518518518517,0.29567053854276665,0.0,0.0,0.0,0.0,8,GOOD,29,11,30,30,27,10,27,10
LI-Small,1384054,36,0.7329842931937173,0.18518518518518517,0.2956705385427666,0.0,0.0,5.551115123125783e-17,0.7329842931937173,0.18518518518518517,0.29567053854276665,0.0,0.0,0.0,0.0,8,GOOD,29,11,30,30,27,10,27,10
LI-Small,1384054,37,0.7329842931937173,0.18518518518518517,0.2956705385427666,0.0,0.0,5.551115123125783e-17,0.7329842931937173,0.18518518518518517,0.29567053854276665,0.0,0.0,0.0,0.0,8,GOOD,29,11,30,30,27,10,27,10
LI-Small,1384054,38,0.7329842931937173,0.18518518518518517,0.2956705385427666,0.0,0.0,5.551115123125783e-17,0.7329842931937173,0.18518518518518517,0.29567053854276665,0.0,0.0,0.0,0.0,8,GOOD,29,11,30,30,27,10,27,10
LI-Small,1384054,39,0.7329842931937173,0.18518518518518517,0.2956705385427666,0.0,0.0,5.551115123125783e-17,0.7329842931937173,0.18518518518518517,0.29567053854276665,0.0,0.0,0.0,0.0,8,GOOD,29,11,30,30,27,10,27,10
LI-Small,1384054,40,0.7329842931937173,0.18518518518518517,0.2956705385427666,0.0,0.0,5.551115123125783e-17,0.7329842931937173,0.18518518518518517,0.29567053854276665,0.0,0.0,0.0,0.0,8,GOOD,29,11,30,30,27,10,27,10
LI-Small,1384054,41,0.7329842931937173,0.18518518518518517,0.2956705385427666,0.0,0.0,5.551115123125783e-17,0.7329842931937173,0.18518518518518517,0.29567053854276665,0.0,0.0,0.0,0.0,8,GOOD,29,11,30,30,27,10,27,10
LI-Small,1384054,42,0.7329842931937173,0.18518518518518517,0.2956705385427666,0.0,0.0,5.551115123125783e-17,0.7329842931937173,0.18518518518518517,0.29567053854276665,0.0,0.0,0.0,0.0,8,GOOD,29,11,30,30,27,10,27,10
LI-Small,1384054,43,0.7329842931937173,0.18518518518518517,0.2956705385427666,0.0,0.0,5.551115123125783e-17,0.7329842931937173,0.18518518518518517,0.29567053854276665,0.0,0.0,0.0,0.0,8,GOOD,29,11,30,30,27,10,27,10
LI-Small,1384054,44,0.7329842931937173,0.18518518518518517,0.2956705385427666,0.0,0.0,5.551115123125783e-17,0.7329842931937173,0.18518518518518517,0.29567053854276665,0.0,0.0,0.0,0.0,8,GOOD,29,11,30,30,27,10,27,10
LI-Small,1384054,45,0.7329842931937173,0.18518518518518517,0.2956705385427666,0.0,0.0,5.551115123125783e-17,0.7329842931937173,0.18518518518518517,0.29567053854276665,0.0,0.0,0.0,0.0,8,GOOD,29,11,30,30,27,10,27,10
LI-Small,1384054,46,0.7329842931937173,0.18518518518518517,0.2956705385427666,0.0,0.0,5.551115123125783e-17,0.7329842931937173,0.18518518518518517,0.29567053854276665,0.0,0.0,0.0,0.0,8,GOOD,29,11,30,30,27,10,27,10
LI-Small,1384054,47,0.7329842931937173,0.18518518518518517,0.2956705385427666,0.0,0.0,5.551115123125783e-17,0.7329842931937173,0.18518518518518517,0.29567053854276665,0.0,0.0,0.0,0.0,8,GOOD,29,11,30,30,27,10,27,10
LI-Small,1384054,48,0.7329842931937173,0.18518518518518517,0.2956705385427666,0.0,0.0,5.551115123125783e-17,0.7329842931937173,0.18518518518518517,0.29567053854276665,0.0,0.0,0.0,0.0,8,GOOD,29,11,30,30,27,10,27,10
LI-Small,1384054,49,0.7329842931937173,0.18518518518518517,0.2956705385427666,0.0,0.0,5.551115123125783e-17,0.7329842931937173,0.18518518518518517,0.29567053854276665,0.0,0.0,0.0,0.0,8,GOOD,29,11,30,30,27,10,27,10
